filename,text
NL-HaNA_1.04.02_1547_0001.xml,
NL-HaNA_1.04.02_1547_0002.xml,
NL-HaNA_1.04.02_1547_0003.xml,
NL-HaNA_1.04.02_1547_0004.xml,
NL-HaNA_1.04.02_1547_0005.xml,"Mallabaers
briefboeck"
NL-HaNA_1.04.02_1547_0006.xml,
NL-HaNA_1.04.02_1547_0007.xml,
NL-HaNA_1.04.02_1547_0008.xml,
NL-HaNA_1.04.02_1547_0009.xml,
NL-HaNA_1.04.02_1547_0010.xml,
NL-HaNA_1.04.02_1547_0011.xml,"Register der brieven
orgineel register
4 a 38 verso: Originele missive door den Commandeur Adriaen
van Ommen en den raedt op de Cust van
mallabar aende vergaderingh vande zeventiene
geschreven in dato 26 December 1694.
39 a 42 verso Copie missive vanden politicquen raedt tot Couchin
aen generael en Raden in dato 22 Januarij 1694
43 a 43 verso Extract uijt het Couchinse daghregister wegens
verscheijde saecken, soo inde sieckte als nae
het overliden vanden Commandeur van Dielen
voorgevallen, sedert 11 December 1693 tot 22
Januarij 1694.
43 verso: a 44 verso Copie missive vanden politicquen raedt op Couchin
aende vergaderingh vande Zeventiene in dato
30 December 1693.
44 verso a 45 verso Originele missive als vooren in dato 10 maert 1694
46 a 105 Copie missive vande selve aen generael en raden
in dato 25 aug: 1694
106 a 123 verso verscheijde copie brieven gewisselt tusschen s Comp:s
ƒ
Coopman babba porboe, en den Commandeur en
raedt op de Cust van Mallabar sedert 20
October tot 6 December 1694.
124 a 127 vier Olas tusschen den Commandeur Adriaen van
Ommen en den Coninck Sammorijn gewisselt
sedert 24 november tot 22 December 1694.
128 a 160 verscheyde brieven Extracten, en translaet Olas
door de bedienden tot Coijlan, den Tengapatnamse
en papieren van mallabar
overgekomen met de Retour vloot
inden Jaere 1695
a
9
ƒ"
NL-HaNA_1.04.02_1547_0012.xml,"fo 161 a 162
Resident, den Coninck kelorma den prince van
signatij en der selver ragiadoors met den Comman
deur enden raedt op mallabar gewisselt raecken
de tspolieren van s' Comp:s Logie Tengapatnam
Translaet Ola door den Commandeur Adriaen van
Ommen aende Coninginne van Atingen geschreven
in dato 18 november 1694. met het antwoort
vande gemelte Coninginne daer op.
163 a 165 vijf olas tusschen den Commandeur op de Cust van
mallabar, ende ragia van Calicoij langh gewisselt
sedert 26 October tot 14 December 1694.
166 a 170 verso Copie Instructie opgestelt doorden politicquen
raedt tot Couchin, voorden ondercoopman
matthijs Dircksz Sonsbeeck, waer nae hij hem
in sijne reijse nae de noorder Comptoiren sal
hebben te reguleren.
171 a 185 rapport gedaen door de voorn. Sonsbeeck, en den
assistent Iacob Valoth aenden provisioneel
gesaghebber Alexander Wigmans en den raedt,
op de Cust van mallabar wegens hunne ver„
rightinge ter gemelte plaetse gedateert 3 maij
1694.
186. a 197 Dito vanden provisioneel ondercoopman Louis baispel
nopende sijn verrightinge omtrent den Coningh
Sammorijn, aent Hoff van Sjawelcattoe
gedateert 6 maij 1694.
198 a 210 - Copia beright door den Capt: Luijtenant Cornelis
blicklandt, den packhuijs meester Leendert
blanckert, en den onder coopman Louis Taispel
raeckende hunne verrightinge bij de ragias
van Calicoilangh en porca.
211 a 215 rapport gedaen doorden assistent Jacob Trogh aenden Malla„
„baersen Commandeur Adriaen van Ommen —
2"
NL-HaNA_1.04.02_1547_0013.xml,"a 295
293
wegens het overrompelen van 's Comp:s Logie tot
wingurla door den mogolsen veltheer Serbatchan
gedateert ult:o november 1694.
216 a 220 verso: Copie resolutie den 26 november 1694 in raede
tot mallabar over verscheide saecken genomen
en voornamentlijck raeckende het emploieren
aende schepen Hobre, Silversteijn, en saemslagh
om eenige invendibele Coopmansz nae batavia,
all
Dale en persien te vervoeren.
en
221 a 223 verso Dito resolutie genomen int schip goudesteijn bij den
Commandeur Paulus Huntum en sijn raedt, in te
dato 4 December 1694 over het observeren der
fransche schepen &=a nevens de daer op gevolgh
de confirmatie in rade van mallabar op den
7e: dito
224 a 277 verso monsterrolle van alle s' Compe: Loontreckende
dienaren onder dato ult:o Junij 1694 op de
gansche Cust van mallabar in wesen bevonden
278 a 380 - Dito als vooren op 't schip Courtgene
Specificatie van alle Europiaense en Inlandse
familien de welcke op den 23 December 1694
inde Stadt Couchin sijn bevonden te resideren.
memorie der lasten en winsten, mitsgaders der
selver verschillen op de gesloote negotie boecken
vande Comptoiren onder 't mallabaerse
Commandement vanden Jaren 1692 tot 1693
296 a 302 — rendimenten der Coopmanschappen vercoght
sedert pmo Januarij tot ulto December 1693
op de Comptoiren onder het Commandement
van mallabar sorterende-
303 a 308 korte 'tsamentreckinge van alle Contanten
Coopmanschappen en verdere benodightheden, de
welcke sedert primo Januarij tot ultimo
281 a 292
an
ken
even
selt
alla
te"
NL-HaNA_1.04.02_1547_0014.xml,"309 a 311- Dito vant geene sedert voorn. tydt van daer
wederom is versonden.
December 1693 op alle de Comptoiren onder het
Commandement van mallabar sijn aengebraght
C:"
NL-HaNA_1.04.02_1547_0015.xml,"Register der Papieren die op
heeden door den Eheer Comman
deur adriaan van ommer
en Raad van mallabaar tot
Cochim, over Ceijlon med de van
daar vertrekkende Scheepen werden
versonden Na 't vaderland aan
d' Ed„le ho: Agtb: heeren bewint„
hebberen der Generaale Neder„
Landse g'octroijeerde Oost Indische
Compe, ter Illustre vergaderinge
Van XVij, binnen Amsterdam
2. _=o _=o
N=o 1. Een origineele missive door en aan als booven
geesz, heden gedagteekent
door den E. politicquen raad aan
als vooren, onder dato 10„' maart
anno stantij, med alle desselvs bij„
laagen agter den andren in't kleijn
gesz, en p=r 'tschip Courtgena naar
Persia versonden, om vandaar
over den gewoonen landwegh
verder addresse te erlangen; maar
overmits opgem: boodem de reijse
derwaarts niet heevd konnen
gewinnen hier weder terugge
gebragt
:
Copia missive van dagteekening 25„e aug:o deses
Iaars door den politicquen raad
tot Cochim aan haar Ho. Ed=e agtb
tot batavia gecarteert
0
N=o
3."
NL-HaNA_1.04.02_1547_0016.xml,"N=o 4.
6.
ƒ
Copia gewisselde brieven tusschen 's Comp=s koopm
baba Porboe, enden Commandeur
adriaan van ommen, en raad van
mallabaar. —
vier stx olas med den Co=s Sammorijn, en even
2
gem. Commandeur gewisseld
verscheide brieven en extracten, als translaad
alas, gewesselt tusschen de bedienden
tot Coilan, dentengapatnams resid=t,
den Co=s Celormna, prince van
signatij, derselver ragiadoors, en
Coopluijden, en den Commandeur
nevens den raad van mallabaar,
raakende het spoljeeren van
s Comp=s logie ten gapann: als ander„
sints
Copia translaat brieven bij forma van susumatie
brieven door den Commandeur
van ommen aande Coninginne
van atinge, over, en ter zaake
„ gem t
van het spotjeeren der logie „ en 't
schandigh berooven van 'sComp=s
daar jnne geweest zijnde goederen,
en zi midschaders het andeloord door
haar ho=t daar op gediend
Copia Instructie den onderCoopman matthijs
dircks: sonsbeek, en E=n adsistent
Jacob Valoth, in Commissie na de
noorder Comptoiren tot regulam=t
meede gegeven, verseld van 't
rapport door opgem: persoonen
met hun thuijs komste vande noord
op 5„e maij p=l in raade hier over gele„
verd
vyv stx verwisselde translaaten med den Com„
mandeur meergenoemd, en den
ragia van Calicothan
No. 10
5.
8.
„"
NL-HaNA_1.04.02_1547_0017.xml,"2
No. 10:
No 11.
12.
„ 13.
Copia rappont gedaan door den onderkoopman
en ragiadoor lonistaispil, aan den
politicquen raad tot Cochim in
dato 6„e maij Jongstleeden, wee„
gens desselvs verrigting omtrent
den Coningh sammorijn aan
het hoe tot sjawel Cattoe
Copias berigt door de gecommitteerdens den
Cap=n lieutenant Cornelis blikland,
den packhuijsm=rsleendert blanc„
kert, enden onderkoopman louis
taijispil, van weegens hunne —
verrigtinge omtrent de rag=t van
Calicoilan en porca, mondeling
in politicque raade alhier gedaan
d=o rapport gedaan door den adsistenten gewee„
sen resident van wingurla Iacob
trogh, rakende het overnompelen
dierlogie door den mogolsen velt
heer serbacgham, en het gevanke,
lijk op voeren van opgem: resident
naar de landen van pouda, en
andere wederwaardigheeden
meer gem:te trogh door dien heer
toegebragt
D=o resoluitie in dato 26=en 9ber anno stantij;
in raade van mallabaar getrok„
ken, belangende het Emploij„
der scheepen hobre, na batavia—
silvercleijn nagale, en saamslag
na persia, om de alhier in de pak„
huisen in vendibel leggende en ter
rugh gebragte koopmansz p=r 'tschip
Cortgena voor persia, volgens
gemaakte verdeelinge, nad'jndische
quartieren te vervoeren
No. 14"
NL-HaNA_1.04.02_1547_0018.xml,"15
16.
17.
N=o 14. Copia resolutie getrokken in 't schip goudesteyn
bij den heer Commandeur paulus —
huntum, en sijn raad, dato 4„e deser
over het op wagten der franse vijan„
delycke scheepen &=a nevens de
daarop gevolgde Confirmatie in raade
van mallabaar op den 7„' daar aan —
generaale monster rollen van alle s Comp=s loontrek„
kende Europiaanse en Inlandse
dienaaren zoodanig deselve op
ult=o Iuny deses Iaars onderhelt
malcabaars Commandement fortabel
zyn geweest, mitsgaders van 't schip
sortgena.
rolle der huys gesinnen soo van 's Comp=s getrouwden
dienaaren, als burgers binnen
de stad Cohim remorerende, op
genoomen door expresse gecomm
in dato 23=en deser —
memorien en korte aanwysingen der gener=l
lasten en winsten tot Cochim, op de
fontresse, en Comptoiren der mallab
Commanderije begreepen, gesamentlijk
en een ijder plaatse afsonderlijck,
med bijvoeginge van het geene
deselve meerder off minder zin
dan anno 1692. zedert P=mo
Ianuarij tot ult=o xber 1693 ofte
in twaalv agtereen volgende
maanden
18. D=o van alle verhandelde koopmansz ten Compt:
Cochim, Cotlang en onderhoorige resi„
„dentien, zed=t p=mo o Januarij tot
ult=o xbber 1693. med aanwijsinge
der in en uijtkoops prijse hoe veel
het rendement van de geheele
parthije
oodei
„"
NL-HaNA_1.04.02_1547_0019.xml,"No 19.
20.
dese nevenstaende 10 ste
reeckeningen syn
aen monsr:. flias
int soldij comp W.
„toir inhandight
„ 22.
N=a de briev: van den moors veltheer serbatchan
bij de briev aangehaalt mits in de industhanse
taale gesz. is kan alhier niet getranslateert
werden, dierhalven bij dessen niet overegaat
korte te saamen treckkinge van alle Contanten
gelden, koopmansz en verscheyderhande
benoodigtheeden alhier ter Caste —
dt
mallabaar zed=t p=mo Januarij —
tot ult=o xber 1693. aangebragt
korte tesaamen trekkinge van alle 't geene —
inden Iaare 1693. uit de malla„
baarse, Commanderije na diverse
plaatsen is versonden
e
10. stx origineele zoldij reeq van den sergiant
hans mighel rhee, waar op den
selven te goet slaat ƒ587. 9. 11—
een geslooten pacquetje papieren van weestmees„
teren alhier gesubschribeert aan die
tot amsterdam.
Jn de Stad Cochim den 26„e xber 1694
parkijs bedraagt, en wat advansen
p=r C=to hollands, en Jndische reductie,
daar op zijn behaald —
Cor
G
3"
NL-HaNA_1.04.02_1547_0020.xml,
NL-HaNA_1.04.02_1547_0021.xml,
NL-HaNA_1.04.02_1547_0022.xml,"Register
..
.
1
1
„
1
."
NL-HaNA_1.04.02_1547_0023.xml,"1.
Hrigineele briev
No
6
8"
NL-HaNA_1.04.02_1547_0024.xml,
NL-HaNA_1.04.02_1547_0025.xml,
NL-HaNA_1.04.02_1547_0026.xml,
NL-HaNA_1.04.02_1547_0027.xml,"4
Satria.
Aan d' Edele Hog Agbaare Heeren
De Heeren Bewindhebberen
Ter vergaderinge van XVI7. Repre¬
senteerende de Generaale Nederlandse
twe
g'oerroijeerde Oost Indische Comp=e
Amsterdam
Het was den 30:en december des Jongst
afgeweeken jaars 1693. , wanneer wij
Edee
laastmaal d' eere hadden, aan uw Ed=le
Edele Hoogh Agtbaare
gebiedende Heeren. —
Hoog
2"
NL-HaNA_1.04.02_1547_0028.xml,"Hoog Agtbaare te schrijven, en den toestand deser
kuste na de gelegentheijt des tpis kortelijk
bekend temaaken, g'addresseert geweest,
sijnde, aan den Ed=len Heer Raad Extra„
ordinair van India en Gouverneur, Thomas
van Rhee, en Raad Tot Ceijlon, om
med de keerscheepen de voerboogh en faam
uw Ed=le Hoog agtbaare, te werden toegebragt,
en dewijle wij geen reedenen hebben
aan het behouden vaaren van die boodems
ren
(:'t geen wij willen verhoopen dat god den
heere sal vergunt hebben:) te twijffelen,
soo sullen ide uuw Ed:e Hoog agtb: gunstig
welneemen het afschrivt van dien
briev deesen bij tevoegen, voorbij gaan,
en eerbiedelijk in deesen zeggen: dat
wij agtervolgens onse gedaane toezeg„
„„ginge, en hoogste verschuldigheijt, niet
nagelaaten hebben onse nader berigtingen
te vervaardigen, ende op den 10:e maart
deses"
NL-HaNA_1.04.02_1547_0029.xml,"deses Jaars p:r 'tschip Courtgena med
soodanige bijlaagen als daar toe pertineer„
„den, en 'tsaamen bij een gecopieert afte vaar„
„digen, om over den landweg van
Persia na de gebruijckelijke wijse
tot uw Ed:le hoog agtb: voortgeport
tewerden, maar nademaal het
ongeluck gehad hebben dat dien boodem
de reijse derwaarts na drie en een halve
maand suckelings, ter oorsaake van
veele ontmoete Contrarie winden
en buijten gemeen sterk om de oost
loopende stroomen, als misgiste Cours
inplaatse van de noorder Hoek
Costa dos Picos, 70. mijlen laager
en omtrent de oosthoek Pica dos hiljos
vervallen sijnde, niet hebbende konnen
krijgen, tot behoudenisse van schip,
menschen, en goed, het niet weeder
konnende
5"
NL-HaNA_1.04.02_1547_0030.xml,"konnende ophaalen, door swackheijt van volk
vermits door een extraordinaire stervte
aan het binnen waater doen al 24.
dooden, overboord geseth, en buijten die daar
aan Ziek te bedde laagen, en aght
mooren, nog maar 14. gesonde mannen
hadden, die tot de roergang bekwaam
waaren, weeder te deeser rheede gekeerd
en geluckelijk, ten aansien van het kwaade
zaijsoen, als zijnde geweest den 28:e Junij
deses Jaars in de modderbhaij gesalveert
geworden, en dienvolgende voornoemde
onse laasten briev terug gebraght
is, soo gaat deselve als nu soodanig origineel:
geteekend over, aanwelkers jnhoude ons
in alle onderdanigh:t in desen sullen
gedraagen, en wijders voortgaan om
„kennisse
uEd:le hoog agtb: na onse gehoudenisse„
tegeven, wat zederd in den dienst der
generaale
.."
NL-HaNA_1.04.02_1547_0031.xml,"6
generaale Comp: onder dit ons aan
vertrouwde mallabaars Commande„
„ment voorgevallen, en verrigt is, maakende
een begin med.
Wingurla, alwaar uw Edele Hoog agtb:
bij voor aangetoogen onse laaste
kondschappen, sal gebleeken weesen
dat des E. Comp:s logie door verrassing
van den mogolsen veldheer genaamt
serbetgham gespolieert, en den resident
Iacob Trogh gevanckelijk na de fortresse
Ponda opgevoerd geworden was, mitsga„
ders wat moeiten en debvoiren w'
in'twerk gestelt hebben gehad, soo wel
omtrent den mogol, als denselven
en den dessai, ofte heer der winguslase
landen genaamd Kempsant tot weder
overgivte van die bewooninge kost en
schaadeloos aand' E Comp:, maar soo het
ons toeschijnt, ende voor eerst niet
anders"
NL-HaNA_1.04.02_1547_0032.xml,"anders vermoedelijk zij, soo sal sulcx
soo gemackelijk niet willen volgen
aangesien voornoemden veldheer die
residentie plaatse tot een dwingelandij
van die beneeden landen vast jnpossessie
genoomen, ende med zijne krijgsvolkeren
gesterkt heevd, hebbende Egter onsen
resident na 14. ½ maanden gevankenisse
gelargeert, ende op vrije voeten gestelt,
slegts onder belofte dat wanneer hij
na het Eijndigen van het voorleeden
kwaade zaijsoen selvs jn persoon med
sijn leeger van booven uijt visiapour
aldaar soude verscheenen, ende de rebellig
dessaijs verdestrueert hebben, dan delogie
tot wingurla niet meer benoodigende
aand' E Comp. te sullen restitueeren
gelijker wijs uw Ed:le hoog agtbaare
het een en ander omstandigh gelieve
te"
NL-HaNA_1.04.02_1547_0033.xml,"te ontwaaren, bij het schrijvens van dien
moors bevelhebber in antwoord van
onsen briev geright, als het Copia
Rapport van voorsz. resident Iacob Trog
med sijn overkomste alhier op den
1=en Courant aan ons overgeleverd
tot welkers jnhoude w' ons om kort
te gaan in alle eerbiedigh:t sullen
gedraagen; de schaade of het verlies.
welke d' E Comp:e bij het over rompelen
van die logie geleeden heevt is wel van
soo een Importantie niet als maar
bedraagende p=o 79 chansofte ƒ 4793„ 8„ 2.
als wel het affrond haar Ed=le daar
door toegebraght, dog dewijle door
de geduirige omwentelingen en
beroerten dier landen door den oorlog
niet te apprehendeeren is des E Comp:s
handel jn eenige Jaaren aldaar nog
soo"
NL-HaNA_1.04.02_1547_0034.xml,"soo als het bij een vreedige regeeringe eertijts
wel geweest is zal op terigten, ende te
vertrouwen zijn, soo gelooven d' Ecomp=e
haar des teminder daar aanbehoort
geleegen te laaten weesen, dan verder als tot
voorstand van haar reght en verkreegen
prevelegie van outs de possessie van
de plaats jder tijt tevorderen, gelijk wij
ook agtervolgens de recommandatie
van haar hoog Ed:le agtb: tot Batavia
voorneemens zijn op de beste wijse
doenelijk te besorgen, ende bij een goed
succes voortaan aldaar alleen tot
bewaaringe der plaatse niet meer
dan twee â 3. jnlants: dienaaren
teleggen
-
de aanleggenige en versendinge van de
Jagtjes de Iager en Plasluijs na de landen
van Coudewaar ofte uurzee op den
1hen
febr:
17
17
17e:
O"
NL-HaNA_1.04.02_1547_0035.xml,"8
17:e februarij deses Jaars, belaaden med
verscheijde koopmanschappen om agter„
volgens de getrocken resolutie in
raade van mallabaar, onder het
beleijd en sorge van den onderkoopm:
en Cassier Matthijs Dircksz: Sonsbeek
en eerste adsistent Iacob valosh —
ten voordeele van d' E Comp: om te
setten, is uw Ed=le hoog agtb: bij
meergemelte onse onderdanigste
laaste bekend gemaakt; en dewijle
het van onse schuldigheijt is uw Ed=le
hoog agtb: in desen vervolgens te
verkondigen wat succes die versendinge
genoomen heeft, soo seggen dat gemelte
gecommitteerdens op p=mo maij —
daar aan terugh gereverteert zijnde,
van haar verrigten soodanigen relaas
ofte rapport aan ons gedaan hebben,
als"
NL-HaNA_1.04.02_1547_0036.xml,"als onder N:o 9. in Copia hier nevens
overgaat, waar bij uw Ed:le hoog agtbaare
dan sal koomen te blijcken dat door„
haar bij verhandelinge van de naarvol„
gende koopmanschappen, als.
33705. lb Jappans sraaskooper â 16 pa/o de 125. lb. . . p a/o 4314 12/5.
20972. —. Zengloot. . . . . . . . . „ 16. —: — „ 500. d=o. . . . . . „
671
1/25.
2699½. –. thin. . . . . . . . . . . . „ 45½. -. „ d=o. -. . . . . . . „
24: 1/200.
166. –. –. quik zilver. . . . . . „ 29 1/3 —. . - „ —. –. . . . . . . „
9623/377
125. –. —. vermiljoen. . . „ 300. –. . . „ —. —. . . . . . „
75.
280. -. —. foelij of macis. „ 480. — . — „ —. —. . . . . . . .
268 2/5.
250. —. —. nagelen. . . . . „ 4 65. —. . „ —. —. . . . . „ 232½.
Somma P a/o 5904. 129/900.
buijten alle ongelden, suijver voor d' Ecoup:s
geproffiteert is een somma van ƒ15293. 7. 6.
ofte p o/o 27189/900. 'tgunt in gevalle wat
vroeger inden tijt was ondernoomen ge„
worden door vertieringe der overgeblevene
goederen apparent ruijmer soude gevallen
weesen"
NL-HaNA_1.04.02_1547_0037.xml,"9
weesen, dierhalven sulkx bij ons in aan„
merkinge genoomen, ende overwoogen
zijnde de nader gedaane Jnstantien
en Eijsschen van 's Comp:s geweesen
maakelaar tot Wingurla Mortoneijck
en seeker braminees koopman gen:t
Antaweijck tot Ancola, onder het
gebied van uer zee woonagtigh, om
weederom eenige handelwhaaren temogen
bekoomen, soo ist dat wij bij resoluitie
in onsen raade ten meesten dienste
der generaale Comp:s goed gevonden
ende g'arresteert hebben, het Jagtje de
1
do
Tamboer sijnde op den 18:en novemb:r pass:o
med parthije genegotieerde slaaven
voor Ceijlon van Cabo de bona Esperanca
N19
over madagascar omsig van waater
en brandhout te voorsien dese rheede
aangegierd; deselve dienstbaare menschen
alhier"
NL-HaNA_1.04.02_1547_0038.xml,"verte
alhier aanland doen lighten en mied het
schip silversteijn voestuurt med sper„
inplaatse van opgemelte Jagtje, dat
anders, mids dien den Ed=len Heer Gouvern
Thomas van Rhee en Raad bij
haare missive de dato 8=en 9ber: passado
betuijgden onvermoogens waaren, scheeps
gelegentheijt van daar herwaarts afte
steeken, voor vaderlants retour na Ceijlon
besteld hebbende daar toe te gebruijken,
ende aftelaaden med de naargenoemde
koopmansz:, namentlijck.
125000. lb Jappans staafkoper
1000: –. nagelen
1000. –. foelij
1000. –. nooten
300. —. Caneel.
10000. —. thin
250. — vermiljoen
250. — bensjuwin
-"
NL-HaNA_1.04.02_1547_0039.xml,"10
5. —. groen laaken
150. lb champhur
5. stx. rootscharlaaken
Alsoo d' E Comp. bij omsettinge van
die handelwhaaren, prorato de fn en
uijtkoops prijse na de souratse markt
ofte prijs courant conform het g'eert
bevel van haar hoog Edele agtbaare tot
Batavia voortaan te deser kuste in't
verkoopen van 's Comp:s mercanses te
onderhouden uijtgerekent ende gecalculeert
zijnde, zuijver daar op staat tegaudeeren
een overwinste van ƒ70115„. 19. -. , en
om welkers bevorderinge naar vereijsch
tebehartigen wij dan ook med een
hebben aangestelt ende gecommitteert,
als Ervaare en bekwaame ministers,
den onderkoopman Joannes Wighmans
end' adsistenten david van Orleij, en
Iacob Trogh, want onder submissie
van"
NL-HaNA_1.04.02_1547_0040.xml,"van wijser ordeel soohet daarlijcks soo„
danigh wilde voortgaan, vrijbeeter
voor den dienst der E. Comp: agten
dat waargenomen wierd, als telkens
onderhaavig temoeten zijn de gewelde„
„narije die men soo veel Jaaren na den
anderen van de regeringe ter kuste
Janara heerd moeten Lijden, ende door geene
reedelijke middelen konnen ontgaan
werden, bijsonderlijk wanneer d' E Comp
rijs tot haare Comsumptie benodigende,
deselve althoos duurder hebben moeten
betaalen, off opgedrongen is geworden
aan teneemen, als alle particuliere
vrijigh:t hebben dat graan na de basaar
ofte markts prijse voor minder temoogen
koopen, als schijnende een poinct te weesen
waar aan de Coninginne ofte de
regering sigh g'Intresseerd vindende, niet
light, volgens koopmans stijl, aan ander
buijtende"
NL-HaNA_1.04.02_1547_0041.xml,"11
buijtende hovs:n gesinde dat voorregt sullen
overlaaten, waar toe geloove alleen
tot een genogsaam bewijs sal moogen
verstrecken het Jongst: geslooten Contract
bij wijlen den Eh:r Commandeur
Isaac van Dielen zal:r, in zijn
Epersooneel aanweesen daar ter
kuste, tusschen die vorstinne en
dE Comp., want niet alleen dat 'er
gefaljeert is, als uw Ed:le hoog agtb:
reets gecommuniceert is, in't afhaalen
van de gecontracteerde handelwhaaren,
maar ook volgens het schrijvens
van den aldaar gelegden resident
hendrik Wijnhout, wanneer men
meinde, gelijk den jnhoude van 't voorsz:
Contract aantoond dat verkreegen
was een vrije en onbekommerden
handel buijten bemoeijenis vande
regering"
NL-HaNA_1.04.02_1547_0042.xml,"regering med een ijgelijk koopman te mogen
drijven, ervaaren en ondervonden geworden
is, hoeleelijck men daar omtrent bedroogen
geraakt, en alle arbeijd, moeijten, en kosten
daar aanbesteed te vergeevs en vrugteloos
uijtgevallen sijn, want gelijk voorw:ts
hebben gementionneert de gecommitt:s
Sonsbeek en valoth in haare opreijse
na mir zee bij de Jnstructie tot
haar regulament meede gegeven
soo Ernstelijk gerecommandeert zijnde
150. Lasten rijs tot hoognoodig behoev
voor dese stad, en onderhoorige Comptoir
te besorgen, het den resident wijnhout
ondoenelijk is geweest, deselve vergroot tot
200. lasten minder tebedingen ofte
intekoopen dan, Conform de voorleeden
Jaarse prijse van 17. pa/o 'tlast, buijten
de vraghtloonen van 3 1/3. p a/o p:r tlast,
die"
NL-HaNA_1.04.02_1547_0043.xml,"12
die aan Jnlantsz barcque voor den
overvoer alhier hebben moeten betaald
werden, sulcx dat het last vandien
Corl d' EComp: komt te staan op onge„
„vaar de 22. pagooden, dat seeker vrij
duur is, maar waar teegen desaaken
soodanig leggende niet anders te zeggen
valt, als voor den dienst der generaale
Comp:s tewenschen med de negotie
Jn dat rijk anders geschaapen mogte
weesen, dogh zulkx niet sijnde, en
'tgunt haar hoog Ed:le agtb: de hoogh
Jndische regeeringh tot batavia, Jnsgel:te
wel begreepen hebbende, bij haar hoog
Ed:le agtb: g'eerde missive onder dato
20:en aug:o passado ons hebben.
gelieven aan te beveelen, dat Comptoir,
als van geen nuth meer voor d' E.
Comp:s weder opte ligten, ofte Immers
tot"
NL-HaNA_1.04.02_1547_0044.xml,"tot soo lange het een of ander expedient
sal konnen uijtbedagt worden, om eenigh
beterschap dier weegen aante treffen, en het
belang van d' E Comp: med meerder voordee
aandien oirt vast tesetten, soodanigh
wij dan ook voorneemens zijn eerstdaa
telaaten effect sorteeren, hoewel des niet
temin tot overtuijginge van des E Comp:s
opregte handelingen, en men gewoon
is zijn gegeven woord en belofte te houd
ende na te koomen, bijsonderlijk in alle
schriftelijke aangegaane verbonden om
noijt dierweegen temoogen gelaakt ofte
kwaalijk van gesprooken tewerden, de
twee Eliphantjes bij het Jongste Contract
de Coninginne en rijcxbestierder belooft
daar op het verleeden jaar van Ceijlon ont„
booden, en med het schip den EEenhoorn
inde maand maart deses Jaars hier overge
bragt weesende, med de eerste gelegenth:t
en"
NL-HaNA_1.04.02_1547_0045.xml,"13
Jn conformite van haar hoog Edele
agtbaare tot batavia groot g'aght bevel„
en goede Intentie, derwaarts meinen
te senden, en haar hoogheeden toe te voegen;
Inmiddens die onaangenaame materie
voor bij stappende, treeden over tot
Cananoor, van waarw' uw Ed:le hoog agtbaare
tegenwoordig niet anders konnen bedeijlen,
als dat de fortificatie werken, pack„ en
woonhuijsen soo seer vervallen sijnde, wij
geresolveert hebben den koopman en
opperhooft van die vesting, adam van der
duijn, herwaarts 't' ontbieden bij occagie
dat ons onderhoorig Jagtje de Iager
belaaden med verscheijde koopmansz:
en behoevtigheeden op den 28:' gp:n pass=do
derwaarts gedemitteert, staat tere„
tourneeren, om agtervolgens de bevoeginge
van haar hoog Edele agtbaare tot batavia
van den selven niet alleen dierweegen,
maar"
NL-HaNA_1.04.02_1547_0046.xml,"maar ook den staad en gelegenth:t der
negotie mitsgaders, de apparentie die 'er
mogte sijn daar jnne eenige verbeteringe
temaaken, de regte informatie genoomen
hebbende, dan bekwaam temogen zijn
uw Ed:le hoog agtbaare daar van ten
naasten schuldige wetenschap tegeven,
en bij ons sal goed gevonden werden ten
meesten dienste der EComp: daar toe
werkstelligh te ordonneeren, gelijk ook
van de stad.
Cochim, aangesien den Commandeur Adriaan
van ommen bij haar hoog Edele
agtbaare tot Batavia g'eligeert
en aangestelt sijnde tot Commandeur
om Jnplaatse van den overleeden heer
Isaac van Dielen zal:r, het
hoovt bestier te deser kuste waar tenemen
den 11:e november des Jongst afgeweeken
maands med het fluijt schip Hsobree eers
hier"
NL-HaNA_1.04.02_1547_0047.xml,"14
hier aangekoomen, tot nogh geen tijt
genogh gehad heevd van alles, gelijk
dat wel behoord, en ook voorneemd zijn
meeste werk van temaaken, in
betragtinge van den waaren dienst
der generaale Comp:, en voldoeninge
na
der last en ordre van welgem:
haar Hoog Ed=le tot Batavia
occulaare Jnspectie, soo wel raakende
het repareeren der vervallene fortificatie
werken, als de negotie en andere zaaken
teneemen, soo willen wij verhoopen dat
uw Ed:le hoog agtbaare haar gunstelijk
sullen gelieven te vergenoegen dat
hij sulcx verschuijvd, ende gereserveert
houd ten naasten na sijn hoogste
gehoudenisse te volbrengen, ende daar
van inde aanstaande maanden
van februarij ofte maart over den
gewoonen"
NL-HaNA_1.04.02_1547_0048.xml,"gewoonen landweg van persia een waar
berigt te doen, gelijck ook aan welgedagte
haar hoog Edele agtbaare tot batavia
med de eerste occagie daar toe occu
„reerende. Jnmiddens dat wij evenwe
soo kort niet moogen afbreeken off onse
schuldigh:t gebied van dese en geene
saaken wat aan te haalen, voor Eerst
van onse ontmoetinge en verhandelinge
med den Coninck van Cochim; na
dat den commandeur dan, gelijck
vooren geseght hier g'arriveerd was, ende
volgens de gebruijkelijke wijse zijn
aankomste meest alle d'om en bij„
gelegene mallabaarse Coningen
en vorsten door afgevaardigde olas
had doen bekend maaken, soo liet den
Conink van Cochim sijn E. versoecken
hem aan sijn ordinair hov alhier buijten
de"
NL-HaNA_1.04.02_1547_0049.xml,"15
de stad te willen komen ontmoeten,
terwijle de rouw Ceremonien weegens
de Jongst overleedene Coninginne doen
nog niet g'eijndight sijnde, volgens haar
weth, onvermoogens was selvs binnen
de stad te verscheijnen, waar toe dan
dog en uure weeder zijts g'accordeert
sijnde, soo is den Commandeur op den
26:en pass:o, na dat eenige daagen
bevoorens door sijne Expres afgesondene
Ragiadoor begroet en verwelkomt
geworden was, verseld van de leeden
uijt den politicquen Raad inpersoon
bij sijn hoogh:t geweest, Leverende,
weinig geseeten, ende eenige reedenen
van Conplimenten voor afgegaan
weesende, aan den selven over, de
missive door den hoog Ed=len heere Gouvern:r
generaal, in antwoord van zijn
hoogh=ts
G"
NL-HaNA_1.04.02_1547_0050.xml,"hoog:ts afgevaardigd schrijvens gecarteert, nevens
de schenckagie goederen, welke uijt den
naame van d' E Comp: daarbij voor zijn
„hoogh:t geschickt, en eenige kleenigheeden
daartoe bij ons nogh gesuppleert waaren
bestaande uijt de naarvolgende.
Een goude ketting med een Juweel, beset med
peerlen en Ed:le gesteente
Een stuk off 24. @. jurper goude moirha
een d„o of 64. –. holl. fluweel aurora Colour
220. lb gesorteerde specerijen, nagelen, foelij, en
nooten
627. „ sandelhout
2. fijne snaphaanen
2. vergulde Carbijns
2. Cassen roosenwaater
nawelkers ontvang en wegdraaginge,
mitsgaders dat hem den Inhout van
voormelte briev door onse ordinaire
hoe"
NL-HaNA_1.04.02_1547_0051.xml,"16
hoe gecommitteerde ofte ragiadoor den
onderkoopman Louis taijspil uijt de
portugeese in de mallabaarse taale versolkt,
ende te verstaan gegeven was, betuijgde groote,
lijcks daar over vergenoegd ende verbleijd te
weesen, med goede toesegginge en belofte,
dat dien weldaad en agtinge die d' E Comp:
voor zijn persoon gedaan ende bethoonde
te hebben, althoos te zullen erkennen
door zijn selven te beijveren de rijkx belan„
„gen na het waare oogmerk en welweesen
van haar Ed=le ende zijn onder laaten
te behertigen, als verseekerd sijnde dat d'E
Comp:e hem dan noit soude verlaaten,
nog mancqueeren teegen alle zijne
vijanden en qutwillige te protigeeren, jn„
voegen zijn ho:t een wijle tijts herwaarts
ofte zeedert het overlijden van den oud h=r
Commandeur Isaac van Dielen
Zal:r"
NL-HaNA_1.04.02_1547_0052.xml,"zal:r het tegendeel tot zijn verdried, en groot
hart zeer had moeten lijden, daarvan hij
nu med de overkomste van een nieuwen
heer Commandeur verhoopte dat gerust
gestelt, ende voortaan bevrijd soude weesen
waarbij wel ten principaalen te verslaan
gaff de verongelijckinge en gewelt, welke
door den sammorijn med hem te ontrecken
de sterckte van scherlevta, en deselve
strijdigh tegens 'tlaast geslooten contract
tusschen den hoog Ed=len heere Commissaris
Hendrik Adriaan van Reede
tot draakensteijn, heere van Mijdreght
&:a Z: m:)/ en den sammorijn weder
over tegeven aan den verdreeven en rebellige
noorderheer aijnecoettij Nambeddij en
alsoo den selven in sijne volle besittinge
sonder kennisse ofte weeten van zijn ho:t
off d' EComp: weeder in teroepen
en"
NL-HaNA_1.04.02_1547_0053.xml,"17
en te herstellen, willende verhoopen dat
haar Ed:le hem in alle billickh:t daar
tegen majntineeren ende tragten zoude,
dat hij in zijn reght niet verkort wierde,
maar de heerschappje over gemelte
sterkte inhanden kwam te krijgen
„
med belofte sig daar op verlaatende, ook
niets feijtelijkx dierweegen tegen den
sammorijn, als anders voor't belangh
van zijn rijk wel konde koomen te
vereijsschen temoeten geschieden, en alsoo
zijn reght door de waapenen te bewaaren,
buijten voorkennisse en toestaan van
d' E Comp:e te zullen onderneemen,
te
'tgund hem van ons med kragt daadige
woorden beloovd, ende verdre reedenen
ten propooste dienende g'animeert
sijnde, voor datmaal afscheijd van den
anderen naamen, laatende de verhande„
„linge"
NL-HaNA_1.04.02_1547_0054.xml,"„linge der zaaken ten principaale tot
een beeter gelegentheyt uijtgestelt
blijven, jnmiddens dat den koningh
sammorijn meede zijn afgesant van
Pananij, alwaar zig tegenwoordigh
ophoud herwaarts gedemitteert, ende den
4=en deeser. daar aan binnen
de stad en voor ons verscheenen sijnde,
was de gehoude 'tsaamen spraake med
den selven ook maar geright tot
aflegginge van zijn meesters groete,
en betuijginge van genoegen over de
aankomste van den Command=r,
mitschaders sig t'excuseeren van dat
sijn maij:t op ons gedaan versoek niet
konde tot Cranganoor aan zijn Hov
aldaar afkoomen, om gelijk w' anders
voorneemens waaren door den Command
persoonelijk ontmoet, ende verhandreijkt
tewerden"
NL-HaNA_1.04.02_1547_0055.xml,"18
te werden de briev, en schenckagie ins ge„
„lijcx door haar Hoog Edele Agtbaare
tot Batavia sijn maijesteijt toe
g'eijgend, genoomen in
1. p:s goude kettingh, en
1. —. Juweel tot d:o kettingh, med esma„
„randen, robijnen, en diamanten
beset, en 4. moijepaar peerlen.
ten dien eijnde in rescriptie van de
onse meede brengende soodanigen ola,
als derselver translaaten, onder N. o 5„
deesen bijgevoegd, uw Ed:le hoog agtbaare
sullen koomen te verthoonen, en tot
welkers jnhoude w' ons in eerbiedigh:t
gedraagen, de voornaame oorsaake
van dien was dat sijn m:r g'occupeert
sijnde med de noodige voorbereijdselen
tot het vieren van het twaalv Jaarig
feestgenaamd Mamanga, dat nu
haast voor handen stonde, te besorgen,
sigh"
NL-HaNA_1.04.02_1547_0056.xml,"sig onmoogelijk tot de afreijse na Crangan
„konde verleedigen, ende daarom nood zaa
„kelijk moste uijtgesteld blijven tot na het
eijndigen van dat groote feest, 't geen
door sijn maij:ts presentie alleen, en
niet anders konde verheerlijkt sijn, dat
dan niet eer staat te geschieden als tegen
de maand van februarij of maart
aanstaande Jaar, tenwaare den
-
Commandeur gelijk sijn ho:t komt te
versoecken zig verleedigen konde in p:r soon
naar Pananij te vertrecken om zijn
maij:t aan desselfs hoe aldaar te begroeten
dogh het welke med de Constitutie
der tijden en zaaken omtrent zuijder
mallabaar die meerder presseeren
niet konnende over eengebragt ende geschil
werden, tot dien tijt dan, hoe wel ongaan
gedrongen sullen zijn veele zaaken
die"
NL-HaNA_1.04.02_1547_0057.xml,"19
die med den sammorijn voor het Intrest
en belang der generaale Comp: te verhandelen
hebben, opgeschort tehouden; behalven
Egter van soodanigen nature die geen
uijtstel komen te lijden, ende voort dienen
bij derhand genoomen, ende uijtgevoerd
tewerden, bijsonderlijk het afdoen der
soo lange gedraalde verschillen med de
Coninginne van Atingen, over
bondbreuke med het Jnroepen en
admitteeren der Engelse in haar Rijk
tot voortsettinge van een wije negotie,
als veele andere onbehoorlijkheeden
en geweldenarijen meer, successivelijk
d' E Comp. toegebraght; soo wel door het
arresteeren ende aanhouden van
verscheijde 'sComp:s passeerende vaartuijgen
en goederen, mitsgaders een Eliphant,
welke voor den ammorijn 's Comp:s
weegen uijt Jaffanapatnam overgesonden
was"
NL-HaNA_1.04.02_1547_0058.xml,"was, ende laastelijk, 't gunt wel 't swaar„
„ste komt teweegen, het spolieeren en
uijtplunderen van des EComp:s Logie
tot Tengapatnam, gehoorende onder
het Rijck van Trevancoor, d'uijtterst
Zuijder li niet paal van dese onse
commanderije geschiet sijnde op den
28:en Aug:o deses Jaars, door ordre
en bevel van voorn: halsterrige Co:
doende door een Ragiadoor en 50. —
gewaapende Nairos ten dien Eijnde—
expresselijk afgeright, die bewooningh.
residentie plaatse schierlijk becingelen,
en voorts alle d' EComp:s middelen
en effecten, bestaande in
3257. rx=rs in contant
809. lb. netto thin
1001. „ spiaulter
20. p:s chianderwanijs
20. roederwanijs. —
behalven"
NL-HaNA_1.04.02_1547_0059.xml,"20
behalven nog de huijsmeubelen bedragende
in gelde ƒ 108. 8. 12.
daar uijt geweldelijk ten roove weg gedragen
twee
en onsen resident Ioan Bartelsz: als
gevangen daar binnen blijven, sonder
tekonnen weeten door wien haar
onder s Comp:s bedienden reedenen tot sulk
een vermeeten daat, en openbaare vijande„
„lijke actie gegeven mogte weesen, want
wanneer wij den Coningh van
trevancoor genaamd Kelorma, als
onder wiens gebied de saake voorgevallen
weesende dierweegen protesteerende wijse
kwaamen aan te spreeken, absoluitelijk
jgnoreerde van dat gepasseerde eenige
de minste kennisse ofte tot sulkx toe„
gestaan te hebben, dienvolgende noodzaa„
„kelijk door last van de atingse vorstinne
geschied moste sijn, en wij ook daar
aan geen de minste twijffel stellen,
als"
NL-HaNA_1.04.02_1547_0060.xml,"als kennende haar wispeltuurigen aard, en
spooreloosheeden, med alle reeden bescheijden
„heijt en ontsag voor d' E Comp: aan een
zeijde gesteld en geen vreese meer ovrigh
te hebben, waarover wel meriteeren
soude een regtmaatige straffe ofte gevoe„
„lige neep, maar gelijkerwijs haar hoogh
Edele agtbaare tot Batavia Lievst
saagen, ende ons believd hebben aan te
beveelen, de discrepantien en oneenig„
heeden med de mallabaarse landsvorsten
door een goede directie eerder bij weegen
van minnelijkh:t dat het gebruijk der
wapenen, g'assopieert, ende verdraagen wierden
als besk med het Jntrect van d' E Comp:
en koopmans stijl over eenkoomende, het
geen ook in der daat soodanig is, ende bij
ons moet begreepen ende werk stelligh
gemaakt werden, soo heevt het den
Commandeur"
NL-HaNA_1.04.02_1547_0061.xml,"21
Commandeur goed gedagt tot bereijk van
dat goed oogwith en in observantie.
van welgem: haar hoog Ed:e agtbaare
Jntentie een ola briev, med Communicatie
van Raade aan die vorstinne te
laaten afgaan, geright sijnde bij forma
van een Insinuatie, waar bij haar ho:t
insagte termen van voor aangevoogen
haare kwaade bedrijven vermaand, ende
versoght werd tot de redelijckheijt tekeeren,
d' E Comp: een behoorlijke genoegdoeninge
tegeven, ende wijders tebetragten dat
voortaan tusschen haar hoogh: t en de
generaale Comp. , navolgens den jnhoude
der successive opgerigte Contracten, een
opregte vriendschap en harmonie mogte
werden onderhouden, soo niet anders
wilde afwagten, d' onheijlen die ten na„
deele van haar Rijk, en ondersaaten
konde"
NL-HaNA_1.04.02_1547_0062.xml,"konde te resolteeren, invoegen uw Ed:le hoog
agtbaare uijt het nevens gaande copia
translaat van dien briev genomb:t 7. —
nader kan koomen te blijcken, als meede
bij het daar op bekoomen andwoord onder
dieselvde nomber bij een gecoppieert
blijken sal haar hoogh=ts bereijdwillige
aanbiedinge om d' E Comp: in alles
satisfactie tegeven, werdende ook nader
bevestight ende geconfirmeert van de
trevancoorse Coning kelorma bij zijn
ola op den 13:en deses aan den Command
gesz: en desen almeede in Copia bijge„
m
voegd, het geen bij ons in consideratie
getrocken en de saaken wel overlegd zijnde
geraaden hebben g'aght, ten aansien den
Coning sammorijn meede in de zaaken
is g'jntresseert, in cas der outhouding
van sijn Eliphant med voorgedagten
afgesant"
NL-HaNA_1.04.02_1547_0063.xml,"22
afgesant van sijn maijesteijt niet alleen
dierweegen te spreeken, maar ook aan
den selven med het terug depeschieeren
van dien afgesant te schrijven, ende de
presentatie van de Co:s van atingen
daar bij te vertoonen, med versoek dat zijn
maij:t om tot een tractatie tekomen
hoe eerder best, twee van zijne vertrouwde
Ragiadoors, terwijle med hem selvs om
voorwaarts gementioneerde beletselen
niet mogten confereeren, herwaarts
believde afteschicken, om med den
anderen g'abouscheert hebbende, een
heijsaam besluijt temaaken, en dan
med de saaken voortvaarende, daar van
ten beste doenelijk een eijnde temaaken;
wat bescheijd nu daar op staat tevolgen
sal den tijt leeren, en sal bij den com„
mandeur werden afgewaght, om als dan
na"
NL-HaNA_1.04.02_1547_0064.xml,"na sijn E. voorneemen, en het afvaardigen
deses sig persoonelijk na de Luijt te
transporteeren, en aldaar aanweesen de
de vereijschte middelen bij der hand tenen
de geschillen med de Coninginne van
atingen inder minne en bestervoegen
bij teleggen, en te beslissen, en twelk wij
willen verhoopen van een goed succes sal
agtervolgd werden, en wij de eere sullen
hebben uw Ed:le hoog agtb: sulx ten
naasten temoogen verkondigen, gelijk ook dat
door onse mediatie de onstaane onluste
en krackeelen tusschen de vorstinne van
atingen, den vrij heer Poele debariam
en de Coningen van Calicoilangh
en signatij, sullen weg genoomen,
ende de parthijen bereets tot feitelijkheijt
van waapenen uijtgebarsten sijnde, en
nog Continueerende, te doen vereenigen
hoewel
10"
NL-HaNA_1.04.02_1547_0065.xml,"23
hoe wel den Calicoijlander het liever anders
wenschte en zoude willen zien, dat d' E
Comp. med hem geconjongeert die vorstinne
alvoorens de dispuiten med de Coningen
van Cochim en porka door toe doen
van d' EComp: beslegd zijnde; gewelde,
„lijck aangelast wierde, om alsoo occagie
tevinden sijn wraaklust te voldoen, ende
sig te revengieeren, over de aangedaane hoon
en smaat in zijn Jongste aanwesendheijt
aan het hov van atinga, weegens het
reght van Elextie tot de kroone van
het rijk van peritalij, dat den Calicoilander
Competeerende, egter door de Coninginne
van atinga, door een affront van hem
haar ho:t toegebragt onttrocken, ende den
Coning van trevancoor kelorma toegevoegd
geworden is, ofte tmmers gaarne soude willen
dat geschiede, gelijk ingevalle het konde
med den dienst der generaale Comp:e
werden over een gebragt, de waapen te gebruijken
een"
NL-HaNA_1.04.02_1547_0066.xml,"een gewenschte occagie gebooren souden
zijn de begeerte van dien Coning toe te staan„
en inte volgen, maar zulcx niet sijnde
en ons voorneemen anders leggende, soo
dunkt ons, onder correctie van uw Ed:e
hoog agtbaare welduijden, beeter teweesen
men ons als in den beginne geseght niet
verder laat gebruijcken, verstaande eerst
genog doen de satisfactie van de Coninginne
van atingen erlangd hebbende, als
bemiddelaars tusschen den een en andere
twistende partijen, om alsoo eenmaal
die tsaamen, was het moogelijk, te doen
eens werden, ende in een goed verstand
brengen, soo wel tot besittinge van een
algemeene ruste, als bevorderinge van
des E Comp: s negotie, waar jnne voor„
namentlijk haar Ed=le welvaard, en
jntreste geleegen leijd, dog soodanigh niet
willende volgen ons verder med de
saaken niet te bemoeijen, maar sonder
inwickelinge"
NL-HaNA_1.04.02_1547_0067.xml,"24
inwickelinge tot haare onderlinge krackeelen
stille te houden, laatende hun daar mede
soodanigh geraaden sullen vinden om„
springen, maar dan sal het ook van
ons werk moeten laaten sijn, gelijk ook
meinen te besorgen, ingevolge der
recommandatie van haar hoog Edele
nex
Agtb: tot batavia, 't geen 'er nogh tusschen
d' E Comp. , en de ragia van marta,
en Carambalij te beslissen openstaat, en
onafgedaan is, almeede niet dan als bij
weegen van minnelijkh:t over het berooven
en wegneemen van vijx Canon stuckjes
van 's Comp:s verongeluckte chialoup—
Parna anno 1689. aan zijn ho:rs stranden,
en waar van door eenige tusschen
vallen in den laast gevoerden oorlog tegen
den Calicoilander niet heevd konnen
weesen, gelijk d' Jntentie van den —
overleeden"
NL-HaNA_1.04.02_1547_0068.xml,"overleeden oud heer Command:j van Dielen
zal:r Lag med een satisfactie tevorderen,
niet twijffelende off dien vorst ziende
mo
d' EComp:e med den Coningh van
Calicoijlang sijn naaste buurman
de zaaken soo wel beleijd, ende med
de Coninginne van Atingen, en
andere desselvs vijanden bij succes van
een verhoopende eijnde bevreedigd te hebben,
off sal haar Ed:le sonder veel moeijte
genog doen, ende sig daar omtrent jn
reedelijkheijt laaten vinden.
Hoedanig de zaaken tusschen den sammorijn
en den Coning van Cochim hebben gestaan
om na alle apparentie den anderen vijande„
„lijck aante lasten, en wat bekommeringe
sulkx en om het werk in ballans te houden
ende de gestoorde gemoederen tot stilstand te
brengen, ende daarvan te doen afsien
in ons verwekt heevd gehad, himmers tot
soo"
NL-HaNA_1.04.02_1547_0069.xml,"25
soo lange men van haar Ho: Ed:le agtb=re
ordres dien belangende, dan wel med een
ander H:r Commandeur jn plaetse van
den overleedene souden voorsien zijn, sal
uw Ed:e hoog agtb: bij meermaals
geciteerde ons laaste onderdanigh
schrijvens genogsaam koomen te blijcken,
ende ook bij het afschrivt van onse
missive naderhand, ofte op den 25:e aug:o
deses Jaars, med de scheepen over chormandel
voort gesonden te werden, na batavia
gecarteerd, en onder N:o 3. desen
versellende (des niet verveelende:) konnen
vernoomen werden onse geringe debvoiren,
den sammorijn soo verre ter needer
tesetten dat ons dierweegen wat beter
gerust hebben moogen stellen, en
van die beswaarnisse, geconsidereert
de geschaapenth:t des tijts doenmaals
soo"
NL-HaNA_1.04.02_1547_0070.xml,"soo verre te ontslaan dat, volgens het gedan
Rapport van den onderkoopman en
Ragiacoor Louis Taijspil, expres op 't ont„
„bod van den sammorijn bij sijn maij:t
geweest zijnde. onder N:o 10. hierbij gevoer
niet alleen sijne reets uijtgesette troepen
tegenden cochimsen coningh terug
laaten roepen, maar ook beloovd ende
aangenoomen heevd niets vijandelijcx
daar tegen te sullen tenteeren, maar
sig stil houden, tot welkers Inhoude
niet alleen die materie betreffende, maar
ook veele andere saaken in den dienst der
EComp:e voorgevallen, ende bij den
raad waar genoomen, ons med eerbied
sullen gedraagen, en verder in deesen
daar toe alleen nog zeggen, dat in gevall:
wanneer de tijt gebooren sal weesen
wij medden Jammorijn in onderhandeling
van"
NL-HaNA_1.04.02_1547_0071.xml,"26
van saaken zullen koomen te treeden
ende de oneffenheeden tusschen dien vorst
en den Cochims Croondraager niet
anders ofte door't opregten van een nieuwe
vreede verbont tusschen den anderen waaren
weg teneemen ende tot stilstand te brengen,
liever dan sien te betragten nied weder
zijts genoegen ten minsten een treeves
voor eenige Jaaren getroffen konde
werden, alsoo het selve, onder verbeteringe
van wijser oordeel, het beste middel
agten te zijn om die twee magtige
„ soo
vorsten „ inrust en vreede te doen
Continueeren, en ook vervolgens bij
verlenginge soodanig zoude konnen
onderhouden werden, want niet ligt
te gelooven is, dat daar anders een
volkoomen versoeninge of Eeuwigh
duurende vreede, ten aansien den al
ouden haat inbeijde gemoederen te verre
ingewortelt
ge"
NL-HaNA_1.04.02_1547_0072.xml,"ingewortelt, en qualijk weeder uijt te
roeijen sijnde, sal konnen verkreegen werden
dog dewijle den sammorijn med de besitt
ge der Cranganoorse landen, volgens
de Instructie bij wijlen den hoog Ed=len
Heer Commissaris (:m:) anno 1691
alhier nagelaaten, als het vernieuwt
Contract tusschen de generaale Comp:s
en dien vorst in dat selvde daar, soo veel
tenader en magtiger buurman
geworden is, en men niet te voorsigtigh
kan sijn tegens desselvs laagen bij Een
schierlijcke veranderinge inder tijt te
waaken, en insulk een geval den
selven soo veel te beeter te konnen
theugelen en beletten, dat niets ten
&
nadeele van d' E Comp. en 'trijk van
Cochim zoude moogen temiteeren, soo
hebben haar hoog Ed:le agtb:r tot batavia
ons expresselijk gelieve aan te beveelen
de fortresse,"
NL-HaNA_1.04.02_1547_0073.xml,"3
27
de fortresse aldaar, op soo een voornaame
frontuur plaatse geleegen, med meerder
manschap te verstercken, ende voortaan
ten minsten door 50. Europiaanse
koppen, onder een wacker Hooft
officier, te doen versorgen, gelijk ook
bereijts soodanigh opgevoght ende geschiet
Hoedanig den handel eenige Jaaren
-
herwaarts, volgens de Instellinge van
den hoog Edelen heere Commissaris
Hendrik adriaan van Rheede
tot draakensteijn, heere van Mijdreght,
&=a Z: m:) te deser kuste gedreeven
is, door den welbekenden Coopman
babba Porboe, agten onnoodigh in
deesen te herhaalen, om uw Ed:le hoog
agtbaare inhaare swaarwigtige besig„
„heeden daar meede niet te vermoeijlijcken,
alsoo bij veele brieven en geschrivten
successivelj
is;"
NL-HaNA_1.04.02_1547_0074.xml,"successivelijk dien aanbelangende, gesz:
soo wel aan uw Ed=le hoog agtbaare,
als de heeren van de hooge regeeringe tot
batavia sulkx ten overvloede en genog„
saam vervat staat, en uw Ed:le hoog agtb:
welbewust zal zijn, ende nu nader
bij vooraangeroerde Copia missive
dato 25:en aug:o pass:o van hier naar
batavia gesonden, 'tselve niet alleen
sullen gelieven t'ontwaaren, dat de gantsch
negotie soo wel in leverantie, als vertier
van 's Comp:s koopmanschappen tot
nog op dien selvden voet niet alleen
is onder houden geworden, maar ook
dat welgedagte haar hoog Edele agtb:
tot batavia ons hebben believen
te ordonneeren voortaan, en tot nader
ordre toe, ook daarbij te blijven Conti„
„nueeren, en voornoemden koopman
babba niet dan bij weegen van minne
en"
NL-HaNA_1.04.02_1547_0075.xml,"28.
en vriendschap te bejegenen, mitsgaders
alle moogelijke Carresse aan te doen,
ende 'tselvde respect en aansien
dat bevoorens gehad heevd, als noch
aan hem tebewijsen, ten eijnde alsoo
med Jagtigheijt handelende, den selven
te seen van Pananij, alwaar hij sig
nu ruijm twee Jaaren, onder het
beschut vanden ammorijn opgehouden
heerd, te beweegen herwaarts afte koomen,
als g'oordeeld sijnde debekwaamste
en veijligste weg teweesen, om te
besorgen dat hij eenmaal tot afreeke„
„ning koomende d' E Comp. mag vol„
doeninge geven, ende sijn agterstal
ofte debet bedraagende soo aanmerc„
kelijken somma van ƒ133614. 13. 9.
gelijck wij dan Jnschuldige opvolginge
Edle
der g'eerde ordres van haar hoog Ed
uwo
agtb:r"
NL-HaNA_1.04.02_1547_0076.xml,"agtb: tot batavia ook niet hebben
nagelaaten onse debvoiren en gedagten
daar heenen tewenden, ende dikwijlen
soo wel bevoorens bij den raad, als nader„
hand med de verschijninge van den
Commandeur door afvaardigen van
„brieven hem daar toe beleevdelijck te
versoecken, Ja selvs op het vertrouwen van
ons woord in onse qualiteijt te versee„
„keren dat hem, soo al eenig misnoegen
ofte wantrouwen, dat hem door d'een
off ander soude konnen gegeven sijn
,
mogte opgevat, en daarom afgeschrikt
zij sig herwaarts aante begeeven, geen
het alderminste leed ofte kwaad stond
over tekoomen off te geschieden, maar
jnteegendeel niet anders had te verwagten
dan een volkoomen genoege, eere, en
respect, als bij tijden van den hoog Ed=len
heere"
NL-HaNA_1.04.02_1547_0077.xml,"29
heere Commissaris (L: m:) aan hem
toegebraght en beweesen was geworden,
laatende den Inhoude van onse
brieven ten principaalen gerigt sijn,
om neevens hem, en door adsistentie
van sijne kundigheijt, en bekoomen
ervaarenth:t der teegenwoordige mallab:se
verwarringen, en landsaaken, niet
alleen de gereese geschillen tusschen
d'EComp:e, ende Coninginne van
atingen, als hier vooren onder die
materie reets geseght is, te eerder
tot een goed eijnde te bellijden ende te
verrigten, maar ook bijsonderlijk weegens
den staat en opwackeringe van 's Comp:s
negotie med den selven te confrereeren,
en alsoo den een en ander aanbelangende
een heijlsaambesluijt teneemen, ende
het beste voor den dienst der E Comp.
te betragten"
NL-HaNA_1.04.02_1547_0078.xml,"te betragten, Jnvoegen de versellende afschriven
van voorsz: onse brieven onder N:o 4. bij
'tregister bekend, daar van breeder
koomen temelden, waar toe ons in
alle onderdanigh:t gedraagen, als meede
aan sijne andwoorden jnsgelijcx in copia
onder deselvde nomber desen bijgevoegd
wat ons telckens daar op toegevoeght
heevd, ende door wat voorwendselen,
soo het ons toescheijnd soekt op te houden,
ende sijn komste te vertraagen, dog wat
hij nu op ons laaste schrijvens, waar
in soo Eervistig versoght werd, ingeselschap
van de gerequireerde ragiadoors van den
sammorijn meede tewillen overkoomen,
sal antwoorden, moet den tijt leeren;
ondertusschen dat wij eevenwel, mits
het verloop des tijts, en om dat de zaaken
geen langer uijtstel konnen Lijden
na afwagtinge vandien ons genootsaakt
sullen"
NL-HaNA_1.04.02_1547_0079.xml,"30
sullen vinden de handen aan het werk
teslaan, ende med het volvoeren van
'tselve een aanvangh temaaken, soodanig
best med den dienst van d' E Comp:e sullen
bevinden te quadreeren
Hoedanige koopmanschappen, en med wat
scheepen hier ter kuste het vergangen
Jaar 1693. aangebraght, ende vervoerd sijn,
mitschaders wat deselve ingelde uijtge„
„trocken koomen te kosten, als inwat
kwantiteijt, en soorten bestaan de handel„
whaaren die soo wel hier op Cochim,
als de fortressen, Coilangh en Cananoor,
ende onderhoorige verdere buijten residen„
„tien in't selvde Jaar, ofte den tijt van
twaalff maanden zeederd p=mo Januarij
me
tot ult:o xber: omgeseth, ende verhandeld
sijn, gelieven uw hoog Ed:le agtb: te boogen
bij de nevens gevoegde memorien
med"
NL-HaNA_1.04.02_1547_0080.xml,"med de N=rst:t 18, 19. en 20. geteekent med aan„
wijsinge derjn en uijtkoops prijsen
hoe veel het rendiment vande geheele
parthije bedraaght, en wat advancen p=r
cento indische reductie daar op zijn
behaald, tot de welke ons, om prolexis:
te meijden, eerbiedigst sullen refereeren,
en vervolgens uw Ed=le hoog agtbaare ook
in't kort vertoonen den staat der negotie
van't voorleeden Jaar, volgens slot en
uijttreckinge der geslooten negotie boecken
deser Commanderije, namentlijk wat
Lasten op de comptoiren gevallen, en
daarteegen weeder door den handel
gewonnen sijn, als hoe veel
de winsten van de Lasten
afgetrocken, dit mallabaars Comman„
„dement ten agteren staat, en wat het
verschil tusschen het haar te vooren
1692. is. —
De"
NL-HaNA_1.04.02_1547_0081.xml,"22
31
De generaale lasten hebben a:o 1693. beloopen tot
Cochim. . . . . . . . . . . . . . ƒ 306596. 14. 1.
Coilangh. . . . . . . . . . . . . . . . „ 71352. 10. 12.
Cananoor. . . . . . . . . . . . . . . „ 17742. 7. 13.
Porca. . . . . . . . . . . . . . . . . . „ 514. 10.
ƒ 396156. 3. 1.
waartegens de generaale winsten
bedraagen op.
Cochim. . . . . . . . . . . . . . . . ƒ155784. 6. —.
Coilangh. . . . . . . . . . . . . . . . . „ 27538. 13. 3.
Cananoor. . . . . . . . . . . . . . . . . . „ 21927. 10. 14.
Porca. . . . . . . . . . . . . . . . . . . 65. 10. —
„205316. —. 1.
sulkx 't commandement weder ten agteren is. ƒ190840. 3. —.
verschil med'tvoorige Iaar 1692. Wanneer
de lasten waaren tot
Cochim. . . . . . . . . . . . . . . . ƒ34673. 8. 7.
Coijlan. . . . . . . . . . . . . . „ 56987. 15. 14.
Cananoor. . . . . . . . . . . . . . . „ 19088. 17. 2.
Porca. . . . . . „. . . . . . . „ 860. 19. —
En de winsten op
ƒ
ƒ418611. —. 7.
-. . . „ 205764. 8. 9.
sijnde meer gegast:t als gewonnen
Ende gevolgelijk het agterweesen van 1693. minder ƒ 14924. 5. 9.
Cochim. . . . . . . . . . . . . . . . ƒ18354. 14. 14.
„212846. 1. 14.
Coilang. . . . . . . . . . . . . . „ 20867. 17. 12.
Cananoor. . . . . . . . . „ 8415. 9. 4.
Porca. . . . . . . . . . . „ 22. 10. —
alles.
5"
NL-HaNA_1.04.02_1547_0082.xml,"alles breeder gespecificeert inde memorie
daar van onder N„o 17. bij desen overgaande,
med hoope en wensch dat den almagtigen
onsen ijver en arbeijd die tot verminde„
„der lasten en vermeerderinge
„ringe ^ der winsten, als trouwe dienaaren
betaamelijk zij, en onse gehoudenisse
dat ook soodanig komt te gebieden, van
voornemens zijn voortaan ten naauwsen
moogelijk te behardigen, om agtervolgens
de soo ernstige recommandatie van
haar hoog Edele agtb. tot batavia
'tlastig pack van mallabaar door
de tot dien eijnde aangeweesene middelen
geheel en al moetende deriveerende aan
een suijnige huijshoudinge en goede
directie ofte industrine in de voortsettinge
des handels eenmaal smaakelijker
voor d' E Comp: temogen maaken, soodanig
sal gelieven te zeegen, dat de voordeelen
in 't vervolg"
NL-HaNA_1.04.02_1547_0083.xml,"32
in't vervolg mogte vergroot ende konnen
g'accreseert werden, tot soulaas ende
verligtinge van soo swaare lasten, als de
generaale Comp:e allerweegens in dese
Orientaalse gewesten tedraagen heevd.
Terwijl nu hier te passe komt dat wij van
den handelspreeken, soo sal het ook niet
ondienstig zijn dat wij uw hoog Edele agtb:
verder aankundigen hoedanig haar hoog Ed=le
agtbaare tot Batavia ons hebben
believen te ordonneeren, verscheijde koop„
twe
„mansz: die op de Eijsschen van den hoog
Edelen heere Commissaris, Hendrick
Adriaan van Rheede, Tot draaken¬
„steijn, h:re van mijdreght &=a (L: m:) op het
groot en bedriegelijk opgeeven van den
Coopman babba Porboe voor dese kuste
uijt de directie van Bengale en
andere jndische gewesten voldaan en
overgekoomen waaren, maar niet
hebbende
ge
ing"
NL-HaNA_1.04.02_1547_0084.xml,"hebbende konnen gesleeten werden, en
'twelke haar welgem: hoog Edele
agtbaare voorgesteld was om d' E Comij
voor alle schaade te bevrijden, welke bij
langer aanhouden van die goederen
in onse packhuijsen alhier seekerlijk
te gemoed gesien wierden, na andere
quartieren te versenden, daar deselve soude
konnen omgeseth, ende dat nadeel
geprevenieert werden, gelijkerwijs uw
Ed:le hoog agtb: alvoorens egter daar
van afgetrocken, ende tot eijgen Consum„
„tie en vertier van een rond Jaar, na
gemaakten overslag en Calculatie te
sullen benoodigen, accordeerende med
de Intentie van haar hoog Edele agtb:
tot batavia, hier vervolgens conform
de gemaackte verdeelinge werd aangewesen
als. —
In de fluijt Hobree om eerd
daags na batavia voor den
handel"
NL-HaNA_1.04.02_1547_0085.xml,"33
11602¼. lb= bengaalse sijden, teweeten
4651¾ lb Cabessa.
6950½. — bariga
188 5/8. d„o Camphur baros
1478. – p:s dubbelde armozijnen
En dog voor Batavia
1049½ @. diverse Laakenen, als. —
599: @ rood.
138½ „ groen
194. –. – swart
118-. – graauw.
82640½. lb. amphioen
3368. – p:s chianderwanijs
3778. - „ suijmeris
4965. - „ roederwanijs
4552. - „ bandenoes
15887. – „ moerbanos
4480. – „ ragiabanos. —
te werden
handel, in Iappan gesonden
verte"
NL-HaNA_1.04.02_1547_0086.xml,"54534. p:s mogta kleeden of Chiomas. —
5697. —. tessersse pontjeas of chiomen, als.
5117. p:s dubbelde
580. —. Enkelde
11396. —. geele taftas, als. —
8831. p:s dubbelde
2565. „ Enkelde
65. „ bergaalse Cammelotten alle losse
1434. „ pretambers
4255. „ beng: adlassen om tot een preuve te dienen
In't schip Silversteijn
103729. lb Corteijn, teweeten
49917 lb witte en
53812. „ swarte
49669. — Caatchio
pper. —
Van de Te Rug gebragte uijt de
laadinge van 't schip Courtgen
voor Persia. —
4. packen"
NL-HaNA_1.04.02_1547_0087.xml,"34
4. packen med gebleekte gerras. —
14. d=os mallemollen
20. „ gesies.
22. „ d„o kassen
6. „ Alegies
37. „ Zieklassen
7. „ chiarcanaas
2. „ Cancanaas
10. „ pattenase chitsen
24. „ gebleekte dongrijs. —
18. „. . . . . . . ahempoeris
16. „. . . . . . gunnees lijnwaat
1. „ med longijs —
26. „ Zieklassen
6: „ mallemollen
5. „ tiarchannas
5. „ lachoris. —
16500. lb netto drooge gengber
81. packen med Ceijlonsen Carmeel
203 d„o med ongesneeden areek.
18. „. . . . Jnlandse Cassaraan
uijt
dienen"
NL-HaNA_1.04.02_1547_0088.xml,"voor Persia. —
2210. lb Ceijlonse caneel
6826:- Jappanse Camphur
8621. –. bensjuwin, als. —
8100. lb Cabessa
521. „ bariga
breeder vervat ende begreepen sijnde bij onse
resolutie dierweegen Inraade getrocken
die in Copia onder N„o 13. desen accom„
„pagneert, voor soo verre als wij de verschijning
van den Commandeur Paulus Hun„
„tum, benevens den opperkoopman Pieter
Coesaars, ende den Capitain dominicus de
chavonnes, den eerst genoemden om voor
tweede en administarteur, inplaatse van
den koopman en geweesen administrateur
abraham Vink, die g'ordonneerd is
na batavia op te gaan, en den anderen als
hooft der militie te deser commandeur
uijt de Cochimisen voorraa„
in"
NL-HaNA_1.04.02_1547_0089.xml,"aat
35
in heede van den overleeden capitain hend:k
Reijns, volgens de schicking van haar
hoog Ed:le agtb:e tot batavia, voortaan
alhier te continueeren, op den 23:e pass:o
do:
med de scheepen goudesteijn, saamslag
en silversteijn daar over med zijn E.
gesprooken ende geconfirmeert hebbende,
sonder verlet van noodiger Emploijen
die boodems daar toe te projecteeren
ende aanteleggen, agtervolgende de gegeven
ordres der welgedagte heeren van de
hooge regeringe tot batavia om de
sleght gesteldte, en meert vertimmeringe
benoodigde boodems tot overvoeringe van
de gevorderde iper, en andere Coopmansz.
naar batavia te gebruijken, invoegen
ook, als voorwaarts aangeweesen,; sodanigh
werdende g'observeert, buijten de fluijt hobrel
„bereets inplaats. van't Jagtje de beijs, dat
onder Ceijlon verbleeven, ende anders ge„
imploijeert
derij"
NL-HaNA_1.04.02_1547_0090.xml,"„jmploijeert was, tot de weeder reijse na batavia
verordonneerd, het schip silversteijn, soo draa
van Ceijlon zijn meede gevoerde pper last
voor de retoer scheepen overgelevert hebbende, te
rugh gereverteert sal weesen, te gebruijken
om een pper laadinge derwaarts te laaten
overbrengen, med d'weinige daar bij gespecifi„
„ceerde groove handelwhaaren, gelijk dan
ook 'tschip saamlag, om de vrienden
inpersia, mits het ontstaan van 't voorleeden
jaarse Carguasoen, door de verlooren reijse van't
schip Courtgena, in geen verleegenth:t te
laaten blijven, med de gerequireerde en hier
voor aan geweesen koopmansz:, volgens
de daar over gevallen resoluitie, na die directi
te depeschieeren, niet twijffelende off uw Ed:
hoog agtb: sullen, soo wel als de heeren
der hooge Jndische regeeringe tot batavia
in dit ons verrigten, meestendeel med haar
hoog Ed:en agtb: Jntentie over eenslaande. —
behaagen"
NL-HaNA_1.04.02_1547_0091.xml,"36
behaagen scheppen, en gelieven te oordeelen
na de gelegenth:t des tijts daar van niet
anders heevd moogen geschikt werden, gelijk
ook dat wij de consideratien en reedenen,
ten aansien van het opwagten en waar
neemen der vijandelijke franse scheepen,
welke bij zijn E. , en desselvs scheeps raad
ten regten g'observeert ende in onsen
raade volkoomen geconfirmeert ende
voorgoed gekeurd sijn, na den Inhoude
der bijgaande Copia van die resolutie,
en daar op gevolgde Confirmatie
op het register onder N:o 14. aangehaalt
tot welke beijde ons, omwijtloopigh:t te
eviteeren, aller onderdanigst gedraagen;
geen andere verwagtinge hebbende, ofte
de zaaken sijn ten meeste nut en
voordeele van de generaale Comp:e (odanig
wel ende tenregten
bij ons begreepen
waargenomen ende aangelegd. —
de"
NL-HaNA_1.04.02_1547_0092.xml,"De generaale monsteringe van alle 's con
Europ: en Jnlantse loontreckende dienaar
hier ter kuste mallabaar bescheijden, Confo
de algemeene ordre van haar hoog Edele
agtb: tot batavia, op ult:o Iunij deses Jaars
en
geschied, en med ons schrijvens dato 25=en
aug:o annostantij na batavia versonden,
soo gaat de copia van die rollen thans
tot uw Ed:e hoog agtb: onder N:o 15. meed
over, gelijk ook volgens het Jaarlijcks gebru
almeede onder N:o 16. op het register
bekend een leijste ofte opstellinge van
alle getrouwde persoonen, en haare huijsg:
„sinnen, en familien, soodanig deselve
op 23:en deses binnen deser steede bevonden
sijn effectueelijk 's Comp:s Ingeseltenen,
waarbij uw Ed:le hoog agtb: dan, des
believende, konnen bespeuren hoedanigh med
de Colonie van dese stad gesteld is, daar
toe ons eerbiedigh refereeren; —
Naademaal
Ns"
NL-HaNA_1.04.02_1547_0093.xml,"37
van de Cauwa
nademaal haar hoog Ed=le agtb: totbatavia
ons hebben gelieven aan te beveelen geene
reeckeningen van verdiende soldije hier
soude moogen voldaan, maar zulx moeten
versoght worden aan uw Ed:le hoog agtbaard,
soo veroecken wij demoedelijk in deesen
dat uw Ed=le hoog agtbaare gunstelijk
gelieven te approbeeren, en toe te staan, dat
het saldo der nevens gaande 10. stx.
origineele reekeningen, monteerende
ƒ587„ 9„. 11. van den sergiant hans
mighiel Rhee, hier in't guarnisoen
bescheijden, getrouwd, en med een familje
belaaden sijnde, mag ontvangen, ende
uijtgekeerd werden.
De redenen en oorsaake waarom uw hoog
Ed=le agtb: ditmaal, als het voorleeden
Jaar geschied is, geen cauwa van dese
kuste gesonden sijn, om dat wij door den
koopman babba, leverancier van die
vrught, omtrent de aangenoomen
besorginge"
NL-HaNA_1.04.02_1547_0094.xml,"besorginge derselve sijn g'abuseert ende missei„
geworden, onder voorwendinge midsdien
„dien
zijn scheepje, ten eijnde na mogha gesonden,
in't retourneeren, voor de rheede van
Jananij een swaar formweir aangetroffen
daar door totbehoud van schip en menschen„
dat anders stond te stranden, genoodsaakt
was geweest, onder het overboort setten
van verscheijde andere goederen uijt desselvs
laadinge, ook de meede gebragte Cauw:
in zee tewerpen, daar ons nogtans uijt
het schrijvens van onsen resident aldaar
geplaast sijnde, van't tegendeel verseekering:
als dat niets off seer weinigh was aan„
gebraght, gedaan is, zulx dat'er in
toekoomende weinigh ofte geen saat
meer op die koopmans woorde ofte beloote
temaaken zij, en daarom wij ook, op dat
uw Ed:e hoog agtbaare door zulke doe„
„ningen het aanstaande Jaar van dien
vrught mede niet souden versteeken
blijven"
NL-HaNA_1.04.02_1547_0095.xml,"38
blijven, gedencken den Inkoop derselve, als
voorheenen gebruijckelijk is geweest, weder
gedefereert te laaten aan de vrunden
inpersia, ofte souratta, sullende ten eijnde
bij naasse occagie daar van behoorlijk
advertentie door ons werden gedaan;
Jmmiddens dat op uw Ed:le Hoogh
Agtb: gedaanen Eijsch, als nu buijten
den pper voldaan werden, hoewel van het
voorleeden Jaars gewasch, en onmoogelijk
is vroeger tijts desen Jaare van den
nieuwen oegch te beschicken, door den koop„
„man Abuga Porboe, volgens gemaakt
Contract aan d' E Comp: gelevert 15 9/20.
Candijlen Cardamom Cabessa, in hoope
evenwel een goede markt sal beloopen.
waar meede.
Ed=le Hoog Agtbaare
gebiedende Heeren. —
Desen duskortelijk (:in uw Ed=le Ho: agtb:
gunstigh"
NL-HaNA_1.04.02_1547_0096.xml,"gunstig welneemen:) abrievieerende, en besluijte
„de, wenschen uw Ed:e Hoog agtb:, nevens
den staat van de generaale Comp: den
zeegen des alderhoosten, ondertusschen dat
wij naar onse nedrige groetenisse med hoog
verschuldigt respect sullen blijven.
Uw Ed:le Hoog agtbaare
onderdanige en gehoorsaame
Dienaaren.
In de Stad Cochim
op de Custe mallab=r
:: Emmer
Desen 26:en decemb: A:o
3
ƒ2
1694
Coesaart.
W„r V„n SeCnaap
D  Chavonnes
J. Scholten
sects
Diglimans
Blanckert GG:V
J: Grootenhuijs
Cornelis Blecklant „
Oudthoor
v: Sonnevelt
12
--–––-
:"
NL-HaNA_1.04.02_1547_0097.xml,:
NL-HaNA_1.04.02_1547_0098.xml,"te
lijk
Na
off
te
al"
NL-HaNA_1.04.02_1547_0099.xml,"11
39
uwe
Hoog Edele agtb: gebiedende Heere en Heeren
getoaen hebbende dartoebersal memanden ijgehad
Commandeure saac van Dielen; ' gesag aan haar E. behoudende, dat mij vermits 'toverlij„
„den van gemelte Heer regtmatig is Competeerende, uijt bragte van d' acte door den h0:
be slesitelen maitoense esge ande tgen nde ijen de egering dan India tot batavia geconfirmeert, waar aan ik mij in alle gerbied ibdie
E: Heeren
'T is uwE: alle kennelijk hoe den Ho: Ed:le h„re commissaris &: m: mij in den jaare
Commanderije, in welken dienst sedert gem: tijd sot den 30:e 8ber Passado mijne behooft
en verschuldigden ijver hebben besteed, en het meeste van de goede moussons 's Comp:s belangen-
in absentie van d' E E. H:r Commandeur Isaac van Dielen zal:r, med een gedeelte van
uw E: behertigt, dog op den laasten 8ber: pass=o door gem: heer zal:r en den Raad over een
met den de een hals gelhoren sijn 's coms: tetilhen eleseleuen gepractiseerde beschuldiging voor soo verre t respect, en de gelimiteerde gehoorsaamheijt
die de dienaaren der Genere: Comp: uijt kragte van mijn Ampt mij schuldig waaren
buijten alle regt en reedenonverhoord onttrocken.
En dat alleen gelijk bij de gepractiseerde beschuldiging aangehaald staat den administrateur onwaar¬
„dig was te genieten den tijtel van administrat:r en tweede deser kuste om dat ik gem:te heere Com„
mand: omtrent den persoon van Sr: Joannes Scholten, Swaager van gen: Heer, Soude Hebben,
gedefameert, 'Twelk niet anders soude sijn dan een particuliere questie, en dierhalven d' E.
Comp. s geensints, toucheerende, hoe wel ik 'tselve wel Expresselijk ontkennen, en gem:
S:r in der Eeuwigheijt niet bekwaam sal sijn sulkx te bewaarheeden
gelijck mede al 't geene in D=o gepractiseerde beschuldiging aangehaald staat, tegener tijd den
dat alles is gepractiseert, eenelijk omme sig waare 't doene lijeze van de schuld omtrent de koopluijdeen
babba, en bapoe porboe gemaakt, bij haar ho: Ed=le agtb:, de ho: Ed=e agtb: heere, de hoogste regeringe
van India tot batavia te ontschuldigen, en op dat 'tselve med meerder schijn soude geschieden,
heerd men dese beschuldiging med verscheijde Schaamteloose onwaarheeden gespekt, en mij med—
veele Sameuse libellen d'eere voor soo verre ontroovd.
tans betuijgd hebbe vele gewigtige saaken betuesfende ones heeren gebiedenen in trest durE. voor te
tedoen, als wolang van d' E. Comp: hade seot dat bij aldien onder gedooren te werden, te
stellen hadde, veel min dat men mij (:die althoos bij absentie Van den heer Commandeur de eerste inde
politiquen Vergaderinge is geweest) soodanigh heevd willen ontvangen, of accepteeren, maar buijten
alle reeden afgeweesen, en daar benevens aangesegd, het den h:r Commandeur Isaac van
Dielen zalr: ssoodanig bij testamt: op sijn dood bedde begeerd hadde, en dat geduld Soude moeten
hebben tot tijd en wijlen haar ho: Ed=le agtb: tot batavia overmijne saaken soude hebben gelieven
te disponneeren.
de vornaamste saken, haakende d omt: tebeand vorde en iselve elfatr bevondende
werdende, dan nader over 't geheele werk alhier te disponneeren
zaa s Ligtmandig is, en dat het dierhalven weinig moeite Soúde Sijn deselve Sonne kelaar aan te
ook selvs en hebben is desendere bequamen dierisken, gelijk ian sodanen Casus anders seer gebruijk
isin i isie a  ieneling
kelijk is, en ook over een komt med 's Comp:s artijkel briev, en te meermaalen bij den ho Edelen
heere Commiss=s (Z:n) gepractiseert
maar kwanswijs blijvd men staan op de belovte aan den E H:r Commandeur zal:r op sijn E. dood
i
bedde aan sijn EE gedaan, van d'accusatie, door gem: hr. Zal:r: teegens mij opgesteld, te sullen
uijtvoeren, sonder dat eens in overleg genoomen is, of 't selve med den dienst der generaale Comp:
kan over een koomen, of wel niet, boven verscheijde andere materien, die, om redenen, nú sal voor
bij slappen.
hen san bekonen den ein des elende at u w d agte an geen men ise, daar bij sullen koomen te lijden, mitsgaders alle medisen
desen op het alderkragtigste protesteere, niet alleen van soo groote verongelijking,
als mij werd aangedaan, maar booven al dat alle schaade en Intreste die de gene¬
off versuijmenissen, sullen weesen voor uwE: Eijgene verandwvoording also
te hebben gepresenteerd, en gedaan, —
waarmeede dese Eijndigende en blijve, onderstond, E. Heeren, uw E. dienst¬
med eenpaarigheijt van stemmen inlanden tegeven,
onder belorten zijn E. daarin na vermoogen te sullen
vaardigen dienaar, was getekent, Abraham Vink, in margine, Cochim
onderschraagen.
den 27:e xber: A:o 1693. —
naweskrakente tsedert vier maanden hertediens en afgevagr di de van rhee was aangese endaardigen, omme desewwel booven ons vemoegenaardig hadden, en nog molende letteren, door gspecificeert
onse jingstenderdanige kands: van den 10:' 8ber: tes Jaars gr biginnende met tre van coor als zinden ak hebende van t zuijden diel derteent de lamaliadeken'tsedert
thoonen."
NL-HaNA_1.04.02_1547_0100.xml,"heen mne  dn d n n lel een w en de e sou co  an d
de shieh t inbijsuces pgetieden tan de evend e sunnuisien van ale ieste an heaen an de blitch van een sosgdraageno oe draenen sijnhot ein
hebbende, ingaar sijda ha:t daartieden in slag de twie tgierige gemoederen, ja selvs de voornaamste van 't rijk, welke hun selvs groote magten aangemaatigd
hade omp:s obk in barten tebor goede vrugten soude koomen te genieten,;twelk ook zijn ho: eenigste glerie was, en d'Eh: Commandeur had hem daar in soodanig aange„
ei mne pon hald og ij lije eloo e amane e lijig van e e an en esinde elide eienagtie ontien tone
ten  e haa en ou o on  e   o a cus n daniti e lac ten eu d uan pornite fe nes
aangewend om sulcx tot Effect tebrengen, heerd den sammorijn door gepractiseerde uijtvlugten het tot nog toe dilaijeerende gehouden, ondertusschen ontsag den
sammorijn sig niet alle bedenckelijke middelen, vermengd med veele hostiliteijten ontrent de frontuiren benoorden Cochim in't werk te stellen, om de noorderheeren
geen maintenue van den Coning van Cochim te gemoed siende, tenoodsaaken haar sijn gehoorsaamheijt te onderwerpen, 'twelk den sammorijn als voorseijd
H
voornamentlijk."
NL-HaNA_1.04.02_1547_0101.xml,"41
te Nambedle, den prince Cartadavile, en Moerianatoe
sijnde t een mnistes werde sij st e al gehouden dat not is noge onde emes ende ijen gan ide voldonen e and ae sels le de oene
ten medeol de atsende, sijn hot ten Eeuwigen schande strecken, inwelk geval d' E conpen, een grootdeel van haar aansienen, waar uijt sijn Ho: een koning sonder land stond/
sock van de sammorijnsz: regering op den hals te haalen, ook het kwaad te laat soude koomen om te beklaagen, vaststellende dat dien Coning, volgens de natur van
alle glorieuse vorsten, allesints voogt niet alleen de schoone kans die hem toelagt, door sig weeder meester tesien van het landschap padmijatta, suruwan, alias t
op zijn sijde had getrocken (:als in het vervolg ook nader onderdanig sal wer den tethound:) er sone het enko dent sommorin de ragias van Calicoilang, en tecke lenigsints ier
med geen fondementeele redenen, daar over sig soude konnen gebelijd houllen, kne des soo is hij te :e genstoffen terweonen aanneemen, inwoegen den sammorijn
had zijn ho: ook te kennen gegeven, dat den sammorijn verscheijde frontuur plaatsen kwam te versien, ende te versterken, derhalven oordeelde zijn ho:t seer noodig
teweesen, weeder, een kleen getal manschap op jrenalijcoesdij na ouder gewoonte te leggen, om een waakent oog tehouden, en den vijand omsigtig temaaken; den Eh:r —
Commandeur zal:r dit rapport med aandagt aangehoord hebbende, nam voor, daar over med de vrienden van den raad te spreeken, en na rijpe deliberatie desweegen
een heijlsaam besluijt teneemen, omme den coning van cochim op de voorsz: voorstellinge na vereijsch te andwoorden, dese bekommeringen wierden nogh —
grooter, wanneer w' den 8:e xber: 93. een origineele olo ontvingen door de ragia van teckencoer gesz: aan den koopman babba porbol die ons deselve heevd
toegeschikt, ende waarbij volkoomen komt te blijcken het heijmelijk verstand dat dien ragia, als voorseijd, med den sammorijn onderhoud, wat
aanbelangt het misnoegen dat gem: ragia daar bij thoont, is gantsch ongegrond, maar het oogwith is om de wagt die w' op triwellaij hebben gelegd om
het vervoeren van pper naar Calicoilang, en elders tebeletten, en dien Corl op Cochim te trecken, om destapel daarvan, volgens uw hoog Ed=le
agtb: Intentie als van outs te hebben, weeder afte doen trecken, ondervoorwendinge dat die plaats onder gen: ragia soude sorteeren, daar w' nogthans,
ter contrarie weeten, dat den Coning van Cochim daar het meeste over te gebieden heevd, en ingevalle desweegen ijts te disputeeren mogte weesen, waaren d' E comp. e
nog den Coning van Cochim dien ragia soo vreemd niet, off konde, omtrent haar die zaak ligtelijk voorgesteld hebben, om daar in na billikheijt te voorsien, gelijk
bij de gewisselde olas desweegen is deloovd te sullen doen, dog dat sulcx het soecken van gem: ragia niet en is, maar de gedagten op andere gronden speelen, kan daar bij afge„
meeten werden, wanneer d:o ragia ind' ola voorn. , aan den koopman babba gesz: versoekt, hem vier Canon stucken te beschicken, nevens welke zaak ook in aan„
merking komt het bedrijv vanden ragia van Calicoijlang, die in een seer nauwe alliantie is med den teckencoerder, voor wien een stuk canon van 12 lb.
bals, med een Inlands vaartuijgh van Calicaet, sonder paspoort aan de starre schans op Calicoijlang strand aangebraght, en door de waghthouders aldaar tot 't
nader ordre aangehouden was, 'tselve med geweld daar van daar heerd doen haalen, alles nader blijkende bij de versellende extract brieven, en desweegen gewisselde olas
onder N: 20. bij desen gevoegd, dog alsoo de swakh:t van d' E H:r Commandeur hand overhand kwam toeteneemen, was sijn E. onvermoogens daar
in verderijts te verrigten, en soo als w' op den 24:e xber: 93. berigt wierden, dat de oude coninginne van Cochim voormeld den 23:e bevoorens, na datse
eenige daagen bedlegerig hadde gelegen, was aflijvig geworden, is gelijk w' uw hoog Edele agtbaare hier vooren omstandig hebben bedeeld, den 25:e daar
heerd gebragt, want sijn ho:t de dood van sijn E. gehoord hebbende, sond den 28:e xber: sijne rogiodoors bij ons, welke verklaarde dat sijn ho:t oaer de se sluve in een groote verslaagendh:t
coningne de laaste mijt het Atanhuijs moetabarie, die de gemeente ingote agtinge hieede, en onder wiens toatroude sij h:t herhoofnvordigige
kennisse, en ondervindinge had vande mallabaarse saaken, en regeeringe, insonderheijt vande naturellen der menschen, verseld med soo veel gaven als in staat„
„kundige, en inpersoonen van regeringe werden gerequireert, waar op sijn ho:t al sijn hoop en vertrouwen hadde gesteld, en nu vreesde sijn ho:t voor een groot ongeval
ten waare dat uw ho: Ed:e agtbaare dese plaats nog tijdig kwam te voorsien med een wacker heer, w' bekenden gaarn dat w' niet seer gepenetreert
waaren inde landzaaken, in Comparatie van zijn E: zal:r maar versogten Egter dat sijn ho:t goeden moet believde te houden, med beloote, dat w' nu van dit
krank vermoge, en nodesakelijke, den sakie ie alaten sijn : m alleine doeningen voor aan seo vel Jonge en voorsightigh: gelieven te ge„
hoogsten benoodigd was, om naderhand van den thol der aljhandigo ingehouden tewerden, so mit is daar van voorsz: Coning:s med betuijginge dat daarom ten
van der snaap benevens den ordinaire gecommitteerden Louis taijspie sijn toegeschickt
als uw ho: Ed:e agtb: bij haar ho: Ed:le Atb: hoog gnden 10:e 8ber: des Jaars 92. teegen den tenesimopoten doenelijk, als w'int wel iej de guarde vanden sammorijn en
Consideratien daar over aan uw ho: Ed:e agtb: onderdanig gedefereert laaten; wat aanbelangt ons sentiment, raakende onsen presenten Coning van
cochim, bevinden als nog gelijk hier vooren is getuijgd, en is d' eenigste van alle de vorsten, daar w' ons nog ijts opmoogen vertrouwen, hoewel hij almede
thoont als nog niet alleen groote vigulantie om sijn rijck te brengen in een goede luijster, en de staat te versoeken en neggn werden en wet sijn ho:
ook groote genegenth:t om het gros van den pper handel, med de dependentien vandien, als van outs bij tijden der tusitaanen in cochim te vesten, gelijk ook op het
aandringen van sijn ho:t, dewijl d' E heer Commandeur zal:r daar niet gaarn aanwilde, uijt vreese dat het maar vergeevse kosten soude weesen, in de boven
landen, soo benoorden, als b'oosten, op de volgende passagien waghthouders sijn geleijd van toepassen en lascarijns, gesterkt vans Conings naijros tot zijn ho=ts
eijgen lasten, teweten.
ijsla
Waght Plaatsen benoorden Cochim.—
19.
sijn gebeegt, dee nog een tamelijk hiep is geweerst bij onsen soo naa voortsante sitin van den tresenten Coning gepaart med een goede politie, heevd dat doen verwijten
den pperaandien kant duirden was, als omde zijd, dog dj de eene platsm in dik ont t anden olaae, en de Cekinane en sijn hogheijt
Expres haar volk daar op uijt souden senden, om de pper uijt dehandt dierlandse koopluijden te koopen, en pertinente notitie daarvan
tehouden, om te Ervaaren wat de geheele massa prorato gereekent soude koomen te Emporteeren, vast van gevoelen zijnde,
dat het wel minder, maar niet meer als twaalff dukaaten sal beloopen, behalven het verschil dat 'er is in't gewigt, want 25: weegsel van
voor onderstelling, wanneer dit nieuw Concept intrain werd gebraght, door civile handelingen in 't aanstaande, en inde dengteuren glit dien corl niet alleen
in ongelijk grooter quantiteijt stond toe te vloeijen, en de prijsen hand overhand te daalen, door het beletten van den uijtvoer vandien, datse niet en koome inhanden
van onse competiteurs, 'twelk wel het voornaamste oogwit is, maar d' E. Comp: soude voor dien selven Corl, wanneer door de factoors van
den koopman babba sorboe opgekogt naar pananij vervoerd, en van daar over zee weeder op Cochim gebragt werd, ten minsten 17. a 18. dukaaten moeten
betaalen, en veroorzaaken dat den sammorijn den thol daarvan kwam te genieten, daarse nogthans den Coning van Cochim regtmaatiger
compiteert; den E heer Commandeur zal:r kon dat alles meede seer wel begrijpen, waaromme daar op ook inraade is goed gevonden voor de
pper van dat gevest koomende twaalff dukaaten tegeven, als blijkt bij de politicque notulen, dogh konde geensints verstaan dat den inkoop van
pper door 's Conings bedienden nevens die van d' E comp. soude geschieden, maar wel dat de toesigt en sorge daar over den koopman Nanuoe
1. . . . . . . . . . . . . . . . . 1. 1. 1. 50. 123.
saene, meleanen, metiene oden van e ge o: ede heit: en e e
porboe
den Ele
e
blijv
bekend
e
versoeg
hd: d
oordeel
de
taijspl
ee
eesehdan
selve aante„
as daan
eren
de gesa„
per mon
ende
e sil
lijke vole
ange
saterrij
e du
der
eijnde
soo veel ein
behouden
te lasten
topenbaa„
de
Co„
een„
ewid
gedaen
bekwaame
van
termen ten
gen
lcoetie
gehande
van
te van
gelesen
alsoo vertrae„
waartoe
gebeheerde
elstant
tigd
de te helpen.
zijnde—
gebragt
een
tot onder
slanden
grooten
oedsiende
ook had
rder heere
voorseijd
lijk
,
ten eijnde
Moier 3
2.
15. . . . . . . . . . . . . . . . . . . . . . . . . . . . .
1. 2. 15. 3. 8. -. . . . .
1.
.
. . . . . . . . . . .
. . . . . . . . . . . . . . . . . . . . . . . . . . . .
. . . . . . . . . . . . . . . . . . . . . . . . . . 1. 2 . . . . . . . . . . . . . . . .
...
. . . . . .
v
moosten
in
1.
. . . . . . . . . . . . . . . . . . .
1. . . . . . . . . . . . . . . . . . . . .
. . . . . . . . . . . . . . .
8.
65.
40"
NL-HaNA_1.04.02_1547_0102.xml,"werden
war op de ehien anmandijn lae telkens tot andevoor glievde tegeven dat zijn hot daar mede belidde te pacienteeren, tot dat
comp: haar Ed:l uijtstande schuden van sabba hade ingekeegen om do i mes onti in te beginnen toe mnd het ander niet mote swaarlis
Bercken eden
Mangalli
pi
nog
we
op
d
„
sijn
ho
Mallabaar
n
wijf
ngeland
ineland
b
a
aan
Fr
dat
„ gen
20
/17
ver
be"
NL-HaNA_1.04.02_1547_0103.xml,"41
Mallabaar soude konnen doen, waarop sijnEe zal repliceede, dat gen: roos op sijn Ed. le genegene requisitie gaarne na madure soude laaten vertreken,,
over den hals lag 'tgedene door hem nooesaakelijk selvs hieriunlocs zoude moeten geschilden, ondertusshen dat sijn E: gloos de hot den e den h:r gouvern:r aldaar ofte op Ceijlon aan
gem: roos den E. heer commandeur zal.:r doenmaals, en naderhand diversemaalen versogt, gehad, hem soo haast doenelijk tewillen ontlasten vandie
swaare verandwoordinge, welke hem dus lange in groote bekommeringe hebbende gehouden, nu, door godes genade tot soo verre afgedaan, en ontdekt
was, dat hij vermeinde desweegen niet meer aanspreekelijk teweesen, ten Eijnde sig eenmaal op vrijevoeten mogte gesteld vinden, om van Cochim (:daar
hij betuijgde overmids de kwaade gesteltheijt van het climaat, en andere preguante reedenen tot dus lange med groote teegenheijt verbleeven te sijn;) naelders te
konnen vertrekken, waar op sijn E hem beloovde daar in eerlange te sullen voorsien, ende dat werk soo haast men soude ervaaren, hoedanig d' jongste
bevinding der pakhuijsen med de restanten der negotieboeken van ult. o junij 93. kwaame te respondeeren, ten sine tebrengen; jnmiddens believde het
sijn E. gen. p. l onderkoopman roos op den 2. ' 7ber. 93. inde plaatse van syn E. s swaager Ioannes Scholten med goedkeuringe vanden politicq. raad aan te
stellen tot sec:s en lit derselve vergaderinge, dog onderpublijke belovten, gemerkt denselven nogmaal med smeekende reedenen, betuijgde geheel
ongeneegen te sijn omlanger op Cochim te continueeren, dat het alleen soude weesen voor een kleenen tijd, en sijne hem binnen korten stond te verlossen,
off wel bij aldien sijne, gelijk verhoopte selv van mallabaar kwam te vertrekken, hem als dan meede teneemen, med bijvoeginge dat den dienst
vand' EComp„e dese aanstellinge noodig kwam te vereijsschen, en hij oversulkx die niet vermogte terefuseeren, ook dat sijnE. gunstig aan uw ho. Ed. e a.
over hem soude schrijven, ten Eijnde hij sijn acte van onderkoopman (: med welke hoedanigheijt den h=re Commiss:s generaal L: m: hem alinden
jaare 1691. begivtigd heevd:) door uw ho. Ed. le agtb: goede gunste mogte komen t'erlangen; op dese toezegginge dan heevd hij voorn: bedieninge
g'accepteerd, en deselve tot huijden naar behooren waargenoomen; ende gemerkt den E H. r Commandeur nuis koomen t'overlijden, versoeken
w' nevens hem gantsch nedrig dat het uw ho. Ed. le agtb. behaagen zij hem gunstelijk te willen bedenken, niet twijffelende off hij sal sig die w
eere, en weldaad door verdre vigilante diensten tragten waardig temaaken, sijn ootmoedig versoektschuwvt, voor het overlijden vand' Eh:r Command.
zalr gesz:, gaat onder N.:o 24. meede bij desen
Hoedanigen andwoord de portugeese gouvern. r uijt Goa in dato 11. e feb:rijn op 't protest vand' Eh:r Command. r zal:r m. over de vijandelijke actie door
eene van haare co. s scheepen gepleegd aan het jagtje Cochim, herw. ts hebben gesonden, en wat sijn E. daar op den 4. e maartheevd gerescribeert
sullen uw ho. Ed. le a: des gelievende koomen t'ontwaaren indesselvs Copias onder N. o 25. desen versellende, waar bij nog is gevoegd het afschrivt
van een ander protest, door voorn. sijn E. sal:r weegens 'twegloopen van eenige soldaaten die hun uijt des Ecomp:s dienst van barsseloon
(:volgens berigt:) na goa hadden begeeven, aangem: gouverneurs gesz:, en het andwoord door den nieuwen onder Coning don pedero anthonio
Noronja daar op gepast, waar aanw' ons kortheijt des tijdshalven op 't alderdemoedigste gedraagen
Wij hadden aan het boord van 'ts negatje de wind 18 stx: mansslaaven besteld omme tot uw ho. Ed:le agtb: ofgevoerd te werden, dog daar van eenige
dat deselve bij eerste voorpallende scheep 8esonden 14: stp: slaaven med gedienstig versoek aan den Ed:le h:r raad extraordinair van jndia en Ceijlons gouvern: thomas van rhee;
den e gemancqueerende tot een getalv an 150 stx meede voor d' E. comp:e op tehoopen, en bij voorkoomende occagie thij direct, of wel over Ceijlon uw ho: Ed.:le agtb: over te senden.
„lijkpegagien aan teneemen, en't Emploijeeren derscheepen tot het overvoeren der goederen na persia en rouata/: daar v ain hij de ooren en onderdanigh: is mentie gemaakt, sullen
lse aeten anderiet afgehouden. insgelijkx staat 't Cap.:l door de kinderen van den overleeden adriaan van hier zal. (:dehier p:r 't schip cortgene wel sijn overgekoomen:) aC os tij in
schip Cortgene sijn alhier na't overlijden van den Eh:r Command:r zal:r ook aangeland den onderkoopman marcellus golsius, en boekhouder Cornelis van Coulster, diew:r,
alsoo hier present geen bedieningen vacant sijn tot uw ho. Ed.:le agtb: nader dispositie sullen aande hand houden. den koopman hend. k godijn alhier bevoorens med 't schip
Java insgelijkx verscheenen wesende, wierde door den E. h:r Command. r zal. r en raad de p. le administratie deses commandements op approbatie van uw ho: Ed. le agtb: aangeboo„
den, dog sijnE. deselve, ondervoorwending geen kans sag sig daardoor te redden, gerefuseert hebbende (:gelijk uw ho: Ed=le agtb: breeden ind' Extracten uijt onse daagelijkse
aanteekeningen hier vooren genoemd sal koomen te blijken:) is med gem: boodem weder na Ceijlon vertrokken.
ndat Belangende den staat der negotieheevd d' E. H. r Commandeur zal r uw ho. Ed. le agtb. in het ontwerp van sijn E. voorenstaande letteren, eenelijk stucx gewijse communicatie
gedaan, sijnde in't verdre belet geworden door sijn Es. toeneemende indispositie, en daar op gevolgde ontijdige dood. Wij sullen om het fregatje de wind soo spoedigh
doenelijk afftevaardigen ons wijders voornamentlijk gedraagen aande mediteerende resolutie, bij 'tleeven vangem: sijnE. inraade van mallab. ge„cardaem
'tsederd den 3. e aug. o tot den 17. e 7ber: des afgeweeken Iaars 1693. waarvan de copia onder N. o 26. bij desen gaat. uw ho. Ed:le agtb. sullen daarin benevens 't contract
van den koopman abugaporboe, die aangenoomen heevd 60. Cand. len teegen mediofeb:rne of p. mo maart te sullen besorgen, omstandig ontwaaren, om wat reedenen
en in hoedanigen maniere den alleen handel bij afweesentheijt vanden koopman babbaporboe, die sig tot huijden aanthov vanden sammorijn onthoud, en na allen
schijn daar niet van dan sal koomen, soo lange sijn op gevatte wantrouw door kwaadwillige menschen gevoed werd, (gelijk uw ho. Ed.:le agtb: eenigsinds sullen konnen
afmeeten uijt de gewisselde brieven tusschen dien koopman, end' Eh. r Command. r zal:r, tot uw ho. Ed. le agtb. speculatie onder N:o 27. desen versellende:) aandesselvs,
soon Nannoe Porboe is vergunt, werdende de negotie nu nog op soodanigen voet, dewijl w' ons omgewigtige reedenen niet bevoegd agten, daar invoor als nog eenige
verandering temaaken tot uw ho. Ed:le agtb. nader g'eerde beveelen„ wij moeten evenwel getuijgen dat hij sig vlijtig toond inden vertier der handelwhaaren, en jnsaam
van pper:, leeverende doorgaans in afkortinge van sijn vaders debet 100. Cand. e voor 't bedraagen van 50. cand. len, welke hem telkens volgens de voorn. resolutie
in comptant en koopmansz: werden vooruijt verstrekt, dog het overmatig gebrek van cont. e heevd de procure van die specerijen vrij laaten, ende nadat een
groote quantiteijt derselve noordwaards op was gevoerd, doen beginnen, dan anders ontwijffelijk soude sijn geschied; sullende uw Ho: Ed. e agtb: inde
verwisselde brieven med den Ed.:len H r raad Extraordinair van jndia en Ceijlons gouvern:r thomas vanrhee, die onder N.:o 28: desen versellen koomen te blijken,
dat w' niet hebben versuijmt onse groote verleegentheijt om geld, alvoorlange aan sijn Ed:le bekend temaaken, en deswegen hulpe te versoeken, dog dit met see„
„genstaande sijn ons eerst in het laast des afgeweekenjaars, soo vandaar, als uijt Persia toegekoomen d' ondergen: contanten, namentlijk.
den 4:' ber: uijt het schip Zillida koomende aau persia geligt. ..
— 17e xbet. -. 1sugaj jeva van Ceijlonbekoomen - - - - - - - - - - - - - - - - - - - - - - - dukaten 12500. —
. . . . . . . poa/o 5000 - - - - - „ 13079. —
.
.. . .
..
behalven nog 2680. silvere spaancereaalen, bevoorens op den 16e 7ber: desselvigen jaars uijt 'f regatje de wind geligt gelijk wij gaande memor: , waar voorw.
'tComptoir generaal ter montuire van ƒ 9204. 4. 8. in onse handelboeken behoorlijk sullen ontlasten, uw ho. Ed. le agtb: onder N. o 29 sal konnen
verthoonen, waar bij nog komt dat onsen Eijsch van 600 stx: silvere roas uijt souratta tot huijden almeede niet is voldaan geworden, schrijvende de
vrienden vandaar dat niet vermoogens waaren, gemerkt de persiaanse en barssoraase silver aanbrengers op hun tijd niet waaren verscheenen, die petitie
te voldoen, maar meinden ons de genoemde cont. e p. r naasten toete sullen konnen senden, dog w' hoopen des niet temin booven de voorn. 200 lasten
per: welke tot retour voor 't patria na Ceijlonversonden sijn, is het niet den geheelen eijsch voor pensia, en souratta, ten minsten een grootgedeelte daarvan
nogtijdig magtig te werden, sullende tedien eijnde alles contribueeren wat eenigsinds mons vrmoogen is.
soldanigen middel nog bij 'tleeven vand' E. h. r Command. r doorbehulp van den Cochimsen ragia is uijtgevonden, om het vervoeren der pper. door de sluijkers na de
noord te beletten, ende wat wagten tedien eijnde op diverse plaatsen sijn gelegd, hebben w' uw ho. Ed. e agtb: hier vooren, spreekende vande landzaaken, bereeds
in nedrige onderdanigh.t verthoond, ende waar bij soodanig staat gecontinueert tewerden, tot uw ho. Ed. le agtb: desweegen anders sullen believen t'ordonneeren.
fonteer boovende handelwhaaren waar meede wijgelijk uw ho: Ed:le agtb: inden voorenstaanden ontworpen briev vand' Eh. r Command:r zal:r omstandig is verthoond, in
eese tehe
onse pakhuijsen overlaaden zitten, ende waar van eenige 'tbederv meer dan andere onderworpen sijn, hebben op den 20. e 9ber: jongstleeden med het
ae in 10: smegtakleeden, 97. teersche chiomas, 6235 lb: langeppek; en 62e 6 ll: gestrengde zijde des:n ou ger:n tlomget van Wee niets salkonnen omgeset
schip Java nog over Ceijlon uijt bengaale ontvangend' ondergespecificeerde goederen, namentlijk.
op wat enw van chormandel tot huijden geen andwoord op ons voorstel die zaak betreffende hebben ontvangen, van uw ho: Ed.:le agtb: te mogen versaan.
derwaards sonsbest van die bedervelijke goederen, (: vande handelwhaaren die wij weeten in souratta gewild sijn, sullen een goed gedeelte bij ocagie
beoonagelssenden:) sullen moogen ontslaan, ofte hoedanig daarmeede sal moeten gehandeld werden, ten Eijnde dE Comp. desweegen geen schaader
koom is lijden, want alschoon wij de prijsen hier nog meer koomen te verlaagen, en de hand verder te ligten, als bij 't leeven vand' Eh: Command:r zalij ge„
„sijn vande haal evenwel grootelijkx te dugten dat sulkx niet bekwaamge nog sal wesen om de minstgewilde stoffen tijdig, en eer die beboeven
sijn vande hand te schuijven
p wat Wijse de handelboeken deses Commandem.t vanden Iaare 92. volgens 't bijgaande register genombert 30. nu mede p. r tfregatdewind
overgaan, heeve de h:r Command. r zal.r uw ho. Ed. le agtb: in het ontwerp van sijn E. s voorsz: missive omstandig verthoond; wij sullen daareenelijk
in onderdanigheijt bijvoegen, wat winsten hier tersteede cochim, ende subalterne Comptoiren, en residentien op den verkoop van diverse handelnharen
behaald, en hoedanige lasten tot ijder plaats apart gedraagen sijn, midschaders hoeverre de generaale lasten de winsten van'tselve Iaar
alweeder komen te overtreffen, namentlijk.
maanden med het booven g'allegeerde werk der pakhuijsen door behulp der voorn: gecommitteerdens, soo na hun moogelijk was gedaan krijgende, heevd
geen andere bekwaame dienaaren soude gebreeken, en geen ongenoegen toegebragt werden, dat denselven hier continueerde, dewijl sijn E. hem als een bekwaam
dienaar sijnde, alhier in veele occagien en gelegentheeden, waar in hij goed genoegen gav, kwam te gebruijken, med bijvoeging dat hem oversulkx gaarn aande
hand houden, en inder tijd na sijn qualiteijt med eenig vast Emploij versien soude, Indusdaniger voegendan alhier Continueerende, en na verloop van Weinige
se
te
oogh
nd
oorsaam
etij
eelin
trent
egen
van
gsints
and
fficer
ge
uijtsel
osaakten
hadde
over
aanbevooren
tegeeven,
des
bi
ploij
de hem
uijten
te
sijn
Empl
op"
NL-HaNA_1.04.02_1547_0104.xml,"op Cochim benrogener aalewinsten des heevd Cochim meen lasten als winsten
— Coilang sijnde generaale lasten
-
Cananorbevragende lasten des nerlaiten dan adianceij
ende
— Canara en wingurla hebben de generaale tot te moer van de winsten
jnvoegen 't commandem. t in sijn geheel voor a. o 1692. ten agteren staat. . . . . . „ 1510. 14. —
gelijk uw ho. Ed:le agtb: sulkx specifice sal koomen te blijken, ind' aparte opstellingen daarvan gemaakt, en onder N.:o 31. bij desen gevoegd. ook accompagn. t desen onder N„o 33
Een lijste of opstellinge vande koopmansz: welke hier ter custe a:o 92. sijn verkoge en gesleeten geworden med aanwijsinge wat op de geheele parthije is g'advanceet
Insgelijx selb desen omder n:o 3. den mende twee andere dienaelijke te saamen stellingen van p:mo ann:m des jaars 93. tot ult:o 7ber: in kluijs dn, en alhierme
„gesinnen welke bij Expres gecommitteerdens op ult:o junij 93 bevonden sijn, onder des E. comp. s jurisdictie te deser kuste teremoreeren.
Agtervolgens uw ho: Ed:le agtb: gunstige toesegginge sullen indertijd tegemoed sien uw ho. Ed. le agtb: approbatie op dewisselbriev aanden eerw puldik: meerland â 24 p.
Cochimp. r rec:r hollands na Colombo verleend, onderwijlen dat w' ons op 't hoogste verbonden vinden uw ho. Ed.:le agtb: nedrig te bedanken voor d'acceptatie en
voldoeninge der jongste verleende wisselbrieven na costij med gantsch eerbiedig versoek sulkx in eijgener volgen mag geschieden med de nu afgegevene, als
ersten Jacobsz: van vlaardingen oppertimmer t Coope en Cornet onder de burgerije tot batav gerenn tesaamen rijcxdaald. 1562. —
Claas Claasz: galeman van hoorn p.: l opperstuurman op 't fnegat de wind als booven
-
—. Carsten jacobsz: van vlaardingen oppertimmerman op do boodemtje over en ten Eijnde voormeld
.
-
d's comp:s van die onnoodige onkrosten voor het anstaande te bevrijden, sijd de ganoen de agteholde a elant soor enede is waluijde ue et inmele e vereken m
houtwerken als to ht bouwen van die chialoupen soude behodigen di oorkoomende scloeselb oelijt nalutuconijn daor ijne e ooendens val uier ae eine
de aauilicatie twerken soo te hesensteede als omtrent de vestinge Cranganoor, sijn zedert onse jongste onderdanige letteren van den 10:e 8ber: 92 nog vrij veel verdight
egter sullen uw ho. Ed. le agtb. hoogg'eerde beveelen dien aangaande promptelijk gehoorsaamt, en desweegen niets ondernoomen werden, dan alleen 't hoogn
dige, en't geen geen uijtstel kan lijden, gelijk de barmrondsom dese stad, en wel voornaamentlijk aande zeekant, daar deselve noodwendig sal dienen verse
Inde meergem: vellen bij d' Eh:r commandeur zal:r geconcipieert, sal uw ho. Ed. e agtb. tevooren koomen hoe bij sijnE. zal:r en den raad was vastgesteld om
reedenen daarbij g'allegeert, den koopman joannes Spiljardus med alle de bescheijden raakende desselvs doeningen p:r tfregalje de Wind costijw. s op de guns
gecommitteerdens veele belastingen op een seer suspecte en schampers wijse daar bij het inwloeijen, ontgakende de bemat de gehouden prened eenaen voonde gese
kuste, en voornamentlijk siende op den persoon vand' Eh. r commandeur zal:r wien sig daardoor soodanig gekwest vond in sijn trouwe, eed, en pligt, dat sijne
E. den raad die zaak aanbevool, om vand. o spiljardus te vorderen op, depoincten daar van opgesteld soodanige verklaaringen als hij vermoogens soude wesen, med
gemoede, en gerequireerde bewijsen Cjustificeeren, ten eijnde sijne zalr. bekwaam mogte weesen sijne regtmatige reprochen en sal vasien daar teegen in te
brengen, en alles dan te stellen aan het oordeel van uw ho. Ed. le agtb. niet omdat sijne zal. r in't alderminste sig beswaard vond, dat uw ho. Ed.le agtb. daard„
een kwaade inpressie van sijn E. zal.:r soude gegeven werden, maar op dat door dat middel de malitie van soodanigen vileijnie soude openbaar werden, ende schuldig
haare welverdiende straffe, eenmaal tot exempel van andere mogten ontvangen, 'twelk ook bij den raad wierde aangenoomen, ende int werk gesteld, maand:l spiljard:
is daar toe niet in geenendeele te brengen geweest, en thoondegantsch geen agting te hebben, nog voord' Eh:r Command. r zal:r nog voor den raad, waarop haar E:
noodig hebben g'oordeelt tot maintenue vande magt des ovrigheijt, en haar E. selvs, ook om kwaade gevolgen te Eviteeren, dat daar omtrent rigoreuser mosten tewerk
gaan, waarvan d' Eh. r command. r zal:r kennisse gedaanwesende, is na rijpe overweeginge med eenparigh. t van stemmen den 25:e 9ber: des afgeweken jaars vastgesteld
d. o spiljardus niet med gem: boodemtje te laaten vertrekken, ten waare denselven alvoorens d'ordres vand' Eh. r command. r en raad kwaame te voldoen, soowel omtrent
het vooren verhaalde als het stellen van vollemagten om de kwestien nog ingeschilstaande bij sijne afwesentht. te konnen beslegten, en te besorgen dat diverse
prentendenten 't haare kreegen, onder dese expresse clausule, dat bij mancquement vandien desselvs gagie soude cesseeren, enden schipper vande wind g'ordon„
„neert werden de bagagie van gen: koopman spiljardus, die hij sonder ordonnantie, ende alleen op het verthoonen van een licentie brievje had overgenoomen weeder
aanland te doen brengen; alle 'twelke ook d. o spiljardus soodanig door den raad schrivtelijk is aangekundigt, maar denselven bij sijne hermekkigheijt volharden
„de, heevd dit almeede geen effect gedaan, beroepende hij sig doorgaans op uw ho. Ed. le agtb: med bijvoeginge dat aldaar reedenen soude geven van sijne doeningen, onder
tusschen is d' Eh. r Commandeur zal.r ons koomen 't'ontvallen, waardoor w' sulken last op onse swakke haesen hebben gekreegen, om hoognoodigen diensten
als de voornaanse daar omtrent in opneuking sijn gekomen, teweeten: voor een schildem on ^esekend dat So. Julijandus in allen deelen big wederspanig genen
te berde gebragt hebbende, betreffende de bestieringe derzaaken hier ter Commanderije, waar van als voorzegd geen verklaaringe heevd willen doen, sig beroepende op
uw ho. Ed. e agtb:, w' oversulkx ten alderhoogsten noodig oordeelen uw ho. Ed. le agtb: daarvan na vereijsch behoorden gediend teweden, om door het observeeren van
pro, et Contra een vasten besluijt tot uw ho. Ed. le agtb. gerusth. t daar uijt te konnen maaken; tenderdendugten wij niet sonder reedenen voor groote onheijlen
entribulatien onder 'scomp. s bedienden, als anders, bij continuatie vandenselven alhier, alsoo een afgeregte tonge heevd, omdoor overmaatige protigaalh. t
en breed van sig op tegeeven, ja teroepen en te snorken op de gunst van eenige der ho. Ed. e h. ren van uw ho. Ed. le agtb. tafel, omtrent de gemeene man, (:die haer
ligt aan eenuijkerlijk samblant, voornamentlijk soo 'er liberaalheijt bij is, koomen te vergaapen:) sig in groote agtinge enrenonie 't brengen, waar in hem ook tot een
kragtige hulp diend den coopman abraham Vink, om soodanige reedenen als uw ho: Ed. agtb. bereeds hier vooren kortelijk is vertoond, en breeder bij d'extracten
uijt onse laast gehoudene daagelijcxe aanteekeningen kan b'oogt werden, ende waar uijt seer droevige gevolgen indese schielijke verandering des regerings souden tedugten
sijn,, dit alles dan heevd ons doen resolveeren van het laast gen: besluijt te desisteeren, en volgens d' eerste resolutie spiljardus med 't fregat de wind nauw
ho: Ed:le agtb. te laaten vertrekken, inhoope dat uw ho. Ed. le agtb: niet alleen dit ons gering overleg voorwelgedaan sullen houden, als een waarebe„
„tragtinge vande hooghnoodiger ust en vreede sijnde maar ook sorge sullen believen tedraagen dat dE comp. ende verdreprentendenten volgens de nevens
gaande documenten, tot haar guarant sullen konnen koomen, hebbende gen: koopman Spiljardus gelijk bij dieppieren blijkt sijn cap. s op batavia op jntrestloopen
tot borgtogt genomineert van't geene bij sijn transport der Coilangse effecten, nog tekort soude moogen koomen; maar ho. Ed. le agtb: heeren hier hadden wij
nog niet meede gedaan, daarvertoonde sig alweeder een swaarigh. t betreffende den ondercoopman Willem roos, welkeuijt persia med 't gem: boodemtje over
„gekomen, en verscheijdereijsen soo bij d' Eh.:r Command:r zal:r, als ons, over d'onhebbelijke en harde bejegeningen die hem van sijn schipper waaren ontmoed
klagtig gevallen sijnde, wierden daar op diverse maalen parthijen verhoord, en tot ettelijke reijsen de geresene geschillen bemiddeld, med Cerieuse vermaningen,
en recommandatien een goede harmonie ouderling te betragten, dat bij haar ook wierde beloovd, maar 't schijnt den haat soodiep is koomen in te wortelen
datse telkens malcanderen op nieuw kwaamen te vilipendeeren, en misnoegen tegeven, 'twelk eijndelijk sooverre is gekoomen, dat d. o roos ons verklaard wegen
heevd, het hem onmoogelijk was med gem: boodemtje te vertrekken, jngevalle den coopman spiljardus die den aanvoerden vandat gantsch werk was,
daarmeede soude overvaaren, (temeer op dat bekrompe scheepje in sijn geselschap stond te hebben een sieke en seer swakevrouwe:) want de schipper had hem
verscheijdemaalen gedreijgt, wanneerse aanboord waaren, dat hij hem dan nog beeter soude hebben, ende verbitteringe was soo groot dat hij gevaarlijke onkelijk
te gemoed zag, versoekende oversulkx gantsch aanhoudend dat daarjnne mogte versien werden; hier vonden w' ons alweder vrij wat verleegen omdat
boodemtje med gerustheijt te konnen laaten vertrekken, en hebben geen beeter expedient konnen uijtvinden en bedenken, als d.o 200s op deselve
Voorstelling med sijn sieke vrouw alhier aanland teneemen, om bij eerste voorkoomende occagie op eenig ander schip med meerder gerustheijt
te konnen vertrekken, alsoo w' geen oorzaak wilden wesen dat 's Comp. s scheepje eenig gevaar soude loopen.
venkoopman alexander Wigmans bedankt uw ho. Ed. le agtb: andermaal gantsch eerbiedig voor de gunstige aanstellinge van sijn persoon tot koopman
en Coilangs opperhoovd, onderbelovten sig die eere med alle schuldige trouw en vigilantie te sullen waardig maaken; hoedanig denselven (:Wanneer
den E. administrateur snik doord' Eh. r Commandeur en raad om soodanige reedenen, als uw ho. Ed: le agtb. inde pampieren onder N:o 35 bij desen
gevoegd omstandig sal koomen te blijken, wierde buijten bedieninge gesteld:) van coilang op ontbooden, en alhier d' administratie deser command.r op g
„draagen, midschaders, weinig tijds daarna bij 'toverlijden vand' Eh. r Command:r zal:r tot p. l gesaghebber aangesteld is, saluw ho. Ed:le agtb: bereeds in't
Voorenstaande gebleeken wesen, en verder koomen te consteeren bij d' Extracten uijt de daagelijcxe aanteekeningen onder N: o 16. deser versellende;
denselven vond sig doen de h. r Command. r denweg van alle vleesch gegaan was, vrij wat beswaard, indusdanigen lastigen pak, op het
Ernstig houden vandenraad, tot nader ordre van uw ho: Ed.: le agtb. 'accepteeren, temeer niet alleenelijk eerst nieuwelijkx van
. . .
„ 183540. 14. 14. ƒ 156621. 19. 9.
ƒ 340162„14. 7.
Coilangh
-
:
-
.
ƒ
-- - --ƒ 27. 10. — „ 838. 9
.
838. 9.
ƒ 205764. 8. 9.
. . .
v
aan
g
Ed
ge
hr:
van
pen
Wijders
denc
agt
d
delij
gen:
ge
bij alde
sig
onder
m
Aande
ind
resi
ban
wil
sijn
om
op
lijd
om
sch
bed
en
aan
Wi
d
b
uij
da
-"
NL-HaNA_1.04.02_1547_0105.xml,"42
moerlikeden raelde den presenten desolaaten toestand, en dathij, alsood Evink een swaare verandwoording op sig gelaaden hebbende, sulkx onmoogelijk in desen
omme, benevens den p l onderkoopman, en ordinair gecommitteerde aan het Cochimsz: hov Louis taijspil, de vergadering indese gevaarlijken tijd te
versterkken, en naar hun blijden vermoogen ('onderschraagen:) med andermaale ootmoedige supplicatie dat uw ho. Ed. e agtb: haar gunstelijk believen te
honoreeren, med d' absoluite ondercoopmans qualiteijt temeer hun die hoedanigheijt al inden jaare 1691. door den ho. Ed. le h. r commiss. s generaal (L:m:)
onderbelovten van haare actens eerlang te sullen krijgen sijn vergunt, en zij overmids sijn ho: Ed. s siekte, en daarop gevolgde dood tot huijden van deselve sijn
versteeken gebleeven
Den geweesen pakhuijsm. r Joan van Raasveld, meede eene der politicqueleeden sijnde, die in den Iaare 1692. bij ootmoedig request omtrent uw. ho Ed. le
Agtb. omde hoedanigheijt van onderkoopman had versogt, heev d'tseedert in 7ber: jongstleeden, alsoo dependoor jndispositie niet langer voeren, veelminde pakhuijsen
waarneemen konde, aan d' Eh. r Command. r en raad versogt soo wel van die lastige bediening als van sijncessie in raade ontslaagen temoogen werden, ende ernstigh
g'insisteert dat gunstig mogte werden bedagt med een vaandrigs plaats onder de militie alhier, 'twelk hem doenmaals door den Eh. r Command:r zal. r en
raad op approbatie van uw ho. Ed. le agtb is g'accordeert, dog onder expresse voorwaarden dat eerst soude gehouden blijven, de pakhuijsen tot ult:o Iunij 1693. doen desel„
ve door twee Expresse gecommitteerdens sijn opgenoomen, behoorlijk te verandwoorden, sijnde den E. administrateur abraham Vink te dier tijd oversulkx mede
aanbevoolen de negotieboeken med alle moogelijke spoed, tot soo verre effen te stellen, dogtselve tot huijden niet geschied wesende, vindenw' ons om
gewigtige reedenen teegenwoordig gedrongen 'teen en ander (:als booven onder dematerie van den pakhuijsm. r thivart zalr nogmaalen gesegd is:) lotuw
ho: Ed:le agtb: nader dispositie uijt testellen, inmiddens dat ootmoedig versoeken uw ho: Ed.:le agtb. de tegenwoordige pakhuijsm.r Leendert blankert
geweest sijnde equipagiem. r te deser steede, en den adsistent hendrikpaauw, welke beijde inde maand 7ber: voornoemd die administratie door den E.
h:r Commandeur zal:r en raad is aanbevoolen, meede in gunstige gedagten believen te houden, en hun jnsgelijkx med de qualiteijt van onder coopm:
tamimeeren, hebbende den Eh. r command. r zal. r, overmids den swaaren ommeslag en Emportantie van dat bewind noodig g'oordeeld 'tselve door twee bekwaame
persoonen gelijk hun voorn: pakhuijsm. s tot nog betoond hebben te sijn, med gelijke verandwoording te doen waarneemen, en beloovd hun beijden ten eijnde zij
soodanigen verbetering mogten erlangen, gunstig aan uw ho: Ed. le agtb. te sullen schrijven, 'twelk overmids sijn E. s ontijdige dood niet geschied sijnde
nu door ons in needinge onderdanighet werd volbragt, gaande hunne ootmoedige versoekschuiv ten onder N:o 24. bij desen
en tractement in eijgenen voegen als de mes: spiljardie en van deekonite 'ts elve alhik door o e ns d es ofgegaan „ betreffende de goed poeninge van desselvs gagie
meis sen tleda wogo lede eragen son i ehoonden oan iuilentie en nouwe diensten soodanigen dankbaarheijt te sullen thoonen als uw ho: Ed:le agtb: van een persoon die sijneed,
nde heije vaartuijgen te Crimsjan, en anden blasen, geweldelijk doen aanhaalen, endegederen onder seen offander prietecet, daar ij erigten sonder dat wijsulkx ge¬
„merkt ons niet bevoegd agten, indeesen dangenieusen tijd grooter verwijderingen te causeeren, voor als nog vermoogens sijn te beletten, endewijl ons uijt alle het gepasseerde
toeschijnt dat gen. Co:s niet tot reedelijkheijt veel min tot restitutie van 't geene haar ho. dE Comp: heevd doen ontrooven sal konnen gebragt werden, sonder te dien eijnde
Aandenoordkant van dese commandr st, tot ons innenlijk laedweesen niet veelbeter geleegen, dan omde zuijd, sijnde de logie tot wingurla in maij des verleeden jaars door
een troep mogolsemooren onder het beleijd vanden veltheer serbatchan overrompeld, endes Ecomp: s resid. t jacob trog neevens de verdreEur: dienaaren aldaar bescheijden
ind' ijzers geset, hoedanig sig dat werk heevd toegedraagen saluw ho. Ed:le agtb: benevens 't vervolg vandien omstandig koomen te blijken inde geschriev ten doorgen:
barseloor Conmoor en van hier gesz: alle incopia ondern:o 36. desen versellende, waarbij ook gevoegd is een verklaaring belegt door tweesold.ten die, wanneer de logie
wierd overrompeld, aldaar meede present geweest, en benevens den resid. t ind ijzers gezet, maar naderhand ontslaagen, en over canora en cananoor herw. s aangekomen
sijn, aan allewelke geschriv tenw' ons kortheijt des tijdshalven gantsch eerbiedig gedraagen. wij hebben niet nagelaaten allemogelijke debvoiren aantewenden
om d' ontslaging vanden resident, ende restitutie vandes Ecomp. s logie waare het doenelijk te bewerken, ende tedien Eijnde een briev aan voorn. veld overte
serbatchan gesz: waarin wij hem voogden te beweegen tot het wederovergeven der Logie kosten schadeloos aand' Ecomp„ midschaders het stellen van haar Ed. s bedienden
op vrijevoeten, med vergoeding van desselvs geleedehoon en schaade. dog daar op is geen bescheijd gekoomen, insgelijkx heevd den resid=t hendrik Wijnhout soo haasthemde
omwaare tooenelijk als aan de restitutie en herstellinge te bewekken, dog daar op is almeede tothuijden niets gevolgd, alhoewelde vrianden in andw: aan gem: nesie.
schrijven, dat desweegen hun best, en te dieneijnde bij den gouverneur aldaar versoek doen of wel een expresse afvaardigen souden, aan 't hov vanden grooten mogel
hoogschijnt teneemen, en diendhalven grotelijcx op denselven vertoond toe velen hebbende heer volgens de gertiglen in voorm: geschingeld ende roord en schalde aan haar Ed:le uijt
te keeren, dog de grootste bedugtinge is, dat den Nabab voornoemd, d'ongunst van Sijn heer vreesende, sig wel ligt teegen denselven mogt koomen op te werpen
en bij ramragia te vervoegen; 'twelk den tijd sal moeten ontdekken, onderwijle sullen van hier meede een briev (:gelijk d' EH:r Command:r zal. r voorneemens is geweest)
aanden keijser orangseeb, dien verstaan dat sig present in sisiapour onthout doen vervaardigen, en jnsgelijkx beleevdelijk andwoorden op de geschrivten vanden
Wingurlasen dessaij kempsant, als andere h=re Command. r zal. r hebben gecarteert als d' afschrivten onder N. o 36. bij desen gaande uw ho. Ed. e agtb: sullen verthoonen.
wegens Canara konneuw uw ho. Ed. le agtb. almeede tot ons leidweesen niet veel goeds bedeelen, sijnde de nieuw geschep te hoope op de gemaakte Contracten, gelijk w' vinden
door uw ho. Ed. e agtb: in haare hoog g'eerde missive van den 18. e 8ber: 1693. alvoorspeld tewesen, weeder bij na inrook versweenen, en alle de verwagtinge diementigh
daarvan beloovde, andermaal verijdeld, gelijk uw ho: Ed. le agtb: omstandig sal komen te blijken, ind' extracten uijt verscheijde brieven door den resid. t hendrik Wijn„
„hout successive van daar aan het opperhoovd, en raad tot Cananoor gesi:, en 't geene daar op van hier na de laastgen: plaats is g'andwoord, versellende desen onder
dan omtrent dewaarde van 2000. pa/o sijnde ongeveer een vierde gedeelte vande gantsche gecontracteerde parthije, en dat de particuliere koopluijden aldaar nog deven soo
bassiaija die alles na sijn eijgen fantasijen schijnt redirigeeren, legen tgemaakte Contract dat d'Ecomp: gehouden sal wesen voornoemde Coopmanz=: bij woo
uijt verstrekkinge introcque van rijs af testaan, en te dien eijnde scheepen derwaards tesenden, om die graanen aftehaalen, sonder dat de protestatien diewegens
da E comp„ s laartegen sijn ingebragt ijtwes hebben konnen obtineeren, uijt alle 'twelke niet anders te voorsien is, dan dat genoodzaakt sullen wesen
te voorsien, staande de twee eliphanten, welke door den Ed:le h:r raad extraord inain vanjndia en ceijlons gomerm„r homas van hll op ons voorig ge„
daane versoek voor gem: vorstinne herwaards gesonden sijn, hier onderwijle meede, tot nader dispositie van uw ho. Ed. le agtb: aande hand gehouden te
werden, maar gemerkt door d' Eh. r Command. r en raad op den 25. e 7ber: 931 gelijk uw ho. Ed. le agtb. uijt d'extract notulen onder n. o 16. desen
gsellende sal koomen teblijken:) geresolveert is bij 't eerste openwaater een besendinge te doen naar minzee, of Coudaar omme tetendeeren
of decommercie aldaar op te wakkeren soudewesen, temeerd' apparentie daar toe sijnE. op canara sijnde seer favorabel waaren gevere
gekoomen, rebbeuw beslooten deselve soo haast eenigsinds moogelijk te laaten voortgaan, en daartoe, volgens resolutie, te gebruijken de jagtjes
de jager en plathuijs (: aldus door het gemeen wanneer van een kruijsser tot een jagt gemaakt, en med driemasten versieuwas genoemd:)
mediteerende resolutien sal koomen te blijken, van sijn ampt encessie inraade is ontslaagen geworden, dog nu na 't overlijden van gem: h. r daar weder ingetrokken,
door d' Eh. r command:r zal:r wiens aanbehuwde swaager hij geworden was, op den 2.:e 7ber: jongstleeden, gelijk uw. ho. Ed.le agtb: breeder inde booveng'allegeerde
sig genood, drukt gevonden die sorge or zig teneemen tot soo lange uw ho Ed:le agtb: daarinne sullen believen te versien, gelijk hij, en wij neevens hem nogemaalen
contribueren mat betncosund nd ostiene welke humsindeel salve van on densoei toe ne paorstin do e de atbe ondermaaland diee erbied in dagten laanto Ed: agtb:
g
'thoog a
verbete
steld om
de gun
hila
esen, inde
daard
rlfen
en taaat
gesteld
trent
erse
g'ondon„
der
volhaarden
en, onder
diensten
dati
depo
endingh
op
van
heijlen
gaalh:t
die haar
teen
tracten
en tedugten
a
be„
de never
wij
je over
med
tel
verklaard
enkesas
had hem
heijk
omdat
op deselve
heijt
man
wanneer
bij desen
opp
in't
het
dd
uw
gethoon
e
wee
gestee
gemerkt"
NL-HaNA_1.04.02_1547_0106.xml,"gemerktaan dienkant moogelijk meerder vertier van handelwe haaren konde vallen van'tjagtje dejager van weinig lasten sijnde, alleen soude konnen wegsleten besael„
ven dat daar ook meede sullen tragten te versenden, den eijsch van koopmansz. en benoodigdheeden, door de hoovden op Canan. s voor desen jaare 94. van hier gedaan, maakendew saar A„o 169
dat de plathuijs 2o lasten sal konnen voeren tot die besending sijn bevoorens door den Eh:r commandeur zal:r en raad genomineert geweest den onderkoopman en cassien„
matthijs dirksz: sonsbeek als daartoe, overmids sijne lange continuatie alhier ter kuste bekwaam, en inzaaken betreffende, de negotie ervaaren sijnde, beneevens den E. Vrijd
adsistent jacob valot, laast geweest sijnde resident tot porca, welke blijde persoonen w' dat werk volgens meer gem: resoluitie sullen toebetrouwen, onderhoope 't selve den
gewenscht succes erlangen, en den handel aandienkant daard oorleevendig werden sal, hebbende voorn: jagt:s de jagen en plathuijs bereeds een geruijmen tijd ten eijnde
voorsz. belaaden med de vereijschte koopmansz: inderevierklaar gelegen, dog d oor de siekte en daar op gevolgde dood van d' Eh:r command:r mid schaders diverse andereobsta„
culen tot huijden niet konnen versonden werden, 'twelk nu als booven gesegd onder godes geleijde, binnen wenig daagen staat te geschieden, wij sijn tot dit besluijtteeene
getreeden ho. Ed. le agtb: heeren, omdat d'E h:r der landen van mirsee, of coudaar, ons voorweinige maanden soodanigen briev heevd toegesonden als desselvs translaat onder
N. o 38. desen accompagneerende, uw ho Ed:le agtb: sal koomen te verthoonen, waarin wij niet alleen door dienh:r selve werden aangesogt, maar ook seer favorabel beloovd dat
jn't eerstejaar nog d' E Comp: nog sijne landskoopluijden geenige thollen of geregtigheeden sullen afgevorderd werden, tgeen onse hoopemerkelijk deed vergrooten
Wij versoeken nevens gen: onderkoopman matthijs dirksz. sonsbeek gantschnedrig dat het uw ho. Ed. le agtb: wil believen sijn persoon endemoedige supplicatie op den 10:e 8ber
1692. tot nuuw ho. Ed. le agtb. overgesonden ingunstige gedagten te houden, teneijnde hij eenmaal vande lastige verandwoordingh hem door toedoen van kwaadwillige
menschen (: gelijk uw ho. Ed. le agtb: inden largo brievvangen: dato omstandig is verthoond:) op den hals geschooven, mag ontslaagen raaken, en sigverder g'amineert
vinden om 't waare belang vand' Ecomp. e die hij hier ter kuste 31 Iaaren gediend heevd, meer en meer te behartigen, konnende w' geheel niet twijffelen of hijs alsig
dieweldaad, nevens uw ho. Ed. e a. verdre gunste door neerstige en getrouwe diensten poogenwaardig te maaken, gaande desselvs naden versoekschriv honder N:o 24. bij desen.
weegens Cananoor wetenw' uw ho. Ed.:le agtb: niet anders te schrijven dan dat de negotie aldaar indenjaare93. weeder niets ofte seer weinig beschooten heevd om dat voege
de getuijgenis der bedienden voorweinige handelwhaaren den prijs, daar op door den ho. Ed.:le h:re Commiss. s generaal Lmn: gesteld kan werden bedon
„gen hebbende den koopman en opperhoovd aldaar adam van der duijn indato den 25. e 8ber: jongstleeden aand' Eh:r Command. r zal. r en raad gesz: dat den
moorsen regent adragia had aanbieding gedaan van 50. cand. len Cardamom te weten 25. cand. l bariga teegen 65. en 25. d. o pel tot55. moorseduk. n 1 cand van 500 lb
aand' Ecomp, e wanneerden tijd van het nieuwe gewas soude gekoomen sijn, te willen leveren, als mede 50. cand. en pper: tegen 17½ duk. e 'tcand. t waarop door voorm:
sijne is g'andw: dat den pper: d'Ecomp. e voor als nog tot soodanigen prijs niet aanstond: ende belangende den Cardamom was bereeds cont. aangegaan med
den koopm: abugaporboe, welke aangenoomen had tegen den gestelden tijd, soo veel van die specerijen te sullen besorgen, als tot voldoeninge der petitie wiende gerequireert
de fortificatie pak=en woonhuijsen aldaar sijn volgens berigt vande bedienden voornoemd tsedert een Iaar herw. s nog almeer vervallen, danuw ho. Ed. le agtb:. op den 10:e
8 bek:t 92. inonderdanigh. t is bekend gemaakt, wesende injunij 93. weeder een bres op het waterpas aande zeekant van meer als 30 voeten lang gekomen, en soude
het jngevallene stuk weg gespoeld hebben, bij aldien men daar niet tijdig waare voorgeweest, dog den oodige reparatie was door het opperhoovd vander duijn,
uijt gesteld op hoope d' Eh.:r command. r naverloop van't reegenmousson persoonelijk soude hebben derw. s gekoomen om hem wegens 't een en ander van de noodige ordres te
versien, 'twelke overmids sijne: s indispositie en ontijdige dood niet geschied wesende, hebben wij noodig g'agt uw ho. Ed. le agtb. desweegen inneidinge onderdanigh. advij
te geven med gantsch eerbiedig versoek van uw ho. Ed=le agtb: ordre gediend tenwogen werden hoe ons daar omtrent sullen hebben te gedragen
a oordeelen te mercherenEda. hun in gunstige gedagten souden believen te houden, ende tehonoreeren med soodanigen verblver naar opensoonen daad hdE: agtb: na behooren
geworden tot E:r clerq ter sec:rs en sec:s van den raad van justitie te deser steede onder belopte hem als een borst die sulkx meriteerde eerlang te sullen begunstigen medde
qualiteijt van boekhouder, dog sijn. s indispositie en daarop gevolgde dood sulkx verhindend hebbende, vrsoekenw' mies desen gantsch ootmoedig het uw ho. Ed. e agtb: behaa„
gen zij hem gunstig tewillen bedenken, en med gen. hoedanigh:t benevens het ordinair ondercoopmans tractement Camimeeren niet dubiteerende of hij saldie
weldaad sigwaardig maaken, jnsgelijkx versoeken w' demoedig uw ho. Ed.:le agtb: ingunstige gedagten believen te houden den jngeneur hans jungen tarnant, welke
door d' Eh. r command. r zal. r mem: op den 1. maart 92. tot p. l vaandrig aangesteld sijnde, meede den 10:e 8ber: 1692. p:r de stand vastigh. t aan uw ho: Ed. le agtb: gere„
questreert, en 't seedert dien tijd in gen: bediening wel en als eenwakken officier gedraagenheevd, meniteerende oversulkx uw ho. Ed. le agtb: gunste.
Op den eijsch door uw ho. Ed. le agtb. indato 8. e 7ber: jongstleeden van hier gedaan, gaan bij desen in een beslooten kasken tweelb: camphen olij getrokken uijt
wilde caneelwortel, dog de 1oll: verschecardamomcabessa hebben w' tot ons leedweesen nog niet konnen bemagtigen, maar verhoop en uw ho. Ed. le agtb. deselve
p. r naasten te sullen konnen toesenden, sijnde de 100 stx: cair of vijgentouwen bereeds mede tot Coilang gelast te versorgen, en staandeselve insgelijkx bij voorkomen
scheeps occagie Costijwaards geschikt te werden; inmiddens verseld desen onder N:o 39. onsen eijsch van benoodigtheeden voor dit loopende jaar 94. waarop Conson
uw ho. Ed:le agtb. beveelen gespecificeert sijn de goederen welke op onse jongste petitie nog komen te gebreeken med gantschulding versoekteen en ander bij occagie
temoogen gewerden.
hier vooren hebben w' uw ho. Ed:le agtb: mi needrige onderdanigheijt bekend gemaakt d' overkomste van den onderkoopm: marcellus golsius en boekhouder,
Cornelis van coulster med bijvoeginge dat deselve alhier dewijl ergeen bedieninge vacant waaren tot uw ho. Ed. le agtb: nader dispositie buijten empleijsouden Donder
continueeren, dog bij nader beraadslaging over de besending van den ondercoopman en cass. n matthijs dirksz: sonsbeek naminsee hadden w' (niet tegenstaande den ontv:r
scholten, tot sulkx bevoorens door den Eh. r Command. r en raad, gelijk bij de resolutie vanden 27:en 7ber: jongstleeden was genomineert:) beslooten de cass. s plaats vrijd
geduirende desselvs afweesen te doen waarneemen door voorn. ondercoopman golsius, ende sijne med een inde politicque vergadering te trekken, om soodanigereede
„nen als uw ho. Ed. le agtb: sal consteeren inde resolutie bij eenparigh. t van stemmen getrokken op den 21. e deser dog meergem: ondercoopm. marcellus golsius
'tselve aangediend sijnde, en sig daar toe 'teenemaal ongeneegenthoonende heevd sulkx gelieven terefuseeren, med bijvoeginge dat den raad alsoo 't maar voor
weinige maanden soude sijn, daarmeedeijmand anders, welke sig bij retournement vanden ondercoopm. sonsbeek, ligter of med minder moeiten vandie
bediening soude weten C'ontslaan believen te versien, dog bij aldien de vergadering konderesolveeren hem tot opperhoovd van coilang aan te stellen soude sijn E.
sulkx genegentlijk accepteeren
dog den boekhouder Cornelis van Coulsier insgelijkx volgens besluijt in raade genoomen aangesegd sijnde dat sig voor eenige dagen soude hebben te vervoegen ten huijse vanden gewesen
administrateur abraham Vink omme d' overdragh der negotieboekken tot ult. o junij 1693. te besorgen, ende sijne verder na vermogen indat werk (:gemerkt den boekhouder, en
overdragen jsaac Constant daar sijn E diversemaalen om versogt had, door den p. l gesaghebber en administrateur alexander wijnhout zegge wigmans niet kondegenie
werden:) te helpen, heevd sig daar toe niet alleen bereijdwillig gethoond, maar ook tot alhet geene de vergaderinge verder oordeelde door hem ten dienste den E comp soude jder int
konnen verrigt werden, sijnde denselven voor sooveel ons tot nog is gebleeken een persoon van goede hoedanigheeden, redelijke kennisse en heusschen ommegang nder, onder„
dewijl den koopm. babbaporboe den eenigstenis die alhier nu twee agter een volgende jaaren Cauwa, welke hij med sijn eijgenvaartuijg uijt mocha had doenhaalen jaande
aand' EComp. e heeve geleverd, hebbenw in opvolginge van uw ho. Ed:le agtb: beveelen denselven bij geschriv te afgevraagt hoeveel cauwajaarlijkx dE comp. tot een
gestelde prijs soude vermogens sijn te besorgen, waarop huijden van hem soodanigen andwoord uijtpananij bekoomen, als het afschrivt vanden briev onder n.:o 27. bij
desen gevoegd uw ho. Ed. le agtb. sal konnen verthoonen, hij segd daarin teegen 7ber: aanstaande 1008 lb: en wijders sooveel als d' Ecomp: soude benoodigen
te sullen konnen leveren, tegen 15. p. r c. to minder dan den persiaansen prijs, mids dat de betaaling kome te geschieden inropias spaancerlaken of Europ.
dukaaten, namentlijk de tweer=as off een reaal gerekend tot een rx:rs of driegls. ende dukaaten tegen tweerd.:s of 6. gls. rp. s , sijnde han daarvoor tot satur
huijden pall. pa/os tegen 2 rx:s ijder betaald, een briev door hem aan uw ho. Ed:le agtb: versz: gaat onder N. o 40. ook bij desen
desen tot dus vere geminuteert sijnde werden ons door den cochinsen ragia soodanige klagten over den geweesen administrateur abraham Vink en coopm:
spiljardus gedaan als d' oladoongen. co. s aan uw ho. Ed. le agtb: gesj: en benevens desselvs translaat onder N. o 41 desen versellende uw ho. Ed. le agtb: sal
konnen verthoonen, 'tafschriv w vande klagten door sijn ho. t desweegen aan ons gedaan, hebben wij tot uw ho. Ed: le agtb: speculatie daar bezijden gevoegd,
ende waar aan ons om desen niet te verlangen gantsch eerbiedig refereeren
demarigmaalen op voorenstaande onsegeringe letteren werden ditmaal (:om het fregatje de wind niet langer op te houden korth. e des tijds
halven, ende vermids desec. wiens pligt het anders is die te besorgen, door ons tot het concipieeren van desen briev selve is gebruijkt geweest,
onder uw ho. Ed. le agtb. gunstig welneemen g'excuseert, dat gantsch nedrig versoeken uw ho. Ed. le agtb: om voorn: reedenen sig niet be„
lieven te laaten mishaagen, ende.
Waarmede
Hoog Ed. le agtbaare hoog gebiedende heere en heeren
desen eijndigende verbidden w' uw ho. Ed. le agtb: ingodes heilige bewaaringe, jnmiddens dat alle onse cennen sullen jnspannen tot behertiging
van 't geene soo hoog, volgens eed, eer en pligt aan onse h.:ren enm. rs in't vaderland, en uw ho. Ed:le agtb: verschuldigd sijn, teneijnde, voornamentlijk indes
dangineuse tijd kome te blijken, dat wij naar onse nedrige eerbiedenisse med diep respect sullen poogen te blijven uw ho. Ed:le agtb: ootmoedigste,
en aldergehoorsaamste dienaaren, was get t, a: Wigmans, Cornelis blikland, jacobus Van outshoorn, Warnar vander knaap, maximiliaan
stoffelsz:, pieter roos raad en sec. s, Leendert blankert en Louis taijspil, jnmargine, jnde stad Cochim op de kusie mallabaar desen
22. e januarij anno 1694.
Gecollationeert Accordeerd.
Cochim den 10:en Maart 1694.
Voadingh
C:Clerk
maand
woensc"
NL-HaNA_1.04.02_1547_0107.xml,"43
Extracten uijt de Daagelijkse Aanteeckeningen, Concerneerende
err
overvallen voor 't toekoomende present te sijn, en sijn E. in alles d' behulpsame hand te konden bieden
Endewijl den E. h=r Command:r nog dagelijx verswakte, en nauwelijcx meer instaat was om eenige ordonnantien ofte andre geschriften
te onderteeckenen resolveerden dvegaderinge wijders, den koopm: en p:l administrat:r, med voorkennisse van gem: heer Commandeur,
algemeenen dienst van d'E Comp:e insaaken die geheel geen uijtbel konde lifdeijten sijnde beselve tet: daen grooter, verval oft veragteringh
was berustende in plaatse van zijn E:s naam soude vermogen testellen op paspoorten die aan jnlandse vaartuijgen wierden veerleend,
insgelijcx (:med preadvijs aanden raad:) op actens van matroosen, en soldaten die hun verbonden tijd uijtgediend hebbende, genegen waaren ander„
„maal voor d' ordinaire verbeetering van twee gls: p:r maand aan d' E Comp:e te verbinden
e  au an ouon nie    n ot te uin rdn
brieven voor 't vaderland med de ratoin scheepen dienden versonden tn werden, soo recommandeerde sijn E: voornamentlijk te besorgen dat deselve naar hunne
e e e eangen om desweegen na vereijseh te konnen disponneren, gel meede dat Ifregatie d'wind dea
van gesz: had, soo haart moogelijk verder voltoijt te werden, op alle 'twelcke den raad eenstemmiglijk beloovde hun naar vermogen te sullen quijten ende volgens de
wijnige Ervarenth:t die sij van zaaken hadden te doen 't geene oordeelen soude ten meesten dienste van d' Ecomp:e te verEijsschen tot soolange sijn E. (:gelijk alle
betuijgen vierighlijk te wenschen dat in korten mochte geschieden:) weeder soude hersteld ofte ten minsten door godes genade tot een beeter staat gebracht
wesen, med versoek sijn E. sig daar op believde teverlaten, maar om zijn E:s begeeren aangaande 't afvaardigen derbrieven na 'tpatria en batavia
na hunne beste kennisse tevolbrengen versochten zij dat d' Eh:r command:r believde aande secretaris te verhandrijcken alle d'Ecomp:s papieren
welcke dus lange onder zijn E. berust hebbende, noodigh waaren tot het vervaardigen der brieven voor 't vaderland, en batavia, 't geene sijn E. aannam te sullen doen,
ordigen toe
dinge dat sij namelijk hier houde stulten waaromme mon niet sondende doo ad a besind et werde oor qnader gevolgen, en continueerde d raad ersonen
ende  laad te bewegen hee Abraham vineheser voorteslaan &a Indbatatia, enden gen van het testament, uijti servhuijs in zoude, en
sig
be
elessen
elen
ae
vijdg
behal„
enkar A„o 1693:
weden
teneijnde
verscheijde zaaken, in raade van Mallabaar, beslooten, en vastgesteld
mer
e
r
kom
geneede
gewesen
en
degeni
soude
en
totelin
27. bij
gen
urop.
tot
jaande
welck"
NL-HaNA_1.04.02_1547_0108.xml,"op desen holvn en dass: matthijs in ve totenende alle zijn namentlijk bedie ven het tesamen versulcx versoch selve ook wel de veroderinge, dier besluijten en soo haast mogelijk een
welck protest ot
eenig
en   vande Coninginne van cochim te konne de welcke ola den raad voorgeleesen zijnde, selde dde haar Ed=le veeltijds
ende deselve op de bestvoegenste wijse te Excuseeren, den raad oordeelde van Ja, maar was ook van gevoelen dat nu om veelewigtige aanmerc„
hinmand hebbende dan d'E Comp: one zijn ho:t tamunneeren, en tot wel doen op te wecken, naar uijterste vermogen dien den g'adlikeert en onder
schraagt te werden, waar op na rijte deliberatie med eenparige stemmen is goet gevonden sijn ho:t vijfhond:t rEE:s hoe tevoegen, om naderhant
ingehouden te werden, van den thol der alphandigo sijn ho:t compiteerende
ende ofsontsbeeck te doen waarnemen, door daaron aangekomen, den onderpo:t alhier eenigen dienst (:overeee nog beter konnende faceeren, dan den 1
te laaten vertrecken
ig hlen waerd nn ane ondircoten and lin kelitmamen, enden colven oulster, of zijn vensoek als dan bij gecompanteerd
it eteet in e e en ale vond en e e te lud e oe lusele int lan, eliue t an senen uit iuiliume
verrigt werden
(was gel:t) alexander wighmans, Cornel:s blickland, I: van oudshoorn, warnaar van d„r knaap, I:s Scholten, M: stoffelsz
Pieter 200s. sects., en Leendert blanckert, En Louis taispil
v
Aan d' Edle. ho. agtb. heeren, de hren bewindhebberen ter vergaderinge van xvij:e
representeerende de generaale Nederlandse g'oxtroijeerde oostindische Comp.
Amsterdam
Patria
Edele hoog agtbaare heeren
d'ontijdige en seer beklaagelijke dood van d' Eh. r commandeur jsaac vandielen, welke den 25. e deser na eenlangd uirige seer pijnelijkesiet 16. rol
aanmerkingen vande kortheijt des tijds, doen resolveeren de pampieren en geschunten, welke bereeds bij tleeven van sijne ten meermatje
11. ko
Caauw dat tot coilang zeilvaardigheijd naar gale voort teporten, omde thuijs vaarders des teseekerder te beloopen, oordeelende het 12.
tot
beter teweesen uw ho: Ed:le agtb. wegens den toestand van mallabaar alleen stx. gewijse, dan geheel geen berigt tegeven, onderhoope„
en
vast vertrouwen dat uw Ed. le ho. agtb: sulkx sal behaagen, temeer ons den Ed. le h. r raad Extraordinair vanjndja en ceijlons gouverneur
thomas van rhee heevd gelieven aan te kundigen, dat sijn Ed. e derepatrieerende scheepen in den beginne vande maand januarij ao 13. kon
„staande soude doen vertrekken, ende volgens uw ho. Ed. le agtb: g'eerde beveelen, om geenige jnsigten vermoogens was op te houden
m
uijtwelken hoovde danevidentelijk te dugten staat dat de brieven bij aldienw' langer tijd spilden med uw ho. Ed. e agtb: volgens
onse hoogste gehoudenisse een omstandig berigt van zaaken tegeven, andermaal, gelijk nu eenige jaaren agtervolgens 4. d.o
geschied is, souden telaat op galekoomen, ommed de boodems, welke onder godes geleijde vandaarstaan te repatrieeren, versondente5
konnen werden, ende dat uw ho: Ed:le agtb. gevolgelijk wederom souden versteeken blijven vande nu overgaande advijsen, waaruijtwe
6.
verseekeren uw ho. Ed. le agtb. is 't geen volkoomen, tenminsten groot ligt sullen erlangen wegens den toestand deser commanderije
onderwijlen dat wij niet sullen versuijmen uw ho. Ed. le agtb. med diepe eerbied, ende naar uijtterste vermoogen binnen korten over persiae
omstandig relaas van alles tegeven, waar op gantschulding versoeken uw Ed. e ho. agtb: sig believen te verlaaten, ende verseekerd te
9. dit
169
sig
weesen
Dog op
E
dat sij
sij
ge
o
agt
be
sou
ge
gan
20
gen
all
en
R
sij
sw
va
he
w
w
8
gen
agt
den
mo
ons
bij
all
sijn
dusda
wi
een
ho
2.
sch
ko
de
4.
bu
de
en
be
wee
Tot"
NL-HaNA_1.04.02_1547_0109.xml,"Voegens en ein nwige tebeversigen stan de en heele in lagatije de w me eitewering dragen acrenate: voode ameb. tijso unde andangineusen en seen gev aanln. tijd 4
geraakt weesende, te deser rheede uijt persia kwam te verschijnen 't fregatje de wind sijnde van daardirect naar batavia gedestineert, dog alhier
ortffaen aanenara tegewinnen, welk boodempje alhier door sijne wierde opgehouden, om daarmeede de noodige advijsen aan haar ho Ed=le
Agtb: na batavia af te vaardigen, gelijk sijnE. daarmede dan opstonds een begin maakte, dog kort daarna weder onvallende, en andermaal
bedlegerig Werdende, wierde geresolveert 'tgen fregatje alleen med een geleijde brievje na batavia te laaten reijsvorderen, gelijk ook effect
soude gesorteert hebben, bij aldien sijnE. weeder eeniger maaten hensteld sijnde, niet genoodzaakt waare geweest, overmids de handelingen vanden
geweesen administrateur abraham Vink, en andere voorvallen 'twerk andermaal op te vatten, hebbende alvoorens med bewilliging der
gantsche vergaderinge tot desselvs versterking nog inden politicquenraad getrokkenden lieutenant maxm stoffeltz:, p. l onderkoopm. pieter,
hoov, en equipagiem. r Leendert blankert, en wederom daar buijtengesteld sij mE. s swaagen, den sec. s joannes Scholten (:inwiens plaatse
gen: 200s was op getrleden ingen raakende gem administrateur vink, en ' aanstellen vanden koopman alexander Wigmans tot p. l admli„
nistrateur in desselvs plaatse nader sal komen te blijken, uijt de resoluitien getrokken innaade op den 5. ' tot den 24:' 8ber: deses Iaars
en onder N. o 5. bij desen gevoegd, waar aanw' ons, kortheijt des tijds halven, gantsch eerbiedig refereren, welke tusschen koomingen, en jnstorten
vand' Eh.r Commandeur tot op diverse reijsen, veroorzaaktheevd, dat het voorn: fregatje de wind alhier tot huijden is blijven leggen, hebbende
sijne, onderwijle telkens wanneer wat beter wierd, gedaan, alles wat sijnE. swak vermoogen toeliet, tot dat eijndelijk gantschelijk beginne
tewanhoopen aan sijnE. opkomste, de politicque vergaderinge op den 21. e deser voor sijnE: legensteede believden t'ontbieden, en hun med een
swakke stemme aan te beveelen de sorge over 't algemeene belang vand' E Comp: te deser kuste, midschaders het afvaardigen der pap. n voor het
vaderland, en het depessiheeren van 't fregatje de wind na batavia (:med bijvoeginge dat soo haast sig eenigsinds beter bevoeld e haarweder soude
helpen:) 'twelk wij sijn E.: gesamentlijk beloovden, naaruijtterste vermoogen te sullen besorgen (:alhoewel den tijd ommen behoorlijke forma
weegens den gantschen toestand van mallabaar na 'tpatria te schrijven veel tekort was, en sulkx onmoogelijk door ons konde volbragt
werden:) en versogten dat sij uE. ons, tedieneijnde believde over tegeven, ofte den sec:s ter hand te stellen alle de pampieren, welke weegens
d' Ecomp:e onder sijne waaren berustende, bestaande in alle d'aangekoomene en afgesondene patriase en batavise brieven
tseederd eenige jaaren herw. s nevens desselvs bijlaagen, midschaders diverse andere geschrivten daartoegehoorende, alsoo w' alle (excepto
alleen den fiscaal Jacobus van outshoorn, en Winkelier Wannaar vander knaap:) eerst voorweinige maanden ind'e vergaderinge aan„
genoomen sijnde, en geen genogsaame kennisse van zaaken hebbende, andersinds leenemaal onvermoogens souden wesen uw Ede. Ho:
Agtb: en haar ho. Ed. e agtb: een behoorlijkr elaas vanden toestand desen kusie tedoen, waarop sijn E. beloovden alle die geschrivten
den secrts. te sullen overleeveren, gelijk den 23. e deser des morgens voor een gedeelte effect sorteerde, dog het was ons doenmaals niet
moogelijk daar meede een aanvank temaaken, gemerkt sijnE vanuur tot uur verswaakende en doodelijke voorteekenen wonende
ons noodzaakte bijdag, en nagt toetesien, ende doorgaans besijden sijn E. leegensteede tewaaken, 'twelk duurde tot dat sijn E. hebbende
bij na twee Etmaalbuijten spraak en kennisse gelegen, den 25. e deser des avonds tusschen 10 en 11. uiren inteegenwoordigh. t van ons
alle kwam t' overlijden, sijnde het lichaam op den 27.:e d. o med de behoorlijke lijkstatie, ende laaste eerbewijsingen, diew' oordeelden
sijn E. te competeeren, inde kerk, binnen dese stad ter aarde besteld.
dusdanig Ed.:le ho: agtb. heeren, hebben sigdezaaken geduirende de siekte van welgem: h:r command:r zal: toegedraagen, sonder dat wij
tot ons jnnerlijkleedweesen vermoogens sijn geweest daarin teversien, ofte eenig Expedient uijt tevinden om de noodige advijsen
voor uw ho: Ed: e agtb: tijdig compleet te krijgen, waar toe de boovengenoemde kortheijt des nog resteerende tijds, ons teegen„
woordig alle occagie beneemende endwingende desluijlens p. r 't voorn: fregatje de cauwna gale af tevaardigen, sullen
wij hier onder alleen kortelijk aanhaalen wat papieren en bijlaagen desen versellen, namentlijk
p een kasje waarin beslooten is, een origineelen briev door d' Eh. r command. r zal. r in dato 22. e feb=i deses jaars aanuw Ed. e
ho. agtb: gesz:, en van ceijlon, alsoo de retourscheepen bereeds vertrokken waaren, terug gesonden, nevens alle de documenten
volgens apart register, daarbij gehoorende
1. Copp in messive onder dato 27. en april jongstleeden van barssaloor p.:r tjagt Zillida na persia versonden om vandaar p. r terra, aan
uw Ed. le ho: agtb: afgevaardigd tewerden, nevens depertineerende bijlaagen
2. d. o ontwerp van een briev door sijn E. zal:r voormeld aan haar ho. Ed:le agtb: na batavia gesz:, staande nu door ons na ver„
moogen vervolgt, en, zoo haast soenelijk p:r 'tfregat de wind, afgevaardigt tewerden, nevens diverse bijlagen, volgens een
bijsonder register.
-
3. d. o mediteerende resoluitien geproponeert door gem: sijne. 'tsedert den 3. e aug. o tot den 17.:en 7ber: deses Iaars, benevens de
schrivtelijke advijsen der politicque leeden, en conclusie daarop gevolgd, betreffende voornaamentlijk de zaaken vanden
koopman babba porboe die sig tot huijden op pananij aan het hov vanden Co. s sammorijn onthout, jnmiddens dat
den handel alhier door desselvs soon Nannoeponboe volgens de gen: resoluitien tot nader dispositie van haar ho. Ed. le agtb:
jnsvaders plaatse werd voortgeset.
4. gewisselde copia brieven tusschen d' Eh:r Commandeur zal. r en den koopman babba porboe voornoemd.
5. extracxten uijt de politicque notulen gehouden inraade van mallabaar tsedert den 5. tot den 24. e 8ber: a. o startij, naa„
kende ten principaalen den koopman en geweesen administrateur abraham Vink/
6. twee copia protesten door d' Eh. r Command:r voormeld aande portugeese gouvern. r tot goa gesonden betreffende seekere
vijandelijke bejegeningdoor eene van hunco. s scheepen gepleegt omtrent het jagtje Cochim, en 't wegloopen van eenige onsen
sold. ten nade stad goa, benevens d'andwoorden door gen: gouverneurs, en den viceroij, donpedro anthonio denvrouha
daarop gepast
7. diverse Copia extracten, translaat brieven R. a wegens 'toverrompelen vandes E. Comp. s logie op Wingurla door den
mogolsen veltheer, serbetchan, nevens de and woorden daarop gepast, sijnde doord' Eh. r command. r zal.:r op de 2. transl. t
brieven, welke den 23. e 9ber: pass=o ontvangen sijn, overmids sijn E. jndispositie niet g'andwoord.
8. Copia missive indato 2. e aug. o annostantij uijt persia aan haar hod. Ed:le agtb: nabatavia gesz. enden 7.:e 7ber: p:r 'tfregat
de wind hier aangebragt
9. diverse verwisselde translaat olas tusschen d' Eh:r command=r zal. r enden Co:s sammorijn 'tsedert 277 xber. 92 tot 8.: n b 93.
lijkesuel 10. rolleden huijsgesinnen binnen de stad Cochim, endes E. Comp. s onderhoorige jurisdictie op ult. o JJunij deses jaars remoreerende
nda 1. ko agten een voegende veralasten en winsten op geheel mallabaar tseder tp=mo januarij tot ult:o xber: 92. ofte binnen den tijd van
vlende het 12. memorie van alle verhandelde koopmansz: ten comptoire Cochim, Coilang, en onderhoorige residentien, zed. t p. ro sann=m
tot ult. o xber: 92. med aanwijsinge derijn, en uijtkoops prijsen, hoeveel het rendement vande geheele parthije bedraagt,
hoope
en wat advance p. r c. to hollandsz: en jndische reductie daar op sijn behaald .
arij ao 13. koute tsaamen trekking van alle contante gelden, koopmansz: en verscheijdenen hande benoodigtheeden alhier ter kuste
houden
mallabaar, zedert primo januarij tot ult. o xber: 92. aangebragt.
volgens
volgen 4. d. o r. o aanvangende med p. mo januarij tot ult:o 7bek: a.:o stantij, ofte inden tijd van negen agtereenvolgende maanden.
versondente 5. —. — van altgeene jnden jaare92. uijt de mallabaarse command. r na diverse plaatsen is versonden
ruijt ƒ 6. —. —. van alle deppek: ardek, houtwerken Cardamom en diverse andere koopmansz: en behoev ten zedert p:=ro jann„
1692. tot 7ber. deses jaars vandese kust na verscheijde plaatsen afgevaardigt
eenigsinds doenelijk sal sijn, te schrijven, en in alle onderdanigh. t berigt tegeven, wegens het droevig overlijden van gem: h:r command. r zal r memorie, als
sijnde, bedlegerig kwam te werden, ende in soodanigen staat bij navier maanden continueerde, als wanneer sijn E. weeder eenigsinds op de been
dat sijn E. na't afvaardigen van sijn E. s missive aan uw Ed:le ho. agtb: uijt barssaloor in dato 27. e april Jongstleeden op den 8. e maij hierwedergerevert !
anderije
Ed. le ho: agtb: kortelijk vertoonen hoedanig sigde zaaken 'tseedert eenige maanden herwaards geduirende d' jndispositie vand' Eh. r commandr zal. r hebben
toegedraagen, ende eerstelijk innedrige onderdanigheijt zeggen
Nij
mitschaders
betreffende den verwerden staat den E Comp. te deser kuste, ten eijnde haar ho: Ed. e agtb. te bekwaamen daarin tijdig te konnen voorsien
Dog op dat uw Ed. le ho: agtb: niet t' eenemaal onkundig soude blijven, vand' oorzaaken die ons den tijd dusdanig hebben doen ontschieten, ende gelegenth. t be„
„neemen omvroegen, en breeder aan uw Ed. le ho: agtb: te schrijven, sullen wij dit boovenstaande voor af med diepe eerbied ter nedergesteld hebbende, uw
gaen
ge
„
voorn
odige
1694:
stoffels
overpersiae
verseekend te
eesen"
NL-HaNA_1.04.02_1547_0110.xml,"gemerkt &E.
Waarmeede
Edele hoog agtbaare gebiedende heeren
desen besluijtende uw ho. Ed:le agtb: med den gantschen staat vande generaale Comp. e god almagtig verbidden in
bescherminge, midderlerwijle dat w' na eerbiedige salutatie med diep respect verblijven, uw Ed le ho: agtb: onderdanige
en gehoorsaame dienaaren, was geteekend, alex Wigmans, jacobus van outshoorn, W: v. der knaap, Joan Scholten,
maxim. Stoffelsz, pieterroos 2. d en see. s, Leend. t blankert, en L. s taijspil, inmargine, Cochim den 30. e xber. ao 1693.
Edele Hoog agtbaare gebiedende heeren
'tvoorenstaande is copia van onse jongste onderdanige letteren, op den 30. e der maand xber: 93. alleen ten geleijde van diverse emportante bijlaagen med diepe eerbied aan
uw ho: Ed:le agtb: afgevaardigd, en den 28. e jann: p. r de retourscheepen de voetboogensaam, die den almoogende een voorspoedige, en behouden reijse gelievd te verleenen, van gale
tot huijden nog op dieselvevoetde e hooendeden staat der neiotie, lantzaaken, als anders seen s  dden waar aanw ons, gemeen
den dangereusen toestand der zaaken ten opsigte vanden staat den E comp: omtrent dese veelhoovdige mallabaarse ragias, en derselver wispeltuurigen aard, is na ons ge„
„ring begrip bij vervolg ind' ampliatie des brievs door den E heer commandeur jsaac van dielen sal:r aan haar ho: Ed. le agtb: de hooge regeringe van jndia tot
batavia geconcipieert, en uw Ed. le ho: a: reeds als boovengesegd med de keerscheepen bestijden onse onderdanige advijsen van Ceijlon toegeschikt, eerbiedig gedemonstreert
maar om uw Ed:le Ho: agtb: na onsen diepen pligt te bedeelen wat ons 'tzeedert van belang, dien aangaande onvermijdelijk is te vooren gekoomen, seggendat w'
hadden gehoopt diezaaken door alle bedenkelijke civiliteijten soodanig te bestieren, voornamentlijk hen belange vande becommeringe die wij hadden over de
dreijgende gevaarlijke gevolgen vande doelwitten des Conings van Sammorijn omtrent het rijk van Cochim, dat het tot geen rupture tusschen die ge
twee onversoenelijke vijanden mogte koomen uijt te barsten, teminsten tot soolange wij het gelukkwaamen t'erlangen van een nieuw heer Command. r
henwaards enendereen van mallabaar gedieponneert hebbende sons mee gens toe ordres souden versien hebben, maar d' aparentien doen onse
tegenwoordighet contrarie gevoelen, want den 26:e februarij deses loopende jaars een ola vanden coning van Cochim ontvangende saagen daarbij dat den
sammorijn ons en dien Coning bijde twee jaaren lang seer malitieuselijk op alle gedaane versoeken, en protestatien, behelsende dat volgens
denteneur van't Iongst vernieuwd contract, en conform de letter der jnstructie van den hoog Edelen heere Commissaris hendrik Adriaan
van reede loffelijke memorie dezaaken in questij staande tusschen de voormelte twee rijken in der minne g'arbitreert en over
de principaale autheuren den jongst ontstaane rebellie als nog inballingschap wesende gedisponneert mogte werden, als wettigestenden
des Cochimsen lijkx wesende, soo lange heevd dilaijeerende gehouden, dat wij door bedreijgingen en persuatien den namboerij genaamt
Aijnecoettij Nambeddij soo verre heevd gebragt dat denselven door wanhoop tegenraad, een eld, en pligt den Coning van Cochim
afvallende, sigden sammorijnheevd onderworpen, verpligtende sig med al sijn volk de waapenen voor den Laast genoemden
tegen alle desselvs vijanden te sullen gebruijken, waardoor den cochimsen coning sig van een der voornaamstepilaaren van sijn rijk be„
roovd ende parthije dusdanig gesterkt siende seijde dat sulkx niemant anders kondewijten als dE Compagnie die hem soo hoog hadde
gerecommandeert, alle de voorstellingen gedaan soo wel door d. o noorderheer, als anderen, die haar med onderwerping vande
correctiedaar toestaande kwaamen aanbieden gantschelijk te verwerpen, ende geensinds t'admitteeren, sonder voor kennisse
off bewilliginge van haar Ed. e enden sammorijn alleen omden laatst genoemden door het contrarie geen reeden van
belging tegeven, nog oorzaake tewesen van een andermale verbreeking des vriendschaps tusschen de twee Coninkrijken
welkers weder oprigting d'E compagnie sooveel geld, en moeijte hadde gekost med bijvoeginge dat andersinds deswaarigheeden daar van
koomende, tot sijn ho:ts verandwoording souden blijven, onder verseekering d' Ecompagiie soodanig een vertrouwen van den sammorijn hadde,
dat volkoomen gerust was sijn ho. t noit ijts tegenden jnhoude des verbonds, tot prejuditie des cochinsenrijcx soude onderneemen, en alschoon
sijn ho. t sonneklaar aanwees dat den sammorijn, groote devoiren deede om niet alleen voorn: Nambedaij aan hem subaltern te maa„
„ken, maarselt ook alle practicable middelen in't stelde om gantschelijk over het cochimsz: rijk te dommeeren, en'tselve Ceenemaal
onder contributie tebrengen, soo most daar evenwel, voor als doen, niets in gedaan maar alles afgewagt werden, gelijk ook door sijn h. t
med verdraagsaamheijt geschilde, temeer hem wierde vertoont de magt die de compagnie in voorige tijden hadde gehad, om den
sammorijnde Wetten testellen, en hoe in soodanigen geval, des noods vereijsschende, haar Ed:le nu mede deselve middelen niet souden
ontbreeken, uijt desen hoovde dan konde nog wilde sijn hoogheijt (:als erkennende haar Edele weldaaden aan 't rijk van Cochim, bijsonderenj
aan sijn persoon, ende sijne bewesen, midschaders haar Edele groot vermoogen:) niets onderneemen, buijten het behaagen
vand' Ecomp:, maar nusag men een notoir beginsel van het dreijgent kwaad, waarvoor men althoos bedugt hadde geweest,
daarbij blaanblijkelijk afgemieten konde werden, wat staat op den sammorijn, en sijn woord, als strijdende direct tegen het
jntrest sijns rijkx temaaken was, endewijl het nu geen tijd meer en was langer stille te zitten, alsoo de verdre noorderheeren
moort en brand riepen om haar te hulpe tekoomen eenden sammorijn het gantsche noorderdeel, en het voornaamste van het
cochimsenrijk kwai weg te neemen, versogt sijn ho. t dat den p. l gesaghebber alexander Wigmans med de vrienden vanden
raad eens believde bij hem tekoomen, omdaar over te besoigneeren en een heijlsaam besluijt te neemen, jnmiddens be„
kwaamen w' ook een ola vanden sammorijn, benevens een briev vanden coopman babba porbol uijt pananij waar„
bij niet alleen ontwaarde de confirmatie vand' aanneeming vand. o Namboeddij bij den sammorijn, maar ook
desen vorst beslooten hadde binnen korte daagen med de noodige magt af tekoomen om de cochims. Noorder heer
moerianattoe Nambiaar, 'twelk d'andere zuijl is van't cochimserijk mede in sijn land aan te tasten, en onder
gehoorsaamheijt tebrengen, midschaders op Combottoe een plaatse gelegen in't landschap Cranganoon, sijnde een
uijtstekende hoek tot beletting vande doortogt der Cochunder, welke gedugt konde werden tot bescherming der noorder
landen seekerlijk uijt te sullen trekken een fortresse te laaten bouwen om vervolgens alle de landen des Commit
Conincx aandien kant leggende, weg teneemen, en de vastigheijt cherletta, bij contract door den ho. Ed:len heere
Commissaris generaal (z: in) aanden sammorijn overgegeven, onder voorwaarde off gehoudenisse deselve wan„
„neer hij niet genegen mogte wesen dielangen inbesetting te houden weder aand' E Comp: en niemant anders te
jntregeeren:) andermaal inhanden van voorsz: aijnecoettij nambedeij te stellen, wijders om dit gedoente een schijn
van geregtige oorsaake tegeven, werd den coning van cochim beschuldigd als hi hij buijten kennisse en toestem
„minge vand' E comp. e, enden sammorijn, den prince cartedawil in vriendschap aangenoomen, en hersteld
soo in sijn land, als vastigheijt, daarhij door d' E Comp: en den sammorijn was uijtgedreeven, geevende alsoo
med uijtdrukkelijke woorden te kennen dat dE Compagnie uijt dien hoovde den Conink van
Cochim op sijn eijgen wieken behoorde te laaten drijven, ende zijde, des sammorijns
tekiesen omde kans tot bereijking van sijn oogwith nog schoonder te hebben
midschaders een kassje in wacxdoek ommaaijt waarjnne beslooten sijnde te laat op Ceijlon aangebragte, en weder terug gekoomene
kondsz: van het voorleeden jaar door de gesaghebbers en raad tot souratta aan uw Ed: ho. agtb: gecarteerd, die nevens desen overgaan
alle
alle wel
nopende
tem
als
dit verkla
boegh
alleen
ver
dre
smerk
van
bebloon
persoon
verwal
gesonden
^onboe
te beuijd
sam
nisse
ernc
bijj
gestelt
geso
welck
hib
den
h
ig
zalr. se
ingevolg"
NL-HaNA_1.04.02_1547_0111.xml,"Minuit ola door den P„r gesaghebber ale ander wiglemnans aan den Coninks amnorijn gesz den 8: feb:rt A:o 1694:
gee
den 2 erije
n
g
le
1693.
daan
ge„
tot
nstaen
dieg
an
aan
en
en
be„
isse
van
en
an
hadde,
oon
nae„
h.
v
bij senden E
eweest
het
erleen
het
eden
be„
waar
ok
de
Cochi
helue
wam
e
hin
esten
steld
soo
Eerst"
NL-HaNA_1.04.02_1547_0112.xml,"20 rod lase nagelen
l  eene heben em maede slekt e ondergeende kopmansz: teweten
200 onitosangin C:t lange per:
500. —. notto quiksilver
E
Edele Hoog achtb: gebiedende heeren
ƒ
dus kortel, besluijende uEd: ho: a: in godes genadige hade zullen verbiden, en na onse nedrige Eerbiedinge, steds med diep respoet vogen tblijven
uEd=le hoog Agtbaare onderdanige nedrige, en gantsch gehoorsaa
Cochim Den 10=e maart A:o 1694:—
434. —. bruto canneel,
Dienaaren
H Wigemmarer
Cornelis Blicklant
W: Orthoorn
V: Sonnevelt,
t
C
W: V: Ven Cnaap
J: Scholten
M. Htoffelsz
Pieter Roos
Si5
Lt Blanckert
TaijGjuel
11
7
4
1
8"
NL-HaNA_1.04.02_1547_0113.xml,
NL-HaNA_1.04.02_1547_0114.xml,". . .
.-
1
."
NL-HaNA_1.04.02_1547_0115.xml,
NL-HaNA_1.04.02_1547_0116.xml,
NL-HaNA_1.04.02_1547_0117.xml,
NL-HaNA_1.04.02_1547_0118.xml,
NL-HaNA_1.04.02_1547_0119.xml,"46
Batavia;
Aan den Hoog Edelen heer
Willem van
outhoorn gouverneur
Generaal, ende d' Edele
Heeren Raaden van
Nederlands Jndia.
Hoogh Ed„le agtb
gebiedende Heere en heeren:
Den 22=en Januarij deses Iaars hebben Iongst
vermeer Iampol va hier rabatarie i:) alle onderdanigheijt p=r 't fregatje de wind
direct van hier aan uw hoogh Edele agtb
efrois
geschreeven
ƒ
E"
NL-HaNA_1.04.02_1547_0120.xml,"desselvs copia, gaat hier nevens
silversteijn, en thuys te loohaar Ed=e
agtb briev van 10„' 9ber ao pass=o ontvangen
rakende d'ordre dat voor taan by geen
Collegies eenige soldij reeq: in pand
mogen g'acceptent werpiera
geschreeven, en alhoewel aan de goede be„
stellinge door behouden overvaringe van
dat bodemtje niet twijffelen, zoo hebben
Egter van onsen plige g'agt d' Copia van
tsedert metd aankomste der scheepen dien nevens desen tevoegen, zedert zyn v
op den 12=en februarij daar aan, med de ver
schijninge der scheepen thuijs teloo, en
silversteijn, 't eerste door uw hoog Edele.
agtb over Mallaca, en het ander van
Ceijlon na souratta gedestineert, vereer
geworden, med uw hoog Edele agtb groot
om
sijnde
g'eerde Letteren 10„e 9ber anno passado
gedagteekend, g'accompagnieert van
soodanige bylaagen als volgens het registe
daar toe pertineerden.
jngevolge van uw hoog Edele agtb bevel
dat geen soldije reekenings bij eenige Collee
gies tot onderpand van uijtgesette off ver„
strekte gelden, veel min nn betaalinge
der selve voortaan meer zullen moogen
alsgeen
aangenoomen
de
als
soud"
NL-HaNA_1.04.02_1547_0121.xml,"47
broederen dia conen extracten afgegeven
hen eijnde, hun daar na te reguleeren
2e
Re
als andersstaan bij rader ocagie overge„
souden te werden
sijnde, de volsoeninge wij het patria te
requireeren—
alsen een naam rotletje der weeskinderen
Colle verselt desen —
hobben aanheeren wees mookenen en aangenomen werden, hebben aan heeren
weesmeesteren ende Eerwaarde broe„
deren diaconen alhier dien aangaande
apparte extracten uijt uw hoog Edele ageb
missive bestelt, om hun zonder afwijcken
dde berets bij aar dipende taande wegn stipt daar na te reguleeren, ook haar E=o
aangekundigt de reekeningen (waar op
jongst uw hoog Edele agtb approbatie om
de zaldos alhier te moogen ontvangen
versoge was:) tot uw hoog Edele agtb naar
om op batavia op de uthorisatie vlgester batavia te moeten overschicken, om op, de
rolle van authorisatie gestelt naar 't va„
derland gestierd, en de voldoeninge van
daar afgewagt te werden, en 't welcke dan
ook bij naaste gelegentheijt soodanigh
staat effect te neemen, jnmiddens dat
bij desen voor afgaat een naam rolletje
van 't getal der weeskinderen binnen —
deser steede met specificatie van de—
veranderinge
47
el"
NL-HaNA_1.04.02_1547_0122.xml,"verbetert zijn
en den bebotesie en vordere vaude voor
ar ken dien den de hulenwaardigen
voegen van soo ven mildigh tn actament
veranderinge die tzedere tjaar 1691 daarinne
voorgevallen zijn, hoope uw hoog Edele agtb
begeerte daaromtrent ten regten zal sijn
voldaan —
de persoonen die uw hoog Edele ageb soo favorabel
hebben gelieven te verbeeteren /(en waar van
dan ck soggingert van de personen diejagel de overgekomene actens haar zyn ter handen
gestelt) bedancken bij desen uw hoog Edele
agtb gesamentli=jk en een ijder in wijsonder —
op het aldernedrigste, met belovten haar zoo
milde gunste door trouwe en yverige diensten
niet alleen te zullen waardigh maaken,
maar ook alle sints poogen uw hoog Edele ageb
redenen te doen hebben inder tijd verder op,
haare advancementen te letten. —
Gelijk ook aan ons versogt heevd in selvder —
voegen haare danckbaarheijt omtrent uw hoog
ormede vnde binen mederghe te: Edele ageb te betuijgen, de binnen moeder —
van het weeshuijs voor het tractement
by uw hoog Edele agtb haar smaandelycx zoo
gunstigh
vac"
NL-HaNA_1.04.02_1547_0123.xml,"48
haar gedraagen —
ton afangerschap van s Comp=s geregtigheed ijden
bediend zijnde
sal woort aan bij den adminstat rnee„
genoomen worden
gunstigh toegelegd beloovende dien weldaad
door goed doen aan de arme weeselingen—
te zullen Erkennen, konnen de w' ook van
haar niet anders getuygen dan datse is een
godvreesende, en sorgdragende vrouwe die de
optreckinge der kinderen in alle goede —
zeeden, en manieren, zeer wel behertigd
Den dienst van ontvanger van 's Comp=s thollen—
van kehuijen e veroot ontrocken   en geregtigheeden, al voor de receptie van
uw hoogh Edele agtb: briev om soodanige
redenen als bij voorsz onse laaste vervat staan)
en dordn ondrkofen e ehuelng van de packhuysen gerepareert en by—
verschansingh door den ondercoopman—
Johannes Scholten, dus langs waargenomen
staat voortaan in opvolginge van uw hoogh
Edele agtb: ordre, van den adminisrateur
en tweede door toevoeginge van een —
adsistent, 't zijner hulpe, bediend te werden.
uyt"
NL-HaNA_1.04.02_1547_0124.xml,"hoedanigh de swarte pper wit wort ge„
maakte heeft het extract rapport van
d' Eh=r van tlijl verthoond.
In soo verre sulcx meede hier konde —
ingevoerd werden
danck betuijginge van den Cap=n lieuten:t
blikland, over de quijtscheldinge der helvte
van zijn agterstal
op de reden vorderinge van seeker onge„
dateert wissel bij den geweesen admini„
strateur vinck, alleen onder teekent
uijt het extract rapport door den E Heer Com
missaris en opperkoopman Isaac van thijl
aan uw hoog Edele ageb gedaan is ons gebleek
hoe op, de oost kust van java van swaarte witte
tver werd gemaakt, door kunst en arbeijd
heeft
ba
den
't geenwons tot een rigesnoer saldieren, der menscheen 'twelcke ons volgens uw hoogh.
Edele Agtb recommandatie in dien alhier —
meede mogte konnen gepractiseert, ende —
jngevoerd werden, tot een rige snoor en regu„
lament zullen Laten dienen.—
lad
Den Capitain Lieutenant Cornelis blikland
en
bedanckt uw hoog Edele agtb onderdanings
voor uw hoog Edele agtb milds kwijt schelding
der helvte van de belastinge op zijn soldij reek,
onder belovte die weldaad door goede diensten
steets te zullen Erkennen:
den geweesen administrateur abraham vinck„
heepd weegens het verleenen van een ongeda¬
teerde wissel, op, den schipper marten—
frankamp"
NL-HaNA_1.04.02_1547_0125.xml,"49
heeft zijn Egedient haar Ed=le ho agtb tot
batavia, in zijn apart schrijvens te zullen
demonstreeren—
slaan: voortaan de vaaten vleeden spok:
and soodanigh verandwoord te worden als d'
ondre dicteert
na mallaca gesonden, en p=r thuijste lod
alhier ontvangen zijnde —
franckamp, ten bedraage van 225 rx=s bij
den zelven alleen onderteekend op onse —
afvorderinge niet anders gelieven te and„
woorden, dan hij had die somma bij de
negotie gelijk beweesen heevd sigh behoorlijk
aangetrocken, voor't overige de zaake —
buijten onse bemoeyjenisse was, en zoude
zelvs dierweegen in zijn appart schrijvens
uw hoog Edele agtb redenen geven —
De vaaten vaderlants zoute vleesch, en spekn
welcke van batavia tot provisie herw=rs
werden gesonden, staan bij den dispencier
alhier Conform het g'arresteerde by uw hoogh
Edele agtb op 400 en 280 lb verandwoord,
en zulcx ook int reguard der scheepen
dese kuste passeerende g'observeert ende
nagekomen tewerden—
spout p:r valenburg van batavia en de 1345 ¼ realen swaarte divers goud, door
uw hoog Edele agtb tot voorsetting van
den handel te deser Custe p=r Walenborgh
na
vinck"
NL-HaNA_1.04.02_1547_0126.xml,"staa 't Comptoir generaal behoorlijck daar
voor ontlast te werden
herhaling wat van hier over endia na 't
patria weegens de voortsendinge der
Jagtjes de Jager en plaeluijs na
Coudewaar gesz is waar van de Copia
hier nevens gaat
na Mallacca afgestooken is ons door thuis ten ij
teloo, van daar wel toegebragt monteerende
naar uijtwyjsen der factuura ƒ51292. 17. 8.
waar voor niet zullen / nalaten 't Comptoir
generaal van India in onse handelboecken
na behooren te Crediteeren.
gelijk w' uw hoogh Edeleageb by onsen voors
onderdanigste laaste letteren hebben aange„
kundige, zoo zal uw hoog Edele agtb
nu uijt de Copia van ons nader beloovd—
schryvens aan haar Ed=le hoog agtb de
heeren maijores in het patria, den 10=en
maart passado telande over persia affgegaan,
en onder N=o 4 desen versellende koomen
te blijcken, de voortsendinge van de Jagtjes
de Iager, en platluis, na merzee off
soudewaar, beladen met de vereijste koop„
mans om onder de directie van den onder„
koopman matthijs dircks sonsbeek,
en D=e adsistent Jacob valoth, de bevor„
deringe van den handel aan dien oirt na d'
iderk
omm
op
ls ook
een
bssaij
taa
wa
vragt
end
tert"
NL-HaNA_1.04.02_1547_0127.xml,"50
inden koopman sonsbeek toenanige in sijn
Commissie mede gegeven—
als ook d'ingeschrivten bij die ocagie aan den
een gouverneur van minsee, den mogol,
essaij kempsant, en Coning: van Canara
ecarteert —
to 't welke ons gedienstig refereeren
wanneer de voorn: avesjes en eenige be„
vragte vaartuijgen vololuwt met rijst,
terteert
tesgelicx sellende sande instructie dn op gedaane goede apparentie te ten teeren, —
weesende thunner narigt meede gegeven —
sodanigen jnstructie dato 17=en februarij —
als 't afschrive onder N=o 5 uw hoog Edele agtb
zal aanthoonen, gelyk ook daar bij gevoegde—
translaaten komen te vermelden wat w'aan
den gouvernteur dierlanden als den grooten —
mogol dessaij kempsant ende koninginne
van Canara goed gedagt hebben bij die —
occagie te corteeren, en tot welckers jnhou„
den onsomkort te zijn, en repotitie te Evi„
teeren in alle Eerbiedigheijt gedraagen, —
dogh aangesien het van onse schuldigheijt
is in deesen vervolgens uw hoog Edele ageb be„
kend te maaken, wat uijtslag die be„
sendinge gehad heevt, zoo zeggen —
ende gecommeteerde hier vor den sijn gen„t dat voornoemde gecommitteerdens
op den Eersten maij met beijde aange„
haalde navetjes en eenige bevragte —
jnlandse vaartuijgen met rijs volstuwt
van"
NL-HaNA_1.04.02_1547_0128.xml,"hebbende van hun verrigtinge soodanigeen
rapport en reeq van de verhandelde koopman„
schappen overgegeven, als de bygaande copias
een troomer
consideratien weegens dien handel
van daar gereverteert zynde, den 3=en daar
aan wegen hun verrigten alsulcken schriv„
telijk rapport aan ons hebben overgeleverd, met
als bij desen, onder N=o 6: in Copia tot
uw hoog Edele agtb oversenden vergeselschapt,
van een opgestelde reek:e ofete memorie—
van de bij haar verhandelde parthije koop„
manschappen, ten eijnde uw hoog Edele agtb
daar uijt gelieven 't ontwaaren dat daar
op alle ongelden affgetrocken voor
d' E Comp suijver geproffiteert is een—
bedraagende de suijvere wnsten ƒ15293. 76 somma van pagooden 2718 29/900: of te—
ƒ 15293. 7. 6. 't gunt geconsidereert de —
Laatheijt destyts en dat maar 't eerste —
beginsel zij schijnt eenige hoope te geeven
(gelijk de meerged:e gecommitteerdens
de
in haar rapport zulcx meede koomen
t'apprehendeeren) in het vervolg zoo
goed gekeurd wierde de negotie in die
Landen te stabileeren of te wel doorn
voor
Expresse
weesen"
NL-HaNA_1.04.02_1547_0129.xml,"51
met versoek van haar hoog Ed=le agtb ordre
weesen.
toe nadeeligen Contract van Coopmansz
der resident tot banssaloon met de reque„
ringhe aldaar op nieuw heeft aangegaan
expresse besendingen vroeg tijts Iaarlijcx
te continueeren, grooter voordeelen en —
voor het toekomende gedieijd temogen winste daar uijt te gaudeeren zoude
weesen, dogh wat uw hoog Edele agtb
dien aangaande mogte behaagen goed
te vinden en ons in der tijt gelieven aan
te beveelen staat bij ons schuldpligtigh
g'observeert ende nagekoomen te werden.
Ondertusschen dat ons drie daagen te —
vooren off op den 17=e april passado bij een
briev van 't opperhoovd den koopman —
adam van der duijn, en raad toe Conanoor,
16=e bevoorens gedagteekend, als twee
by gevoegde afschrivten uijt de brieven
den 8=e en 16=e der selve maand tusschen
haar E en den resident tot barssaloor—
hendrik Wijnhout gewisseld, en p=r
naijnos telande hier overgebrage, wierden
kennis gedaan hoe door den Laast
genoemden op nieuw weder een handel
bedingh med de regeering of te hoos koopl:k
aldaar"
NL-HaNA_1.04.02_1547_0130.xml,"onder voorgevinghe toe sulcx door den
onderkoopm sonsbeek bevoegd te zijn
geweest
aldaar was aangegaan van de naarvolgen
koopmanschappen als —
750 lb rompen. . . . . . . . a 13 p a/s de mao. van 25 lb: pa/s 390.
62500: — japans taavkoop: 64 d=o - - - - - - - - - - - - - „ 8000-
5000. — Zengloot. . . . . . . . . „ 16. —. . . . . . . . . „ 160. -
2500: — thin. . . . . . - - „ 45½ —. . . . . . . . . . „ 227½
500. — Camphor. . . . . . „ 170. — . . . . . . . . . „ 170. —
5000. – poeijer suyker. . . „ 15. —. . . . . . . . . „ 150. —
750: - foelij. . . . . . . . . „ 24¼ —. . . . . . . . „ 727½
750. –. nagelen. . . . . . „ 23½ —. . . . . . . „ 705. -
500. – kwicksilver. . . . „ 15. —. . . . . . . „ 300.
1000. @ laaken als. —
800 @. roodscharlaaken —
200. – groen —
ma
1000 @ laaken a 1½ p=a. de a - - . . „ 1500-
Somma R„a/o 12330. —
Om in den tijd van een rond jaar on te twart
maanden voor Contante betaalinge aff te„
haalen mitschaders daar en booven ook
nog de rijs welck hem door den onder„
koopman sansbeek op zyn verschyninge
werd
was"
NL-HaNA_1.04.02_1547_0131.xml,"52
wend hier vervolgens omslandig verhoord
was gerecommandeert tijdigh te versorgen
om med desselvs okomste van minzee,
zonder verlet van tijt (mits't verloop van 't
Zaysoen) in gereetheijt te hebben med —
deselve hoos koopluijden verdraagen had
teegen 17 pa/o 't last van 3000 lb televeren
in troque van de voorleeden Iaarse over„
gebleevene koopmans, ende zulcx op de
qualificatie van gedagten onder koopman
sonsbeek, 'twelck ons zeer onverwagt
en vreemd te vooren kwam als niet
konnende begrijpen door hoedanige insigten
en beweeg redenen toe het aangaan van
zoo een nadeeligh contract mogte zyn
getreeden want hem niet onbekent
konde weesen door bekoomen lange —
jaarige Ervaremheijt nogh ook den
resident wynhout die Gongst geslooten
Contract bij den E heer Commandeur
Jsaac van dielen zal=r persoonelijk
by gewoond had, wat moeijelyckheeden
geweldenarijem en onreedelijcke —
handelingen"
NL-HaNA_1.04.02_1547_0132.xml,"handelingen d'E Comp, zoo veel jaaren
na den anderen van de regeeringe aldaar
bejegend ende ontmoed sijn, en daar die
swaarigheeden en obstiaculen eenmaa
naar veele aangewende debvoiren
door voorm: h=r Commandeur Zal=r,
h
anno passado derwaarts sigh in persoon
begevende door 't verkrijgen van een vrijen
en onbepaalden handel, gelijk als te booven
gekoomen en verwonnen zinde nu —
wederom zoo onbedagt en plotseling te
sien vernietigten verijdelt werden, behalven
dat zulcx ook dorsten bestaan buijten
onse bevoeginge want bij jnstructie —
hem meede gegeven niet verder was —
g'ordonneert als de 150 Lasten rijs voor
onse Consumptie en dat ten civielsten
prijs doenelijk te bemagtigen; dogh
voorn: sousbeek in zyn gedaan rapport
vertoogt hebbende daar toe geen Last
nogh"
NL-HaNA_1.04.02_1547_0133.xml,"53
oversulcx de bedienden toe Cannamoor aan„
bevolen van dien residentreden) alle woerder)
en ie alen wegens hetevengan ven voor
handelbeding met de hoos coopluij„
den
rijst toe 17 p o tlasten zulcxen 9 buijten
waageloon ten makelaardije—
daar nogtans de markt gangs prijse der„
en tot Cananoor tegen 13½ dukaaten Europ.
nogh ordre te hebben gegeven maar —
zulcx te laaten tot verandwoordinge van —
den barssaloorsen resident zoo hebben —
noodigh g'oordeeld het opperhoovd en raad
tot Cananoor aan te beveelen van voorsz —
zyn onbedagte doeninge, als op wat fondam=t
hem d'authoriteijt heevt derven aan maa„
tigen, zoodanigh een Contract med de re„
geering aan tegaan, redenen aff te vorderen,
en ons in der tijd telaaten toekoomen, gelijk
maar ook wegens den uuren inkoopdes meede weegens den duuren Inkoop des
rijs bij den zelven behalven 't vragtloon
van 35 p a/o p=r last voor het herwaarts en
overbrengen med jnlandse vaartuijgen
maakelaardij, gelden koomende alsoo —
med alle ongelden ongeveer op 22 p a/o
't last tot 17 p a/o gecontracteert dewijo —
waarts overmietrhogger was dan 14 1 /o de marckx prijse aldaar niet hooger —
was dan 14 pagooden en buijten dien —
dat gram niet alleen tot Cannoor, beeter
koop en tot 17½ Europiaanse dukaaten
(gelijk"
NL-HaNA_1.04.02_1547_0134.xml,"p r/s ingekogt zijnde—
breeden blijckende bij de versellende bij laagen
make„
het oprek: bengen van
laandij geld is buijten onser devoeging
geschied
(gelijk de bedienden tot haar provisie 15 —
Lasten hadden opgedaan) wierde bemagtigt
maar ook door ons zelven alhier van par„
teculiere traffiquanten, myt dat gewest
p=r jnlandse vaartuijgen overgebragt agt en„
dertigh Lasten voor d' E Comp genegotieert,
en intchin solersbois ent5 pul=t zijn teegen ses thien palliacatse pagooden
het last, en naderhand nog voor een halve
pagood minder konde werden bekoomen,
jnvoegen het een en ander uw hoog Ed=en
agtb omstandig zullen vervat vinden/
bij de afschrivten der voorgeciteerde brieven
desen onder N=o 7. versellende, waar tusschen
1 sijner plaatse ook staat geinsereert 't gemolt
nieuw handel beding tot dewelcke ons
te
&
om prolexiteijt te meijden, aller onder„
danigst refereeren.
Jnde voorsz. overgeleverde reek=e bij den —
onder koopman sonsbeek en E=n
adsistent Jacob Valoth Zullenuw
hoog
den"
NL-HaNA_1.04.02_1547_0135.xml,"54
„derhalven ter verandwoordinge van de ge„
committ=s geslooten —
te meer een particulier p=r soon uyt ge„
stroijp heeft dat die penn: byj htaar opge„
vooken soude weesen—
hoog Ed=le agtb onder de opgebragte—
ongelden ook gemoeten 116 1 a/o voor maa„
kelaardije betaald aan mortoenijck,
geweesen 's Comp=s maakelaar toe wingun„
la die uyt goa (alwaar med zyn familie
woonagtigh was) ontbooden, en door haar
in de Commissie gebruikt is geweest,
dogh aangesien zulcx buijten onse spe„
ciale ordre op eijgen aanmatigingh —
geschied is, zoo hebben nagenoomen
resumptie jn raade nietkonnen goed
vinden 'tselve zoodanigh in reek=e
te laaten valideeren, maar op geschort
te houden tot nader verandwoordinge —
van haar temeer „ ook ter kennisse—
was gekoomen als hoe die penningen —
niet zoude uijt gereijkt maar bij haar—
opgestooken en Even wel als verstrekt
in reek=e gestelt zijn, en alhoewel —
ons tot nog daar van geen de minste
bewysen (als maar door een particulier
persoon
„"
NL-HaNA_1.04.02_1547_0136.xml,"soo hebben w' der foscaal als de bedienden
der noonder Comptoiren gelast en questie
daar na te doen
persoon uijt gestroyd werdende) gebleeken
of te sufficier te redenen tevooren gekoo„
men zijn, om die gecommitteerdens aan
soo heelyk een stuck schuldigh te moogen
gelooven ofte verdencken zoo hebben
niet te min onse plige g'agt te zijn den
fiscaal Ernstelijk aan te beveelen—
daar na nauwkeurig ondersoek te doen
en vuijl bevonden werdende teegen
deselve na regten te procedeeren, jn„
middens dat wij meede ten versoecke
van den offehier de bedienden van de noor„
der Comptoiren gelast hebbende na
die zaaken en queste te laaten doen
en van de waare geschapentheijt
van dien ons ten eersten berigt te geven,
zoo zyn ons dien aangaande zoodanige
kondschappen van den resident en 'sComp=s
Colck tot banssaeloor op den 22„' pass=o
toegekoomen als wy noodigh g'oordeel
hebben nevens desen tot uw ho Ed=le
agtb"
NL-HaNA_1.04.02_1547_0137.xml,"55
a
agtb beseyden de uytwecksels uyt onse
brieven aan het opperhoovt en raad tot
Cananoor ten belange van die materie —
gesz overtesenden, en daar toe nogh te voegen
twee stx requesten door den onderkoopman
sonsbeek, en E=n adsistent valoth, in onse
vergaderinge gepresenteert tot voorstand —
van haar Eere en aannaninge den
fiscaal med desselvs proceduiren sonder —
veel silaij mogt voorwaaren, ten eijnde —
hun dan van die Lasteringe daar —
wegen zoude moogen suijveren als —
voorgenoemde door eenige quaatwillige —
menschen valschelijk gepractiseert ende
opgeraapt te zyn, mitsgaders het andw=t
bij den fiscaal op deselve jngediend, als —
extract uijt ons dagh register ten subjec„
tie van het een en ander aangeteekend
ende gehouden zynde, agter den anderen —
tesaamen gecopieert ende genom be„
reert met N=o 8, tot welckens jnhoude
om wijnloopigheijt te mijden ons aller —
Eerbiedigst"
NL-HaNA_1.04.02_1547_0138.xml,"Eerbiedigst gedraagen, ondertusschen dat
wij, vertrouwen med de overkomste van den
Ed=len heere Commissaris de zaak gebragt
zal weesen in stato, om by zijn welgedagte
Ed=le gedecideert ende afgedaan te werden,
tot hoe lange ook goed gevonden hebben —
de verandwoordinge welck den barssaloonsen
redident hendrik wijnhout, onder vooren
aangehaalde geschrivten komt te doen—
zoo weegens heet aangegaan vant het
nieuw handel bedingh met de Canarase
regeeringh, als den duuren jnkoop van
de rijs &=a g'eserveert te houden, hoewel
dat wy als niet sufficient genoeg agtende
om hem desweegen vrij te spreeken
jn ons schrijvens toe andwoort na Can„
nanoor afgesonden nader reeden ge„
vorderd hebben die van den zelven
te zyner tijt nogh blijven tegemoed sien,
een
om het een en ander voor den Ed=len
te konnen dienen,
heere Commissaris
a
d
desselven"
NL-HaNA_1.04.02_1547_0139.xml,"56
aan komrde van de euij aerdigheme met
daar meede de volgende goederen voor
mallabaar gekreegen. —
na gale vertrocken is —
Desselven daags van d'aanlandinge der schee„
per 'thuijs te loo, en silversteyn kwam
den opperkoopm: van ommen uijd souratta hier in den avondstond uijt Zouratta
meede te verschynen met den Eopper koopm:
en p=l gesaghebber adriaan van ommen
de fluijt adrighem in voldoeninge van
onsen gedaanen Eijsch voor dese Comman„
derije vandaar overbrengende de naar volgen„
de Contanten en benoodightheeden als
60000: stx silvere r/as beslooten in 1s kisten
8 packen gecattoeneerde deekens
1. d=os roode gessiapaat —
1. — niquanias —
10. – Lasten tarruw
1. d=o kitseri —
1. Last er weeten —
1 d=o Cadjang
die wi dan voort ende ten eersten om dat
oawelkers spoedige ontossinge dito bodem met eenige goederen voor 't vaderland
was beladen, op 't versoeck van den E' H=r
directeur Louis de keijser en raad, —
daar uijt doen Ligten hebbende ten eijnde
off
-"
NL-HaNA_1.04.02_1547_0140.xml,"verschijninge van den Commandeur
huntum met de scheepen saamseag
en goude steijn.
off nogh de retour scheepen ( hoewel daar toe
al vrij laat in den tij was geworden)
konde aantreffen, is dien boodem 's daags
daar aan zonder het minste verlet na gale
voorgezeijlt;
Jnwijlen dat wij beesigh waaren de twee
voors gen: scheepen toe dien Eijnde door
den Ed=le heer gouverneur en raad van
Ceijlon, voor affherwaarts overgeschikt om —
med de verschynige van de vloot onder de—
vlagge van den E H=r Commandeur —
paulus huntum daar g een wagten —
tehebben) in te geven de goederen welcke
alhier in onse packhuysen voor die —
directie opgeleijd waaren zoo kwam
op gem: zyn E den 24=e daar aan ter—
rheede voor deese stad te arriveeren
med de scheepen goudesteijn en saamslag
in dewelcke dan ook zoo haast mogelyk
de nog resteerende Corguasoenen
afgescheept
in"
NL-HaNA_1.04.02_1547_0141.xml,"57
verder onderneminge der reijse na souratta
in Comp van silveroleijn en thuijs te loot
afgescheept en voorts van behoorlijke ver„
versinge en andere benoodigeheeden —
voorsien weesende, zyn deselve gesamentlijk
op ult=o februarij ofte vierdaagen daar aan
derwaarts vertrocken, bestaande de laadingen
die van hier vervoerd hebben in zoodanige
sorteeringen als hier onder distinctelijk
derwaarts oeraerende denaargen: goderen, staan aangehaald namentlijck. —
P„r 'tschip silversteijn —
10000. lb zandelhout bestaande in 378 stx
15057. – garioffel nagelen beslooten 126 kisten —
20115. — nooten off rompen - - - - . 130 d=os
7068. — Caret off ecnlpatshoorn. . . 19 kassen —
P„r 'tschip thuijs ter loo. —
225000. lb japans staavkoper in 1800 kisten
21806 – spiaulter. —
P„r tschip goude sleijn —
100335. lb yjser bestaande in 2264 stx vier kan te
staaven. —
P„r Tschip saamslagh. —
83456. lb pper sijnde soo veel als wij vermogens waaren
op uw hoogh Edele agtb recommandatie
derwaarts te bestellen, over sulcx 't geene
aan"
NL-HaNA_1.04.02_1547_0142.xml,"gevolgt
aan de 150 lb nogh komt tegebreeken tot
nader occagie moet blijven uytgestelt
ende
t
38511. brutto lb lange pper beslooten in 303 zacken—
op verscheijde tijden alhier uyt bengale
aangebragt, dog dewijle daar jnne
alhier geen vertier bevinden en door langer
leggen in de packhuijsen, beder vonder„
worpen zoude wesen, goed gedage hebben
om d' E Comp voor schaade te bevrijden,
na die directie te senden, nietwiffelend
off zal dit daar wel konnen om geseth
ende tegelde gemaakt werden, te meer
uw hoog Edele agtb ons voormalen
hebben gelieven aan te beveelen geene he
goederen (en jnsonderheijt die bedervelijk
„heijt onderhaavigh zijn:) in de parkhuij„
sen te houden leggen, maar deselve in
zoo een geval en dat niet mogte—
konnen gesleeten werden na chor„
mandel ofte Zouratta waar greeti
ger gewild zoude weesen ope te schicken,
mon
Bagij teschaphendende lot ede het jagtje de schaapherder jn Comp: van
booven gesegde vlooth voor uijt vertreckende
om zoo verre als het van nooden zy van
desselve"
NL-HaNA_1.04.02_1547_0143.xml,"58
versia meede genomen heeft
wa an siteregene vande mit deslae
herder alhier gehouden is om den Canda„
mon in tegeven
deselve geconvoijeert weesende dan wijders
dee weten hiervondiedictiven de reijse na per sier voort te setten heevd van—
hier naa die directie vervoerd —
65230. lb peperien
4. packen kleeden ope hormandel daarin —
gelanden, —
Ter wijl het kloek schip Courtgene den pper —
(welcke voor een goed gedeelte buijten oesem
voorraad van Colicoilang en porkamoste
werden afgehaald) jngenoomen hebbende, —
en daar meede, van daar ook hier weder
bij de vloot ter rheede gekoomen zynde, nog
eenige weynige daagen alhier most vertoeven
na de afkomste van den Cardamon, welke
door den contractant abugaparboe on„
feijlbaar beloovd was ons in korten te zullen
beschicken, hoe wel wij liever de seaapherder
daar toe zoude willen aangehouden, en —
desen Capitaalen boodem med zyn rijcke
Ladinge onder de vlooth voor affgeede peschi„
eerd hebben, indien den E H=r Commandeur
huntum, 'tselve op ons verdraagen meede
zulcx s oorbevel van den Command=r had gelieven goed te vinden, maar zyn E:
Compt gene,"
NL-HaNA_1.04.02_1547_0144.xml,"huntum geschied—
't vertrek van Cut gene na persio
desselvs jnladinge—
Courtgene daar toe gelaaten ende overheeden,
van 't eerstgenoemde navettje op zyn vertrek
gelast hebbende de vlooth tevolgen mosten
tselve zoodanig laten voortgangh neemen,
alsoo gem: heer Commandeur oordeelde dat
het schip Courtgene gemackelijcken de horg te
van de Cust Canara bereijckehebbende van—
daar konde oversteeken, dan voor hem zoude
weesen med de vloothe Langs de kuste het
tot zouratta op te haalen, en om welcke —
reeden dan ook niet geraadmagte langer—
hier ter rheede te blijven leggen, dier halven
dan ook de reijse ondernomen hebbende —
is voornoemde Courtgene den 9=en daar aan
gevolgd volstuuwd zinde med het naarge„
specificeerde als —
Tot Ceylon volgens apar te Factuira en
Cognoissement daar in gescheept
300: balen Canneel
alhier opgesegde Carguasoenen —
4: packen gebleekte gerras —
14. — mallemollen —
20. — gessjes —
22. — Cassen. —
6 packen
-"
NL-HaNA_1.04.02_1547_0145.xml,"59
6. packen allegies
37. - siecklassen
9. — chiakonas
10. — paenasse chitsen —
24. — gebleekte dongrijs —
18. —. . . . . . . -. salempoeris
16 — - . . . . - . guunees lijnwaat —
1. – medlangijs —
uyt het schip silversteijn hier ter rheede—
overgescheept
26. packen sieklasse d'olmara —
6. —. mallemollen —
5. — Carchannes en —
5. —. Zachoris —
Mitschader s daar en booven in voldoe¬
ƒ
ningen van den Eijsch alhier nog
of gescheept
385105: lb pper
25375. — gedroogde areek —
2250. — borre borrij—
16500. — gedroogde gengber alvoor twee Iaaren
voor persia alhier jngekogt dogh
het voorleeden mousson versuymd ge„
worden derwaarts te bestellen
waar door al vrij wat jngedrooght
en vermijterd geraakt is —
2. leggers Cocusotij inhoudende 810 Cannenen
81 packen-"
NL-HaNA_1.04.02_1547_0146.xml,"met de versogte rijst niet hebben konnen
gerijven —
81. packen Ceyjlonse Canneel om reden in drie Jaar
tijts ofte zedert anno 1691 dot diespecerij
en
by den hoog Ed=le heere Commissaris
E M) ontbooden herwaarts aangebragt
is toe dato niet heevd konnen omgeset
werden.
waar besyden ook gaarne de vrienden gerievd
waarom bij die occagia persia mede zouden hebben med de versogte ses Lasten —
Canarase rijs jngevalle niet dagten daar —
meede te veel tijt zoude gespilden zoo kos„
telijk gelaaden schip met het aandoen
van die plaatse te lange opgehouden werden
buijten dat ook toe de berginge nade schippers
verklaaringe (als de Cardamom jngenoomen—
eijk
had) geen ruijm te zoude overschieten dien halven
gemelte schipper, gelast hebben eenelijck
en passant Calicoet ofte Cananoor maar
aan te doen om op een van beijde plaatsen
volgens onse voor aff derwaarts gegeven—
aan
ordre den gevorderden Cardamom door den
koopman abuga porboe zynde den broeder
van babba) beloovd te beschicken jngenoomen
ofp wat tij catgene tot Caranoor— hebbende ten spoedigsten doenelijk de reijse
et
van
te"
NL-HaNA_1.04.02_1547_0147.xml,"60
aangekomen is
en hoe veel cardamom aldaar voor porsia
in genoomen hoevt
deede tot godde heere dot een behoude
eijse doen en d' op d' Coopmansz de gewen„
te voordeelen mogen behaalt werden
van Ceijlon —
iiet wijnige drancken
te bevorderen gelijk dan ook op den 24=en daar
aan ter laast gedagte plaatse effect genoomen
heevd bestaande de geheele parthije volgens —
de gedaane petitieuijt
10450. lb ofte 20 9/10 Candijlen in soorte als —
7250. lb Cabessa
bij voorn: abuga genegotieert en volgens
2000 – bariga beding to e 72 duk=s door malcanderen g'taxeert
1200. – goede pee tot suppleeringe door—
t opperhoovien den raad van
eenige basaarse mooren —
tot 55 moorse dukaaten 't Can„
dijl aldaar opgekogt
den almoogende zy gebeeden dien boodem
zoo wel als alle de voorsz andere kielen een
behouden en voorspoedige reijse te verleenen,
mitschaders dat op derselver jngeladene —
Corguasoenen de verhoopse voordeelen voor
d' E Comp mogte werden gegaudeert,
ge, den 10=e maart lande hier nog aan van —
aanlandinge van 't schip den Eenhoorn Ceijlon tschip, den Eerhoorn, door den Ed=len
heer raad extraordinair van Jndia en
gouverneur Thomas van Rhee, p=mo derselve
maand eenelijk belaaden med
3. vaatenhaantjes bier —
dos
2: D=os mom en —
10. kelders brandewyn uyt zyn Ed=le voorraad
op"
NL-HaNA_1.04.02_1547_0148.xml,"wercken &=a derwaarts over te voeren
desselvs versendinge na Cananoor om de
gecontracteerde Cardamom af te
halen—
op ons versoek daar om gedaan (mits dier 'tee„
omde alhier ingenerheij leggende hout, nemaal van drancken waaren ontblood ) hebb
herwaarts afgestooken, om wat hier op
den Eysch van houtwercken haer draad
als anders voor dat gouvernement nog mogte
in gereedheijt zijn voor het jnbreeken
van de storm tijt over tehaalen, dog h onderwijsen
dat nog eenige plancken mosten gesaagd.
ende vervaardigt werden, vonden wij voor
den dienst van d' EComp goed als daar toe
nogh vroeg genoght zinde dien boodem
een togje na Cananoor te laaten doen, niet
alleen om verscheijde behoevtigheeden der„
waarts te bestellen, maar ook ten princi„
paalen in retour van daar ofte Calicoet
af tebrengen de Cardaniom die wij nade—
gegeven hoope van vooren gem: abuga—
porboe vaststelden, volgens Contract tot
60 Candijlen : den Eysch van per sia
daar onder begreepen) bereets zoo niet
in 't geheel jmmers voor 't meerder gedeelt
al zoude weesen affgeleverd maar med
te rug xteryninge sonder eenigen desselvs te rug verschijninge op den 29=e maart
passado"
NL-HaNA_1.04.02_1547_0149.xml,"61
hebben —
te gedeft peschieert is —
Car damomnigereetheijt gevonden te Passado verstaan hebbende niets van die
specerije (:buijten de vervoerde 21 Candijlen
na persia), nogh aangebragt was, lieten
waar mede ooschuwt weder na ceijlon dat hol voorts in alle spoed afflaaden —
met 't naar genoemde namentlijck. —
voor Ceylon. —
95 stx gesorteerde teeke plancken van 3. gens duijmen
2. — tekkebalcken tot molen houten —
6. —en gelij d=o. _=o
1. — swaare d=o tot een moolen als —
50. — gesorteerde cromhouten—
80. — zeedre brandemmers —
4. leggers Cokusolij jnhoudende 1636 kannen
10. Lasten zouratse tarruw om dat van dat
grain ruijm voorsien en bedugt
waaren andersints zoude koomen
te bederven ten eijnde op Ceijlon
ten nutte verairbert tewerden
voor batavia om by Eerste gele„
gentheijt derwaarts gesonden te werden—
7. mans slaven alhier voor d' E Comp
jngekogt en—
100: lb versche Cardamon welke bij ons —
onderdanig Laaste schryvens —
med de wind afgegaan beloovd
was bij naaste occagie uw hoog
Edele agtb te zullen toesenden—
voor"
NL-HaNA_1.04.02_1547_0150.xml,"voor Chormandel
alvoorens tot Coilan nog eenige
goederen ingescheept hebbende
nevens de 100 Axtrossen voor batavia
sijnde daar meede ook na Colombo
vertrocken de weduwe van d' E h=r
Commandeur van dielen zal=r
wat weegens den boedel van ged:t
Commandeur na Ceijlon ges=z
176. stx angelij plancken —
waar meede dan vervolgens ov, den 9=e april na
Colombo is gedepechieert zynde d' overheeden gelast
Coijlang einpassant aan teleggen om weeren
wint sulcx gedoogende aldaar nogh in tenemen e
de gereed lieggende Caier gaarn, en mangus
plancken door Ceijlon als de bij uw hoog Edele
agtb g'eijschte 100 stx geslaegen trossen
jnvoegen dan ook den 11=e daar aan geschied
is. —
oo
bij welcke occagie ook derwaarts teverteecken
occommoditeijt en transport verleend hebben
aan de weduwe wijlen den E H=r Command=r
Jsaac van dielen zal=r gedagtenisse, —
nevens haar E familie en meubelen—
med gedienstigh versoek aan den Ed=le heer
gouverneur thomas van Rhee en raad, dat
het nalatenschap, van welgem: h=r Command
zal=r byde Ervgenaamen niet mogte
gescheyden werden, tot uw hoog Edele agtb:
over dit Commandement zullen behaagden
hebben te disponneeren en een ander—
„en
Commandere, ndee
en
nog
hoog
pondo"
NL-HaNA_1.04.02_1547_0151.xml,"62
en van daar weder tot an twoorrontf:
voor wet in sigten zoodanigen versoek na
eijlon geschied zi
end ingevalle daar omtrent jets misdaan
nog te wesen, versoecken wij dat haar
pordonneeren. —
en geweesen se C=s pieter roos is om
Commandeur herwaarts tesenden dog waer —
op, ons in dato 13=' passado alsulcx in and„
woord is toegekoomen als het bygaande —
Extract gemombert 9: uw hoogh Edele agtb
zal aanthoonen, en gemerkt wij bij dat
versoek geen andere jnsigte gehad nog verder
gesien hebben, als om dat zyn E zoo
schierlijk buyten verwagtinge overleeden zinde
geen overdragte van des E' Compagnies staat
en belang van zyn Eaar vertrouwde —
hoog Ed=le agtb gunstigh ons gelieven te Commanderije gedaan heevd, zoo bidden
w' uw hoog Edele agtb demoedigh zoo
daar jnne mogten misgetast en tot kreu„
kinge van zyn E goeden naam onse
schuldigheijt tebuijten gegaan hebben.
(:gelyk den Ed=le heer gouverneur en raad
van Ceijlon tselve zoodanig schijnen —
opgevat te hebben:) ons na haare goeder„
tierentheijt van die mislag gunstelijk —
te verschoonen —
Jnsgelijcx is med dikgemelten, schip den —
Een hoorn op zyn versoek gelicentieert na
Ceijlon te vertrecken den provisioneel onder„
deur, sederen als bij de getrocken resoluitie koopman raad en secretaris der politie
staat
Pieter"
NL-HaNA_1.04.02_1547_0152.xml,"sijn familje naar Colombo vertrocken
ins gelijcx den onderkoopman willem roos
met syjn hunve gesin
g
alsmede den boekhouder Coulster om
dat voor denselven geen bedieninge hier
open was. —
overkomst van den tutucorijnse fiscaal
Iohannes wighmans om alhier g'em„
ploijeert te werden
staat voet meede p=r den venrhooren met Pieler Roos met zyn familie om soodanige
bygebragte redenen als bij onse genoomen
resoluitie desweegen onder N=o 10. desen
jn Copia versellende omstandigh staan vervat
waar toe ons eerbiedigh gedraagen, zynde ook
derwaarts overgevaaren den onder kopman
Willem Roos med zyn huys gesin als meede
den boekhouder Cornelis van Coulster
in Ianuarij anno stantij, om hier g'em„
ployjeert te werden med het schip Courtgene
overgekoomen om van daar wijders na battavie
van
te navigeeren den Laastgenoemde om
aend
oo
dat geen bedieningen vacant zinde
ongenegen was Langer hier te continu„
eeren—
'tsedert
via
ge
erlan
den onderkoopman en geweesen fiskraal
tot tutu Corijn Johannes Wighmans agter„
volgens uw hoog: Edele agtb ordre van daar
herwaarts overgekoomen weesende staat
hier bij gelegentheijt naar zyn qualiteijt
geplaast te werden. —
Het overrompelen van 'sComp=s Logier tot
„—
wingurla door den mogolsen veltheer
scha baighan
J."
NL-HaNA_1.04.02_1547_0153.xml,"63
via geen nader berigtongen van den
gevangen settende Ia coltrogh
erlange
vat van hier naar souratta is ges=z, tot
gewerckinge van desselvs laagatie
aen d' vergivte van de logie tot wingur la
vort aan 't bijgaande extract gerefereert
adgerugten zoude voorsn logie tot
omtrocken
serbarghan is uu hoog Edele agtb by ons
wedere ons songhekondschapna bata Laaste onderdanigh schryvens bekend ge„
marke als hoe den resident Jacob trogh
na de fortresse ponde opgevoerd aldaar —
gevanckelijk gehouden wierd, 't zedert
hebben tot onse verwonderinge geen nader=
berigt van den zelven ontvangen 't geen
ons doet vermoeden off niet wel stercken
bewaakt dan hooger op na visiapoer gebragt
en hem daardoor occagie toe schrijven—
benoomen mogte weesen, dog om desselvs
Largatie met overgivte van de logie kost
en schaadeloos naar onse uytterste vermoogen
te bewercken, hebben bij onse Jongste affge„
gaane briev na Zouratta onder dato ult=o
februarij passado, waar van een extract
hier nevens onder N=o 11. legd den E h=r
directeur Louis de keijser en raad seer
Ernstigh versogt van dien kant aan het kov
van den keijser orang zeep alle moogelijke
middelen daar toe meede gelievden te —
contribueeren, ondertusschen zoude de —
Logie tot wingurla gelyk den onderkoopm:
tallinge van paarden met een muur sonsbeek in zyn rapport aan haald van
eenige
han"
NL-HaNA_1.04.02_1547_0154.xml,"sijn gesterke zin
in de beneden landen quam te doen —
op onse afgesondene brieven aan den
mogol, en gouverneur van minzee tot
nogh geen rescriptien vernomen
maar wel van kempsont onde Conin„
sto om trocken en door jnlandse krijgers Eenige affgekoomene jnlandse dienaars
den
de
berigt te zijn door voorsz ser baeghan door
omtreckinge van een muur toestallinge
van zyn paarden gesterke eenige jnland,/ sijn
tijt
krijgers daar in geleijd en In possessie
daar meede ser batchan vergroote ofbreuk genoomen hebben, waar meede die beneeden
Landen kwam te brandschatten en te dwinge
wat nu van het een en ander zij en hoe daar
meede verder zal willen affloopen hoopen
egter
voo
inder tijt te ontwaaren, en wanneer niet
zullen nalaaten uw hoog Ed=le agtb des„
weegen schuldige wetenende te doen. van
den mogol nogh ook den gouverneur van
min zee is ons tot nog geen bescheijd toege„
ginne van Canara die hier nevensgaan koomen, maar wat den dessaij kempsant
niet
en de Coninginne van Canara op onse
afgevaardigde brieven hebben g'andwoord
gesch
zullende versellende Copia translaaten
verclae
verthoonen tot dewelcke ons in alle onder„
danigheijt gedraagen
Aangaande den jnkoop van peper daar van
is uw hoog Ed=le agtb in onse laaste in 't
breede kennisse gedaan als hoe de leverant
dogh
van dien aan den soon van 'sComp=s koopmanh
geda
baba"
NL-HaNA_1.04.02_1547_0155.xml,"64
den jnkoop van pper geschied nogh door
de soon van babaporboe —
synde de prijs sien Corl. thans op 12 sunkraten
gedaalt uyt jn sigte om dat in den quaden
tijt niet van hier vervoert kan werden
egter zal hier te besien sijn of den eijsch
ren zal konnen voldaan werden
niet om datter geen pper genag te krijgen
zoude wesen—
maar om dat de procure daar van moet
van baba, en sonder groote voor uijt
vertreckinge
hapenen
babba genaamd Nanoe porboe gedefereert
hadden gelyk dan toe nogh op dien voet door
een matigen jnsaam gecontinueert
is geworden en nogh geschied alleen dat wij,
door aangewende debvoiren 't Cand=l gebragt
hebben van 13 tot op, twaalv dukaaten —
en zulcx wel besonder lijck omdat in desen
reegen tijt den uijtvoer belet zynde dien —
Corl daardoor jnprijse gedaalden beeter
voor patria ende t'andere jndise quartie„ koop geworden is, maar off w' egter bekwaam
genoegh zullen wesen den vollen Eijsch
Jongst van Ceijlon gedaan niet alleen voor —
het aanstaande vaderlants retour maar
ook de andere quartieren van India te—
konnen beschicken, maaken alwat swaa„
righeijt hoewel aan den overvlaet van den
pper niet en twijffelen maar alleen daar
geschieden, alleen door de gemagtigde op zien dat de procure zoude moeten
geschieden zonder grooter voor uijt
verstreckinge dan bij onse groote meditee„
rende resoluitie uyt gedrukt staat
en dat nog door de gemagtigde van den.
koopman babba alleen, med uijtsluijtinge
dog hop dache vanonberewoieren it mogte van alle andere koopluijden, dog op dat
hot
r
onc"
NL-HaNA_1.04.02_1547_0156.xml,"„vorbog
is namo atgevraagt tot war quantiteijt lij
tegenhalv sber in gereeth=t te brengen
voor vaderlants retour
beloovde 1500 Candijlen dog begeerde
in Contant toe gooeade oorig tehebben
onder verklaaringe andersints daar toe
geen raad te weeten
het daar omtrent geen sints aan onse debvoi„
ren mogte gebleeken van tijdigh daar na omwaar
treod
te sien hebben voort op den ontvanck van
den Ceylonsen Eysch: zynde ongeste fificeert
op zoo veel genoomen als ruijmte van
scheepen tot den overvoer zoude toelaaten
en het gunt wijlen minsten gissen op een
2
quantiteijt van 2000 Candijlen) op gem:
Nannoeporboe in onse vergaderinge doen
koomen om van den selven eenstehooren
tot wat quantiteijt en op hoedanige Conditie
zigh zoude willen verpligten voor het ver„
loop van haer 8ber (om vooreerst te dienen
tot de vaderlandse retouren) televeren
den welcken daar op wel aen nam binnen
voorsz tijt soo hier als toe Cali Coilangen pork
te versorgen en in gereedheijt tebrengen —
1500 Candijlen maar begeerde voor aff ot
de hand de betaalinge van vier hondert
Candijlen alsoo buijten dien daar toe mits
het kwaade zaysoen geen ofte weinige
handelwhaaren konde werden vertierd
niet wel raad zoude weeten en dierhalven
noodsaakelijk daar meede moste werden
toe
verd
g'adsisteert"
NL-HaNA_1.04.02_1547_0157.xml,"65
om waartoe voor eerst niet hebben konnen
treeden, om de nauwe bepalinge bij medi„
teerende resolutie vervat
verdere redenen en Consideratien dier weg=e
g'adsisteert tot hoedanigen besluijp wij als
nogh niet konden resolveeren eensdeels om ons
niet alleen buijten de bepaalinge der voorn:
mediteerende resoluitie treedende, —
maar ook door te grooten vertrouwen teen —
aansien het reets gesieerde tot 150 Candijlen
zelvs nog niet voldaan was aangeen —
swaare vrandwoording te maaken en aande
andere zide wederom in aanmerckinge —n
neemende hoe veel aan de voldoeninge der
gevorderde pper voor den dienst der E Comp
egter gelegen zij, zoo dagte het veijligh en
raadsaamste te weesen daar meede niet
te seer te verhaasten maar nog een veerthien daagen
ofte drie weeken te blijven in sien alsoo't nog:
vroeg in den tijt was en daaren booven niet
behoevden bekommerd te zyn den pper uijt
het Land zoude werden vervoerd jn hoope
onderwijlen med de gerequireerde ordres
van uw hoog Ed=le agtb te zullen voor„
sien worden om ons daar na dan prompt
te konnen reguleeren ofte anders —
alsulcx nader te besluijten als niet 'twaar
belang van d' E Comp zullen oordeelen
best te quadreeren —
den"
NL-HaNA_1.04.02_1547_0158.xml,"arrivement van een moons schit
toebehorende den nabab van ouixa
okeramieham uijt bangaalen o
van een verlone reijse nade maldivos
beladen met diverse goederen
ƒ
Den 18=en maij liet hier op de rheede ancker vallen
seeker moors schip genaamd Cadri van
den Nabab van orixia E Keraimchan den
22„en xber des voorleeden Iaars onder het
bestier van den Nochoda chosia melkamber
en een portugees stuurman met naame
anthonio gransiel voor sien van een
behoorlijck paspoort bij den EE h=r directeur —
Arnoldus muijckens verleend, gelyk het
i
tot
afschrivd onder N=o 12 tot uw hoog Edele
agtb beschouwinge hier nevens legt van
bengale med een rijs Laadinge als —
parthij olij, booter poeijer zuycker En groove
kleeden na de maldipos gedestineert
dogh door ontmoete Contrarie wirden
en stroomen de reijse derwaarts niet
konnende gewinnen, genoodsaakt was—
het nadese Custe te werden om schip en goed
voor storm en onweir alhier tebergen —/
gelijk w' op het versoek van den Nachoda —
ook hebben jngewilligd en door een kundig
toostaan alhier inde modderbhaijte Zeevarende van hier dien bodam alsoo te dien
lo
overwinteren
gong
G"
NL-HaNA_1.04.02_1547_0159.xml,"66
winteren onder goede toesigt
rigst op de presentatie van den nachoda
o en Cimele paij voor deConto pohagrt
notiven waarom in de moddershaij
belopen miet haet kunnen ontsoijd werden
gong om over de banck binnen de revier te
koomen inde modder Baij laaten brengen —
om den storm tijd over aldaar te blijven leggen onder
goede toesigi van onse wagthouders dat niets
aanland gebragt ofte geslooken werde buijten
eenige kleenigheeden welcke staan sonder
sComp=s prejuditie toegestaan hebben alhier
aan de gemeen te te moogen uijtventen;
de rijs hebben op de aanbiedinge van den —
Nachoda alsoo seer civiel in prijs konde
werden bekoomen bestaande uijt 133½
Lasten voor d' E Comp: aangenomen en het
last gecontracteert tegen 10 moorse —
dukaaten mits dat op sComp:s kosten
herwaarts moste werden affgehaald en
hoewel wij liever op gem. schip van daar—
hadden g'excuseert en gesien binnen —
de revier hadde, konnen gebragt werden—
om schadelijcke gevolge in het toekoomende
daar door te voorkomen zoo hebben egter zulcx
door nootdwang niet konnen voor bij gaan—
dier halven ook vastelijk verhoopen dat uw hoog
Edele"
NL-HaNA_1.04.02_1547_0160.xml,"gerecommandeert 't sijnen faveur
een versegeld pacquetje door den koopm:
beere verselt desen als ook—
de generaale monsterrolle der mansz
repetitie van 't gund, Jongst na't patria
gesz is, wegens den jndrang, van den sam„
e cwaanigheeden kusschen dis leijde Coos
ningen en z.
Edele agtb haar het zelve niet zullen—
gelieten: te laaten mishagen te meer van
den directeur voornoemd op een bijsondere
wijse handbiedinge te doen gerecommandeert
zyn. —
Het nevens gaande versegeld pacquetje onder
N=o 13 op het register aangehaald is een briev
baba aan haar hoog Ed=les agetb gesulseri, med desselvs bylaagen door sComp=s koopman
babba porboe uyt pananij aan ons gesonden —
om aan uw hoog Ed=len agtb voort geschikt
te werden —
de generaale monsteringe der manschappen—
onder het mallabaars Commandement resor„
op ult=o Junij jongstleeden op maslab:r tabel na de algemeene ordre op ult=mo
Junij deses Iaars geschied zynde gaan daar
van de naamrollen onder N=o 14 bij deser over„
Om uw hoog Edele agtb volgens onse gehoudenisse
te berigten wat alhier is voorgevallen ontrent
d' Landsvorsten in sonder heijt rakende de
morijn init Cochimse rijk, ende gemoveerd:e Coningen Sammorijn en Cochim 't sedert
onse meermaals genoemde jongste onderdaa„
nige kuntschappen aan uw hoog Edele agtb
van"
NL-HaNA_1.04.02_1547_0161.xml,"67
van den 22=en Januarij deses Iaars aan —
haar Ed=le ageb de heeren maijores op den
Een luso
10=en maert daar aan volgende p=r tschip
Cortgene na per sia affgevaardigt, zullen
om die materie te vervolgen seggen dat
uw hoog Edele agtb (:des behagende:) uijt voors
Laast gen= briev sal te vooren Coomen—
dat w' niet zonder reden voor quade ge„
volgen ten aansien van het woelen —
des konings sammerijn en den wispel„
tuirigen Coopman bobba porboe bedugt
zyn geweest en ons ten alder hoogsten be„
kommert vonden hoe wij ons best daar —
in zouden gedragen, om zonder verergering
en prejuditie van des E Comp en des Conings
F
van Cochims saaken buijten ruptuere —
te blyven, ten minsten zoo lange alhier een
nieuwen heer Commandeur zoude overgekomen
off wij van positive ordres op d' voorgedraagen
mallabaarse zaaken van uw hoog Ed=le
.
agtb versien wesen, want daar bij zal uw
hoog Ed=le agtb sien dat den oijneCoottij
nambeddij"
NL-HaNA_1.04.02_1547_0162.xml,"gewisselde olas en brieven
verhaal
Colicoet twee scheepjes van sjeka —
marcol in ligten brand gestooken
en in wat voegen de mahometan en hun wraek
rust geboed hebben
staat te brengen, maar wij daar teegen med
het vosse vel te baat nemende gebruyck te
nae onse geringe kennisse d'uijtterste voors„
tagheijt, diew' uyt onse swacke herssenen mag
tigh waaren. waardoor w' zoo veel voor
eerst quamen te vorderen, dat d' vaartvan
omstandiger te besteuren bij'overgaande primo furie wat stutte, alles omstandigh en
blijckende bij s verwisselde olas en brieven
voorn: desen in Copia onder N=o 15 vertellende
waar toe w' ons almede onderdanigh rese„
reeren, terwijlwe in dese swaarigheijt
bedolven Lagen, niet wetende hoe wij ons
daar uijt best zouden konnens redden, gemi
ons nog een ander van geen minder aan
ho deportugerse kruijssers voor de rheede gelegentheijt, het welck was dat de portu„
geesen met twee kruijssers den 12„' februarij
slantij, voor Calicoet gekoomen weesende,
hun niet en hadden ontsien twee scheepen
toe behoorende den moorsje kamarkal
in d'asche teleggen twelk zulcker —
thoorn verwerkte, niet alleen in d' gemoe„
deren van den gantschen hoop dier mahome„
tanen —
gevoel
stout"
NL-HaNA_1.04.02_1547_0163.xml,"69
stout bestaan der lusitaanen
tanen Langs die kust woonende in voegen
daese in zoo grooten vermoedentheeijt overgege„
ven waaren datse als verstierdende dieren—
Liepen om daarse maar een Christen en
mensch van der portugeesen aan stang
konden, beloopen, van 't leven te berooven,
ja soodanigh datse met het onbrengen —
van eenige derselve hun wraak Lust
niet konnende voldoen alle derselver woo„
ningen toe kerk in Cluijs door het vuur
hebben vermelt, het zoude een grooter
martelisatie zyn geweest ten waare
de meeste door het vlugten te landewaart
in nae de landen vanden ragia van —
bettetta en der Engelse Logie hetselve —
niet en waaren ontkoomen, maar ook
eveleghij vanden sommonijn as het jn den Lammorijn die zigh in zijn
glorie zoo gequest vond dat van spijt
meende te bersten, niet weetende wat
bij der hand zoude neemen, om de lusitanen
die vermetendheijt betaalt te setten, sonder
dat men Egter konde gewaar werden
wat"
NL-HaNA_1.04.02_1547_0164.xml,"'t verbranden van twee andere scheepen
van baba voor panany
wat d'oorsaak daar van mogte zijn
den portugesen vender brdrijv am tront onder tusschen de portugeesen daar meede
niet ophoudende quaamen den 13=e maart
met twee galjoots voor pananij en berige
zijnde dat daar twee scheepen van den —
koopman babba zeijl reetlagen om —
naar mocha te navigeeren zouden se
haar g'armeerde schuijten affom deselve
in den brand te steeken, maar, aan 't boort
van teene schip, koomende vondense
daar op onsen pananijsen resident drie —
nederlande en ses toepasse zoldaaten,
die door den koopman bobba zoo haast
d=o galjoots vernoomen wierden daar op
waaren g'ordonneert, om in Cas van eenige
quade onderneemingen door d' portugeesen —
haar dat tegen testaan, onder voorwending
het schip sComp=s koopman babba toebe„
hoorde, en dat al het quaat dat daar aan —
quam te geschieden most aangesien werden
als aan d' E Comp te zyn gepleegt, dogh al
als ho 'tsijtie de protesatien e onse het pro testeeren van den resident agte den
daer
zij"
NL-HaNA_1.04.02_1547_0165.xml,"70
dar mede tegegaenheefen —.
zij te geringh om haar dessein daar om vol„
bragt te laten, en onder het uijten van veele.
dreijgementen en smaadige woorden seydende
den resident met zijn bij hebbende zoldaaten
zigh zoude hebben aanstonts van 't boort
te begeeven, waar toe den resident ongaarne
willende resolveeren, wierde hij geconstrun„
geert in haar schuyp over te gaan, en wierde
na haar boert gevoert, met eenen wierd
het schip, in den brand gestooken en
gelycks waater afgebrant med verlies van
zijn meeste ladingh die ten principaalen
bestaan heeft in pper, rijs ijser Loot &t=a
daar van daan begaavens haar na het
tweede schip dogh 'tselve van een goet
getal gewapende mooren versien wesende,
de portugeesen siende aankoomen verborgen
haar inde kasuijt, tot datse alle in't schip, —
overgekoomen waaren wanneer een—
der mooren zijnde de Cana Capol met
schild en swaart op haar jnvallende —
begon"
NL-HaNA_1.04.02_1547_0166.xml,"versellende bijlaagen —
over welke vijandelijcke actie den Coningh
begon heftigh toe te kappen de portugeesen
babba
hebben
door verbaastheijd in Consusie geraakt wesent geneven
gaaven gesaamen der hand op hem vuur dat
hij ter neder storte met eenen vielende
mooren met alle man daar op uijt en —
maakten zulcken reddering datse overhol over
bol uijt het schip sprongen en weg vlugte
nalatende haaren vendrigh en eenige —
zoldaaten, dogh het getal is onseeker waar
door het schip, is gesalveert geworden, de moo„
nen hadden geen, buscruijt anders zoudense
alles onsandigen Castveronde bij ve d' schuijt wel in d' grond hebben geschooten,
alles omcpel blijckende bij d' Copia brieven
van den koopman baba en den resident
tot pananij, mitsgaders de verklaaringen
door d=o resident en zoldaaten weegens
de toegedragentheijt dier saake verleend —
al meede onder N=o 15 desen accompag„
neerende, waar aan we om desen niet te
verlengen onder uw ho Ed=le agtb goet
gunstig welnemen dienstplijtige draagen,
sammorijas dogh niet soo veer dan wel den sammorijn enden koopman babba
babba
niet
redenen
fundeer"
NL-HaNA_1.04.02_1547_0167.xml,"71
hebben begeert dat door ons zoude werden
gerevengeert
„ kwamen
redenen waar op hun tot sulcx, te
fundeeren—
doablasants' ondrgeng bodrijgend, niet weetende aan wien zij haar sonden
konnen wreeken, koosen d'E Comp„e voor —
d'man tegen wien zij het zoodanig
gaande hadden, dat het zig hal wonden —
vreemd vertroonde wij wisten niet langen
aan wat kant dat w' het zouden waar„
neemen, den sammorijn scheen nog veel
Eer te versetten te zijn geweest als den koopm:
babba, die noemende op zin Ho=t bedreijg„
88„
en
de sComp„s onderganck in dien haar Ed=le
het violeeren der rheede en vyandelijcke
handelinge der portugeesen niet ten Eersten
quam te revengieeren, fundeerende —
hun niet alleen daar op, dat D=o babba
een koopman van d' E Comp zijnde haar—
Ed=le in zijn persoon zigh daar over beledigt
moet houden ten anderen dat het verbond
van vruntschap, tussen den Coningh.
sammorijn en d' E. Comp opgerigt en door
den hoog Ed=len heer Commissaris gene„
raal Iongst vernieuwe luijde dat de vijanden
gemeen zoude weesen, enden Een den
anderen gehouden is na gelegentheijt van
Zaaken"
NL-HaNA_1.04.02_1547_0168.xml,"ons gedragen daar omtrent
doge op gevatte mitsnoegen ten eijnde
soo het schijnt om ons na haare neij„
gingen te leijden
zaaken te adsisteeren, toe ijder zijn eijgen
Costen en om dat we, hier op niet anders quaa„
men te andwoorden dan dat w' van dit voorval
ten Eersten doenelijk uw hoog Ed=le agtb
kennisse zouden geeven, en ordre afwagten
zouden ons in telaaten tot eenige disputen
off ook specialijk te verbinden, dien aangaande
uijt Consideratien van d' veelvuldige swaarig„
heeden in zaake van die natuere resideerende
welcke bij uw ho: Ed=e ageb beeten zal konnen
des sammorijn en babas met vervoor„ beseft werden, als wij vermogens zijn in desen
te verthoonen hier jnne den een nog den ander
gantsch geen genoegen konnende scheppen
begonden zeer wantrouwelijk van d'E Comp
te spreeken suspecteerende haar Ed=es of sulx
met kennisse van haar Ed=le ware geschied,
dogh dit was meer om ons een prickeling te
geven ten eijnde wij te eerbewoogen mogten guehuin
werden ons na haare neijgingen te laaten
gebruijckeen, als daese niet beter vertrouwen
daar van hadden, des wy ook daar niet veel
agt opgaven en schoon baba na alle waar„
schijnelijkheijt ons door den sammorijn sogt
wat
15
Co=s
blijke
egt
redenen
rijn sijn"
NL-HaNA_1.04.02_1547_0169.xml,"Co=s toe goa geschreeven hebben.
blijkt bij d' Copia hiernevens gevoegd
redenen waarom den koninck sammo„
rijn sijn vergaderde magt tegenden
gten Coemunder weder terugh ontboden heeft
te benarren wij bleeven bij ons ouden
thoon, alsoo gantsch geen staat op hem nog
zijn schryven was temaaken gelijk zijne
brieven hier nevens gevougt zullen aan„
thoonen, want dan Landeert hij eens ons
doen en dan als in eenen aasemlaakt hij,
weder dan dreijgen dan goede hoop geven
Egter in siende dat den tijt gantsch niet ge„
schaapen was hem met reden maar vleijs„
rije tegemoette gaan, hebben w' zoo kom hem
eeniger maaten te gemoet te koomen als hem
der sweegter dien weegen aanden onder voor te slaan buijten prejuditie van d' Comp
een geschrivt bij forma van Insinuatie
vervaardigt, en den portugeesen viceroij, —
tot goa toegeschikt waar van d' Copia tot
uw hoog Ed=le agtb speculatie hier nevens
onder N=o 16 overgaat, den sammorijn siende
ons resoluijt schrijven en gehoort hebbende
dat den koninck van Cochim reets op jnna„
liecoeddij met een groot gevolg van naijnos
en een nederlandse sergianten 12 soldaaten
die zyn ho=t tot meerder aansien is toegevoegt:
dat ten eersten d' naamhad van eenige
honderden—
72"
NL-HaNA_1.04.02_1547_0170.xml,"sijnde den kominck van Coenim ook
werder
houderden hollanders:) en dat w goet gelejfe
der aan
militie op Cranganoor hadden overgebragt„
besluijtende daar uyt dat we het nog zoo
gewonnen niet zouden geven, maar des
vereijssende een kansje daar voor waagen—
daarbij nogh Comende de faam van den
presenten Coenins koninck van een—
kloeckenwedig en voorsightig zoldaat te sijn
begon heet vuur des oorloegs dat wackere
aan 't smeulen was geraakt, vrij wat te pos
verminderen en uijt bedugtinge dat mits
zigh selven geraakt vindende over zijn
gedoente, raakende aijnecoetij nambeddij
overvallen tewerden een ola door des sam„
morijns boesem vrund den sjawel Cattoe
talchinoor alias Chrisnapatre, aanden
ragiadoor taijspil schryven waar bij
men genoegsaam zagh datsy agter dogt
begonden te krijgen, waarop, weder na
vereijsch geschreeven weesende hoorden we
dat den sammorijn zyn vergaderde maght
nader inst
nooesaa
weder had doen vertrecken den koninck van hed.
Cocnum
aan
p=r soon
pen
1"
NL-HaNA_1.04.02_1547_0171.xml,"73
der aan sijnhov alhier te rug gekreert
des sammorijn versoekt om een fidel
p=r soon s Comp=s weegen bij sijn h:r te senden
den koopman baba daar toe voorgedragen
noorsaakelijk jets met hem te spreeken
Cochim daar op ook d' noodige ordres aan
dien kant gestelt hebbende keerde —
weeder na het Cochimse haff onaangesien
dat de gerugten even sterk liepen den
sammorijn seekerlijk een jnvasie bin„
nen Corte daagen zoude doen dan had hij
het op moerianattoe nambiaar gemunt
dan op tritsjoer weder op, de Landen van
pera tarviddij en zoo voorts eijndelijk
quam het zoo verre dat den sammorijn
ons bij een ola versogt om een persoon van
vertrouwen bij zijn ho=t te senden, alsoo
eenige zaaken van belangen voor te
stellen hadde, wij Excuseerden, zulcx
onder voorgevingh dat den koopman —
babba als ambassadeur van sComp=s weegen
^ niet,
reets aldaar zijnde, het vougen zoude dat w'
nu een ander quaataen te senden ook dat w'
niemand bequamer onder de bedienden
zoude konnen uijtvinden om al geen
reeden van belgingh of te wantrouwen
nader inlantie omden ragia door taispikalso aandien Coopman tegeven, daar op volgde=
het tweede versoek dat w' den ragiadoor
taijspel
had."
NL-HaNA_1.04.02_1547_0172.xml,"vaaren —
breeder vervat bij tevetelende rapport
taijessiel noemende der zelven met
naam en toenaameens bij zijn ho=t wilde
senden alsoo hij hem eens noodsaakelijk
moste spreeken 'tselve niet konnende—
weijgeren, zonder misnoegen tegeven
aanden sammorijn, vonden we goed d=o
desselvs sendinge, bij syjn hoogh=t en wedertaijspiel nae sjawel Cattoe bij zijn ho=t te
senden, twelck geweest is den 22=en april
enden 30=en daar aan wederkeerende resaa„
teerde ons mondeling zijn gantsche verigting
bestaande in veele Clagten en de batten
dogh het geene ook best behaagde was dat
den samorijn op zijn konincklijck woort
hadde beloovt, in dese Confectuere destijts
niets vijandelijcx tegenhee ryjk van Cochim
zoude onderneemen, en dat zijn ho=rs be„
geerte was dat 'er arbitrale persoonen
van weder zijden nevens gecommitteerde
van 'sComp=s weegen op, Cranganoor souden
koomen om over de zaaken in verschil
staande te confereeren, en des doenelijk Inde
minne te accommodeeren daar op ondon„
neerden d=o taijspil een schriftelijk rapport
dofweegen
daar
e"
NL-HaNA_1.04.02_1547_0173.xml,"74
't genoegen beijden Coenmisen Coning
daar inne geschept
van: ooulog verder gewag
daar van op temaaken waar van de Copia
hier nevens onder N=o 17 is gevoegt, van dese
verrigtingh den konink van Coeninkennisse
gedaan wesende, was daar over tenalder hoog„
sten verheugt alsoo thans gantsch in geen, staat
en was om te oorlogen, en versogt dae ten eersten
een ola aanden sammorijn mogte geschreeven
werden tot bekent making dat zijn ho=t
maar hoe eer hoe liever zijne gesanten als
voorseijt op Cranganoor wilde senden twelk
ook geschiede als med dat oogwith om in
onderhandeling zijnde d'occagien tot oorloo„
gen weg te neemen, en med goede hoope gee„
vinge de saaken traineerende tehouden,
toe de komste van een nieuwen heer Com„
mandeur, 'twelk den sammorijn ook heeft
aangenoomen te doen maar door tusschen
koomen van het vieren van zyn geboorten
dagh als andere besigheeden belet sijnde
zijn sijne gesanten toe nog toe op Cranganoor
niet verscheenen, onderwijlen dat wij seer
levende kans gemusten vondig en horen gerust en vreedigh Leeven zonder eenig
gewagh van oorlogh meer te hooren, eenelyk
quam ons Conte daagen geleeden clagte te
vooren
desweegen gedaan —
don„
an"
NL-HaNA_1.04.02_1547_0174.xml,"sammorijm op 't land poelatto eenige
hostiliteijlen hadden gepleegt
over 't landschat voelettoe —
warder sammorijn, op ons schryvens
dierweegen g'andwoort heeft.
voonen dat de sammorijnse nayros eenige
dan alleenlijk, dat de maijros vanden, hostiliteij, ten op het Land poelattoe hebbende
voormaals onder den ragia padinjattoe sara„
wan alias Cranganoor gesorteert hadden ge„
pleegt, met versoek dat w'ordre wilde geven —
hoedanigh zigh daar omtrent zoude gedraagen
waar op wij ons van d'zaak jnformeerende
ontstaande ter oorsaake eenige desputen hebben verstaan ende bevonden dat in 't Contract
jongst med den sammorijn aangegaan staat
dat het landschap Cranganoor met alle zijne
afhanckelijkeheeden aan zijn hoogh=t is op ge„
draagen, zonder eenige mentie niet minste
te maaken, van het land van poeloettoe, onaan„
gesien by die gelegentheijt volgens getuijge„
nisse van den Conink van Cochim en zyne lands
grooten den paljetter door ordre van den hoog
Edele heer Commissaris generaal (zin)
daar possessie van hadde genoomen uijtregt
dat het selve van outs aan 't rick van Cochim
eijgen is geweest, en den prince ramorma
van Cranganoor int Cochims, ryk g'adopteert
weesende had hij, het selve allengskens onder
des
sigh getrocken, dat doenmaals door oogluijking
was toegelaaten waar op wy, dan goet vonden
de sweegen een ola aanden sammorijn te
en
schryven"
NL-HaNA_1.04.02_1547_0175.xml,"te houden —
levende met den Cochmisen Coning in een
goede stant
zijn h=rs verlangen nader Command=r
en haar hoog Ed=le ordres tot redues
desselvs rijcx saaken
schrijven het andwoort was dat hij stontoij den
jnhout des Contracts met bivoegingh dat
wanneer d' bij een Comste geschiede daar over
ook nader zoude konnen gesprooken werden
Eemaaninge van den palgettersighstil nn middens hebben ook den paljetten daar van
kennisse gegeven met ernstige recomman„
datie sigh te wagten eenige feijtelyckheijt
te begaven, waar uijt quade gevolgen souden
konnen ontstaan, dit is hoog Edele agtb
heeren den toestant der zaaken rakende
den sammorijn, ten beknopsten doenelijk on„
danigh ter neder gestelt in vaste hoope dat
uw hoog Ed=le agtb onse doeningen hier —
ontrent behaagelyk zalweesen, voorts —
hebben d' jn't bysonder van den konnck
van Cochim niet anders te seggen ende te
betuijgen als w' reets in onse voorige onder„
daanige kundschappen hebben gedaan—
met wien w' althans leven in een overwensche„
lijcke harmonie siende zijn ho=s med
arents Oogen uijt nae een nieuwen heer—
Commandeur en ordres van uw ho Ed=len
agtb om met d' noodige redressen nie 't rijk
te konnen beginnen en een ijder te doen—
blijven binnen de paalen van haar pligt
denoteerende
75
hin
a
dopteert
sonder
ijking"
NL-HaNA_1.04.02_1547_0176.xml,"meguende t danligtelijk door ad sestentie
van d' E Comp wel te verrigten
zijn ho=s toenemende ontsag omtrent
de omleggende vorsten
wesende thans in een goed verstand met
den nagia van bercken Coer wien ook
sigh voor zijn hoog h=t veroedent heeft
denoteerende insonderheijt daar meede te
princen en den paljetter die in allen deelen
haar tegen zijn ho=t Comen te oposeeren, twerk
zijn hoogh=t met hulpe van d' E Comp seerligt
zoude konnen in een beeter ordonnantie
brengen maar zijn hoogh=t thans med de
groote preparatien tot het houden van het
een Iarigh rouw feest over de dood van den
jongst overleeden Coningh de handen vol hebbende
haar vooreerst ongemoeijt laat om van een
Commandeur g'adsisteert en vaste ordres
versien sijnde 'twerk met ernst te konnen
beginnen, ondertusschen begint het ontsag
van zijn ho=s door zijn wackerh=t en goede
politie zoodanigh aan te groeijen dat de om„
leggende vorsten zyn vrundschap en gunst
selfs koomen aansoecken, waartoe zyn ho=t
haar ook met alle reputatie soecke te trecken
om zigh des noots van haar te konnen dienen,
tzij binnen off buijtens rijcx insonderheijt
issen thans een seer bijsonder gaen verstant
tusschen zyn ho=t en den ragia van bercken Cour
persoonelyjk hier aan 't
die den 1=e
Coennise hoff is geweest om zyn Complement
van
e
tot"
NL-HaNA_1.04.02_1547_0177.xml,"76
verdere goede belovten van zijn voorstand
tot de bevorderinge van 't Cochimserijk
van den rauw afteleggen enden koninck
van Cochim van zyn op regte genegentheijt, ten
dienste van 't ryck volgens pligt van een opregte
bondgenoot te verseekeren, alwaar zijn ho: ook te„
versoecke van den Cochimise Connik uijt onsen
naame door de messeurs den onderkoopman
en winckelier warnhard van der Cnaap, en
Lieutenant maxmiliaan staffelij van der Zee
als meede onsen ordinaire gecommitteerden
den p=l onderkoopman taijspil, aelle breden
der politie is ontmoet ende gegroet wanneer
Zyn hoogh=t veele goede betuijgingen heeft ge„
daan, en een bijsonder sught bethoont hebbende
toe de welstand van 't Cochimsn ryk en den konink
ind' majutenue van zin authoriteijt
te onderschraagen, waar op de vrienden ook
hebben verklaart dat zulcx d'EComp, ten
hoogsten aangenaam was als met haar—
Ed=le jntentie en oogmerk ten vollen is qua„
dreerende, mitsgaders tijt end' gelegentheijt
presenteerende zyn hoogh=ts hulpe zouden
verwagten, daar mede namense een vrundelijk
afscheijt;"
NL-HaNA_1.04.02_1547_0178.xml,"Den tecken Coerder zulcx vernemende, en
in zin gemoed beroord hindende als
wetende den Co=s van Cochim en d' E Comp
in den Calicoil:t oorlog veele discrepantien
toegebrage te hebben gh=a
afscheijd; den ragia van teckenCourkreeg
meede door zulcx te hooren zoodanigen jn„
keer dat niet en wist hoedanigh hij zyn
baan ook weder bij den koningh van Coenin
soude schoon maaken, alsoo een groote—
quelling bij sigt bevoelde van zyn voorige
doeningen, waardoor den konink van Cochim
en d' E Comp: redenen hadde gegeven en regt„
matigh misnoegen tegen den zelven op te
neemen, niet alleen met eenen sijn te
hebben getrocken med den ragia van Calico„
lan, om des noots hem met een goet ontset
bij te springen, doen d' E Comp den Conink van
Cochim en den ragia van porka tegen den
oude
betlijck
Calicoijlander oorlogh voerde, en veele discri„
pantien te pleegen in den ontrent de saaken
„g
van den konink van Cochim, maar ook bij
jntercipatie van zeeker ola doord=o ragia
van tecken coer aan den koopman babba
geschreeven (waar van nionse voorgaande
advijsen wert gesprooken) notoir is komen
van
geschi"
NL-HaNA_1.04.02_1547_0179.xml,"om arnd den ragia van porka om de
geschillen te bemiddelen en bij te
leggen
onder aanbiedinge nogthans van een
betlijcke satusfactie tegeven
„ gunt dienragia ook omtrent den vorst
van Coin„ te weege gebragt
te blijcken, dat hij med den sammorijn door
bewerckingh van den ragia van Caeicolan —
was g'jngagieerd, wanneer in haare termen
over d' E. Comp quam te klaagen over het leggen
van de post op, triwellij tegen het vervoeren
van de pper: na Calicailan, en om eenige Cannom
stucken versogt om na allen schijn meede een
kansje te waagen tegen d'E Comp en Cocmis
Comp.
koninck, waaromme dien ragia den koninck
van Corhrira porka wetende dat denselven een
Convident vrund van den jegenwoordigen
Coninck van Cochim en d'E Compis, in den arm
heeft genoomen om bi den Conink van Cochim
te bewercken dat weder als van outs in vrund„
schap bij, zyn h=r aangenoomen mogte werden
onder presentatie van alle billike genogdoemin„
gen tegeven den ragia van porka heeft ook
daar van zijn werk makende med dat oogwit
voornamentlijk om hem van den Calicoijlander
af te trecken, en op, onse zijde te houden off
het eens mogte gebeuren dat den hoogmoet van
den CaliCoijlander (welcke meert dat 'er
zyns gelijcken niet en is om dat hij stant heeft
gehouden—
77
ij"
NL-HaNA_1.04.02_1547_0180.xml,"zijnde beijde aan 't Cocmisehov gecomen
en van den p= gesaghelber en raad
aldaar besogt geworden—
3. voorslag van den Coehinder, den ragia
s. van Carambijlij inden gevervoegen
mede aan onse zijde te lrecken
gehouden tegen d'E Comp, en haar Ed=le g'alli:
eerden, twelck een groote krack is voor haar
Ed=le) moste gestraft werden waar na geen —
Cleijntje wert gevlamt, zoo verre gebragt
:
dat den Coeninsz koning om politicque jnsien
ten niet te stix, op het begaane quaat staande
als een magtigh voorst meede Zynde daar inne
verwilligt invougen dat den ragia van tecken„
Coer onder patrocinie van den ragia van
ponka den 25=e Iunij alhier aan 't Cochims
hoff ik verscheenen, alwaar die beijde ragias —
inde jegenwoordigheijt van onsen Cocmis
Conink met alle plegtigheeden door den p=r
gesaghebber alexander wighmans en den—
raad zyn ontmoet ende vrundschap met
groote betuijgingen van weder zijdse genegeeken
heijt tot Conservatie van de onderlinge ali„
antie nader is bevestigt tot groote Eere en—
genoegen van onsen nieuwen Cochims konie
die ook bij die occagie een voorslag aan onsen
heeft gedaan om den ragia van Carmbalij„
mede met een soet lijntje van onse zijde te
ons
langh
van per
trecken
alsheb"
NL-HaNA_1.04.02_1547_0181.xml,"78
als hebbende bij diverse versoecken daar
toe geneegen gethoond.
onsandwoord daar op —
langh in meijnige om signitrijck
ven perit ven in te dangen—
e e en de te bot
trecken met het selve oog wit als vooren —
mits een billicke satisfactie aan d' EComp
gevende, weegens de stucken Canon vand'
chialouppatna waar omme dien ragia veele
jnstantien hadde gedaan om eenmaal van
den Cali Coylander ontsaagen te mogen raaken
die hem daar door indwangh houdende, genoot„
saake was na zijn pijpen te dansen, en veele —
affronten lijden, waar op wij andwoorden
onder voorm: Conditie zeer wel daar toe konden
Condessendeeren invoegen dat zyn h=t zulx
onder de hand stiltjes konde ten teeren,
twelk zin hoogheijt ook heeft aangenoomen
waar meede een vrundelijk afscheijt genoo„
men hebbende, keerden weder naar de stad;
genegentsheen woelen vanden vorst van Calicoi„ wat nu aan belangt den ragia van Calicoilan„
den selven wert van zulcken woelende geest
gedreeven dat hij gantsch geen vaste verblijff
plaats heeft, dan is hij eens op, Coilan weeder—
inperitalie en daarom her bij de voorige ad„
vijsen van de bedienden tot Coilan scheen dat
den selven wacker gekant hebbende tegen
de vorstinne van atingen, om sigh in 't rijk van
peritalij
ali„"
NL-HaNA_1.04.02_1547_0182.xml,"de verkreegen hoop tot bereijk van sijn
dogwith
hoedanigh nader hand verkeert
kninginne tot Coningh van trevan Coor.
peritalij in te dringen Eijndelijk die vorkinne
tot bewilligingh van zyn Oogt wit hadde bewoogen,
verwagtende daagelijkx een goet succes van —
zaaken, maar wanneer ons hun schrijvens
van den 24=en maij deses Iaars ter handwas —
gekoomen, quam ons ter Contrarie te vooren,
dat die kans door zyn stoutspreeken ontrent
gem: vorstinne ten eenemaal was verkeert,
en dat haar ho= zoo bitteren haar tegen hem —
had opgevat dat aanstonts het hoff moste ruij„
men, en zoo heftigh was geworden dat haarE:
in persoon na hem toevloog om hem med
het mes dat haar h=r ordinarie bij haar dragt
te gerieven in voegen dat den Cali coilander
door de vlugt dien dans ontspringende, niet
eer quam te rusten, als wanneer hij op sijn
eijgen bodem genaamt mangare een pleek
geleegen naast het hoff van de Coninginne
signaten, toe Calare, de vorstinne vanatinge
was hier door zoodanigh ontrust geworden
bevestingh van drehormna voordartingse dat aanstonts den trevancoorsen naam Conn
Tkelorma nevens alle de heeren van d'agt„
aan sil
Cmm
stamhuijser"
NL-HaNA_1.04.02_1547_0183.xml,"79
Calecoilander te beoorloogen
plese Commandatie van onse bediendem
aan stil te houden.
stamhuijsen by haar heeft ontbooden en op
derselver verschijninge d=o kielorma absoluid
med d' gerequireerde plegtelijcke acten
van authorisatie als koninck van trevancoor
nader heeft doen verklaaren end' g'ordonneert
den subersen ragia van Calicoijlan en die —
van signatij te goeen b'oorloogen, om alle —
geledene vecxatien eenemaal
dsse lob askamse toe Coilam om dien signatij hem betaalt tesetten, gelyk dien vorst reets
met een magt van 3000 krygers op Coilan
de sima is verscheenen, en gaande weg van —
meerder troupen werd gevolgt dogh zyn als
nog niet in actie geraakt maar beijde par„
tijen waaren wacker int labeur om—
alles ten oorlog dienende te prepareeren
watnu van dese mallabaarse winderige
bohaij makerije volgen wil moet den tijt
leeren intusschen dat we de vrunden —
tot Coilan Cerieus hebben gerecommand=t
hem in alles deelen buijten dat gevoel
te houden om geen moeijelijkheeden
onderhavigh te weesen maar zeer vreemt
quam—
huijser
8"
NL-HaNA_1.04.02_1547_0184.xml,"van signorij
van Coilae de sima daar tegen—
quam ons te vooren dat den prince signatij,
een bolwerk had laaten opstaalen van —
opwortinge van vrtigheeden, door die Calk, en steen, even verbij d' limiten van
d'fontresse zijnde d' Instantie maar een
musquet schoot en daar op, twee a drie—
stucken Canons had geplant, waar
teegen w'al vrij wat aansaagen, alsoo
bij veranderingen van tijden deselve onsen
zoude konnen prejudiceeren, maar
met geen goet fatsoen zulcx konnende persook
beletten, als eijgen bodem weesende, ge„
lieten w' ons ook offiv' ons daaraan in't
alderminste niet en stoonde om geen
Ergwaar tegeven maardie van Coilan
als 't maaken eeniger werckeen bij die d' sima eenige werken daar tegen
gemaakt hebbende, lieter d' laastgen:
de bedienden weeten datse niet eerst
beginnen zouden uijt haare wercke„
te commorteren (waar vande Cogels
int fort zoude koomen tevallen) voor
dat d' parthij sulx alvoorens op haar
bij d'ons
quaamen
og
dan
granga
F"
NL-HaNA_1.04.02_1547_0185.xml,"80
persoek der engelde om een chialoup —
van haar binnen de coilanse revier te
grengen
bij d' onse g'excuseert, en reden waarvan
quaamen te doen en om dat niet onderwor„
pen teweesen oordeeldende dat w' het
Canoneeren uyt haare wercken de sig„
natijse behoorden te beletten dog de p=l
gesaghebbers om niet te prematuer daar —
jnne te zijn niet anders daarop g'andwoord
dan wanneer eenige jncommoditeijt off
schaade daar bij quaamen te lijden hun wel
zouden weeten te maintineeren; de
advijsen vanden 15=en maij hebben ons —
ook vercondigt dat de Engelse matinge
de vrienden tot Coilan hadden doen versoecken
om haar te veroorloven hun chialoup welke
kort bevoorens van bombahia tot bettoe
en vervolgens reets tot Coilan was verscheenen
de Coilanse rievier te moogen jnloopen,
onchet quaade saysoen daar over te mogen
Leggen, mits onbequaamheijt van 't bodemptje
om langer te konnen vaoren, dog de vrienden
sogten door alle practicable voorwendingen
haar daar van te diverteeren, om geen nieuw
Wegh
de per"
NL-HaNA_1.04.02_1547_0186.xml,"wegh van quade Consequentien te banen med
voorstelling hoe periculeus het was de regte
kil van dat vaarwaater twelk seer selden—
bevaaren werd te roijen, in vougen het vrij
veyliger zoude weesen datse na Cochim voort
zeijlden waar toe de wint hun seer favorabel
was maar zij daar geen gehoor nae gevende
peassisteerden bij haar versoek niet onderwerping sijnde
vand' visiten en verdere servitulen over een
koomende med d' ordre van de generaale —
nederlandse Comp, des onaangesien verklaarden
de onse opentlijk datse toe het toestaan van haar
versoek niet konden resolveeren, om bij quaad
succes haar d' schult niet g'jnputeert te —
werden, daar op ligte d'chialoup, haar —
ancker en is op eijgen prive na d'Coilanse
rivier gesteevent, d'onse expidieerden op die
verwittigingh ten eersten ordre aff aan den
wagt houdende Corp=l aldaar om bij ver„
schijningh van deselve, in't minste sigh daar—
meede niet te bemoeijen dan te handelen
na gebruijckelijkheijt als ontrent alle jnlants
vaartuijgen, 'twelk ook geschiet zijnde daar
binnen
in"
NL-HaNA_1.04.02_1547_0187.xml,"81
binnen geraakt
in niet anders hadden bevonden als ballast
bestaande in Engelsz smeer Coolen en
provisie, op hebbende twee Europianen
van hunne natie, en agt moorse matroosen,
voerende met twee mosten behalven
dat 'er 7â8 mocquas van Coijlan de sima
en 's Comp=s limiten, daar op bevonden werden
sijnde ogter door behulp van jnlandsehoorsen die aangenoomen waaren om hun de
revier in telootsen, zijnde alsoo met hand„
saam weir dogh niet zonder piricul
binnen geraakt, alsoo het roer aanstucken
is geslooten, had het onstuijmer weur —
geweest zoudende beter bevonden heb„
ben, dat de onse niet zonder reden die —
swaarigheyt hebben gemoveert, ondertus„
schen dat den landaard wacker om
hoorden offer geen actie konde gevonden
werden, omdaar op Eenige pretentie
te konnen maaken, en gehoort hebbende
datse op de banck hun roerhebben aan —
stucken geslooten, Eijndelijk was het
daar op, uytgebarsten dat de prince
van"
NL-HaNA_1.04.02_1547_0188.xml,"onrosteering van dat vaartuijg door
signatij, en tweqnemen van 4. stucken
canon
te doen staat
van signatij door zijne ragiadoars met
een goed getal gewaapende nayros d=o
bodemptie had doen arresteeren, en vier —
Canon stucken daaruyt geligt, en weg
doen voeren, men wil voor vast sustinee„
ren dat die een gemaakte nauwis —
om onder de hand op zoodanigh samblant
die van signatij te stijven tegen d' varstin„
was daar van werd gesustineert en ons ne van atingen, waar na wij naderstaan gebrag
te jnquireeren, en zoodanigh bevonden
werdende, zullen w' niet nalaaten
ons daar van te bedienen, en instilligheijt
daar van een vonckje tegeven aan de
Coninginne van atinge, in welk gevat
die na tie haar zulcx wel zouden konnen
komen te beklaagen, en d' E Comp eenig
voordeel ontrent de gunste van haar h=t
konnen toebrengen, twelk d' gevoegen
aan bevoolen laaten, eijndelijk konnen w'
niet nalaten uw ho Ed=le agtb te verthoonen
de jnpertinente aanmatiging vanden
ragia van Calicoijlan den welken van de Compt
ongero
ladinge
der
onder"
NL-HaNA_1.04.02_1547_0189.xml,"82
on geregelde pretensie van den Calicoilan„
ladinge tot Coilan, van manapaar aan„
gebragt
onder veele premenentien boven andere
vorsten g'obtineert hebbende, een vrij paspoort
om een vaartuijgh nae d' bogt van madure
te mogen Laten navigeeren, om med
eenige lynwaaten tot eijgen Comsumptie
te retourneeren, is 'tselve med een ladinge
toebock in't Iongst gepasseerde goede —
dat weegens khol vrijheijt van nen tahaaip mousson weder keerende op Coilan aange„
koomen wanneer door den Comp=e
pagter den behoorlijcken tholdaar van —
wierde gepretendeert, te meer men ver„
seekert was dat d' Coopluijden de reeders —
daar van waaren, mits een tanto daar
voor aan den ragia betaalende waartoe —
de gesaghebbers van 't gemelte vaartuijgh
in genen deele wilden verstaan daar op,
nogthans seer hart wierde aangehouden,
om den pachter in zijne regtmatige —
pretentie na vermoogen te maintineeren,
toe voorkoning van alle exceptien
die inder tijt tot prejuditie van 'sComp=s
geregtigheijt zouden mogen te berde
gebragt
aan"
NL-HaNA_1.04.02_1547_0190.xml,"verder onderneming in selvder voegen
een ander vaartuijgh met aroek na
manapaar te senden
dog niet konnen gedoogd werden sonder
den behoorelijk thot te voldoen—
gebragt werden, maar siende de hertneckige
volharding derselve bij haar jnpertinenth=t
iniwelliging van 'tselve om redenen heeft men om zoo een Cleijn principaal
met dien quastigheumeur niet in twist
te raaken, onder reservatie van d'actie
geru
't vaartuijgh doenmaals Laaten vertrecken,
en in plaatse van datse dit voor een Civiliteijt
zouden aanneemen hebben daar van een
wet maakende sigh voor d' tweedemaal
verstouwt een vaartuijgh met 120½ packen
areek thol vrij nae manapaar te laaten
vertrecken, niet tegenstaande dac het pas„
poort maar vooreen toghe is verleent, wes„
halven de bedienden Van Coilanhum daar
op fundeerende tselve niet hebben willen
laaten passeeren zonder alvoorens den
behoorlycken thol van den areek te hebben
voldaan en is infin nae veele stribbelingen
en dreijgementen onder Coutie gelangeert
op onse aprobatie waar van advijs bekoomen
hebbende, hebben hunne procedeeren
daar ontrent gehtonden moeten landeeren,
met aan beveeling niet alleenig d' jnvordering
van dien thols geregtigheijt te besorgen maar
dentie
ook
als
steeken
water
gena"
NL-HaNA_1.04.02_1547_0191.xml,"83
den tistusschen den Calicolander en
d' Engelsen
salshoe onkesterro schans met het dover—
steeken vande revier meijnde onder
water tesetten, dogh geen gevolgh —
genomen
ook weder met toeback van manapaar —
terugh koomende den thol van d' toeboek
t' Jnnen, maar mits het verloopen van 't —
Zaijsoen is het vaartuijgh daar over gebleeven
gerugten van een heijmolj corespa, de gerugten hebben ook gegaan doe den —
ragia van Calicoilan in een heymelijcke
onder handelinge was med d'Engels: om —
die natie in zyn land jn teroepen, waar—
aan w' nogthans geen gelooff konnen —
defereeren, hoe vermeeten hij ook is maar
het eer daar voor aansien daese somtijts
zulcx komen uyt te stroijen om d'E Comp
door die bedreygingh te beter t'hunnen —
devotie te brengen; ook quam ons te
vooren dat dien ragia zoude voorgenomen
hebben, mitshet eijndigen van d' goede
mousson de Calicoilamse rivier welke —
t eenemaal is toegespoelt, die wel nae —
d'ordinarie wijse maar heel na bij onse
sterre schans met het hoogste water —
wederom te laaten door steeken, med dat
Oog wit om doord' sterckte afwateringh
welke
llen"
NL-HaNA_1.04.02_1547_0192.xml,"engelsen om een fort to talcheaijte—
bouwen
welke met een groote furie door dringt de, gew
op
sterre schans die maar meest met sants
opgeworpen te doen wederstorten, maar
wij dies daar op hebbende Laaten verluijden,
dat w zulcx niet zouden konnen tollereeren
is dat Concept mir ook verdweenen; hier meede
ten eijnde van schrijffwaardige stoffe weegens
^zuijder
den toestant der zaaken op ^ mallabaar
gekoomen weesende hebben van 't noorder
deel jegenwoordigh niet anders te seggen,
toestaan van den Coningh Cohustrijaarse dan dat den Coninck Colastrie tot Cananoor
door aanraading van den prince omnetrie
zijnde een eijgen neef van den jegenwoor„
digen nieuwen koninck, en ragiadoor—
moor van 't rijk, den welken door den —
Engelsz, generaal tot talcherij, is ontmoet,
en mildelijck beschoncken dienatie hadde
vergunt hunne bewooningh aldaar in een
fortresse te hervormen niet wallen
en punten van steen en Calck waar van
kundschap bekoomen hebbende lieten—
ondre aa 't opperhooft en raad tot Can=n daar over door den E Coopman en opperhooft
dierweegen
adam
wegen
na"
NL-HaNA_1.04.02_1547_0193.xml,"op g'andtwoore is—
nader protesta diem
de erwegenetenstesenen en mae daar Adam van der duinr protesteeren als strij„
dende tegen den jnhoude des Contracts, —
waar op zeer ongerijmt door d=o prince
om nettren, jn d' jegenwoordigheijd van den
konink bij occagie dat de geprojecteerde —
schenckagie na onder gewoonte in d'eerste
begroeting in zyne Conincklycke waar„
„digheijt, welke door ons was overgesonden—
door gem: van der duijn overgegeven wer„
dende wierde g'andwoord dat zulcx
niemand te wijlen was als ons selven,
alsoo die plaats verle maalen d'E Comp
was gepresenteert om possessie tenemen
maar selfs het hadde versuijmt wij —
lieten den koninck daar op, voorhouden
dat d'EComp: niet gehouden was meer
residentien en vastigheeden te maaken,
als haar Ed=le dienst quam te vereijsschen
en derhalven het d'vorsten waar meede
haar Ed=len seclusive Contracten hadde —
opgerigt niet vrij stont vreemde natien
in te roepen, veel min toetestaan vas„
tigheeden te maaken, dog wilde zijn h=t
het
84"
NL-HaNA_1.04.02_1547_0194.xml,"en gedaane verseekeringe dat niet sont
te geschieden
hoedanigh de Engelsen door milde gaven
der landaard, tot haar vevotie weeten
te leijden
het Contrarie nu doen end' vrundschap die
soo lange jaaren met zijne antesses„
seurs is onderhouden verbreeken wij—
zouden daar aan onschuldigh weesen,
daar op volgde een beter andwoort doende
absoluijte versekering dat zulcx noijt
aand' Engelsz soude toegestaan werden,
gelijk ons tot nog toe niet anders is te vooren
gekoomen, uijt alle dese doeningen komen ont
uw ho Ed=le agtb ofmeeten dat d'Engels
met een kansje laaten verbijgaan, daarse
maar konnen hun jndringen, onaange„
sien datse reets zoo verre alomme —
hier ter kuste zijn jngewortelt, dat
het anders voorden dienst onser betaals
heeren waare te wenschen het welkmeest
door geld middelen wert gesogt, waar meede
desen landaard tot alles te brengen is, —
dat men zoude konnen bedencken.
des zij geen kleijnen strijt in haar —
boesem Comen tevoelen daese niet derven
haar genoegen neemen dogh het ontsagh
verminderende vand'E Comp. zullen die
ver
zaaken —"
NL-HaNA_1.04.02_1547_0195.xml,"85
hoofe dat door haar hoog Ed=lens ondres
daar inne sal werden voorsien —
Contrinqueeringe van onse debvoonen
verthooninge van een schip, voor denrheede)
Continueele Commonerende
zaaken een seer quaad bijnd metter tijt
konnen neemen, des w' hoopen dat
uw hoog Ed=le agtb daar ontrent soodanige
ordres zullen afschicken dat alles ten
besten zal konnen gedivigeert werden,
ondertusschen dat w' niet nahaalen nade —
maate van ons geringh talent alles —
te Contribueeren, wat doenelijk zij tot
bewaaring van sComp=s regtend' Contra„
mineurs van haar Ed=e prerogatieven
tegen tegaan. —
Den 28=en van de Iongst gepasseerde maand: Iunij
vernaamen smorgens vroeg off en aan—
dese rheede ongevaarde 2 a 2½ mijlen buijten
de wal voor ancker leggen een kloek schip
met prince vlagge, 'twelk sigh onophoudelijk
gelijk meest de gansche na nagt gedaan —
had door Cannoneeren liethooren waar—
uijt oordeelende dat in eenig gevaar —
ofte nood mogte zijn, en door het schieten
zulcx wilde te kennen geven om hulpe
van land te krijgen, off wel ijmand van—
hier aan boord te koomen nodigde beslooten
strackx
aals"
NL-HaNA_1.04.02_1547_0196.xml,"afsending van een brievje aande
overheeden om de modder bhan, te soecken
stnap met een Empallego of te opgebooyd
vissers vaartuijgh een brievje afte vaar„
digen aan desselvs overheeden, dat jngevalle
hier ter kuste wesen moste tot verholdinge
van ongelucken door eenig schiel:k opkoo„
mende storm wein, als men in dees tijt
van 't Iaar mits in het hartje van het kwaad
saijsoen veelmaals onder worpen was
zonder de rheede verder te nadeeren
ten eersten ancker ligten en nade —
modderbhaij verseilen zoude, ondertusschen
als ok elandschuijt met gesomitts dot wij ook goet vonden onse groote land„
schuijt uijtte zetten ende met een quar„
tiermeester en agt hollandse matroosen
bemond daar meede als gecommitteerdens
na boort te senden, den Cap=n Lieuten=t
Cornelis blicklant en packhuysm=r
Leendert blanckert, om van die boodems
gelegentheijt seeker kondschap te erlan„
gen, gelijk dan ook niet tegenstaande —
het sterk branden op de banck voorde
mond van de rivier geluckelijk daar —
overgeraakt en aan boort gekoomen.
synde
de reijse
wesende
door
door
als"
NL-HaNA_1.04.02_1547_0197.xml,"86
syjnde tschip Cootgene niet hebbende
de reijse na persia konnen geweiren
door verleijdinge van stroomen—
als groote stervte van 't volk
wesende omtrekt vallen van den avond voor
bescheijd met de terugh keeringe van 't voorsz
vissers vaartuijgje door deselve ons de scheeps
opperhoofden tot ons Innerlijk leetweesen —
berigt wierden, dat het was het schip Cort
geene dat nae drie en een halve maanden
suckelings de reyse na persia niet hebbende
konnen gewinnen, genoodsaakt is geweest
vor Contanie vandenemmisgessinge het weder na dese, kuste te wenden en aste„
sacken ter oorsaake van gedurige ontmoete
Contrarie winden en buijten gemeen —
sterk om de bost loopende stroomen; waar
door in haaren Coers vergist en in steede —
van de noorder koek Costa dos picos die zij,
gisten in't gesigt te hebben wel 70 mijlen —
Laager omtrent d'oosthoek picos dos jljos —
vervallen wesende, het onmogelijk weder —
konden ophaalen door swackh=t van —
volk vermits door eenen extraordinaire —
stervte aan het binnen waater doen bereijts
al vierentwintigh dooden overboord geset
en behalven die daar aan nog sieck tbedde—
laagen en agt mooren nog maar 14 gesonde
mannen"
NL-HaNA_1.04.02_1547_0198.xml,"behouden in snenginge in de modder ohaij
aanlandsettinge van twee man, vaor—
mangaloor met een brievje na Cananoon
mannen hadden die tot het roer gaan bekwa
waaren en waardoor dan tverder gedeonge
wierden te resolveeren om terug keerende
Ergens een veijlige haaven tot behoud van
schip menschen en goedtsoecken, gelijck door
godes bijsondere goedheijt zoo verre als —
gesegd de rheede alhier bereijckt hebbende,
nogh dien selvden avond met hulpe van
het schuijts volk dan soo wel van pas med
voorm: gecommitteerdens aan boort was ge„
koomen geluckelijk de modderbhaij—
binnen geraakt is, zijnde door de scheeps
overheeden in haare affreijsen tusschen d'
Eyjlanden van s=r maria en mangaloor
ten ancker leggende, met een toegestelde —
Cattembrauw in handen van twee matroo„
inde
sen p=r een Expres brievje de bedienden
tot Cananoor van haare aankomste en
desolatie gesteltheijt aldaar mede kennisse
gedaan, en van waar wij ook toegerustheijt
bescheijd hebben dat wel overgekomen waaren,
jnvoegen uw hoog Ed=le agtb den gantschen
toedragte deser ongeluckige voijagie tot mer„
kelijcke schaade en nadeel van d' E Comp
't een en ander breeden Constenende bijde des niet verveelende omstandiger gelieven—
te
vertellende
„"
NL-HaNA_1.04.02_1547_0199.xml,"87
't getal van 's af gestorven volk
overlopers toe de Engelsen op Caandewaar
onderstalligheijd van 't schip
oodanigh daar omtrent gehaerdelt
wat ordres gestelt hebben tot
preserveringe
versollende geschrivten
te ontwaaren uyt de verleende verklaringen
der scheeps overheeden, als der zelver getroc„
ken resoluitien en Extract journaal der
gehoudene Coersen alle in Copia get=t N:o 18
desen versellende, waar toe ons aller onderdanigst
gedraagen, zynde van het scheepsvolck —
soo hier als op de reijse zederd nog overleeden
agt man uijtmaakende med de voorige —
tesaamen 48. dooden, daar onder begreepen
den koopman Hendrik godijn die jnsgelijcx
den weg allen vleesche gewandeld is, behal„
ven nogh vier maats die tot soudewaar—
tenwijl aldaar aanleijde om drinckwaater
te bekoomen tot de Engelse zyn overgeloopen,
en aangesien het schip door het geduirigh
slingeren van de holle zee tusschen weegs
en bysonder in't stilleggen voor mangaloor
omtrentde 9 â 10 daagen lang op hoope—
van eenige ontseth ofte hulpe van land —
te erlangen, onderstallig geraakt ende —
buijckdelling wat vanden anderen gewee„
ken was waardoor de peper uijt het
ruijm gaande weg stortende door het
pompen zynde de kiel van onderen
anders nogh redeelijckdigd) niet heet
ballast sand opgehaalt wierd zoo hebben
door expresse gecommitteerdens ten overstaan
der scheeps officieren het ruijm van binnen
ten
bekwaa"
NL-HaNA_1.04.02_1547_0200.xml,"presenveeringe der inladinge
ten eersten laaten visiteeren om te moogen
ervaaren off ook daar door eenige schaade
aan de ladinge veroorsaakt mogte weesen
bysonderlijck de packgoederen en Corda„
mon daar wij 't meest voor bekommerd
waaren, als zynde door het nat werden
wel ten principaalen het bedervonder„
worpen om dan nog in tijts zoo veel moge/ als
lijck daar jnne te voorsien dogh te vol vande
pper bestuwd zynde konden zonder deselve
alvoorens voor een gedeelte daar uijt te ligte
kwaalik bij koomen, dies 'tselve bij ons in
raade overwoogen weesende om de minste
spillagie die anders door het lossen en weder
Laaden met onse kleene vaartuijgen
aff en aan 't land merckelijk grooter stonde
te vallen, buijten dat ook aan d' waleslegte
onder een opgeregte ola afdack off te banga„
saal zoude moeten geborgen, en zoo wel
niet vande daagel=n Continueerende —
neegen buijen voor het nat werden daar
inne konnen gepreserveert werden ten
meesten dienste van d' E Comp goedvonden
daar toe voor eenige daagen aan den Nachoda:
te versoecken het bengaals moors schip
hier vooren genoemd dat genoegsaam —
werden
heren
leedigh
bede
door
als de"
NL-HaNA_1.04.02_1547_0201.xml,"88
door 't nat werden van't zeewaater
6
als de gerepenbaardeleckaigie van 't schip
werdende ten besten doenelijk uijt gewas„
schen en verlugt
Zeedigh aldaar bij der hand lagh om zoo na
doenelijk op zide schortende den pper daar in
over te doen storten gelijck vervolgens van den
selven bereijdwilligh geconsenteert ook zoo„
danigh voortgangh hebben laaten neemen,
na verrigtinge bevonden dat verscheijde pakk:
bedervelijkh=t van vererscheijde pak goederen onder de sorteeringe der bengaalse geschilder„
de spreijen en witte lijwaaten beneevens
eenige van de Cordamom en Caneel packen &:a
welcke meest voor aan in't ruijm en op de —
koe brugge hebben gelegen, nat en aange„
stooken zin geworden van 't water dat
langs de boorden jngeloopen is door de groote
Leckagien die 'tschip op veele plaatsen hadde,
en wel voornamentlijk aan de backboort zyde
alwaar niet alleen de water boorden maar
ook op verscheijde andere plaatsen nogh wel
twee gangen binnen waarts zoodanigen
openinge bevonden dat hier en daar en
heele duijm konde jngelegt werden—
Zijnde voor het groote luijck aanstierboord
door 't sacken van de koebrugge en het
tweede dek meede twee plancken aff„
geborsten waar door jnsgelijcx geen kleene
leckagie door 'tsterck tegen aan onbeijden
vande zee als 't slingeren van't schip —
veroorsaakt is, zulcx dat wij alle de voors
beschadigde packen herwaarts doende
afbrengen ten overstaan van den fiscaal
en twee expresse gecommitteerdens alhier
hebben laaten openen besigtigen en door —
uijtwasschen
der„
moge„
choda
chip
c"
NL-HaNA_1.04.02_1547_0202.xml,"voornemen om met een perladingh
na gale te versenden
onbequaamheijt van dien boodem om
weder de reijse na persia te ondernamen
of packgoederen te laden volgens —
bij gaande attestatie
ontfangh van haar ho: Ed=s agtb nader briev
uijtwasschen en verlugten mnde son zoo veel
gecontribueert als ons mogelijk was om
die goederen en bijsonderlijck de lijwaaten
van verdere schade te preserveeren, onder„
tusschen dat wij het schip door onse timmer„
luijden meede wat Laaten verhelpen
daar
hebbende voorneemens blijven eerst daags
3
alleen met een pper Ladinghe nagale—
te versenden en tot de overschickinge na persia
vande resteerende Carguasoenen bijde —
pockhuijsen alhier opgelegt ander scheeps
gelegentheijt aff te wagten, aangesien 'tmeer
gem: schip Cortgene na exacte visite door
2
de ge
gestelde gecommitteerdens g'oordeeld —
is onbequaam teweesen de reijse na persia„
zoodanigh het sigh thans bevind van hier
weder te hervatten ofte gevoegelijck eenige
packgoederen te konnen jnlaaden, inhoope
onder
gelijck de Copia gerecolleerde attestatie en Ed=eag
van op gem: gecommitteerdens onder
N=o 19 desen bij gevoegd alles omstandiger
komt te verthoonen, en waartoe ons in
alle onderdanigheijt refereeren;
en de elec
Comma
by ons p
Na dat desen dus verre gesz ende gereed was
den afte gaan zyn ons op 2=en pass=o telande
over madure nogh toegekoomen uw hoog Ed„
agtb:"
NL-HaNA_1.04.02_1547_0203.xml,"89
daar bij ontwaard den ontvang van ons
J=o schrijvens —
en deelecxie van een Commassdiris en
Commandeur over mollabaar —
de gegeven ondres ende beveelen sullen
by ons prompt g'observeert werden
,inhoope dat ons gedaan toe hier voorw=ts
onder de land saaken vervath haar ho
en Ed=le agtb zullen beaangenoomen
agtb nader g'estimeerden briev vanden
15=en april deses Iaars med de bijgehoorende —
documenten volgens 't register p=r 't fregat
de bije den 18=en Iunij pass=o toe tutucorijn
aangebragt verthoonende ons blijdelijk den
ontfang van ons schrijvens dato 22„e Ianuarij
met het scheepje de wind afgevaardigd, als —
meede dat uw hoog Ed=le agtb toeredres
en herstellinge der zaaken op maccabaar
hadden gelieven goed te vinden een Commiss=s
en Commandeur herwaarts af te schicken,
die wij dan med verlangen In 't korte blijven
tegemoet sien; ondertusschen dat wij niet
zullen nalaaten alle de voor afgesondene
ordres en beveelen van uw hoog Ed=le
agtb ten reguarde van dese en geene saaken
ingevolge van onse hoogste verschuldigheijt
na uijtterste vermogen te behartigen, gelijk
uw hoog Ed=le agtb zoo w' niet anders —
vertrouwen uyt het genoteerde by ons hier
voorwaarts onder de materie der landsaaken
ten genoegen zal Comen te blijcken—
hoedanigh wij 'twerk med den sammorijn
en deesen nieuwen Cochinisen koninck
gedirigeert, ende zooverre gevordert hebben
dat het dreijgend gevaar van uijtberstinge
toe den oorlog tusschen die beijde vorsten
thans weg genoomen en alles naar —
wensch inder minne tot een gerusten
stilstant gebragt is, waar bij niet alleen
moogen hoopen dat haarE hoogheeden
zullen
nige"
NL-HaNA_1.04.02_1547_0204.xml,"verklariging van den vonst van Cochim
na antwoort op sijn schryvens —
licentieering vanden sec=s roos na —
Ceijlon en terug ontbiedinge
Zullen volharden maar ook uw hoog Ed=le
agtb versekert zyn dat van onser zijde
alles werd toegebragt wat maar eenigsints
(buijten krencking van sComp=s agtbaarh=t)
practicabel is om de rust en vreede med
de verdere omleggende mallabaarse ragias
en vorsten te conserveeren als meede —
voor namentlijk de eenigh=t med den anderen
en wijders te betragten dat alles in een
goeden en verantwoordelijcken staat tot de
verschijninge van wel gedagte heeren Commissamerd
en Commandeur gehouden magh werden
blijvende den Cochimsen Croondraager in„
middens grootelijcx jn verlangen nauw
hoog Ed=le agtb beloovde rescriptie op
zijn afgevaardigde briev die hem ontwijffel=t
tot bijsonder genoegen en aanmoedigingh
zal Comen te strecken, om in desselvs
toe nog bethoonde gversught in 't behartigen
desrijcx belangen verder te Continueernen;
te hande
fo. 33
Den p=l onder koopman en geweesen raaden
o
de C=o pieter roos hebben uijt den naamen
van uw Hoog Ed=le agtb aan den Ed=le heer
extraordinair van jndia en gouverneur
thomas van Rhee en raad toe holombo
gelijk
treg
waar wij getooven der zelven nog aan„
weesende is van Ceijlon weder herwaarts
te
-
O
over
m
sul"
NL-HaNA_1.04.02_1547_0205.xml,"90
sullende voortaan geen andere verlost
maar aangehouden werden tot de verschij„
enige van den heer Commissaris —
seperdegsmete koopmanst alhier daar
te handelen Conform d'ordres van haar
ho Ed=e agtb.
gelijk ook te geschieden staat met het
fregat de bije bij verschijninge van tutu„
terugh versogt, als d' eenigste oude de raadspersoo„
nen en bedienden alhier voor de doot van
d' E H=r Commandeur Isaac van deelen zal=r
gedagtenisse bescheijden geweest zijnde, ver„
trocken was, staande geen andere na deesen
ofte wel toe de overkomste van d'EH=r Commissaris
buijten het Commandement gelicentieert
te werden.
dewijl uw hoog Ed=le agtb ons hebben gelieven
te ordonneeren vande koopmansn waarmeede
wij in onse packhuijsen alhier overkropt sitten
volgens te vergaadelinge daar van bij uw hoog
Ed=le agtb gemaakt oodanighe sorteeringen
vanden handel tot batavia en na Ceijlon,
Cormandel, persia en Zouratta te versenden,
als wij zouden Calculeeren boven een Jaar
sleet niet te zullen benoodigen om daardoor
te prevenieren de schaade bij bedervelijckh=t
die deselve anders door langer aanhouden
seekerlik zoude onderhaavigh werden
Zoo staat sulcx bij ons prompt g'observeert
ende intwerk gestelt te werden, zoodra
ons daar toe uw hoog Ed=le agtb nader
onder medelose ophoudinge eeniger bedens ordre med de beloovde scheeps ruijm te zal
weesen besteld, zonder dat wij buijten
dien eenige andere passeerende boodems —
in haare gedestineerde voijagies 't alderminste
verleth veroorsaaken of te vrugteloos ophouden
zullen gelijck over zulcx niet staan te manoqu„
„eeren het fregat de bijd wanneer na het
kenteren van het mousson van tutu conijn
herwaarts
as
bo
an„
is
Conijn"
NL-HaNA_1.04.02_1547_0206.xml,"g'observeert te werden d'ordre omtrent
goede toesigt omtmrent deen aanbreng
en leverantie van pper
herwaarts zal wesen op gedaagd ten alder„
spoedigsten doenelijk van zijne meede gebragte
Carguasoenen ontlosten met denamphioen als
zoo veel vande andere gevorderde goederen
meer als daar en booven moge konnen innee„
men afgelaaden weesende weder van hier
direct tot uw hoog Ed=le agtb te laaten re„
tourneeren, mitsgaders omtrent desselvs afschee„
„te verwagtene scheepen voor de andere
d'af scheepinge, en versendinge der goederen pinge zoo wel als de verdere „ quartieren in
nauwe agtinge te neemen en goede sorge—
„te draagen dat ten overstaan van den paekluijs„
meester behoorlijck gecommitteerdens gestelt
en sulcx ook in de nevens te senden factuuras
en Cognoissementen sonder vertuijm uijt gedruckt
werde, wijders alles besorgen 't gunt uw ho
Ed=le agtb dien aangaande ons zoo expresselijk
koomen tegebieden daaronder meede be„
grijpende het overschicken van 366 stx allasse
tot een preuve na persia, ende resteerende—
dui
4000 stx na batavia, mitsgaders dat ons—
in heer verkoopen der aanhoudende Coopmansz
tot eijgen vertier zonder afwijcken stiptelijk
na uw hoog Ed=le agtb jntentie reguleeren
zullen. —
nader
Bij moogen uw ho Ed=e agtb met gerustheijt
verseekeren dat bij aanbrengh en Leve„
rantie van pper alhier zoo goeden toesigt
bij ons werd gehouden als eenigsints moogelijck
zij
inne"
NL-HaNA_1.04.02_1547_0207.xml,"42
91
nader verklgaringen wegens den
duuren inkoop desppens —
Zij ten eijnde deselve sonder vermenginge —
nogh vogtigh, maar van een harden en droogen
Corl na alvoorens behoorlijk over de harp, te —
laaten loopen ontvangen werde, gelyk vervol„
gens mede niet zullen vertraagen daar op nauw„
keurigh te doen letten, en gade te slaan, tot
verhoedinge van alle klagten, en dat wij allent
halven buijten aanspraake en verandwoordinge
desweegen bevreijd mogen blijven, van de duurte
desppers als de redenen die ons bewoogen
hebben 't Candijl van 500 lb vergangen saij„
soen met 's Comp=s maakelaar nannoe porboe
tot 13 Europ: dukaaten te contracteeren
hebben bij ons onderdanigh schrijvens dato
22„e Ianuarij en bijgevoegde resolutoire —
aanteekeninge uijt onse politicque notulen
omstandigh gedemonstreert, der halven —
in deesen op uw hoog Ed=le agtb vorderinge
van nader redenen dien aangaande onver„
moogens zijn meerder verklaaringe —
te doen ale anders bij te voegen dan reets
in deselve begreepen zin, namentlijck —
dat door betaalinge van dien pper ten voors
prijse van 13 dukaaten markt volgende—
geen ander oogh werck gehad hebben —
&
als den waaren dienst der gen: Comp:
daar meede te bevorderen, med de Engelsen
die voor 't Candijl van 500 lb bereijts al19
dukaaten kwaamen tegeeven, daarvan t'
ontsetten en zoo veel vandien Corl
onder onse magt teslaan als uytterlijck.
zoude"
NL-HaNA_1.04.02_1547_0208.xml,"der gecontracteert
danck betuijginge voor het afgesoo„
ken goud Capitaal.
needen gevinge van onsen gedaane—
eijsch van poeyer zuijcker
zoude konnen geschieden om bequaam
temoogen zijnde respective eijsschen op
haaren tijt te konnen voldoen, daarwijn
zonder dat middel jnsiende het verloop
des tijts anders onmogelijck raad toe gewee„
ten zouden hebben, waarom ook verhoopen
willen dat uw hoog Ed=le agtb onsen
opregten ijder en handelinge daar omtrent
ten goeden zullen gelieven aan tesien,
en niet minder vergenoegingh hebben
sijnde tegenwoordig een dikaatmin„ den pper zeederd een dukaat in prijsen
op ijder Cand:e afgeslaagen en minder
bedongen is geworden
Door de gunstige versorginge der behoevlig„
heeden op onse gedaane petitie voor dese
Commanderije bedancken uw hoog Ed=le
agtb seer nedrigh, gelijk ook voor—
het afgestooken goud Capitaal ten —
bedrage van ƒ 50000 waar mede dan
als het nog te verwagten wesende nader
ontset volgens uw hoog Ed=le agtb
belofte vooreerst bekwaam genoegh
roopen te zullen zijn, om de negotie
en jnsaam van pper naar vereijsch te laaten
voortgaan, ons leet zijnde dat onsen
Eijsch van paeier suijcker bij uw
hoog Ed=le agtb niet ten regten beguee„
pen en daarom ook deselve mede te senden
nagelaaten was gemerkt niet konde
werden over een gebragt med zoo ruijmen
voor
E"
NL-HaNA_1.04.02_1547_0209.xml,"92
breeder vervat bij d'overgesonden
mediteerende resoluitie—
voorraad als doen daar van nog hadden
en des onaangesien om tot den handel te
dienen meerderkwaamen te vorderen,
't gund sekerlijck een tegenstridigheijt
komt aan tewijsen bij vergelijckinge med
het overgesonden rapport der opneeminge
van sComp=s effecten inde negotie packhuij„
sen alwaar nog zoo veel paeijer zuijcker
p=r restant gespecificeert staat, en ook onder
dato ult=o Iunij volgens die opneemingh.
in der daad soodanigh inweesen geweest
maar seer onverdagtelijck med d'oversendinge
vanden Eijsch bij ons versuijmd geworden,
is, om uw hoog Ed=le agtb daar nevens —
te berigten dat die gansche parthije nader„
hand ofte op den 3=en aug=o des voorleeden
jaars en zulcx lange voor het afgaan derselve
reets aan de meest biedende onder de koop„
luijden alhier uijt verkogt was, de bhaar —
van 480 lb tot 22 rx=s Coenins om zoo„
danige motiven en redenen ten aansien
des prijs verlaginge als bij onse mediteerende
resolutie uw hoog Ed=le agtb in Copia
toegeschickt in 't breede staan vervath,
en waartoe ons in deesen als nogh Eerbie„
diglijck sin refererende med aller onder„
danigst versoek, dat uw hoog Ed=le agtb
ons 'tselve als onbedagt en in laaste ge„
Couseert wesende goed gunstelijck gelieven
te verschoonen. —
na"
NL-HaNA_1.04.02_1547_0210.xml,"toe naweegen dets dukaaten zullen
w' voortaan geen ander dan 19' appro„
boerde monster gewigt gebruijcken
de mancqueerende mansslaaven
Nademaal ons over gesonden monster goud —
demag
gewigt med dat van persia vergeleeken
synde accordeerende bevonden en dooruw
hoog Ed=le agtb g'approbeert en voor goed
gekeurd is, zoo zullen geen ander dan
tselve gewigt voortaan toe naweegen
der dukaaten die alhier jn tijden en wijlen
uijt persia voorden handel mogten werden
aangebragt gebruijcken, ende ons stip telijke blreck
daar na reguleeren, in hoope dat de soo
dickwils voortgebragte klagten weegens
verschil in de minderwigtigh=t vande goude
spetie daar door nu eenmaal zullen koomen
op te houden ende geweird werden, zullende
het verder genoteerde bij de ontvangen Copia
verklaaringen van gecommitteerdens dien
aangaande als het vergelijcken van 't voors
gewigt tegen het hollants goud, en zilver
gewigt als almede tot opmerckinge laaten
dienen, met betuijginge van schuldige danck„
baarheijt voor desselvs Communicatie —
dat vande vijffthien slaven p=r t Jagtje de wind
laast over gesonden, drie stx onderweegs als
ook van de veerthien over Ceijlon bestelde—
ses stx aldaar vande kinder packjes overleeden
waaren, hebben med leedweesen verstaan
dogh waar tegen niet te doen zynde zullen
ons na uijtterste vermoogen b'ijveren de nog
pron bata
mancqueerende
gtig
zullend
re
aan
voor"
NL-HaNA_1.04.02_1547_0211.xml,"93
oemagtigen derw=ts geschikt tewerden
zullende bij versendinge derselve de ver„
ijkstreckinge suiniger doen geschieden
redenen waar door de groote uyt reykinge
aan de voorige lijxeggenen gn'causeert is —
oor balavialaan sooda deselve komen te mancqueerende tot het vereijschte getal bij
gelegentheijt en soodra komen magtigh
te werden uw hoog Ed=le agtb meede
toe te schicken, wel gaade slaande dat
zij moogen bestaan in Jank gesondman
volk, mitschaders daar beseyjden ook in
goede agtinge houden uw hoog Ed=le agtb
recommandatie van ontrent de verstrec„
kinge eeniger kleenigheeden aan
deselve voor de voijagie voortaan wat
suijniger woerd te werk gegaan, sonder
den alhier behoeven zullen versorgd —
te zijn, van mond spijse, mitsdaen door
de scheeps overheeden daarvoor het
nodige onderhoud verschavt, en ook bij —
haare Consumptie reek=e opgebragt
werd; zijnde de uijpreyckinge aan„
de voor aangehaalde vijfthien stx tot betel
en areek toeback &=a ten beloope—
van ƒ45:2:8 gedaan niet geweest
alleen voorde reijse maar geduirende —
den tijd van vier maanden dat tot de ver„
sendinge al g' jnbarqueert waaren
med gedagten dat 't Jagtje de wind vroeger
zoude gedepeschieert geworden zijn
Het kwamons vryvreemdende onverwagt
uijt uw hoog Ed=le agtb g'eerde missive
te vooren hoe heet konde mogelijk zijn
dat"
NL-HaNA_1.04.02_1547_0212.xml,"d' overgesonden camphur olij is na 't medi„
ceyns gewigt met 2. lb geweest
dat op twee lb overgesonden Camphen olijschaars
een geheel & te kort was uijgeleverd aan„
gesien niet beseffen konden waar bij sulcx
mogte toegekoomen weesen, daar wij niet
beeter wisten of waaren bij de chirurgijns
winckel gelyjk onse expresse ondre luijden
in voldoeninge van uw hoog Ed=le agtb:
gedaanen eijsch twee lb netto van die vettigh=t
genoomen en voorhet luijden eenigen
schaade onderweegen wel versorgd geworden
maar wanneer wy naderhand nade oor„
saake kwaamen te verneemen en onsen
opperchirurgijn die in veele occagien
anders doorgaans bethoond hadden seer —
songvuldighen voorsigtigh man teweesen,
dierweegen aanspraaken wierden doen
eerst van denselven onderrigt dat sigh —
daar omtrent gereguleerd had na het medi„
cijus gewigt, waar van de thienmutsjes —
nijpmaakte vier en twintighoncen en a 12
onsen voor een lb gereekend netto 2 lb:
medicijns gewigt in de versonden bottel gedaan
zijnde zal het verschilde twyffelijk ontstaan
syn tusschen het onderscheijd in het holl=s
ofte medicijns gewigt en med welke —
verklaaringe wi dan willen vertrouwen uw
hoog Ed=le agtb nu meede ten vollen zullen
gecontenteert zijn, en ons gunstelijk ge„
oppen
„staan
schitt
in
lieven
tew
de
daar"
NL-HaNA_1.04.02_1547_0213.xml,"94
„van
in kas procedeeren omtrent t redikanten
opperkoopluijden &=a als verwisselinge van
schippers en boekhouders teegenden anderen
„staan haer ho Ed=le agtb bevoelen opgevolgt
te werden.
de geschulden ten lasten van van de snouter
daar van nogh niets gekreegen is —
lieven te vergeevene, dat onwetende niet gedagt
hebben in ons schrijvens daar nevens zulcx
te melden waar op, jn het toekomende nauwer
staat geleth te werden.
Uw Hoog Ed=e agtb ordres inzaaken van eenige
proceduiren omtrent de persooen der Eerw:
preedi kanten opperkoopluijden Capitains zullen
bij ons in zooverre hier mogte te passe on koomen
voor te vallen 'tgunt liever egter anders wen„
schen en dat noit geschieden mag:) zoodanig
agter volgt ende bij verwisselinghe van schippers
ofte boeckhouders tegen denanderen van 't een
op het ander schip de behoorlijcke sorge draagen
dat alvoorens door den afgaande aan zijn suc„
cesseur goedereekenschap en transport in
debita forma van haare Consumptie boeckjes
over en weder gedaan werd, mitschaders —
ook niet nalaaten bij voorval alhier telekens
aan uw hoog Ed=s agtb daar van Conds=z
tegeeven.—
van de schulden, die ten Lasten van den onder„
Coopman Pieter vande kouter tot Canan:t
blijven voorsloopen groot zijnde ƒ2338:10:
tot nog schoon ook alle mogelijcke vlit
en naarstigheijt door de bedienden aldaar
op onse stercke aanmoninge geduurigh —
aangewend is, niets hebbende konnen jnge„
Gerd
vord nogh ook daartoe geen apparentie —
voor
onden"
NL-HaNA_1.04.02_1547_0214.xml,"werdende na verloop van de 3 Iaaren na
batavia overgemaakt
contribueeringe onser debvoiren tot
het jnnen derselve
zijn E daar voor en kent te worden —
recommandatie aande bedienden tot
coilan tot 't vervaerdigen van de gevondende
trossen voor batavia —
voorsiende dat oijt voldoan zullen werden—
zullen wij niet gebreeken wanneer de
gelimiteerde drie jaaren verstrecken
zijn twelk volgens d'ordeninge van wijlen
den hoog Ed=le heeere Commissaris Lin) der
10„e 9ber aanstaande zin zal deselve p=r
factuura op 't Compt=r generaal van jndia
aan
over te maaken, ten eijnde daar van ter plaatse
alwaar bescheyden is gedebiteert temoogen
werden alvoorens noghmaals en voor 't laaste
onderstaan hebbende off geen kans zijn,
soude deselve alwas het vooreen gedeelte
in afkortinge in te krijgen op dat alle sints
mogte blijcken, wij daar toe ons uijtterste —
best gecontribueert hebben —
den Capitain hendrik bekker door uw hoog
Ed=le agtb toehoovd der militie op mallabaar
bij overkomste van Comp:r beckerstaat verkooren, en bereijds met zijn famieje p=r
't fregat de bije tot tutucorijn aangeland,
wesende, staat hier bij overkomste na de —
gebruijckelijcke wijse daarvoor enkent ende
aangenomen te worden
de op nieuw gevondende 150 stx Caijer trassen
voor uw hoog Ed=le agtb Equipagie hebben
op den ontvang van uw hoog Ed=len agtb
g'agte missive alvoort ende ten eersten—
de bedienden tot Coilang belast van goede
haar
sterke —
d"
NL-HaNA_1.04.02_1547_0215.xml,"95
haar ho Ed=e agtb nader ordre—
d'Engelse overlopers in 's Comp=s dienst, staan
over Ceijlon, na 't vaderland gesoeden —
den handel en procure des ppers.
sterke en deugsaame Caijer te doen blaan
ende gereedheijt te brengen, omme het
aanstaande goede zaijsoen bij presenteerende
scheeps gelegentheijt tot uw hoog Ed=le ageb
overgesonden te werden, gelijk dan ook on„
soilbaar feylijck staat te geschieden—
aan kondinge der ooplense volkeren tot d'oostersche militairen zullen tot uw hoog Ed=le
agtb nader ordre alhier werden aangehouden,
ende twee Engelse overloopens van bruisjan
als alle die naderhand nog meer tot Cananoor
en hier bestaande nijt 10: persoonen tot
ons zijn overgekomen bij eerste occagie —
na Ceijlon laaten vertrecken, om med d'
aanstaande retour scheepen wijders van
daar naar 't vaderland te navigeeren; ook
en geene dier Nsatie meer aengenomen tewerden st aan na desen geene van die Natie in
den dienst van d' E Comp meer aangenomen
maar des aansoekende afgewesen tewerden;
dat den handel en pper procure tot nog in
maniere als bij onsen veelmaals aangeroerde
mediteerende resoluitie beraamd bij ons gedree„
nakoninge van haar ho Ed=le agtb ordre, ont:r ven en bevorderd is hebben bereets hier vooren
aangehaalt, en was oversulcx bijson der aange„
naam dat uw hoog Ed=le agtb 'tselve voor soo
verre approbeerende ons hebben gelieven
te ordonneeren op dien voet te blijven Continu„
eeren, tot de overkomste vanden heer g'eligeerd
Commiss=s toe gelijk by ons ook zonder verande„
ringe zoodanigh staar agtervolgd te werden,
alleen"
NL-HaNA_1.04.02_1547_0216.xml,"verklaaringe hoe het ons onmogelijk
geweest is den pper te bemagtigen sonder
voor uijt verstreckinge tedoen
gemaakte Contract, met nannoe pouboe
van 1000 Candijlen peper
alleen grootelijcx beswaard zijnde med de lasten
bepalinge van zulcx te moeten geschieden
sonder uijtborgen ofte tefieeren dan 't onser
eijgendr verandwoordinge, 't gunt vervolgens
nader bij ons overwoogen wesende en dat alle
gedagten die voor de receptie van uw hoog
Ed=le agtb laasten briev mogten gehad hebben
van andere weegen en middelen in te slaan
en ter hand te neemen nu weg genomen —
waaren, en geen plaatse konde grijpen buijten
toedoen vanden koopman babaporboe —
met eenige andere koopl=n in handel beding
te treeden, als anders mogelijck tot de voldoe„
ninge van de groote pper eijsschen genoodsaakt
zouden geworden zijn te moeten komen
gelyk daar op ons besluijt dien aangaande —
ten principaalen hier vooren slegts voor
eenige daagen op geschort gebleeven is, zoo
hebben als niet auders konnende en dat
het jnlaaten met andere koopluijden buijten
voorm: baba porboe vermengd was med veele —
swaarigheeden en bekommeringen wegens
desselvs agterstal aand' E Comp &t=a en dat
wij daaren boven ook zoo drnstelijk van
uw hoog Ed=le agtb gerecommandeert zyn
hem aande hand te houden, en alle mogelijcke
Coresse aan te doen eenpariglijk geresolveer ged
met desselvs zoon Nouwe porboe (wien
in absentie van zijn vader desselvs zaaken
in kope
alhier
„"
NL-HaNA_1.04.02_1547_0217.xml,"96
en op wat Conditie ——
in hope haar ho Ed=e agtb tselve voor wel
solvert gedaan zullen believen aan tesien
alhier waar neemd) een Contract aan te —
gaan van 1000 Candijlen pper om in drie —
parthijen namentlijck alhier tot Calicoilang
en porca voor medio 8ber naast komende —
te leveren, med voor uijt verstreckinge
van het bedraagen van 15 oofte op ider
plaatse 50 Candijlen om na deleverantie —
vandien weder soo veel uijt te rijcken
en vervolgens op die wijse te continueeren,
tot de volle afleveringe van 1000 Cand=s,
toe sonder daar van naden jnhoude —
der voorsz mediteerende resolutie een
dubbelde quantiteijt verschuldige te zijn,
op te brengen, als zijnde tot zulcx door —
geene redenen te beweegen geweest
en schoon hetselve jn ons alwat bekomme„
ringe baard enzijn schuld van 200 Cand:s
voorwaarts gementioneerd spruijtende —
uijt het dobbeld van gelijcke quantiteijt
dat nog niet voldaan heevd zulcx doed
vermeerderen zoo hebben ons egter zoo
den insaam van pper niet botstil wilde —
sien staan enden tijt die seer hard begint
te verloopen daar hoe verwaarloosen van
alle die gemoveerde swarigheeden
niet moogen ontslaan, maar zijn gedron„
gen tot zoodanigen beslupt te treeden
jn vaste hoope dat zulcx by uw hoog
Ed=le ageb niet alleen voor welgedaan
opgenoomen, maar ook geconsidereert
Zal"
NL-HaNA_1.04.02_1547_0218.xml,"om baba porboe met een soetlijntje van
pananijher=ts te lockken werden alle
debvoiren aangewend
wat in afkortinge van desselvs de betreets
is ingekweegen
Zal werden voor een noodsaake waar bij
wij niet anders dan den meesten dienst
der gen=e Comp b'oogt hebben na het bereijck
van ons vermogen te bevorderen, ondertusschen
dat het doorgaans van onse hoogste sorge mede —
is geweest, en nog zullen Laaten sijn
om den koopman bosbaporboe agter volgens
uw hoog Ed=le agtb serieuse aanbevee„
linge niet dan bij weegen van minne en
vrundsz te bejegenen, mitschaders zonder
d'alder geringste verkortinge zyn vol respect
n
aansien en Credit gelijck bevoorens gehad —
heevd, ook nogh te doen genieten en wijders
alles te betragten ende werkstellig te
maaken wat ons eenigsints doenelijk ende —n
te bedoncken zal zijn, om den zelven —
van pananij, en onder het gebied van den
sammorijn waar hem tot nog is ophoudende,
hier op Cochim te trecken ende door
zoodanige sagte middelen Luijdende —
te beweegen sin debet aan d' E Comp af teleg„
gen gelyk tot een bewijs van onsen aangewer„ zoura
den ijver daar van reets langsaamen
hand door ons is jngepalmit geworden een
Zomma van ƒ 26000:— met het bedraag„n
van de de dubbelde geleverden en opgelegden
pper de laast versondene Cauwa na het vaderl=t
&=a afgereekent zijnde buijten dat nogh 7
ledenen
tot onderpand van dien onder onse magt door hebben
desselvs soon nannoe porba by leeven
t gevat
gestel
buijten
van
hoopsda
h=ro
gest.
veel
vSlinelandt"
NL-HaNA_1.04.02_1547_0219.xml,"97
buijten eenige goutwerckten onderpand
gestelt
hoops daa't reckeerende meede Comste van den
h=r Commissaris mede welvolgen
en haar h=o Ed=e agtb briev, aan hem
gesz veel omtrent denselven vermogen sal
t gevat misnoegen van de vrienden in
zouratta over de sendinge der lange ppen
redenen waarom die specerije derw=ts
hebben gesonden
van d' E H=r Commandeur Jsaac van dielen
zal=r gestelt berustende zijn verscheijde goud„
wercken en paarlen met den anderen
monteerende ƒ30690:— zulcx wij mogen
hoopen met d'komste vand' E H=r Commis„
saris het resteerende meede wel zal koon
men te volgen, van wiens gunsteen veele
te verwagtene eere toe gerustheijt voor aff„
door ons zoo kragtigh verseekert en uwho
Ed=les agtb briev aan den selven daar bene„
en
vens gevoegd wesende hem tot het een en
ander veel zal en couragieeren, en van
een goede verwagtinge zijn 't gunt den
tiji aan bevoolen blijvt—
den EE H=r directeur louis de keijser en
raad in Zouratta hebben ons bij haar E
schrijvens van dato 16„e maij Iongstleeden
dat den 14=en pass=o telande van tutucorijn
alhier ontvangen is gelieven te Communi„
ceeren extract uijt haar E messive med —
de scheepen onder de vlooth vanden H=r
Commandeur paulus hun tum aan uw ho
Ed=le agtb gecorteert, behelsende onder ande„
ren haar E misnoegen over de sendinge van
de lange pper welke niven deel bij onse pack„
huijsen was berustende ten aansien desselvs
slegte deugd en daardoor behaalde laage —
prijsen 't geen wij voor den dienst der E.
Comp met haar E gaarn anders wenschten
gelijk zoo hier ter kuste op den aanbregh —
aijo bengale ter eersten jnstentie hadde
le
konnen omgeseth werden uw hoog Ed=le
agtb"
NL-HaNA_1.04.02_1547_0220.xml,"berigt wegens het verschil in her metto en
buutto gewigt der voors lange pper
agtb wel mogen verseekerd zijn bij ons niet
zoude nagelaaten geworden, zijn 'tselve na onse —
gehoudenisse te behartigen, maar zulcx niet
sijnde omdat bij nadaar voor geen gebe gebooden
wierd soo dag te niet zoo grootelijk te zullen
misdaen, die specerije na Zouratta over te—
schicken als de naaste plaatse en gelegentheijt
die ons doen aande hand was ten eijnde aldaar
bee ter marko aantreffen mogte als hier lan„
ger leggende 't' eenemaal vergaan en grooter
schaade voor d' E Comp veroorsaaken soude —
dierhalven wij uw Hoog Ed=e agtb allen
ootmoedigst bidden dat daar op; gunstelijk—
gelieven refleptie te slaan, en hoe w' med —
de versondinge van die pper niet anders dan het
goede best betragt hebben
En wat belangt het netto en brutto gewigt dier„
lange pper heet welk de vrunden van daar
ook aanhaalen niet te kunnen verslaan
off overeen brengen, daar op dienen uw hoog
Ed=le agtb bij desen in alle nedrighetijt
dat het d' E H=re directeur en raad des belieft
hebbende niet alleen wel konde verstaan
dat de 38511 lb brutto waaren alsoo dat
daar bij genoteert was en die de scheeps opper„
hoofden ook soodanigh in 't geheel waaren
toegewoogen, en niet bij Caliculatie gestelt
weegens de viersaaken van 464 lb brutto
dat dan de voors ponden niet en maar 35148
Zoude"
NL-HaNA_1.04.02_1547_0221.xml,"98
zoude uijt gemaakt hebben maar ook wel
hadden Connen begrypen dat de 28452 lb
netto moeste weesen als zijnde volgens de nego„
tie boecken en al 't geen daar van ons aan„
gereekent was in drie onderscheijde specifice
wanneer en med wat scheepen hier was —
aangebragt bij factuura naderwaarts
gestelt en ten laste gebragt want dat
het geheele restant zoo volgens de boecken
niet geweest waare zouden volgens de stel„
ling na d' ondervinding dat de vier sacken
„netto hadden gewoogen met 28452 lb
448 lb„ maar 33936 lb netto moeten weesen
twelk de kalk in die vermijtterende whaar
moet bij brengen waar van de vier sacken —
netto med d' klock gewoogen zijn geweest
en versegeld eenelijk om tot souratta in d'uijt„
leveringe daar bij de gantsche parthije en —
het onderwigt 'tsedert den ontvang alhier
des te beeter te konnen Calculeeren, dat nu
de stellingen bij ons schryvens off factuur —
en Cognoissement hier over zoo omstandig
en klaar niet zijn, en 't woond van netto
gelijk 't behoort hadde g'ommitteerd is, ver„
soirkeendv' gansch eerbiedig den door uw.
ho Ed=le agtb voor desemaal goet gunstelyk —
magt gepardonneert werden, onder belofte
daar op na desen beter requard te zullen
staan.
de nooten uit de vloot van d' E heer simon van
den beregt hier aanland gegeven waaren
ook"
NL-HaNA_1.04.02_1547_0222.xml,"vangen en int schip silversleijn weder
d=o directie ten lasten gebragt
waar uyt de groote onderwigt daar op ont„
staan is—. —
berigt wegens den jnkoop van cauwa
in Zouratta
verbeijdinge van haar nader Consideratien
bevorderinge desselvs procure, omt=t baba
hoedanig de opgelegde nooten alhieront„ ook seer stoffigh en vermijttert en daar om
af gescheept zijnde naar zouratta versonden is de scheeps opperhoofden van zilversteyn niet
te disponneeren geweest, die netto, nogh bruto
te ontvangen maar eenelijk bij 't getal
kisten ongewoogen gelyk wij, die ook soodanig
uijt voorsz vloot mits de grooten haast en laath=t
sijnde, en soo't ons was aangereekent, ook des tijts bekomen hadde, en zouratta volgens
den jnhouden zoodanigen specificatie —
als waar meede die ons waaren aangereekent
ook ten lasten hebben gebragt, dat deselve —
nu aldaar ook ex traordinarij onderwigt
van 10½ P=r Cento gelijk d' H=r directeur
en raad van daar aan ons schryven hebben
gegeven, is onder uw Hoog Ed=len agtb wel
duijden en beeter weeten gesegd wel te be„
teffen alsoo die in de ruijmen zoo lange gelegen
en aangestooken hebben geweest, en daarom
hoopen wij daar over by uw hoog Ed=e agtb
onschuldigh zullen gehouden werden
Dat op gem: vrunden aan ons gesz hebben
weegens de Couwa namentlijk hebben nwegens
dat deselve aldaar door de ruijmer vaart
wel zoo voordeeligh als hier op mallabaar
zoude konnen jngekogt, Ende besorg werden
gelieven uw hoog Ed=le agtb t'ontwaaren
uyt het extract dien aangaande onder N=o
20. desen bijgevoegd ondertusschen dat wijn
haar nader Consideratien verbijdende egter—
niet zullen nalaaten de procure van dien
omtrent den koopman babbana vreijsch —
nwang
te
geleijde
ijde
en cks
wegenset
Juffe. Com"
NL-HaNA_1.04.02_1547_0223.xml,"99
nwengh van haar ho Ed=len nader buier
geleijde van 't slaat, en schuijv gout
en cksegginge voor de Communicatie
wegens het aanstellen, van een Com„
Jusf=r. Command=r en tweede over dese kuste
te bevorderen, mits uw hoog Ed=le agtb hebben
gelieven toe te staan zoodanige geldspetien
als vanden selven wierde gerequireert
daar toe jnbetaalinge temoogen afgeven
Op den 16=e passado bekwaamen w'verden
landwegn van tutucorijn nog nader uw hoog
Ed=le ageb groot g'agte missive den 14„e maij —
p=r tschip de maas in Comp van 't Jagt
de Crap, over Ceijlon afgevaardigt meesterdeel
gerige tot geleijde van 374¾ realen swarte
staav en schuijd goud bedraagende volgens en
nevens bekomen factuura ƒ13998. —. — om
als Iongst by uw hoog Ed=le agtb beloovd
was te dienen tot voortsettinge vanden
handel te deesen kuste; voor 't voorige daar
op niet anders niet rescribtie vindende —
zullen eenelijk daar toe nog voegen onsen
demoedigste dankbaarheijt voor de bedeilinge
van uw hoog Ed=le agtb genomen electie
op de persoonen van den Eheer Jaffanapat„
nams Commandeur floris blom tot Com„
missaris den E opperkoopmanen geweesen
p=ro gesaghebber in Zouratta adriaan
van ommen voor Commandeur en den
opperkoopman, en D=n packehuij vermeester
tot Colombo pieter Coesaart tot tweede —
en administrateur deser mallabaarse —
Commanderije, mitsgaders dat alle te beveelen
van uw hoog Ed=le agtb door haar welgem:
Ed=s ons toe te komen in alle promptitude
staan"
NL-HaNA_1.04.02_1547_0224.xml,"reeden waarom desen niet eerder heeft
konnen gedepeschieerd worden
ontvangh van een ola van den Calicoi„
lander waar bij sijn ongelegentheijt
relateert
staan agtervolgd ende gehoorsaamd te werden,
zoo wel als die uw hoog Ed=ls agtb namaals —n
behaagen mogte nogh toe depeschieeren t'onser
regulamente en narigt
hoog Ed=le agtb heeren dewijl desen als hier —
vooren wert gewaagt alvoor eenige daagen
is vervaardigt geweest maar deselve niet
heeft konnen afgesonden werden mits ons
jntusschen Emportante stoffe was tevooren — versoek
gecomen waarvan uw hoog Ed=e agtb
„syn
d' kennisse hoog noodigh was med het guondigh=
ondersoecken van saaken en het ontwerpen
vandien eenige daagen verloopen tewijl ons
ook jts verder ontrent d' Land saaken
is, te vooren gekomen om daar van uw hoog a:
schuldige kundschap tegeven zullen
den raad van die materie volgende in aller
onderdanigheijt seggen, dat ons den 25=en
juli Jongstleeden ter hand quam een ola (voo
vanden ragia van Calicoijlan die zigh
thans is onthoudende op Coylonom zijn —
Cousijn den prince signattij te adsisteeren
med den raad en daad tegen de vorstinne—
van atinge, med wien in oorlog zijn ontstaan„
de uit de adoptie int rijk van peritalie
als hier vooren is gerelateert) waar in zyn
h=t ons te kennen geeft het porcquet daar
in sigh bevond en wat zijn h=t ter kennisse
was gekoomen van den Coninck van
Cochim ende ragias van pouca en tecken Coer
Conside
aan
magt"
NL-HaNA_1.04.02_1547_0225.xml,"100
versoekende 's Comp=s wegen met krijgs„
magt en eenige vaartuijgen tegen
desselvs vijand te mogen g'adsist=t werden
Consideratien van baba ons daar toe
een ola (voorgestelt
haar besluijt tot sijn h=rs prejuditie gebruijckende,
daar ontrent al seer scherpe dreygende tenmen
med versoek noghtans dat we hem van s Comp=s
wegen in dese ongelegentheijt d' behulpsaame
hand wilden bieden; sonder te denoteeren
waar jnne sulcx soude bestaan, maar
zin H=rs afgesondene soude het ons moedeling
te kennen geven wien voor ons verscheenen
wesende zejnde dat zyn h=rs versoek was
om eenige roeijvaartuijgen en gammels—
omse tegen het jndringen van atingse —
krijgs magt en der zelver vyandelijcke —
aanslaagen op d'revieren te gebruijcken
terwijl w' besigh waaren onse gedagten
te laaten gaan wat hier ontreet voorden
dienst onser heeren en meesters veijligst
diende gedaan, ontvongen w' een briev—
van den koopman babba porboe uijt
pananij die ons daar bij verwettigde dat
den ragia van Calicoilan zyn gesant
hadde gesonden aan den koninck sommo„
rijn, en aan zijn h=r en aan hem baba —
jder een ola hadde geschreeven waarby als
voormelt de saak bekent maak te verselt
med geluck versoek in voegen denselven
het hoognoodigh oordeelde te zijn, dat
d'E Comp dien ragia de behulp saame hand
bood allegerende in deselve verscheijde Consi„
deratien die ons daar toe behoorden te pre„
moveeren onder voorwendingh dat zulcx
ten eenemaal met het sertiment van
den
end
,
—
n
aller
en
25
gh
en
haan.
e
o"
NL-HaNA_1.04.02_1547_0226.xml,"accordeerende met het sentiment
van den sommorijn
den kooninck Cammorign was over een
Comende, Edet verweckte in ons nog meerder
aandagt om een rijpe deliberatie daar over
teneemen, dogh Eerwe nog bequaam waaren
daar over een besluijt teneemen wierd ook
ons jnhandigt een ola van den Coningh
sammorijn, welckers jn hout in substantie
niet alleen met het schrijvens van den
koopman babba was over een Comende,
maar wierden daarbij ook med dringh
reden aangeseth om daar meede al med
den eersten werk te beginnen, waar
op wrij d' zaak na ons gering talento ver„
wegende ons aan d'eene zijde hebben
oplossinge onser gedaghen daar overgevallen voorgestelt en jngedagten gebrage d' suberbe
procedueren des ragias van Calicoilan, in
sonder heijt tsedert d'jongste stribbelingen
waarin sigh al vrij wat kittelende groote
georie schijnt te stellen, en die agtinge voor
d' E Comp niet en heeft als voor desen en nu in
maght en aansien in Cas van trumphering
ontrent den actueelen oorlog daar in
sigh niet stont te beteren, wat pexatien
reets ons vanden selven sijn tevooren
gekoomen is hier vooren tendeelen —
aangeroert, egter en is het niet buijten
hoop, dat den selven zijn tuijt uijt getuijle
hebbende en eenige goede exempelen
om zigh daar aan te spiegelen tevooren
Comende, niet tot daarnisse en dweegh aan„
heijt zoude te brengen wesen aan d'aeder
kant saagen w' jn d' ongelijk grootere
bontbrekerije
/32
als"
NL-HaNA_1.04.02_1547_0227.xml,"101
zijn deese occagie tot voordeelte olser veenen
bontbrekerije afronten schaade en smaad„
heeden door de vorstinne van atinge d' E„
Comt onophoudelijk toegebragt, en zulcx niet
gerevengieert en geredresseert werdende,—
een totaal ruine van 'sComp=s staat stont
te gemoet gesien (waar van reets langh
berugt uw hoog Ed=le agtb gedaan zijnde
zullen w' om uw hoog Ed=le agtb met
geen onnodige herenaalinge in haare hoog
wigtige besoignes niet te vermoeyelijcken
daaraan onderdanigh gedraagen) zyn w'
onder uw hoog Ed=len agtb hoogwijser
als van wat geweelen en besluijt gewest oordeel van sertiment geweest dat dit
een schoonder gelegentheijt was de vor„
stinne vanatinge de smerte te doen ge„
voelen van alle d' geledene wederwaar„
digheeden en haar te Constringeeren
d' EComp en den Conirk sammorijn
genogdoening tegeven en een favorabel
Contract te admitteeren zynde ons gering
gevoelen wanneer dese waevelmoedige —
vorstrine dievoele der mallabaarse ragies
tot veele uijtsponigheeden heeft op gewekt
onder dat zuck gebragt werd andere —
zoo omsigtigh zal maaken dense gemac„
kelijk naar 's Comp=s jntrest zullen
te leijden weesen maar alsoo wij niet
konden gissen wat uw hoog Ed=le agtb
behaagen zoude weesen te ordonneeren,
ende te disponneeren over d' zaaken van
mallabaar, en het ons seer swaan te
verandwoorden zoude weesen ijts Contrarie
uw
erbe
gen
groote
in
ie"
NL-HaNA_1.04.02_1547_0228.xml,"dog „ niet te misdoen werd die zaak soon
ons traineerende gehouden tot de Comst
van den Commissaris
ons antwoorden deswegen in Copia —
gaan hier nevens —
uw hoog Ed=le agtb intentie ondernemende
hebben w' niets in't werk dervenstellen te
meer wy niet konnen voorsien dat die
saak soo grooten haast heeft off zoude nogh
wel wat uijt stel lijden konnen / waar omme
het van onse pligt hebben g'agt het nog wat
traineerende tehoeden tot d' kort aanstaan„
de Comst vand' Ed=e h=r g'eligeert Commis„
saris med den sammorijn, zoo wel als —
den ragia van Calicoihan, mitsgaders den
koopman babba med goede hoope gevinge
te voeden, zoeder ons nogthans te jngagi„
eeren met eenige speciale verbintenisse
ten welken einde het aantwoort aan
voors persoonen zoodanigh hebben gerigt„
als de Copias van 't een en ander onder N=o 21
desen accompagnieerende zullen verthoonen,
waarinne onder anderen uw hoog Ed=le
agtb sal te vooren komen, dat w' den koop„
man baba versoecken op Cochim te koomen,
om mondeling van die saak nader med
hem te spreeken, med anders geen bog„
merk als eensdeels daardoor tijt te winnen
en anders deels van die gelegentheijt
ons bedienende hem volgens uw hoog Ed=es
agtb jntentie met meerder redenen te
beweegen herwaarts over tekoomen,
om voorts ook te ondersoecken wat van
de zaak zij raakende d'voorwendinge
des nagias van Calicoilan in 't reguart
vanden Coninck van Cochim ond'ragias-
versoek
van"
NL-HaNA_1.04.02_1547_0229.xml,"102
Cochim, ponca, en tecken hier te seggen dalt
verseekeringh doende niets buijten de Comp
gias — te sullen ondernemen
wat van 't gedeelte van de koningen van van ponka en tecken Coer alsoo ons niet
bekent was dat 'er sulcx in 't til soude wesen
maar wel dat den presenten koninck van
Cochim voelmaalen bij discoursen heeft
doen blijcken seer verbetert te weesen op den
ragia van Calicoilan, om dat den oorlogh
Jongst niet na zijn sin uitgevallen is
en wel nae bequame gelegentheijt
vlamde om zijn hert eens te konnen
ophaalen, vermits de vorsten in dien deese
eenige over een Coninge hebben med twee
groote lighten dat het eene 'sanders schijn„
sal niet kan veelen en ook voortekomen
in gevalle den Coninck van Cochim sodanig
voorneemen mogte hebben 'twelk nogh„
als van den Coehinisen koning inw lij t sonder tans niet te gelooven is, zoo om dat we ons
verseekert houden den koninck van Cochim
sulcx buijten kennisse van d' E Comt niet
zal onderneemen, als ook dat zijn h=t
niet magtigh is het uytte voeren sonder
haar Ed=le hulpe, en te verstandigh is een dwaase
daad te beginnen, hebben w' den ragiadoor
Louis taispil daartoe g'ordonneert den
welcken ons heeft gerapporteerd dat hij —
den Coninck van Coching desweegen gesproo„
ken hebbende, in hem bevonden hadde —
groote genegentheijt om als voor zeijt
den Calicoilander eens te wegen aantasten
maar zijn h=t d' zaaken med onse Conside„
ratien omstandigh verthoont en daar van
geinformeert hebbende hadde opentlijk
verklaart dat zin h=t zoodanigh besluijt
niet hadde genoomen nogh het zoude
nemen
rigt"
NL-HaNA_1.04.02_1547_0230.xml,"desselvs versoeko m Contanten tot vieringe
der rauw feeste over den overleeden koning
nemen maar alle sints sigh welde schicken
na 's Comp=s goet vinden, alleenig zoude
zijn h=t niet gaarn sien wanneer men
jts wede onderneemen tegen atiige—
sigh weder med den Coninck sammorijn
quame te vermengen, alsoo daar uijt geen
goet te verwagten hadde, oordeelende syn
h=rs magt en die van d' E Comp tsaamen
gevougt, med die van syne bondgenoten
magtigh genog tewesen alles uijt tevoeren
wat op, mallabaar te verrigten mogte
weesen, 'twelk ons gerust heeft gestelt
tot nader dispositie maar niets valt ons
moeyelijcker als dat den Connick van
Cochim althoos soo behoeftigh valt, om
contanten dat we telckens daarom werden
lastigh gevallen, gelijck den 15=en Julij —
pass=o weder is geschiet by een ola versoeken„
de daar bij om 2500 rC=s behalven 't geene
te goet mogte staan van den thol der
olphandigo 'twelk wij tragtende te ont„
leggen het zoo verre wierpen zijn h=t
gants geen staat daar op temaaken had
daaropkreegen we de tweede ola persis„
boerende bij sijn voorigh versoek, dogh met
verminderinge van d' Zomma op 1500 rx=s
alegeerende onder anderen zijn pretentie
op den koopman boba Cun cocis weegens
eenige jaaren thols geregtgheijn van d'
negotie zoo voor d' E Comp als partuculier
door haar gedreeven, waaruijt wij ons
ot offer
voor
e
weeg
tale"
NL-HaNA_1.04.02_1547_0231.xml,"103
verstreckinge van 1000 rC=s en overgaan
der gewisselde olas met dien vorst
op offeninge van een geschenckje sComp=s
weegen na gewoonte
tale breringe van op gem: heeft
voor vast voorstelden indien zyn h=t nu niet jts
op zyn versoek wierde toegevoegt, sijn h=t door
d' groote benoodigheeijt van Contanten om
het feest over de dood van overleeden Coninck
met het eigndigen vandeneer jarigen
rauw sigh genootsaakt zoude vinden den
aanhangh van babba alhier daar over te tourbe„
ren, dat voor den dienst van d' E Comp
thans seer qualijk zoude Comens om het
welke voorte koomen en gemerke zijn h=t
togh een troetelkind van haar Ed=ls is geweest,
en nogh blijft hebben w' moeten resolveeren
zyn h=t weder met 1000 rx=s te helpen waar
over maar tamelijk vergenoegt is geweest als bij—
de gewisselde Copia als deesen versellende onder
N=o 22 te sien is, behalven dien hebben w'naar
onder gewoon te uytwysende de handelboecken
van sComp=s neegen gecontribueert en ter
schenck toegevougt tot het gemelte feest—
150. lb sandelhout
6 vlessen roosewaater
8 lb nagelen en }doorgebrek van bengaalse suijcker
8 - foelij of macis
't welk zijn h=t door den E Cap=n lieutenant
Cornelis blikland den lieutenantmaxm:
stoffelen en den p=l onderkoopman en ragiadoor
taispil, alle leeden deses raads ook is toegebragt
en op g'offert en by zin h=t met groot genoegen
danckbaarlijk g'accepteert zijnde het feeft ook
op den 4„e deser volbragt, zoodanigh dat een
ijder verklaart dat noijt heerlijker feresi
gehouden is tot verwonderinge der menschen
waaromme en om desselvs vordere Conduiten
een"
NL-HaNA_1.04.02_1547_0232.xml,"bekoomen kondschap hoe eenige scheepen
tot opregtinge van een Comp voor de
portugeese natie in goe wierden verwogt
onder priesters gevoelen daar omtrent
Engeland in souratta med een gouverneur
voor bombahia —
tweede gebragte nieuws—
een groote naam begint te krijgen, den
almogende wil het alles dirigeeren ter
goede van d' E Comp en heet ryck, jnmiddens
hoopen uw hoog Ed=le agtb dese onse doeningen
behoogelyjk zullen weesen, en wij het geluck
zullen hebben onder her wijsbeleijt vanden
Ed=len heer Commissaris een goeden uijtslag
van zaaken in der tijt te bedeelen —
7
bij het schrijvens van 't opperhoof oudenraad
tot Canemoor hebben onder dato 22„e pass=o
berige ontfangen, hoe tot barssaloor de gerugten
liepen en den resident aldaar van goederhand
verstendigt was dat teegen september aan„
staande eenige scheepen over Zouratta in
goa zouden te verwagten zijn, tot opregtinge
van een Compagnie voor de portugeese natie,
waar uit de roomse priesters beslooten dat de
ministers der nieuw opgeregte maatschapij
binnende stad haare residentie houden, ende
forten onder toesigt van den viseroij en verdere
s Conings soortreckende dienaaren tot be„
scherminge van die plaatse gelaaten souden
aanlandinge van 9 Engelse scheepenuijg werden, mitsgaders dat aldaar vier engelse
scheepen uijt Engeband met een nieuwe
gouverneur voor bambahia aangeland,
zijnde tijdingh overgebragt zoude hebben
dat op haar uytloopen alle uuren den bloe„
digen oorlogh in Europa een eijnde stont te
neemen, dogh het gund zoo zijnde met d'
aankomste van onse scheepen die nu haast
uijt het lieve vaderland op Ceyjlonstaan te
arriveeren
st
ins
in
Cab
so"
NL-HaNA_1.04.02_1547_0233.xml,"104
settende resident Jacob togh, verset de sen
waar bij haar Ed=le agtb zijn Eelendige
staat ingevanckenisse zullen bespeuren
jns gelijcx de Copia van 't gunt, den vicoroij
in goa, ons hot andwoord over to verbranden van
Cabba 't schip als anders heeft toegepast
hoog Ed=len agtb verschreeven—
arriveeren ontwijffelijck in korten wel seeker
der tidinge zullen Erlangen
Hier voorwaarts hebben gesegt inlangen geen
't ontvangen schryvens van den gevengen berigt te hebben ontfangen vanden gevangen
wingurlase resident Jacob trogh, dogh zoo
als deesen meerder te sluijten ons over goa —
zijnde toegebragt een briev van deselve gedag„
teekent primo maij, hebben van onsen
pligt g'agt med de oversendinge van desselvs —
Copia uw hoog Ed=le agtb hier bij nogh te
Communiseeren, op dat uw hoog Ed=le agtb
daar uijt soude mogen blijcken den micerasle
en stendigen staat, als den gem: resident
binnen de vortresse pouda van den dikwis
genoemde serbatchan toe nog gevangen werd
gehouden, zonder dat het ons toeschijnt voor
eerst daar uijt geraaken, en gelargeert
zal werden, wy zullen egter niet ophouden
verder alles daar toe te contribueeren wat
ons jmmer doenelijk zij in hoope door —
moede bewerckinge van den Eheer directeur
en raad in Zouratta, omtrent den mogol daar
op Eerlange en gewensten uytslagt magh —
komen te volgen.
wat den onderkoninck of viceroij uijt goa. —
op ons afgesonden schrivens in maniere —
van een jnsinuatie wegens de gevleegde—
hostilileijten omtrent het verbranden
van heet schip van den koopman baba porboe
ter rheede pananij g'andwoort heeft, gaat
almeede onder N=o 23 totuw hoog Ed=len
agtb beschouwinge nevens desen in Copia —
soo ook een naderbriev van baba aanhaar over verselt zijnde van een nader briev door
opgemelte babbaporboe aan uw hoog Ed=le
agtb gecarteert
na
ten
and
ge
e
de
ij
dere
-
oe„
s
te
veeren
ho
eg"
NL-HaNA_1.04.02_1547_0234.xml,"een b'eedigde attestatie wegens den datte om
beschadigde lywaaten uy t schip Contgene
hiernevens —
specificatie der gedaane verstreckinge
aan de oosterse volkeren
koopman abraham vinck getrocken
Nademaal de gecommitteerdens hier vooren
gemeld met het openen en besigtigen der natte en
beschadigde packen uijt de ladinge van het
schip Courtgena reede zooverre gevorderd —
zijn, dat daar van een b'eedigde attestatie —
belegd is geworden zoo hebben nodigh g'oor„
deelt de Copia vandien tot uw hoog Ed=e agtb
beschouwinge, nevens desen nog tevoegen
sijnde op 't register geteek=t med N=o 24:
jnsgelijcx gaat hier besijden ook over een
memoritje van gedaane verstreckinge—
-
aan de te deser kuste aanwesende oostersche
volckeren inden tijd van zeeven maanden,
ofte van p=mo Januarij tot primo Courant
jn Cluis, ten beloope van rx=s 1886½ om door
uw hoog Ed=le agtb ordre in minderinge
van haar tegoed behoudene gagie te dienen
Tot hoedanigen resolutie wij ten reguarde
vanden persoon van den koopman en geweesen
Copia resoluitie k=a ten reguarde vanden administrateur abraham vinck genood„
zaakt sijn geworden te treeden gelieven
uw hoog Ed=e agtb te ontwaaren uijt
desselvs affschrift onder N=o 26 desen bijgeleijd,
verselt wesende van twee Copia brievjes door
zijn Eons daar op toegesonden als 't andwoord
't geen w' in raade goed gevonden hebben
kortelijk daar op te passen Latende de decisie
en verder reeden geevinge gereserveert
blijven toe de personeele verschijninge van den
Ed=len Heer Commiss=s, ondertusschen dat wij
omdeesen niet verder uijt te bereijden tot
derselve jnhoude onder uw hoog Edele —
agtbaare gunstigh welnemen ons zullen
gedraagen"
NL-HaNA_1.04.02_1547_0235.xml,"114
105
TSloth
Waar mede ten eijnde van schrijvwaardige stoffe
gekoomen zijnde, desen zullen besluijten
uw hoog Ed=le agtb nevens der gantschen
staat der generaale Comp=e onder uw hoog
Ed=le agtb hoogh wijse beslieringe der zeegen
des alder hoogsten toegewenst, en in genadige
bescherminge bevoolen hebbende, med diep
respect verblijven (onderstont) hoog Ed=le
agtb heere, en heeren uw hoog Edele —
agtb onderdanige en gehoorsame dienaaren
was geteekent Alexander wighmans
Cornelis blieland, Jacobus van ouwhoorn
wannaar van der Choap Johannes Scholten
R=t en seC=s Maxm: stoffelsz Leendert
blanckert, en Louis taispil, in margine
Jn de stad Cochim op de Custe mollabaar
den 25„e augusto anno 1694:. —
Gecollationeert
Accordeert
gedraagen;
Cochim den 26:en xber 1699."
NL-HaNA_1.04.02_1547_0236.xml,
NL-HaNA_1.04.02_1547_0237.xml,"106
aan d'E: Heer Alexander
Cochim.
Wigmans Coopman en P„r
gesaghebber der Custe mal„
„labaar, Canara, en Wingurla
benevens den E: Raad. —
Erntfeste, manhafte, wel
uem
wijse, voorsz: en seer
Genereuse Heere. —
Jn antwoort op uw EE: seer g'agte missive,
van den 16. en deser loopende maand, mij heden
morgen terhanden gestelt, sal ik desen
kortelijk laaten dienen, en segge, uw EE:
ge
niet quaalijk voorheeft, alles naar overweeg:
te beginnen; Edog het affbrengen van eenige
troupen van des sammorijns voetknegten
en te gelijck de zaak, en voorneemen aan
hem bekent temaaken, en dient mijns
bedunkens tot mijn overkomst niet opgeschort,
nogh uijtgestelt te werden, soo om daar door
in desselvs gemoet geen huijsvestinge aan
eenige
E"
NL-HaNA_1.04.02_1547_0238.xml,"eenige misnoegentheijt, in die natie ligt aan„
„wassend te geven, als om door desselvs groot
ontsagh, de verdere vorsten gesinden, van sijn
Ho:t, dien wij tot dit dessijn van nooden
hebben aan te moedigen, geljk den Calicoilan„
„der, teckencoerder en meer anderen, die—
siende naar een Nagiadoor en een â twee„
„houdertman van dit rijck, tewilligen tot
dit noodige werck te beweegen sijn zal,
andersints soo hij hem hier in geraakt liet
vinden, met deminste lettertje den Calicoil:
van van zijn voorneemen ligtelijk staat
gediverteert te werden, gelijk hij die uEE:
verschijdemaalen dies wegen gesz:, hulp aange„
booden, ende versogt, met dit werck dogh
believe voort te gaan, daar reeden genogh
toevinden sal, en dan zal de laatste quaale„
Erger wesen als het eersten, en die w'
meenen onsen vriend te zijn, sal ons meesten
vijand weesen, en eer ick mijn dingen hier
in ordre gestelt heb, omme te konnen spoeden,
hebbe ten hoogsten vijffthien dagen uijtstel
van doen, aldaar gekoomen zijnde om wed. e
voor een toghje herw. ts te keeren, ten eijnde
desen vorst eenige vergenoeginge toegebraght
werde, en laat mij mijn ouden dagh verswakte
lighaam, en ongesontheijt, niet toe, onaangesien
dat ick alle 'tvoorsz: quaale ben onderworpen,
begeere mij nogtans toe dit ongemack voor
het wel weesen van 's Comp.:s agtb:, met
een"
NL-HaNA_1.04.02_1547_0239.xml,"107
een vast voorneemen, 'tsij het leven aldaar te
verlaaten, off de zaak tot een goet Eijnde te
brengen, en om hem zulcx naar naar mijn
vertreck t'adviseeren, 'tgunt hem staat bekent
teweesen, en schickt mede niet, off schoon 'k
hem dat almondeling bekent maake, sonder
de minste schrijff verthooninge, en 't versoeke
van d' gedaane aanbiedinge, sijns behulpsaamh. t
door uEE:, blijvt hij onvoldoende, en wij ver„
„steeken, van des Calicoiland. s noodige
handbiedinge, ook hierin langer uijtstel
genoomen, komt den feest van mamanga
kort op handen geschooten, dan ist mij on„
„mogelijk hier jts uijt terighten, onder
anderen magh ik uEE: wel verseekeren,
hij sijn troupen aan niemant anders toe„
„vertrouwen sal, als aan mij alleenigh,
des is mijn waghten maar eenelk van
uEE: te weeten, hoe uw' EE: dienaan„
„gaande gesint zijt, op dat ik als dan
hoe eerder hoeliever, mij op rijs begeven
magh
dat d' E: H. r Commandeur Paulus Huntum
alle uuren met een aansienelijk vloot van
gale werw. s sijn E: van tutucorijn over„
gestooken weesende, en met de goederen
voor 'tmallabaarse Commandem. t herw=ts
stonde op te daagen, quam mij na wensch,
en niet aangenaamh. t uijt uEE: boven„
gemelte"
NL-HaNA_1.04.02_1547_0240.xml,"„gemelte schrijvens tomtwaaren, ook hoe uEE:
goet gedagt, en noodigh g'oordeelt had, twee
van de mess=rs leden van uEE: Colegie,
nevens den Nagiadoor S. r Louis Taijspil.
naar Calicoilang vooraff tesenden, om
onder op offeringe van een geschenkje, dien
vorst met d'E: Comp: des tevaster te verbinden,
„alles
ten Eijnde „ aan dien kant alles paraad mag
sijn, en den wegh voor aff te baanen, komt
met mijn overgesonden ola over een, en
bekenne een goet besluijt te weesen, onder„
„wijle sal ik ontrent den sammorijn
soo veel bewercken gelijk ik gevoegelijk
doen kan, dat zijn Ho. t niet qualijck aff„
neemen sal, dat den resident van
meekeren met mij mede gaat; hiermede
desen besluijten, uEE: g'Eerde persoon in
godes veijlige hoede verbeeden hebbende
verblijve, (:onderstont:) E: Heer VEE:—
seer geringen en nedrigen dienaar
was geteekent:) in mallabaars. Caracters.
Babba Porboe, (in margine:) Pananij den
20. en 8ber: a. o 1694.
Cochim
aan d' E: H„r alexander
Wigmans, Coopm: en p. l gesag„
„hebber, der Custe Mallab:r, Canara,
en Wingurla, benevens den Raad. —
Erntfeste"
NL-HaNA_1.04.02_1547_0241.xml,"108
Heest in alle mijne brieven heb ik voor uEE:
mijne klagten uijtgestort, over 't aanhouden
twe
van mijn phaaren, en goederen op Iaffanap:
dogh alsoo ick op antwoord van dien grooten
troost uijt uEE: brieven, en beloovde voor„
„schrijvingh, daar ik geensints aan twijffel
dat
geschept hadde, verhoopten ik„ die dingen meter
tijd schicken soude, na regt en aangebooden
voldoeninge, ten Eijnde die schaade, schande,
en oneer, ontgaan moogen, dit alsoo sijnde
ontvingh over eenige daagen, een te aan mij
mijn gemagtigdens uijt Iaffanapatn: gesz:,
waaruijt tot bijsondere verwondering b'oogt
hebbe, dat over alle de selve goederen
venditie gehouden zijnde, en met de
Prossidido Penn: den bramine timmersa
voldoeninge gegeven, van sijn op haar die
ik volgens desselvs voorgevingh onder
mijn gewelt heb gelijk de selve ola hier
nevens aan mijn soon Nannoe overgaat
om voor VEE: telesen verthoonen zal,
en Jongst een vaartuijgh van mij met
Erntfeste, manhafte, wel
uww
wijse, voorsz:, en seer gene„
„reuse Heere.—
zout
e:"
NL-HaNA_1.04.02_1547_0242.xml,"zout en sandel, onder behoorlijk verbant schrift
E: verleent naar manapaar
door uEE
hebbende versonden, sijnd al het zandelhout
aan geslagen, en door 's Comp. s dienaars
weghgevoert, soo haast 'tselve gelost
wiert, zulcx dat ik niet en weet
off bedencken kan hoe ik het heb, aan de
eene zijde werd ik aangemoedigt door
VEE: en d' heeren van batavia, onder
beloften van inder tijd te sullen gedencken
om in mijn voorigen ijver te blijven
en voor 'tmeeste belang en wel weesen
van 's Comp. s handel te betraghten, aan de
andere zijde wert mij alle schaade en
schande die te bedenken is, door 's Comp. s
ijgen ministers aangedaan, en alwaar
ikher aanklaagh daar krijgh ik even
veel regt, en hoewel sulcx een mensch
wanhoopig maakt, noghtans vinde goet
dien aangaande aan VE: te schrijven, en
dierweegen sijn goeden raat versoecken,
hoedanigh ik mij hier in sal hebben
gedraagen, tot weder erlanginge der
schaade en affronten die mij wert toe„
„gebragt, om mij daar na te konnen righten,
tot voorkominge der ruine dat mij hier
door belooft werl; Inmiddens wert
VE:"
NL-HaNA_1.04.02_1547_0243.xml,"109
VE: bekent gemaakt, dat Eergister van
Calicoet alhier is g'arriveert, den tweeden
Engelschen resid. t M„r Thomas Patthe, om
met d' Jnlandse Coopl=n een pper Contract aan
de
tegaan, tegen 18. holl:s dukaaten ijder Cand. ,
'Twelk bij hem in aller ijl betragt wert
om een schip van haar dat op talicherij leijt,
met dien Corevol gestuuwt naar Persia
te versenden, dat na mij dunkt schaade voor
d' E. Comp: te zijn, mits sij met d'Eerste
markt schoot gaan, nu dien Corl aldaar
seer getrocken, en vereijscht, dat VE: seer
wel bekent is, jndien het aan mijn maght
stond soo zoude ik haar dat onttrecken,
en dien toevloeijende wegh die sij van
attinga hebben, sloppen, maar ick moet
sulcx wijl het aan mij niet en staat gedulden,
en met goede oogen aansien
den ko: van Sammorijn thoont sigh seer
onvergenoeght, om dat VE: soo hem berigt
is, verschijde zeebrieven aan sijn Inwoonders,
als die van Tannoor (welke laast hij zijnen
s. Comp. s vijand noemt:) verleend had, waarom
sijn Ho. t mij liet aanseggen VE: over te
schrijven, jndien het soogaan sal, was de
continuatie van den resid. t alhier onnoodigh
soo om dat hij niet gaarne siet, dat VE: de
Jnwoonders van Tarmoor zijn gunste biec
als om dat het hem schaadelijk is, 't gunt
mij"
NL-HaNA_1.04.02_1547_0244.xml,"mijs goet gedagt heeft hier ter neder te
stellen, mits icker ook uijt sien, dat d' E:
comp: haar vrienden haat, en haar vijanden
gunstigh is, gelijk het aan mij blijckt
hiernevens gaat een briev aan d' E: H.r
Iaffanapatn:s Command. r, VE: gelieve adresse
te verleenen; hiermede dese Eijndigende VE:
rnge
g'Eerde persoon nevens 's Comp. s swaar wagt.
bestier, in godes veijlige hoede verbeeden
hebbende verblijve; (onderstont:) E. heer VEE:
geringen en nedrigen dien. r (was geteek:t:)
in Canarijnse Caracters, Babba Porboe (:in
margine:) Panawij den 30. en october a:o 1694:
Dananij. —
aan 's Comp. s voornaamen
Coopman Babba Porba
uE: twee aangenaame aangenaame brieven
van den 20. en en 30. en 8ber: pass. o zijn hier
wel ontfangen, waaruijt mijn bijsonder
lieff was te verstaan, de betuijginge van VE:
goeden ijver om 't beste voor den dienst
Goede Vriend.
en't
6"
NL-HaNA_1.04.02_1547_0245.xml,"110
en't belangh der generaale Comp:e, omtr. t
den stant der zaaken op Zuijder mallabaar,
met ons te helpen bevorderen, en welken
weegen VE: dan oock verseekert mag zijn
haar Ed. le noijt zullen mancqueeren, VE:
moeijte naar merite te vergelden, maar dewijle
ik op den 11. en deser met 't fluijt schip Hobree
van batavia over Ceijlon (:godloff:) alhier
g'arriveert weesende, ook voorts daar op
in mijn qualitijt van Commandeur topper
bestier over de kuste van mallabaar, Canara,
en Wingurla aanvaart ende overgenoomen
hebben, soo is nu mijn verlangen grootelijcx,
om uE: persoon alhier te moogen ontmoeten,
en vande gelegenth. t der zaaken zoo
wel raakende 'twerk van attingen als
anders, mondeling met uE: tespreeken,
dierhalven uE: daar van bij desen wel
heb willen kennisse geven, ten Eijnde VE:
daar voor bij dese soo draa mogelijk: herw=ts
gelievde over tekoomen, ondertusschen dat
ook niet ondienstigh hebbe g'acht bij desen
voor aff uE: toeteschicken de brieff de
welke van weegen haar Ed. le agtb: de
hooge regeeringe van Jndia tot batavia
voor uE: mede gebragt hebbe, op dat uE:
uijt desselvs jnhoude haar Ho: Ed=les goede
meijninge in't reguart van uE: persoon
nader soude mogen komen te blijken daar
toe ick mij verder gedraage. —
wat"
NL-HaNA_1.04.02_1547_0246.xml,"wat belangt het aanslaan van 'tsandelhout
uijt uE: vaartuijgh door 's Comp. s bedienden
tot mannapaar 'tselve is op mijn aanweesen
tot tutucorijn reede algelargeert, ende aan
uE: gemagtigden aldaar gerestitueert
maar van 't aanhouden en verkoopen van uE:
uuw
vaartuijgen en goederen op Iaffanapatn:,
hebbe geen de minste kennisse gehad, als
wanneer hier eerst gekomen zijnde, mijn
zulcx uijt uE: schrijvens gebleeken was,
dierhalven voorneemens ben bij gelegenth. t
daar over aan den E: H:r Command.:r en raad
derwaarts te schrijven, om uE: Conform
debillickh. t genoegen te doen Erlangen;
„en gegroet
waarmede uE: gode bevoolen „ hebben de—
verblijve. (Onderstont:) UW. E: goeden
vriend (was geteek:t:) adriaan V: ommen,
(in margine:) Cochim den 16. en 9ber: 1694.
Cochim
Aan d' E: E: Heer Adriaan
van ommen, Command=r
en opperbevelhebber, der
kuste mallabaar, Canara,
en Wingurla &a.
Erntfeste, agtb:, man¬
hafte, welwijse, en seer genereu„
„se Heer
E: agtb:"
NL-HaNA_1.04.02_1547_0247.xml,"111
od
E: Agtbaare Heer
uE: E: agtb: hoog g'Extimeerde, en overaange„
„naame letteren van den 16. e Courant, benev. s
die van weegen haar Ho: Ed: agtb:, de hooge
regeeringe van India tot batavia, sijn mij
gister morgen wel en: niet liev terhanden
gestelt, daar uijt mijn tot bijsondere vreugde
gebleeken was uEE: agtb: gewenschte
overkomst alhier ter kuste den 11. en deser,
en overgenomen opperbestier van gantsch
mallabaar, Canara, en Wingurlasz:
kuste, waarmede ick uw' E: E: agtb:
g'Eerde persoon naar pligt en gehoudenisse
veels gelucx, heijl, en zegen, toegewenscht
hebbende, zegge; dewijl het uw E: E: agtb:
en de gantsche weerelt genogsaam bekent
sij, wat ik voor het belang van 's Comp=s
zaaken hebbe betragt, aghte onnoodigh daar
van largo aanhaalinge in desen te doen
ook is een ijgelijk bekent wat schaade op
Jaffanapatn: en nagapatn: mij door 's Comp. s
bedienden sijn toegebragt, en aangedaan, dat
soo ir luijden van Concientie die dingen
mogt komen in te sien, bekennen sullen
nevens d'onfijlbaare waarheijt datse zeer
onregtveerdelijck met mij gehandelt hebben,
'tgunt uw EE: agtb: selve sal moeten
betuijgen"
NL-HaNA_1.04.02_1547_0248.xml,"betuijgen, Indien uw EE: agtb: ondersoght
en overweegde de veeden die er gevonden
zijn, om over mijn vaartuijgh en goederen
op Iaffanapatn: venditie tehouden, alhoewel
dusdanigen voorval een mensch mistroostigh
maakt, nogthans verdriet mij de schaade soo
veel niet als tverwijt dat ik van ijder geduld:t
moet, want boven demeenigvuldige schanden,
mijwwaarts door 's Comp: ministers toegebr. t,
hebbe nog veel, meer om haer agtb. s halven,
van andere natie moeten tollereeren, gelijk
uw' E: E: agtb: soo ick vertrouw al verwittigt
sal zijn, 'tgunt mij door de portugeesen
haare boosheijt wedervaaren is, dogh schoon
mij voor mijn goede dienst sulcken
loon, soo door 's Comp.:s bediendens als andere
wert toegepast, nogtans en sal ik niet
nalaaten, mijn gewoonen ijver in haar
Ed:s dienst te besteeden, tot betooninge
van mijn stantvastige lievde, ontrent
haar agtb. s handel en verdere belangen
om die soo veel 'taan mij staat, te helpen
bevorderen, verhoopende de hoog Ed: le agtb:
heeren van d' jndische reegeeringe, met
nalaaten sullen mij daar voor ingunstige
gedagten tehouden, gelijck haar Ho: g'Exti„
„meerde missive, mij daar van genoegsaame
verseekeringe doet hebben
d' E: Alexander Wigmans en raad tot
Cochim
e"
NL-HaNA_1.04.02_1547_0249.xml,"112
Cochim hadden mij gesz:, en mijn overkomst
aldaar grootelijk verlangt, om wegens het
dessein van attinga, een besluijt en
aanvangh teneemen, wat antwoort ick
op haar E. s schrijvens (:raakende desaak
den ko: van Sammorijn bekent temaaken:)
toegepast heb, sullen mijn brieven dien aan„
„gaande genoegsaamentlijk: verthoonen, daar op
als nogh geen rescriptie bekomen hebben
om daarvan gesterckt weesende, mij op
rijs naar Cochim te konnen begeven, ten
eijnde 's Comp. s vervallene zaak op zuijder
mallabaar, en verdere in tusschen gevalle
verschillen met demallabaarse vorsten,
daar door des kragtiger te konnen uijt
„werken en affmaaken, 'tgunt ik in antw:
deses nogh verwagte, op dat alles mits uEE:
agtb: behouden overkomst bij gemaakt, en
in ruste gebraght werden souden, daar toe
ick mijn uijterste debvoir sal contribueeren,
op dat het tot uw EE: agtb: g'eerde p:r soon
groote loffen roem, strecken magh —
d'Engelschen zijn Eergisteren den ko: van
Cammorijn weesen begroeten, en sijn Ho: ts
gunst versogt om met de Jnlantse koopluijden
een goeden pper: verbont aan te gaan, ten
Eijnde haare drie aangekomen bodems van
Souratta op Calicoet, volgestuuwt wegh
gesonden soude werden, die na verkreegen
verguningen"
NL-HaNA_1.04.02_1547_0250.xml,"verguningen, in't bijweesen van d'aff gesanten,
alen
Cand
van sijn Ho. t een Contract van
tegens 22: moorsz: dukaaten jder beslooten,
hebben, dat haar mijns bedunkens dient
onttrocken te werden, en 't gerieff van dien
corl voor d' E: Comp: gehouden, dit doen de
men niet alleen dien vorst des temeer
aan d' E: Comp: verbinden zal, maar ook reden
geven, wijlhaar hert na groote winsten
de
jaagt, d'Engelsen aff te gaan, dat ter Contrar:
wanneer d' E: Comp: sulcx niet en quam
Effectueeren, die natie van de Zuijdsz:
vorsten mede gefavoriseert zullen werden,
om de wille van den Sammorijn dat
mij goet gedagt heeft uE: E: agtb: daar van
kennisse te geven; waarmede desen
besluijten, uw' EE: agtb: g'eerde P.r soon
mitsgaders 's Comp. s swaarwigtige bestier,
sampt waarde familie, in godes H: hoede
verbeeden hebben, verblijve; (:onderstont VE: E:
Agtb: Heer VEE: agtb: geringen Nedrigen
en verpligten dien=r (was geteekent:)
in Canarijnse Caracters Babba Porboe in
margine Ianarij den 22=en november
ao 1694.
Cochim
aan d' E: E: Heer Adriaan
van ommen Commandeur en opper„
„gesaghebber der Custe mallabaar
Sanara, en Wingurla, &a
Erntfeste
E:"
NL-HaNA_1.04.02_1547_0251.xml,"113
voorsz:, en seer genereuse
Heer
manhafte, Welwijse,
Agtbaare Heer
Jk hebbe Eergister morgen op antw:
van uE: E: agtb: g'Eerde missive,
d' dato 16. en Courant, zoodanig gesz:,
gel. derzelver Inhout zal
hebben verthoont, waar aan ick mij
beenneventelijk gedraagen, vermits
den alhier sijnden Engelsman
verschijden maalen versoek had laaten
doen, mij te willen koomen
besoecken, en ijts bijsonders net
mij te spreeken, en telkens met
gegeven Excuis affgeweesen, siende,
liet mij sister weder versoeken
wijl het anders niet wesen kan,
dat ick dogh Jmand die trouw is,
bij hem stuuren woude om mij
door hem 't gehijmenisse bekent te
maaken, waar op goet gevonden
heb, den bootschapper zijnde een
dienaar van mijn Sebastiaand' Costa
Aren
gen. t zelver derwaarts te Commit:
D: Erntfeste, aghtbaare,
die"
NL-HaNA_1.04.02_1547_0252.xml,"verkogt is,
die mij In't portugees geschrift een vol
brogt, daar in vereijschende de
vr
denaarvolgende Coopmansz: als: —
Elen
10. —
20. —
2:-
Nagelen. . . . . . . Cand=n 10. —
Nooten. . . . . .
Camphur. . . . . -„
Chiappanhout . „ 10. —
foelij. - . . . . - --„
slaaff Cooper. . . . „ 20. —
Witte areek. . . . . „ 80. —
Cocuspit. . . . . . „ 50. —
Benjewin. . . . „ 5. —
swarte d.o . . . . „ 40. —
Kawa. - - - . - „ 2. —
ngh
en een gedeelte pper: sonder de—
quantiteijt te specificeeren daarbij
voegende absonderlijk ijts mondelijk
met mijn tespreeken hadde, wien ick
ten antwoort heb laaten weten
de voorseijde Coopmansz: niet maghtigh
en was televeren, ook geen krans en
wiste hem Eerlange daarmede te
versorgen, aanmerkende dat 's Comp. s
negotie op Zuratta, daar door grootelijk
veragtert kan worden, gelijck het
wanneer haar specerijen op Cachim ten tijden van d' E: H: r Lobs gebeurt
is Ed Ho: Ed=le Heeren Van d' Indische
Reegeeringe over gedaane klagten
van
„"
NL-HaNA_1.04.02_1547_0253.xml,"114
van d' Ed=le H„r Directeur
en Raad tot Zouratta zeer
onvergenoegt was, dogh alsoo zij
voorneemens sijn soo mij geright
is doormiddelen van anderen
'tselve van Cochim off Cannanoor
te ontbieden, aghte noodig UW.
E: E: agtb: daar van advijs te
geven; In middens is mijn
versoek, uw E:E: agtb: mijn soon.
Nannoeporboe dewelke mijn
plaats tot mijn overkomst al„
„daar bekleedende te blijvt, in alles
de behulpsaamh. t tebewijsen, oock
gunstigh en verdraagsaam te
wesen, Int gunt aan hem mogt
komen te gebreeken; waar„
„mede desen besluijten, uw: EE:
agtb: g'Eerde P:rsoon in godes
veijlige Hoede verbeeden hebbende
(onderstont) E:
verblijve. —
-
agtb: Heer VE:E: agtbaare
r
Nedrigen en verpligten d. r
was geteekent in Canarijnsz:
Caracters, Babba Porboe—
Ter Zijden Pananij 25=en 9ber:
ao 1694: P: S: den 's Comp. s bijson„
vertte
„dere maghtige vrient den Sammor
heb ick van uwE:E: agtbaare
wegen vriendelijk doen groete
mits desen zelven van UW. EE:
agtb:"
NL-HaNA_1.04.02_1547_0254.xml,"AMendicx.
twoorenstaande formelier, gisteren voor de
middagh door een Cannarijn overland adresse
verleent hebbende, wierd mij 's avonts door
mijn gemagtigden van Calicoet, een ola
toegesonden waarbij boogt hebben een
neeff van den Engelsen Maakelaar
Werdeman Iongst van Zuratta aange„
„komen gen. t Rattangij met 15000. moorse
dukaaten naar Talicherij vertrocken was,
om de gem: specerije en andere Coopmansz:
hier vooren aangeweesen, mogelijk magtigh
te werden, en heeft bereets sood'ola luijt
Elen
- - - . . . Cand. s staav Cooper Ingekoght ver„
„wagtende de specerijen als andere oock
terlangen, mits 'tselve thans op suratta
seer getrocken is, zulcx dat mij gaer
dunckt de waardigh. t der whaaren in
desen mede te voegen, om alsoo uw EE
agtb: van alles kondsz: te doen, namentlijk
1. mao: nagelen van 34. lb: kost aldaar 133:
zee
agtb: komsie verwittigt weesen:
mij na de zeekerh. t liet vragen
wien uwE: E: agtb: mijns be„
„dunckens dient tebeschrijven.
Ro/a
-"
NL-HaNA_1.04.02_1547_0255.xml,"115
No/a, ook wel 140. maar tegens 135. gereek. t,
â 3¼. lba: p:r Jder moorse dukaate komt
dukaaten 41 12/3. / nu 24. lb: kost hier bij
e
d' E Comp: 20: pagooden, een moo. tot
souratta hout 34: lb: tegens 20. pagooden
gereekent, komt voor 34: lb: soo alhier
verkogt wert 28 /3. pagood uE E: agtb:
believe hier uijt aff te meeten, wat
winsten sij al op dit soo wel als op
alle andere Coopmansz: niet en behaalen;
ook wat schaade sij aan d' E Comp: toe„
„brengen kan, wanneerse door uijdigh. t
voor minder prijs moght komen te ver„
„koopen, als d' E: Comp:e aldaar ter plaatse
selvs doet, uijt welken Jnsigte den
Ho: Ed=len h=re Commiss. s gener. l (L: m:)
Expresseli=jk verboden heeft, geen spece„
„rijen off andere Coopmans whaaren aan
niemand tot Cananoor temogen verkoopen,
'tselve heeft d' Ho: Ed=le agtb: heeren
de hooge Regeeringe in Jndia tot Batavia
mede gelast, off voor de prijs dat d' E:
Comp: 'top Zuratta verkoopt te mogen
omsetten, dogh niet als die hier aan de
maakelaars off Contractanten affstaande
zijn; op dat dan uw E: E: agtb: weten
meugt"
NL-HaNA_1.04.02_1547_0256.xml,"meugt hoedanigh ick volgens mijn schuldige
pligt; voor 's Comp. s welwesen betragt„
hebbe naar mijn geringh verstant noodigh
g'oordeelt, uw: E: agtb: dien aangaande
bekent te maaken, ten Eijnde uW: E: E:
„soodanigh.
agtb: van alles gerigt wesende „ dien aan„
gaande, believen t' ordonneeren, als uw: E:
agtb: sullen bevinden te behooren, niet
twijffelende off uw: E: E: agtb: sal mijn
stoutigh. t ten besten believen te beduijden;
waarmede desen noghmaal besluijten,
s
uw: E: E: agtb: g'Eerde P:r soon, mitsgad. s
uw: E: E: agtb: lieve familie in Godes —
veijlige hoede verbeden hebbende, verblijve. —
(:onderstont:) E: agtb: Heer, VE:E: agtb:
nederigen, en verpligten dienaar, was
(:geteekent:) in Canarijnse Caraciers Babba
Porboe (ter zijden) Panang den 27.:' 9ber:
anno 1694. —
Sananij.
aan 's Comp:s voornaamen
Coopman Babba Porboe. —
Goeden vrund. —
uE:"
NL-HaNA_1.04.02_1547_0257.xml,"116
uE: twee aangenaame brieven gedat. t
22. en en 25. ' met een appendicx van den
27.:en Courant heb ick wel ontvangen
ende gaarne daar uijt verstaan de bestel„
„linge van mijn schrijvens 16. en bevoorens
gedaghteekent, bedanckende uE: bij
desen vriendelijk voor uE: genegen
geluck wenschinge in mijn nieuw aan„
„gevaart Commandement
Deherhaalinge van uE: klagten wegens aan„
„gedaan ongelijck tot Naga en Iaffanap:
en verkoopen
In't aanslaan ^ van uE: vaartuijgen, en
goederen, daar van gelieve uE: verseekert
te sijn, dat ick niet nalaaten sal, te
betraghten dat uE: volkomen Contantem. t
gedaan werd, gelijk ook niet te twijffelen
is, off haar hoog Ed:le agtb: toe Batavia
sullen het selve mede soodanigh komen
te ordonneeren, dierhalven versoeke ick dat
uE: sigh daaromtrent gelieve gerust
tehouden, ende Jmmers door d'opgevatte
moeijelijkheijt van die zaake van soo
een kleijn principaal niet wie laaten
ophouden, ende langer vertragen herw:s op
te komen, om over veele wigtiger besonjes
soo wel betreffende den handel, als de
verschillen tusschen d' E: Comp: de Coninginne
van attinga, en eenige andere zuijder
Vorsten"
NL-HaNA_1.04.02_1547_0258.xml,"vorsten mondelijk raatspleeginge gehouden
hebbende met den anderen een heijlsaam
besluijt te neemen, dies uE: onfeijlbaar
soo draamogelijk zal blijven te gemoet
sien alsoo de zaaken geen langer uijtstel
konnen leijden en dierhalven wel wensche—
dat uE: hem positive gelieve te verklaaren
off genegen zijt tekomen, off niet te konnen
komen om agtervolgens de ordres en Jntent
van haar Ho: Ed:le agtb: tot Batavia die
de zaaken door uE: mede hulpe Expresseljk
begeeren gedirigeert te hebben, ten Eersten
bij derhand gevath ende uijtgevoert te konnen
werden, ende bij aldien uE: komste langer
mogte komen te vertragen wij als de genoots:
zullen weesen, daarmede voort tevaaren
op dat d'E: Comp: geen agterstal zoude—
mogen leijden, sonder dat evenwel nodigh
weesen zal dat uE: eenige troupen ofte
krijpers van den Sammorijn mede affbrenge
soodanigh uE: dat bevoorens aan den raad
voorgestelt hebt, ende nu in zijn brieff
nader vermaan van komt te doen, dogh
soo er eenige redenen waaren, die mij
onbekent zijn, waar door uE: van de
herwaarts komste wierde gediverteert
ofte affgehouden, soo betuijge ick bij desen
in mijn qualiteijt als Commandeur repre„
„senteerende de oppermagt te deser kuste
mallabaar, en op 't vertrouwen van mijn
woord"
NL-HaNA_1.04.02_1547_0259.xml,"117
woord, dat uE: alhier zijnde geen de minste
wederwaardigheden, ofte affronten staan
te gemoeten, ofte over te komen, maar in tegend:t
alle Eere respect, en aansien te geschieden,
ende aangedaan zullen werden, zonder
eenige kreuke in zelvder voegen, en even
gelijk dat geweest is, ten tijde, en bij het
aanweesen alhier van den Ho: Ed=len Heere
Commiss s. Hendrick Adriaan van
Reede tot draakesteijn Heere van
mijdregt &a (:L: M:) en naderhant bij
wijlen den E H:r Command.:r I:s van dielen
zal. r, gecontinu:t geworden, daar op uE:
hem vrijlijck magh verlaaten, gelijk toe een
teeken en bewijs van mijne genegenth. t
bij desen uE: toe teschicken een flesch
met goede thee, die ick wil verhoopen
dat bij UE: daar voor zal aangenoomen,
ende met gesontheijt gebruijkt werden.
Jndien den pper niet alceduir zoude wesen
2lo
voor d' E: Comp:e tot 22: dukaaten 't Cand. o
&e
aanteneemen, soo zouden wij met den
zelven te negotieeren, den Sammorijn
gaarne dat genoegen geven, maar
zulcx niet zijnde soo moeten wij dan
daar van affsien; Jnmiddens dat ons
aangenaam is geweest teleesen, uE.
Consideratien wegens de prijsen en vertier
der"
NL-HaNA_1.04.02_1547_0260.xml,"der Coopmansz: in Zouratta als het aff„
wijsen van den Engelsman die bij UE.
aansoek gedaan hadde, om parthij Coopman„
„schappen, want zulcx gelijk uE: seer
wel hebt begreepen, met 't jntrest van
d' E: Comp:e niet kan overeen komen,
waarmede uE: gode bevoolen, ende
hertelijk gegroet hebbende verblijve —
(:onderstont:) Uwen goeden vrund (:was
geteekent Adriaan van Ommen, in
margine Cochim ult. o 9ber: a. o 1694. —
Cochim
aan d' E: E: H„r Adriaan
van Ommen Command=r
en opperbevelhebber der Custe
van mallabaar, Canara, en
Wingurla &a
E: Agtbaare Gebiedende Heer
E: Erntfeste, achtbaare,
manhafte, welwijse,
voorsz:, en seer genereuse
Heer
mara gesteert"
NL-HaNA_1.04.02_1547_0261.xml,"118
sier avont sond mij den ko: van Sammorijn
uw. E: E: agtb: ola aan zijn Ho. t gesz—
onderhanden van een Ragiadoor Babla bog
barda podoeval wal gen. t, nevens een geleijd olatje, op
dat ick uE: E: agtb: van sijnent wegen
b'antwoorden souden, ten welken Eijnde
sijn Ho. t een schoon ola met sijn naam
onderteekent, mij ook heeft doen toekomen,
en sijn meeninge laaten weeten, gelijck
„aam
derzelver Jnhout verthoonen sal, daar „ k
mij gaarne gedrage; vermits zijn Ho. t goet
gevonden heeft, desselvs Ragiadoor Expresse„
„lijck met d'ola derwaarts te Committeeren,
om uw E: E: agtb: g'Eerde persoon te besoeken
derhalve gelieve uE E: agtb: door denselven
zoodanigen bescheijd en rescriptie aan zijn
Ho.: t toetesenden, als uw EE: agtb: goet
vinden zullen te behooren; en sooder hier
Js van uW E: E: agtb: dienst mogt wesen,
gelieve mij te Commandeeren, kosal tragten
na vermogen na tekomen; waarmede desen
Eijndigende, den Hemel bidden uwEE:
agtb: in gesontheijt believe tespaaren,
onderwijle blijve naar Eerbiedige groete;
(:onderstont:) E: agtb: Heer, VEE: agtb:
geringen en Nedrigen dienaar (was
geteekent in Canarijnse Caracters, Babba
Porboe, in margine Pananij ulto 9b: ao 1694:
P: S:
an„
van
ruw"
NL-HaNA_1.04.02_1547_0262.xml,"P: S: alles wat ik volgens mijn geringe ver„
„stant dogte den dienst der E: Comp: te
vereijschen, hebbe ick uw: E: E: agtb: bekent
gemaakt, nu heb ick verstaan, dat d'engelse
en de benjaans van Souratta een groot
getal kisten kooper en andere specerije
van Cananoor bekomen heeft d'advijsen
sijnde op Calicoet van d'Engelsen als —
benjaans 11: scheepen in't geheel
ten
kostende aldaar jder Candijl pper: 23: duk:
Tananij —
aan 's Comps voornaamen
Coopman Babba Porboe.
UE: aangenaamen brieff van ult. o pass:o
eenelijk ten geleijde van des ko: sammorijns
affgesant, met sijn Ho.: ts ola gesz: heb ick
wel ontvangen, en gaat als nu gemelte
Ragiadoor naar gedaane ontmoetinge, en
gehouden tsamen spraaken weder terugh,
mede neemende een tweede ola, in rescriptie
voor den sammorijn, welke uE: believe
selvs aan zijn Bo. t te overhandigen/ en volg:s
Goeden Vrund-.
den"
NL-HaNA_1.04.02_1547_0263.xml,"119
den Jnhoude derzelve, en ons gedaan versoek
verder te betragten, dat de twee Ragiadoors„
van zijn Ho. t hoe Eerder hoe liever herw.:ts
t
moghten affkomen, om de zaaken, betreffen:d
de Coninginne van atingen gesaamentlijk:
te helpen uijtvoeren, alsoo uE: bij denu
overgaande ola sal te vooren komen, d'aanbie„
„dinge die d'atingse Vorstinne gedaan
heeft, om de questie met d'E: Comp: in
derminne aff temaken, off te bij teleggen,
dierhalven ook te wenschen is, dat uE: konde
resolveeren, sigh in P.:r soon ingeselschap van
voorn. Ragiadoors herwaarts tevervoegen,
om ons met UW.E: goeden raad, ten dienste
der E: Comp:e t'adsisteeren, want ick op 't poinct
staa, om ten dien Eijnde mij na de Zuijd te
transporteeren; waarmede besluijtende, na
hertelijk groete verblijve, (:onderstont:) uE: goeden
vrund, (:was geteekent:) Adriaan van
en
ommen, (:in margine:) Cochim den 6=en
xber: a. o 1694.
aan d' E: E: H„r Adriaan
van ommen Commandeur
en opperbevelhebber der Custe
van mallabaar, Canara en
Wingurla &a
Cochim
E: Erntfeste, agtbaare, man„
„hafte, welwijse, voorsz: en seer
genereuse Heer
E: agtb:"
NL-HaNA_1.04.02_1547_0264.xml,"E: Agtb: Gebiedende Heer
mijn heeft niet omstandigh gescheenen, mits
de hiernevensgaande briev van den koopman
Babba Porboe in antwoort op uEE: agtb:
g'Eerde missive van ult. o pass.o gesz: desen
mijne geringe letteren daar bij tevoegen, en
uEE: agtb: bekent temaaken, dat den gem:
sedert den ko: van Sammorijn, hem uEE:
agtb: ola aan zijn Ho. t gesz: van tiroenawaij
(:alwaar zijn Ho. t thans hovhout, om eenige
Ceremonien teselebreeren toegesonden had:)—
grootelijk gewanckelt heeft, ook quaade
vermoeden van sijn selven gehad, waar door
Bij mijn veel dingen verhaalt heeft, 'tgunt
hij daar overgevoelden, dat na het ontvangen
van uw E: E: agtb: boven gem:e schrijvens —
gestilt en bedaart is, Jnvoegen dat hij alth.
betergemoet, tevreediger en geruster is, gelijk
sijn nevens gaande briev zulcx genogsamentlijk
betuijgen sal, dogh dat hij hem inpostuur
setten zal, om den wegh naar Cochim bij
derhand te neemen, kan ick sulcx swaareljk
gelooven, mitsdien denzelven gaarne eenig
troupen van des sammorijns krijgsknegten,
vs
soude willen overbrengen, dat mijns bedunk:
en geringen oordeels mits de feest van
mammanga soo na bij is, niet en sal konnen
th
geschieden, off gevoegt werden; off het nogth:t
gebeurde"
NL-HaNA_1.04.02_1547_0265.xml,"120
gebeurde dat op uw EE: agtb: begeerte sigh
op rijs naar Cochim begav, soo versoeke van uw'
EE: agtb: te mogen weeten, off het uw E. E.
agtb: believen zal, dat ick aghtervolgens de
ordres van d' E: Wigmans en raad, op desselvs
versoek mede in Comp. moet overkomen, om mij
daarna terighten van penne, ppier, en lack
ben ick ten hoogsten benodigt, om telkens
voor den Coopman Babba teschrijven, als om
alle andere voorval dierr mogt geschieden,
aan uw. EE: agtb: bekent te maaken;
hiermede desen in uw EE: agtb: welnemen
besluijtende, uw' EE: agtb: g'Eerde p. rsoon
naar toewenschinge van een langduirige gesonth. t
in godes divine protexie verbeden hebbende,
verblijve (:onderstont:) E: agtb: gebiedende H„r,
VE: E: agtb: ootmoedigen, onderdanigen,
Nedrigen, en verpligten dienaar (:was get. t)
Cornelis van Meekeren (:in margine: Cochim
den 6. ' xber. ao 1694. P: S: mij is geright
dat den Coopman Babba een gedeelte pper:
naar Calicoet gesonden hadde, Contrarie 'tgunt
hij segt volck tehebben affgesonden, om dien
Corl aldaar in tekoopen, off hij die nu voor eijgen
negotie, dan off hij met de Banjaans daer
mede tehandelen 'tselve versonden, blijvt mijn
zulcx onbekent, Egter goet gevonden
uEE: agtb: daar kondsz: van tegeven,
verhoopende dat het mijn niet qualijck affgenoomen
sal werden
Cochim
d"
NL-HaNA_1.04.02_1547_0266.xml,"Cochim
aan d' E: E: Heer adriaan
r
van ommen Commandr
en opperbevelhebber der custe
mallabaar, Canara en Win„
gurla &a.
: Erntfeste, agtb:, manhafte,
welwijse, voorsz: en seer
genereuse Heer
E: agtb: gebiedende Heer
uw E E: agtb: seer aangenaame en g'aghte
missive van ult. o pass. o is mij den 3. en deser
met liev en aangenaamh. t wel toegebraght,
nevens een flesje thee, daar voor ick uw'
E: E: agtb: ten hoogsten dankbaar blijve, en
sal deselve op uw' EE: agtb: gesontheijt
genuttigen, als affkomende van uw' EE:
agtb: goede genegenth. t, en na ick uw EE:
agtb: verders bedankt hebbende voor d'aange„
„booden en beloovde werckstellinge, tot
Erlanginge der schaade mijnwaarts tot Naga„
en Iaffanap: toegebragt sal ick mij dien aan
gaande gerust stellen en verseekert houden,
dat de dingen naar tijts gelegentheijt door
uw' EE: agtb: gunst ten besten sal schicken
waarop"
NL-HaNA_1.04.02_1547_0267.xml,"121
waarop ick mij ook verlaaten, niet twijffelende
off haar Ho: Ed=le agtb: sal zulcx soodanigh
mede ordonneeren, aan wien ick en voor 's Comp. s
welweesen ten hoogsten verpligt ben
daar is thans geen reeden nogh motieff, dat mij
wederhouden kan om op Cochim niet te komen,
en schoon icker eenige gevonden hadde, uw'
EE: agtb: hoog g'Eerde missive heeft 'tselve
uijt mijne gedagten geset; het zal uw EE:
agtb: niet onbekent sijn hoe ick mij in
verschijde ongemack begeven heb, ook leven
en goet gewaagt, op dat des E Comp. s grooten
naam en faam verheerlijkt, en eer genieten
zouden, ist dat met het verdoen van mijn
geringe persoon, die haar E: soolange Iaaren
gedient heeft, eenige deminste eer off
voordeel staat toegebragt tewerden, ick
soude mij daar gaarne toeonderworpen
ende onder haar agtb: maght begeven
hebben, om soodanigh over mij te ordonneeren
als haaren E: bevinden sullen te behooren;
maar geen van dese reden heeft in mij plaats
gehad, waar door ick soolange vercraaght
heb, om op te koomen, dogh op dat uw EE:
lerte
agtb: weeten meugt d'oorsaake waarom:
ick hier soo lange verbleven ben, aghte met
omstandige 'tselve in desen uijt te drucken,
des zegge;
Het gedoente van den Coninginne van atinga
betreft"
NL-HaNA_1.04.02_1547_0268.xml,"betreft den Coningh van Sammorijn soo wel
als d' E Comp: gelijk ten dien Eijnde zijn Ho. t
en d'E Comp: saamenderhand een begin met
dit werck genoomen hebbende, sijn hoogheijt
steets aanbiedinge doet, om haar E: in dat Expoic
te willen dienen en helpen, bevorderen, wann:
ick van hier vertreck, off tot rijse bereijde, soo
moet ick voor al mijn affscheijt van hem
neemen, als wanneer hij ten ontwijffel ont. t
mijn ondersoek doen zal waarom dat ick ver„
„rijse, sulcx dat ick als dan genootsaakt zijn
hem daar reden van tegeven, nu sonder hem
daarinne tErkenne ende sijn aangebooden
behulpsaamh. t te versoeken, volgt dat hij hem
sulcx aantrecken sal, mijn voorgenoomen
rijs te konnen vervorderen, des is mijn be„
„geerte eenelijk dat hem dien aangaande magh
werden overgeschreven, en om sijne hulpe versogt,
alleenelijk om hem dat vergenoegen te geven,
jst dat hij hem daar omtrent laat vinden
off niet soo blijve hij Egter verpligt ons daar
tie
voor EErkennen, en olas van recommand=r
aan die van Calicoilang en andere sijne zuijd
gesinde die wij toe dit werck van nooden
hebben, teschrijven, andersints alwierd ick
niet opgehouden, soo kont gebeuren dat hij
den Calicoilander met de minste ola van
sijn voorneemen quam te diverteeren, off
„wij
schoon „ den Calicoilander om dieshalven, off
om sijn bijslant weijnigh gelegen liet, en
verwerpt"
NL-HaNA_1.04.02_1547_0269.xml,"122
verwerpt, soo kan hij ons in den handel aldaar
soo veel ondersteek doen datter een hoope —
pper: herwaarts gevoert sal konnen werden,
gelijck zijn onderzaaten hem om gunst
versogt hadden, ten Eijnde sijn een gedeelte
Is
van dien Corl mogen verwerven, en herw=ts
„meer
brengen, mits Conditie 2. â 3. dukaaten tot
thol te willen betaalen, 'tgunt door mijn
gestut weesende als dan zijn gevolgh sal
neemen, mits hem soo veel meer tot jonkhan
aangebooden is, daar door tusschen hem en
d'E: Comp:e reeden van vijand sal veroorsaaken,
dat de reden is van mijn verblijv, en begeere
dat hem dien aangaande bekent gemaakt
werden, om alsoo alle onheijl teschouwen,
behoudens alle 'tvoorenstaande soo uw EE:
agtb: believe sal, dien aangaande anders
t'ordonneeren, ick sal mijn berijdwilligh
vinden laaten, om uw EE: agtb: begeerte
en nader ordre na te komen; jnmiddens
agten nodigh hier nog bij tevoegen, dewijl
uw EE: agtb: aan hem overgeschreven hebt
brieven en teeken van haar Ho: Ed:le agtb:
genegenth. t mede te hebben gebragt, om
aan hem te overhandigen, soo zalt mijn be„
„dunkens nodigh zijn dat hem het selve
wierde toegesonden, off dat uw' EE: agtb:
is't mogelijk persooneel een keer herwaarts
woude doen, om hem die te jnhandigen
'twelk
poict
wann
soo
en"
NL-HaNA_1.04.02_1547_0270.xml,"'twelk doende een groote affschrick in de
herten van eenige der zuijder vorsten sal
veroorsaaken, wanneerse zullen hooren dat
uw EE: agtb: met den sammorijn eens
gesint zij, andersints om die reedenhij
stoffe soeken sal, als wanneer hem het
dessein van de zuijd niet wierde verwittigt,
om sigh tot misnoegenth. t te begeven, wes
hem bereets bekent is dat den ko: van
Cochim, het zijnige ontvangen heeft, hadde
hij konnen affkomen soo soude ick hem
mede naar Cranganoor hebben overgebragt
maar ten kan voor present niet geschieden;
alsoo hij eenige Cermonien moet Celebreeren
en de feest van Mammanga daarna kort
op staat tevolgen
du
dat de sper: teduir is om die voor d' E: Comp=e
tegens 22: dukaaten in te koopen bekenne
de waarheijt tewesen, dogh geve mits desen
reden waarom mij goet dogt, dat dien Corl
alhier behoort tewerden Ingekogt, den
Jnkoop van dien Corl door d'Engelse en
banjaanen duirt niet langer als twee maand:
en wanneer w' tegen soo hoogen prijs in die
tijd tselve Jnkoopt, soo beletten w' haar
niet alleen het toevoer, maar in de andere
thien maanden sullen w' die voor minder
„men.
prijs maghtig werden, daar door „ niet alleen
den"
NL-HaNA_1.04.02_1547_0271.xml,"123
den markt vermeestert, en konnen ook op dien
voer soodanigh in souratta en Persia omsetten
als w' selvs begeeren, jntusschen sal 's Comp=s
koopmansz: groote vertier hebben, en wat voord. e
daar bij te behaalen sal weesen geve ick
uw EE: agtb: te bedenken ende te oordeelen;
op dat d'Engelsen affbreuk geschieden
soude hebbe hier 150: Cand:len pper: Ingekogt
hoet:
tegen 17. „ dukaten waar door hij genootsaakt
gen: Engelsen over eergisteren van hier te
vertrecken, bij aldien uw' EE: agtb: goet
duncken sal om soodanigh een Contract
alhier aan tegaan, gelieve mij telaaten
weten, op dat ick als dan mijn uijterste
debvoir moge Contribueeren; wanneer
uw' EE: agtb: sal werden beweesen off
ick volgens mijn geringen verstant, traght
voor het wel weesen van d' E: Comp: te ver„
„sorgen off niet
Gister heb ick volk naar Calicoet gesonden
met Expresse last sooveel pper: in te koopen
alher tebekomen sal weesen, ook mijn
soon Nannoe bevoolen sooveel pper: als er
op Calicoilan (:dewijl het nu inde tijd is:)
te bemagtigen is temoeten sien in te krijsen,
tenwelken Eijnde hem ook met eenige —
Comptanten is verstreckt, uw EE: agtb: gelieve
mede niet na telaaten om hem de mogelijke
behulpsaamh. t
leen"
NL-HaNA_1.04.02_1547_0272.xml,"behulpsaamh. t te bewijsen, op dat dien Corl in
geen vreemde handen en koomen; hiermede
dese besluijten, uw EE: agtb: g'eerde—
&
P. r soon in godes vijlige hoede verbeden hebben
verblijve, (:onderstont:) E: agtb: heer VE: E: agtb:
„ en geringen
gantsch nedrigen „ dienaar (was geteekent
in Canarijnse Caracters:) Babba Gorboe, in
margine Pananij 6=en xber: a. o 1694 —
NB: hier nevens gaat een monstertje van
desen pper: mijn soon Nannoe zal uw EE:
agtb: eenig nieuws dien ick aan hem gesz:
heb uw EE: agtb: daar Communicatie van
geven
Accordeeren
Cochim ady:e xber 1694.
Ma
er"
NL-HaNA_1.04.02_1547_0273.xml,"mede
hebben.
ebben
van
EE:
van
17"
NL-HaNA_1.04.02_1547_0274.xml,"O
N„
„
4."
NL-HaNA_1.04.02_1547_0275.xml,"124
'tsal uho„s al bekend geworden zijn hoe dat ik —
van batavia alhier inde stadt van Cochimben
aangekomen, volgens mijn voorgaande schrifte„
„lijkke bekendmaacking, ik ben volvaardig een
goede Correspondentie met UHo„ Lo betragten
weegens de vruntsz: die daar is tusschen u ho=s rijck
end' E: Comp:s, met mijn komst alhier heb ik
een brieff, van haar hoog Ed=lens tot batavia mede
gebragt, om aan uho„r t' overhandigen tot bewijs
van haar Ed=le genegenth„t nu woensch ik dat Uho„
een goede occagie believe te verkiesen om ten
eersten doenljk eens persoonlijk op Cranganoor
t' Comen op dat Ik uho„t mag ontmoeten en het
voorsz: geschenk nevens de brieff overhandigen
en Wijders spreecken vande noodige saacken,
en dewijl Ik mij verseeckert houde uho„
hier in niet nalaatig sal zijn blijff ik
met verlange 't antwoort op deesen te gemoet
siende, godt bewaare uhoogh„t &=a
Translaat ola, door den
E: Heer, Commandeur Adriaan
van ommen, aan den Coning
Sammorijn gesz: den 24=en
9ber: a„o 1694—
Translaat
E"
NL-HaNA_1.04.02_1547_0276.xml,"Translaat ola door den
Coning Sammorijn
Aan d'E: Heer Commandr.
geschreeven, ontfangen
den 4=en xber: A„o 1694 —
UE: ola hebbe ontfangen, ende den Inhouden
verstaan, het heeft ons seer gesmert, dat den
voorigen Command„r. overleeden weesende, nogh
geen ander in desselfs plaats was gecomen, doch
nu bij ola gebleecken wesende, uE: behoude
Aanlandinge tot Cochim, ben daer over seer
verheugt geworden, Ick ook groote genegenth„t
om uE: t'ontmoeten, soo tot verversing vande
geheugenisse vand' Vruntschap van outs tusschen
d'E: Comp„e en ons Rijck opgerigt, als om
aan te thoonen hoe deselve Iongst door, den hoogh
Ed=le Heer Commissaris, en den H=r Comman¬
„deur, is vernieuwt, en wat wij gesamerhand
hebben uijtgevoert, maar de gelegentheijt
en presenteert thans daar niet toe, alsoo
ik op Tirnawaij gecomen wesende, Reets
een aanvank hebbe gemaakt met eenige
Sermonien, en godsehensten, deselve—
g'eijndigt
C"
NL-HaNA_1.04.02_1547_0277.xml,"125
g'eijndigt zijnde, sal het feeft van de mama„
„gam ophandt comen schieten, voor het cesebree„
„ren vandien sal ik niet op Cranganoor konnen
komen, maar ik zoude nog gaarn binnen dien
tijt uE: willen ontmoeten om over verscheijde em„
„portante Zaacken te spreecken, wanneer
UE: dese zaacken wel komt t'overweegen
heb ik dat vertrouwen, dat UE: resolveeren
sal omselfs eens op Pananij te Comen, om
mij t'ontmoeten, en alsoo wij g'oordeelt hebben
geen respect zoude weesen, dat wij maar
ame
een ola weeder simpelijk schreeven in Antwoort
vand' UE:, hebben goet gevonden een onser
bedienden genaamt Mitelebittil Barada,
hier nevens tot UE: tesonden, wij sullen
noijt mancqueeren een opregte onderhouding
van vrundschap althoos met d'E: Comp:e te
betragten, dat haar Ed=le, ook 'tselve meede
ontrent ons komt te behertigen, ik verwagt
dan den brenger deses met Antwoort ten
Eersten weder te Rugh
na
Nuw
Antw: op voorsz: ola gesz:
datum 6=en xber a„o 1694,
uhoogh=ts ola hebbe ontfangen, endeselve
met"
NL-HaNA_1.04.02_1547_0278.xml,"met groot genoegen gelesen, behelsende insig
soodanige betuijgingen weegens d' conservatien
vand' onderlinge vruntschap, als men soude
mogen desideteren, hebbende ook noijt andere
verwagtinge gehadt, en om door uijtterlijcke
pligt pleeging sulcx reciprocque nader te versclet„
„keren, end' vruntschap meer ende meer te
doen aanwasschen, is mijn tragten geweest
U hoogh„t op Cranganoor te moogen ont„
„moeten, maar hebbe tot groot leetweesen
verstaan dat u hoogh:t noch voor Eerst niet op
Cranganoor soude Connen komen, en derhalven
gaarn sagh dat jk op Panani quam, waar
toe ten eenemaal genegen ben, maarden
dienst vand' E: Comp:s kan sulcx gants niet
lijden mits de groote occupatien, ontrent het
versorgen en bestellen van soo veele Emportant
saacken die in geenen deele konnen verschooven
werden sonder groote veragteringh, derhalven
sal d'ontmoeting moeten uijtgest blijven
tot dat uhoogh:t met d'onderhanden hebbende
Ceremonien en het feest van Mamangam
sal gedaan hebben, ondertusschen dat wij
hier bijvougen onse dankzegginge, voor de
bethoond"
NL-HaNA_1.04.02_1547_0279.xml,"126
bethoonde genegentht, soo Voorts dien
deesen om uhoogh„t bekent te maacken
dat w' op onse aankomste alhier d' vorstinne
van Aringen hebbendoen Insinueeren over
de menigvuldige onreedelijcke proceduuren
linne
successivelijk ontrent d' E: Comp:e g'committeert
ende sweegen satisfactie gevordert (waar onder
meede begreepen is, den aangehaalden Eliph„t
voor u hooght„ geprojecteert) en haar hoogh„t„
daar op aanbiedinge gedaan hebbende om
volkomen genogdoening tegeven, beslooten
hebben mij in persoon naar de Zuijt te
begeven om alles in der minne met die
Vorstinne te accommodeeren aangesien
uhoogh:t in een seer nauwe verbintenisse
Zijt met d' E: Comp:e en ontrent die saak
bijsonder g'intresseert, met versoek dat
uhoogh„t twee voorname vertrouwelingen
van gerequireerde Capaciteijt herwaarts belie„
„ve te senden om de saacken bij te woonen, en
deselve te helpen bevorderen, wanneer niet
twijffelen aan een goet Succes tot algemeen
genoegen, ten selven Eijnde blijven wij den
Compe"
NL-HaNA_1.04.02_1547_0280.xml,"Compe. Voornamen Koopman Babbapor¬
1v0re volgens ons schrijvens met verlangen
mede tegemoet siende, uhoogh„t believe de
voorn: gesanten ten alderspoedigsten aff te
senden, alsoo den tijt in alle onderneemingen
het lostelijckste is, En ik op het plouen
staa van mijn vertrek,
Minuit Oladoor
d'E Heer Commandeur
Adriaan van ommon
aan den Coning Sammo¬
„rijn gesz: den 22en xber 169
Coninck van Cochim te
Ins is vanden
vooren gekomen, dat In's lantschap Cawoela„
„paar seecker namboerie was woonende—
genaamt, Kirangattoe, ten wiens versoecke
de schutsmannen soo van 'T Sammorijnse
rijck, als van 'T Cochimse, tot maintenue
van zijn regt uijtgetrocken wesende, waren
deselve gequetst geworden, en daar onder een
van u hoogh=ts naijro gesneuvelt, het
welk u hoogh„t nu sogt te revengueeren,
maar"
NL-HaNA_1.04.02_1547_0281.xml,"127
maar dat gedeelte welke bezuijden het ge„
„meene pad, leijt sorteerde onder Chioderecour,
alwaar d' afgesondene van uhoogh„t hun niet
ontsaagen alle bedenckelijcke hostiliteijten
tepleegen, op d' vernieuwing vand'onderlinge
vruntschap ten aanwesen van den Hoog Ed=le
heer Commissaris is Immers goedgevonden,
end' verstaen, dat de nog swevende geschillen
tusschen de voorn: beijde rijcken, door toedoen,
twee
ende bvoiren vand' E: Comp:e souden g'accom„
„modeert werden, en wanneer sulcx werd overtree„
„den, end'onderhoorige van't Cochumserijk
werden g'Jnvadeert, sal het voorden Conink
van Cochim onverdraagelijk weesen, ik den
verseeckert dat met kennisse van uhoogh„t
sulcx niet sal geschieden, uho„r believe dan
nae dit gedoente te laaten verneemen, en het
nae vereijsch te redresseeren, tot Confervatie
van d'onderlinge vrundtschap,
Accordeeren
on
M
Hooon
AClerk"
NL-HaNA_1.04.02_1547_0282.xml,N„1.
NL-HaNA_1.04.02_1547_0283.xml,"128
Extract uijt een briev door de
P:r gesaghebbers Hendrik Vocke„
Haart, en matthijs Toph tot Coijlan
aan den Coopman en P:l gesaghebber
dE Alexander Wighmans en Raat
tot Cochim geschreven, onder dato
30:en aug:o A:o 1694. —
En dienende dese nu Eenelijk om uEE: op 'tspoe„
„digste te adviseeren, hoe wij soo even schrijven
ontfangen van tengapatnam door den resident
Joan bartelsz gesz:, hoe 's Comp:s logie daar
berooft is, en hij mede selve g'apprendeert, gelijk
uEE. bij de varens gaarnee Copia zijnder
letteren, die hier nevens overgaan, zult beoogen,
de bodes die med de briev hier overgekomen
zijn, zijnde een lascorijn der logie die eerst
voor afgesonden was sonder schrijvens, nader„
hand door twee noelias gevolght med de brieff
en zoo tsaamen hier gekomen, weten ons teseggen
datse een ragiadoor van kellorma daarbij
gesien hadde, genaamt Nillechaar, ragiadoor,
een vande princepaalste gunstelinghe van
_o
_=o"
NL-HaNA_1.04.02_1547_0284.xml,"D„o konink, en dat 't packhuijs al opgebrooken
ende goederen uijtgedraagen, achter delogie Jn
een kleijn hoff van D„o konink geborgen wierde,
en dewijle d„o resident als gevangen daar gehoude
wort, sullen nu niets hem konnen ordonneeren
dan zullen Inmiddens van uE E. afwaghten
wat uE. E. gelieve te beveelen, en onderwijle hem
traghten te adsisteeren, en sullen aan kelorma
bij ola bekent maaken en klaghen over t' ongelijk,
als meede tot Coijlan desima aan de ragiadoors
die daar zijn, maar de meeste swarigheijt
die wij hebben is over uEdE:s Inportante papieren
voor batavia, Ceijlon, en chormandel, saterdag
van hier en gisteren morgen van ansjenga
na tengapatnam overgegaan, waar van nogh
geen tijdingh hebben
S„r Hendrick Voekestaart
dese wijnige dienen eenelijck om uE. onse
desolaten stant bekent te maaken, heden tegens
den avond voorgevallen zijnde van 's conincx
naijros omtrent 50. man, nevens 2. ragiadoors
van Coijlan hier gecomen, en mij versoght tespreeken
en"
NL-HaNA_1.04.02_1547_0285.xml,"129
In onse buijten poort, als waar daar komende
wierd g'apprehendeert, en aanstonts vielen
de naijros Indelogie, sloegen kisten, kassen,
Comptoiren alles aanstucken en maakten
alles tot buijt watse vonden, als In delogie
gedaan hadde, sloegen het packhuijs open
en berooffden dat mede, zij hebben mij niet
een koopere basaroek gelaaten, geen hoet
nog slaapgoet, nog its van huijsmebulen,
het geen haar niet aanstont broecken zij stucken,
het swaarste goet leijt nogh in het packhuijs
waarse wagt bij houden, en ons ook bewaaken
Jaselvs de montkost niet gelaaten, weshalven
van desen avond med ons geheele familje hebbe
moeten vasten, morgen sal ik goede Luijden
moeten aanspreeken, soo se te vinden zijn, gelieft
ons telaten weten wat ons best te doen staat,
want hier valt tegenwoordigh niet voor ons
te doen, ik heb geen redenen van haar
konnen krijgen anders niet; als dat den tolk
Joan fernando op haar geschooten heeft, en
dat ik van zijn volk was, de adviso, vaart
wel en zijt gegroet van /onderstont, uE. ge„
hoorsamen dienaar, was geteekent; Ioan
bartelsz"
NL-HaNA_1.04.02_1547_0286.xml,"bartelsz, In margine, ten gapatnam den 28:e aug. o
anno 1694. savonts ten thien uuren
Een ander In antwoord van Cochim
naar Coijlan doa als
mo
onder dato p=mo Septemb:r a:o 1694. —
gesz. —
uE. brievje vanden 30:e pass:o hebben wij heeden
morgen wel ontfangen; med het verselde afschrift
uijt het schrijvens van den tengapatnamse resident
Joan bartelsz, ende daar bij tot ons groot leedwesen
vernoomen, dat des E comp. s logie aldaar met alle
desselvs effecten, door een schielijke overvallinge
van twee ragiadoors, en vijvtigh naijros van
den konink kelorma uijtgesonden, overrompelt en
berooft was geworden, houdende den resident binnen
deselve gevangen, 't gunt ons ten hoogsten doet verwonder
omdat wij niet kunnen begrijpen, wat de oorsaake
zij die haar tot soo een vermelten daat mogte bewoogen
hebben, dierhalven uE. sirieuselijk werden aanbe„
„voolen en gerecommandeert ten naauwsten doenlijk
daar Naar te doen verneemen, ende wat wij mogen
gelooven weegens het voorgeven dat den tolk Joan
fernando op haar op Coijlangh zoude geschooten hebben,
want zulx in waarheijt bevonden werdende,
ofte dat hij med d' een off ander twistende parthije
sigh"
NL-HaNA_1.04.02_1547_0287.xml,"130
sigh quame te Jntresseeren ofte Intelaaten, een saake
zoude weesen beswaarlijk voor hem te verantwoorden, laatende
ons dien aangaande tenspoedigsten beright te„e koomen,
onderwijlen dat w' in antwoord van uE. afvaardigde
protest hoopen van den konink kelorma selvs de
E.
redenen van het voorsz: gepleegde gewelt aan d' E
Comp: te vernemen, om dan op eenigh fondament
temogen overleggen wat ons daar omtrent verder te doen
sal staan, houdende voorwel gedaan dat uE. den
voorn: resident, als zijnde van alles kaal en naakt
beroovt tot levens behoev adsistentie tebieden waar
bij uE. vervolgens moeten continueeren, en denselven
op den ontfang deses gelasten delogie niet te verlaaten,
maar zig stil daar binnen te blijven houden, tot dat
w' komen te ontwaaren wat eijnde het zal willen
neemen, ook ten eersten door uE. aan ons over te schrijven
wat koopmansz: en effecten van d' Ecomp:e doe
de logie is afgeloopen daar in berustende geweest
zijn, en het sal ook geen quaat zijn den resident
op angenga meede werd g'ordonneert, alles dat
naam waardigs onder hem berust om alle gewelde„
„naarije bij dese troebelen te voorkoomen van daar
gelight, ende Inseekerh:t tot Coijlang werd overgebragt,
hoewel den resident zijn post daarom niet verlaaten,
maar eghter daar wel magh blijven resideeren
„
zijnde grooteli:jke bekommerd voor onse afgesondene
Emportante geschrivten naar batavia, chormandel
en"
NL-HaNA_1.04.02_1547_0288.xml,"Ceijlon off niet tusschen weegs mogte aangerant ofte
eenige onveijlh.:t overgekoomen zijn, het geen liever anders
willen hoopen
gisteren hebben aande koningh kelorma een
ola gesonden, en daarbij eenelijk geklaagt hoe 's comp:s
logie soo schandelijk tot tengapatnam berooft is, 't geen
we daar op In antwoorde krijgen, sullenwe uEE. p:r
naaste connen bedeelen, hebben: door de tolck Jngenatio
de costa tot Coijlan de sime het berooven aan de
daar sijnde poeles ooklaaten bekent maaken, waar
hij present vant de poele debariatte, en de poele
van wanjemonton, zijnde de tweede atinghse groote
poele, welke beijde haar ten hoogste ontstelt betoonde,
en doender de naam der eene ragiadoor genoemt
wiert, seijdense datelijk dat is door kelormo en
niemant anders soo beschickt, die soeke d' Ecomp.
ons tegen temaaken datwe van haarl. op 't lijff
gevallen worden, wij sullen niet rusten ofse sullen
d'E Comp:e residentie wederom volkoomen herstellen,
gelijkse geweest is, off w' zullen liever onse plaats
hier heel verlaaten, en zeijde dagenoemde tolk—
wederom bekent soude maaken datse daar in niet
mancqueeren sullen, wij daar op gerust wesen mogten,
Extract uijt een briev van
Coijlan na Cochim gesz: in
smo
dat P=mo Septemb:r 1694. —
die"
NL-HaNA_1.04.02_1547_0289.xml,"131
die wederom zeijde daar eenelijk bij der gekoomen
was om over 't gepasseerde ongelijk haar te klagen
en te adviseeren.
waar op uEE: In antwoorde dienen dat wij na
uijtterste vermoogen sullen betraghten om na de reeden en
't gepasseerde van en in 't afloopen der tengapatnamse logie
voorgevallen te vernemen, en u EE. schultpligtigh
ter kennisse brengen, datse de tolck Joan fernando
beschuldige tot tengapatnam, hier uijt singenatijs
vastigh:t op haar geschooten soude hebben, is bij ons
nooijt niet vernoomen geschiet soude weesen, waar
van anders niet konnen verneemen of heijtvort te
onregte besight, dogh dat beijde onse taalluijden
soo Joan fernando als Jngenatie de costa, rasalen
off onderdanen, de eerste van sigenatij en de andere
van coijlan desima of atinge zijn, twijffelen niet
off ear uEE. wel bekent weesen mits Zijluijden
dat van Joncks op al geweest bennen, taselver
der ouders en voorouders, waar uijt comt te
ontstaan Jder sijn Conincks gunst soekt te
conserveeren en onderhouden, off anders soude zij
noch der naast bestaande aan dese kant niet
konnen woonen, en mits die vorsten nu soo sterk
overhoop leggen, soo worden gem: toeken bij d=o
hooven mede gesuspecteert, staande jngenatio aan
Jdem van en na als vooren
onder dato 4:e 7ber: a:o 1694. gesz:
'tsingenatijs"
NL-HaNA_1.04.02_1547_0290.xml,"'t singenatijs hoff mede uijt dien, Insighte niet wel
bij d:o koningh„ het voorsz: is het geen wij uEE. dae
van connen schrijven; van de koningh kelormo
hebben we tot heeden geen antwoord op de afgesonden
ola, verwaghten alle uuren onse afgesondene wederom
med welkers comst uEE. ten eerste het becomene
sullen schultplightigh bekent maaken; het geen
de poele van wanjewanton, ende poele de bariatt
van Coijlan de sime hebben laten weder In
andwoorde weten, hebben u EE. bij onse Jongste
letteren geadviseert
med de ontfangh van uEE. letteren hebben ter
eersten een expresse afgesonden na tengapatnam
en uEE:s ordre aan de resident Joan bartelsz: bek
gemaakt, en gelast de logie niet te verlaaten, maar
stil daar binnen te houden, en hebben daar nevens
ook een ola laten schrijven aan een moors koopman
genaamt monamoedoe, hij d:o resident traght, t
Cogine
adsisteeren In dese ongelegenth:t, t hem promt weder
gerestitueert sal worden, waar aan niet en
tweijffelen; mits wij dan ter tijt nogh gantsch geen
tijdingh hadde vanden verdere toestand, dorste van
hier niets resiekeeren bij d„o occagie, dogh heeden
krijgen een brieffie van gem: resident bartelsz: dat
2:e deser maant gesz:, waar van de Copia hier
nevens Jngeslooten tot uEE. overgaat, daarbij
uEE. dies gelievende sult ontwaaren hoe
kelormos,"
NL-HaNA_1.04.02_1547_0291.xml,"132
„kelormos volkje vorder met 's Comp:s als ook de
residents Eijgen armoetje hebben te werk gegaen,
en voor't' geen sij nog niet mede hebben Connen krijgen,
is d'adigaar gelast sorgh tedraagen het niet vervoert
off versonden sal worden, soo dat daar nog al weder
Comen sullen, om d'onse te plaagen, zijnde op ult„o
Em
Julij J:o Leeden bij de m:t reecq: der bovengen:
zin
resident Bartelsz: daar bij delogie in weesen
geweest.
3257: rd:s en 52¾ stvers: In Comptant gesprooten uijt
de vercogte en omgesetten mineralen &=a
En nu daar in de gastus voor de residentie als inge„
„coote Lijwaaten, goenij, steenen, trossen, voor UED:
als du guarnisoen Ingesamelt, om met d'eerste
goede tijt overtesenden, 'twelke dan met 't overstuuren
mo
Jn dieselfde maant g'useert is In reecq: op te
brengen, in vermindering van sijn restant
en dan nog buijten d'ien zijnder nog de volgen„
&nn
„de Coopmansz: onvercogt bij de logie, als
809: lb: netto thin
1001: —. d„o spiauter
20: p„s Chianderwanijs, en
20:—. Roederwanijs
behalve d'effecten van Huijsmeubelen die
bedraagen ƒ108: 8: 12: tsamen
V"
NL-HaNA_1.04.02_1547_0292.xml,"e Residentie ansjenga sijn gantsch geen
Coopmansz:, zoo dat niet konnen geloove die plaets
eenige swarigh:t te lijden sal hebben, alhoewel des„
„selfs resid:t daar grootelijcx onbeducht is, egter
om alle b'commeringh weg te nemen, zoo hebben
UEd„s inportante papieren, soo dra als vernamen
tot ansjenga aangecomen waren herw„ts ontbooden
die alle uuren verwagten en tegemoet sien, en
Connew' occagie sien, om gevoort te helpen, sullen
geende voir gespaart worden, dat beter Lunken sout
bij aldien die soo vullemieus niet en waaren,
en soo wij die in 2 â 3: diverse Bondeltjes mog
ten senden zoude vrij beeter komen, en van'sca
„je een pacquet mogten maecken, mits dat an„
„ders wel Comptanten lijcke voor delandaart,
waar op gaern uEE: ordre zoude tegemoetsien„
Coijlan
Aan d'E: Hendrick vockestaan
ondercoopman en p:l gesaghebber van 't zuijder
mallabaer
Den 28=en der gepasseerde maant heb 11E:e in haast
bekent gemaakt het Begin van het schelenagt
Verraat"
NL-HaNA_1.04.02_1547_0293.xml,"133
verraat vanden trevancoorsen vorst op dien dagh
aan ons gepleegt, soodienen dese weijnige tot het
vervolgen van het selve, hebbende dienselfde avondt
nog het packhuijs doorsien en wagt daar bij gestelt,
Zijnde den 29=en daar aan wederom gekomen met
draag ossen en coelijs, en het selve alles schoongemaekt,
de goenijs is buijt voor de naijros geweest, die deselve
voor een halve fan=r Ja eenige voor een quart fanr
vercofte, de trossen en Eenige goenijs leggen nog inhet
packhuijs, waar voor d' addigaijro van dit dorp is borg
gebleeven, dat deselve niet zullen afgescheept wer„
# door
„den, waar mede desen dagh weder trtgebragt
is, den 30„e quamense wederom en doorsogten
alle hoecken en winkels, brogten mede coelijs
met jmhiados die over al moesten graven, off
noch ijets verborgen was, en namen wederom mede
hetgene mij den eerstendagh selfs wederom gege„
„ven hadde, van eenige oude versleeten hemden,
onderbroecken &a Ja selfs schoenen diese niet
gebruijcken, hebbense medegenomen, dogh het gene
ik aan mijnlijff hadde hebbense niet aangeroert,
door 't verbodt van Coensie pulle, sobruijo van
Coetsie moeden Poelle, die het gesag vandese
roverije hadt, dog zoo moest hij toelaaten al
wat den anderen wilde doen zijnde een naijro
Vanden Coninck genaamt nila, een Erts
krannigen schelmn
Een
raat"
NL-HaNA_1.04.02_1547_0294.xml,"Den 31e„ quamense nogh wederom vatten Anbloq
van der voort buijten voor de Logie om van hem
te weeten off ick nog ijts geborgen hadt, dog dewijl
„se aan haare buijt wel costen sien datter met cost
overschieten, zoo namense ten laasten het paarn,
Ladelden het, en daar mede reedt den fidalgoheer
met mijn swarte gebloemde rock aan, En mijn
silvere deegen inde hande, en dat naar Cottatte,
om daar van gelijcke 's Comp:s goederen te roven,
die al van die dag off, datse met ons begonnen het
besech waaren, den Tolcq picotti is ten eersten
met al de lascorijns op het gerugt van hier, ge„
„vlugt, en d' chittis protesteeren tegens deroof voo
„gels, dat het haar Eijgen goederen zijn, ook we
voor d'E: Comp:s zijn opgeleijt, dog nog geen ben
„taaling daar voorgehadt, of se daar mede zullen
Vrijgaan, hebben nog niet vernoomen
Wij sitten hier nu en sien malckanderen aan
Van alle man verlaaten, onsen tolk is in velder
nog weegen niet te vinden, onse Aratje Thom
heeft daag tevooren, als ons dese troebelen
zijn overgekomen, verloff gevraagt om na Collatte
te gaan met zijn vrouw, vermits daar ijmant
van zijn vrunden in Barens noot was, den
selven heb ook tot nog niet wederom gesien.
Alloeroes"
NL-HaNA_1.04.02_1547_0295.xml,"134
Alhoewel hij hier omtrent in't heijmelijk geweest is;
maar stilletjes weder vertrocken, ook heeft hij mij
maar Leugens wijs gemaackt, gelijk ik vernoomen
heb, de zaak zoodanigh niet en is, maar ick
vertrouw vast dat hij ijts geweeten heeft, en heeft
het niet willen Leggen, bevreest zijnde dat wons
ter weer zouden hebben gestelt, dat oock maar —
eens zoude geschiet zijn, zoo maar 't minste
daar van vernoomen hadde, zijn swaager, den dicken
vettenlascorijn, is ook op den pad geloopen, zoo dat„
„we hier met wackere helden verlien zijn geweest,
de Vloersteenen hebbense mede t'coopgeseijl,
maar daar waren geen Coopers toe, heden is mijn
berigt datse geraat slaght hebben; als wederom
van Cottatte Comen deledige kisten ook zullen
verkoopen, zullen almede dienhandel moeten
l
Gelieft dese noelia vier fan=s
affwagten;
galj: tegeven, alsoo wij hier selver op een ander
uw
mans genade leven —
Hier mede beveele uE: in de hoede des alderhoog¬
„sten, en verblijve na gedienstige groete, (onderst:n:)
UE: bereijde en gehoorsamen dienaar
(was geteeck:t / J: Bartelsz: in margine:—
tnn
twe
Tengapatn: den 2=en 7ber: a„o 1694 —
Extract"
NL-HaNA_1.04.02_1547_0296.xml,"soo Even ontfangen w' UE: schrijvens van eergist
mo
„ren, met d' Copia des briefs, vanden Tengapatn:
resid:t, voor 't meerend:e gerigt zijnde, tot—
antwoort van onse laatsten brieff, dies daar op
niet veeleeder te seggen valt, dan dat wij als nog
met verlangen blijven affwagten, wat antwoort
den Co:s kelorma op uE: gedaane protestatie
&i
sal komen te geven, wegens de vijandelijk over„
„vallinge, En geweldige berovinge, van 's Comp:s
Logie tot tengapatn: om dan daar over bequaam
te wesen, eenig besluijt te neemen, laat dierhal„
„ven niet na, al was het door een tweede pro„
„test ten alderspoedigsten, redenen, van dien ko:
te vorderen, en Erlangt hebbende, ons die
ten eersten t' Communiceeren, ten Eijnde
ons hoe Eerder best, daar van mogten kom
„nen bedienen
Een ander van coijlan
naar Cochim gesz: onder
dato 6en 7ber: 1694—
dienende desen dan in geleijde der Ingeslootene
Extract brieff Ten ant¬
„woorde van hier, dato 6=en
7ber: 1694: op het voorgesz:
naar Coijlan, geschreven
transl
V: 3"
NL-HaNA_1.04.02_1547_0297.xml,"135
translaet ola vand' Conink kelorma uant„
n2
woorde 6:comen, als ook eend:o van Cutsie madepoele
welcke uEE: des gelievende sullen aanthoonen,
hoedaanig die bijde haar ontschuldige van 't voor„
„val tot Tengapatn:, echter volgens 'tlaaste schrij„
van
„vens der resid„t Joan Bartelsz: dato 2„en deser
UEE: eergisteren in copia overgesonden, haalt
hij aan de neeff van gem: poele, het eerste=
gesagh overde naijros gehadt heeft in 't berooven,
der logie, en sorg draagde nille-(haar niet op zijn
persoon mogt onderneemen, dat zoo sijnde is anders
niet te gelooven, off gen: poele, moet daar kennis
&m
van gehadt hebben, en bij gevolgh d'atingse
Coninginne mede, schijnende kelorma bij
't Eijnde van zijn ola willen aan te thoonen
gem: nilla-haar van zijn volkje present
niet en is, dat mede onse geringe oordeels
al van opmercking schijnt te weesen.
met
Translaat antw„t ola van den 1
Conink Guelhorma aan heh p: opperhoofd
van de fortresse Coijlan, gesz:, den 5„en 7ber1.
1694, ontfangen
Coijlan, weete, d'ola aan mij gesonden
Een tolcq van
hebbe ik ontfangen, die lesende, verstondt desselfs
Inhout, noopende de beroovinge die inde logie
ruw
van Tongapatn: geschiet is, ik was daar van
onbewust, en om de zeeckerh„t daar van te—
weeten"
NL-HaNA_1.04.02_1547_0298.xml,"welten, hebbe volk en ola, na moeder (denoteerende
daar mede d' Coninginne van Atingen :) gesonden, al
het antwoort bekome sal u bekent maacken, en soo't
zoodanig geschiet is sal mijnent, weegen soo veel be„
wercken dat dese onlust weg genoomen werde, gelijk:
ik voor desen bengeweest met d'E: Comp:e, sal nu
ook in geen gebreeke blijven, en aan de vaste
vrientschap die ik hebbe en salgeen twijffel
althoos weesen, &:a door last vanden C: hebbe ijk
dese geschreeven, ik Catij. Catij schrijver ik den
thol vanden toebak gegeven hebbende aan maria
den Canacapula, zoo zijn den nila en mala
moeder gaan ontmoeten sonder mijn kennisse,
enden thol vanden Toebak na haar genoomen
alhier is mij van dese kennisse gegeven, aangaen,
„de deses sal bewercken dat geen schaade nog onlust
en heeft
Nm
Dola die gesonden hebt, lesende, verstont 't geene
mij Zeijde, de Anabais vanden Coninck van
Trevancoor zijn geweest bij den resid„t die Comp:
weegen op Tengapatn: resideerde, het geldt roovende
Een ander als vooren: van Cochen manda
púla aan den Tolcq Ignatio de
Costa; ontfangen datúm als
Vooren
geen"
NL-HaNA_1.04.02_1547_0299.xml,"136
geen van dese dingen zijnd' Coninginne van Atin„
„ge noch ons niet bewust, off haarden Coninck
van trevancoor sulcx toegestaan heeft off niet,
om de waarh:t te weeten, Can een der tolcquen gaen
na den Coninck die in Collaquade sig ophout
kan alsdan sig daar van verseeckeren, den Conink
van trevancoor En d' E: comp: tot tegenwoordigh
stonden in goede vrundschap, dit soo zijnde, is —
'tgoet dat een persoon gae en denselve ontmoeten;
sal de waarh:t ontwaaren
Linnen
Extract brieff ten antw:
te
van hier, dato 9=en 7ber: 1694 —
op het voorgaande naar
Line
Coijlangsz:
En gisteren weder ontfangen uE: brieffje van
den 6„e deser, en schoonden Co:s kelorma zoo wel
als Cotchiemadampoele, bij, hare antwoorde
uw
komen voor tegeven dat het afloopen vande tengap:n
Logie buijten hun weten ofte kennisse geschiet
zoude wesen zoo konnen w' Egter zulcx niet wel
voor de waarh:t aannemen, dewijl het een al te
publijcke en stoute daat is, om zoo niet met
volle
-"
NL-HaNA_1.04.02_1547_0300.xml,"geschreven is.
volle toestemminge, ten minsten sonder oogh
luijckinge ondernoomen, ende d' E Comp:e zoodanige
m
gewelt en vijantsz: aangedaen te werden, en waer
van haar Ed=le het zij hoe het wil volkomen
satiffactie toekomen moet, dierhalven eer verder
te gaan nodig g'oordeelt hebben in rescriptie
van haar olas zoodanigen nader protesten te vervaa
„digen als nevens desen overgaat, die UE: dan werden
aanbevoolen, door den tolcq Ignatio d'Costa, aan
beijde voorm: vorsten persoonelijk te doen overhan„
„digen op dat Indien zij willen geregtvaardigt wesen
ende verhoeden d' onheijlen die anders seeckerlijk daar
uijt verwagten staan, en daar Benevens met
de daadt bethoonen dat soo wel meijnende Vrienden
vand' E Comp: zijn als bij hun schrijvens Connen
te bethuijgen 'tselve nu mogen laten blijcken met
niet alleen de handtdaadigers aen 't voorsz: gepleegd
geweldt, zoo zij voorgeven, op eijgen authoriteijn
hun aangemagtigt en onderstaan te werk te stellen
na verdiensten en tot exempel van zoodanige
moetwilligers voor het toekomende telaaten
straffen maar ook alle het geroofde inde Tengas
logie kost en schaadeloos prompt te restitu¬
„eeren en 's Comp:s dienaaren aldaar in volle possessie
an
als vooren te herstellen waar op wij hare antw:t zoode
moogelijk verlangen zullen te verstaan
L. S. in plaatse van twe protesten, als boven vaan aangehaald, goe
maar een af aan kelorma, werdende dat aan Cotje madampoele
Een
N:a hus moet de ola op volgen, 't gune abusivelijk hier na enst
om raden nog wat uitgesteld gehouden"
NL-HaNA_1.04.02_1547_0301.xml,"137
Een ander uijt den brieff
Linne
dato 9=en 7ber: 1694: van
te
Coijlan na Cochim gesz: v:
mits het weer present sig eenige daagen heel
wel heeft Ingestelt, soo bennen onder uEE: wel„
„neemen van meeningh om onse tweede Cruijsser
die de sneldigste soo met riemen als zeijden is,
morgen Inzee te setten, en Conform UEE: waar„
„de missive alle u EE: Inportante papieren
na mannapaar Regt door ten spoedigste
doen Bestellen, waar mede nadat het ons toeschijnt
in 2 â 3 daagendereijse tot gemelte plaatse
te winnen kans wesensal, daar van wij een
goet succes willen hoopen, 'twelke onder Godes
Zeegen vrij beterduncke te wesen, als omde„
„selve over landt te Hasardeeren, mits de stranden
als d'bovenlanden mede wrij onvrij bennen,
Linnen
Comende d'Atingse, en Trevancoorsz: Nairos
al weder off, met troepen na Coijlan de Sima
en hoedat het present noch met onse residentie
Tengapatn:s staat, hebben heeden wederom
door een brieffje p„r onse affgesondene expresse
van"
NL-HaNA_1.04.02_1547_0302.xml,"van den Resid: Bartelsz: overgebragt vernomen,
'twelke jn Copia nevens dese tot uEE: overgaan,
dat UEE: dies gelievende nader sal aanthoonen,
Hoe onse resid„t aldaar noch almeer en meer door
de naijros geplaagt wordt, waar bij noch nader
komt te blijcken de rooverije door last der Conin„
„ginne van Atingen medegeschiet is, onder alle
welke beginnen die van Coijlan de sima we
'tbangst te worden, end' Coopl:n becommen
te sijn voor der vaartuijgen die van d' Cust, en
Jaffanap: verwagten tot tutucorijn aangehoude
zullen worden, zijl: het weder staan t' ontgelden
van waar al een goet gedeelte phaaren, en
m
vaartuijgen soo voor gem: Coijlan de Sima, atin¬
„ga, als trevancoor moeten Comen, welke inde
maandt april, en meij na derwaarts ver„
„trocken bennen, die ten ontwijffelen al vrij wat
meerder staen over te brengen als d' E Comp=e
tot Tengapatnam ontrooft is—
Minuit ola door den 2
p:s gesaghebber Alexander,
wighmans bij forma van protess
met advijs van raade aan den Coning
Kelorma gesz: den 10=en 7ber.
Ao 1694
wij"
NL-HaNA_1.04.02_1547_0303.xml,"138
wij hadden ons verseeckert en niet anders Inge„
beeldt agtervolgens UW Hoogh=ts groote
belofften, en het nog onlangs gemaakt schriftelijk
Contract van vrundsz: tusschen UW Hoogh„t en sijn
Hoog Ed„s de heer Commiss„s generaals Cen„
„drick Adriaan van reede (:Ab:)
wegens den staat der vereenigde nederlandse comp:s
beslooten, off wij mogten ons gerusten „ daar op verlaa¬
„ten, en Comp:s handel en coopmansz: in uw hoogh=ts
gebiedt bij uw hoogh=ts voorsaaten, d' Coningen van
trevancoor van outsher gepreveligeert, zonder
't minste beleth off nadeel blijven behouden,
en daar bij Continueeren, soo is ons nu des niet
tegenstaande tot onse hoogste verwonderingh,
en leetweesen comen te blijcken, dat door een par„
„thije affgesondene naijros, onder 't gebiet van twee
uwe
hoofden, delogie vand' E: Comp:e op tengapatn:
geweldelijk ingenoomen. en alhet gelt en
goet, een groot capitaal bedraagende daar
uijt gerooft, en weg gebragt is, gelijk ook 't geen
d'E: Comp:e op Coccatte hadde, en 'twelk alles
een seer groote disreputatie, en schade voor
haar Ed=le is, niet Cunnende beseffen wat
redenen uw hoogh„ts tot soo een ongehoorde
quaadesaack gehadt hebt om die te laaten
Anne
uijtvoeren
vij"
NL-HaNA_1.04.02_1547_0304.xml,"uijtvoeren off deselve door andere gesmelt niet
hebt believen te beletten, Indien wij gelooven,
moogen dat zulcx buijtenkennisse en ordre
van uwhoogh„t zoude weesen geschiet, gelijk: —
uw hoogh„t op d'ola van onse bedienden tot
Coijlan comt t'antwoorden, daar d'E: Comp:s
althoos zulcken hoop en vertrouwen op uw h„r
volgens de goede beloften en gemaakte allian¬
„tie, heeft gehadt, Insonderh„t daar uw hoogh„t
nu nader soo absoluijt in die waardigh:t is—
bevestigt geworden, waar over w' ons seer quamt
te verheugen, wij willen hoopen en versoecken bij
deesen, dat wanneer uw Hoogh„t volgens uw E=
schrijvens naar de zaak sal ondersoek gedaan
hebben,de schuldige tot een eeuwig exempel
Zal doen straffen, en al 't gerooffde aand' E: Comp
ten eersten weder werde g'intrageert, en ons
nader en vaste verseeckeringh van uw hoogh„t
Ruw
werd gedaan, d' onse op Tengapatn: voortaen
met haar goederen feijlig en sonder verder beroo„
„vinge zullen blijven continueeren, soo niet
d'E: Comp:e zulcken smaat en schaade niet sal
Cunnen vergeeten, als ongerevengieerde laaten,
en onschuldigh blijven van al 't geen daar uijt
Zoude moogen komen t'ontstaan, 'twelk uw hoo
vesoeck"
NL-HaNA_1.04.02_1547_0305.xml,"139
versoecken wij ^ wel beliefft te bedenken en
ons met den tolcq Ignatio d' Costa brenger deses,
een satiffactoir bescheijt te laaten toekomen
waar op wij ons verlaaten, uw hoogh„t een voor„
„spoedige regeering en gesonth„t toegewenscht
te hebben, verblijven: &.a
Coijlan
Aan d' E: Hendrick Vockestaart
Ondercoopman, en P„r gesaghebber
van 't Zuijder mallabaar, —
OD: aangename letteren van den laasten gepn. ,
zijn mij doord' afgesondene noelias, en lascorijn
wel toegekoomen, daar nevens ook ontfangen
een pakkleeren, hoed, hemden, &„a daarvoor
UE: van hertendank segge, dog ik kan het selve
„ gebruijken, overmits van die schelyns nog niet
nog niet „ ontslaagen zijn, dierhalven buijten 's huijs
nevens andere oude plunje, die mij den eersten
dagh waren wederom gegeven, geborgen, want
dagelijcx komense nog al snuffelen en 't geen
haar aanstaet, doense mede als haar Eijgen;
F
F"
NL-HaNA_1.04.02_1547_0306.xml,"op Coratte hebbense niet veel opgedaan,
12: dragten van coelijs hebbense op de weg van
Covelan agterhaalt, de rest is affgeschappeert; heden
morgen quaamense parthije goenijs uijt het
pakhuijs haalen om de geroofde lijwaaten te par„
„ken om na d' Coningin te brengen, diewacker
gestoort is, waarom datse met den buijt zoo
lang getardeert hebben, en zoo geseijt werdt,
heeftse een pak, doen onderscheppen dat de
Poele voor hem voor aff na zijn huijs gesonden
zoude hebben, waar op hier nog 300: naijros
nevens eenige ragiadoors gesonden, om alles te
onderscheppen wat se gerooft hebben, nelaschar
heeftse gevangen geseth, want die heeft zijn
part ook aan een kant gebragt, nu moogen
hoopen dat binnen 2 â 3 daagen dat gespuijs
van hier sal vertrecken, dat dan een weijnigh
rust zullen krijgen, het schijnt datse thans
hier wille moede maacken, om van selfs op
te kraamen, dog sonder ordre zal sulcx niet
geschieden off zij moeten ons met gewelde
doen vertrecken, want zoo d' Engelschen haar
neus hier quaamen in te steecken, zoo zoude
het met 's Comp:s lijwaat handel zoo wel
hier als op Cottatte gedaan zijn, dierhalven
twijffel"
NL-HaNA_1.04.02_1547_0307.xml,"140
twijffele niet off d'comp:e sal in voorbaat zijn,
d'arduijnsteenen feijlense 10 stx: voor Een fan=r
maar konnen geen coopl: daar toe krijgeni, zoo als
desen dus verre gesz: bequam uE: nadere schrijvens
vanden derden deser, gelijk niet wil twijffelen uE: de
mijne vanden 2„en deser ook zal toegekoomen
zijn, een ola voor onsen tolcq, heb ook ontfangen
dog ik can nog niet verneemen waar hij is, Eeven„
„wel geloove dat niet veer moet zijn, onse Thome
Aratje quam den 3„en savonts hier, en zoo hij
seijde groote moeijte off travalje uijtgestaan,
want hadt drie daagen in deruijgten geseeten,
en snagts in schanas huijsen rijstgegeeten,
maar Ick vraegdehem, off d'E: Comp:e hem
daar voor zoolang d' cost hadt gegeven, om in
tijt van noodt in de ruijgte te kruijpen, Zoo is
hij weder opgedroft met zijn dicke vette swaa„
ger, zoo verstaan heb zijnse tot Trevancoor, de
Ola voor Monommeda, zal doen bestellen.
van
deselve woont ontrent Cottatte, de 31: galj:
heb ook ontfangen, wij hebben hier een moorsz:
&um
Coopm: gen:t Cofate metre die ons van 't begin
tot nog van 't geen benoodigt zijn ondersteunt,
den welken zij ook vat gehadt hebben, en 2000: fanj
van"
NL-HaNA_1.04.02_1547_0308.xml,"van hem wilden hebben, om dat hij met de hollande
gehandelt had, den welken hem met 400. fanums
heeft vrij gemaakt, zoohangh datse naarde Co„
„ning in zoude gaen, omdaar mede te neemen he
gene hij belooft heeft, dog hij hout hem nu aen een
kant bij daag tot se vertrocken zullen sijn, dog alle
avond komt hij bij ons om ons gebrek te verneemen
het geen hij doet besorgen; de twee schelmen Can„
najpuld, en Mirambule, die naar Coilan
zijn geweest, hebbende sen aanslagh den konink
ingeprest met voorgeven, dat daar niet van soude
komen, vermits voordeesen wel Eliphant, toebak
en andere goederen genoomen waren, in durid' E: comp
eenige magt hadt gehadt, zoude het selve allang
gewroocken hebben, dit zijn ook de principaalck
gasten van het toebak rooven, waar meede
zij soecken plasdankjes te behaalen vermits 't
kale Luijshouden zijn, die niet en hebben, wij
sullen ons stiltjes houden en sien watse met
ons In't sin zullen hebben, en stelle ons gedu
„dig, dewijl het anders dog niet zijn kan; zijt
hier mede hertgrondigen gedienstig gegroete
in godes Hoede bevoolen van; onderstont
UE: bereijden, en gehoorsaamen
Ditraad"
NL-HaNA_1.04.02_1547_0309.xml,"141
Dienaar (was geteeck„t J: Bartelsz:
InMargine; Tengapatnam den 6=en
Zeptember Anno 1694. —
Extractuijt den brieff
onder dato 12=en 7ber 1694
van Coijlan na Cochim
vn
gesz:
Na dat w' onse laaste geringe letteren dato 9e„ deser
aan uEE: afgesonden hadden, bennen wij weder„
„om vereert geworden, met uEE: aengenaame—
missive mede van dieselfde datum nevens een
ola aanden Conink Kelorma, waar mede
dan Conform uEE„s waarde ordre de tolcq Ignatia
te
d' Costa nagem: vorst staat te vertrecken, die
a
persoonelijk sijn hoogh:t over te geven, en soo dra
antwoord bekome, UEE: ten eersten laaten
toekoomen, Onderwijle gaat nu wederom
tot VEE: over copia van Een nader brieffje
en
dato 7=en deser vanden resid:t Jan Bartelsz:
ven
gesz:, daar bij uEE: sal blijcken, hoe hij nochal
langer hoe meer geplaagt wordt en 't daar na
Lijck"
NL-HaNA_1.04.02_1547_0310.xml,"Lijkt, als 't Eenemaal na toeschijnt te hellen
zij hebben willen de logie verlaaten word, tis
hejt seecker en wis d'atingse Cotsinginne dit iit
werk gestelt heeft, mits al 't geroofde bij haar
tot Trewen de berongebragt word, hebbende
selver uijt het huijs van Cotje madampoele,
^ niet
welke nu verneemende groote is, als Iongst gesz:
hebben, maar een vande kleijne ragidoors-
off kariakaars, der genoemde Coning in zelfs
mo
hoff woonagtig, uijt welken
ontrent voorengen:
huijs zij een kist, een hoed met een goude kant
heeft laatenhaalen, die d„o poele van 't geroofde
onser residents goetje voor hem geborgen hade,
waar over zijn wooning mede al ten eersten
berooft wierdt, ook is het zeecker Nilichaar
en matteehaar die beijde onder d'onderneeming
Nuw
op onse redentie geweest sijn door gem: Coningin
begiftigt bennen met de verpagting, die de
Conink kelorma, onderbij zijn ola aanhaalde
welke do„ Conink aan een ander eerstgegeve
hadt, die het nu tegen sijn sin missen moet, en
bij volgen sijnse nu gunstelingen der Coningin
welke alle, komt ons niet alleen van alle kant
te blijcken, maar zelver ook segt het de groote
Poele"
NL-HaNA_1.04.02_1547_0311.xml,"144
142
Poele van wanje-montan (: sijnde de mede
„macker van Cunje madanpoele:) en ook daar
bij, dat het niemant anders gedaen heeft, als de
Coningin, dat poele de bariatte ook niet ont„
„kent maar al mede uijt, met verklaaring dat
Kelorma onschuldig is, latende d„o vorstin
mits zijn absentie uijt Trevancoor, daaralles
doen, en verrigten wat 'er maar inde sincomt,
wordende ook nog verscheijden andre huijs en door
haar geplundert, soo dan mits dien koninck in
Perualij huijshoud, aandien oirt niet meer
te zeggen heeft, als d' oude overledene koninck
uw
van laastgen: rijck, wien ook de naam van
Conink van Trevancoor gevoert heeft tot sijn
doodt toe, dies d:o kelormo hem nu vaastmaakt
ingem: perita lij dat hij niet ligt verlaaten sal,
no
waarse alle hem genegen zijn, om 'tatingse
oudewijf, daar maar uijt tehouden, om alle
welcke voorsz: reeden als d'opregte getuijgenisse
van voorsz: poelemaars, tegens haar Eijgen
Coningin (:datse niet dencken zoude durven te
uijtten, bij aldien daar eenige twijffeling aen was:)
soo"
NL-HaNA_1.04.02_1547_0312.xml,"soo hebben onder uEE:s welneemen uEE: ola noch
wat Ingehouden, tot uEE: nader ordre om off uEe:
met d' ontfang van onse Letteren dato 9„en J„o als dese
nu, daar uijt van beeter opening, soo uijt Tengasraen
als hier gedient wordende, ijts anders mogte komen
4no
te resolveeren, zijnde meergem: kelormo ook heel
in de boven landen ontrent het gebergte in zijn
present zijnde, lijck opgereijst, wordende in
2 â 3: daagen wederom tot Cotta-rekerij't ordinaig
hoff verwagt, soo dat 'er in die tijt niet versuijmt
word, werdende ons hier ook verseeckert d'atingse
Coningen noch dies te meerder tegens d' onse soo in
Trevancoor als Attinge zullen doen verbitteren
wij, daar over na voorn: Conink ijmand senden, te
meer om datse alles zoo publijck laat doen, en
niet 'tminste ontsiet, het voor alde werent
blijckt door haar ordre en last gedaan is, sij 'tnem
zoude off wij haar met d„o Coninck devingen
wilde, dat haar ligter ijts, op onse bediende
selver zoude doen onderneemen, als houde het voor
een groote kleijnagting haar niet gesz: worde
dies w: V:EE: nader dispositie, alvoorens de
bestelling derola, verhoopen, aff te waghten
om"
NL-HaNA_1.04.02_1547_0313.xml,"114
143
om oft uEE: gelieffde aan d' Coning in ook te
schrijven (die nog tot Trevendeberon is:) indier
voegen dat het dangelijk bestelt off toegesonden
wierd, ofte wel een van beijde soo uEE:s 't sal ge„
„lieve goet„ vinden, bij aldien uEE: d' ola voor Coccsic
madan poele geliefde tesenden, word ons berigt
die aenbeijde de atingse groote poelemaars beter
zoude weesen luijden en verschreeven was, off ijder
een aparte ola, mits die van wanjemonton
alsoo groot in aansien is, als d' andre, en beijde als
in een graadt in 't atingse rijck der gebiet
voeren, ook tesaamen groote vermoogen hebben, om
tegens de Coningin te protesteeren
Heeden is hier ook een pattemaar met Eenige
olas voor Calicoijlangse Coopl: gekoomen uijt
trevancoor, die weeten teseggen 's comp:s goederen
in Cottatte ook al door d' Coningin berooft was;
de maackelaar vande onse eene Chittij nagere ge„
„naamt die 't nog protogeeren wilde, is wacker wat
affgeslaagen, daar bij ook derst niemant bij
onse resid:t tot Ten gapatn: in de logie koomen, off
word suspect gehouden en aangetast, op alle 't welke
hier in uEE: welneemen ter neder gestelt, sullen
w' uEE: ordre gedienstig afwagten en nakomen
hebben"
NL-HaNA_1.04.02_1547_0314.xml,"hebben wederom twee â 3: daagen hier op den
anderen geschooten die van Zignatij en poele off
atings volkje, welcke laaste mede een stuck
Canon bovende Kerck op moedacker bij de
moorse muskrieth geplant hebben, en daar mede
ook schieten dat 'er eenige kogels in de luuieten
vallen waar van ons al 2 6tx: binnen gebragt zijn,
en uijtwijsen 4 ponders te weesen, doch hebben
hier nogh geen schaaden toegebragt. —
Coijlan
Van d' E: Hendrick vockestaart
e
ondercoopm: en p:l gesaghebber van 't
Zuijder mallabaar—
isteren heb uE: p:r keerende pattamaar g'advi„
„seert het voorgevallene van hier, dienende dese
wijnige tot verder bekentmaackinge, hoe heeden
morgen wederom zijn besogt vande roovers—
hebben alle degoeirs, en soo veel trossen als van
daag hebben konnen uijtdraagen, in een pake
vanden moor mirambolij gebragt, ook het
geene de vorige niet hebben aangesien, nemens
nu"
NL-HaNA_1.04.02_1547_0315.xml,"144
nu alles weg, ook de gebroockene kisten, soo
dat hier niet sal overblijven, sij verwonderen haar
dat ik nog niet vertrek, dierhalven seggen dat ick
nog ijts moet hebben om te leeven, een seecker
nair seijden tegens zijn mackers, het geene de
hollanders voordeesen gewonnen hebben, daar
gaen d' Engelse nu mede door, zoodat dit werck
daar op aangeseijt is, om d' Engelsen hier plaats
tegeven, gelijk ook een schelm van een moor ver„
„haalde dat d' Coningin al last gesonden hadde,
om hier possessie te neemen, sij leggen ons 'tvuijr
dagelx: digter aende voeten, Eenige boijangs
met aatchiar die tot nog toe waren gebleeven,
hebbense vandaag uijtgestort ende potten
meede genoomen, desen aanslag zoude op Cottare
„Caren in het bij wel sender Engelsen, die den Co„
„ning aldaar besogt hebben, eerst beleijt zijn
dit is het geene heeden gepass„t morgen staan sij
wederom te komen om nog wat tehaalen,
te weeten d'overgeblevene kossen, tafels, stoelen
&a„ wat onse Heeren gebieders hierop ordon¬
„neeren zal met verfangen tegemoet sien, waer
meede VE: inde hoede des alderhoogsten beveele
verblijve
advi¬"
NL-HaNA_1.04.02_1547_0316.xml,"verblijve naar gedienstige groete (:onderstont)
VE: bereijden en gehoorsamen dienaar (:was—
mn
geteeckent) C: Bartelsz: (:in margine:)
Tengapatnam den 7=en xber: A„o 1694 —
Extract uijt den brieff
Ten antwoorde Van hier dato
14e. 7ber 1694: naar Coijlan
Lmnne
gesz:
UwE: brieffje gedagt eeckent 9=mn deser hebben
alhier ter behoorlijcker tijt wel ontfangen,
en daar uijt ontwaart hoe de kruijssende vaar„
„tuijgen Claar waren geraakt, om in zee geset„
en onse hoognoodige advijsen aan haar hoogh
Lume
Ed=le agtb: Tot Batavia, mits d'onfeijle„
van den lantwegh, over zee na mannapaar
overgebragt tewerden; 't gunt wij hoopen al
voor den ontfang deses effect sal genoomen heb„
„ben, En wijders daarinne niets bijsonders
vindende, als 't verdergedoente vande baldadige
twne
roovers der 's Comp:s Logie tot Tengapatn:
welken"
NL-HaNA_1.04.02_1547_0317.xml,"145
welken aangaande uwE: bij ons voorige schrij„
„vens de noodige ordres bereets gegeven hebben,
soodient deesen nu eenelijk ten geseijde van het
Hier nevens gaande pacquetje gededuceert
aan den Edele H„r Ceijlons gouverneur
en raad, ten Eijnde door uwE: over den landweg
na madure ten spoedigsten doenelijk te laaten
voortgaan. twijffel ende geensints off sal het
selve, als zijnde van kleenen omslag een
onverhinderde doortogt verkrijgen, —
Blijvende uwE: voorstel om de vaartuijgen
welke het verleeden goede zaijsoen nad' Cust
Chormandel, en Iaffanap:, door d' Coopl:, staen„
„de onder het gebied van Coilang de sima, sijn
afgevaardigt, op haare terug komst in beslag
gehouden, te werden uijtgestelt, tot dat wij het
gerequireerde advijs vanden Ed=le h„r gouvern„r
en Raad tot Ceijlon, op de nevens gaande
missive, welke tendien opsigte word afge¬
„vaardigt. zullen bekoomen hebben, —
&um
ber:
Een onder dato 18=en 7ber:
1694: van Coijlan naar
Cochim gesz:—
van"
NL-HaNA_1.04.02_1547_0318.xml,"van de toestant tot Tengapatn: hebben zoo
Dven in 't schrijven deses wederom een briefje
va
van den resid:t Ian Bartelsz: ontfangen, waar
van d' Copia hier in geslooten tot uE E: speculari
overgaat, de bekende maackelaer der Engelsz
Vrienden gen:t Wardeman, is sterk besig omde
Alingse Coningin met Lignatij te bevreedi„
gen, dat apparent al gelukt Zoude zijn, bij aldie
Calicoijlan soo na niet aen dit rijck verbonden
was, zijnde een voorname hofs Examinee
van dese Jongen Coninck, de wil hebbende
dw
na madure en Chormandel op weg bij gem:
maackelaar tot Trewvande boeran tot bewer„
„kingh van dat versogt te tardeeren, waardie te
Amo
saamen met gem: Coningin conceseeren daar
uijt komt dat hier aan 't hoff verscheijden olas
&n
An
soo van voorsz: braminee als d'Engelsz: cooppm
„men, welke laast gem:te onse vrienden het ook
besonderlij: trachten voort te setten, aparent
om met Bewercking van die vreede een
plaats op paroe, ofte op een ander in dien
rijck t'Erlangen,
Twee
Coijlan"
NL-HaNA_1.04.02_1547_0319.xml,"146
Coijlan
Aan d' E: Hendrick Vockestaart
ondercoopman / en p:r gesaghebber
van't Zuijder Mallabaar
UE: aangename letteren vanden 10„e deser
Aot.
hebbe gisteren p„r keerende Noelia wel ontf:,
dewelke deselve aen zijn dije gebonden had,
zijnde onderweegen ontrent povaar van
eenige nairos gevisiteert, dewelcke dogten
eenige fan„s te vinden want zijl:k dencken
dat 'er nu nootsaackelijk: fan:s tot guastus
sullen moeten komen, waars:a bekop hebben,
dierhalven sal niet geraaden zijn ijtwes
te resikeeren, want tegen wij benoodigt
zijn, laat ons d' Coopman Conjate meestre
niet ontbreecken, die sig nog bij daag verbor„
genhoud, niet om der naijros wil, want die kan
hem niet, vermits het naijros van Lettura
off daar omtrent zijn, maar om Eenige oogen„
„dienaars en aanbrengers van mooren, waar
van een den Princepaalsten is Coerre Schermmeda
off
E
an
21"
NL-HaNA_1.04.02_1547_0320.xml,"off Tilatus in de wandeling gent een Broe¬
„der van twee onser sascorijns, een armen kalen
Luijshoudt, die bij na niet heeft te bijten off te
breecken, ook en Coophandeldt nog arbeijt hij
niet, maar alleen vasthij op zulcke voor„
dre
„vallen, gelijk ons nu is overgekomen, dan voegt hij
hem bij de naijros doetse aenwijsing wat se doen
moeten; daar voor heeft hij dan faveur om vrij
mede terooven, gelijk hij nu niet weijnig van
'tonse heeft weg gesleept; gisteren quam hier
Tijdingh dat nilaschar was weg geloopen, also
d' Couingin gelast had, den zelven te dooden,
dog andere zeggendat hij weder gevat soude
sijn, welk het seeckerste is konnen niet
weeten, Conjepole is zijn huijs geplund:t:
en gebroocken, ook heeft hij wacker wat gehad
met tamberijns Tackjes, om dat hij meede
op de diverij is betrapt geworden, dogh hij heeft
de schult op nilaschar geleijt, dese laatste
roovers zijn van Irenga navij gesonden, sijn
„de een Chittij, met eenige naijros omde
trossen en goenijs uijt tehaalen, maar zij
hebben alles medegenoomen wat ons d'anderen
gelaaten"
NL-HaNA_1.04.02_1547_0321.xml,"147
Tin
gelaaten hadden, door toedoen van Bovengen:
Pilatus, tot nog staat ons packhuijs gebonden
en daar is niets meer in als eenige bereijde boeke
vellen, die de poelas selfs belast heeft telaaten
houden, maar desen pilatues wilder ook mede
doorgaan, onsen tolcq, en aratje houden haar
noch verborgen, dog ik welt wel waarse sijn,
sij dencken ligtelijk dat Ikse sal laaten opsoecken,
om met eeren voorden dag tekomen, maar ik
hebde schelmen nu niet van doen
Ons restante Compesanten van ult„o Julij
staat mij voor, dat zijn geweest 3257: rd„s
en eenige stvers=, doch vermits onse papieren
tin deele gescheurt, en eenige medegenoomen,
soo kan sulcx niet zeecker weeten, dierhalven
versoecke Eerbiedig mij het Correcte te laaten
gewerden, om 't verdre dat daar nog bij moet
komen daar bij te sommeeren, onse princevlagh
hebbense ook gescheurt en geheel verdaan
als ook de palenquijn aanstucken geslaagen,
en veel andere moetwillen, het is nu denderden
dag dat van het laaste gespuijs ontslaagen
Zijn, doch hier is voor ons geen respect
meer
elaaten"
NL-HaNA_1.04.02_1547_0322.xml,"meer over, want dagelijcx koomender nogh
kijckers, om te sien hoedanig het hier nogh
gestelt is, en derffsz: niet tegenspreecken alse
over algaan snuffelen, dit moet soo lang duuren
volgens de mallabaarse manier, tot dat de
Coningen besogt werd, en met een geschenck
de saacke bijgeleijt is, dog ik willoop en dat he
haar qualijk sal bekommen, want hier bez
„den in dit dorp sijn plaatsen daar wons in 2a
den
daagen vaster souden konnen maacken, gelijk
het Engelse fort op Brinsjan is, daarse
soo lang aan g'arbeijt hebben, Coetsjene goeuij
heeft mij onderdaags een Caatje nevens 25 fou
tot guastus gesonden waar bij ook Een ola, waa
hij sig ontschuldigde dat van dit verraat niet geroe
„ten had, anders zoude hij daar voor zijn
geweest, en versogt dat dese saak naar Cochim
soude bekent maacken aan onse gebieders,
die daar over welsouden raatslagen wat hier
in te doen stont, off hem dit een Ernst off blo
Complement is, weet ik niet, ik zoude d'olo
mede overgesonden hebben, maar moestse un
P resentie"
NL-HaNA_1.04.02_1547_0323.xml,"148
Presentie der 2: naijros diese bragten vernietigen,
onse cruijsser hebben hier niet vernoomen
maar is Eergisteren morgen op Colletje
gesien.—
mijnse trossen leggen in 3: pakhuijsjes op strant
soo veel de nader voorons om t Inbarcqueeren,
ook eenige goenijs, d'adviso waar mede
Eijndigende beveele uE: inde hoede des alder„
„hoogsten, verblijve naar gedienstige groete
(:onderstont:) UE: bereijden en gehoorsaamen
dienaar (:was geteeckent:) Jan Bartelsz:
(:in margine:) Tengapatnam den 15=en
7ber: H N No 1694.
Extract uijt den brieff
onder dato 22en September
1694) van Coijlan naar
Cochim gesz:
Dienende nu ten principaale in geseijde
der nevens gaande ola, van d' Coninck kelor„
mo in antwoorde van d' uEE: door de tolcq
Ignatie
a
gewee
fbloote
presentie"
NL-HaNA_1.04.02_1547_0324.xml,"Ignatie d' costa wederom terughgebragt, heb„
„bende gem: koninck ook verklaart, het beroo„
d
„ve van onse logie tot tengapatn: en Cottacto,
sonder de minste voorkennis van hem soodanig
volbragt is, leggende daar ontrent grootelijcx
de schult op de twee cleijne ragidoors Nile en
matechaar, zij d' Coningin daarin soo gehoor„
saamt hebben, zonder sijn weeten, het die
gasten welke hij selver groot gemaakt hadt
nog soude betaalt setten, en 't aender betoonen
't hem leet is, hebbende gem: Coninck ook den
eerste olas, weegens die zaark soo aende
Coningen als na trevancoor geschreeven
en affgesonden, en soo alles niet herstelt
wiert soude hij sien wat hem vorder te doen
stondt
De twee atingse Poeles staen nad' coningin
te vertrecken die nog tot Trevende berouis, en
soose voorgeven om mede tot herstellingh
der logie aan tehouden; d' Engelse vrienden der
begonnen werk tot Ansjenga woordt door de
gemeente daar verhindert, en tegengestaan,
due geenvastigh„t begeeren, welke tegen 'tselve
sterk protesteeren
71
zijnde"
NL-HaNA_1.04.02_1547_0325.xml,"149
Zijnde Eergisteren tot Coijlande Sima aenge„
„komen een Expresse afgesondene der Conink
van cochim met een zijner hoogh„ts eijgen roeij
„vaartuijgh om vandaar soo der gesegt wort
d'Atingse Coningin te gaen ontmoeten,
en een ola van d„o Coninck te bestellen, daer
ook bij wort gerugt het over 't beroove der
tengapatn. se logie zoude wesen,
Translaat ola door den
Corink Rehorma aan
den Z: p„r gesaghebber
Alexander Wijghmans
gesz: ontfangen den 23=en
7ber: 1694
UE: ola door den tolcq Ignatie alhier aenge„
„bragt hebbe ontfangen, ende den Inhout verstaen
alsoo mijn moeder d'Coninginne van atin¬
„9e) hadde gehoort dat door toedoen van die van
de fortresse Coijlan op het strant een
vastigh„t was gemaakt met een Saramb
daar op, en men Canonstucken, cruijt, en loot
hadde
den
de
ijnde"
NL-HaNA_1.04.02_1547_0326.xml,"hadde toegevougt, waar mede daar uijt
was g'Cannonneert, heeft haarh:r volk naar
Tengapain: gesonden, daar door het doorgevalle
„ne aldaar is g'causeert, waar over ik soo
gevoelig bengeweest, dat ik die sweegenaen
UE: niet hebbe konnen schrijven, doch ik ben
volvaerdig alles te Contribueeren wat soude
moogen vereijsschen tot herstelling van 'scomp:s
agtbaarh„t, men kan daar over aan haarl=r
schrijven, en maacken dat d' E: Comp:s genogdoe„
„ning geschiede, d' conservatie van onse on„
derlinge vrundsz: sal ik althoos betragten,
Extract uijt den brief
Van Coijlant dato p=mo 8ber:
tiene
1694 naar Cochim gesz:
Eergisteren hebben van de residt„ J: Bartelsz:
uijt Tengapatn: schrijvens gekreegen dato 27„e
deser m:r, waar vand' Copia hier nevens tot
UEE: overgaat, daar uijt UEE: sal komen te
blijcken Zed: gem: resid=ts Jongste schrijvens
bevoorens vand' Atingse volckeren niet
meer"
NL-HaNA_1.04.02_1547_0327.xml,"150
meer is gemoeijt geweest; ten ontwijffelen
omdatter niets overgebleeven was, egter soo
scheijnt d„o resid„t nog geen verseeckeringh van
niemant gedaen is, hij ongemolesteert sal blij„
dat
„ven, 't geen komt aen tehaalen „ d'atingse Coningin
onse goederen aand' Engelse vrienden vercogt heeft,
hebben van ansjenga ook vernoomen, waerse
dieresidentie voorbij na Bettoe gedraagen
zijn, voor een gedeelte, hoe d'coopl: ontrent
Tengapatn: haar tragt pracktijckelijk te be„
Num
„dienen van paspoorten uijt Tutucorijn zal
uEE: mede gem: Copia schrijvens verthoonen,
dat wel staet te dugten die van AlinghE ook
zullen soecken te doen princepaal, de moor
ottoman door toedoen vande madureese
moor peritambij, 'twelke soo gerugt wort
hij bevoorens wel gedaan zoude hebben,
D'Ettingse Coningin wort in weijnigh
daagen wederom tot Coijlan desima, ver„
wagt, en zal ook een goet getal volk mede
brengen tot voortsetting der oorlogh tegens
„cant
die van signatij, wordende aan dese groot
dervoir
naar
al
n
ben
comp:s
6
ivens
iet
r"
NL-HaNA_1.04.02_1547_0328.xml,"devoirs gedaan omse tegen te staan, zijnde tot
dien Insigt den Jongen Coninck van dit rijck
hier dagelijcx besig met een nieuwe begonnen
vastigh„t op te maacken, daar mede aende re„
vier kant, een stuck weegs buijten zijn oude
werk heeft uijtgesprongen, connende gemelte
Coijlan de sima nu daar vandaen met het
Canon sterk beschieten en dwingen, wordende
ook gerugt een Inval daar van sints zijn
in te doen, zoodatse zoodanigh benouwt worden,
welligt soo die van Atinge niet der met
goede magt tehulp comen, te duchteurs, poele
de bariatte, met al zijn onderhoorige aen
dese Coninck der onderwerpen en onder„
daanigh waansien worden.
Coilang
Aan d' E: Hendrik vockestaart
&m
ondercoopm: en p„r gesaghebber
van 't Luijder mallabaar
Beijde uE: aangename letteren vanden 17=en
en 20„e deser zijn mij op haar behoorlijcke tijt
wel"
NL-HaNA_1.04.02_1547_0329.xml,"151
wel toegebragt, in welke laaste mij is geblee„
ken d'Correcte somma onser restanten van ult„o
Julij, waar bij nog 't weijnige verkogte spiaulter
en stoffen staat gevoegt te werden, wil niet
twijffelen off dat eens satisfactie sal gevord„e
werden, van al de rooverijen nu een tijt langh
herwaarts door de hoogdraavende Coning in soo
smaadelijk gepleegt, wij sijn nu 'tsed:t tot nog van
de roofvogels bevrijt geweest, vermits hier ook
niet meer tehaalen is, maar nu komender
verscheijden soo natjros als mooren die ons met
Crocodils kaanen beklaagen, d' Coningin hout
tegenwoordig een groot heeft van thiendaagen
lang, als 'tselve voleijnd is, werd geseijt dat se
wederom ten oorlog naar Coilan sal optrecken,
twee mooren zijn hiergeweest, welke hier ook
woonagtig, verklaarden dat zij E: dese verraderije
onsen aratje bekent gemaakt hadden, den
eenen 4 dagen bevoorens, den welken hij tot
antwoort heeft gegeven, dat hij 'tselve mij
zoude bekent maacken, maar heeft zulcx
niet gedaan, den anderen drie daagen bevoorens,
den welken hij quaat bescheijt heeft gegeven,
Leggende"
NL-HaNA_1.04.02_1547_0330.xml,"Zeggende waarom komt ghij hier met sulcke
leugens, ik ben dat van uE: niet gewoon, dat je
met Leugens omgaat, doch den moor protesteerde
tegens hem zeggende, dat hij 't mij soude bekent
maacken, off hem vergunnen dat hij selfs bij mij
quam, maar wilde hem niet binnen laaten komen
seggende, wegh wegh, met uleugens, daar op
heeft hij 's anderen daags verloff gevraagt om
zijn vrouw na Cottatte te brengen, heeft onder
„wijl zijn goetje alles mede genoomen, gelijk
naderhand bevonden hebben; onsen tolcq blijft
ook nogh verhoolen, wij hebben nog drie sascorijns
die tot nog getrouw sijn gebleeven, d'Engelsz
off haar benjaanen heeft onse gerooffde
lijwaaten g'cogt, en souden al parthij na bertoe
zijn gebragt, om vandaar na Calicout te
vervoeren, op Colletje is een noortvaarder
met Canarase reijst gelaaden aangekomen,
die met lijwaaten met het kenteren vande
mousson staat weder noortwaardt te
vertrecken; dese naviganten omtrent hier woo„
„nende, beginnen Listelijk te handelen, gelijk al
een tot Couvaar die een pas van tutucorijn
heeft"
NL-HaNA_1.04.02_1547_0331.xml,"152
heeft gehaald, en eenige madureese roeijers
medegebragt om op de naem van madureese
Coopl: te vaaren, soo deesen dat wel gelukt sullen
der al meer gevonden werden, die deselve
practijck sullen speelen
hier loopt 't gerugt sterk onder de Inlanders dat 'er
van Cochim tot Coilan zijn aangekomen
500: blancke militairen, buijten andere Inlantse
soldaaten, wat daar van is, verhoop ons de waarhe„t
daar van van door UE: sal mede gedeelt
werden, soo uE: een pennemes overhebt, gelieft
mij met een te secondeeren, want zij hebben
mij van drie stx: ook niet een laatenhouden,
den Coopman Colate meestre heeft mij
met 20: pagooden gesecond:t het welk eerbiedig
versoek als onse cruijssers komen gelieft mede
tesenden, maar niet overlandt d'adviso, waar
meede Eijndigende beveele uE: inde hoede
des alderhoogsten, en verblijve naar gediensti¬
„ge groete (:onderstont:) UE: bereijden en gehoor¬
„samen dienaar (:was geteeckent:) Ian bartelsz:
(:in margine:) Tengapatnam den 27=en 7ber:
Ao„ 1694
Extract"
NL-HaNA_1.04.02_1547_0332.xml,"Extract uijt den brief
onder dato 6=en 8ber:) van Co„
Nuw
„chim naar Coijlan gesz:
Het voorneemen der Engelsz: om haar Chialoup
tot aijwika tebrewr op de wal te laatenhalen,
ende goederen daar uijt met Inlantse vaartuijgen
naar Brinsjan te doen afvoeren hebben wij
gesien, en saldaar tegens niet anders konnen
gedaan werden als In't passeeren bij onse
Ane
wagthouders de behoorlijk visite te neemen,
op dat ergeen sluijckerije, ofte ijts anders ten
nadeele vand' E: Comp:s onderdiendekmantel
komt te geschieden, daar op goede agt moet
werden geslaagen, want wij haar soo niet
sullen konnen dwingen als omtrent d' Inlanders
welgeschiet, om Licentie brieffjes
daar toe van ons aff tehaalen.
Den ander dato 9:' 8ber 174
van Coijlan naar Cochim
gesz:
Van Tengapatn: hebben wederom soodanige
brieffje"
NL-HaNA_1.04.02_1547_0333.xml,"153
brieffje Erlangt als d' Copia daar van ne„
„vens leggende uEE: des gelieve aan
thoonensal
Coijlan
Aan d' E: Hendrick Vodkestaart
ondercoopm: en p:r gesaghebber —
Van 't Zuijder mallabaar
hoste
Den 27=en der gepasseerde maant is mijn 8„o
aan uE: geweest, welkers bestelling niet
en twijffele, dese dienen nu tot geleijde van
onse mannapaasz: kerende pattemaar, als
mede tot advijs hoe sigh onse aratje op den
29„e der gepasseerde maant wederom ten voor„
„schijn heeft gebragt, komende hier houdende
sig geheel bedrukt endroesig dat men haast mede„
„lijden met hem soude gekreegen hebben; indien
ik zijn schelmagtig hert niet gekent hadt,
hij bragt tot sijn verschooningh in, dat hij bangh
„ om ook
was geweest eenige fan:s soude hebben moeten
betaalen. daar op ik hem diende, indien hij bevreest
was"
NL-HaNA_1.04.02_1547_0334.xml,"was van comp:s weegen eenige fan:s te betaalen
soo moeste hij ook van gelijcke soodanigh zijn,
om comp:s geldt te winnen; en hem geseijt dat hij
wederom inde ruijgte kost gaen kruijpen daar
hij van daan gekoomen was, nu gaet den schelm
bij zijn mackers de mooren die hier mede gerooft
hebben) mij Olameeren seggende, dat ik geseijt
hadt wieder voord' Coningin soude behoeven
bang te sijn, tot kleijnagtingh van haar, en
hoe ik 's Conincx nairos smadigh had nage„
„sproocken, die hur aandelogie waren gekomen,
van weegen dat den ondercoopman S„r Johannes
Wighmans als die met de kruijsser hur gepass„t
is, op haar off de tollenaars in zee geschooten
had, en meer andere beuselingen die te langh
soude vallen om te verhaalen, 't schijnt dat hij mij
daar mede vervaart wil maacken om hem weder
„om teroepen, dogh dit is geen nieuwtje met dese
fielt, ik sal dierweegens een copia van seecker
inde brieff door den gewesen resid„t bremer aen
den EE h„r Command„r Iacob lobs geschreeven,
luijdende van desen schelm zijn listige streecken
als ook een ander aen den Coopm: S„r marcellius boevun
van hier gesonden,
Onsen"
NL-HaNA_1.04.02_1547_0335.xml,"154
Onsentolk fit nogh tot morale in d' Cluijs, t scheijnt
dat hij zijn Concientie niet al te suijver kem
om voor den dag te komen
Desen gaat nu p„r noelia, vermits den patte¬
„maar geselschap kreeg: heb ik hem niet willen
ophouden, soo als desen dus verre gesz: bequam uE:
nader schrijvens van den 2„en deser, waar ingesien
dat den Conink kelorma sig ontschuldigt van
dese zaak niet te weeten, nogtans is zijn volk
daar bij geweest, en voornamelijk nilasohar
die ons hartste parthij is geweest, d' uijtgeschoo„
„ten penn: van Cojate meestre hebben soo groo„
te haast niet als die maar voldaan werden,
eerw van hier Comen te gaan, want hij off res„
„seert indien nog ijts benoodigen niet in gebree„
„ken sal blijven
mijns pakhuijs wordt nog geslooten gehouden,
tm
Chetti enden moor
doorden voor desen gem:
Coerre Schemmeda off Pilatus om eenige
leenigheeden als overleer, boeijangs ende
plancken die op de stellingen leggen, zijnde
angelij
Onsen
O"
NL-HaNA_1.04.02_1547_0336.xml,"angelij plancken, en binnen ' Jaar eerst daar
op geseijt hebben, en 'tscheijnt mij toe dat dese
schelmen sulcx uijt haar eijgen authoriteijt doen,
en sonder last van Trengia navr, want ikben
van eenige mocquas gewaarschouwt dat desen
moor pilatus bij nagt in de packhuijsen gaan
waarse de trossen en eenige goenijs geborgen
hebben, enhaalt de goenijs daar uijt die hij gelijk
Zij presumeeren op Brensjan aand' Engelse
vercoopt, het soude niet qualijk komen dat zulcx
den Conink off Trengia bekent gemaakt wierd,
alleenigh omden schelm vanden moor wat te
doenplaagen, want hij is ons hartste parthij
geweest, in 't narooven doe 's Coningins volk
al gedaan had; ik sal hier mede Eijndigen en
met patientie en groot verlangen een goede
uijtcomst verwagten, waar mede UE: in de hoede
des alderhoogsten beveele, verblijve na gedien„
„stige groete: (:onderstont:) UE: bereijden en
gehoorsaamen dienaar: (:was geteeckent:) —
&in
Ioan bartelsz: (:in margine:) Tengapatn:s
den 5en. october: A„o 1694
Extract"
NL-HaNA_1.04.02_1547_0337.xml,"155
Extract uijt den brieff van
Coijlan, onder dato 21=en 8ber:
1694, naar Cochim gesz:
do
L=m aande bij dese wederom tot uEE: over een Copia
tmeede
Tengapatn: briefje, dato 15„e deser maant van
de resid:t Joan Bartelsz: erlangt, daar bij uEE:s
gelievende sult connen ontwaaren, hoe aan
't Alingse Hoff eenige affgesondene met een
schenkagie bij de Coningen geweest zijn van
de deense Natie, uijt Trangabaar, affgesonden,
van Ansjenga comen te verneemen; het afge„
„sante vande france vijanden geweest zijn,
dogh het eerste is wel voor 't naast te gelooven,
mits daar bij omstandiger aangehaald wordt,
Coijlan
Aan d' E: Hendrick vockestaart
ondercoopman, en p:r gesaghebber
van 't Zuijdermallabaar
UE: aangename letteren van den 11„en deser
sijn mij door de keerende noelia wes toegebragt,
mine
n:
a
en"
NL-HaNA_1.04.02_1547_0338.xml,"en alsoo daar op niet te rescribeeren heb, dienen
dese weijnige tot advijs, hoe tot Tiriwenderom,
bij d' Coningin sijn verscheenen, seecker affgeson„
„dene van kamkebaar, door de deense gouvern„r
gesonden zijnde 6 persoonen, alle Inlanders,
de voornaamste van die zoude een braminee
zijn, van 't Canarijnse geslagt, hebben tot een
geschenk gebragt eenige rollen zijde stoffen
in ppier gewonden, een Costelijcke houwer,
een rottingh met gout beslaagen, en een kleen
Casje met roodt fluweel overtrocken, daarge„
presumeert werdt eenige Comptanten ofte
Iuweelen in geweest te zijn, zij hebben mede
om den pper: handel versogt in haar landt, het
geen haar soude toegestaan zijn, dat maar met
haar scheepen souden Comen, dat haar dan een
plaats soude aengeweesen werden, om een
huijs te mogen timmeren tot den handel, sij Coule
eergisteren wederom vertrocken zijn, door den
weg over 't gebergte, van waarse gecomen zijn,
dese zouden al voor drie Iaaren door den moor
otthoman van paroe daar toegen„t sijn ge„
welst, die altijt voorgeeft een vrundt van
d' E: Comp"
NL-HaNA_1.04.02_1547_0339.xml,"156
d' E: Comp:e te zijn, maar hij draegt het vuur
in d' Eene enhet waater in d'anderhandt
nu willen hoopen hij ook wel eens naar merite
g'accommandeert sal werden,
Wij sijn nu nogh vrij van eenige moleste
der nairos, alleen dat ons Pilatus nog alte niets
Comt te besoecken, nu die schelm sal metter
tijt zijn loon ook wel krijgen, hier mede
niet meer hebbende besluijte en beveele uE:
in de hoede des alderhoogsten, en verblijve
nagedienstige groete (:onderstont:) VE: bereij„
den en Gehoorsaamen dienaar (:was geteeckent:)
Lunn
J: Bartelsz: (:In margine:) Tengapatn:
den 15=en October A„o 1694; (:noch laager)
gelieft om een pennemesje te dencken, vase,
Extract uijt den brief
dato 29en october 1694. van
Cochim naar Coijlangesz:
Den toedragte veeler saacken omtrent ten gap:
atingen, signatij, als d'Engelse vrienden
hebben wij geselsen en ons tot speculatie
laaten
souden"
NL-HaNA_1.04.02_1547_0340.xml,"laaten dienen, dies daar op niets anders vinden.
t'antwoorden, dan dat uE: bij zoodanige Com„
„municatie telkens moeten Continueeren,
en bij sonderlijk nauwkeurig berigt te sien
t'Erlangen, weegens d' affgekomene deense
affgesanten aangem: vorstinne van Atin„
gen, als wat van haare onderhandelinge
en conferentie met den anderen voor de
zeeckere waarh„t mag werden gelooft ende
aangenoomen, om ons des vereijsschende tot
narigt t'connen dienen.
Een onder dato 11=en xber:
1694: van Coijlan naar
Cochim gesz:
En dese wederom laaten dienen om u EE:
schuldtpligtigh 'tvolgende t'adviseeren, Zijnde
eergisteren tot Coijlan de sime aangekomen
geweest een hofs bramine vanden trevan„
„coorsz: Conink kelormo, uijt Peritalij,
die vandaar den ondercoopm: vockestaart liet
weten door genoemde vorst affgesonden waar
m
om een ola van zijn hoogh„t gesz: aen uEE:
hier ter fortresse selver t'overlandigen, dies
versogt"
NL-HaNA_1.04.02_1547_0341.xml,"157
versogt wij hem van daar door de vastigh„t van
singenatij geliefde segoer te helpen passeeren,
waar op deselve aff laaten halen hebben, en hier
binnen komende overhandige d'ola van gemelte
sijne Coninck met Jnstantig versoek die
UEE: ten eerste wilde toekoomen laten
en't Antwoordt daar op b'comende zijn ho„t
soo draa moogelijk over tesenden, gaande d„o ola
dan nevens dese tot uEE:s ook over, als ook nog
een ola van de poele d'ebariatte mede aen
UEE: verschreeven, En een brieff der coopl:
van gem: Poele, den taalman Joan Fernando
van Cateree wederom gekomen zijnde, heeft
van 't peritalijse rijck anders niet konnen
verneemen, als dat met het doen der Ceremonie
over d'overleeden Conink dat in 't laast deser
maandt geschieden moet, de singenatijse
vorst zig mede in zal soecken te dringen
met vorse, soo 'tanders niet en kan, hebbende
hij selfs dagelx: groote Correspondentie met
Eenige der trevancoorse poeles die daar zijn,
Wordende d'alingse Coningin als nogh
op die tijt daer verwagt, die alhier aen
der
V"
NL-HaNA_1.04.02_1547_0342.xml,"der Hoff tot Coilan de sime al heeft laaten
weten, sij staat daar eerst eenige daagen
te verblijven, en voor aff over tecomen,
Translaat ola door
den Coning Kelorma aan¬
den E. heer Command=r
den
gesz:, ontv: den 13=en xber:
Ao 1694.
Op mijn ola met den Tolcq Tgratie UE: toege¬
„sonden, hebbe tot nog toe geen Antwoort er„
„langt, ik heb weegens het voorval tot Tengap:
ontrent d' Coninginne van Atinge soo
onophoudelijk aangehouden, dat Eijndelijk is
goet gevonden's Comp:s gekrenkte agtbaarh„t
dien aangaande tot genoegen in der bester vou„
„gen te herstellen; dat uE: was gecomen als
Command„r Jn plaatse van den overleedene,
heb ik met blijdschap verstaen, ik heb ver¬
„scheijde saacken met uE: te verhandelen, dies
versoecke wanneer voorsz: saek sal volbragt
wesen
E"
NL-HaNA_1.04.02_1547_0343.xml,"158
wesen, en onse gesanten bij uE: komen te
verscheijnen, uE: eens herwaarts believe over
te Comen, ondertusschen dat ik vertrouwe UE: d'culti„
„vatie van onse onderlinge vertrouwelijkh„t sal
meer ende meer betrachten tot argumentatie
vand' vrundschap. —
Als vooren door den
Prins van Signatij
Den 30e„ vande maant britsigam, (zijnde
den 10„en deser:) is de schenkagie aan ons over„
„handigt, ons rijk leijt groot Intrest, omdat
d'E: Comp:s niet en behaagt in ons land den
handel te drijven, agtervolgens den teneur
van d' Contracten voormaals tusschen ons rijk,
end' E: Comp:e gemaakt, end' coopl: klagen
ook daar over wonder seer, ik heb met den gesag
„hebber der fortresse Coijlan wegens het
voortsetten van den handel, ende prijsen der
Coopmansz: gesproocken, wien daer op ten
antwoort diende, dat onvermogens was daar
ontrent ijts te doen, buijten speciaale ordre—,
van Cochim, daarom ben ik te raade geworden
geschreeven. —
dese"
NL-HaNA_1.04.02_1547_0344.xml,"dese ola tot uE: te laaten affgaen, uE: believe
dan den gesaghebb„r voormeld t' authoriseeren
den handel te moogen handhaven, tot Conservari
vand'onderlinge vrundschap, —
Ik ben berigt dat 'er op cochim twee kleijne
Eliphantjes zijn, d'E: Comp:e toebehoorende,
UE: believe een van deselve aen mij over te
laaten, mits betaaling, want ik ben daar seer
naer verlangende, ik blijff dan het gem: ani„
„maal ten eersten te gemoet siende,—
Als vooren door Poele
tine
de Bariatte gesz:—
Het is mij aengenaam geweest te hooren
dat uE: voor Command:r van Cochim, ende
verdere conquesten op mallabaer was ge„
„comen, wij hebben voorden Iare 870: geen
schenkagie gekreegen, daar is ook geen pper:
gewoogen, men verleent ook geen paspoorten
aan onse Coopl: en om datse geen negotie
konnen drijven, hebbense haar beklag ontrent
ons daar over gedaen, aend' coopl: van signatij
werden paspoorten verleent, wij hebben van
der beginne aff dat d'contracten van vrunt„
„schap tusschen ons, en d' E: Comp:s zijn gemaekt
tot"
NL-HaNA_1.04.02_1547_0345.xml,"159
tot dato deses, niets Contrarie der selver Jnhou„
„de, tegenhaar Ed=le gepexeert, het is een harde
saak dat onse coopl: paspoorten werden
onthouden, daarse aen andere Coopl: tehun„
„ner genoegen werden afgegeven, d'E: Comp:s
heeft altijt ons, en signatij als een aengesien,
ende g'considireert; den tijt is nu Immers
verscheenen dat d. Insameling van den pper: moet
geschieden, uE: gelieve onse coopl: dan te be„
„quamer, op datse pper: souden connen leveren,
wij zullen niet mancqueeren om ons na
onder gewoonte ontrent d' E: Comp:e te gedraa„
„gen.
Translaat brieff door
d' Coopl: tot Coijlan, aan
^&
d' E: h:r Command„r gesz: —
ontfangen den 13=en xber:
Anno 1694
Line
Wij gesamentlijk: Coopluijden van Coilan
desima, geven te kennen, dat in den Iare
Lun
838; d' Contracten van vreede, en vruntsz:
tusschen d' E: Comp:e en signatij, en cherewaij
zijn"
NL-HaNA_1.04.02_1547_0346.xml,"zijn gemaakt, en dien volgende hebben onse
voorsaaten, en wij ons althoos bereijt laten vindien
ten dienste van d' E: Comp:s, en voortsettingh
vanden handel, wij hebben ons noijt met andere
natien Ingelaten, het heeft nu vier Iaaren ge„
duert, dat d'E: Comp„e ons tot den handel niet
heeft willen admitteeren, seggende dat wij met
d' Coopl: door d' E: Comp:e gestelt in eenigen
deele konden handelen: wij hebben altijt moeten
bestaan door de vaart vand' Inlantse vaertuij„
„gen, comende vande Zuijt soo wel als van de
tinne
noort, daarwij d' Coopmansz: van Cagten,
en die vertierden over Coijlan de Sima, waar
mede wij ons erneerden, maer nu wil d' E:
Comp:s ons nog in haar dienst gebruijcken, nog
paspoorten aan ons Laaten verleeven, all eenigh
Comen de maracarmaros, en naijros, wonende
op paroe, en Tuwellaij, die vaartuijgen, en
parros hebben deselve bekomen, die ook
onb' commert vaaren, en ons wordense ge„
„weijgert, daar we staan onder de gehoorsaemh„k
van d' E: Comp:s derhalven keeren w'ons tot"
NL-HaNA_1.04.02_1547_0347.xml,"160
UE:, met versoek dat uE: ons belieft te favoriseeren,
&
gelijk althoos ontrent onse predessesseurs is
geschiet, want w' anders geen Levens middelen
hebben, verwagtende hier op een favorabel appo„
„stil, was geteeckent Anandachettij, success„r
H„r
van Sjokanada Hettij
De soon van Chrisnia.
De neeff van Matechiauer,
Wengatessa soon van narna,
Cheria mapel soon van t home¬
Aripatthel
Cunje meter moor
Shidemperachetty
Narna Saraaff,
Gecollationeerd Accordeeren
Cochim adib. December 16
G
en
eten"
NL-HaNA_1.04.02_1547_0348.xml,
NL-HaNA_1.04.02_1547_0349.xml,
NL-HaNA_1.04.02_1547_0350.xml,M6.
NL-HaNA_1.04.02_1547_0351.xml,"161
Translaat ola door haar E:
heer Commandeur adriaan
van ommen gesz aan de koning:
van atingen den 18en. November 1694:
Med mijn aan komste alhier van batavia omnipiaatse
vanden overleeden E H=r Commandeur Isaac van dielen —
het opperbestier over de Custen van mallabaar, Canara
en wingurla als absoluijt Commandeur te bekleeden —n
dat geweest is den 11=e deser loopende maand kwam mij
seer vreemt te vooren van sComp=s bedienden alhier —
te hooren en verstaan hoe u ho=t zigh niet hadde ontken—
d'E Comp verscheijde affronten en smaacheeden Io openbaare
geweldenarije en vijandelijcke daaden toe tebrengen zoo
wel omtrent 't aanslaan en arresteeren van verscheijde —
packen sComp=s lijwaaten areek en tabak mitsgaders —
een Eliphant welke voorden Coningh sammorijn
van Iaffanapatnam gesonden was en nu laastelijck met
het spoolieeren en berooven van 'sComp=s middelen en —
effecten inde logie toe tengapatnam als meede: dat uw
hoogheijt vreemde naaties in haar rijck in transe verleent
ende vrije possessie vergunt zoude hebben om haaren
handel aldaar te drijven ende pper te vervoeren en nade„
maal alsulke doeningen en bedrijven reegel regt koomen
te strijden tegen alle d'verbonden en Contracten tusschen —
uw hoogh=t en d' doorlugtige Comp, van ouds her opgerigt
ende nogh onlangs wanneer uw hoogh=d op, Coijlan was
gekoomen nader vernieuwt geworden zoo heb ik uw
hoogh=t bij desen in mininelijkheijt daar van willen —
vermaanen en versoecken dat uw hoogh=t gelieven te betragten
ende sorge tedraagen dat d'E Comp over alle voor aangewesene
beleediginge behoorlijcke sadisfactie en genoegdoeningh
gegeven
ƒ"
NL-HaNA_1.04.02_1547_0352.xml,"gegeven werd op dit alle onlusten verweijderinghe en—
ovreijler onheijlen die in tegendeel daar uijt staan—
voort te spruijten bij tijts mogten weg genomen ende
voorgekoomen, mitsgaders voortaan tusschen u hoogh=t
end' E Comp na volgens den jnhout der voorsz Contracten
een goeden harmonie en vrundschap onderhouden en c.
gecontinueert werden waarop ik ten eersten beschijt
van uw hoogh=t zal verwagten.
Translaat ola door de
vorstinne van alingen aan—
d' E heer Commandeur adriaan—
van ommen gesz ontfangen
den 2=en xber anno 1694. —
Cola hebbe ontvangen ond' den Inhout verstaan wyj hebben
tot nog toe d' E Comp geen reden tot verwijderingh direc„
telijk gegeven en wanneer d' ministers van d'E Comp:
over het een ofte 't ander alhier zyn Comen Claagen —
hebben w' niet nagelaten 'thunnen Contentement
daar inne te disponneeren maar op mijn aanwesen
Jongst op Coilan heeft eenen Ioanij Cruijt loot schiet
geweeren engelt beschikt aan die van signatij waar
mede zij opors hebben geschooten daarom en omdat baba
onse thollen en geregtigheeden tot onse schaade ons onthout
hebben we daar over revengie gesogt en zoo nu eenige
belediginge d' E Comp is toegebragt zyn w' genegen in
efecte van d' Ehrt Contracten van vruntschap voor„
maals tusschen ons rijck en d'E Comp gemaakt satisfactie
tegeven end' previlegien daar inne vervat voortaan
te doen genieten uE believe maar eenige gesanten —
van gerequireerde Capaciteije van 'sComp=s wegen —
en
G"
NL-HaNA_1.04.02_1547_0353.xml,"n
162
en het Cochinisz rijk herwaarts te senden om over d'
saaken te confereeren en deselve te accommodeeren
ten eijnde d' ontstaane geschillen mogen wegh genomen
en in toecomende een goede vrundschap onderhouden —
werden als zijnde daar toe van onse syde ten vollen
g'inslimeert
Accordeert
M
Jn
hijt
de
a
a
ge
in
sch
baba
hout
enige
voor„
ffactie
taan
ten
gen —"
NL-HaNA_1.04.02_1547_0354.xml,"„ 7.
N"
NL-HaNA_1.04.02_1547_0355.xml,"163
Minuit ola door den E Heer
Het de terugh komste van onse gecommitteerdens —
hebbense het verhandelde aldaar met uh=r omstandigh
gerelateert 't geene daarop, vereijst werd staat ten eersten
ondernoomen end' nodige wetenschap, daar van uht=t
gegeven te werden mogende uh=t sigh verseekert
houden dat w' gaarne alles zullen contribueeren, tot
bevorderinge vanden algemeenen welstant op dat
vertrouwen uh=t mede niet zal mancqueeren —
het zelve nae uytterste vermogen te behertigen desen —
dient nu alleenlijk om u h=r te verwittigen dat w'opuh=ts
versoek raakende d' vaart van u h=rs Coopluijden agt
genomen hebbende goet gevonden hebben haar paspoorten
te laaten verleenen om nae tutucorijn end'onderhoorige
residentie plaatsen te mogen navigeeren mits d'ouredelijke
handelingen van den moepenaar van manapaar soo
meede staat binnen twee a drie dagen een chialoup,
nae Coilan gesonden te werden om op de sluijckers —
en rovers te krussen en tegelijk de vaartuijgen van d'
Coopluijden te Convoijeeren tot aand' koop Commerijn
twelk d'Coopluijden kan aangeseijt werden: —
P„o gesaghebber alexander wig„
mans aan den Ragia van Calicoi„
lang gesz: den 26=en 8ber ao 1694
Als
N"
NL-HaNA_1.04.02_1547_0356.xml,"als vooren door den Ragia
U Dola hebbe ontvangen eend' den Inhout verstaan
volgens d' gehouden tsaamen spraak tusschen mijen —
uE gecommitteerden alhier versoecke wij dat d' saak
ten eersten doenelijk magh Int werk gestelt en van 't
succes mij kennisse gegeven werden In tusschen dat
ik uE versekere dat ik uijt vigeur van d'oude aliantie
steets sal poogen met d' E Comp een opregte vruntschap
te onderhouden en houdende de belaagen van desen
beide slaaten voor gemeen jntrest deselve onverschillig
zal helpen maintineeren en daar toe alles Contribueeren
't gene mijn vermogen maar zal konnen bij brengen
over het subject der Coopluijden met deselve gesprooken
hebbende, hebbe bevonden datse inclineeren voortaan
haare negotie ter Custe madure in plaatse van op
manapaar op Caijlpatnam te begrijpen uE believe
haar dan paspoorten des versogt werdende telaaten
verleenen om die haven te mogen bevaaren en —
dewijlle nu besuijden Coijlan niet sonder becom„
mering derven vaaren versoeke dat uE aan haar —
Convoij believe telaten verleeren.—
Minuit ola door den Eh=r
Commandeur adriaan van
Commen aan den ragia van—
Calicoelang gesz den 28=en 9ber
a„o 1694.
Wij hebben eenige weynige regulen Corte dagen geleden
van Calicoilang gesz —
tot"
NL-HaNA_1.04.02_1547_0357.xml,"165
164
is
tot andwoort op uh=rs olees aengaande d' voart van ust=rs
Coopluijden afgesonden waarinne wij geloopen uh=t
volcomen genoegen zal hebben geschept de sendient
nu wijders uh=t aan te kundigen dat w'agt genoomen —
hebbende op ul=tos tragtingh op dat d' nogh sweevende —
misnoeginge tusschen den Coninck van Cochim en uh=rt
mogte weg genomen en een goet verstant Conen —
versoekende daar toe des EComp=s mediatie hebben w'
zulcx voor een billicke en heijlstame sake aangesien
als over een Comende met den algemeenen welstant
en d' hoog noodige harmonie waaromme dan ook niet
hebben willen versuijment die saak In den boster —
vougen ontrent den Coninck van Cochim voor te draagen
en hebben door ons Ernstigh aanhouden, niet tegen„
staande syn h=t sustineert groote reden tot agravatie
gegeven is het vooreerst zoo verre gebragt dat belooft
heeft niets feijtelijcx tegen uht=ts rijck zal Comen —
te ondernoemen in hope dat uh=r ook niet zal —
nalaten in alle redelijckh=t zyn h=t genogdoeningh
tegeven waar op u h=t zigh dan ook gerustelyk. —
believe te verlaaten In middens zullen w' alle —
mogelijcke devoiren aanwonden om d' onderlinge —
vruntschap, met gemeen genoegen te vernieuwen
In welk geval gantsch niet en twiffelen off uh=t zal
sigh ook laten vinden in het geene van uh=rs ver„
moogen moghte gerequireert werden tot manitenne
van 't gemeen belang.
Dola door den resident mij toegebragt hebbe ontvangen
end' den inhout verstaan ge mijola Iongst aan uE geschreeven
Translaat ola door den ragia
van Calicoilan aand E Heer Com
mandeur gesz ontfangen den 7=den
Xber anno1694.
wegens
ag
a
k
van 't
dat
aliantie
ntschap
desen
schillig
tribueeren
gen
sprooken
taant
van op—
believe
ten
—
van
v
ber
geleden
-
dat"
NL-HaNA_1.04.02_1547_0358.xml,"weegens den handel in ons land en de van 't onser Coopluijden
heeft uE zoodanigh ten goede daar op, believen te and„
woorden dat daar over seer verblijv ben geworden hebbende
daar bij vastelijk konnen afnieten dat uE volkomen van
Intentie is den handel In ons Lant ten allen deele —
te favoriseeren, uE gelieve dan ook te behertigen dat
d' ECompe negotie mede behoorlijk magh voortgeseth
werden; aangaande het cochtens rijk de geschillen
die voor desen waaren ontstaan zijn ovrstaan Iongst door
tusschen spraak van d' E Comp en den konink sammorijn
bemiddelt en zoodanigh ten goeden Ingeschikt geworden
dat de reconsiliatie daar op, door personeele ontmoeting
met den laast overleeden Coris koning is gevolgt
de persoonen die de saken doenmaals hebben bijgewoont
zullen uE zulcx omstandigh konnen berigten om het
gene daar ontrent van Eijst naar te Comen ben ik —
al thoos volvaordigh; zoo mede om alles te contribueeren
wat in mijn vermogen zal wesen daar mijn dienst
zoude mogen requireeren tot bevordering van des —
E Comp en des Conincx van Cochims oogmerken ten —
algemeenen welstant ik versoecke maar te moogen
weten wanneer ik het zal konnen thoonen, gelieft
uE Imant ten dien eijnde herwaarts te senden 't zal—
mij aangenaam wesen off is uE behagen dat ik mijn-
gesant bij uE siende zal uE denselven door 's Comp=s
ministers derwaarts believen te laten Convoyeeren, uE
gelieve gedagtigh tewesen dat ik veele vijonden heb
met versoek dat uE mijn heijl believe te betrogten en mij
te ordonneeren hoedanigh ik mij zal hebben te gedraagen—
da door d' E: H:r Command:r
aenden Ragia van Calicoijlan
gesz: den 14=en decemb:r anno 1694. —
uh=ts"
NL-HaNA_1.04.02_1547_0359.xml,"165
UE=ts ola hebbe ontvangen, enden Jnhout verstaan, uE=ts
goede inclinatie tot d' E: Comp:, en bevordering der gemene saken
hebben daer bij met bijsonder genoegen bespeurt, het sal niet
nodigh wesen dater afgesanten gesonden werden, dewijl ik van
voornemens ben binnen Corte dagen mij personelijk naer d'
Zuijt te begeven, wanneer wij den anderen sullen konnen
ontmoeten, en van d' nodige saken gesproken, en gedelibreert
hebbende, een heijlsaam besluijtnemen, op dat het strecken
magh tot den algemenen welstant.
Accordeert
Vo
Vent"
NL-HaNA_1.04.02_1547_0360.xml,
NL-HaNA_1.04.02_1547_0361.xml,
NL-HaNA_1.04.02_1547_0362.xml,N„ 8.
NL-HaNA_1.04.02_1547_0363.xml,"166
Jnstructie voor den onder„
Sonsbeek, vertreckende med Jagtjes
de Jaager, ende Plathuijs Nade Noorder
Compt=ren deser Commanderije, Inson„
„derheijt mirzee ofte Coudewal soo
tot voortsetting der negotie als het
Noodige verder in den dienst derE
Compe. aldaar te verrigten, Luijdende als
volgt
koopm: S=r matthijs dirksz:
Het is uw E ten vollen kennelijk hoedanig uw E door
d' E H=r commandeur Isaac van dielen zal=r mem:
en raad, g'eligeert zijt, bij resolutie van den 25:' 7ber:
des afgeweeken Iaars, om in commissie med de jagt=s
voormeld, na de noorder comptoiren deses commande„
„ments te vertrekken, en te tenteeren off den handel aan
dien hand, insonderheijt op mirzee ofte Coudaar, (:op d'
jnteretive noodiging van den mogolsen gouverneur dier
landen, genaamd Nabab mamatchan, op seer favo„
rable conditien uijtwijsen de decopia van desselvs
translaat kiev, welke nevens het Extract der resolui„
„tie voormeld; UwE ter naagtinge, bij desen werden toe„
„gevoegd:) welke nu eenige Iaaren herwaars botstil
gestaan off seer wijnig beschooten heevd, weeder niet soude
op"
NL-HaNA_1.04.02_1547_0364.xml,"op te wakkeren sijn, soo meede te Ervaaren wat
Effect te verwagten. zij van d'aansoecking van voor
gouverneur, ten welken Eynde reeds in 't jagtis se
jager sijn afgelaaden de naargenoemde koopmansz
als
50000. lb: Iapans staavkooper
12000. —. mallacx thin
12000. -. spiaulter
21043. —. groot looth
500:-. sandelhout
2032. -. nooten muschalen
2040. —. n=o. garioffel nagelen
201½ @ roodlaaken
225½ —. groen d=o
500. lb. netto vermiljoen
496. —. . . . . . . beng: lange pper.
2007.- beuto Foelij
500. —. netto benjewin
494. —. boute caneel
531. —. Iapans campher
500. —. netto quitzilver
dog jmmiddens den almoogende behaagd hebbende oor„
„sen. E H=r commandeur zal=r in den weg van alle
vleesch te laaten jngaan, hebben wij, trachtende den
dienst van onse betaals heeren naar de maate
van"
NL-HaNA_1.04.02_1547_0365.xml,"167
Van ons gering vermoogen, voort te setten onder anderen
oock na rijpe deliberatie in raade g'arresteert dese uw E
geprojecteerde besendinge, als over een komende med de
jntentie van haar Ho: Ed=le Agtb: de hooge regeringe
d
van India tot Batavia, vervat in haar ho: Ed=e agtb:
missive de dato 10 Janu=rij 1693, waar uijt uw E meede
een Extract is ter hand gesteld, ten spoedigsten doenelijk
te laaten Effect sorteeren, dog andere Emportanter
besigheeden, soo med het vervaardigen der noodige kondtz
na 't patria, en Batavia, als het depeschieeren der
scheepen hebben ons beleth dat wij sulkx niet eerder
hebben, konnen werkstellig maaken als nu, en
„schoon wij weeten dat uw E lange jaarige gepres„
„teerde diensten in, en omtrent de commercie hier
ter kiste, soo veel er varendh=t heevd toegebragt, dat
uwE het waare Intrest van d'E Comp=e dien
aangaande volkoomen kundig zijt, soo hebben w'
Egter dienstig g'agt uwe te versien med soodanige
ordres, als wij na onse beste kennisse oordeelen med
den waaren dienst van onse heeren m=rs te qua„
„dreeren en zeggen aen vankelyk dat uwe van hier
onder godes geleijde de reijse ondernemende mee soo
wel als de gesaghebbers van d=o bodemtjes gerecommandeert
soodanige sorge te draagen voor 'sComp=s schip en goed tegen alle
aanslaagen"
NL-HaNA_1.04.02_1547_0366.xml,"aanslaagen der picaten en roovers, en des noods
synde hun daar omtrent te kwyten als den eeden
pligt van vroome dienaars mede brengd, synde ten
dien sijnde voorn: Iagtjes med de noodige ammu„
nitie versien, en behalven het ordinair zeevarend volk
met een secgeant, een Corp=l, en - - - - - - . . soldaaten
Europianen, bemand, en tot meerder aansien, en
ontsag omtrent den landaard sal uwe de vlagge
vande groote steng voeren, en med her op Cananoor
koomende, sal uwE na 't overgeven van de goederen
die ten behoeven dier veslinge, volgens cognoissemen
in het jagtje de platluijs syn gelaaden, aan het opper„
hoovd aldaar ocke sijne gemagtigde, bij uwE over„
„neemen den aldaar bescheyjden E=re adsistent Jacob
valoth, om volgens den Inhoud van voorsz: resluti
de boekjes te houden van d' overgaande koopmansz:
en als tweede van de commissie uwE t'adsisteeren
met raad, en daat, als de landen en volkeren aandien
ont bekend weesende, jnvoegen uwE als dan, mids
den tid tekostelijk sijnde, ten spoedigsten konnen
opstoppen tot Barsseloor, tet kuste Canara, en aldaar
den resident, henrik wijnhout doen aan boord koomen
ondervraagende naar den toerland der zaaken bysonderlijk
off d'aldaar gelaaten koopmansz: bij aanwesen vanden
Eh=r commandeur zal=r volgens contract med den
gesant"
NL-HaNA_1.04.02_1547_0367.xml,"168
gesant Pannejapaija gemaakt, sijn afgehaald
dan gebleeven is in 'tselve weesen, als d' jongste
advijsen van daar melden; in cas van 't Eerste sal
uwE de contanten daar van gekoomen ontvangen
om med uwE retournement ons toegebragt te werden
en voers verneemen wat apparentie daar zij meerder
koopmansz: aldaar te verhandelen, gevende ons daar
van ten Eersten kennisse, om tzij med de passeerende
scheepen, als anders, nog tijdig een goede parthije
handel whaaren naar derwaards te bestellen
en daar benevens te laaten overkoomen, de twee
stx: beloove Eliphanten voor de Cod=e en den Rijckx
bestierder siddij bassuaija, die hier reeds sin aange„
bragt ter Eijnde door het opposseren dier aminaalen
haar ho=t mag verpligt werden, den negotie vand
Ecomp=s meer ende meer te favoriseeren, Ingevalle„
van't contrarie, agten ongeraaden dat uwE aldaar
soude aanland gaan, om med die van de regering des weegh
in gestrek te treeden tot aanthooninge van haare
„onreedelijkheeden, waar door den besten tijd maar
vrogteloos soude gespilt werden, die te kortelijk sal
sijn om het oogmerck op mirzel te betragten, des
het best sal sijn dat uwE den resident voorm: maar
terhand, steld, de brieven aande Coninginne en den regent
siddij bassuaija verscheeven, en aan uwE overgegeven
en
aldaar
den"
NL-HaNA_1.04.02_1547_0368.xml,"en hem aanbeveelt om ten uijterken mogelijk den gesort
panneapaije aan te poeren, en protesteeren de gecon„
„tracteerde koopmansz: afte haalen, en indien uwe
bevind dat de bengaalse Erba en zijde waaren wat
aan de slegte komt beginnen te koomen, vermids
deselve wederw onderworpen sijn sal daar in tot
prevenieering van grooter schaade de hand moogen
geligt werden, gelijk hier reeds is gepractiseert,
twelk w' uw E getrouwacheijt geinstelijk bevoor
laaten; En voorts het voort tesetten tot op miere
daar koomende kan uw E sig bij den Gouvernieur
voormeld begeven en overhandigen onsen briev den
selven toeg' Eijgene en uw E: door ons terhand getelt
ondergaande den selven med soodanige reedenen als
uwE weet in sulck geval werden gerequireert, op
dat de belovten med een bewijs van goede meninge en
werken bevestigd werdende den handel aldaar
door uw E: goed overlegen ijver mag gestabileert—
werden. en aangesien w' ons daar op wel gerust derten
verlaaten, soo moeten w' uw E: dit Jndagtigen dat
alle nieuwe Concepen med veele gevaaren vermengt
sijn, dewelke door goede voorsigtigheijt moeten
tebooven gekoomen werden; het is waar dat de
EComp=e thans meen goed verstand is med den
mogolsen vorst Egter kan het wel gebeuren
dat"
NL-HaNA_1.04.02_1547_0369.xml,"169
dat sijne regenten een slankxe parthonen
te speelen, gelijk d' Excempelen aanthoonen,
dewelke dE Comp=e aan groote moeijten en schaa
den komt vant temaaken, en om sulcx niet
aftewagten sal het dienstigs sijn, dat uwe,
sonder de minste wantrouwicheijt te thoonen
geen koopmansz: aanland laad koomen op
Excuijs vande kortheijt des tijds, als anders,
voor dat uwE: inde prijsen med de koopluijden
sal ovree gekoomen, en vande betaaling versekerd
sijn off soodanig als uw E: sal bevinden buij„
„ten merkelijk gevaar gevoegelijkxt sal konnen
gedirigeert werden, sullende de prysen der voorsz:
koopmansz: moeten gereguleert werden als deselve
Iongstop Canara sijne affgestaan, volgens aparte
memorie, jn vaste hoope en vertrouwen, dat
uwe sijn uijtterste debvoiren Jnspannende,
het meeste voordeel d'Ecomp=e sal tragten
toe te brengen —
en dewijl alhier dese Iaare weder ongetwyffelt
groote schaarsheijt van rijst zal weesen werd
uE: mits desen wel Expresselijk gerecommandeert
tsij tot morse, ofte op barssaloor niet allenen (ten
civiels ten prijse prijse doenlijk:) zoo veel van die
graanen voor dE Comp=e op te coopen, als de
Iagthens
n"
NL-HaNA_1.04.02_1547_0370.xml,"Iagthens de Jaager en plathuijs zullen connen
laden, maar ook boven dien, nogh een goede quan„
titeijt wel verstaande, zoo uE: tot de overbringing
„ge cond bemagtigen eenige Inlantse vaartuijgen
voor d' ordinaire vragt, daar toe staen: gelik —
zulkx anno passado door de h=r Command=r
zal=r m: mede is getractiseert geweest en zal ue:
indien gevalle wel mogen negotieren en hondert
en vijftigh Lasten rijs, zijnde de vragt in den verleden
Iaaren bedongen geweest op 3 pa corsie van 25
packen van barssaloor tot cochim
dit alles soodanig naar wensch uijtvallende,
sullen wij na verrigtingh van zaaken uwe
ten eersten weeder verwagten, om verder daar jn
soodanig voort te vaaren, als tot voortsetting
van den handel sal noodig g'agt werden
maar Jngevalle, de zaaken aldaar haar niet
wilden, ten goeden schikken, sal uwe, oms Com
boodemptjes, en mercancen niet te periculteeren
aldaar niet langer dienen te blijven als tot med
apral om bekwaamelik hier voor de kwaade mou
son insalvo te konnen sin hebbende het voornemen
ook gelegen uwE tot wingurla te laaten opsloppen
om te onderslaan wat aldaar voor den diemst van —
de Compe"
NL-HaNA_1.04.02_1547_0371.xml,"170
d'E Comp=es mogte te verrigten wesen, maar
de wij ons gebleeken is uijt het schrijvens
van den resident Jacob Crog dat sulcke
niet sonder staan is sonder gevaar, sal het tot
bekwaamer gelegentheijt moeten uijtgesteld blijven
ten waare UWE: naader berigt mogte werden.
datter geen swaarigheijt was wanneer uw E:
den tid en dienst van dE Comp=mn toelaatende wel
een derwaars mag opvaaren
Wij hebben ook goed gevonden. Een briev te
schrijven aan den mogol over den resident
Jacob Crogh die uwE: almeede aan voorm:
gouverneur kund overgeven, om aan syn heer
voord bestelt te werden. —
Hier mede onse Jntentie ten dienste van
dE Comp: tot uwE: regulamet verklaard hebbende
laaten de betragting van dien ten meesten nutte
van haar Ed=le ten verandwoordelykshe onder den
Eed waar meede wij en UwE: verbonden sijn
Aanbevoolen"
NL-HaNA_1.04.02_1547_0372.xml,"aanbevoolen, en uwE: onder godes geleyjd een
spoedige reijs, en verrigting van zaaken.
toegewenscht hebbende verblijven (:onderstond:)
uwE goedgunstige vruenden. was geteke
Aleander wigmans, Cornelis Blikland, Jacobus
van Outsthoorn, Warnaar vander Knaap, Joannes
Scholten, maz: Stoffeltz:, Pieter voor see=s,
Leendert blankert, en Louis Caijspul, Inmarge
Cochim den 16en Februarij Ao 1694
Accordeert
gn
Vlerk
Ho"
NL-HaNA_1.04.02_1547_0373.xml,
NL-HaNA_1.04.02_1547_0374.xml,
NL-HaNA_1.04.02_1547_0375.xml,"171
Den E: D Gesaghebber
Rapport Gedaan aan
den Custe mallebaar, Canara
en Wingurla, door den onder„
„Coopman Matthijs Dircks:
Sonsbeeck, en den E=te adsis=t
Jacob Valoth, wegens hun
vernigtingh In de Commissie
en Besendingh over Canara
na Minzee, ende de Landen
van Zunda, Namentlijck
Ancola, en Coudewaar,
omme Te Tenteeren off aan
dien kant Den handel mien
weder soude konnen aande
„Gangh gebracht werden
mitsg=s wat vrugten DE:—
Comp: In den tijt van daer
Te verwachten heeft
Alex: Wigmans, en den Raad
Na do Huwe ons den 17=' feb=r Jongstleeden
met zoodanige ordres als d' Intructie door
uE: ter namchtinge, den onder coopman
sonsbeek overhandigd, komt aan te wijlen
ƒ
Believen te voorsien, hebbenw In
hadden
proupt opvolginge van dien op den 18:'
doen aen volgende, samorgens med de land„
wint
2"
NL-HaNA_1.04.02_1547_0376.xml,"Landwind, onder Godes gelijde, na Cananaan
opgeslopt, en e aldaer door consranie winden
niet Eerder dan
en 26=e d=o Behouden aangeland; de meerde
genomene militie tot versterckinge, dier plaetse
te Loude geseth, ende de coopmansz: ten behoeven
van dat comptoir, alhier int jochtje de plat„
„luijs gelaaden, accordeerende met 't Cognois
semen, aen het opperh=t DE: adam van
der duijn soo draa mogen overlandigt hebbende
goe ons gem opperh=t te kennen hun gebrek
ll
van Rijs, en off het niet Raadsaam soude
sijn, dat men die granen aldaer ter Bazaar
Jnsamelde, Indiese voor soodanigen prijs, als
deselve med de vragtloonen sijnde 3 1/5 p a/o
verlot, tot Bansaloor koomen te kosten
konde Bennagtigh werden, t gen w' sijn
E: en dat gesal hebben aangenaaden, nade„
maal men gemeene: aldaer groote onlusten
en moeijelijckheeden med den hoes coopm:
onderworpen is, Een dat men hem tatten
zeederen van Eenige Rijs kan brengen/
en Boven dien ook daen door veele onkosten
geneijd, ende de Risico van 'T overbrengen
med Inlandse bevragte vaertuijgen nie
onderhovigh zoude wesen, dogh dese saak aan
sijn E: gedefereert Laatende namen wij—
volgens uE: ordre den E:le adsistent Jacob
De
Naloth"
NL-HaNA_1.04.02_1547_0377.xml,"172
valoth, als Tweede van dese commissie nevens
de verjange milisaijren, Bestaande In waleff
sniedergaten, eer twee corp=l, tot Bema„
ningh van onse Jochtier D: Jager, en
Plathuijs tegen de pirooten, binnen scheeps
Boord; En voorts de cheijl versonderende na
Borssaloon sijn wij op den
=en Maart oedar farniveert, ende den Resident
Hend=k wijnhout na den soesland der saak
vraagende rapporseerde den selven, dattet con„
„tract a=o pass=o door den Eh=re Command=r
zal=r nem: gem=n nog niet was nagekomen
h
soo mede dat niet neer dan tusschen de 4. â 5000:
pa/o aan koopmansz: door de contractanten
waren affgehaald, en sulx weest In de gewel„
„ste whaaren; dogh echter hadde hij hoope de
aan de hand hebbende koopmansz:/ binnen korten
kwijt te caaken; de middens vernaamen
op de Basaarle prijs van de Rhijs, welke —
volgens bericht was, met kollen en daanboort
Brengen 14: pa/o teat van 3000: lb:, mast
's Comp=s moakeloer geroepen sijnde om
van hem meede te verstaen tegen wat prijs
dat graan soude te bemachtigen wesen,
sselde sij ons voor dat des Comman=r
zol=r memorie off geweeten Jaar tot 17. p /o
hadde Betaald, en u dan voor ook konde
krijgen; 'twelke ons vreend t' vooren kwant
alsoo"
NL-HaNA_1.04.02_1547_0378.xml,"alsoo wij Betoorens verwittigd waren, (gelijck
Boven gesegd:) dat het niet meerder Bedroegh
als 14: pa/s derholven op sulx een ongeraijmt
geseg van den makelaer niet waerdigh
hebben g'acht t'andwoorden, te neer om dan
hij daer bij persisteerde, en tot geeen laagen
marckt was te Bewegen als 16¾, a 16 /½ pr/o
maer aengesien den Resident wijnhout
ons versogte sigh te laten blijken, des niet om
de Rijs verlegen te wesen, en Beloovde voor
een civielden puijs, soo veel als dE Comp: van
nooden hadde, tesullen versamelen, soo ne„
commandeeren w' hem uijt dien HooEde—
alle uijtterste debioiren aen te werden
om de hoog Benoodigde Rijs, ter kwantiteijt van
150: Lasten / get=t de ordre luijd, ten slaagsten
prijs doeneljk jn alle spoet te Besorgen, onder„
„tusschen deed gem: wijn h=t versoek dat men
hem gelievde d'adsiteeren med Eenige Japans
stoorkooper, en Laaken, dewijl hij kans
sagh deselve, nevens de Resteerende koopmans
In Logie van de gevorderde Rijs, omgesetten
waar op dan gedelibereert, sijnde hebben sulx
Jngewilligd, ende aan Lond ten Eerten doen
koomen 10: kisten kooper, en 2: stukken
Laakenen, In hoope dat uE: s ons dit niet
kwol: soude duijden, considererende dat her
door de Consansen, die men anders soude
moeten Besteeden tot den Inkoop van
Rijs, werden bespaart
E"
NL-HaNA_1.04.02_1547_0379.xml,"1
173
De Reedenen die den Resid=en Hend:k wijnhout
heeft gemoveert, om Een contract med de
Regeringh, sonder Bevoegingh, ofte ordre aan te —
gaen, zyn ons onbekend, welke hij dan ook ver„
volgens de den tijt aen uwE: sal moeten
aanthoonen, en geven, doch hier van Bueeder
Jn de penioche van ancola, ondertusschen
zullen wij soo kort doenel: onse verwichtinge
op.
ƒ
Kinzee ten weder stellen, al waer wij den 18:e Maart
aengecomen zijnde, heefd den heer gouvern:r
Mametghan, na al voorens van onse komste
ververkigt weesen, desselvs Broeder, en Een
zijner voornaemste capitainen, om ons te
seer wel tekonnen, aanboord gesonden, wien wij
med 'tlossen van sije Eerschooten In alle —
minuelykh=t hebben ontvangen en na Be„
„hoorlijke complementen, en Redeneringe
van weder zijden, waer mede Een Haer
uur door Broehsen, versogten gem: Heeren
dat w'na Land soude doppen, om den N:e
Gouverneur d'ontmoeen, gel=jk geschiede
ende Ingehaald wierde: op 's vrindelijkste, onder
het geruijgh van trompetten, bassuijnen,
schalmijen, handschellen, ee doesmijden
tot aan het Logiem: van den h: Gouvern=r
med wieu w dan een Ruijmen h disconreerde,
en"
NL-HaNA_1.04.02_1547_0380.xml,"En een smal geschencke vereende, ter presentie
van veel aensienelijke malometanen, onder
onder des overhandigde wij de geschrifen aan den
Mogol, en zijn E: gededuceert, waer op sijn E:
/nagecomen Lecuira ons mondelingh toe„
„paste, dat onse komste seer aengenaem was,
en dat den Brieff aan den grot machtigen
Keijser den Megol, In olle spoed en segunit:t
soude porten, niet twijffelende, off sijn uE.:t
voort
sal ons versoeck weegens de Rhestitue van
scomp=s Logie, tot wingmela ende d'ontsla„
„ginge van den Resid=t Jacob Trogh, die —
nogh op ponda onder den Gouvenn=r serbetghan
g'opprehendeert gehouden wierd, ten Eersten
d
Jnwilligen, tot het welke sijn E=s mede
alle krugten niet soude weeten wwerde te
btellen, med verdere Betuijgingh dat aangaende
den handel ook int alles de Behulpsame
hand te sullen Bieden, In guddens pre¬
„senteerde sijn E: ons Een Bekwaame /plaatse
tot Berging van 's Comp:s goederen, en dat
w' maer / Eenigen tijt (gedoen gelievde te
Blijven, als wanneer hij Eenige koopluijden
uijt de dodem landen soude oewieden, on
een Begin med den handel, welke hij koope
van een goede gevolgh te sullen weesen
te maken, want hadde sij voorkennisse
gehad dat wij daer boorden te koomen
600 soude hiex al geschied zijn, ende met
6"
NL-HaNA_1.04.02_1547_0381.xml,"1752
174
Jn gesreeken gecleeven hebbe, om de—
gedaane Belovte med' Er daat te Bevestigen,
op alle 'twelkk wij den h=r Gouvern=r gem:
onder Beleerde temen diende dat d EComp:
zijne grote genegenth:t Laan E=de waarts al„
Roos Sal razen te Dekennen, en meer
en meer te winnen, dogh om aldaer tot de
verschijninge van Eenige koopluijden te blyven,
konde wij voor ditmaal niet treeden, gem:t
Kaijsoen Bereeds al soo verre verloopen was,
dat wij sonder een groote verandwoordinge
op ons te halen met Langen dorst en verdoeken
echter Belooden sijn E: uw E: van 'd'een
en onder de weete te sullen doen, ende
wanneer wij In het aanstaande mousson
mogte weeder koomen, om te Ervanen
wat voor een gevolgh den handel aan
dien kant sal willen nemen, zijn E:
over barssoloor voor kennisse soude gedaen
werden, 'tgunt sij verklaarde hem Leet te
wesen, dogh voor tegenwoordigh niet
anders konnende, versogte sijn E: dat wij de
't toekomende sulx gelievde te servatten;
wijders noodige dien heer ons ter maaltij
welke wij de alle Eerbied hebben g'ac„
„cepteert, en na het eijndigen van dien
kneegen ons affscheijd degelijker voegen
als wij gekoomen waaren, ende voorts
onse"
NL-HaNA_1.04.02_1547_0382.xml,"onse cours na Coudewaar voortsettende
konde men door confrorm winden de Rheede
niet serijken, maer waren genoetsaakt 't anser
aff een oan
Ancola te Loten vallen, van waer ons Een expres
vaartuijgh door den se Gouverneur dier plaatse
en verwaagen van den Rijck off Rogia van
Sunda, affgevaerdigt, aan Boord kwam, med—
te vunden: versoecke dat w' hem d' Eere Beliefde te
doen van te Rugh alhier te koomen Invoegen
den 20=en deser Effect sorteerde, ende op de
strand ^ zeven kotelijk gezadelde paarden
tot ons accommodement, onder gelijde
van Ruijters, Lanciers, musqueltiers,
dan snuijsen, srammels Bazuijnen &:a, ver„
„welkekomt, en door den tweede Sabanie
gem=t, seer praghtigt nad 'tfont Ancola
opgevoerd, en bij den h=l Gouvern=r seer
minnes: In ove civililijt ontvangen
wierden; en nadat wij ons geschenckje, expres
daer toe geprojecteert, hadden geoffereert,
verklaarden wij den h=r Gouvernr sie
oogmerk waren wij na 'd Rijck van
sunda waaren gesoonen, namentl:j om de
vrundschap te vernuwen, ende te ten eeren—
off men den handel de dit Rijck
niet wederom soude konnen doen opruijsen
en"
NL-HaNA_1.04.02_1547_0383.xml,"175
En aandegangh helpen, al soo daer soe groote
apparlecke vertoonde, vermits dese Gouverneurs
Eeniger Landen de dit Rijdr, de goetheijt
hadden, a=o pass:o D' E: heer Command=r zal:r
M: beer teriemdes: en Ernstigh te noodigen,
en van hunne zijden alle Behulpsaamheijt
Jn dat werk presenteeren, was sodnu de —
sechte tijt gebooren was, en tselve med d' daar
konde bekragtigen, wanneer D' E. Comp:
ook alles soude contribueeren, dat tot
een oprechte geriste negotie mogte ver„
„eijsschen, gunt den H=r Gouverneur beaen„
genaamde, med Beloete 'tselve te sullen helpen
dewerken, ende d' E' Comp:e de vruchten daer van
doen gaudeeren, ende dat w' onderwijlen eenige
dagen gelievde te patienteeren, en ons ver„
„blijv aldaer te nemen, tot dat van onse aen„
„komste na de Boden Louden kennisse
zoude gedaen hebben, gelijk wij sulx onder
voor weerde van niet Langer als acht à.
thien dagen te sullen woren, hebben g'ac„
cepteert, In middens werdens Ider met,
Eeen kleet na slandswijl onhangen
vertrocken Regelijk zijnde van den tweede
Sabanie, na Den Logiem=t dat expres
voor ons vervaordig was, daer men dien
halve naeht met het aenschouwen van dansen
singen, de speelen, Ingeselschap vant
2
S
jem"
NL-HaNA_1.04.02_1547_0384.xml,"gem: heer Sabanie, heeft doorgebraht, dat
de Comp: onvermijdelijk al nat heeft moeten
kosten. des anderendaags hebben twee
expresse dienaaren, med siet schrijven, van uE.
ende
aen den H=r Cempsant tot Wingunla, over
C
zee na Goa affgevaerdigd, omme van daer
door 's comp=s maakelaer Morten nijck
na d' Eerste gen: plaatse voortgepon
te werden, mitsg=s om gem: mackelaer
aan te kundigen dat hij voor Eel sprongh
togtje van goa (waerden selven woord:) bij—
ons soude overkomen, ten Eijnde hij med ons
den handel alhier, als daer de heer en varen
zijnde, soude helpen dirigeeren, wien wij
na zijn verschijninge voorsteeden, off men
tot condewaar mede niets voor den dient
der generaale Comp: soude komen verrichten
tenwijl men hier lag te wochten na den
koopman, die volgens Leggen van den
gouvern=r alle dagen stond te koomen,
om alsoo de tijl die seer kostel: was niet vrugen
teloos te lopen voor Bijgaen, dog 'tselve
niet Raadsaam gesonden hebbende, nade„
maal sulx een misnoegen In den Gouser
neur en koopl= soude konnen verwekken,
soo hebben wij doen van afgesien, en tot 30='
desen met groote patienie na den koopman
gewart, die doen aldaer Eert verschijnde
en door den te Gouvern=r bij ons gesonden
wierd wien den maselaare de aengebrahte
monsters"
NL-HaNA_1.04.02_1547_0385.xml,"177
176
250:-
moisters der koopmansz: verstaande, en Eijndelijk
door zijn Edemiddeling naer Ledere moeijte een
kleen confractie getraffen hebben, ten
Bedragen, en prijten get=kkien onderblijkt
namentl:
350: kisten dappans ssaaekooper â 16 p a/o Ider - - - - - pa/o 5600:—
500: l: garioffel nagelen wel gecoditioneert —
alsoo de monsters wat klan
dij
scheenen te sijn to„
500: — foelij off macis syn. . . . . . . . „ 480. —
kiibecleer tot 29 1/3. p a/o de 500: lb:. . . „ 145 /
vermilien - - - „ 300: — d=o - - - - - - -„
50
r
7740 /6
Somma. Zo
Dit confractie aldus geslooten zijnde, hebben
noch Eenige dagen moeten doorbrengen een men
te konde uytrechten vermits de cousanten van
Boven moten affkoomen, 'tgeene door de groote
serste en pest welcke aldier Requeert, en
vandage tot daage neer en meer de overhand—
neemd, nogh langer agter blees, sijnde de vernelinge
der menschen soo groet datten geheele fonnelijes
uijt gestorven sijn/ en derhalden d' inwoonders
van doer mede geheele sroepen wegh veuhten
gelijck de nijck off Rogia van Punda
of mede opvaarts gerijt is, dn geruiht ver
dat na dele plaatse Isaak off tesakken
waer tot een wooning wierd voerdigh gemaakt
ondertusschen lieteuw onse gedochten gaan
over de Besorgingh vande Benoodigde mond„
spijle voor Cochim, ten welken eijnde
2500:— thin - - - - - - - „ 45½ _=o - - - - - - „
Looth - - „ 16— _=o. . . . „ 672: —
465. —
150:—
227½
Jan
250:-
21000:-"
NL-HaNA_1.04.02_1547_0386.xml,"dan Een Brieffe da=o 8=te maart over de
Landweegh med een expresse aan den Resident
wijnhout naer Barssaloor gesonden hebben
zijnde van de korut als volgh.
Barssaloor
Aan Den Resident Sr
Hend=k Wijnhout
Dele Eenen gerieht Zijnde tot Bekert makingh
dat w' op gisteren alhier een kleen contractie
hebbe geslooten, ten Bedragen van agt duijss
pegooden, waer mede alle onse Jappans stooe„
cooper en Loet is affgestaen, en haddenw:
neer van dat amimenaal 't was wel te
wenschen, alsoo daer nogh wel 500: kiten
kooper door de koopl: op coude waar werden
versogt, was bij dan onsijl baar meerder
hrandel waaren staan verbiert te werden,
niet te min zal 's onse gehoudenisse zijn
na gelegen k=t van tijt dier wegen onder
boek te doen om de toekoomende daer van te
konnen dienen
Een same Vroome en seer
Discrete. —
de"
NL-HaNA_1.04.02_1547_0387.xml,"177
De benoodige Oijt tot 150: Laten hebbenw ul
besorft (ten bisierste prijl:) Bij ons aenwesen.
gene command=r gelijk de ordres dier wegen
Jn cochin gegeven, ul overhandigt zijn
wenschen zal 's wesen dat de handel waaren
aldaer In weesen zijnde moogen tegen
getrockeert en ongeseth werden, Insonderl:jt
die koopmansz: welke nu een Rond Joar
hebben geleegen (: En het Bedere onderworpen
zijn:) vande hand Raaken om d' E Comp:
met uijtterste poginge van schaaden te
Bevrijden gel=j wij dier wegen aen ul
per niet willen twijffelen
Bij sien tegemoet tot nedir april als mede
na coudewast verseckende sal door schieten
Eerwe kossijwaar te konnen affkoomen, wes„
halven de t besorgen van de hoog benodigde
mondspijl daer en tegen zal hebbent
vervaardigen om bij onse aankomste dienwegen
geen versuijm van opgehouden te werden
koomen te veroorsaaken, en door tlaat
Loijsoen dE Comp: geen Rhampen (dat
godt verhoede:) komen te Lijden, voorts:
Blijff gode Bevoolen en na Cordiale Groese
verbeijd, VE: Goeden vrund (:was geteekent:)
M: D: Lonsbeek, ter tijde Ancola
Vl=to Maart a:o 1694. —
waert"
NL-HaNA_1.04.02_1547_0388.xml,"waet uijt consteert dat wij den Resid:t wijnhom
nie hebben g'outhoriseert om Een consfac
med de Regeeringe aan tegaen, maer wel dat
men hem Recommondeeren de besorginge
van de 150: Lasten Rijs tegen onze komste
gemerkt dE Comp:, Indien men daar oa
moet warten door 't laase Laijsoen schaede
soude konnen koonen te lijden; en dat te
venschien was dat de handelwhaaren aldaer Inwesen
zijnde, de socque van dien, konde verterd
werden, bijsonderen die, wercke nu Ruijm een
Rond Jaar Iut packhuijs hebben geleegen,
en het bedere meest onderworpen sijn; dogh
beer onverwagt ontwaorden wij uijt den briev
doorgem: Resid=t In andwoord ons toegesonden
dat hij mogens was geworden een nieuw
Contract van koopmansz ten monture
van 12320: p a/o ned den hoes koopman
Cusnapaija, uijt den naauw van de canorps
Coningine, besluijten gelijk het Extract uijt
gem: Bries, en contract hier onder
g'onsereert, uE: sullen aen thoopen
Extract uijt den Brijf
door den Residt: Hendrick
wijnhout aan den ondercoopm
Matthijs Dircksz: Zonsbeet
In dato 7: april A:o 1691 —
gesz:—
vangen heb ter uijt 't Comps Schrijvens V=ta
maant
m"
NL-HaNA_1.04.02_1547_0389.xml,"178
woort ontwaard dat uE: een consract van
8000: pagooden woord anagh tigh geworden te
bluijten daer door ae 'i kooper en Loodstond
gesleeten te werden, hiet verder als gisteren
heb ter 200: Lasten Rijs komen, bedringen
voor coopmansz: tegen 17: pa/so Ieer last
alvoorens dat al 't kooper ook de 50: kiten
door uE: sier gecaten tegen Compt=r was
affgestaen soodat hier geen Een Cist
de wesen Alijst. —
noch ben der mogens geworden Een nieuw
consract van Coopmansz: tesluijten ten
Bedroogen van 12330: p a/o gel=jt uE: bij de Copia
doen van hier naat Leggende mogt Hoogen
't geen ook aensoon dat de prijsen Eenigen
coopmansz: verkoogt zin, alf op d' nooten 16 9/8
jder man:/ op de nagelen ¼. en op de Coelij ¼ pa/r
mitsg=s op 't Laaken 1/8 p a/o Jder Eeree —
maatende alsoo te sramen uijt 170: pa/so dat
mijten fateur van de Rijs is degewilligd —
soo dat Eijgenten, een lst moeh komt te
kosten 16 2/20. p/o, dat nogh al Reedelijck is,
d
de helft onsen van dien corl staat hier, en
d' ander helft tot Backanoor geleverd te werden
leggende plijn va uE: konste wochen.
Jndien 't Laaten niet mogt verkogt weesen
wenst zee wel dat uE: het selve altemael
voor mij bewaarde om dat hier 1000: l geconrac„
sent Chijn tot 1½ pa/o d' @, voor'ts ooke, 750. lb
Rrompen soo die goet mogte zijn, dtem
t quncksilver
ƒ"
NL-HaNA_1.04.02_1547_0390.xml,"kwiksilver en 750: l: nagelen en 750. lb: felij
om Inden Beegen lijt niet boil tesicten
dogh zoo die goederen aldaer konnen verkogt
Raaken sal 's met zoo seert presseeren
om dat d'E Comp:e de leven is wat
winsten behaalen kan
2
doegt nu'e Contract door den Resident wijn„
hout In dato 6= april tot Barssaloor
geslooten
Jck ondergesz: Hend:k wijnh=r
Resident van 's Comp:s weegen
alhier, bekenne uijt name
den Coninginne Felle Die
Sinamassie, met den hovs Coopm
Chrusnapaija, als daer doe
Instandigh versogt zijnde
Ee hebben GContracteert
oormansz
De volgende
Dot de Nevens Gestelde
Prijsen namentlyck
weesen
Transporteere Pa/o 8707. 1/5
62500: lb Japans Iaat skopen â 64: /o 8 500: lb: 4 3/0 „ 8000 —
5000:— Zeugloet. . „ 16:— d=o. - - „ 160:—
2500: — thin - - - „ 45½. d–o - - - „ 227½
500: — camphen. „ tot - - - - - „ 170
5000:- poeijer suijker a 15 p ra/o 500: lb:. . „ 150:—
^ onbeg
hoogheijt
den—"
NL-HaNA_1.04.02_1547_0391.xml,"179
ƒ50:
^ onbegreepen haer
hoogheijt verplight zal
weesen in twaelff maen„
750: lb foelij. . . . â 24: ¼ d=o d 25: lb:-
— vegelen - „ 23½ _=o
750:
- quncksilder - - - „ 15. — d=o - - - - - - „ 300. —
Rompen - - „ 13:— d=o..
Laaten als. —
800: @ Roet schaarlaten
200: d=o groen
1900: @ ladsen â 1½ pa/o Jder
„ 1500:
Somma Pa/o 12330:—
Alle welke coopmansz: ten Bedraagen van
twaalff duijsent driehondert en dertigh pagooden
na dat die kier sullen aengeb:t sijn 'tzij off voor
's jnbreeken den aanstaende verorm tijf dan na
'eijndigen van dien off wanneer siex, mogt komen
te geschieden drie â desen maanden, off een geheel
Rond daar voor comptais penn: telaten
affhalen en die diet Belooff Haar Hoogh
te zullen Leveren en 'thij dat die jn Een off
neer Rijsen wierde weggenomen zoo metigm:
als sulx mogt geschieden en doen voor, comp=t
gel mijn wort overgelangt zal te die g'obli„
geer  wesen aff te geven, voorts zelten
Bedongen zoo veel Zaten Rijs van de
Goorte Biliaan tegen 17: prgooden seer
Lost van 3000: lb: alser noch Coopmansz:
op 'tlaast contract or affgehaald zijn
1000:
O
P=r Transport Pa/o 8907½
„ 390:-
727½
„ 705:-
gebleeven
„
den —."
NL-HaNA_1.04.02_1547_0392.xml,"gevleeten, en Her Berusten, die ter nadam
de Rijs d' E Comp:e sal wesen gerevenrt haar hooght
sal Lasen volgen.
In bevender waarh=t hebben dit geschift met
mijn naam ondergesz:, Loger Corl:) Banssal=
off condopoert iet nederlands compoijrt
den 6=e april A=o 1694. (was geteekent)
Hend. wijnhout
uijt al 'welke uE: sal koomen te Alijken
hoedanigh wij tot edemagtigingh vande gene„
commandeerde 150: Laten Rijs hebben
gehandelt, en wat ordre dier wegen gegeven is;
Dogh wat vrugten d'EComp: uijt die nu
gemaakte Contract met de Regeringh
boel te verwahten hebben, laten wij aan het
wijser en verne siende oordeel van uw E. over
eeren getuijgen wij dat bij aldien den Resid=t
Hend=k wijnhout, ons hier van voorgedaen
werk had verwittigt, souden wij, als geen ordre
hebbende med de Regeeringh van Canara
eenigh contract te maalen sulx voorgekomen
„wat
hebben, dewijl ons int onbewust was„ voor iglijk
lijkheeden dE Comp: med het cananade
hoe in de voorige tijden althoos hebben gehae„
en hoedanigh haen E=os, uijt kragte van
het contract Inde negotie te dier Curle
bepaald is geweest, maer 'tselve niet geschien
sijnde, blijvd sulx ter verandwoordinge van
die geeene die het hebbe bestaen te doen, niemen
daar"
NL-HaNA_1.04.02_1547_0393.xml,"180
door door scomps dienst Behertigt te
hebben
n middens Eenige Consanten van Booven
afgekoomen sijnde, hebben wij de gesorderde koop„
mansz: doen aen Landbrengen om Een
Begin med de Leverank van het geslooten
confract te maaken, omaen de Hole opgesteld
ende de mede gebrochte Crenase van Cochim opge„
hangen hebbende vorden wij ons In geen
kleene verlegenth=t alsoo Bevonden werde—
deselve seenemael gebruijckbaer:) te zijn
port een stuck zeegloot dat In cochim
hadde gewoogen 305. lb: welke daer op gestem„
„peld stonden, Behaalde over„ een deschaal
306:, en doen en tegen op d' andere schaars
300: lb:, dat een different van Ruijm
6: maakte der halven waren wij genoodsaakt
na eenen anderen evenan om te sien
die aldoen niemand buijten de Engels vrunden
op Coudewaar, hadde, wien wij dan ook catig
hebben moeten tallen, en na hun vermoge
ons med een oude dienaen gerievde, alhoewel
niet courect, egter Beeter dan de
onse was, en daer mede voor dien tijt moste
behelpen, twelk al wederom dien daagen
verleth veroorsaakte dogh Eijndelijce nam
het perde een aandangt, en is den koopr:
ter presentie van gecommitt=s, den Eert
adsist=t Jacob valoth, en pennist Jsaac
Llefeben, den naervolgende koopmans toe„
„gewoogen"
NL-HaNA_1.04.02_1547_0394.xml,"toegewoogen te weten
33705: lb: Japans ssaatkooper â 16. 4 / ' 125. lb: . . . a/o a 14 2/15
20972: — reugloot. . . . „ 6. — „ 500: —— - — „ 671 1/15
2699½ — Thin - - - - - - „ 45½ - - „ 500: - - - - „ 2451:88:
166: — quicksilsen. . . „ 291:3. - - - 500: — - - - „ 96.
125: — vermilijoen „ 300. — „ 500: - - - -„ 75. —
280: — foerj off macis . . „ 480: — „ 500: - . - „ 268: 2/5
nagelen - - - - „ 465. — „ 500: - - - „ 232. ½
2
Somma Pa/o 5904 3/1
ƒ
Wecke even wel de kwantitijt van het gecon„
„tracteerde niet kwanen te beijlen en wij den
koopman niet meer dorssen geven nademaal
hij geen meerder consanten dan het bedrage
van dien aen de hand hadde, onaengesien hij—
sulx Intantigt versogt net toesegginge dan
niet soude mancqueeren, bij aldien wij nogh
eenige dagen wilde versoeken 't Contract
volkomentlijk te voldoen, maar de Laatheijt
des lijk, als zijnde doen Bereet tot den 12:
april tot ons Zeewesen verloopen, sonder
echter daer tegen Ik te vermogen dan alle
knachten In te spannen om med den
Koopman hoe Eerder Loe Liever aff reekennen
te maken, dede onse Resolveeren alles 't vereffenen
En van daer op te breelen, maar 'sdaags s sor
ons verteke kwam bij ons den cap:n generaal
en admiraal van het Rijde van sunda
een hr. Bulerghan nien met een
375
vlooen
250:-
-
Zoon
271"
NL-HaNA_1.04.02_1547_0395.xml,"181
vloot gormeerde vaertuijgen uijt geset was
tegens die van Sambagel Rogia versoekende nij
den naem van den h=r Gouvern:rs van Coudewaen
(:geh=t gem: Gouvern:r Bevoorens meermaals
door verschijde oem sienelijk persoonen seerd laten
doen:) dat wij zijn E: aldar zoude koonen
ontmoeten onder presentatie van opEx ons met
zijn bij hebbende g'arneerde vaertuijgen te sullen
condoijeeren, ende datro aldaer niet zoude
opgehouden werden, mat een spoedigen
voortgangh in den handel erlangen, Ja een„
„seelende ons datter over de 5000: pa/s In gereek=t
waren, om koopmans off tehandelen, en
Int korse onfeijlboer koopluijden uijt de
Boven Landen soouden aftekoomen
op 'twelke wij dien heer beleerdel:k Antwoorden
dat wij den h=r Gouvern:r voor de gunstige
aenseeking ditmaal vriendeljk bedanckte
vennis ' goede roijsoen al reets versreeken,
en de storm tijt alle uuren voorhanden
was, en darom onvermogens verder noordwaerts
op te sloppen, met belopte dat wij na schul¬
„dige gehoudenisse onse respectivever seerlen
gebeder daer van kennisse soude gesen
niet twijffelende off wanneerw' In hen
aanlaande goede haijsoen weder mogt
gesonden werden / dat wat venoeger soude
wesen, ende als dan net gerusth:t hachten te
en daren off de handel Inde Landen van
Cunda
2"
NL-HaNA_1.04.02_1547_0396.xml,"bunda door 's Comp:s bediende vreedig sal
konnen werden gedieven; ten welken
eijnde het voor den dienst der genenaale
Comp: niet kweaej soude geslaagen hebben
dat wij twee â drie maanden wat 'vewegen
van hier waren vertrocken, want het is
uE=s wel bekend hoedanig dat dese Inlandse
koopluijden haaren handel van daage sor
daage draalende houden, voorts soo namhier
op gem: heer admiraal Bullenghan met
Betuijginge van Zeedeesen na alvoorens
door ons met een smafgeschenckje tot
eer bewijs van 'sComp=s genegenth:t na
slanfs gebruijk was vereerd, sijn off scheijd, gel:k
wij ons sdaags daer aen mede by den heer
gouvern=r tursfort aircosa om de misse
te versoeken ende sijn E: voor alle genootene
eer en vrundschap te bedanken, mitsg=rs
^ see
om onse iedrge dienst te preleeren hebben
vervoerd, en afgelijd welke pligt pleginge
8
gem: h=r gouverneur bijsonder gevalligh
was, ende ons In tegendael voor d' Eere dat
wij de eenste negolie In de Landen van
Puada hebben voortgesett en geplant palle
behoorlijk danckbaerh:t bethoonde, hoewel suex
niet volkomentijk, en tot vergenoegingh
van weder zijde:, twelk wij sijn E: geleede
ten goede te duijden, alsoo de oorsaale van
Tien was de groote pest, en dterve Inde
boven landen"
NL-HaNA_1.04.02_1547_0397.xml,"182
Bovenlanden, waer door de koopl: wierden
affgeschrikt off aff te koomen, ten anderen
dat w'al vrij laat Int zaijsoen daer waren
verscheenen, en niet meer dan weijnig dagen
hadden vertoerd, dogh des niet te un verhoopte hij
En toekoomende onsbeter confenteren
Jn den handel toe te brengen, ende wanneer
d'E Comp:e aldaer een vast possessie, dat hij
van serte weeste, nog te koomen te guijpen
hij soude 't zijne tot florering van den handel
mede confrrbueeren, en ten Laasten ver„
„sog, bij aldien 't konde geschieden / dat men
zijn ver: in het aanstaende mits betaling
met een kleer Eliphantie, en 8 â 1/10: para„
„dijs vogels beliefde te versien, tgunt wij hebben
aengenomen uE: te sullen bekend maken
als niet mochtigh sijnde eenige beloeve te
doen, ofte daer over d'E te disponneeren
na welke Gaamen spraak sijn E: opstaende
den ondercoopman Jonsbeek med een
goud massie gegooten anmband tot een
gedaenkenne vereere, waer tegen sin sijn E:
Insgelijcx met een Curieusverkokang
beschonk, wijders maelkanderen alle geluck
en seijl toewenschende en vrundelijk
omheeschende verleende ons affschijt med onder
dat zijn E: Tweede den sabanie Inge„
„lijker voegen als wij gekoomen waren
wederom na beneeden tot aanboort ons
accompagnielen"
NL-HaNA_1.04.02_1547_0398.xml,"accompagnieeren soude get: 'tselve nademiddagh
effect sorteerde; dog ter wijl w' op weg om te
Jnbancqueeren waaren wierd ons verandwoort, op u
schrijvens aan den h=r Kemsant tot Wingurea
door onse expresse afgesondene, toegeb:t sijnde
versegelt in Eren phelx sakje, dat nu bij desen
werd overhandigt. gem: Brengers wisten ons te
Beuchten dat den EE Kemsant ued den
mogolsen gouvern=r serbergham bij wijlen
dot ponda Bermutseerde, een op den Roov—
malkanderen af bieuwe, deeden ende dat den laaten
scomp:s logie tot wingurla, voorsien net
Jnlandse krijger, nog In besit, en met een
Ruijl muur tot Stalling van 150: paarden
omkochen, hadde, express om de landen van
winguala med die magt te Brandschakten
en onder den teugel te houden, 'tgunt door
een dienar van dien gekoomen genaamt
bidden, en 's Comp:s makelar Mortenijck
Bekragtigt werd, en dangelijken dat den
Resid=t Jacob Tnogh nog op ponda onder
den heer serbetghan In Bewaringe wos
wij hebben gem: matelaer aan Bevoolen
weegens deen en ander van 's Comp:s Logie
en Resid=t tot wingurla ondersoeken
aan un= een perlinen Bereg te doen
met recommandatie den Resid: te vermogen
de, sehiepsaame Lond te bieden, Voorts na
Noord"
NL-HaNA_1.04.02_1547_0399.xml,"183
oord gevaren, en med ' lossen van Eenige eer„
„schooten gem: heer sabanie verwerlekomt, en
een smal geschenktje aan onsen beijdsman
gegeven hebbende, gongh den belven wel
vergenoegt na Land (auw' onderzijl weder
te Rugh na.
Parssaloor, alwaar den 17:e deser orniseerde en
In allen spoet den Resid:t hend:k wijn hou,
souden verden I: E van te spreeken de aff scheepingh
van Rijs ordonneerende Ie Comp=es Bodem„
tjes, en gehuurde vaartuijgen, soo mede
den gesaghebber van 't Iachtje d' Jager
het smeemen van dien, mitsg:s van de
koopmansz: die sij tot hijner verandwoordinge
onet overrig hadde, aan den Resid:t wijnhou
zoo veel 't overkandigen als hij versogt heeft
welkre kwantiteijt uE: van gem: gesaghebber
sal koomen te verstaen) met wij hebben
hier alweder 4: â zeije daagen moeten
Blijven leggen, alsoo deselv van de
gecondracteerde Rijs door den Resident
Wijnhout nog niet was geleverd, eeter zoo —
veel van dien cort als den Resident
Jn gereest=t hadde affgescheept, mitsgaders
N 900: sieven Raen 200. pa/s ontvangen
hebbende, zakten wij aff na. —
Jakkanoon
V"
NL-HaNA_1.04.02_1547_0400.xml,"Bakkanoo, im 't Resland van d' Rijs dat
volgens berigt van den Resident salhier
opgeregt was mede In te neeven ges: Bunnen
wijnig dagen geschiede, Bedragende de geleel
mede gebraht parthije 200. Laten, en
verder voort secende giende wij op den
26=e april Cananoor aan de d' ontwaaren of de be„
„dienden aldaer Eenige compsanten hadden
om na cahin tesenden, doch deselve
bevoorens med den Eenhoorn afgevaerdight
sijnde, heeft het opperh=t van den duijn niet
ander mede gegeven, als de aengebrachte 's Comp:s
geschinften twee Leedige vaaten, 'T arm
geld, en eenige nagelatene goederen van
Heeser overleden, sorgiant, waer mede op den;
28 D= de Cleevens direct na herw:s hebben gewend —
en alhier Gode zij loe net dwij veir
Pmo
Maij behouden verscheenen
op
Het voorenstaende sal uE: kortesj aanthoonen onse
verrigtinge, soo wel omten de gouverneurs
van Minsee, ancola, en Soudewaar
als 'tgeene wij moogens sijn geweest jn
zoo korten tijt van de mede genomene
koopmansz: om te setten, hoe wel de selve
In geen naam waerdige kwantiteijt bestaan,
soo kan men noghtans daar uijt dit voor„
onderstellen; dat bij aldien men wat
vroeger
8."
NL-HaNA_1.04.02_1547_0401.xml,"184
tevoegen off In de maand 9ber: de Reijk na
die conrijen hadde ondernomen een grooter
sleet in den handel soude gehad hebben
want niet alleene:k den Gouverneur van
Mirzee, moet die Coole van Ancola, pragoede
ons te bewegen om aldaer Langer te Continueren
ende coopl=n die na de Boeen Landen, uijt
vereese van de aldaer Requeerende pestilenciaal
siekte wegh gevlugt waren, aff te wahten
waer toe wij niet konde leeden; gemerkt
wij dan na alle apparentie van ons vogagie
na herw=t soude versteeten gebleeven
hebben, nademaal bereets voor onse aankomste
op mirzee de halve maand, maart was
verloopen; boven dien soo isser tegenwoordigh
vegene beregt van 's Comp. s makeraar mon„
toerijk (: die In den handel te dier kiste
seer envaren is:) groote hoope dat men aen dien
kant off In de Landen van sunda, alle
Jaaren Tweeduijsent kiten kooper, en
andere coopmansz: tegen de Zouratsz
puijlen gel=jk tot wingurla allijt In
gebruijck is geweest:) soude komen uijt„
„vensen, afsoo nu alle de booven Landen,
die voor desen door den oorhoogh verwoest
en onder verscheijde negenings sijn geweest
onder een heer weder waaren gebracht,
ten welken Eijnde de Comp: dan Een
Vole possessje In Coudewaar off minzee
6oude
6"
NL-HaNA_1.04.02_1547_0402.xml,"soude moeten neemen omme haar E=e goedren
aldaer op te leggen ende aan de koopes die van
Booven alle Jaaren koomen afsakken ten
eerten te konnen verkoopen, en bij aldien
sulx mogte effect borteeren, soo soude can„
dewaert debest en Bekwamste plaatse weesen
vermits deselve med een Schoond kavener voorsch
om de scheepen te lossen en Laaden, en bij
oversal van storm te Redden, ge=et ook op
minzel geschieden kan, maer dewijl dit land
onder den mogol Resideert soo slaat sal
dat Ingevalle men alhier 'sland greep de swaar„
thollen, en gerechtigheeden van de aengeb:t
goederen, als In de ander Landen onder de
Reg:eeringe van den Mogol Ionsabel, ge„
bruijckelijk is, mede onderworpen soude —
wesen dogh op soude waar niet, namen
ons ofenge dewijl over deselve en ancola
beheerscht, de vorst van sunda niet tegen„
„staande gem: vorst mede een sributaris
van den mogol is. op welke plaatse
de koopl: Lindhay, en Ioncktijs Zoll=r
In haar aan wesen aldaer mede altijt 'Toog
hebben gehad om den handel voor tesetten
get=t den onderkoopmann Zonsbele
na zijn swakke memorie nogh voorstaan,
Gebiedende"
NL-HaNA_1.04.02_1547_0403.xml,"185
Gebiedende Heeren, wij hebben het Hoven
verhaarde Eenes: In desen g'allegeert tot uE:
speculatie, en op dat uE: daer Inne jts ten
De oordese van de Generale Comp:, en voor„
betuijt der negotie aan dien om't vindende
'tselve te zijnen tijt mogte werkstelligh
maaken, 'dqunt dan aan uE: en haar
ho: Ed=le a: de hooge Regeringe Jn Jndia
tot Batavia gedesereert Laatende, sullen
s
voorss.
wij desen dus kosten: besluijten, ende uE=s
med 's Comp:s swaaren ommeslagh Godal„
„maghtigh In genade verbidden, en In
alle een bied, na nedrige gebiedenisse verblijden,
(:onderlont:) E: Gebiedende Heeren
VE: agtb= onderdanige en Gehoorsamen
Dienaaren, (:was geteekent:) M: D:
Zonsbeek en J=s valoth, (:Jn margin:)
Cochim den 3. Maij 1694. —
Accordeert met zijn Princi¬
pael. Cochim den 26:' xber: 94,
G
W
oot
erk"
NL-HaNA_1.04.02_1547_0404.xml,
NL-HaNA_1.04.02_1547_0405.xml,2
NL-HaNA_1.04.02_1547_0406.xml,"ƒ
N"
NL-HaNA_1.04.02_1547_0407.xml,"186
Rapport gedaan Door
Den P: onder Koopman en
Ragiadoor Louis Taispil
aan den E: P:l gesaghebber Alex„
„ander wighmans en raad
wegens Desselvs verrigtingh ontrent
Den Coning Sammorijn aan 't
hoff van Sjawelcattoe; —
E: Heer:
Het was den 22:en april Iongscleeden dat ik
mijn demissie van VE: bekoomen hebbende om
na Sjawelcattoe aan thoff vanden Conink —
Tammorijn op sijn h:ts aanhouden versoek
te vertreken mij op de rijs begaff en quam
met het vallen vanden avont op Cranganoor
te arriveeren Alwaar den vandrig batram —
De Graaff volgens VE: ordre mij met ses
nederlantse soldaaten en een Corp.:l versien
hebbende bevorderde des anderendaags
smorgens d' reijse, (mede gaande p:r Compagni
den sergiant Pieter Claasz: die den Conink
Cammorijn
S"
NL-HaNA_1.04.02_1547_0408.xml,"Sammorijn ook eens gaern wilde ontmoehen
endien nage op Tripenattoe verwagt ende quam
den 24=en voor middagh op sjawele cattoe te arri
„ren alwaer aenstonts ter ordre vanden
sammorijn door den talsjenoor wierde verwellen
en van logies en iontkost versoght hebbende
kreegh ik des namiddagh audientie bij sijn
hoogh. t en om vant verhandelde aldaer een
Compendieus verhael te doen soo segge
hoe sijn hoogh. t nagewoone Complimenten groot
klagten begon tedoen over d' E Comp. e enden
Conink van Cochim beginnende eerste
te spreeken van sijne groote hulpe en diensten
tot het vermeesteren vand' stadt Cochim
met verdrijvingh der portugeesen end'vorster
uijt het stamheijs Moetadawie op den
troon vand' Cochimse heerschappije en d'on„
„wettige beheerders de betteters daer aff te
helpen beweesen waar voor soo qual. was
beloont geworden dat voorgenoomen hadt ten
Eeuwigen dage d' hollantse natien niet meer„
tevertrouwen nog Eenigh doen meer met
haar te hebben des onaengesien had den ho:
Edele heer Commissaris generaal doorden
Coopman babba Porboe syn hoogheijt
soodanigh weeten te beweegen, dat weer met
d' E comp. ineen nieuwevriends, is getreden, en wat wij"
NL-HaNA_1.04.02_1547_0409.xml,"187
d' E Comp:e en syn hoogh. t hadt gekose, om d' Jongste
conspiratie, in Cominserijk, uijt tedempen,
end' geadepteerde vorsten uijt Chialou, tot een
vreedige beheeringe tebrengen, was nogh
in versche geheugenisse, maar het scheendat
de laast genoemde die weldadengantsch niet
quamen te Erkennen, end' E Comp. thoonde
alsmls haar meer aen 't Cochinserijk gelegen
telaeten, als aen sin hoogheijt, 'twelk sijn
hoogheijt oordeelde Contrarie te behooren, alsoo
die van Cochim meer tot d' portugeele g'
jnclineert weesende, voor gedwonge vrinden,
en sijn h:ts voord'ouwste, en Een vrijwillige
weldoenden vrunt, most getaxeert, en Erkent
werden; ik diende daarop tot antwoort, dat ik
niet en was gequalificeert om eenige saaken
met syn hoogheijt teverhandelen, ofte t
besluijten; dan eenelijk aantehooren, 't geene syn h. rs
te seggen mochte hebben, en daar rapport vante
doen, des niet temin kon ik niet nalaeten synh:ts
soodanigh te antwoorden, als een missistent, soo
vand' E Comp. e, als den Conink van Cochim
wesende, en van alles grondige kennisse
hebbende, oordeelde noodig teweesen van het
kwaet gevoeten, waar inde quaetwillige menschen
door valscheber ten sijn hoogheijt hadt gebragt,
door het Contrarie aen te thoonen, aff teleijden,
en totheijlsaame gedagten tebrengen, en
eijde
sen
nser"
NL-HaNA_1.04.02_1547_0410.xml,"Seijde dat ik mij niet genog saem kon verwonden
hoe syn hoogheijt sulke quade in pressien sighhe
laten inboesenen, daer ik volkoomen kon betuijgen
en sonneklaer aenwijsen, d' E Comp. e , enden Conink
van Cochim, door alle bedenkelk middelen,
hun uijtterste deboiren contribueerden, om
behoudens ijder regt en Jurisdictoir gebiet, de
onderlinge vruntschap te conserveeren, indie
„voegen dat alschoon daarbij eenige prejuditie
comt te leijden, die reeden en oorsaak genogkom
te geven, om in verwijderingh teraeken, verdroeger
sulkx met gedult, inhoope wanneer sijn hoog
die saaken eens met geregtige oogen quam in
tesien, door eijgen glorieusheijt welbewoogen
soude werden 'tselve teverbeteren, met versoek
sijn hoogheijt eens belieffde te seggen, waar in
sijn ho. t sustineert weeder tot wantrouw en
misswegen gegeven teweesen; soo seijde sijn E.
dat voor eerst d' E Comp:e sigh in minste niet
gevoeligh hadde gethoont, doende Portugeesen
met schandel: versmading van 's Comp:s vlagge,
end' gedane protestatien door den pananij ten
resident, ende soldaeten, violenteli.jk op sijn rheede
het scheepje vanden koopman Babba sordae„
verbrande, onaengesien op dien tijt twee sComp. s
boodems aldaer g' ankert lagen, die niet een
Enkelschooten daer op hadden gedaan, waer
uijt"
NL-HaNA_1.04.02_1547_0411.xml,"188
uijt sijn hoogheijt beslooe dat d' E: Comp. e met de
portugeesen daer in eens waren; Cort daar op
quam de gerugten tot sijn hoogheijt dat den
konink van Cochim, g'adsisteert met
een groot getal nederlantse soldaaten, met
magt van volk, quam afsacken, en reets: tot
Tinalicoeddij, genadert was, om sijn hoogh:t
in sijn rijk aen te tasten, 't gunt syn hoogh:t
hadt genootsaak ten eersten meede af
te koomen, en tot Sjawelcattoe verscheijnende,
stelde syn hoogheijt ten Eersten de noodige
ordres omkrijgsmagt te vergaderen, tot bescher„
„minge van sijne landen, hier op diende ik dat
dat daar bij sonne klaar quam te
blijken dater ten wedersijden twistgierige
menschen waren, die op eijgen belangh oogende
off door wraeksigtige geeft gedreeven sijnde,
verwijderingen, door schandelijke verdigt
leugens schoten te berockenen; alsoo al
't geene syn hoogheyd EE Comp e, en den
Conink van Cochim, invoegen voor„
„melt quam tenlasten teleggen, was
ten Eenemaal strijdig, tegende waarheijt,
want voor eerst de reedenen door sijn
Hoogheijt"
NL-HaNA_1.04.02_1547_0412.xml,"Hoogheijt hier vooren gemoveert, waeromme
syn hoogheijt d' EComp. e verdagt quam te
houden, ontrent het gedoente der Portugeesen
waren gants ongefondeert, aengesien synh. t
genogsaem haet Ervaaren dat 's Comp. s bedien„
„den sonder ordre van haar meerder niets
sullen derven bestaen, maer hadde babba
selver meerder voorsigtigheijt gebruijkende
den resident end' soldaaten, die op sijn scheepje
gestelt wierden, ordre gegeven, om de portuga
met gewelt te resisteeren, en haer tendien
Eijnde met Eenig inlants manschap
verstrekt, dan hadden se bequaem geweest
haer pligt te quijten; doch d:o babba
gewoon sijnde alles geringh teachten, met
groote voortvaerentheijt, verstelt, volgde
daerop soodanige vrinhten; ten anderen
was het teverwonderen dat sin hoogheijt
soo een slegt gevollen vand' E Comp. e haer
dat haar Edele met de Portugeesen
was, even off haar Edele (:die in voorige
tijden die natie heeft overwonnen) macht
vermindert was, waarom nu hulpe ont. t
haer moste soeken, alser algeregtige
reeden"
NL-HaNA_1.04.02_1547_0413.xml,"189
reeden mogte gegeven sijn, om het sam„
morijnse rijk teb'oorloogen, die gedachten
most syn hoogheijt vand' E Comps niet hebben;
comende voorts tot het tweede poinct
seijde ik dat de geruchten overvloedig ons —
waeren tevooren gecoomen, en van goederh. t
gewaerschouwt, hoe sijn hoogheijt meer sig
geleegen latende aen 't verbreijden van sijn
Rijk, als d' vrunschap vand' E Comp. e, en
het Cochimse rijk, in cortenbeslooten
haet een invasie int Cochinserijk te doen,
maeckende tendien Eijnde alle voor bereijts
daer toe nodigh maar d' E Comp. e een beter
vertrouwen, en gevoelen, van sijn hoogheijt
hebbende, wilde sulkx niet gelooven, en versee„
kerde den Conink van Cochim, dat hij
daer over in 't minste niet behoefde becommert
teweeten, nemende alle swarigheeden
daervan Coomende op haar E; waerop sijnh:t
sigh ook gerustelijk verliet, maer doen tot groote
verwonderinge de tijdinghe kregen dat
synh. t daarop persuadutie den noorder
heer aijnecuttij Nambeddij, hadde geconstrin
„geert, den Conink van Cochim, sijn wettigh
heer, teverlaaten, end' gehoorsaemheijt van
syn h:t
8"
NL-HaNA_1.04.02_1547_0414.xml,"syn hoogheijt te onderwerpen, met verpligtingh
vande waapenen te gebruijken, tegen het Cochimsz:
Rijk, en dat sijn h:t een Pince uijt bettetta„
volgens eijgen schrijvens vanden koofman
Babba Porboe, op Pannanij hadt doen Coome
om in Cominsz rijk in te stellen, end' vorster
jegenwoordig in Possessie sijnde, te verdrijven,
als mede dat sijn hoogheijt besigh was, den
groote krijgsmagt vergaaderen konnen sulkx
„aansien
niet anders „ als een Confirmatie vand'
voorige geruchten, waarop den Conink van
Cochim soodanig was ontstelt. geraekt, dat
wacker over d' E Comp. e begon tedoleeren,
en besloot ten eersten naer de frontuir—
plaetsen sigh te begeeven, om in Cas van
van eenige vijandelijke onderneminge
het hooft te biedden, tot bescherminge van
syne landen, en alsmis in postuur van
defentie teweesen, met versoek dE Comp.:
hem meede eenige krijgsmaght bij tevoegen,
t' sijnder adsistentie, 'twelk dE Comp. e excu„
„seerde, tot nader vereijsch, maar syn hoogh. t
naer d' noort vertreckende hadt hem allemen
laeten toekoomen, een sergiant met twalff
nederlants"
NL-HaNA_1.04.02_1547_0415.xml,"190
nederlantse soldaeten soo tot voldoeningh vand'
plight der onderlinge vruntschap, alsom in
„gevalle voorbarigl: ijts mogte g'attenteert werden
daar tegen te protesteeren, gel: sijnh:t sulkx
sirieusel.jk is gerecommandeert. daar op voor
sig tewagten; d' fortresse Cranganoor is mede
wat verstrekt geworden, om d' ontroerde
gemoederen wat gerust te stellen, doch
soo haest menhoorde dat sulx heel verkeert
wiert, overbreijt doord' qual. k g'Intentioneerde
menschen, heeft d' E Comp. e den konink
van Cochim bewoogen, weeder van
Frnalicoedij, op comin te koomen, tot wegnee„
mingh van alle aenlijdinge te „ verwijderinge,
op hoope vandoor protestatien d' geledene
verongelijckinge verbetert te krijgen, hier uijt
belieffde sijn hoogheijt (: seijde ik) tesien,
hoedanigh den een, tegen den anderen wierde
aengehitst, waer vanden Hijnicuttij Nam„
„beddij geensints deminste was, hoewel
„men hem geen volkoomen schult konde geven:
dat hij Cijnsbaer was geworden, alsoo hij de
twee Jaaren langh alle de voiren vande
werrelt hat aengewent, om sig temoogen
versoenen
Twalff
lants
„"
NL-HaNA_1.04.02_1547_0416.xml,"versoenen met d' E Comp„e, en den konink van
Cochim, onder presentatie van sigh gaenn d'
boete over de gepleegde misdaet, tewillen onder„
werpen, voor wien den konink van Cochim:
onophoudeli.jk instantien ontrent d' E Compe haer
gedaen, met voorstelling vande swaarigheeden
die daer uijt te duchten stonden; maer haer
Edele wilde, te grooten respect voor sijn h. t
den sammorijn overhebbende, daer toe
geensints verstaen, sonder voorgaende
bewilliging van sijn hoogheijt, en nu dit soodanig
uijtgevallen sijnde most d' EComp. het verwijl
hooren van d' oorsaak te sijn het Cochimse
rijk, soo een voornaem bontgenooten heeft verlooren
want den Nambeddij soude selff geseijthebben
hoe is mijn konink soodanigh bepaelt, dat
hij niets kandoen sonder consent van
d' E Comp:e, en haar Edele. omtsien den
Sammorijn, datse niets derven bestaen
buijten bewilligingh van sin hoogheijt, laet
ik dan liever toe treden tot den geenen wien
niemant behoeft te ontsien, devoteerende
daer meede den konink sammorijn,
wie nu het verbont van vrintschap heeft
verbrooken"
NL-HaNA_1.04.02_1547_0417.xml,"191
verbrooken belieffde syn hoogheijt selvs eens te
oordeelen, als meede vanwat voor een gevolgh
sulx niet soude hebben konnen werden, en daer
„ geweest behoev de jmmers nu niet besogt tewerden
van soude te verwagten, dwijl d' Ervarentheijt
x genogsaamheevd geleerd wat vrugten
van vreede, off oorlog te trecken sij, en dat het
maer hart tegen hart soudewesen, en tot groote
laste, besommeringe, en verdriet van sijn h. t,
end' EComp:e in middens dat de aenvoerders
van dien haar grekie daer in soude stellen,
en hun p:r Coonagie speelen, sijn hoogheijt most
sigh vast voorstellen, dat de spijt grooter is,
als het verlies van do Nambeddij den
Conink van Cochim is ontrocken, want
soo lange den koninkv: Comin, d' E Comp
tevruw heeft, behoeffde syn hoogheijt voor
niemant tevreesen, al verliepen nog 25 soodanige
noordereheeren, invoegen syn hoogheijt sigh moste
verbeeld en dat tusschen den konink sammo:,
en Commen d E Comp. e andere geen onderscheijt
hadr, als een ouder, en Jongen broeder, erken„
„nende den sammorijn voord' ouder, om
reedenen die geene is geweest die dEComp
inden beginne der Concquesten haer
Edele
bro"
NL-HaNA_1.04.02_1547_0418.xml,"Edele heeft geholpen, en den konink van Cochim
d' Ionger, omdat den selven daer na beijde EComp:
in vrintschap is aengenoomen, en in sijn rijk
herstelt, maar syn hoogheijt most ook Considiraert
haer Edele op desselvs bodem haer Ed:le Colanie
is gestult, en haar Edele sigh verplight heeft
als protectoor, tot behoudenisse van desselvs
rijk, derhalven d' E Comp. e niet soude konnen
lijden dat d' Cochimse vorsten in 't aldermins
eenigh misnoegen souden geven aen sijn h. t den
Sammorijn, ook niet dat de Cochimselander
door den Sammorijn wierden g'invadeert,
tot bedebateringh vandien brage syjn E. niet
anders indan dat d' onse onkren het gedoente
der portugeesen haar wel wat beeter hadde
konnen dragen, en wat aenbelangt het
aanneemen van Hijnecuttij Nambeddij
sijn hoogheijt oordeelde daer door het verbont
niet verbrooken te hebben, dewijl aijnecuttij
Nambeddij, als een verrot lit, van 't Cochimit
rijk afgesneeden, en een verdrevelingh sijnde,
sig niet en hadt ontsien op cherletta, die
door d' Cammorijnse wierde bewaert,
vernadelj"
NL-HaNA_1.04.02_1547_0419.xml,"192
verradelijk in te vallen, en eenige vand' voornaemste
daar van te massacreeren, en die sterkte te
vermeesteren, om het welke terevengieeren,
als ten hoogsten daer door in sijn glorie gequetst
zijnde, Hulpe vand' E Comp„e en den konink
van Cochim, versoght hebbende, hadt sijn h. t
sulkx vanden een, noch vanden anderen
volgens verpligtingh bij Contract, niet Erlangt,
dies sijn h. t genootsaekt was sijn Eygen maght
daer tegen uijt te setten, welke gemelte sterkte
belegert hebbende; d' belegende liet soo nauw
maekte, datse door d' elucht hun mosten
soeken te Calveeren, waer op do sterkte
ind' assche wierde geleijt, ende gerakeert;
voorts den vijant in gebergte soodanigh—
vervolgt, dat hij anders geen uijtcomste
langer weetende; sig d' gehoorsaemheijt van
sin hoogheijt Den Sammorijn hae Comen
onderwerpen, waer op ook was aengenoomen,
diergelijke exempelen kon men van den
konink van Cochim ook wel aenthoonen,
apoincteerende special. het rijk van
Coeroer
en
in
hadde
d
ecuttij
hunst"
NL-HaNA_1.04.02_1547_0420.xml,"Coeroor Soroewan, en Moetehoetta Sarewan
en Eledetta Soeroewan, welke onder Panieoderen
sortabel zijn, en waEdE Comp. e aenbelangde,
de Ervarentheijt hadt overvloedig aengetlo
dat haar Edele d'plichten vande verbonden
niet langer en hielden, als haer Edele
in treft met het tegendeel quaam te vorderen
het welk aen sin hoogheijt voorsaet was geblee„
„ken, wanneer met den anderen d' portugeesen
uijt d' stat van Cochim, end' onwettige be„
„heerders uijt het Cochimserijk, hadden verdre„
„ven, end' E Comp. s possessie genoomen haer.
vande slat voorn, Den Edele heer Admiraal
syn hoogheijt liet aenseggen, opstaende voet
het Cochinse hoff moste ruijmen, 'twelk ook
geschiede; daerom raekte men Echter niet
tot den oorlog uijt te bersten; de sammorijn
haet van ontsher het stamhuijs moetadawil
gepatrocioneert, en voorgestaen, en haer holpen
# haare naaste bloed verwanten door ontstentenisse
datse tot hun successeurs van beijde lecten,
off hoope van nazaet, vand' overige te verwerken
de vorsten uijt het stamhuijs Chialoer hebben
vercooren, voor welke laste sijn hoogheijt deselve
genegentheijt overhaet, die sijnh:t voor moeta„
„dawie heeft gethoont te hebben, achtende een
plant"
NL-HaNA_1.04.02_1547_0421.xml,"193
plant van Eijgenhandt teweeten, invougen
het grove verdichte leugens waaren, dat sijn
Hoogheijt een prince bettettol hadde ontboden
om in 't Cochinse rijk te stellen, alsoo noijt die
gedachten hadde gehadt, noch ook oijt incomen
„
soude, waer van d' E Comp. e, enden konink
van Cochim, sig volkoomen verseekert
konhouden, uijt dese discourssen die met een
groote Cinceriteijt nae het uijtterli.k sig liet
aensien wierde gevoert, en door mij met aen„
„dagt daer op wierde gespeculeert, na mijn
geringh oordeel bemerkte, dat den konink
Sammorijn geensints genegen was, oorlogh
tevoeren, maer dat sin hoogheijt door Eenige
qual.k g'inctentieoneerde menschen, door middel
van Aijnecuttij Nambeddij, en voor te stellen
vand' schoonekans, die sig nu presenteerde
mits het overlijden vanden Commandeur,
ende swevende tweespak in Cochimserijk,
niet behoorde versuijmt tewerden, tot bevordering
hunner Eygenbelang, daer toe sog ten aen te stetten
en claer siende volgens Eijgenbetuijgingh
dat syn hoogheijt nu van alles grondigh end'
nawaerheijt g' Informeert weekende, daer
In een groote verligtingh vant, en in een beter
gevoelen was gebragt, seijde ik verder daer
op
pen
wecken
elve
eta„"
NL-HaNA_1.04.02_1547_0422.xml,"op niet anders, dan dat het clagen van syn hooght:t
over het niet senden van adsistentie om aijneret
nambeddij voord' tweedemaal aen te lasten,
ongefondeert was, alsoo d' Ehr Commandeur
zall:r met den konink van Cochim, doemaels
met d' gantsche magt tevelt was, tegenden
ragia van Calicoijlan; dienvolgens
het ook onmogeli:jk was met eenige manht sijn
hoogheijt bij te springen, eijndelijk seijde sijn hoogh.t
dat den hoog Ed:le heer Commissaris gene„
„raal (L:M:, enden Eh: r Commandeur
zal. r, den koopman babba sijnh. hadde toeges
„ ende
om in alle voorvallen raarkelden de saeken van
d' EComp. e, off den konink van Cochim, te spreeken
en alles te dirigeeren, tot Conservatie van vrintse
koning
en voor konink van mis verstanden, door quade
berigtingen, maer dien man liet sigh weijnigh
daer aen gelegen, en wist niet wat van hem
denken soude, sijn hoogheijt hadt men soo
menigmael versoght om bij hem op sjawelcattoe
te comen, en als dan tegel. k nae Cranganoor
te vertrecken, maer haet tot noch toe vruchteloos
na hem pleijn moeten blijven wachten, waer door
grote onheijlen hadden konnen omstaen, daer
en was langer geen staet op babba sijn
woorden, noch werk temaeken, wenschende
der halve"
NL-HaNA_1.04.02_1547_0423.xml,"194
derhalven dat hij voortaen in sijn weesen mochte
gelaeten, en sijn hoogheijt van een ander p:r Coon
versien werden, om des vereijsschende vande
voorvall: saeken, te konnen preeken, om hier
van voor het laetste noch een preuwe tenemen,
vont sijn hoogheijt goet om ten eersten een
Expresse aff tevaerdigen, met een ola aan
d. o babba, die sig tot Pananij is ont„
houdende, totbekent maekingh van mijn
comste aldaer, ten eijnde hij op sjawelcattoe
soude affcoomen, om vande noodige saeken
te spreeken, tot voor Comingh van alle verwijdering,
met versoek dat ik het antwoordt daerop
wilde affwagten, 't gun ik aangenoomen
en een lascorijn van mijnen weegen daerby gevoegt
hebbende, met ordre om Babba teversoeken dat
hij ten eersten belieffde aff te coomen, begaff ik
mijn weeder naer mijn logies, en bleeff aldaer
tot den 26=en d:o, wanneer eerst antwoort van d=o
Babba bequam, dat sijn indispositie niet toeliet
om te coomen, daar op quam ik den 27=en daer aen
weeder voorden konink Sammorijn, te verscheijnen
en alsoo ik inmiddens mijn gedachten hebbende
laaten gaen over het een en ander, voornamentlij
raekende den p:rsoon van Babba, off sulkx
streek
niet wel een politicque sterk mochteweesen
om
ndeken
vrintse
quade
igh
welc attoe
moor
chteloos
waerdoor
daer
n
n"
NL-HaNA_1.04.02_1547_0424.xml,"om mij te sondeeren, om daer door te ontwaaren
hoedanig babba bij d' EComp. staat, heb ik mij
desweegen vanter sijden jnformeerende, verlaen
dat Babba thans gantsch geen genoegen
aenden sammorijn quaem tegeven, en dat
sijn h:t door hem, en andere in Een Continuale
twijffelagtigh. t wert gehouden, om hun Intrest
daer uijt smeden, maer dat den konink waerl. k
geen verwijdering: sogt met d' E Comp, 'twelk
mij ook waereljk uijt de voorsz: discourssen
toescheen, waer op echter geen volkoomen staet
temaeken wesende, en sijn h. t mij voorhoudende
dat ik nu selvs uijt het becoomen antwoort
van Babba conbesessen, hoedanigh hij met
dien man op gescheept was, persisteerende
bij het geene hier vooren desweegen is geseijt,
soo heb ik daer op g'antwoort dat babba seer
uijt muntende was in Ervarentheijt, schrande
en kennisse, waaromme den Ho Edele heere
Commissaris generaal, die saeken
hem hadde toevertrouwt, end' Eh. r Commandeur
zall. r, hadt hem ook indie selvewaerdigheijt
gehoudendes den presenten H. r Gesaghebber
niet vermoogen soude weesen, daer in
Eenige veranderinge te doen, maar
wanneer"
NL-HaNA_1.04.02_1547_0425.xml,"195
wanneer door Eenige toevallen van siek te,
als anders denselven onvermoogens mogte
weeten, sijn talem tot bevorderingh der
gemeene saaken, te Connen Contribueeren,
soude het konnen sijn VE hem h. t, En
middens des noodig, een ander prsoon
quam toe te schicken, op dat de saeken
van belang andersints geen veragtering
mochten koomen te leijden, 'twelk syn hoogh. t
ook versoght dat geschieden mocht, in
voegen dat ik daar toe mochte gebruijkt,
en bij sijn hoogheijt gesonden werden, soo om
de taelkundigheijt, als ervaerentheijt van
saeken; wijders treedende tot d' voorsz propoos„
„ten versogt ik de waere intentie van sijn h:t
dien aengaende temoogen weeten, alsoo van
alles nu reets lango hadden geredendert,
om bequam temoogenweesen een goet rapport
aen mijn heeren gebieders te konnen doen door
haer Ed:le daerop g'antwoort te werden, daer op
wierden de voorsz: klachten herhaelt, maer in
Ernstige termen invoegen voormelt (: alsoo
ik seijde dat syn h. t het sig niet vreemt
mostelaelen dunken, dat ik soo resoluijt sprak,
alsoo ik daer niet gecoomen was syn h. r naer d'
mom te spreeken, maer naer d' waere geschapend:
der saeken, 'twelk nodig was om niet g'abuseert
tewerden, waer in zijn h:t ook betuijgde
vol
ren
seer
ber
bbe
meer
me"
NL-HaNA_1.04.02_1547_0426.xml,"volkomen genoegen te scheppen, door mij op het Civelste
g'antwoort wesende, verklaerde sin h.t dat met lieper
wenschte als met d' E Comp:, en den konink
van Cochim, in een goede harmonie temoogen
continueeren, waer toe dan noodig was dat d'onder„
„lingh swevende verschillen, tusschen Cochim en
sammorijn, bij conferentie inder minne wierde
g'accomodeert, omdaardoor d' stookebrander alle
gelegentheeden te beneemen, om het vuer des oorlogs
aen 't vlammen te helpen, waerop ik antwoorde
dat d' EComp„e enden konink van Cochim
althoos daer na hebben getracht, en alsoo noch haer
daer toe bereijt soude laeten vinden, mits dat sijn
h. t ook soude moeten belooven voortaen niets derecte
lijk noch indirectelij tot prejuditie van 't Comms
rijk sal onderneemen, want die twee saeken met
konden gepaert gaen, 'twelk sijn E: met een Ernst„
„ge uijt druckinge belooffde tedoen, als meede
dat sijn h. t alle sijne vergaderde militie, soude
laeten afftrecken, houdende eenelijk sijn frontuur
plaersen Inbesettingh, gel:k den Conink van
Conin ook dede; maer men mest voor al„
„denken om Moeranattoe Nambiaar,
volgens belofte, vanden Ho Edele heer Commiss:s
generaal, te constringeeren, om over gepleegde
feijtelijkheijt op Maporara, satiffactie tegen
en een middel teberamen, om revengie teneemen
over hun stout bestaen voormelt, mitsgaders
Jls tot recompens volgens toesegging van sijn
Ho Ed. s voornoemt, voor alle de onkosten
en"
NL-HaNA_1.04.02_1547_0427.xml,"19. 6
en moeijten tendienste van 't Cochimsz rijk in veele
gelegentheeden gedraegen, daer op diende ik: dat
wanneer bestemt en vast gestelt wert, een bij
eenkomst van parthijen, om over de saeken
in verschil general:n te handelen, en te verdraegen,
niet noodig was daer eenige poincten uijt te
picken, maer billick dat alle verschillen tegen
malkanderen werden vergeleken, ende gebalam„t
end' g'nutrigeert, met Expresse bijvoegingh
dat den presenten heer gesaghebber tot een
onderhandelinge invoegen voormelt tredende
niet vermoogens soude weeten, tot finael besluijt
van saeken te Coomen, maer dat sullx soude gereservt
moeten blijven, tot d' Comst vand' een nieuwen h:r
ommandeur, welke dagelijk wierde
te gemoet gesien, en dat het selve nu maer soude
stercken, om alles daer en tegen te prepareeren,
„on grondige informatie van zaaken
„tekonnen geven, ten eijnde bequaem moogen
weesen, ten eersten ter expeditie van saeken
te Comen, jnsgel:k ook 'twerkje raekende de
portugeelen, hier was sin E. t volcoomen
mede g'contenteert, ik siende dat den Conink
sammorijn in een seer goet humeur was gebragt,
en weesende hoe garn den konink van Cochim„
den prince Cartadawil soude herstellen, dach
een seer bequaeme gelegentheijdt teweesen, om
te tenteeren, off sijn h:t den sammorijn, in gevalle
sulkx effect quaem te sorteeren, daerwel ijets
tegensoude hebben, gelijk ik dan die saek eens van
verren voorwierp, waer op sijn hoogheijt antwoorde
dat dE. Comp. enden konink van Cochim
haer
ielste
lieper
k
onder„
wierden
alle
oorlogs
rde
him
och haer
sijn
detreck
minst
ke
een Ernst„
mede
t
soude
uur
aar
Commiss
eegde
ten
s
Al„
nmet"
NL-HaNA_1.04.02_1547_0428.xml,"doen,
haer believen daer inkonden eyndelijk spraksijnh. t
ook over de beloofde reparatie aen 't hoff van
Poediacol ottoe tot Cranganoor, door den ho:
Ed. le h:r Commissaris generael, waer meede d' Eh. r
dle
Commandeur sal.:r ook een begin heeft gemaekt
invoegen dat daer meede mochte werden voort geval
„ren, ik naem VE: sulkx bekent temaeken, met
verseekering VE. niet soude nalaaten, sijn h. alle
moogelijk vergenoegingh toe tebrengen, tot conservert
vand' onderlinge vruntschap; E Heeren
uyt het voorenstaende believen VE: aff te meeten
wat voor een jnstrimenten den Coopman babbais,
en hoedanig den konink Sammorijn, soo wel als
den konink van Cochim, door Sonningte
malcontenten tegen malkanderen opgehit2,
end' EComp. e althoos in een alarm wert geheuden
het haet ook tot een publicke oorlog uijtgeberst„
indien d' vereijste ordres en voorsigtigheijt inder
beginne der geruchten niet waeren gestelt, ende
gebruijkt, dat omsigtigheijt heeft gebaert op d'
trouwigheijt vanden sammorijn, sigh ten eenem.
teverlaeten, soude wat gevaerli:k konden sijn
als hij anders maer een kansje tot verbrijdingh
van sijn rijk konde affsien, maer ik heb volkoomen
konnen merken, dat hij d' lasten, en becommering
des oorloghs ontsiet, derhalven is mijn geringh
gevoelen dat hij sig wel inde reedelijkheijt sal laten
vinden, wanneer bij soodanige voorvallen maet
een trouw en Eervaeren minuster bi sijn E:. wert
gesonden"
NL-HaNA_1.04.02_1547_0429.xml,"197
gesonden, om mondeling vand' saeken te spreeken
als maer daer op goede agt wert genoomen, dat
het niet tot clijnagtingh voor sin E. , ontrent
sijne lantsgrooten, mochte koomen testrecken,
wanneer sij ook geenvoet sullen hebben om sijn h. o
gaende temaeken, dag de gevolgen sullen van alles
de beste getuijgenisse geven, in tusschen onderhope
van VE: ontrent detemijne geringe contentene
te hebben gegeven Eijndigende, verblijve onderh. t
VE: gehoorsame dienaar aan, was geteekent
L:d Saijispil, in margine, Coninden 6:e
maij A 1644:—
Gollation: accordeert
Cochim den 26:en xber: 169.
G
Hoot
erk
G
en
G
sijnh. t
alle
eten
bais
den
wert
den
ƒ"
NL-HaNA_1.04.02_1547_0430.xml,No 10.
NL-HaNA_1.04.02_1547_0431.xml,"198.
Mondelingh Berigt ge„
„daen door den E: Cop=n
1
Luijtenant Cornelis Blik,
9n
ns
Lant, en de mess Zeendk
Blanckert, en Louijs —
ge
Taijspel, P=r ondercoopl:
alle Leeden uijt den
politicquen Raad, wegens
hunne vernigtinge omtrent
den Ragia van Calicoijlan,
en ponca.
De voorsz: gecommitt:s hun den 17:' october
volgens genomen Besluijt, In raade van
daogs Bevoorens op Rijs Begoven hebbende
waren den 19=e doer ten volgende tot cali„
coijlan aegeland, waer van aen den ragia
oestonts kundschap wierde gedaen, met
versoeck dat se ten eersten doen lijde oudienke
mochten erlangen, was die zijn hoogh=t
bigh voldoerdigh liet vinden prefigerende
doen soe den dogh doen aen volgende wanneer
d' vrunden naet zijn h:t ordinairie hoff sun
Begaden, en aldaer sijn h:t ontmoetende
seer vrundelk van sijn h:t wierden ontfangen —
ende ter gewoone oudientie plaats gebracht
ende naer het affleggen van de gewoonlijck —
complimenten en op off eringe van de
mede gegeven schenckagie, welke door sijn
h:t danckbaerlijck wierde geaccepteert, be„
„gon sijn ht selffs te verhaalen de redenen,
en"
NL-HaNA_1.04.02_1547_0432.xml,"En motiven wat uijt d' verweijderingen tusschen
de vorstinne van alinge, en die van Cignasij
varen geresulteert, te wesen dat de landen
van perisolij van outs waren verdeelt de twee
heer schopijen, onder de Benaming van perisk„
en vledettasoru wan, het Eerte vosgen
den Ragia van perisolij eijgen, het andere
hadde bijsondere Beheeredes, welke sonder wettig
Erffgenamen na telaten uijt gestorven wesende
maakte den coninck van Levoncoor
soo wel als den Rhogia van perisalij daer
presentie op, welcke twee competiteurs der
over In questij geraakt wesende, quam hen
op een oorlogh uijt te berten, sulx eenige
Jaren Langh geduert hebbende, waren sie
door mediakie van d' Ragias van colicoijsen
en signatij, eijndelijk tot occommodoment
gecomen met die conditie, en voor werden
dat den coninck van Levancoor althoos soud
wesen de Eerste persoon In d' keerschopije —
van het voorsz: Land van Eledetta Sonawan,
en den Rhagia van perisalij d' tweede, de„
„vougen dat jder d' helft sroude genieten
van alle de seconsten, 'twelk ook soodanig
hadde ssant gegrepen, ende gecontinuett
tot de Jongst overleden Coninck van
peri salij jn de Regeeringh quam, den
weesen door zijn kloekmoedigh:t, en
onssoghelijcke veregeringh sigh niet alleen
sem"
NL-HaNA_1.04.02_1547_0433.xml,"199
het geheele gebret van het Land van Elledetta„
„soroewan had aengematigt, maer ook sigh: beles
als coninck van krancoore had ongedrogen
dele Loost gen: vort geen Bloet verwanten
hebbende om bij afflijvigh:t te zin plaatle
succederen, had tot zijn navoegers eenige —
princen uijt het vostel: huijs van Moetang
vercooren, maer werkende dase geen
macht van haer selvs hadden om hun bij
voor comingh van Eenige stribbelingen
onkent siel aenvaerden vant Rijck, mits
haer ssamhuijs verre affgelegen was, en de
Rijcx steijden variabel waren te Connen
momtineeren, was te Raade geworden
veoorsiende d' heersch sug van d' wrevel„
moedige vortinne van alingen, tot ver„
„bebert=t van sijn Rijck nevens voornoemde
g'adopseerde princen van moetangh
nogh Eenige uijt het naburige Rijck van
Signatij te verliesen twelcke ook effect
heeft genomen, dogh de vorstunne van
atinge die op haer Luijmen log vernomend
hebbende door den Ragia van perisalij—
sijn toenemende kranckt=t geen hoope
gaff van opcomt, begoff haer h:t sigh
gevolgt van verscheijde Londs Regenen
met een groot gesal naijros op den bodem
van"
NL-HaNA_1.04.02_1547_0434.xml,"vant perisolisehe Rijck, zijn h:r den ragia
van colicoijlan, gesoonen teert wesende
aen thuijs van signalij begoff sigh daer op ook
Jn Comp: van den Jongen Prins des laat
gem: Rhijcx na perisolij, en med d' princen
van moedangh geconjungeert zijnde
maakten hun sterck om den ondrangh
vande vortinne van alinge (welke haar
kwam te souwen op het Recht van den
Conince van redancoor voormelt:) ae
wederlaen, In tusschen kwam den Ragie
van perisalij het hooft neder te leggen, ten
Eerten optslonden groote disputen over
het volbrengen van d' plegtigheeden over hen
Overlieden des Lijcx waer in het Resht
van de wettigheijt der erffgenamen
Besloot, en alsoo sulx niet mochte
werden belet als gansch geen uijtstel
konnende lijden, en dies niet of min
Jder zijn Regt soude Behouden, hadden
goet gevonden dat de die competiteurs
jder bijsonder de noodige ceremoine soude
verrichten, twelde ook soodanige geschiede,
ondertusschen had d' vorstinne van alnge
d' geseijnsde speelende Toelegh gemaakt
zijn h:t den Ragia van Calicoijlan
een slingte parck te speelen, en welken
Eijnde sijn h=t onder vertrouwelijke betuij
ging"
NL-HaNA_1.04.02_1547_0435.xml,"2oo
Betuijginge: bij haer hoogh=t wierde, versogt te
komen, om hun seer desaak de questie
Jnder minne te verdragen, zijn h:t van
haer h=ts verkeerde politie guoote ondervindinge
hebbende, had daer van gantsch geen goet
gevoelen, dogh begaaff sigh Echter na
haer h=t om d' werelt te voldoen bij haer
h=t comende, en van de boaken spree„
kende, sogt haer h=t door alle bedencke„
lijcke middelen sijn h:t te beweegen
opdat sijn h=t, de princen van moedang
soude verstooten, onder Belofte dat sij als
daer En de saak seer licht souden over
een comen, zijn h:t gelieft sigh off
doer toe Inclineerde, mant wilde eerst
wesen de conditien, hoedanigh sien
met d' saak van uijt voeringh van Haer
h=t Begeerte soude wesen, om sigh
daer van te konnen verseekren, sulx was
geensints van haer h=t te verwerwen,
was uijt openbaerlijck kwam te blijcken
dat sier h=t mar bogt een scheuringh
tebrengen tusschen d' princen van
signotij, en die van moesanf om haer
mocht door dat middel gebroken
zijnde, gemackelijcke de Eene voor en
-
d' ander na te konnen b' Heeren, des wet ten
misnoegen
den
aen"
NL-HaNA_1.04.02_1547_0436.xml,"missoeijen zijn h=t weder na zin voorige
Residentie spraats was gekeert haer h=t de
Coninginne daen door ten Hoogsten ver„
thoornt wesende, vergaderde aldoen Een
groote macht, en bet den conink Kelorma
die als In Baellingschap op d' vron hier praatsen
om kersware, bij haer h=t ontbieden, present
teerende den selven absoluijt In die—
woerdigh:t te Bevestigen, onder conditie
dat hij d' wopenen soude opvatten tegen
d' Rogia van Colicoijlan, en simalij„
het welde den selven oennam niet
tegenstaende dat d=o kelormo althoos
het met signotij hadde gehouden, en
considertenj geconrespondeert; sijnh:t
den Rogie van Colicoijlon siende
dat d' magt van de vorstunne tegroon
was onse te konnen wederstaen, was
genootsaakt op te Breeten, en na Coijlan
te Retireeren, daer op haer L:t possessie ge„
nomen hebbende van gem: Beijde rijlen,
was daer mede niet vergenoegt, moet
ordonneerde den koninck kelormo
met Een Leger uijt te siecken
om den Ragia van  Calicoijlan op d'
ooster te greesen, zijnde de Limiten
van het Rijck van perialij te alacqueden
en"
NL-HaNA_1.04.02_1547_0437.xml,"201
en haer h=t kwam selffs ook met Een groote
macht op coijlon d' Sina afsacken om
signattij aldaer mede te beoorlogen, gelijck
dan den Coninck kelonno op d' grensen
was gecomen, doch geen Invasie gedoen soo
door het Hele van seekere Rhieuw tedoen
als andersints (: willende sijn h=t sig om
discretie s' halven sigh niet Beroemen
dat hij door zijn mocht het hadde gestun
als uijt de meijnen te Bespeuren was:)
maer die van d' Coningine hadden
geschermisseert, doch met wijnigh advandagie,
en nu stont alles te vertilstant, onder„
tusschen biepen de geruchten dat her
h=r seer gevoeligh haer hadde gethoon
ontent de velt oversten van haer legen
over hun loff sestigh=t en van debiom,
en stout nu met Een grooter macht af
te comen om het te kervatten, doch
zijn h=r was wel geresolveert om zijn
land tegen haer te verdeff en deesen, manr
den swarigh=t wassen die sijn h:t seer kwam
te krencken, ver uijt d=o vortinne
t' meer moet kwamse scheppen, t' welk
was, dat aldaer door d' affgunstige van sijn
h:t wierde geditulgeert, dat den Conmer
van catin maed den Ragia van porca,
des colicoijlanders publicquen vijand, In
een seer nauwe aliantie zijne, beslooten
Rodden
6"
NL-HaNA_1.04.02_1547_0438.xml,"2 h:t den
hadden Bij Eerste gelegenth=t zijn ^ oorlogh
aen tedoen, en datse ten dien Eijnde den
Ragia vean Eeckencoer ooke al ors hun zijne
hadden getrocken, daer nochtans zijn h:t mier
en wil dat seijden commiss van cochuim
Eenige Reden hadde gegeven, waker ds ge„
„schiet, sijn h:t had ook deswegen genoch
gedaen, en sigh versoen met den Jongste
overleden connen door Bewerckingh van
de Eh=r command:r Isaac van dielen
zal=r, en d' gesanten van den Coninck
sammorin, wanneer ook zijn E: zal=r
hadde Belooft den Ragia van Porca van
's comp=s wegen te dringen reden tegeven
van zijn vijandschap, of tereede te maken
maer doen wos niet opgevolgt, twelck een
bewijs wos van Een clijne genegenth=t
van d E Comp:, een baak die ten Eenen
kwam te strijden, tegen de onderlugt
remuntschap en vertrouwelijckh. t als sijnde
d'ouder Bonsjemoet van haar E:l hier
ter custe, met bijvoeginge dat wanneer
die Becommeringen wierden weg genomen
zijn h:t geen swarig=t soude maten
om met dE Comp:e het werde ontrent de
veortuum van otinge ter hand nemende
alles tot genoegen uijt te voeren wast
doe de cans thans sigh seer foronabel quam
aen te Bieden, te meer d' anoduneert
va"
NL-HaNA_1.04.02_1547_0439.xml,"202
nu mede aen d' kant van tesancoor was
off gecomen om het manckerende van
het kibuijt geld en te vorderen, het welck
na alle soppanen tie niet soo gemackelijk
soont off blopen (: naer onder dese ragia
ook voegens geruchte speelde:) dit alles de
tevinden net aendogt aengehoort hebbende
versogt sijn h=r Ie vrijheijt eens te mogen
spreeken, aen sconts Liet zijn h:r daer
op alle die bij hem present waren, tot
den Rogiadoor moor, en de gemahtigde
van den coopman Baba ponboe jn
cluijs west goen, beijdende sijn h:t alleen
bij hoer sitten, wanneer de vrunden
op het voorz: antwoordende seijden: dat
uijt het voorsz: verhaal nu guondigh hadden
verstaen d'oorsaak van d' verwijderingen met
d' vortiine van gtinge, en dat haer E:s nu
expues door den EE= g'salhebber tot syn
h:t waren gesonden om te verthoonen de over
groote vermetenhh:t van die vortinne die nu
In Eenige Jaaren henn:e groote gewelde
„ narijen dE Comp: heeft aengedaen, met
verbreekinge van alle d' leeden des condractx
twelk zoo onverdragelijck voor d' E Comp: was
geworden dat of 1692: met den gantschen
traijn op calicoijlan zijnde, alsoo geen
boegevinge"
NL-HaNA_1.04.02_1547_0440.xml,"toegevinge; corressen, gisen, nogh drijgge„
„menten niet konden boven, deselve
deselve voor off al na coijlon hadden
gesonden, met voornemen dat na vol„
„brengingh van d' ontmoetingh met den
Coninck sommaijn den Eh:r Comman:r
zal=r, en zijnh:t hun mede derwaerts
souden begeven, om door macht van
wapenen die verlinne tot Rheedelijckt
te Brengen, maer door tusschen comen
van verscheijde verhinderingen, en daer op
gevolgde dood van den Eh: command:r
bleeff dat desseijn doenmaals seken, en
In plaats dat d=o vorliene ontrent hare
doeningen eenige beterschap soude thonen
vereigde het soodanigh dat hoer h:t sig niet
quam te ontsien 'scomp:s logie tot ten
gapatnam te laten spoeljenen alsoo —
d' E=s Comp: te senadeelen, en de has
och tb ten hoogsten ten quetsen, der
staleen waster nu niet anders over, dan
off ten Eenemael van d' Landen van
Ennge, en leven coor aff te sien off
haer E=dle prenogativen te main kereesen
waer van het Eer stes geen sins was te
gelooven, en het laatste seer oparent
was als een duer verkreegen sake wesende,
Endewijl"
NL-HaNA_1.04.02_1547_0441.xml,"203
en dewijl alle dagen een Commissaris
een Command:r med de noodige ordres van
Basaira tegemoet sagen, was nu alleen
het versoecke de nech te Insentie van zyn h=
eens te mogen vertaen, en al d'oirte vruwd
van haar E=s sier ter kiste met goeden
Raad te adsisteeren, In cas d E Comp: de —
wapenen mohten comen op te vatten
tegen die van atinge, waer op sijn h:t ben
luijhde ende verclaarde dat volveraerdigh was
met de Comp: goet, end' kwaat gemeen
testaen, en alles te contribueeren wat
maer vermogens soude wesen, In vougen
zijn E= gantsch geen dificieltijt door„
sogh om als dan daer om sen alles
naer wensch uijt te voeren, mas alvoens
sijn E=t gerustelik Its derfde ondernemen
diende het uijsnoegen van den coninck
van cochim, En den Ragia van porca
tegen zijn h:t eert weg genomen te sijn,
daer op wierde ten andwoorde toegepast
dat het een en onder den Eh: gesocheb„
ber souden Rapporteeren en niet
twijffelden aff sijn E: soude kochten sulx
„
se sdewercken waer van den uijt slagh
als dan zijn h=t seont bekent gemaakt
te werden, olthoos zij konden zijn h:r ver„
„seekren dat den Coninck van Cohim
niet zoude ondertoen, tegen genoegen
van"
NL-HaNA_1.04.02_1547_0442.xml,"van d E Comp:e, met verdere Bijvoeginge dat
zijn h=t aengenomen heeft den Ragia van
koninbolij tebrengen tot overgevingle van de
Canen stucken van de soon Peza geberen
Chialoup Pattera genoomen, tweldk ook
geen Effect had gesorteert, zijn h:t ant„
„woorde dat sulx al voor lange zoude wesen
geschiet, Indien maer Beinedigt was geworden
met den Rogia van porca, want soo—
Lange sulx niet geschiede, derfde zijn h=r
den Carimbalier doer over niet lostigh
vallen uijt vreese dat hij hem of, en den
foncasern soe mogte vollen, het gun
zijn h=t nogh en meerder swarigheijt
soude brengen, andersins souden sien
moer om Een woord seggens te doen
wesen, want was zoude dien Rogia de
gracht van dan comen om sig zoo—
hartneckigh tegen d'EComp: te konnen
thooren, sijn h=t wist wat mocht haar
E=de hof de goden hadden zijn h=r land
Ee
Jongst sewaart, uijt Insegte van d' oude
vrundschap wanneer door aenvoeringe van
hurawillige haar E=le en thoon tegen
zijn h=t was ontloten, vergelijkende haer
E=o bij de Zon, en wel somtijs voor een
wijnige"
NL-HaNA_1.04.02_1547_0443.xml,"204
wijnige tijk door een duijster woerhige zijn
glans wierde verduijstert, maer b' behael noch„
„taans haer makierlijk zigt, en schoolen,
die de geheele verreft kwam te Beschijnen
waer op weder Eenige voldoenende Eedenen
na tijts gelegen t=t geproportioneert toege„
post wesende, Eijndigende dele maten—
onder versoecke, en toesegginge onken d' saak
ten princepale Ie jongen voormelt ten
spoedigeteen doennel: voort te deaaren; voor's
hierden de vrunden zijn h:t voor den
hagen te oortgamk den E' Comp:s negotie —
onder het gebiet van colicoijlan, niet
alleenigh datter gansch geen of mech
en was en de Coopmansz:, niet tegen„
staande op zijn v=r expresen Ernstigh
versoecke al voor eenige maanden een consi„
s„ denabele parthije daer van der w=t woren
gesonden, die tot groot In rest van
dE Comp:e als noch aen d' hand onos te houden
maer ook van dit jaar 600 soberen kwan„
„liteijt per: is geledert, dat In geenen
„deele In comporatie comt de Eer„
„gelijcking van voorige tijden, daen althoos
een groote opulenth:t van dit corl is
geweest, hier op had zijn h=t ten Eersten
het antwoort cloon seggende dE Comp:
het telvs beer ligt konde beseffen was
uijt
ha
voor een"
NL-HaNA_1.04.02_1547_0444.xml,"uijt sulx ontsloot, want het land em de
coopl: waren deselve als te vooren, daer op geven
d' vrunden tot andwoort datse d'oorsaak van dien
niet konden Bedencken alsoo niet Beden
witen off de Comp dede daer ontent alles
wat In Rhedelijckh=t soude konnen begeert
werden, tsij ontrent deprijsen telichden
en swaren van conjecture des tijts als onder„
sints, maer het waer vercdeijnelijx woe datter
groote sluijckerijen wierden gepleegt zoo
met aenbrengen van consrabanden van
Buijten als vervoeren van den pper:, hier op de
Ragia serigh werdende kwom het hoogste woon
nu uijt Seggende dat zoo lange d' EComp:e
vongd' tegenwoordige methode van het gouelsche
Bewist van den handel een maccse
handen Liet, geen Beterschap doer onkelet
stont te verwahen, mat seekerejk van dagh
tot dagh te verergeren, en most sigh ten
meesten verwonderen hoe de  Comp. soo dwaar
kon wesen soodanigen seijl van negotie
tot prejuditie van de Comp:, den landheer„
en de coopl: te houden, met eenen le
zijn E= voor hem comen dengemaltijk
van den coopman Baba Ponboe, gen=t
Nannoe, deragende den selven off kem
beten was na datter het vernuaven
van"
NL-HaNA_1.04.02_1547_0445.xml,"285
van d' teruntschap Jongst Eenige bluijckerije
In zijn Land was gepleest off de minste
Eenig Belekz heeft toegeb=t om daer op na
ondergewoonte te waaken, met Bijvoegingh
dat sulx tegens sijn Eijgen In het zonden
scrijden, want bij aenstaling van soodanige
handel wooren, en Confiscatie van dien
kwam volgens confract de helft zijn
h:t so, d=o Pannoe gaff tot and woon
dat hij sulx niet kon leggen, zoo hebben de
gecommitteerden daer over niet verder
willen dispoteeren, moer hen daer bij gelaten
ge
tot Bekwamer gelegenth=t dewijl sijn h=t
zoo verre begon te comen dat hij eenige—
knofde hondelingen van denercoopman
Baba Porboe Begon Bloet testellen, seg„
goude
5
„gende onder anderen dat hij sijn h:t 8000: Can:
op ongefondeerde presentie Jeroogst op he
vernuwen van te contract had —
afgepert, wasr toe zijn h=r gedwongen
was door 's Comp=s ontsogt, het welk nogh
wel Eene te pos zoude konnen komen,
onaengesien den Ragiad:r Taijspit verclaart
op gedane ondersoeke van goeder Rand is
Benicht geworden, dat desluijckerijen doen
waken heeft te swang gegaen, en dat de
coopl: wel haar derfden laten onvallen
datje
ont
Elsse
e"
NL-HaNA_1.04.02_1547_0446.xml,"doese Is moten doen om te Leten, Iwage
dat den Coopman malpapooij soo wel
als den aenlangh van Baba Ponboe dat
omsent meest daer aen participeeren
Eijnder=jk klaagden de Coopl: aldaen Jn de
tegentwoordich=t van sijn E=t, dat de vor„
soune van alnge khans zoodanig over de
Zee kwam te domineeren datse expresse—
vevertuijgen hiebden, om de raficquanen
van dese kant tunne vaertuijgen nae igeenenke
naer de custen van Chonmandel
en madure Jnt posseeren te doen aen hakken
en voor prijs verclaaren, het gunt haer
soodanigh kwom te Recommeren, dat de
coopl: dat vaar waar niet veijligh der wden
beworen, en dewijl sij dE Comp erbenden
voor meester vande Zee, en sij al tijt met
hoert E=os vrijgelijden voerde wat haer versoeck
haer E=e haer wilden Laten condoijeeren
met eenige kriussende vaertuijgen, tot huner
voorstant, en montenie van 's Comp=s
prenogativen hier ter custe, twelke den
Jan Billickr:t te bestaen
Ragie oordeelde
versoek daen bij voegde, sompde
waromme zijn
dat het soorsaen de coopluijden mogten
verijstaen net gepermitteerde handel waaren
per sulucaijn en d'onderhoorige compi
te varen, alsoo de dwingelardijen van den
Zandaar"
NL-HaNA_1.04.02_1547_0447.xml,"206
Loedoart tot manapaer haer verbooden, eenige
negotie aldaer meer te drijven, waer op de
geconnik:t tot ondwoortgoven, datse het voorsz:
den h=r gesaghebber, en Raad tot cochim
souden teoordragen, en het goet vinden
doen op ten Eersten dierh:t door aenkunding
one die verseekeringe de Comp: niet soude naladen
zoo veel de chedelijkh=t eenige in te lijden/
kon d' Coopl:, ende negotie voor te loen
aen welker culkwak het gemeen belang
hoogel: was gelegen, was mede een vrunden
afscheijt nomen, en weder aen 's comp:s Logie
gecomen wesende versoek den E: Cop=n
Luijtenant Cornelis Beicklard Eenige
uuren daer aen met Een canoo naer de
stad alsoo zijn E=s presentie In d' stad was
vereyschende wegens Eenige particulier
affaires, de andere messeere volgde zijn E:
den 20:e daer aen, en 'kwomen tegen den
avond op porca te arriveeren, alwaer de naht
overgebleven wesen: kwam des ochtens vroegh
In de Logie te verschijnen den Ragiadoor dier
Bo zaar med g'samenlijke Coopl:, welcke gelijke
clochten kwamen tedoen als die van cali„
coijlan, waer op als vooren wierde geantw:
ook
net bijvougingh dat de coopl=n altijt wel
van dE Comp: wilden geholpen wesen
maer zij een trachoe niet hun sulx waertik
te masen, alsoo se ten Eenemoel negligent
wierden bevonden onsent hiet behortigen
van
3
k
en
versoec
Boijeeen
daar"
NL-HaNA_1.04.02_1547_0448.xml,"van des E Comp:s regotie, war op het selve antrus
kwam als die van colicoijlon, doch onder
Bedechte termen, ol soo den coopman Rama
porboe, selffs present wos, die daer over sigh
geraakt thoonde, beijde datse met geen gedeckt
schootels behoefden voor den dagh te comen
maer Resoluijt uijt de borst souden spreeken
sij zijden dat de tijt wel eens soude gebooren
werden om sulx net vrucht te konnen den
en doen wiert het op de prijs als vooren
gesmeeten, en doen bleeff hiet bij, maer onder
dese onderhandelingh sochten d' onse Eens
ongemerckt te ondertassen, hoe verre de
veijondschap nogh gong van den porcoren
tegendie van calicoijlan om de cas
subject des vereijsschende ons daer van te
konnen Redienen, waer toe het seer wel
van pas kwam d' clochte der coopluijden
over die van alinge, twelde tot Inlijdinge
dienende, seijden dat het seer opanent was—
dE Comp nu eenmoel heer E=se Resen tim:t
thoonende over menighvuldige aengedane—
afronten, de hoogmoet van de terevelmoe„
„dig vastinne wierde een breijsselt en alles
gebrocht In een goede ploije tot conser„
vatie van den staat van haar EEde
hier te Lande, Indorgen dat men wede ge„
„looden wanneer six eens mochte comen
ondernomen te werden, sij ook haar vernegen
daer"
NL-HaNA_1.04.02_1547_0449.xml,"20
doer bij souden voegen, seer op konden te
6
Beswoarh:k antwoorden, als hun het wercn
van den calicoijlander noch heel dwars
Jn de waagh schepen te leggen, alsoo den
Jongst overleden Conincle des presente
eijgen verleeschelijke Broeder, daer over van sent
seer was overleeden, tgunt niet ongereven„
„gueert kon blijven, en ten dien Eijnde
steekt scheen met die van alnge fingogieert
te wesen om van dese kant den Colicoijland:
ook te desadeeren, dogh gaven ten antw:t
dat het niet meer als billick was dat nen
eeren sigh liet vinden, In die saake welke
den algemeene welstant besrof, met
gantsch Ernstigt versoek In des Conings
name dat eens bij sijn h=t op ambelevellij
wilde comen, Bijsonderl:jk den Ragioerdon
Toyspil, om wegens de voorsz: baaken
zoo wel, als is, wegens het werk van
Triwellaij Raakende den Coninck
van Cochim te spreeken, de vrunden
helden hun wat wijgerigh daet in, den
wijl het Buijen de pole van haer commissie
gongh, dogh Insiende de goede harmonie
tusschens met dien vorst en den coninck
vean cochim, en d:o Taijspil als Ragiadoor
van den conind van cochin het
niet gevougelijk conde excuseeren
kennisse
ntw
ge„"
NL-HaNA_1.04.02_1547_0450.xml,"kennisse van boosen te nemen, zoo hebbenske
hun bij sijn h=t Begeven, alwaar 'tselve die
„cous als vooren door den Ragia weder
wierde gemoteert, en Insgelijcx daerop ge
antvoort zijnde, sielde sijn h=t sigh seer
„
ƒ
vergenoegt, seggende Int Reguart van de
„vorstinne sigh na de Reedelijkh:t soude laten
vinden, alsoo wel wil daf het swaanste
het Lichtste moste overhalen, en dat men
sigt na de veranderingen der tijden most
schulden, maer zoude wel Lieven sien
dat de geschillen Inderminn werden
bijgelijk, waer door genoeghsaam tekennen
gaff d' toegedoenh=t ontrent die van atinge
en d'haakingh om d' Colicoijlander een
goede neep toe tebrengen, voorts van de land„
„saaken als vooren Raabende den conirse
van cochim 'snodige verhandelt hebbende,
en groet Betuijgingen ten wederzijden
wegens de consendotie van de onderlinge
vruntschap gedaen zijnde, namen d' vuunden
hoer offsesj, en sijn den 24: weder hier,
In deshad gecomen, en van haare verrigtinge
In compleese Raade der politie den 25. '
doenaen, Invorgen voormelt Rappor
gedaen hebbende, is daer op na chijpe deli„
„brake goet gevonden om het opgwit
onsen"
NL-HaNA_1.04.02_1547_0451.xml,"208
ontrent dese onderhandelinge, meer end' meer
te besorderen, op dat de wegh gebaant wesende
onverkinderen onder tijt een seijlsaam Besluyt
soude konnen genomen, om ter uijtvalinge
gestelt werden het versoek der voorsz: Ragias
ten Reguard der coop=l toe testaen, en
het belve bij olos haer hoogheeden hunnen
gemoegen, en es chigtinge der coopluyjden
aen te kunden, en voors den Ragiad=r
Taijspel gerecommandeert volgende de
Intenke van dese saken, sigh naet den
conind Jean cochin te begeven en siet
werck daer steenen te dirigeeren dat sijnh=r
van onse goede weijninge g'Informeert, en
gedisponneert moch werden, om het geene
best met dE Comp: ia gelegenth:t dar tijden
en vereijssch van saken te helpen bevor„
„deren In opvolgingh van dien den rag=t
Taijspel sigh naer den Coninck van
cochim tot baijlattoe Int Landschap —
corporam begeven hebbende, rapponterde
dat den Coninck van cochim zijn
concept lagh om den colichijlander
die althoos onder de omagt vant cochims
Rijc had moeten buijgen, ue soo hoogmoe„
„digl geworden zijnde door het wedertaen
van 's Comp=s, en des conincx macht
In den Jongsten, oorloog, en het sluijten
den
bbense
die
n
tinge
nniste
bbenck,
zijden
Ti
vunden"
NL-HaNA_1.04.02_1547_0452.xml,"der vreede sonder hem te doen geven de ge„
Requinreerde satisfactie, maer alsinse Joker„
kende ten zijnen foveure te brengen
tot sijn pligt, wan hem sijn h=t
zijne ane smes hadde geschickt dan
247
van doormaals deECoup kennisse hadde
gegeven, ten welken Eijnde sijn h:t
conrespondentie met de costim van
atinge den calicoijlanden In pubenten
oorkogh was:) hadde gesogt om haer Hooght
door hope gesinge van des noots te sullen
adsiteeren aen te setten, ondervoor waerde
dat sulx echter niet zoude konnen ge„
„schieden ten wane haer h=t konde Resol„
veeren dE Comp: alle schade en wederwaerdigten
successieej door trouwelook Hont brekenije
toegeb=t ten genoegen te Repareeren
op dat haer E= de verkregen prenogativen
voorsaan onder haer V=rs gebiet veijligh
soude comen excenceeren, ende efecten
van dien genieten, het verde haer Hogg
hadde Belooft te sullen doen, en ge„
„sonderh:t een expresse tot zijn h:t hadde ge„
sonden om dien aengaende te handelen,
6
en nader verseekeringe te doen, maer
zijn h=t nu verstaan hebben: dat haer h:r
hare spoorloose doeningen noch al meer
op hoopende sig niet had ontsren de resi„
„denke Lengasdatnam te spoelijeeren,
wast zijn E:t daer over seer onvergenoegt, en
daer"
NL-HaNA_1.04.02_1547_0453.xml,"209
doen over seer onvergenoegt, en daer op geresoldeer
sar E=t Roe uijt te laten wesen dat
sijn t=t alle onderhandelinge met haar hoog
declineerde ter tijt en wijle haar h:t vol„
„comen Ialisfactie kwam te doen
aen dE Comp:, In vougen dat bij ontsten„
„tenisse van dien sijn h=rs mocht bij die vai
is
deE Comp: soude moeten voegen om sigh
daer over Regt matigh te Revengueeren,
als te nauw aen Haer Ed=le verspligt sijnde
Ede
en zoo haer h=t ten goede genegen was
most de presensatie van haar h=r afdolen
en vertekeringh deswegen gedaen werden,
wanneer sijn h=t d' moeijte op sigh soude
nemen, om de E Comp: te Beweide tot
accommoditijt te Comen, waer mede sijnh:t
meende voorsigtigh gedaen te hebben om —
Twee Redenen, Eertel: om de cos van hals„
„teurigh=t, en ordres van de Hooge Indische Regeringe
tot Batavia Becomende om de contracten
om't mart van wopenen te mointiueeren
met grogen Recht sulx werckstelligte konnen
maken, en des niet, en haar h=r jn middens
Eenige goede aen Biedinge doende, ons daer van
te konnen Bedienen, met die verklaringe dat
sijn E=t ongeene Reedenen ten werrelt
soude na laten het Intrest van d E Comp:
waer aen het welvoren van zijn hoogh=t
was geschatelt na uijtterte vermogen te
helpen
benten
en
daer"
NL-HaNA_1.04.02_1547_0454.xml,"helpen seszertigen en ook niet soo dwaar Jon
wesen zijn Eijgen Belong te verwaarloosen
ten gevoeld van Een anderd denoteerende dan
mede de nabarige Rag=t, di bonderseijt den
porcaten welke hij wel wist niet gaern soude
sien, de Luijsen vand' Codinich Rijck te hoogh
kwam uijt te munen, wet te laag versiel, om
doen onder hun belang te beser te komen bejagen
de goden Ind: sijn h=t met genoechsame kennise
Begaaft om deser considiratie te gebruijken
en het swaarste voort Ligte te konnen
prefereren, doch zijn h=t soude sigh de schijn
soo veel mogei:k sigh weijgerigh houden ons
In vrundschap te heeden med den Ragia van
Caeicoijlan, om dan door dien vorst die nu
van groote verlegentz=t is te Eerder tot een
Reedelijcke genoegdoeringe over de presente—
actien te Brengen, doch het voornaemste
Taijspel de desen handel
dat den Raguadoor
van sijn E= had ontdeckt was dit, dat
zijn h=r niet als met groote suerte soude
konnen sien dat den Coninck
Sammonijn syn mah soude off Lender
om de Coml hier onne te helpen, want
zijn h=t had genoegsaem te kennen gegeven
dat sielx de genen deele Behoorde te geschieden
dewijl den Sammorijn het contract Joni
Er Commiss=s (L:M:
E
met den ho: Ed
verbrekende"
NL-HaNA_1.04.02_1547_0455.xml,"210
verbreekende den voornoem fronsuer heer
als oijnecoettig nambeddy was, sijn h:t hadde
onsuocken, en dien volgende den sanmorij
ook niet te vertrouwen was wanneer met
Een groot mocht hier tot Rijck was niet
wel soude kochten het de te houden ver„
mits hier noch veele van die facke waren,
maer sijn Contbrach geen mocht dE:
comp: te adsileeren om het noodige op
de zuijt uijt te voeren, soo alles maer met
een goet overlegh, wierde ter hand genomen
waer bij dit voor Eert is geloten tot d'
aentoende comste van D' Ed=le heer
Commiss=s, en Command:r, en de tusschen
voor off ten olae tot amimatie aen den
Ragia van coeicoijlon Losen afgaen;
Accordeert
Cochim den 26:' xber 1694.
J:
soude
en"
NL-HaNA_1.04.02_1547_0456.xml,
NL-HaNA_1.04.02_1547_0457.xml,
NL-HaNA_1.04.02_1547_0458.xml,ƒ 11.
NL-HaNA_1.04.02_1547_0459.xml,"211
Rapport gedaen Ter ordre
van d' E. heer Adriaen Van
ommen Commandeur den
Custe mallabaer Canara
en Wingurla, door den adsi¬
stent en geweesen Resident
Jacob Trogh, Raekende
het overrompelen dier Logie,
geweldenarijen, schaede, en
hoon, bij den mogels en velt„
heer Serbatchan begaen
en door sulk doen d'Ecomp.
Toegebragt, wert hier in't corte
ter Neder gestelt Namentlijk;
was den 13:' maij A. o 1693. dat alhier van Ponda in dit
dorp tot Wingurla kwam te verschijnen den mogolsen
Heer Serbatchan met ontrent 150. ruijters en duijsent
F
Bewaepende voetknegten, om dese landen staende nogh
onder de gehoorsaemheijt vanden vorse ramragie, te
b'oorlogen, dewelke desmerte nu thien â Elff agter een
volgende jaeren genoegsaem hebben moeten besueren
en waer van 't Eijnde nogh vervandaer is, zoo gevielt
dat
713"
NL-HaNA_1.04.02_1547_0460.xml,"dat den bovengem: veltheer, zyn seconde genaem
pierchan den resident Jacob Trogh onder beleefte
termen liet aenseggen zijn genegentheijt die hij hadde
tot besigtigen van 's Comp„s aensienlijke en weerbaere
Logie, 'twelk omtrent zijn E. naer uijterste vermoogen
hebben getragt met reeden cavelingh mijn voor dat
„mael geliefde te Excuseeren, dogh liet niet naer 'sdaegs—
daer aen, als bovengesegt, mijn de Novo wederom—
moeijelijk te vallen waer toe jk dan geperst vonden
om geen haet maer gunst vandien Crijgsman
te obtineeren, zijn versoek in tewilligen, als comende
dan met 4 â 5. lascarijns, in de logie mijn devisiete
doen, en jk om die man te carresseeren, ten Respecte
van sijn persoon, wiert zijn E. met drie Canon schooter
verwellekomt en verder van 's Comp„s weegen begiftijt
met een tok off tulbant van vier â viffentwintig
ropias waerdigh, traeden dan verder, in een
soet discours met den anderen dogh onder het
discoreeren wiert mijn door'sComp„s dienaer Nat
aengedient, dat bereets alveel vandes mogols
volkeren binnen de logie, en wijders deselve haer op de
twee punten met schut gesterkt sijnde meeskter hadde/
gemaekt, ende moorse vaendelties 'taller weegen
lietenen"
NL-HaNA_1.04.02_1547_0461.xml,"212
lieten uijtwaijen sonder te konnen uijtten op wat wij se
zoo onverwagt binnen gekomen te zijn twelk mijn
geen kleene alteratie aen Soegh maer soo zijnde
vraegde Ik met beleeftheijt aenden heer pierchan
waerom zijn volk haer de stoutheijt soodanigh
aen matigde om ongeoorlofn sComp:s logie zoodanigh
affronten aen te doen waer op min dien heer liet aen vat„
ten en verseekeren ondertusschen kwam ijlens meede in de logie
den veltheer serbatchan met het verdre gros van ruijters
en voetknegten en tegen als verwoedende menschen tot
geweldenarijen met het opbreeken en kappen der deuren
zoo aen de kamers als pakhuijsen der logie, kisten
en kassen en steldent alles ten rooff, ondertusschen dit
worden wierden met Eenen de kettingh boeijen klaer
gemaekt en kloncken Eerstelijk den resident niet beijde
beenen indeijsers ende drie Nederlantse zoldaten
waer van twee jder aen Een been, dogh aenmalkanderen
genagelt end' darde in de kronk verseekert, en soodanigh
wierden wij naer Een kamer tot ons gevanckenisse
-.
te dienen beneeden de logie gedreeven alwaer de vereur geslooten
wiert, en met Een stercke wagt daervoor beseth gehouden
ondertusschen den portier Sulleman, die zigh als een
verraader van d' EComp: van ouders tot ouders voor
haer dienst genooten indesen zigh heeft bethoont als zijnde
den.
de
dat
daegs —"
NL-HaNA_1.04.02_1547_0462.xml,"den principaelsten schelm naer mijn gesegt wert over dit
voorval door wiens toedoen als omgecogt zijnde, zijn
personagie heeft weeten te speelen om het volk in groot
getal als vooren geseijt op zijn Eijgen authoriteijt
den intree van sComp„s logie te vergunnen konde zijn
boosheijt daer bij gepleegt nogh niet besadigen maer rappor„
teerde den heer serbatchan dat den resident aen zijn
hant Een goude singeneth en diamant ring besath, en
Zoodien heer 'tselve begeerde uijt kragte van zijn
naem soude gaen haelen enden resident tot het overgeven
te persuadeeren, gelyk geschiede ten aensien de gevanckenis
geslooten en daer door de gevangens neffens den resident
van benauwtheijt en gedrigt wierden van hongen tezullen
laten versmagten zigh genoodrukt vond die Iuweelen
van zigh tegeven, om daer door 't verder ongemak.
te voorkomen, wijders lier dien gem:te heer s Comp„s tolk
gen„t Nilesenij tot dieverse reijsen ontbieden en onder„
vraegde aen hem waer dat den resident sComp„s capital
begraeven ofte verborgen hadde, waer op dien taelman
ten antwoort diende sulx hem onbekent te weesen
oversulx zijn Ed. e het den resident konde affvorderen
waer op dien heer in toornigheijt uijtvoer met drijgement
toe dieverse maelen den tolk voorgehouden bij aldien hij
den"
NL-HaNA_1.04.02_1547_0463.xml,"den schadt van d' E Comp:e niet kwam aen tewijsen
dat hetselve hem Inhanden kwam zoude als dan
denselven voorden Eliphant werden opgedraegen
om door dat animael vermorselt te werden
en gelaste wijders aen zijn krijgs volk binnen
sinuers der logie allerweegens de gront te laeten
om arbeijden om wast hee doenelijk die schat
in handen te bemagtigen alsoo dien heer zigh
vast hadde jngebeelt dat bij zoo een treffelijke
en diffencive Logie ten minsten 8. â 1000000: ro/as.
capitael behoorde te berusten, en sulx niet vindende
ver in zijn meeningh bedroogen is, naerdat negen
daegen verloopen waeren, wiert den resident uijt de
ijsers gelaeten en door de wagt voor de deure wel
bewaert de verdere drie militaire bleeven voor als
nogh indeijsers en krouk Continueeren onder en
tusschen liet jn door den tolk vijff dieverse versoek
brieffies jnde Inlantse tael aenden heer serbatchan
schrijven waerbij jk zijn Ed versogt mijn gehoor
geliefde te vergunnen om daerbij temoogen ontwhare
door wat oorsaeke off reeden dien heer mijn heeren
en meesters logie, en goederen beroofde waerop zijn
E. mijn niet waerdigh agte oversulx te beandwoorden
middelerwijle dat de zaeken door den veltheer in
Wingurla.
verdit
zijn
root
it
zyn
rappor„
zin
overgeven
vanckenis
resident
ertez
weelen
te zullen
itael
man
d
den
213"
NL-HaNA_1.04.02_1547_0464.xml,"Wingurla dus verre verrigt waeren heefen sigh zijn
E.:s op ult o maij naer dat bevoorens drie hondert Chrij„
gers tot besettingh van de logie gesaeten met zijn verder
gevolgh en ons daernevens agt mijlen zuijtwaerts
tot Bonda begeeven tot welken wegh te bereijsen
den resident Een gants Erbarmlijk paert wierde
toegevoegt 'twelk beeter soude hebben gepast om selfse
dan een persoon te moeten draegen de drie soldaten
wierden jder met een touw om de armen gelijk men de
wilde beesten voortd rijff over dienwegh geleijt tot datwo
ter geseijde plaetse zijn aengecomen alwaer aenstonts
wederom inde Eijsers enden resident als vooren
met stercke wagt bewaert wierden verder zijn wij
naer 5 â 6: daegen vertoevens met dien heer in opgem: wijs
van daer door Continueele sterke regen, en velle win
naer ditcholij voortgekraempt alwaer wij met onsen
moe en nat enhongerig lijff zijnde wierden w'totonst
logiment te dienen dat beeter naer een Codt dan
een wooningh geleek daer binnen gedreeven, alwaer wij
het zoodanigh bevonden dat wij ter halver beens inde
modder stonden dogh dit geluk hadden wij Egter nogh
vandaer digte bij Een hoop stroo tevinden waervan wij
ons bedt op de moddermaekte en met ons nat lijff de
op te rusten begaven tot des avonds wanneer het mallij
voor."
NL-HaNA_1.04.02_1547_0465.xml,"214
voor ons thien menschen intgetal wierd opgedist
en waeraen een sesde Ro/a jn koopere munt was te
Costen gelegt 'twelk kwalijk vooreen, jklaet
staen voor thien menschen bestont te zijn, ons Egter
voor die tijt met dien mageren schaefbaes mosten
gekoosten van waer wij s dags daer aen verder naer
ponda wierden voortgeleijt in een kleen fortje al„
waer w' tusschen twee wagten, wierden bewaert en tot
meerder verseekeringh wierden de drie soldaten als vooren
inde Eijssers gekloncken dogh bij verloop van een maent
naer mijn best onthout wierden de drie nederlanders
millitaijre persoonen neffens 'sComp„s tolk gelangeert
om haer sweegstemoogen vertreken, maer den resident
en konde dat geluk vandien veltheer niet obtineeren
dat Neffens de andere op vrije voeten mogte gestelt
werden voor en aleer het vereijste geschriftn in wat
„ het
somme „ beliep dat d'E Comp: tot schaede byj de logie hadde
geleeden door den resident moot overhandige weesen, waer
op dan den resident hem velt overste inandwoort
toepaste het hem niet moogens te zijn alsoo van alle
de papieren daer toe dienende 't eenemael beroofft en
sulx uijt zijn hersenen niet wederom konde tesamen
brengen dierhalven sigh daerjnne most getroosten
om.
de"
NL-HaNA_1.04.02_1547_0466.xml,"om welke voorseijde reedenen hy velt overste den residentn
tot verscheijde keeren hard en straff is gevallen met verder
dreijgementen zoo hij sigh tot den overgaeff van dat geschrif
niet greetix thoonde als dan niet anders te verwagten
hadt als voor den Eliphant zijn leeven te verliesen en naer
twaelff en een halve maent dat tot Ponda als Eede
in gevanckenis ben bewaert heeft mijn dien heer van
daer naer een plaets agter goa leggende genaemt sanche
laeten overbrengen alwaer meede Een en halff m„r in
gevanckenis hebben gecontinueert, Egter door voorspra
en toedoen van dieversche aensienelijke mooren, is het
bij haer soo verre ontrent dien veltoverste gebragt dat
zijn E. mijn op den 6„e Julij deses jaers op vrije voeten
heeft gelieven te stellen en versagh mijn doen wijders
met Elff silvere nevens Een goude ro/a. tot rijsgelt
te dienen mitsgaders een geschenckje dewaerde van
Zes stx: pagoden tibbekies bestaende in een parcal
adtlas en Een vrouwekleetie en behandigde mijn
meede Een briefje om aen mijn gebieders tot Cochim
komende te konnen overhandigen en Naem voor dat mael
met alle Eerbiedigheijt mijn affscheijt vandien
heer en ben den 7:en daeraen tot goa. ten huijse van
sComp.s maekelaer morteelijk verscheenen allen
waer"
NL-HaNA_1.04.02_1547_0467.xml,"215
Waer seven daegen zoo aen mijn lighaem te verschoonen
als uijt terusten hebben doorgebragt van waermijn
over den landweg naer Barsaloos hebben begeeven
en den 26:' der gen. maent tot Canara in 'sComp=s
logie ben getreeden daer jk mi tot den 18:n october
hebben her houden en wijders van daer over den landweg
tot mangaloor en d' reijse verder P„r maere
toe Cananoor volbragt daer ik dan op P=mo 9ber:
mijn binnen dat forth begaff en toe den 18:en daeraen
mijn verblijff hebben gehouden om tot besluijt
vandaer mijn over zee naer Cochim te transportee„
ren, alwaer naer 'toverkoomen van zooveel geleedene
gevaer, hoon, en smart waervoorden almogende
gedankt mijn nogh zoogelukkiglijk heeft bewaert
toe dat jk op den 22:en 9ber: binnen destat Cochim
ontrent mijn heeren gebieders hebben moogen komen
te verscheynen
Waermeede jn't welneemen van uE. E. hooggeagte
persoon in desen met lango schrijvens niet te vermoeije„
lijken besluijten dus Cortelijk en naer dat jk uEnE.
den zeegen godes toegewenscht hebbende verblijve
naer mijn Nedrige groote (onderstont:) E: heer
uEr. s geringe nedrige en gehoorsame die„
naer was geteek. t Jacob Trogh, in margine
Jndestat Cochim ult„o 9ber: A„o 1694 —
Accordeert
H
Bark"
NL-HaNA_1.04.02_1547_0468.xml,
NL-HaNA_1.04.02_1547_0469.xml,
NL-HaNA_1.04.02_1547_0470.xml,NM.
NL-HaNA_1.04.02_1547_0471.xml,"216
Vrijdagh den 26
November Ao 1694
Den raad door den Eh„r Commandeur Adriaan
Van ommens beleijt, ende vergadert wesende
proponeerde Zijn E: hoe dat met den E heer
. Command:r Paulus Huntum gesproocken ende
een overslagh gemaakt hebbende, weegens het
Emploij der aanwesende scheepen, tot overvoerin„
„ge vande alhier jnde pakhuijsen jnvendibel
leggende Coopmanschappen na Batavia,
Persia, en Souratta, Conform d'ordre, en
genoomen verdeelinge in sorteeringen welke voor
een ijder plaatse zoude moeten dienen, van haar
hoog Ed=le agtb: tot batavia verstaande naar
voorgaande Calculatie, en aftrek van 't geene,
tot eijgen vertier, va negotie voor een rond Jaar,
buijten die nogh voor Chormandel aande
hand blijven zoude komen te benoodigen, ten
meesten dienste der generaale Comp:e g'oordeelt
was, daar toe gevoegelijkst te zullen konnen
gebruijkt werden, buijten de fluijn hobree,
die
ƒ
ƒ
8534"
NL-HaNA_1.04.02_1547_0472.xml,"die reets in steede van 't. fregatje de bije sorde
weder reijse na batavia geprojecteert is, 't schip
silversteijn om beijde de carguassoenen naar
batavia over te brengen, d' eerste belaaden met
alle den amphioen, en fijne whaaren, en d'an„
dere mits zijn swakh:r, en dat leckagie
onderworpen weesende, geene vande sijne
whaaren met gerusth„t daar in te vertrouwen souden
zijn, eenelijk onder de grove sorteeringe met
parthij Comeijn en caatchio endan voorts tove„
no
rig ruijm met pper: gelijk haar hoog Ed=le agtb:
gelieven t'ordonneeren volstuwt, soodanigh
tesaamen soo dradoenelijk te werden gedepeschieert,
bestaende de geheele quantiteijt voor bata,
„via inde volgende sorteeringe als
In de fluijt Hobree na
Batavia voor Jaspan
11602¼ lb bengaalse zijde te weeten
4651¼: lb Cabessa jn 39 packen
D=os
6950 ½. „ bariga. . .
88 1/5: „ Camphur baros
1478. – p:s armosijnen als
1478. – p:s dubbelde
„ enkelde—"
NL-HaNA_1.04.02_1547_0473.xml,"217
En nogh voor batavia —
1049½ elj: diverse laackenen als
599. e: rood —
138½ „ groen.
194–„ swart
118- „ graauw
82640½. lb: amphioen in
3368. – p:s Chiander wannijs
3778. – „ suijm Eris —
4965. - „ roederwanijs
4559. - „ bandenoes—
15887. – „ moerbanos
4480. –„ ragiabanijs—
59534. - „ mogta kleede of Chiomas
5697. -„ tesserse pontsjas of chionen als —
5117 ps dubbelde
580 „ Enkelde
11396. -„ gele taftas, te weten
8831. p„s dubbelde
2565 „ Enkelde
65.- „ bengaalse Cammelotten alle Losse
1434. - „ pretanbers
4255. – „ bengaalse atlassen om tot een preuve te dienen
801
In't schip
ove„
an"
NL-HaNA_1.04.02_1547_0474.xml,"In't schip Silversteijn—
103729. lb: Comeijn te weeten
49917. lb: witte
53812. „ swarte
pper: —
met dien reserve nogthans soo inhobree ruijmte
genoegh gevonden wierde, om alle vooraan„
geweesen goederen, excepto d' Caatchio, en Comij„
af telaaden, en anders 't overschietende dat in
zulk een geval genoomen zal werden vande
parthije zijde &:a al mede silversteijn in te
doen neemen, om alsoo alles op de beste wijs
wegh gevoert te konnen werden gelijk meede
't schip saamslagh in Comp:s van Goudestij
onder devlagge van welged:te h„r Command„r
Huntum, over souratta na Persia, men
de goederen welke boven de terugh gebragte„
en alhier opgelegde Carguasoenen uijt 'tschip
Courtgeno, voor die directie geprojecteert
zijn soodanigh vervolgens staan gespecificeert,
te weeten
van de te Ruggebragte, uijt
de laadinge van't schip Courtgene voor
persia
4. packen met gebleekte gerras
14. d„os mallemollen
49669. – „ Caatchio—
verte"
NL-HaNA_1.04.02_1547_0475.xml,"218
20: packen gesies —
22.. „ d„o kassen
6. „ alegies
37. „ Zieklassen
7. „ Chiarkanaas-
2. „ cankanaas —
10. „ pattenase chitsen
24. „ gebleekte dongrijs
18. „ gebleekte salempoerissen
16. „ gebleekte gunees lijwaat
1. „ met longijs
26. „ sieklassen —
6. „ mallemollen
5. „ tiarchannes—
5. „ lachoris—
16500. lb: netto drooge gember
81. packen met ceijlonse Canneel
203. d„o met ongesnelden areecq—
18. „ met jnlantsen saffaraan
Uijt d' Cochimsch voorraat
Voor Persia, —
2210. lb: Ceijlonsz: Canneel
6826. „ Iappanse Camphur
bensjun, als
8621.„
8100 lb: Cabessa
521. „ bariga
Houdende 'tgeene nog voor Zouratta Comt te
resteeren, soo lange aande hand, en bij de
pakhuijsen
ƒ
voor
verte
-
1"
NL-HaNA_1.04.02_1547_0476.xml,"packhuijsen alhier overleggen, tot tijt en wijle
de vier van persia over zouratta verwagt werdende
scheepen herwaerts in 't voorbij passeeren, met de
Carguasoenen voor't vaderlandt sullen opgedaagt
weesen, omdan t'ervaaren, off onder deselve niet
een bodem soude weesen, die sonder verlech van
noodiger emploij soude konnen gebruijkt werden
de voorsz: coopmansz: derwaarts over te voeren,
dan wel ingevalle van neen, en dat alle vollaa„
„den mogten zijn, daar toebequame scheepsruijm
„te vanden Ed=le h„r gouverneur, en raad ton
Ceijlon te requireeren te meer de directie van
m
souratta met d' overgekregene Coopmansz: p„r
voorm: scheepen van batavia soo wij hoopen
ve
soolange tot 't laaten rondstaen vande negotie
genoeg sal konnen strecken, ende voorsien
weesen dat daar na niet behoeven sal te wag„
„ten, alle 'twelke dan vervolgens bij den raad aen
„dagtelijk overwoogen zijnde, met eenparigh„t
van stemmen 't geproponeerde voormelt door
den Eh„r Command:r mede indier voegen ver„
„staan, goedgevonden, ende g'arresteert is
te laaten effectueeren, ende voortgang neemen
als komende seer wel met den dienst der E:
Comp: te quadreeren, en men bij dese gelegenth
daar van niet anders, ofte beter zoude kom
„nen schicken, mitsgaders dat men ook inwijlen
'tschip"
NL-HaNA_1.04.02_1547_0477.xml,"219
'tschip silversteijn belaaden met d'overige
goederen, welke op den eijsch voorde vestinge
Cananoor in't Iagtje d' Iaager, daar toe aenge„
„leijd, niet sullen konnen geborgen werden een
togtje nevens gem: de Jaager derwaarts te laaten
doen, alsoo daardoor, mits dog soo lange alhier stil
soude moeten blijvenleggen, inden dienst der E:
Comp:e niets staat versuijmt te werden, sullende
in retour vandaar herw=ts overbrengen den Coopm
en opperhooft van die fortresse adam vander
duijn om na 't voorstel en goetvinden vanden
Dh„r Command:r en raad bij monde rapport,
en openinge alhier te doen, weegens de tegen„
„woordight gestelth„r der fortificatie wercken,
als woon, en packhuijsen aldaar om tot de noo„
„dige reparatie, agtervolgens de bevoeginge van
haar hoog Ed=le agtb: tot bacavia, alsulcx
t'Connen besluijten, en derwaarts ordonneeren,
als bevonden soude werden te behooren,
Ook wierd in vergaderinge geleesen de brieff van
den Coopm: babba porboe tot antwoorde
van 't schrijvens vanden El„r Commandeur
uijt pananij, dato 22„en Courant herwaarts ge„
carteert, en aangesien daar uijt te blijcken
komt, denselven niet genegen scheen te wesen,
voor
chip"
NL-HaNA_1.04.02_1547_0478.xml,"voor als nogh hier t komen, ten ware men op zijn
voorig gedaan voorstel, wilde consenteeren, dat hij
met eenige heijrtroeppen vanden Conink Sam¬
„morijn tot voortsettinge vanden oorloginatie
„gen afquame, dogh het welke geensints geraad
ofte overeen te brengen wesende, met het in„
„trest vand' E: Comp:e zoo is met een verstaen
eerstdaags aendenselven zulcx in rescriptie
te dienen, ende met duijdelijcke woorden teken
„nen tegeven, ten eijnde vandat voorneemen
mogte afgetrocken, ende door een tweede noodigin
in beleefde, en minnelijk termen bewoogen
worden, sig in persoon herw„ts alleen te laaten
vinden, om, mits 't verloop des tijts, sonder lange
vertraagen, soo wel ten belange der negotie,
als verdre landsaacken, met den selven monde„
„ling t'confereeren, en alsoo bequaem te mooge
Zijn, over 't een, en ander een heijlsaame
resoluitie te trecken, in betragtinge van
den meesten dienste der E: Compagnie
ƒ-
Wijders bij requeste in raade door den prove¬
sioneele Luijtenant Johannes Sevo versoek
gedaan zijnde, dat van die tijt af dat door
haar hoog Ed=le agtb: zijn stilgestaane gagie
werd goed gedaan hem ook zijn tractem„
van Costgelt en rantsoen wijn, mogt werden
gevalideert"
NL-HaNA_1.04.02_1547_0479.xml,"gevalideert soo is hem sulcx als een billuke
saacke g'accord„t, behalven dat hij inplaatse
van swaargeldt, gelijk versogte, met ligt geldt
sig sal moeten te vreeden houden, mitsgaders
verder verstaanden p:l adsistent Hendrik
dirksz: Nooteman, op zijn gedaen versoeck
verselt vande goede getuijgenisse sijner gebie„
ders aan te stellen tot adsistent absoluijt met
24. p:r maent onder een vijff Iaarig verbandt,
om zijn dienst als guarnisoen boeckhouder
ter fortresse Cananoor te presteeren: Item
aande toepasse vrouwe Joanna d'aroeje, vol„
„gens d'acte van survivance bij wijle den
hoog Ed=le h=re Commiss:s Hendrik adriaan
van reede tot draakensteijn heere van
meijdregt &:a op haar verleendt, als vroetvrou„
we in plaatse vande overleedene pauladias
smaandelijcx uijt 's Comp:s cassa tot haar
onderhout telaaten verstrecken, vier rd:s waar
voor zij dan ook verpligt sal blijven zigh —
altoos parraat telaaten vinden, ten
dienste van een ijegelijk: deser stats ingese„
tenen, wanneer haar komen te benoodigen
onderstont: Aldus gedaan g'arresteert
ende geresolveert binnen de stadt Cochim
ten daage, maand, en Iaare voormelt
was
220
em„
erden
alideert"
NL-HaNA_1.04.02_1547_0480.xml,"was geteeck:t adriaan van ommen
Pr: Coesaart: D„s de Chavonnes: a: wighm
J: Grooten huijsem: Cs bliklandt: J: van outslom
van Sonnevelt: W:m v: d: Cnaapi P: Scholtens
L:t blanckerc: en„ L:s Taijspil. —
Accordeert
Somma dy 26en. x Ji 169
JDenu
JCrenk"
NL-HaNA_1.04.02_1547_0481.xml,"hol
Vin"
NL-HaNA_1.04.02_1547_0482.xml,N 13.
NL-HaNA_1.04.02_1547_0483.xml,"221
Saterdagh den 4=en xber
Present den Commandeur
Paulus Huntum
De Schippers Cornelis mes¬
dag, barent boogaart,
Pieter de Gilde,
Den Commandeur de leden deeser scheeps
vergaderingh voorgehouden hebbende,
hoe hun niet onbekenden was, dat
haar Ed=le groot agtb: tot batavia, bij
resoluitie van den 6=en april, als ook bij
haar Ed=le gr:t agtb: seer g'eerde mis„
sivens, de datums 14=' Maij 28=en Junij
ende 20=e aug=o, alle deses Iaars, expres
g'ordonneert ende begeert hadden, om —
wanneer wij met onse onder hebbende
scheepen voor Cochim waaren gezeijlt,
uijt dat getal aan den E H=r Commandeur
en raad dier plaats, een â twee kielen
te transporteeren, ten eijnde met deselve
alle de daar in vendibel leggende goederen=
na"
NL-HaNA_1.04.02_1547_0484.xml,"na batavia, ende de tot nogh binnen dien
stad berustende, en voor persia g'projecteerde
handelwhaaren, na het laast genoemde Compt
mogten vervoert werden, ende dat nu jnvol„
doening van haar Ed=le gu=t agtb ordres ende
naden overslag, op den quantiteijt deser —
koopmanschappen door den gedagten E h=r
Commandeur van ommen, mitsgaders —
zinen, ende onsen scheepsraad apart daam
van gemaakt, bereets de scheepen silversteij
benevens de fluijt obree naar batavia,
ende het Iagt saamslag naar persian
waaren aangeliegt, welke Eerst, en —
laast genoemde bodems nu ook ten dien—
fine alle hun op Ceijlon Ingenoome goe„
deren ontlost, ende aan het schip goudesteijn
overgegeven hadden, waar mede desen kiel
sigh tegenwoordigh wel klaar en in staat
verthoont van naar haar Ed=le gr=t agtb:
wille en jntentie te kunnen noordwaard
aangaan, maar hem Egter door die—
transportering der scheepen saamslag
en silver steijn, mitsgaders de ontbeering
van de scheepen de maas, het huijs ter loo,
ende Courtgene tegende gedagten van—
haar Ed=le gr=t agtb: van alle scheepen —
ontbloot, ende gants alleen bevind, zoo geeft
den Commandeur Huntum derraad in
bedencken —"
NL-HaNA_1.04.02_1547_0485.xml,"222
bedencken wat met den meester Compagnies
2
dienst zal over een koomen met het voorm:
schip, goudesteyn alleen vande rheede Cochim
naar Zouratta onder zeijl te gaan off wel
eenige daagen alhier op te wagten de scheepen
Iava beijeren weggenum en het Casteel
batavia welk bij geen ontdecking van —
france volgens hun mede voerende ho=s geagte
jnstructie uijt Zouratta op Ceijlon tegen —
halff december verschinen ende ons alsoo naar
alle apparentien ter deeser rheede passeeren
moeten naardienstigh tot nog van de komste
eeniger francen in dese geweesten geen —
de minste getrugten hebben g'openbaart
die wanneerse in dit N=o oost mouson qua„
men op tedagen alsoo wel te rade konde
werden de mallabaarse kust aan te doen—
ende het langs die wal naar zouratta op
te laveeren om onderwijlen op de een of de—
ander plaats kundschap te erlangen hoe sterk
onse seemagt ontrent die rheede sigh onthield
als als deselve van meningh wierden van —
direct uijt der zee de Evengenoemde plaats
aanboort te loopen In welk eerst geval
dit schip alleeen haar ontmoetende apparent
weynigh ovantagie en respect aan d'E Comp
zoude toebrengen behalven dat wanneer —
goudesheijn alleen in zouratta om de france
op te soecken arriveerde; gelijk deselve haar Ed=le
gr=t"
NL-HaNA_1.04.02_1547_0486.xml,"gr=t agtb goede jntentien daar ontrent aan —
alle die volckeren van dat gewest overvloedig
en meer als wel behoorde kunbaar zijn ge„
worden het selve bij Engelsn en mooren —
veel Eerder voor een redicule zaak als —
voor een Ernstig desseijn aangesien soude —
werden twelk altemaal te perevenieren —
ende te schutten is wanneer de scheepen —
Java beijeren 't Casteel balavia ende w09„
genum die seekerlijk met alle met de —
persiaanse en souratse goederen belaaden
zullen weesen en eens soo veel voordeel
hebben van ons op een rheede ten ancker—
leggende als in zee zeijlende ende bij —
nagt Elkander schielijk passeerende te
kunnen op, steeven hoop en bij alsulcken
ren Contr= hun Esquader te breeken —
ende de ledige bodems hun met het schip, —
goudesteijn te Conjungeeren en alsoo gesa„
menelijk noordwaard op, naar dit alles aandag„
tigh overwoogen en in Consideratie genomen
te hebben met een parigh=t van stemmen —
geresolveert is dat het schip goude steijn tot den
20=en december ter rheede Cochim nade op gem:
vier bodems zal blijven wagten ende langer
niet dewijl als dan te dugten staat, dat de
selve scheepen hier op dien tijx nog niet ver„
scheenen ende Contragen gepasseert zynde
Ceijlon bereijset zichen hebben —
Ende"
NL-HaNA_1.04.02_1547_0487.xml,"223
Ende aangesiene het schip goudesteijn volgens —
de reden hier vooren g'alligeert met dit
op wagten geende minste prejuditie aan
d' E Comp nog geen beletsel aan die van sounatta
on het overvoeren van de voor hun geprojec„
teerde ende tegenwoordigh in goudesleijn —
geladen goederen toetebrengen komt soo is
meede verstaan bij aldien het schip zaam„
seag tegen den 20=en december voorn=t vol„
laden en klaar kan werden gemaakt
den selven boodem tot voor goa onder het
geleij van goudesteijn te doen zeijlen
om van daar veijligh na de gedestineerde
plaats gamron te kunnen oversteeken —
ende zal den E heer Commandeur van
ommen ende zynen raad Copia van
dese resolutie gegeven werden met versoek
bij aldien haar Eagtb den jnhout van dien
in alle manieren met den dienst van
d' E Comp bevinden te Confronteeren. dat
het selve als dan ook bij haar Eagtb indier
voegen volkoomen g'affirmeerven gere„
solveert werden mag (onderstont) aldus
gedaan en geresolveert in 't schip goudesteijn
datum als wa boven was geteekent
paulus huntum, Cornelis mesdagh, barent
boogaart en pieter de gilde. lager stont
gecollationeert ende accorde bevonden —
was geteekent Meijndert Vos. secretaris.
de
aan
—
dig
langer"
NL-HaNA_1.04.02_1547_0488.xml,"De voormelte Copia resolmitie door den Eh=r
Commandeur adriaan van ommen in raade
van mallabaar expres ten dien eynde bij een
geconvoceert geleesen ende med aandagt
geresumeert zijnde in desselvs inhoude met
een paarigheijt van stemmen zoodanigh
geconfirmeert ende g'oordeelt ten dienste —
der E Comp, wel g'observeert ende gerigt
te weesen. (onderstont) Cochim den 7=en xber anno
1694 nog lager stont ter ordonnantie van den
Eh=r Commandeur adriaan van ommen —
enden raad was geteekent Iohannes scholten
R=t en secretaris.
Accordeerende bevonden
Cochim den 26=' xber 1694.
gn
R
Vlerk"
NL-HaNA_1.04.02_1547_0489.xml,1694.
NL-HaNA_1.04.02_1547_0490.xml,"No1
14
4"
NL-HaNA_1.04.02_1547_0491.xml,"224
Generale Monster Rolle van Alle
des EComp. s zoontreckende Bediende
welcke bij gedane monsteringh—
onder dato ult„o Iunij A„o 1694. op de
gantsche Cust malabaer in wesen
Zijn Bevonden
N„o 15."
NL-HaNA_1.04.02_1547_0492.xml,
NL-HaNA_1.04.02_1547_0493.xml,224
NL-HaNA_1.04.02_1547_0494.xml,
NL-HaNA_1.04.02_1547_0495.xml,224
NL-HaNA_1.04.02_1547_0496.xml,"1729„ Persoonen soo van de Commersie Militie als andr
Naemen Toenaem en waer van daer
761. Manschappen Tot Cochim en in desselfs omleggende
buijten posten
Alexander wighmans uijt den haagh. . _- - . . . . ..
42. - Persoonen Tot Bevorderingh van d. Negotie
in cochim
Ioannes adamsz. stalburger van meens. - - - - - - - - - - - - - . . . . . . -.
Iacobus van outshoorn van sommeur - - - - - - - - - - - - - - - - - - - - - - - --
Ioannes raesvelt van Zulphen. . . . . . . . . . . . . . . . . . . . . . . . .
warnaer vander knaap van deventer - - - - - - - - - - - - - - - - - - - - - . . . .
leendert adriaensz. blanckert van delft. . . . . . . . . . . . . . . . . . . . . .
Ioannes scholten van colombo - - - - - - - - - - - - - - - - - - - - - - - - - - - - -
matthijs dircksz. sonsbeeck van amsterdam. . . . . . . . . . . . . . . . . .
marcelius goltsius van middelburgh. . . . . . . . . . . . . . . . . . . . . . . .
Ioannes Wighmans uijt den haagh - - - - - - - - - - - - - - - - . . . . . . . . . . .
ritchart bremer van amsterdam
hendrick pauw van haerlem
uldrich van der hoeck van waasbergen
Joris coddingh van batavia. . . - - . - - - - - - - - - - - - . . . . . . . . . ..
Iacob Iacob B. valoth van braziel . . . . . . . . . . . . . . . . . . . . . . . .
abraham gerritsz. van batavia. . . . . . . . . . . . . . . . . . . . . . .
20: Persoonen die Transporteere.
abraham vinck van gorcum. . . . . . . . . . . . . . . . . . . . . . . . p
louijs taijspel van calicoijlan - - - - - - - - - - - - - - - - - - - - - - - - - - - -.
Isaack Constant van rotterdam. . . . . . . . . . . . . . . . . . . . . . . ..
gerrit Mulder van. . . d=o. . . . . . . . . . . . . . . . . . . . . . . . . . . . . . ..
-
. . . . . . . . . . . . . . . . . . . . . . .
. . . . . . . . . . . . . . . . . .
. . . . . . . . . . . ."
NL-HaNA_1.04.02_1547_0497.xml,"22
Generale Monster Rolle van alle des E: Comp„s hooge en lagt
bediende de welcke bij gedane monsteringh op heden den laasten Iunij 1694.
ter custe malabaer volcomen Inwesen sijn bevonden met specificatie
der naemen toenaem en geboorte plaets, d' presente qualiteijt winnende
maendgelden wat schip, Iaer, en voor wat camer in 't lant gecomen
sijn, als mede daer nae volgende alle d' Inlants ministers en maendelijk
loontreckers die mede onder genoemden datum in maniere als vooren
sijn comen te continueeren bestaende te samen In een getal van
gel: in't vervolgh hier onder en Naer duijdel: sal werden aengewesen, als.
daen — d' Presente qualiteijt en winnende 'T schip waer mede intl. t voor wat
gecomen en 't Iaer Camer
maandgelden
.coopman en p:l oppergezaghebber en ƒ65. in dienst. . . . . . . . . . 166. 7. amsterdam
loopt zijn E. reecq. tot coijlan
60. d. o purmer. . . . . . . . 1685. _=o
. . . . . . . . . . p.:l oppercoopman
-. . . . . . . . . . ondercoopman en guarnisoen boeckh. r 40. diamant. . . . . 1651. _=o
_o
. . . . . . . . . . . . _=o en fiscael. . . . . . . . . . . . . 40. Iava. . . . . . . . . . . . 1685. _=o
. . . . . . . . . . „ affgegane packhuijsm. r en ontfang:n 40. velsen. . . . . . . 1669. _=o
. . . . . . . . . . . . . „ en winckelier. . . . . . . . . . . . 40. Sillida. . . . . . . . . . 1688. _=o
. . . . . . . . . . . opperstuerm. en p. l Eerste packhuijsmn:r ƒ 40. Schieland. . . . . . . . . 1675. delft
. . . . . . . . . ondercoopm: en secret. s der politie. ƒ 40. in dienst. . . . . . . . . 1681. amsterdam
. . . . . . . . . . . . . _=o en Cassier. . . . . . . . . . . . 36. amesfoort. . . . . 1660. _=o
. . . . . . . . . . . _=o sonder bedieningh - - - - - - 40. goudesteijn. . . 1693. Zeeland.
. . . . . . . . . . . _=o. . . . . Idem. . . . . . . . . . 40. in dienst. . . . . . . 1674. amsterd=m
. . . . . . . . . . . boeckhouder en ragiadoor nevens ordinarij 30. _=o. . . . . . . . 1672. __o
gecommiteerd aen tcochims. heff.
. . . . . . . . d=o en overdrager der negotieboecken 30. Jselsteijn. . . . 1671. _=o
. . . . . . . . . . _=o en dispencier. . . . . . . . . . 30. aerdenburgh. . . . . . 1677. Zeeland.
. . . . . . . . _=o en overdrager der zoldijeb=te 30. in dienst. . . . . . 1676. amsterd=m
. . . . . . . . . . d=o en tweede packhuijsm=r 30. hogergeest. . . . . . . . 1683. _=o
. . . . . . . . _=o ten negotie Comptoir - - - - - 24. schiebroeck. . . . . . 1687. _=o
. . . . . . . adsistent en Eerste clercqter secretaris 24. in dienst. . . . . . . . . . 1683. _=o
. . . . . . . . . . 3=le d=o sonder jnploij. . . . . . . . . . 26. d.' parel. . . . . . . . 1684. _=o
. . . . _=o en ordinarij gecommiteerd. 26. in dienst. . . . . . . . . 1658. _=o
de
Negotie
. .
."
NL-HaNA_1.04.02_1547_0498.xml,"20: – Persoonen P„r Transport
Namen Toenaem en waer van daen
daniel Ioncktijs van Cochim. . . . . . . .
Joris brieselaer wa van Amsterdam - - - - - - - - - . . . . . . . . . . . . . . p.
hendrick dircksz. notemans van rotterdam. . . . . . . . . . . . . . . . . . . . . . . d=o
Ernst willem louijs douterleeuw van cochim. . . . . . . . . . . . . . . . . . . . .
Cornelis van meeckeren van. . . . . . _o
Christoffel vander Zee van Cochim. . . . . . . . . . . . . . . . . . . . . .
salomon van lier van ambonia - - - - - - - - - - - - - - - - - - - - - - - - --
dirck sonsbeeck van porca - - - - - - - - - - - - - - - - - - - - - - - - - - - - - .
leonardus mults van batavia. . . . . . . . . . . . . . . . . . . . . . . . . . . .
lambert Pietersz. van rotterdam. . . . . . . . . . . . . . . . . . . . . . . . .
Ian meijer van amsterdam. . . . . . . . . . . . . - - - - . . . . . . . . . . .
Christiaen roosenbergh van Coppenhagen. . . . . . . . . . . . . . . . . . .
albert Claasz. loockman van cochim. . . . . . . . . . . . . . . . . . . . . . . . . .
Ian hendricksz. bout van. . . d=o - - - - - - - - - - - - - - - - - - - - - - - - - - -.
Pieter lindzaij van barsaloor - - - - - - - . . . . . . . . . . . . . . . . . . . . . . . . . _
Ian becx d:' I=s van Cochim. . . . . . . . . . . . . . . . . . . . . . . . . . . .
pieter Isaacksz. van Cochim. . . . . . . . . . . . . . . . . . . . . . . . . . . . . . .
Cornelis uldricx van batavia. . . . . . . . . . . . . . . . . . . . . . . . . . . a
Pieter kigelet van . d=o - - - - - - - - - - - - - - - - - - - - - - - - . . . . . . . . . . 20
Ian fransz. van Cochim. . . . . . . . . . . . . . . . . . . . . . . . . . . . . . . . . .
Isaack vette van batavia - - - - - - - - - - - - - - - - - - - - - - - - - - - . . . . . . . . . ad
Ian adams. van _=o - - - - - - - - - - - - - - - - - - - - - - - - - - - - - - - - - - - - - - -
daniel d' macedo van Cochim. . . . . . . . . . . . . . . . . . . . . . . . . . . .
5:— Persoonen Tot d ' godts dienst
kerck en school
gerardus d' oude van Leijden
Samuel van niets van steen bockenheijm. . . . . . . . . . . . . . . . . . . ..
Cornelis Pietersz. van amsterdam. . . . . . . . . . . . . . . . . . . . . . . . . . . ..
hoelsant krackelingh van goutland. . . . . . . . . . . . . . . . . . . . . . .
willem gander heijden van aacken . . . . . . . . . . . . . . . . . . . . . .
48: – Persoonen die Transporteere.
3o
. . . . . . . . . . . . . . . . . . . .
2
8
_o. . . . . . . . . . . . . . . . . . . . . . .
. . . . . . . . . . . . . . . . . . . . . . . . . . . . . . . .
n
. ."
NL-HaNA_1.04.02_1547_0499.xml,"226
d' presente qualitijt winnende.  't schip waermeede in t. . voor wat caamer
maandgelden. - - - - - land gecomen en 't Iaer. .
. . adsistent en resident tot porca ƒ 20. in dienst. . . . . . . . 1684. amsterdam
. d=o ter secretarie. . . . . . . 24. _–o. . . . . . . . 1683. _o
_=o _o
. . . . . . . . . . d=o ten negotiecompt=r. . . 24. _=o. . . . . . . . . . 1692. _=o
. . _=o _o. . . . . . . . . . . 20. Denhoorn. . . . . 1690. rotterdam
_=o _o. . „. . . . 20. in dienst. . . . . . . . 1691. amsterdam
. . . . . . . . . _=o ter secretterrtije. . . . . . . . . . 20. _o. . . . . . . . . 1687. _o
. . . . . . . . . d=o en opsiender de fortificatie matria 18. handboogh. . . . . . . 1689. _o
. . . . . . . . . d=o bij d ' negotiepackhuijs. . . . . . 24. in dienst. . . . . . . . . 1680. _o
. . . . . . . . . _=o ten zoldije comptoir. 20 _=o. . . . . . . . . . . 1683. __o
. . . . . . p. l adsistent ter secretarije. . . loopt zijn formeele reecq. tot colombo —
. . . . . . . . . . . d=o _=o Een zoldije comptoir - - „ 12. debeurs - - - - - - - . 1686. rotterdam
. . . . . . . . _=o. . . . . _o. . . . . . . . 10. in dienst. . . . . . . . 1692. amsterdam
- - - - . . . . . adelborst en schrijft ter secretarije 10. _=o. . . . . . . . 1694. _o
. . . . . . . . . . . . . zoldaat. . . . . . . . . . d-o. . . 9. _=o. . . . . . . . . 1692. _o
. . . . . . . . . . . . J=o tolck ter secretarije. . . . . . . . 12. _=o. . . . . . . . . . . . 1671. __o
. . . . . . . . . . . pennist sijnde ter residentie pananij n 16. _=o. . . . . . . . . . 1688. _=o
geplaets...
- - . . . . . . . . adelborst ter negotie comptoir. . . . 10. _=o - - - . . . . . . . 1692. _–o
9 _=o. . . . . . . . . . . . 1692. _o
. . . . . . . . . . . sold. t en schrijft Een zoldije compt=r
. . . . . . . . . . d=o en wort als 3. tolck gebruijkt 12. _=o. . . . . . . . . . 1684. _=o
. .  . . . 20. _=o. . . . . . . . . 1688. _=o
_=o _o 20. _=o. . . 1692. _–o
_=o _o 20. _=o. . . . . . . 1685: _o
. . . . _-o _o 16. _=o. . . . . . . . 1687. __o
predicamt. . . . . . . . . . . . . 90. brandenburgh. . . . 1691. amsterdam
. . . kranckebesoeker en voorleser der
nederlands. en portugeese kercken diensten 36. d. o beurs. . . . . . . . . 1661. _=o
siecke trooster en voorleeser - - . . 30. ridderschap. . . - . 1690. _o
. . . schoolmeester en koster. . . . . . . . . 18. Cortgene. . . . . . . . . 1686. _=o
Corp. l en orgelist. . . . . . . . . 16. schelde. . . . . . . . 1684. _=o
aen
. . . . .
. . . . .
. . . . . . . . .
. .
. . . .
. . . . . ."
NL-HaNA_1.04.02_1547_0500.xml,"48: - Persoonen P„r Transport
Namen Toenaem en geboorte Plaats. —
Sijmon kadenskij van dreesden - - - - - - - . . . . . . . . . . . . . . . . . . . .
frans Iacobs. houthaer van cochia. . . . . . . . . . . . . . . . . . . . . .
frans poolvliet van. . . . . d=o - . . . . . . . . - . - . . . . . . . . . . .
Joris agatius hever van opperheijm. . . . . . . . . . . . . . . . . . . . . . . . . .
Christiaan knoets van hamburgh. - - . . . . - - - - - - - - - - - . . . . . . . . . . .
alexander smeltser van volckemissen - - - - - - . . . . . . . . . . . . . . . _
19. – Persoonen die aen en tot verscheijde diensten
worden gebruijckt als.
Ioannes bruijnsz. van amsterdam - - - - - - - - - - - - . . . . . . . . . . . . .
dirck biesenbagh uijt berghslam
Ioannes alewijn van amsterdam. . . . . . . . . . . . . . . . . . . . . . . 60
steven bhurmans van stockholm. . . . . . . . . . . . . . . . . . . . .
willem Iacobsz. heijcoop van amsterdam. . . . . . . . . . . . . . .
Pieter pietersz. van amsterdam. . . . . . . . . . . . . . . . . . . . .
Joseph vogel van Ingelenburgh. . . . . . . . . . . . . . . . . . . . . . . . . .
hendrick harmensz. maasland van rotterdam. . . . . . . . . . . . . . ..
hans Iurgen Constman van bazel. . . . . . . . . . . . . . . . . . . . . . . ..
harmen schreuder van hamburgh - - - - - - - - - - - - - - - - - - - - - . - - . .
steven schoonburgh van stadeldorp - - - - - - - - - - - - - - - - - - - - - - - -
gloude gloudens. vander gouw - - - - - - - - - - - - - - - - - - - - - - - - - -
Jsaack louwerentsz. van doornick - - - - - - . . . . . . . . . . . . . . . . . . . . .
Ian fransz. callebout van den bosch. . . . . . . . . . . . . . . . . . . . . . . . . . .
Carolo riberto van Caron. . . . . . . . . . . . . . . . . . . . . . . . . .
77:- Persoonen die Transporteere.
pieter ouwman van amuijden - - - - - - - - - - - - - - - - - - - - - - - - -.
francoijs dupree van sommeur - - - - - - - - - - - - - - - - - - - - - - - - - - - - hi
Ioannes Constablee van batavia. . . . . . . . . . . . . . . . . . . . . . . . . . . .
philip poulusz. van antwerpen. . . . . - - - - - - - - . . . . . . . . . . . . . -.
hendrick Iansz. bout van rotterdam. . . . . . . . . . . . . . . . . . . . .
Joost de smith van der monde . - - - - - - - - - - - - . - . . . . . . . . . . . . . .
Ian Willemsz. van oldenburgh. . . . . . . . . . . . . . . . . . . . . . . .
Pieter Iansz. van brussel - - - - - - - - - - - - - - - - - - - - - - - - - - - - - . . . .
10. — Persoonen over 'T hospitael en Chirurgijne
winckel.
. . . . . . . . . . . . . . . . . . . . . _
als
8"
NL-HaNA_1.04.02_1547_0501.xml,"227
. . . . . ƒ60. vrije Zee. . . . . . . . 1670. delft
. . d=o opperchirurgijn
gerte
. . . . . . . . . opperchirurgijn over't hospitael alhier 36. Emmenes. - - - . . . . . 1685. amsterdam
. . . . . . . . Chirurgijn. . . . . . . . . . . . . 30. Eenhoorn. . . . . 1691. rotterdam
. . . . . . . . . . . . _=o. . . . . . . . . . . . . . . . 26. in dienst. . . . . . . . 1681. amsterdam
- . . . . . . onder _-o - - - - - - - - - - - - - - - . 20. schelde. . . . . . . . . 1684. Zeeland. —
. . . . . . . . . _=o _=o. . . . . . . . . . . . . . . 18. in dienst. . . . . . . . . 1683. amsterdam
_o _o . . 20. _=o. . . . . . . . . 1688. _o
de
. . . . . . . . adelb. en p. l _=o. . . . . . . . . . . . 10. d. Leck. . . . . . . . . . 1692. do
. . . . . . . . . sold. t en _=o - - - - - - - - - - - - 9. silversteijn. . . . . 1692. _=o
d=o en sieckerverder. . . . . . . . . . . 9. d.' leck. . . . . . . . . . . . 1692. d=o
. . . . sargiant en wort tot meeten v: balcker 24. n: Enckhuijsen. 1660. amsterdam
als ander houtwercken meer gebruijkt
. . . sergiant en guarnisoen schrijver 24: tw: van hoorn. . 1667. _=o
. . . . . . . . . _=o en gerecht stadtsboode. . . 24. vlissingen. . . . . 1660. Zeeland. —
. . . . . . . . _=o en Cruijtmaaker. . . . . . 24. mouritius. . . . . . . 1683. rotterdam
. . . . . . . . boeckebinder. . . . . . . . . . . . . 20. nooteboom. . . . 1660. amsterdam
. . . . . . . . bottelier en Cuijper. . . . . . . 18. hogergeest. . . . . . . 1683. __o
. . . . . . . trompetter. . . . . . . . „ . . . . . . 18. soetendael. . . . . 1673. Enckhuijsen
. . . Corporael en stalkneght. 16. d:' schelde. . . . . . . 1684. Zeeland. —
. . . . . . . . . sold. t en p. l geweldiger. . . . . . . . 12. schoondijck. . . . . . . 1690. amsterdam
. - . . . . . . . . . sold. t en oppasser bij d' fortificatiew: 15. d: schelde. . . . . . . . 1684. Zeeland. —
. . . . . . . . . . _=o. . . . en. . . . _-o. . . . . 14. gooijlant. . . . . . 1673. amsterdam
. . . . . . . . _=o en thuijnier. . . . . . . . . . 14. honslaerdijck. . . . . 1680. Zeeland. —
. . . . . . . . d=o en toesiender bij d' waterhaald 14. walvisch. . . . . . . 1654. amsterdam
. . . . . . . . . . . d=o en d=o bij d' vulles carren. 14. vrije Zee. . . . . . . . 1672. delft
. . . . . . . . . . Corp. l en schaffm. r in 's comp.:s hospit. 14. Castricum. . . . . 1683. amsterdam
. . . . . . . . d=o en opsiender der vispasser. . 16. sticht van uijttrecht 1676. _=o
. . . . . . . . d=o en pachter der arack tapper ƒ 16. Zuijtbeverlant. 1682. Zeeland. —
binnen deser steede-. .
. . . . . . . . d=o als boven buijten de stadt. . 16. ternaten. . . 1669. amsterdam
. . . . . . . . _=o. . . . . . . . . . . . . . . . . 18. honslaerdijck. . . . . 1691. _=o
voor wat
d' presente qualite en winnende m:t 2 't schip waer meede in 12
Camer
gelden - - - - - - - - 3 lant en 't Iaer. . .
urgijns
. .
. . . .
diensten
. . .
. . . . .
. . ."
NL-HaNA_1.04.02_1547_0502.xml,"77:- Persoonen P„r Transport
Namen Toenaem en geboorte Plaats-.
560. Persoonen Militaire inde Stadt Cochim als in
desselfs omleggende buijten posten te weeten
469. persoonen voor present binnen de stadt bescheijden
daer van 139. militaire die tot colombo 'thuijs
hooren des zij oock in 't vervolgh zal blijcken
apartel. bij een zijn gestelt
6: Hooft officiers. te weeten
macxmiliaen stoffels. uijt den haagh - - - - - - - - - - - - - - - - - - - - - - - - - . luij
Cornelis van pothuijsz. van uijttrecht. . . . . . . . . . . . . . . . . . . . . . . . . . . p. l
Ioannes sero vander monde. . . . . . . . . . . . . . . . . . . . . . . . . . . . . . . . . . . . . _
hans Iurgen tarant van Coninghsbergen. . . . . . . . . . . . . . . . . . . . . p. l
26: Sargiants. als:
6 aen de baijpoort
anthonij Iansz. van amsterdam. . . . . . . . . . . . . . . . . . . . . . . . . . . . . sar
hendrick budde van meppel - - - - - - - - - - - - - - - - - - - - - - - - - - - - - - - . . . _
Ian lucasz. van deventer. . . . . . . . . . . . . . . . - . . . . . . . . . . . . . . . . _
Cornelis gerritsz. blicklant van leijden - - - . - - - - - . . . . . . . . . . . . . Ca
bartram d' graaff van aacken. . . . . . . . . . . . . . . . . . . . . . . . .
Isbrant Cornelisz. heringh van der gouw - - - - - - - - - - - - - - - - - - - - - . . . . . . _
matthijs fransz. van Vlissingen. . . . . . . . . . . . . . . . . . . . . . . . . . . . . . . _
nicolaes bovijn van luijsterbroeck - - - - - - - - - - - - - - - - - - - - . . . . . .
Ian bodel van amsterdam
michiel d' bruijn van heusden. . . . . . . . . . . . . . . . . . . . . . . . . . .
. . . . . . . . . . . . . . . . . . . . . . . . . . . . . . . . .
2:- jnde waght bij d' E. oppergesaghebber
3– jnd: hooftwaght
94:– Persoonen die Transporteere.
anthonij boevius van cochim
. . . . . . . . . . . . . . . . . . . . . . . . . . . . .
daniel van tongeren van aacken - - - - - - - - - - - . . . . . . . . . . . .
steven pietersz. van rotterdam
* . . . . . . . . . . . . . . . . . . ..
over
-"
NL-HaNA_1.04.02_1547_0503.xml,"228
presente qualiteijt en winnende):'t schip waer mede in 't voor wat
maandgelden. - - - - - - - - 5 lant gecomen en 'tIaer' Camer. —
. . . ƒ65. tw. van holland. . . 1661. amsterdam
. Capiteijn Luijtenam
. ƒ. 50. 1/. rotterdam. . . 1655. rotterdam
-. . .. luijtenam
. . . . . . . . p. l _=o. . . . . . . . . . . . . . 40. d. Purmer. . . . . . . 1685. amsterdam
. . __o. . . . . . . . . . . . . . . . 50. burgh van leijden. 1669. _=o
. . . . . . . . vaendrigh. . . . . . . . . . . . . . 40. Ionge prins. . . . . . 1669 hoorn
p. l d=o hebbende met een d.'o opsight
over d' fortificatie wercken. . . 324. voorsigtigheijt. . . 1670. _=o
. . . . . . . . - . . sargiam
. . . . . . . . . . sargiant. . . . . . . . . . . 24. velsen. . . . . . 1670. amsterdam
. . . . . . . . . . . . . 24. Castricum. . . . 1683. _=o
. . . . . . . . . . . 20. p. s w. hend:k d. ' derde. 1678: Zeeland.—
. . . . . . . . . . . _o. . . . . . . . . . . . . . . 24. Cortgene. . . . . . . . 1686. amsterdam
. . . . . . . . _-o - - - - - - - . . . . . . . . . 29. muscateboom. 1660. __o
. . . . . . . . . _=o. . . - - - - . . . . . . . . . . 20. Cappelle. . . . . . . . . 1687. rotterdam
. . . . . . . . . . _o. . . . . . . . . . . . . . . 24. tw. van Zeelant. 1663. Zeeland.
. . . . . . . . . __o. . . . . . . . . . . . . . . . . 24. handelaer. . . . . . . 1667. amsterdam
. . . . . . . . . . . . 24. in dienst. . . . . . . . 1689. amsterdam
. . . . . . . . . zargiam
. . . . . . . . . _=o. . . . . . . . . . . . . . . . 24. 'tw: van z: zee. . . . 1679. Zeelam
. . . . . . . . . _=o. . . . . . . . . . . . . . . 24. vrije Zee. . . . . . . 1670. delft
ijden
ken
. . . . . . .
hebber
. . . . ."
NL-HaNA_1.04.02_1547_0504.xml,"94:— Persoonen P„r Transport
Namen Toenaem en waer van daen. .
hendrick Iansz. Croonenb=k van amsterdam. . . . . . . . . . . . . .
silvester Iacobsz. nath van gorcum. . . . . . . . . . . . . . . . . .
hendrick telvooren van hassel - - - - - - - - - - - - - - - - - - - - - - - - - .
4: opd: punt Greuningen
gerrit ruijen van oudekerck. - - - - - - - - - - - - - - - - - - . . . . . . . . . ..
hendrick sas van lubeeck. . . . . . . . . . . . . . . . . . . . . . . . . . . . . .
harmen barentsz. ter sonder van vreede. . . . . . . . . . . . . . . . . . . . . .
4: aen d. Revierpoort
titus oldens. van hamburgh - - - - - - - - - - - - - - - - - - - - - - - - - - -.
dirck barentsz. van breemen. . . . . . . . . . . . . . . . . . . . . . . . . . .
adriaen vander kruijssen van belgen. . . . . . . . . . . . . . . . . . . . . .
hans michiel ree van wormen in pruijsen - - - - - - - - - - - - - - .
Ian Sijbrantsz. van grauw diep - - - - - - - - - - - - - - - - - - - - - - - - . . - . -
33: Corporaels. —
3 aen de baijpoort
Carel huijvetten van tichum. . . . . . . . . . . . . . . . . . . . . . . . . . . . .
Ioannes schutte van maaghdenburgh - - - - - - - - - - - - - - - - - - - - - . - .
„ dijrck van dijck van uijttrecht. . . . . . . . . . . . . . . . . . . . . . . . . . . .
alexander wast van Elbingh. - - - - - - - - - - - - - - - - - - - - - - - - . . . . . . -.
Ioannes Mouritsz. van amboina. . . . . . . . . . . . . . . . . . . . . . . . . . .
hendrick weijes van sleeswijck - - - - - - - - - - - - - - - - - - - - - - - - - - . . . .
otto marius uijt den haagh. - - - - - . . . . . . . . . . . . . . . . . . . . . . . . . . .
Lucas Elmersz. van aernhem. . . . . . . . . . . . . . . . . . . . . . . . . . . . . . . .
andries loucx van pigon - - - - - - - . . . - - - . - . . . . . . . . . . . .
govert gerritsz. hoffland van amsterdam. . . . . . . . . . ..
115: Persoonen die Transporteere.
Ind' wacht bij d' oppergesaghebber
4 Ind: waght bij d:' negotie/pathuijs:
3: aen d' Zaaghmoelen
-"
NL-HaNA_1.04.02_1547_0505.xml,"229
daen, sd: presente qualiteijt winnende. ) 't schip waer mede. ) voor wat
- - - . . . . . 3 in 't land gecomen en 'tjaers Camer. —
maand gelden
sargiam
. . . . . . . . . . . 24. 't schip Iuff. r anna. . 1683. amsterdam
- . Sargiant
. . . . . . . . . . . . . . 24. Cortgene. . . . . . . . 1679. Zeeland. —
_o
. . . . . . . . . . . _=o. . . . . . . . . . . . . . . . . . 24. reijsende son. . . 1661. amsterdam
. . . . . . . . . . . . . _=o. . . . . . . . . . . . . . . . . . 24. d. purmer. . . . . . 1685. d–o
. . . . . . . . sargiant. . . . . . . . . . . . 24: 'thuijs te swieten. . 1664. amsterdam
. . . . . . . . . . . . . . . . . 20. diemermeer. . . . . 1660. Zeeland. —
. . . . . . . . . _:o. . . . - - - . . . -. . . . . . 24. hollandse thuijn. 1669. amsterdam
. . . . . . . . . . __o —. . . - - . . . . . . . . . . . . 20: 't Casteel medenblick. 1665. Enckhuijsen
. . . . . . . . . . . . . 24. gecroonde vreede. 1679. amsterdam
. . . . . . . . . . . . . . . 20. Een hoorn. . . . 1690. _o
. . . . . . . . . . . . . _=o. . . . . . . . . . . . . . . . . . 24. de purmer. . . . . . . . 1685. _o
. . . . . . . . . . . . . _=o — - - - - - - - - - - - - - - - - loopt sijn formeele reecq. tot batavia
. . . . . . . . . . Corporael. . . . . . . . . . . . . . 14. burgh van leijden. 1683. Zeelant
. . . . . . - - - - - . . . . . . 16. spanbroeck. . . . . . . 1675. hoorn
_o
.. . . . . . . . . . . . . . . . 14: ridderschap. . . . . . 1685. Amsterdam
. . . . . . . . . . Corporael. . . . . . . . . . . . . . . . 14. d.' maes. . . . . . . . 1691. Amsterdam
. . - - . . . . . . . 16. rammekens. . . . . 1677. Enckhuijsen
. . . . . . 16. Ceijlon. . . . . 1675. amsterdam
_o
. . . . . . . . _o
. . . . . . . . . . . . sargiam
_o
. . . . . . . . . . . . _o
packhuijs
_o
. . . . . . . . . . . .
. . . . . . . . . . . ƒ 20. honslaerdijck. . . . . . 1688. hoorn
_=o. . . . . . . . . . . . . . ƒ. 20. Sumatra. . . . . . . . 1675. amsterdam
_=o. . . . . . . . . . . . . . . . 24. reijsende son. . . . 1667. _=o
. . .
. . .
. . . .
. . . . . . . . .
_
. . . . . . . . . . .
. . . . . . . . . . . . _o
aghebber
. . . . . ..
_o"
NL-HaNA_1.04.02_1547_0506.xml,"115. Persoonen P„r Transport
Naemen Toenaem en geboorte Plaats
Roelant robbe van de grint. . . . . . . . . . . . . . . . . . . . . . . . . . .
hans Jochumsz. van hamburgh. . . . . . . - . . . . . . . . . . . . . . .
Iacob d' moor van genth - - - - - - - - - - - - - - - - - - - - - - - - . . .
Iacob borduere van vlissinge. . . . . . . . . . . . . . . . . . . . . . . . .
pieter marcus. van amsterdam. . . . . . . . . . . . . . . . . .
3. Inde Hooft wacht
2: aen d' Zaagh Moelen
steven Charsenaer van Ersburgh. - - - - - - . - . . . . . . . . . . . . . . .
Leendert leendertsz. van mastricht.... . . . . . . . ..
marten martensz. van aelbergen. . . . . . . . . . . . . . . . . . . . . . . . . . .Cor
Pieter Severeijnsz. van Nasco. . . . . . . . . . . . . . . . . . . . . . . . . . . .
Ian Iansz. altevelt van brenckelen
Ian albertsz. weerman van aden. . . . . . . . . . . . . . . . . . . . . . . . . . .
louijs d. booijs van brussel - - - - - - - - - - - - - - - - - - - - - - - - - - - - - - - - - - . -.
menso harmanus de vries van leeuwaerden - - - - - - - - - - . . . . .
pieter knots van mulsteijn
7: Aen d. Revierpoort
Ian poulusz. van hoesum. . . . . . . . . . . . . . . . . . . . . . . . . . . .C
Ian fransz. van dorth. . . . . . . . . . . . . . . . . . . . . . . . . . . . . . . . . . . . . . . . —
oort
. . . . . . . . . . . . . . . . . . . . . . . . . . . ..
dingnus bosscher van greuningen
Elias garste van Coninghsbergen
Evert theunisz. van Emelecam. . . . . . . . . . . . . . . . . . . . . . . . . . . .
hans fredricksz. hartman van straetsburgh- ----...
harmen pietersz. van greuningen
lodewijck van zanten van aernhem
4: Ind: waght bij d' Negotie packuijs
dirck sievertsz. d ' vries van bolswaert - - - - - - - - - - - - - - - . . . . .
Isack vander steen van doesburgh - - - - - - - - - - - - - - - - - - - - - - -.
Ian bartlant van amsterdam. . . . . . . . . . . . . . . . . . . . . .
leendert Iansz. van der boom van delft - - - - - - - - - - - - - . . . . .
142: Persoonen die Transporteere.
huijcke Iansz. van hembden. . . . . . . . . . . . . . . . . . . . . . . . . . . . . . .
. . . . . . . . . . . . . . . . . . . . . .
. . . . . . . . . . . . . . . . . . . . . . . . .
7: op d' Punt Greuningen
.
..
. . . . . . . . . . . . . . . . . . . .
. . . . . . . . . . . . . . . . . . . . . .
. . . . . . . . . . . . .
. . . ."
NL-HaNA_1.04.02_1547_0507.xml,"230
te Plaats : presente qualiteijt en winnende 7't schip waer meede in 't voor wat
- - - - . . . . . } lant gecomen, en 'tjaer. 's Camer.
maandgelden
corporael. . . . . . . . . . . . . . ƒ16. tw. van gouda. . . . . 1669. amsterdam
. . . . . . . . . . . 14. oosterlant. . . 1686. Zeeland. —
_=o. . . . . . . . . . . . . . . . . . 16. sw. vander goes. . . . 1679. _=o
_=o. . . . . . . . . . . . . . . . . . 16. gecroonde vreede. . 1674. hoorn
. Corporael. . . . . . . . . . . . . . . . . 16. schielant. . . . 1675. delft.
. . . . . . . . . . . . . . . . . . . 16. vrije zee. . . . . . . . . 1679. hoorn
. . . . . . . . . . . . . . . . . . 16. schermer. . . . . . . . 1670. amsterdam
Corporael. . . . . . . . . . . . . . . . . . 15. walenburgh. . . . . 1685. amsterdam
. . . . . . . . . . _=o. . . . . . . . . . . . . . . . 16. spanbroeck. . . . . . 1672. _o
. . . . . . . . . . Corporael. . . . . . . . . . . . . . . . . . . . . . . 16. d. maes. . . . . . . . . 1685. rotterdam
. . . . . . . . . .16. hend.:k mourits. . . . . . 1685. Zeeland.
. . . . . . . . . . . . . _=o. . . . . . . . . . . . . . . . . . . 16. vrije Zee. . . . . . . . „ 1683. amsterdam
. . . . . . . . . . . . . . . „. . . . . . . . . . . . . . . . . . . . 14. Eenhoorn. . . . 1687. Zeeland. —
. . . . . . . . . . . . . . . „. . . . . . . . . . . . . . . . . . . 16. vrije Zee. . . . . . . . 1679. amsterdam
. . . . . . . . . . . . . „. . . . . . . . . . . . . . . . . . . . 16. nieuwlant. . . . 1686. Zeeland. —
. . . . . . . . . . . . „. . . . . . . . . . . . . . . . . . . 16. westeramstel. . . . . 1685. amsterdam
. . . . . . Corporael. . . . . . . . . . . . . . . . . . . . 14. Zaamslagh. . . . . . . 1692. Zeelant
. . . . . . . . . . . . . . . . . . 14. silversteijn. . . . 1692. amsterdam
_o. . . . . . . . . . . . . . 16. vrijheijt. . . . . . 1680. _=o
. . . . . . . . . . . . . . „. . . . . . . . . . . . . . . . . 16: tidoor. . . . . . . . . . 1678. Zeelant
. . . . . . . . . . . . . „. . . . . . . . . . . . . . . . . . . . 16. Croonenburgh. . . . . 1676: amsterdam
. . . . . . . . . . . . . . . „. . . . . . . . . . . . . . . . . . . . . 16. asier. . . . . . . . . . . . 1679. __o
. 10. . . . . . . . „. . . . . . . . . . . . . . . . . . . 16. 'thuijs te velsen. 1677. _=o
. . . . . . . . . Corporael. . . . . . . . . . . . . . . 14. maesbosch. . . . . . 1688. amsterdam
. . . . . . _=o. . . . . . . . . . . . . . . . 15. Cina. . . . . . . . . 1685. d=o
. . . . . . . . . . __o. . . . . . . . . . . . . . . . 16. vrijheijt. . . 1680. _=o
. . . . . . . . . . . - - . . . 16. leeuwin. . . . . 1655. Delft
_o
. . . . . . . _o
_o
.
. . .
. . .
_=o
..
. . . . . . . .
.. . . . .
. . .
_o
. . . . .
12
. . . . . . . . . . . _
. . . . . . . . . ._
packuijs
. . . . . . .._
_o"
NL-HaNA_1.04.02_1547_0508.xml,"142. Persoonen P„r Transport
Naemen Toenaem en geboorte slaa
16 Tamboers als. —
3: Aen d. Baijpoort
huijbert Clement d' loeff van amsterdam. . . . . . . . . . . . .
Ian Nicolaesz. van Coppenhagen. . . . . . . . . . . . . . . .
matthijs Iansz. van doesburgh - - - - - - - - - - - - - - - - - - - - - -
4: schalmeij Blaasers.
Ieroen toesijn van. . . . . . . . . . d-o - - - - - - - - - - - - - - . . . .
hendrick Mulder van _=o
Ian Iansz. van amsterdam. . . . . . . . . . . . . . . . . . . . . . .
Ian Sijmonsz. van Cochim. . . . . . . . . . . . . . . . . . . . . . . . .
1: Ind: waght bij d. E. oppergesaghebber
domingo marthijnsz. van Cochim. . . . . . . . . . . . . . . . . . . . . . . . ..
3: In d: Hooftwaght. —
Isack vitterij van heusden. . . . . . . . . . . . . . . . . . . . . . . . . . . . . . ..
Ian pietersz. van cochim. . . . . . . . . . . . . . . . . . . . . . . . . . . ..
Iacob Sievertsz. van d=o - - - - - - - - - - „ - - - - - - - - - - - - - . . . ..
1: Aen do Zaaghmoelen
matthijs Claasz. van Cochim. . . . . . . . . . . . . . . . . . . . . . . . . . . . .
2: op d' punt greuningen
frans fredricksz. van Cochim. . . . . . . . . . . . . . . . . . . . . . . . . . . . . P. r
poulus Cuijtenbrouwer d. ' I. o van Cochim
4: Aen d. Revierpoort
lodewijck Iansz. van breemen. . . . . . . . . . . . . . . . . . . . . . . . . . ..
pieter Iacobsz. houtman van amsterdam
.
2: Ind:' waght bij d:' Negotie Packhuijsz.
Iacob dircksz. van Cochim. . . . . . . . . . . . . . . . . . . . . . . . . . . . J
adriaen vander Cruijsz. d. ' I. o van Cochim. . . . . . . . . . . . . . . . J. o
fredrick Claasz. van Coijlan
pieter Claasz. van Cochim
162:
1
Persoonen die Transporteere.
-
. . . . . . . . . . . . . . . . .
. . . . . . . . . . . . . . . . . .
. . . . . . . . . . . . .
.
. . . . . . . . . . . . . . . . . . . . . . . . . . . . . ..
. . . . . . . . . . . . . . . . . . . .."
NL-HaNA_1.04.02_1547_0509.xml,"231
presente qualiteijt winnende. 't schip waer mede in 't voor wat
— - - - - - - 3 lant gecomen en 't jaers Camer
maandgelden
. soldaat en schalmeyblaser. . ƒ 13. blaauwenhulck. 1679. Amsterdam
_=o. . . . . _o. . . . . . . . 14. alckmaer. . . . . . . 1683. _o
. . . . . 12. spierdijck. . . . . . . 1688. _=o
. . .. _o
.. . .. 14. negombo. . . . . . . . 1680. _o
. . . . . . . . _o
_=o. . _o
. . . . . . . . J. o tamboer. . . . . . . . . . - - . . . . 7. in dienst. . . . . . . . . 1693. _=o
1691. _o
. . . . . . . . . tamboer. . . . . . . . . . . . . . . . . 14. tw: van middelb=r 1677. Zeelant
. . . . . . . . . . __o. . . . . . . . . . . . . . 13. roemerswael. . . . . 1678. amsterdam.
. . . . . . . . . . 3. _=o. . . . . . . . . . . . . . . 6. in dienst. . . . . . . . . 1692. _=o
. . . . 3. o _=o 6. _=o. . . . . . . . 1692. _=o
. . . . . . . . o _=o. . . . . . . . . . . . . . . . . . . 5. in dienst. . . . . . . . . . . 1692. _=o
. . . . . . . . . . tamboer. . . . . . . . . . . . . . . 9. _=o. . . . . . . . . 1686. _=o
. . . . . . . . . tamboer. . . . . . . . . . . . . . . . 8. in dienst. . . . . . . . 1691. _=o
tamboer majoor. . . . . . . . . . . 14: willem hendrick. 1683. Zeeland. —
. . . . . . J. o tamboer. - - - - - - . . . . . . - 6: in dienst. . . . . . 1693. amsterdam
6. _=o. . . . . . . . 1694. _o
„. J„o tamboer. . . . . . . . . . - - - - - - 5. in dienst. . . . . . . 1692. amsterdam
. . . . . tamboer. . . . . . . . . . . . . . . . . . . 14. maccasser. . . . . . 1676. amsterdam,
. . . . . . . . . . . . . . . . 9. in dienst. . . . . . . . 1690. _=o
_=o. . . . . . . . . . . . . . . 13: in dienst. . . . . . . 1679. _o
slaad
. . . . . .
. . . . . .
. . . . . . .
. . . .
.
_
_=o
aghebber
. . . .
huijz
. . . . . . . . tamboer. . . . . . . . . . . . . . 8. _=o
-"
NL-HaNA_1.04.02_1547_0510.xml,"abraham gerritsz. van amsterdam. . . . . . . . . . . . . . . . . . . . .
abraham van dusselaer van fasselaer - - - - - - - - - - - - - . . . . . . . .
anthonij reijndertsz. van oldenburgh - - - - - - - - - - - . . . . . . . . . . ..
anthonij dolatalje van langedock. - - - - - - - - - - - - - - - . . . . . . .
adriaen siljet van brugge. . . . . . . . . . . . . . . . . . . . . . . . . . . . . . . . . .
albert wissen van minden - - - - - - - - - - - - - - - - - - . . . . . . . . .
barent domraet van Cochim. . . . . . . . . . . . . . . . . . . . . . . . .
bastiaen Chireijgilt van schertogenbosch - - - - - - - - - - - - - - - - - - -
Charles catiegouw van langedock. . . . . . . . . . . . . . . . . . . . . . . . . . . . . .
davit genovicx van andus in d=o. . . . . . . . . . . . . . . . . . . . . . . . .
gijsbert van lier van Steenbergen. . . . . . . . . . . . . . . . . . . . . . . .
hendrick meijer van groeningen. . . . . . . . . . . . . . . . . . . . . .
hendrick van rijck van Cochim. . . . . . . . . . . . . . . . . . . . . . . .
hans uldrick leer van heijdelbergh - - - - - - - - - - - - - - - . . . . . . . . ..
Ian van stight van rotterdam. . . . . . . . . . . . . . . . . . . . . . . . .
Ian Evertsz. d' morgen van leijden
lourens nielisz. van fredrickstadt - - . . . . . . . . . . . . . . . . . . . . . .
leendert stalburger van batavia. . . . . . . . . . . - - - . . . . . . . . . . .
michiel willemsz. van amsterdam
nicolaes Iacobs. van Cochim. . . . . . . . . . . . . . . . . . . . . . . . . .
matthijs vander horst van batavia. . . . . . . . . . . . . . . . . . . . . . .
Pieter van houten van antwerpen
pieter Willemsz. van rotterdam. . . . . . . . . . . . . . . . . . .
barent Iaspersz. van Cochim
193: Persoonen die Transporteere. —
hendrick Iansz. van uijttrecht. - - . - - - - - - - - - . . . . . . . . . ..
balthasaar man uijt sacxen. . . . . . . . . . . . . . . . . . . . . . . ..
baltus christiaensz. van westelaer - - - - - - - - - - - - - . . . . . . . . . .
barent Coenraet van leijden. . . . . . . . . . . . . . . . . . . . . . . . .
Ian d. ' barrij uijt den haegh - - - - - - - - - - - - - - - - - - - - - - . . . . . . ..
Ian van mierbeecq van genth - - - - - - - - - - - - - - - - - - . . . . . . .
Ian groot van swol. . . . . . . . . . . . . . . . . - . . . . . . . . . . . . . . .
Naemen Toenaem en waer van daer
245: schildergasten Buijten d. Colompe
volckeren die nae desen absonderlijck
staen te worden opgebracht, te weeten
37: Aen d: Baijpoort
162: Persoonen P„r Transport
. . . . . . . . . . . . . . . . . . . . .
. . . . . . . . . . . . . . . . . . . .
. . . . . . . . . . . . . . . .
. . . . . . . . . . . . . . . . . . ."
NL-HaNA_1.04.02_1547_0511.xml,"232
zoldaat
d presente qualiteijt en winnende 't schip waermede in t voor wat
maand gelden. . . . 3 land gecomen en 't jaer. .
. . . . . . . . . . . . . . ƒ 11. ridderschap. . . . . . 1687. Amsterdam
_=o. . . . . . . . . . . . . . . 9. ijselt. . . . . . . . . 1692. d=o
. . . . . . . . . _=o. . . . . . . . . . . . . . . . . 13. d. post. . . . . . . . . . 1684. Zeelant
. . . . . . d=o. . . . . . . . . . . . . . . . . . . 14: Couwerven. . . 1679. amsterdam
_=o. . . . . . . . . . . . . . . . . 11. in dienst. . . . . . . 1688. _=o
. . . . . . . . . _=o. . . . . . . . . . . . . . . . . . . 12. oosthuijsen. . . . . 1688. Enckhuijsen
. . . . . . . . soldaet. . . . . . . . . . . . . . . 12. geregtigheijt. . . 1672. Enckhuijsen
. . . . . . . . . _=o. . . . . . . . . . . . . . . . . . . 13. princes maria. 1683. Zeelant
. . . . . . . . . . . . . . . 11. Cortgene. . . . . . . . 1686. amsterdam
. . . . . . . . . _=o. . . . . . . . . . . . . . . . . . 11. bosterlant. . . . . 1688. Zeelamt
. . . . . . . . . . _=o. . . . . . . . . . . . . . . . . . . 12. voetboogh. . . . . . . 1689. amsterdam
. . . . . . . . . d=o. . . . . . . . . . . . . . . . . . . 9 'slants welvaren. 1691. delft
. . . . . . . . . . . _=o. . . . . . . . . . . . . . . . . . 19. Cattenburgh. . . . 1679. Amsterdam
. . . . . . . . . . _=o. . . . . . . . . . . . . . . . . . . . . 14. d' puijlaap. . . . . . 1665. __o
. . . . . . . . . _=o. . . . . . . . . . . . . . . . . . 13. schelde. . . . . . . . 1684. Zeelant
. . . . . . . . . . . . _=o. . . . . . . . . . . . . . . . . . . 11. Iava. . . . . . . . . . . 1688. amsterdam
. . . . . . . . . . . _=o. . . . . . . . . . . . . . . . . . 11. cina. . . . . . . . . . 1685. amsterdam
. . . . . . . . . _=o. . . . . . . . . . . . . . . . . . . 9. in dienst. . . . . . . 1693. _=o
.. . . adelborst. . . . . . . . . . . . . . . . . 14: d. ' post. . . . . . . . . . 1684. __o
. . . . . . . . . adelborst. . . . . . . . . . . . . . . . 10. saamslagh. . . . . 1692. _=o
. . . . . . . . . . _=o. . . . . . . . . . . . . . . . . . 10. nederlant. . . . 1689. amsterdam
. . . . . . . . . . d=o. - . - . . . . . . . . . . . . . . . 9. slands welvaren 1691. Hoorn
. . . . . . . . . _=o. . . . . . . . . . . . . . . . . . 9. Saamslagh. . . . . 1692. __o
. . . . . _=o. . . . . . . . . . . . 13. _=o. . . . . . . . . 1682. _=o
. . . . . . . . . . . . _=o. . . . . . . . . . . . . . . . . . . . . 14. delfshaven. . . . 1671. Delft
. . . . . . . . . . _=o. . . . . . . . . . . . . . . . . . 9. in dienst. . . . . . . . 1692. __o
. . . . . . . . . . _=o. . . . . . . . . . . . . . . . . . . 14. Sumatier. . . . . . 1677. _o
. . . . . . . . . . . _=o. . . . . . . . . . . . . . . . . . 12. in dienst. . . . . . . 1688. __=o
. . . . . _=o . . 9. _–o. . . . . . 1693. d_o
. . . . . . . . . . . . d=o. . . . . . . . . . . . . . . . . . 11. schielam. . 1685. delft
. . . . . . . . . _=o. . . . . . . . . . . . . . . . . . . . 1. in dienst. . . . . . . 1689. amsterdam
- ---soldaet
Camer.
daer
de
ten
. . . . .
_
_o
. .
. . . . . . ..
do"
NL-HaNA_1.04.02_1547_0512.xml,"193: Persoonen P„r Transport
Naemen Toenaem en geboorte Sland
Sijbrant swanenburgh van amsterdam. . . . . . . . . . . . . . . . .
thomas matthijsz. van tonderen. . . . . . . . . . . . . . . . . . . .
thomas blanckert van haerlem. . . . . . . . . . . . . . . . . . . . .
willem van rijck van cochim
willem willemsz. vander gouw - - - - - - - - - - - - - - - - - - . . . .
wensel laers van kiel - - - - - - - - - - - - - - - - - - - - - - - - - - - . . . .
Arent gosensz: van rotterdam
Christoffel weerningh van Conincxbergen. . . . . . . . . . . . . . . . .
Christiaen roeloffsz. van Swijnsomt. . . . . . . . . . . . . . . . . . . . . . . . . .
Ian van waert van amsterdam. . . . . . . . . . . . . . . . . . . . . . . .
Ian Iansz. van leeuwen van rotterdam. . . . . . . . . . . . . . . . ..
Iasper Casteelsz. van uijttrecht. . . . . . . . . . . . . . . . . . . . . . . .
Iacob verbrugge van grootwillebroeck. . . . . . . . . . . . . . . . . . . . . ..
Iacob bilje van haerlem. . . . . . . . . . . . . . . . . . . . . . . . . . . . . . . . .
marten Iacobs. van nieuwburgh - - - - - - - - - - - - - - - - - - - - - - -
nicolaes bastiaensz. van loserne - - - - - - - . . . . . . . . . . . . . . . . ..
pieter davitsz. van amsterdam. . . . . . . . . . . . . . . . . . . . . . . . .
pieter vermeulen van uijtrecht. . . . . . . . . . . . . . . . . . . . . . . .
sweris Ionas. van gottenburgh - - - - - - - - - - - - - - - - - - - - . . ..
thomas steenhelt van amsterdam
221: Persoonen die Transporteere. —
bartholomeus d. ' fraam van genth - - - - - - - - - - - - - - - - - . . . . . . . . .
bastiaen doop van Sas van d=o . . . . . . . . . . . . . . . . . . . . . .
Cornelis Iansz. doolman van drijsser - - - - - - - - - - - - - - . . . . . . . ..
Ioannes vermeulen van genth. - - - - - - - - - - - . . . . . . . . . . . . . . . . .
Ioannes Odet van delft. . . . . . . . . . . . . . . . . . . . . . . . . . . . . . .
Sijmon Iansz. van Campen - - - - - - - - - - . . . . . . . . . . . . . . .
gillis d' mol van brugge. . . . . . . . . . . . . . . . . . . . . . . . . . . . . . . . .
dirck meijer van beten. . . . . . . . . . . . . . . . . . . . . . . . . . . . . . . . . . . . .
22 Indwacht bij d' E oppergesaghebber
. . . . . . . . . . . . . . . . . ..
. . . . . . . . . . . . * * .
. . . . . . .
20
..
1
-
. . . . . . . . . . . . . . . . . . ."
NL-HaNA_1.04.02_1547_0513.xml,"233
rte stans d: presente qualiteijt en winnenden, 't schip waer mede int voor wat
maand gelden. . . . . . . . . } lantgecomen, en 'tjaer's Camer
zoldaet. . . . . . . . . . . . . ƒ 9. hogergeest. . . . . . . 1692. delst
. . . d=o. . . . . . . . . . . . . . . . . . . 14. africa. . . . . . . . . . . 1680. amsterdam
. . . . _=o. . . . . . . . . . . . . . . . . . 14. mouritius. . . . . . . 1683. rotterdam
. . . . . . . . . . _=o. . . . . . . . . . . . . . . . . . . 9. d. leck. . . . . . . . . . 1692. d=o
. . . . . . . . . . _=o. . . . . . . . . . . . . . . . . . . 11. waterland. . . . . . . 1687. amsterdam
. . . . . . . . . . . _=o. . . . . . . . . . . . . . . . . . 9: in dienst. . . . . . . . . . 1689. _=o
. . . . . zoldaet. . . . . . . . . . . . . . . 14. burgh van leijden. 1674. rotterdam
. . . . . . . . . . d=o. . . . . . . . . . . . . . . . . . . . 9. berckel. . . . . . . . . 1692. delft
. . . . . . . . . . _=o. . . . . . . . . . . . . . . . . . . . 12. oosterland. . . . . . . . 1688. Zeeland. —
. . . . . . . . . . d=o. . . . . . . . . . . . . . . . . . . . . . 9. nederland. . . . . . . 1692: amsterdam
. . . . . . . . . . . . . _=o. . . . . . . . . . . . . . . . . . 13. Iuffr anna. . . . . . 1684. rotterdam
. . . . . . . . . . . . _=o. . . . . . . . . . . . . . . . . . 12. oosterland. . . . . . . 1688. Zeeland. —
. . . . . . . . . . . . d=o. . . . . . . . . . . . . . . . . . . 11. princeland. . . . 1686. delft
. . . . . . . . . . _=o. . . . . . . . . . . . . . . . . . . 12. voorschooten. . . 1692. amsterdam
. . . . . . . . . . d=o. . . . . . . . . . . . . . . . . . 13. den briel. . . . . . . . 1684. rotterdam
. . . . . . . . . . adelborst. . . . . . . . . . . . . . . . . . . . 10. d. ' leck. . . . . . . . . . . . 692. amsterdam
. . . . . . . . . . . zoldaat. . . . . . . . . . . . . . . . . 12. oosterland. . . . . . 1688. Zeeland. —
. . . . . . . . . d=o. . . . . . . . . . . . . . . . . 13. d.'o faam. . . . . 1684. amsterdam
. . . . . . . . . . . _=o. . . . . . . . . . . . . . . . . . . 19. Iava. . . . . . . . . . 1680 Inckhuijsen
. . . . . . . . . _=o. . . . . . . . . . . . . . . . . . . . 14. d ' post. . . . . . . . . . . 1684. amsterdam
. . . . . . . . . . . _=o. . . . . . . . . . . . . . . . . . . . 11. Denhoorn. . . . 1687. _=o
. . . . . . . . . . . . _=o. . . . . . . . . . . . . . . . . . 14: Spanbroeck. . . . . 1674. _=o
. . . . . . . . . . . . d=o. . . . . . . . . . . . . . . . . . 13. tw: van z: zee. . . 1679. __o
. . . . . . . . . . . . . d=o. . . . . . . . . . . . . . . . . . . . 14: blauwen hulck. . . 1682. hoorn
. . . . . . . . . . _=o. . . . . . . . . . . . . . . . . . . . 14. africa. . . . . . . . . 1683. amsterdam
. . . . . . . . _=o. . . . . . . . . . . . . . . . . . . . 14. _=o. . . . . . . . . . 1680. _o
. . . . . . . . . . . . d=o. . . . . . . . . . . . . . . . . . 11. borssenburgh. . . . 1688. _=o
. . . . . . . . . . . . _=o. . . . . . . . . . . . . . . . 9. d' leck. . . . . . . 1692. d=o
zold
.. .
..
. . . . . .
ghebber"
NL-HaNA_1.04.02_1547_0514.xml,"221: Persoonen P„r Transport
abraham mesoeter van vlissingen. . . . . . . . . . . . . . . . . . . . . . . . .
pieter Cornelisz. groen van delft
Pieter Sijmonsz. cappel uijt den haagh - - - - - - - - - - - - - - - . . . . . . . . .
abraham van gangel van delst - - - - - - - - - - - - - - - - - - - . .
abraham pedupees van calis - - - - - - - - - - - - - - - - - - - - - - - . .
cornelis claasz. van nieuwkoop - - - - - - - - - - - - - - - - - - - - - - - -
Christoffel christoffelsz. van hamburgh. . . . - - - - - - - - - - - . . . . . . . ..
Isaack lubbertsz. van rotterdam. . . . . . . . . . . . . . . . . . . . . . . . .
lourens helmont van uijttrecht. . . . . . . . . . . . . . . . . . . . . . . . . . . . .
mosis baltus van ambonia . . . . . - - . . . . . . . . . . . . . . . . . . . .
nicolaas viaghele van Cappelle - - - - - - - - - - - - - - - . . . . . . . . . . .
claas Iansz. van haerlem. . . . . . . . . . . . . . . . . . . . . . . . . . . . . . . . .
diel van usfelen van mechelen - - - - - - - . - - - - - - - - - - - . . . . . . . . . .
francoijs priem van brugge. . . . . . . . . . . . . . . . . . . . . . . . . . . . . . .
Ian hendricksz. d' vos van delft. . . . . . . . . . . . . . . . . . . . . . . . . . . .
Ian Iansz. van nieuwtonge. . . . . . . . . . . . . . . . . . . . . . . . . . . . . . . .
Ian Iacobsz. cluijt van dorth - - - - - - - . . . . . . . . . . . . . . . . . . . . . .
Ioost lievensz. van der goes - - - - - - - - - - - - - - - - - - - - - - - - - - - - - . . . . .
Sievert Eldertsz. van Essums - - - - - - - - - - - - - - - - - - - - - - - - - - - . _
robbert 'tJeijl van londen. . . . . . . . . . . . . . . . . . . . . . . . . . . .
12: in d'waghe bij d' zaaghmoelen
Cornelis maas van bergen op zoom
davit schenege van barleijn
253: Persoonen die Transporteere.
francoijs willemsz. van woudenbergh - - - - - - - . . . . . . . . . . . . . . . . . .
Ioan Smith van wind sor. . . . . . . . . . . . . . . . . . . . . . . . . . . . .
Ian d' walleij van brussel - - - - - - - - - - - - - - - - - - - - - - - - - - - . - .
leendert clement uijt den haagh - - - - - - - - - - - - - - . . . . . . . . . . .
manuel andriesz. van Ceijlon - - - - - - - - - - - - - - - - - - . . . . .
thomas bottelaer van windsor. . . . . . . . . . . . . . . . . . . . . . . ..
thijs arentsz. van meppel - - - - - - - - - - - - - - - - - - - - - - - - . . . . .
Iacob Iansz. van amsterdam. . . . . . . . . . . . . . . . . . . . . . . . .
huijbert Iansz. van amsterdam. . . . . . . . . . . . . . . . . . . . . . . . .
Ian d.' val van moerbeecq. . . . . . . . . . . . . . . . . . . . . . . .
Namen Toenaem en waer van daen
20. Inde Hooftwaght
. . . . . . . . . . . . . . . . . . . . . . d
. . . . . . . . . . . . . . . . . . . . . .
. . . . . . . . . . . . . . . . . . . . . . . . ."
NL-HaNA_1.04.02_1547_0515.xml,"234
d' presente qualiteijt, en winnenden 't schip waer mede net voor wat
maand gelden. - - - - - - - - - - 5 lant gecomen, en 'tjaer
Camer
. . zoldaet. . . . . . . . . . . . . . . . ƒ 14. moercappel. . . . . 1685. rotterdam
. . . . _=o. . . . . . . . . . . . . . . . . . 13. stavenes. . . . . . . . 1685. Zeelant
. . . . . . . . . _=o. . . . . . . . . . . . . . . . . . 12. Iava. . . . . . . . . . . 1688. amsterdam
. . . . . . . . . d=o. . . . . . . . . . . . . . . . . . . 9. bantam. . . . . . 1689. amsterdam
. . . . . . . . . . d=o. . . . . . . . . . . . . . . . . . loopt zijn formeele reecq. tot Colombo.
. . . . . . . . . . _=o. . . . . . . . . . . . . . . . . . 11. 8. maes. . . . . . . . . 1685. rotterdam
. . . . . . . . . d=o. . . . . . . . . . . . . . . . . . . . . 11. in dienst. . . . . . . . . . 1689. amsterdam
. . . . . . . . . d=o. . . . . . . . . . . . . . . . . . . . 12. thuijs ter loo. . . . . 1693. _=o
. . . . . . . . . . . . d=o. . . . . . . . . . . . . . . . . . 13. westvriesland. . . . . 1656. hoorn
. . . . . . . . . . d=o. . . . . . . . . . . . . . . . . . . . . 12. voorschooten. . . . 1688. delft
. . . . . . . . . . . d=o. . . . . . . . . . . . . . . . . . . . 13. vrijheijt. . . . . . 1684. Zeelant
. . . . . . . . . . . _=o. . . . . . . . . . . . . . . . . . . 14. d. beurs. . . . . . . . . 1686. rotterdam
. . . . . . . . . . . . _=o. . . . . . . . . . . . . . . . . . . 14. hend. k mourits. . . 1685. zeeland. —
. . . . . . . . . . _=o. . . . . . . . . . . . . . . . . . . . . . . . . . 1. d. maes. . . . . . . . . 1685. rotterdam
. . . . . . . . . . . . d=o. . . . . . . . . . . . . . . . . . . 10. 's landswelvaren. 1691. Zeeland. —
. . . . . . . . . . . d=o. . . . . . . . . . . . . . . . . . . . . 9. oosterland. —. 1691. Zeeland. —
. . . . . . . _=o. . . . . . . . . . . . . . . . . . . . . 9. Schielan. . . 1685. delft
. . . . . . . . . . . _=o. . . . . . . . . . . . . . . . . . . . 14. Croonenburgh. . . 1676. amsterdam
. . . . . . . . . . d=o. . . . . . . . . . . . . . . . . . . 14. stadgrave. . . . . . . 1676. d_o
. . . . . . . . . . . _=o. . . . . . . . . . . . . . . . . . . 12. in dienst. . . . . . . . 1691. d=o
. . . . . . . . . . matroos. . . . . . . .
. . . . . . . . . . . . . . 9. nieuwland. . . . . . . 1693. Inckhuijsen
. . . . . . . . . . . . 14. in dienst. . . . . . . . 1688. amsterdam
. . . . . . . . . . . _=o. . . . . - . . . . . . . . . . . . . . 14. thuijs te velsen. . 1672. _=o
. . . . . . . . . d=o. . . . . . . . . . . . . . . . . . 10. in dienst. . . . . . . . 1693. amsterdam
.......zoldaet
. . . . . . . . . . . . . _=o. . . . . . . . . . . . . . . . . . . 9. moercappel. . . . . . . 1690. _o
. . . . . . . . . . . . d=o. . . - - - - - - - - - - - - - - . . . 14'tsloth honingen. . 1661. delft
. . . . . . . . . . _=o. . . . . . . . . . . . . . . . . . . 14. J. o prins. . . . . . . . 1669. hoorn
. . . . . . . . . . _=o. . . . . . . . . . . . . . . . . . . 13. Saemslagh. . . . . . . 1688. Zeeland. —
. . . . . . . . . . . mattroos. . . . . . . . . . . . . . . 11. nieuwland. . . . . . . . 1693. Enckhuijsen
. . . . . . . . . zoldaet. . . . . . . . . . . . . . . . 9. waterland. . . . . . 1687. amsterdam
. . . . . . . . . . . . d=o. . . . . . . . . . . . . . . . . . . . . 10. in dienst. . . . . . . . . 1693. d_o
. . . . . . . . . . _=o. . . . . . . . . . . . . . . 11. oosterlant. . 1688. Zeelant
. . .
2"
NL-HaNA_1.04.02_1547_0516.xml,"253: Persoonen P„r Transport
Naemen Toenaem en geboorte plaats
67: op d' punt greuningen waer onder
8. handgranadiers.
aard dircksz. vander heijden van moort - - - - - - - - - - - ..
huijbert matthijsz. van mastricht
bartholomeus van Ziel van amesfoort - - - - - - - - - - - - - - - - - - - - - - - - - -
Cornelis van uffelen van mechelen - - - - - - - - - - - - - - . . . . . . . . .
Christoffel hendricksz. van Embden
godvrid dircksz. staat van bremen
hendrick Iansz. van breda van amsterdam. . . . . . . . . . . . . . . . . .
hendrick Iansz. van bergen. . . . . . . . . . . . . . . . . . . . . . . . . . . . .
hendrick Smith van hamburgh . - . . . - - - - - - - - - - - - - . . . . . . . . . ..
hendrick hendricksz. van palliacatte - - - - - - - - - - . . . . . . . . . . . . .
harmen uijlen broeck van bremen
albert de munt van leijden. . . . . . . . . . . . . . . . . . . . . . . . .
gerrit vollenhoven uijt den haagh - - - - - - - - - - - - . . . . . . . . . . . . . ..
Ian van braakel van teffelen - - - - - - - - - - - - - - - - - - - - - - - - - - - - - -
Ian d. ' bruijn van amsterdam. . . . . . . . . . . . . . . . . . . . . . . . . . . . .
Ioannes tobiasz. ginter van leijpsigh - - - - - - - - - - - - - - - - - - - - - - - - - -
willem Iooste baars vander gouw - - - - - - - - - - - - - - - - - - - - - - - - - . - . .
albarts van oostenraad van Catwijck. - - - - - - - - - - - - - - - - - - - - - . . . . .
aernout vermeulen van vlissingen. . . . . . . . . . . . . . . . . . . . . . . . . . . . ..
andries Ioosten vanden bosch. - - - - - - - - - - - - - - - - - - - - - . . . . . . . . . . . .
adriaen abrahamsz. van dorth. . . . . . . . . . . . . . . . . . . . . . . . . . . . . . . .
arij Iansz. van noord vander gouw - - - - - - - - - - - - - - - - - - - - - - - - - - - - - - .
augustijn van bergen van der gouw - - - - - - - - - - - - - - - - - - - - - - - - - - - - -
Cornelis hendricksz. van uijtrecht - - - - - - - - - - - - - - - - - - - - . . . . . ..
Cornelis adriaensz. goedhart van der gouw - - - - - - - - - - - - - - - - - - - - . ..
Cornelis Samuelsz. van dronthem - - - - - - - - . . . . . . . . . . . . . . . . . . . . . .
Cornelis Iansz. van gouweraacq. . . . . . . . . . . . . . . . . . . . . . . . . . . . . . .
christiaan speerhaack van scheeckelen - - - - - - - - - - - - - - - - - - - - - --
dirck hendricksz. van sleeswijck. . . . . . - - - - - - - - - - - - . . . . . . . . . . . ..
dirck Hansz. uijt d. ' beemster - - - - - - - - - - - - - - - - - - - - - - - - - - - - - -
davit pieck uijt den haagh. - - . . - . . . . . . . . . . . . . . . . . . . . . . . . . . ..
dirck Iansz. bon van haerlem. . . . . . . . . . . . . . . . . . . . . . . . . . . . .
dirck hansz. van nimwegen - - - . . . . . . . . . . . . . . . . . . . . . . . . . . .
dirck Iansz. craaij van amsterdam. . . . . . . . . . . . . . . . . . . . . . .
Elias Iansz. van bordeaus. . . . . . . . . . . . . . . . . . . . . . . . . . . . . . . .
francoijs seck van belle. . . . . . . . . . . . . . . . . . . . . . . . . . . . . . . . ..
frans smith van amsterdam. . . . . . . . . . . . . . . . . . . . . . . . . . . .
290: Persoonen die Transporteere.
. . . . . . . . . . . . . . . . . . . . .
. . .ƒ
sold
soldt.
.
. . . . . . . . . . . . . . . . . . . . . . . . . .
. . . . . . . . . . . . . . . . . . . . . . .
. . . . . . . . . . . . . . . . . . . . . . . ."
NL-HaNA_1.04.02_1547_0517.xml,"235.
presente qualiteijt, en winnende 't schip waer mede in 17 voor wat
maentgelden. - - - - - - - s land gecomen, en 't jaer) Camer.
8
„. sold:t en wort met een als handgranad. geb=ke , 13. burgh van Leijden. 1683. Zeeland.
. . ƒ 11. langewijck. . . . . . . 1686. amsterdam
. . . . . . . . . . . . . 11. Eenhoorn. . . . . 1687. Zeelant
. . . . . . . . . . . . . . . . _=o. . . . . . . . . . . . . 14. waterland. . . . . . . 1685. amsterdam
. . . . . . . . . . . . . . . _=o. . . . . . . . . . . . . 11. Cina. . . . . . . . . . 1682. amsterdam
. . . . . . . . _=o. . . . . . . . . . . . . 13. waterland. . . . . 1687. amsterdam
. . . . . . . . 11. in dienst. . . . . . . 1686. amsterdam
. . . . . . . . . . . . . . . . . __o. . . . . . . . . . . 13. bantam. . . . . . 1687. amsterdam
. . . . . . . . . . . . . . . . _=o. . . . . . . . . . . . . . . . 14. burgh van leijden. 1679. _o
. . . . . . . . . . . . . . . . . _=o. . . . . . . . . . . . . . 11. pampus. . . . . . . . 1688. amsterdam
. . . . . . . . . . . . . . . . . _=o. . . . . . . . . . . . . 14. d' maes. . . . . . . . . . 1685. rotterdam
. . . . . . . . . . . . . . . . zoldaat. . . . . . . . . 11. handboogh. . . . . . . 1689. amsterdam
. . . . . . . . . . . . . . . . . __o. . . . . . . . . . . . . 14. oosterland. . . . . . . . 1686. Zeeland. —
. . . . . . . . . . . . . . . . . _=o. . . . . . . . . . . . . . 11. Eenhoorn. . . . 1687. __o
. . . . . . . . . . . . . . . . . . _=o. . . . . . . . . . . . . . 9. Saalam. . . . 1689. Zeelamt
. . . . . . . . . . . . . . . . . . _=o. . . . . . . . . . . . . . . 11. helder. . . . . . . . . . 1688. amsterdam
. . . . . . . . . . . . . . . . . _=o. . . . . . . . . . . . . . . 14. blauwen hulck. . 1682. hoorn
. . . . . . . . . . . . . . . . d=o. . . . . . . . . . . . . 12. goudesteijn. . . 1687. hoorn
. . . . . . . . . . . . . . _=o. . . . . . . . . . . . . 14. vrijheijt. . . . . 1684. Zeeland. —
. . . . . . . . . . . . . . . . . _=o. . . . . . . . . . . . . 14. terthoolen. . . 1682. __o
. . . . . . . . . . . . . . . _=o. . . . . . . . . . . . . 14. adrighem. . . . . 1685: amsterdam
. . . . . . . . . . . . . . . _=o. . . . . . . . . . . 14. _=o. . . . . . . . 1676. rotterdam
. . . . . . . . . . . . . . . . . _=o. . . . . . . . . . . . 10. oostersouburgh. . 1692. Zeeland. —
. . . . . . . . . . . . . . . . _=o. . . . . . . . . . . . 11. helder. . . . . . . . . 1688. amsterdam
. . . . . . . . . . . . . . . . . . _=o. . . . . . . . . . . . 9. nederland. . . . . . . 1689. _o
. . . . . . . . . . . . . . . . . _=o. . . . . . . . . . . 14. tw. vander goes. . 1676. zeeland. —
. . . . . . . . . . . . . . __o. . . . . . . . . . . 12. handboogh. . . . . 1689. amsterdam
. . . . . . . . . . . . . . . . d=o. . . . . . . . . . . 14: 'thuijs te bergen. 1685. hoorn
. . . . . . . . . . . . . bosschieter. . . . . . . . . 12. 's lands welvaren 1691. Zeeland. —
. . . . . . . . . . . . . . . . . _=o. . . . . . . . . . . . . 11. Coeverden. . . . . . 1686. _o
. . . . . . . . . . . . . . . _=o. . . . . . . . . . . . . . 14. willem hend.:k d. 3=en 1678. _o
. . . . . . . . . . . . . . . . _=o. . . . . . . . . . . . . 11. bantam. . . . . . 1685. _o
. . . . . . . . . . . . . . . __o. . . . . . . . . . . . 10. handboogh. . . . . . 1689. _o
. . . . . . . . . . . . . . . . _:o. . . . . . . . . . . . . 14. maccasser. . . . . . 1681. d_o
. . . . . . . . . . - - . . _=o. . . . . - . . . . . 12. silversteijn. . . . 1687. __o
. . . . . . . . . . . . . . . _-o. . . . . . . . . . . 13. africa. . . . . . . . . . 1680. _o
. . . . . .14. cina. . . . . . . . . 1682. _=o
. . . . . _o
. . . . . . . . . . . . . . . . _o
-- - - - - - - - - - - zoldaet
C
ats
onder
.
. .
. . . .
. . . . . . . . . . . . . .
_"
NL-HaNA_1.04.02_1547_0518.xml,"290: Persoonen P„r Transport
Namen Toenaem en waer van daen
Ioannes claasz. van bree van rotterdam
Jillis clopper van amsterdam. . . . . . . . . . . . . . . . . . . . . . .
Iurgen slevens. van nimwegen - - - - - - - - - - - - - - - - . . . . . .
Iurgen tracht van Uurenburgh - - - - - - - - - - - - - - - - . . . . . .
Iurgen aernoutsz. van tewingen. . . . . . . . . . . . . . . . . . . . . . . .
mattijs, pietersz. spronck van amsterdam. . . . . . . . . . . . . . .
mangnus andriesz. van b: in noorwegen . . . . . . . . . . . . . . . . . . ..
melchert lemmingh van glouga - - - - - - - - - - - . . . . . . . . . . . . ..
pieter Claasz. slijp van dorth. . . . . . . . . . . . . . . . . . . . . . . . . . . . .
Pieter vander voor van Iaffanapatnam - - - - - - - - - - - - - - - - . --
Pieter abrahamsz. d' koningh vander gouw - - - - - - - - - - - - - . . . . ..
thomas barentsz van uijttrecht
theunis van velsen van rotterdam. . . . . . . . . . . . . . . . . . . . . . ..
willem Iansz. van amsterdam
willem hendricksz. van meijdrecht
Ian mouritsz. mulder van franckfoort. . . . . . . . . . . . . . . .
Ian Sijmonsz. lind van coppenhagen. . . . . . . . . . . . . . . .
Ian pieckersz. van grootloon - - - - - - - - - - - - - - - - - - . . . . . .
Ian minne van amsterdam. . . . . . . . . . . . . . . . . . . . . . ..
Ian rodaan van cochim. . . . . . . . . . . . . . . . . . . . . . . . . . . . .
Ian barentsz. van veldingen. . . . . . . . . . . . . . . . . . . . . .
Ian laport van amsterdam. . . . . . . . . . . . . . . . . . . . . . . . . .
Iacob verdieren van Cortrijck. . . . . . . . . . . . . . . . . . . . . . . . . .
pieter vander weij van geule - - - - - - - - - - - - - - - - - - - . . . . . . . ..
pieter Iansz. van amsterdam. . . . . . . . . . . . . . . . . . . . . . . . .
hago Iansz. kuijff van delft. . . . - - - - - - - - - - - - - - - - - - . ..
Ian hoffkens van haerlem. . . . . . . . . . . . . . . . . . . . . . . .
Ian roeloffsz. van stockholm - - - - - - - - - - - - - - - - - - - - . . . . . . . ..
Ian gijsbrechtsz. van uijttrecht. . . . . . . . . . . . . . . . . . . . . . . . . . .
Ian Iansz. mancoert van dilmarsz. - - - - - - - - - - - - - - - - - - - - - - ..
49. aen d: Revierpoort
david pietersz. van haerlem
abraham andriesz. vander gouw - - - - - - - - - - - - - - - - - - - - . . .
327: Persoonen die Transporteere.
andreas pietersz. van stockholm - - - - - - - - - - . . . . . . . . . .
anthonij heffingh van uijttrecht - - - - - - - - - - - - - - - - . . . . . ..
anthonij bodet van geneven - - - - - - - - - - - - - - - - - - - - - - - .-
arent balen van dorth. . . . . . . . . . . . . . . . . . . . . . . . . . . . . . .
Ian beeckman van brugge. . . . . . . . . . . . . . . . . . . . . . .
. . . . . . . . . . . . . . . . . . . .
. . . . . . . . . . . . . .
a
. . . . . . . . . . . . . . . . . . . . . . .
. . . . . . . . . . . . . . . . . . . . . . . .
. . . . . . . . . . . . . . . . . . . . . . ."
NL-HaNA_1.04.02_1547_0519.xml,"236
d:' presente qualiteijt, en winnende) 't schip waer mede in 't voorwat
maand gelden. . . . . . . . . 3 landgecomen, en 'tjaers Camer
.. zoldaet. . . . . . . . . . . . . . . . . . ƒ 14. princeland. . . . . . 1686. delft
_=o. . . . . . . . . . . . . . . . ƒ. 11. Denhoorn. . . . 1687. Zeeland. —
. . . . . . . . . . . . . . . . . . . 9. pampus. . . . . . . 1688: amsterdam
_=o. . . . . . . . . . . . . . . . . . 12. saamslagh. . . . . 1688. Zeelant
_=o. . . . . . . . . . . . . . . . . . . . 11. helder. . . . . . . . . 1688. amsterdam
_=o. . . . . . . . . . . . . . . . . . 11. Coeverden. . . . 1687. Zeelant
_=o. . . . . . . . . . . . . . . . . . . . . 11. handboogh. . . . . . . 1689. amsterdam
. . . . . . . . . . . . . . . 11. langewijck. . . . . 1686. __o
_=o. . . . . . . . . . . . . . . . . . . 19. mourilius. . . . . 1683. rotterdam
. . . . . . . . . . _=o. . . . . . . . . . . . . . . . . . . . 9. helder. . . . . . . . . . 1688. amsterdam
. . . . . . . . . mattroos. . . . . . . . . . . . . . . . . 14. fluijtje baeren. . . 1683. amsterdam
. . . . . . . . . . . zoldaet. . . . . . . . . . . . . . . . . . 11. Een hoorn. . . . 1687. Zeeland.
. . . . . . . . . _=o. . . . . . . . . . . . . . . . . . . . 14. purmer. . . . . . . . 1685. amsterdam
. . . . . . . . . . . mattroos. . . . . . . . . . . . . . . . . . 14. Coeverden. . . . 1686. Zeeland. —
. . . . . . . . . . . . . . _=o. . . . . . . . . . . . . . . . . . . . . 14. bovencaspel. . . 1684. Enckhuijsen
. . . . . . . . . . . _=o. . . . . . . . . . . . . . . . . . . . 11. pampus. . . . .. 1688. amsterdam
. . . . . . . . . . . . _=o. . . . . . . . . . . . . . . . . . . . 10. Salant. . . . 1689. Zeeland. —
. . . . . . . . . . . . _=o. . . . . . . . . . . . . . . . . . . 11. in dienst. . . . . . . 1686. amsterdam
. . . . . . . . . . . . . _=o. . . . . . . . . . . . . . . . - - - 9. zalam. . . . . 1689. Zeeland. —
. . . . . . . . . . . . _=o. . . . . . . . . . . . . . . . . . 9. handboogh. . . . . 1689. amsterdam
. . . . . . . . . . . . _=o. . . . . . . . . . . . . . . . . 14. velsen. . . . . 1677. amsterdam
. . . . . . . . . . . _=o. . . . . . . . . . . . . . . . . . . 13. blauwen hulck. . 1682. hoorn
. . . . . _=o. . . . . . . . . . . . . . . . . . . . 9. in dienst. . . . . . . . 1692. do
. . . . . . . _=o. . . . . . . . . . . . . . . . . . 11. d.' helder. . . . . . . 1688. _=o
. . . _=o. . . . . . . . . . . . . . . . . . . . . . 11. _=o. . . . . . . 1688. do
. . . . . . . . . . adelborst. . . . . . . . . . . . . . . . . . 14. d. ' purmer. . . . . . 1685. d_o
. . . . . . . . . . . . . _=o. . . . . . . . . . . . . . . . . . 13. in dienst. . . . . . . 1685. d_o
. . . . . . . . . . . . . _=o. . . . . . . . . . . . . . . . . . . . 11. handboogh. . . . . 1689. __o
. . . . . . . . . . . . . _=o. . . . . . . . . . . . . . . . . . 13. adrighem. . 1685. d_o
. . . . . . . . . . . . _=o. . . . . . . . . . . . . . . . . . . . 12. langewijck. . . . . 1684. Enckhuijsen
. . . . . . . zoldaet. - - - - . . . . . . . . . . . . . . . . 11. goudesteijn
. 1685. amsterdam
- - _:o - - - - - - - - - - - - - - - - - - - - - - 14. d. faem
- - - „ 1685. rotterdam
. . . . . . . . . . . _=o. . . . . . . . . . . . . . . . . . . . . 14. 't Casteel medenb 1688. Enckhuijsen
. . . . . . . . . . . . . _=o. . . . . . . . . . . . . . . . . . . . . 9. oosthuijsen. . . . 1692. Enckhuijsen
. . . . . . . . . . _=o. . . . . . . . . . . . . . . . . . . . 14. cappelle. . . . . . 1687. rotterdam
. . . . . . . . . . . . _=o. . . . . . . . . . . . . . . . . . . . 9. moercappel. . . 1690. amsterdam
. . . . . . . . . . . _=o. . . . . . . . . . . . . . . . . . . . 11. princes maria. 1683. Zeeland. —
zoldaet
. . . . . . . . . . . . zoldaet
e
ndaen
..
. . . . . . . . . . .
. . . . . . . . . . . .
. . . . . . . . . . .
. . . . . . . . . . . . .
. . . . . . . . . . .
."
NL-HaNA_1.04.02_1547_0520.xml,"327: Persoonen P„r Transport
Naemen Toenaem en waer van daen
barnart Iulius van berckentheijn. . . . . . . . . . . . . . . . . . . . ..
Christiaan focx van smalcallen. . . . . . . . . . . . . . . . . . . . .
Christoffel kuijper van hamburgh. . . . . - - . - .. . ... . . . .
Cornelis fredricksz. van amsterdam
cornelis coedijck van wondenb:. . . . . . . . . . . . . . . . . . . . . .
„van rijnen
francoijs leele van rotterdam
hendrick Iansz. van bremen
lieven lavaar van woulergem. . . . - - - - - - - - - - - - - - - - . . . . ..
leonaerd baijsteijnder van nurenburgh - - - - - - - - - - - - - - - - - - - -
leendert berckelaer van amsterdam
lucas d' lieveremente van cochim. . . . . . . . . . . . . . . . . . . . . . .
meijndert outmans van hamburgh - - - - - - - - - - - - - - - - - - - - - - - -
pieter stuerman van brugge. . . . . . . . . . . . . . . . . . . . . . . . . . . . .
Theodorus noldus van amsterdam. . . . . . . . . . . . . . . . . . . . . . . ..
willem Coeman van sluijs - - - - - - - - - - - - - - - - - - - - - - -.
willem melchersz. swart van uijttrecht- - - - - - - - -  . . . .. . ..
willem thomasz. goetbloet vander gouw - - - - - - - - - - - - - - - - ..
369:— Persoonen die Transporteere.
Ian claasz. valck van amsterdam. . . . . . . . . . . . . . . . . . .
claas meijer van hamburgh - - - - - - - - - - - - - - . . . . . . . . . . . . . .
dirck minicus van hussen. . . . . . . . . . . . . . . . . . . . . . . . .
dirck Iansz „ uijt den haagh - - - - - - - - - - - - - - - - . - - - . . . . . . .
dirck Iansz. van wageningen. . . . . . . . . . . . . . . . . . . . . . . . ..
domingo claasz. backquee van cochim. . . . . . . . . . . . . . . . . . . . .
fredrick koene van gottenb= - - - - - - - - - - - - - - - - - - . . . . . . . . . ..
frans Ioseph lafeber van S. t thomas - - - - - - - - - - - - - - - - - - - - - - . . .
gerrit claasz. van amsterdam. . . . . . . . . . . . . . . . . . . . . . . . . .
gerrit weijers van oldenburgh. . . . . . . . . . . . . . . . . . . . . . . . . . . ..
gijsbert pietersz. Smith van haerlem. . . . . . . . . . . . . . . . . . . . . . .
gillis vander Eeke van affligem . . . . . . . . . . . . . . . . . . . . ..
Ian Iaspersz. van b: in noorwegen. . . . . . . . . . . . . . . . . . . . . .
Iasper lagiersz. van vlissingen. . . . . . . . . . . . . . . . . . . . . ..
hans wolvert van wouterthooren - - - - - - - - - - - - - - - . . . . . . . . . .
pieter Iansz van Cochim. . . . . . . . . . . . . . . . . . . . . . . . . . . . . .
pieter hasebroeck van genth. - - - - - - - - - - - - - - - - - - - - - - - - - - . . .
reijnier Jsebrantsz. van Enckhuijsen - - . . . - . . . . . . . . . . . . .
claas tombar van leijden. . . . . . . . . . . . . . . . . . . . . . . . . . . . .
govert arentsz. van vlooten. . . . . . . . . . . . . . . . . . . . . . . . . . . . . . . ..
Ian haveman van bremen. . . . . . . . . . . . . . . . . . . . . . . . . . . . ..
Ian pruijsingh van cochim. . . . . . . . . . . . . . . . . . . . . . . . . . . . ..
Ian theunisz. van sneck. . . . . . . . . . . . . . . . . . . . . . . . . . . . . . . .
Ian gerritsz. van amsterdam. . . . . . . . . . . . . . . . . . . . . . . . . .
Iacob Vos van amsterdam. . . . . . . . . . . . . . . . . . . . . . . . . .
. . . . . . . . . . . . . . . . . .
..
. . . . . . . . . . . . . . . . . . . . . . . .
. . . . . . . . . . . . . . . . . . . . . ..
2
. . . . . . . . . . . . . . . . . . . . ."
NL-HaNA_1.04.02_1547_0521.xml,"237
..zoldaet
. . _=o
van daer sde presente qualiteijt, en winnende) 't schip waer meede in t2 voor wat
maand gelden - - - - - s land gecomen, en 'tjaer Camer.
. zold.:t . . . . . . . . . . . . . . . . . . ƒ 9. cortgene. . . . . . . . . 1691. Zeeland. —
12. goede hoop. . . . . . . . 1690. amsterdam
9. dregterland. . . . . . . 1689. Enckhuijsen
. . . . . „. . . . . . . . . . . . . . . . . . 12. bantam. . . . . . 1687. amsterdam
. . . . . . . . . . . . 14. adrighem. . . . 1682. amsterdam
. . . . . . . . . . . .. 11. ridderschap. . . . . . 1689. _o
. . . „. . . . . . . . . . . . . . . . . . 11. voorschooten. . . . 1688. delft
9. nederland. . . . . . . . . 1689. amsterdam
. . . . . „. . . . . . . . . . . . . . . . . . . . 14. africa. . . . . . . . . . 1677. amsterdam
. . . . . . . . . . . . . . . „. . . . . . . . . . . . . . . . . . . 11. pampus. . . . . . . . 1688. amsterdam
. . . . . . . . . . . . . . „. . . . . . . . . . . . . . . . . . 9. oosthuijsen. . . . . 1692. Enckhuijsen
. . . . . . . . . . . . . „. . . . . . . . . . . . . . . . . . . 11. oosthuijsen. . . 1688: Enckhuijsen
. . . . . . . . . . . . . „. . . . . . . . . . . . . . . . . . . 14. thuijs te cleeff. . . 1675. amsterdam
. . . . . . . . . mattroos. . . . . . . . . . . . . . . 11. nieuwland. . . . . . 1693. Inckhuijsen
. . . . . . . . . . . zoldaet. . . . . . . . . . . . . 13. damiaten. . . . 1671. amsterdam
. . . . . . . . . . . bosschieter. . . . . . . . . . . . . . . 12. voetboogh. . . . . . . 1693. amsterdam
9: goede hoop. . . . . . . 1691. __o
9. Zaemslagh. . . . . . 1692. Zeeland. —
. . . . . . . . . . . . . „. . . . . . . . . . . . . . . . . . 9. waterland. . . . . . 1691. amsterdam
. . . . . . „. . . . . . . . . . . . . . . . . . . . 10. Iava. . . . . . . . . . . 1685. hoorn
. . . . mattroos. . . . . . . . . . . . . . 14. cion. . . . . . . . 1689. delft
. . . . . . . . . . . . . „. . . . . . . . . . . . . . . . . . 11. in dienst. . . . . . . . . 1683. __o
. . . . . . . . . . . . . „. . . . . . . . . . . . . . . . . . . 10. cortgene. . . . . . . . . 1691. Zeeland.
. . . . . . . . . . . . . . „. . . . . . . . . . . . . . . . . . . . 11. vrijheijt. . . . . 1684. Zeeland. —
. . . . . . . . . . . . . „. . . . . . . . . . . . . . . . . . . . . 13. Cortgene. . . . . . . . 1679. Zeeland: —
. . „. . . . . . . . . . . . . . . . . . 13. tw. van z: zee. . . 1679. __o
. . . . . . . . . . . . _=o. . . . . . . . . . . . . . . . 10. stavenes. . . . . . . 1685. zeelant
. . . . . . . . . . . . . „. . . . . . . . . . . . . . . . . . . 10. Eenhoorn. . . . 1693. Zeeland. —
. . . . . . . . . . . . . „. . . . . . . . . . . . . . . . . . 9. in dienst. . . . . . . 1692. amsterdam
. . . . . . . . . . . . . . „. . . . . . . . . . . . . . . . . . 9. oostersouburgh. . 1692. Zeeland. —
. . . . . . . . . . . . . „. . . . . . . . . . . . . . . . . . 14. blauwen hulck. . 1674. Enckhuijsen
. . . . . . . . . . . . . „. . . . . . . . . . . . . . . . . . 14. 1 stight v. uijttrecht 1670. amsterdam
. . . . . . . . . . . . „. . . . . . . . . . . . . . . . . 11. oosterland. . . . . . . 1688. Zeeland. —
. . . . . . . . . . . . . . „. . . . . . . . . . . . . . . . . . . 14. 't stight van uijttrecht 1672. __o
. . . . . . . . . . . . . „. . . . . . . . . . . . . . . . . . . 12. Croonenburgh. . . 1685. d=o
. . . . . . . . . . . „. . . . . . . . . . . . . . . . . . . 9. d. Leck. . . . . . . . . 1692. d=o
. . . . . . . . . . . . . „. . . . . . . . . . . . . . . . . . . 11. in dienst. . . . . . . 1684. do
. . . . . . . . . . . . . „. . . . . . . . . . . . . . . . . . 11. d. maes. . . . . . . . 1691. _=o
. . . . . . . . . . . . . . . „. . . . . . . . . . . . . . . . . . 10. in dienst. . . . . . . 1689. _=o
. „. - - - - - - - - . - . . . . . . . . 9. belois. . . . . . . . . 1690. delft
. . . . . . . . . . . . „. . . . . . . . . . . . . . . . 9. nederland. . . . . . 1692. amsterdam
. . . . . . . . . . . . . „. . . . . . . . . . . . . . . . . . 14. Iemlant. . 1688. _=o
. . . . . . . . . . .  zoldaet. . . . . . . . . . . ..
. .
. . . . . . .
. .
. . . .
. . . . .
. . . . . .
. . . . . . . . . . . . . „. . . . . . . . . . . . . . . .
. . . . . „. . . . . . . . . . . . . . . . . . .
.d=o. . . . . . . . . - . - - - . . . . - .
. . . . . . . . . . . _=o - . . - - - - - - - - - - - - - -"
NL-HaNA_1.04.02_1547_0522.xml,"369: Persoonen P„r Transport
Namen Toenaem en waer van daar
22: Ind: waght bij 'T negotie Packluus
ballus de vries van uijttrecht. . . . . . . . . . . . . . . . . . . . . . .
bastiaan d' mouw van S. t Joris - - - - - - - - - - - - - - - - - - - . . . . .
Christiaan redouw van oudenaarden. . . . . . . . . . . . . . ...
Ian amelinckbras van kaersvelde. . . . . . . . . . . . . . . . . . . . . . . . . .
lodewijck kleijnsorgh van brandenburgh. . . . . . . . . . . . . . . . . . . . .
Iacob Iaspersz: van amsterdam. . . . . . . . . . . . . . . . . . . . . . .
Iurgen hansz. van allerendorp. - - . . . . . . . . . . . . . . . . . . . . . . . .
pieter Isaacksz. lecoeter van amsterdam. . . . . . . . . . . . . . .
mattijs moesel van Sluijs. . . . . . . . . . . . . . . . . . . . . . . . . . . ..
rijkaart croolo van Colbergen. . . . . . . . . . . . . . . . . . . . . . . . .
Sijmon pietersz. cocu van amsterdam. . . . . . . . . . . . . . . . . .
barent gosen van coesvelt - - - - - - - - - - - - - - - - - - - - - - - - - - -
Christoffel rostans van coerlandt. . . . . . . . . . . . . . . . . . . . . ..
daniel Simonsz. van nuhuijsen - - - - - - - - - - - - - - . . . . . . . . .
hendrick koster van rotterdam. . . . . . . . . . . . . . . . . . . . . . . . . . .
govert van wal van amsterdam. . . . . . . . . . . . . . . . . . . . . .
Ian Iansz. smith van amsterdam. . . . . . . . . . . . . . . . . . . . . . . .
frans arentsz. van hulst - - - - - - - - - - - - - - - - - - - - - - - - - - -.
Ian Ionas. van cochim. . . . . . . . . . . . . . . . . . . . . . . . . . . . . . . .
Ian arentsz os van delft. - - - . . . . . . . . . . . . . . . . . . . . . . . . . . . ..
frans hache van gelder - - - - - - - - - - - - - - - - - - - - - - - - - - - - - - - - - - -
wouter Iansz. van schouten. . . . . . . . . . . . . . . . . . . . . . . .
16. Persoonen in potent als. —
2: Sieckelijck in haer huijsen
14: In 's Comp. s hospitael. —
. . . . . . . . . . . . . ..
. . . . . . . . . . . . . . . . . . . . . . . . . . . . .
-
Ian Eskelsz: van Coppenhagen
raphel ritchart van tertholen - - - - - - - - - - - - - - - - . . . . .
Ioannes aernoulsz. van Vrijbergen
Ian guinteijn van dorth. . . . . . . . . . . . . . . . . . . . . . . . . . . . . ..
Cent christiaansz van steenbergen
abraham paulusz. van amsterdam
fellen hergridder van ceulen . - . . . . . . . . . . . . . . . . . . .
hendrick tancke van hamburgh - - - - - - - - - - - - - - - - . . . . .
Ian hendricks. van harlingen
400: Persoonen die Transporteere. —
no
. . . . . . . . . . . . . . . . . . . .
. . . . . . . . . . . . . . . . ..
. . . . . . . . . . . . . . . . . . .
2"
NL-HaNA_1.04.02_1547_0523.xml,"238
presente qualiteyt en winnende/ 't schip waer mede in 't voor wat
maand gelden. . . . . . . . s land gecomen, en 'tjaer 's camer. —
. . . . . . . . . . . . ƒ 9. 8. Leck. . . . . . . . . . 1692. amsterdam
zoldaet
. . _=o. . . . . ƒ. 9. goede hoop. . . . . . . 1690. _=o
. . . . . . . . . „. . . . . . . . . . . . . . . . . 9. Saamslagh. . . . . . 1692. Zeelant
. . . . . . . . . . „. . . . . . . . . . . . . . . . . . 14. hollantse thuijn. . 1683. _=o
. . . . . „. . . . . . . . . . . . . . . . . 9. cion. . . . . 1692. amsterdam
. . . . . . . . . . . . . . . „. . . . . . . . . . . . . . . 10. in dienst. . . . . . . . 1692. amsterdam
. . . . . . „. . . . . . . . . . . . . . . . . 9. Spierdijck. . . . . . 1691. amsterdam
. . . . . . . 10. cion. . . . . . . 1692. Enckhuijsen
—. . . . . . . . . . 14. odijck. . . . . . . . . 1675. Zeeland. —
. . . . . . . . . . . . . . . _=o. . . . . . . . . . . . . 12. Zaland. . . . . . . . 1687. amsterdam
. . . . . . . . . . . . . . . „. . . . . . . . . . . . . . . . 14. d. maes. - . . . . . . 1685. rotterdam
. . . . . . . . . . . . „. . . . . . . . . . . . . . . . . 14. swart sluijs. . . . . 1675. amsterdam
. . . . . . . . . . mattroos. . . . . . . . . . . . . . 10. voetboogh. . . . . . . 1693. _o
. . . . . . . . . . . . zoldaet. . . . . . . . . . . . 9. goede hoop. . . . . . 1690. __o
. . . . . . . . . . . . . _=o. . . . . . . . . . . . . . . . . . 14. lidoor. . . . . . . . . . 1678. Zeeland. —
. . . . . . . . . . . . . „. . . . . . . . . . . . . . . . 11. cion. . . . . . . 1686. delft
. . . . . . . . . . . . . . „. . . . . . . . . . . . . . . . . 9. oostersouburgh. 1692. Zeelant
. . . . . . . . . . . . . „. . . . . . . . . . . . . . . . . . 14. meijdenburgh. . . 1673. __o
. . . . . . . . . . . . . . . „. . . . . . . . . . . . . . . . . 11. stavenes. . . . . . . . 1683. _o
. . . . . . . . . „. . . . . . . . . . . . . . . . . 13. in dienst. . . . . . . 1680. __o
. . . . . „. . . . . . . . . . . . . . . . . 12. bantam. . . . 1687. __o
. . . . . . . . . . . . . . „. . . . . . . . . . . . . . . 13. princeland. . . 1683. delft
. . . . . . zoldaet. . . . . . . . . . . . . . . . . 14: traadhuijs. . . . . . . 1661. amsterdam
. . . . . . . . . . . . . _=o. . . . . . . . . . . . . . . . 10. in dienst. . . . . . . . 1689. _=o
. . . . zoldaet. . . . . . . . . . . . . 14. hellevoetsluijs. . . . . 1672. rotterdam
. . . . . . . . . . . . . adelborst. . . . . . . . . . . . . . 10. oostersouburgh. . . 1692. Zeeland. —
. . . . . . . . . . . . zold. t loopt p. r schult reecq:. . . alexander. . . . . . . 1675. _=o
. . . . . . . . . . . . . . zoldaat. . . . . . . . . . 14. Cina. . . . . . . . . . 1678. amsterdam
. . . . . . . . . . . . . . . . 11. oosterland. . . . . . . 1688. Zeelant
1677. Enckhuijsen
. . . . . . . „. . . . . . . . . . . . . . . . . 14. bergh cina. . . . . 1678. amsterdam
. . . . . . . . . . . . „. . . . . . . . . . . . . . . . 14. vrijheijt
-.. -. .adelborst
zoldaet
V
Packhuijs
. . . . . . . „
daer
-
uijsen
—
. . . . . . . . . . . . _=o"
NL-HaNA_1.04.02_1547_0524.xml,"400: Persoonen P„r Transport.
Namen Toenarm en waer van daen
Ian Pietersz. Eijckhout van leijden
manguus albertsz. van dorpat - - - - - - - - - - - - - . . . . . . . . . . .
willem loodberrij van Smilsffoort - - - - - - - - - - - - - . . . . . . ..
willem affhacker van uijttrecht
pieter lourier van beerlee. . . . . . . . . . . . . . . . . . . . . . . . . . . . . . . . .
Pieter olvertsz van alckmaer - - - - - - - - - - - - - - - - - - - - - - - - - - . ..
Cornelis van capel uijt den haagh - - - - - - - - - - - - - - - . . . .. . . .
139: Persoonen militaire welcke alle
tot colombo 'thuijs hooren, waer van 27 ha
reecq. s alhier 4: tot tutucorijn, en d.' restter
Eerstgen: plaats voort loopen namen
1 Hooft officier.
6 Sargiants als.
3. op d' punt Zeeland. —
Ian adolff van tolhuijsz - - - - - - - - - - - - - - - - - - - - - - - - - - - - - - - - - - . sar
Ian hoeck van straelsom
. . . . . . . . . . . . . . . . . . . . . . .
willem hendricksz. uijt den haagh - - - - - - - - - - - - - - - . . . . . . .
Ioannes griel van lints. . . . . . . . . . . . . . . . . . . . . . . . . . . . . . . . . .
anthonij rees van hielden - - - - - - - - - - - - - - - - - - - - - . . . . . . . . sar
Joost d.' meijer van Iperen. . . . . . . . . . . . . . . . . . . . . . . . . _o
11: Corporaels als. —
4: op d' punt Zeelant. —
hans Jochum hartman v: opperheijm. . . . . . . . . . . . . . . ..
Ian van oven van nieuwelle - - - - - - - - - - - - - - - - - . . . . . . . .
gloude de haes van breda. . . . . . . . . . . . . . . . . . . . . . . . . . . ..
willem hune van bon. . . . . . . . . . . . . . . . . . . . . . . . . .
. . . . . . . . . . . . . .
gijsbert vanden brinck van haerlem
gerrit Iansz. van deventer - - - - - - - - - - - - - - - - - - - - . . . . -
421:
Persoonen die Transporteere.
Andries geleijn van Eijskercke - - - - - - - - - - - - - - - - - - - . . .
7: op d' punt hollant. —
3: op d' punt hollant.—
barent ketel van reijgersvoort
. . . . . . . . . . . . . . . . . .
. . . . . . . . . . . . . . . . . . . . . . . . .
zold
. . . . . . . . . . . . . . . . . . .
-"
NL-HaNA_1.04.02_1547_0525.xml,"239
Luijtenant..
d presente qualiteijt, en winnendejk 't schip waer mede in t7 voor wat
maandgelden. - - - - - - - -. . land gecomen, en 't jaer
Camer. —
E
„. zoldaet. . . . . . . . . . . . . . ƒ 11. princeland. . . . . . . 1688. delft
. . . _=o. . . . . . . . . . . . . . . . . ƒ. . 10. silversteijn. . . . . 1692. amsterdam
. . . . . . . . . . „. . . . . . . . . . . . . . . . . . . 9. oosterland. . . . . . . . 1691. Zeeland.
. . . . . . . „. . . . . . . . . . . . . . . . . . 14. 'slandswelvaren. 1687. amsterdam
. . . . . . . . . . . „. . . . . . . . . . . . . . . . . 19. 't zeepaert. . . . 1661. Zeelant
. . . . . . . . . . . . „. . . . . . . . . . . . . . . . . . . . 14. meijdreght. . . . . 1690. amsterdam
. . . . . . . . . . . . „. . . . . . . . . . . . . . . . 14. n: middelburgh. . . 1677. Zeelant
. . . . . . 50. ternaten. . . . . . 1677. amsterdam
ro
. . . . . . . sargiant. . . . . . . . . . . . . . . . . . . . loopt haer reecq. tot Colombo. —
. . . . _=o - - - - - - - - - - - - - - - - . - - -
. . . . . . . _=o. . . . . . . . . . . . . . 24. ridderschap. . . . . . 1685. amsterdam
. . . . . . . Sargiant
.1677. Enckhuijsen
. . . . . . . . . . 20. vrijheijt
. . . . . . . . d=o. . . - - - - - - - . . . . . . . . Loopt zijn formeele reecq: tot batavia
. . . . . . . . . . _=o. - . . . . - - - - - . . . . . . . . . . _=o. . . . . - . . . . . . . „ Colombo. —
. . Corporael. . . . . . . . . . . . . . . . . .
. . . . . . . _:o - - - - - - - - - - - - - - - - - -
Corporael. -... .
14. dteck. . . . . . . . . . . . 1692. amsterdam
. . . _=o
loopt zijn reecq. tot tutucorijn
. .
_=o. „ Colombo. —
. . . . . . . _=o
sloopen haer reecq=s tot Colombo
e
daen
.. .
alle
van 27 ha
restter
nament
. . . . . . . . . „. . . . . . . . . . . . . . . . . . .
. . . . . . . . . . „. . . . . . . . . . . . . . . . . . . .
. .
."
NL-HaNA_1.04.02_1547_0526.xml,"421: Persoonen P„r Transport
Naemen Toenaem en waer van daen
harmen Iacobsz. van haelbergen
hans Evertsz. frits van haelborn. . . . . . . . . . . . . . . . . . .
hendrick middogh van breemen. . . . . . . . . . . . . . . . . . . . . . .
Simon d. ' niets van weewelgem. . . . . . . . . . . . . . . . . . . . . . . . .
. . . . . . . . . . . . . . . . . . . . . . .
2 schrijvers.
Iacob Volckert van honsschooten
. . . . . . . . . . . . . . . . . . . . .
willem verkat van uijttrecht
9. Schalmeijblasers op d' punt Zeeland
fredrick mouritsz. van amsterdam. . . . . . . . . . . . . . . . . . . . . ..
gillis dobbelaer van wingen. . . . . . . . . . . . . . . . . . . . . . . . . . . .
Ian brouwer van axel - - - - - - - - - - - - - - - - - - - - - - - - - - - - . . . . . . . . . .
4. Lamboers. als. —
2: op d' punt Zeeland. —
Christoffel rodrigos van Cochim. . . . . . . . . . . . . . . . . . . . . . . . . . . . ..
wiggert heere van amsterdam. . . . . . . . . . . . . . . . . . . . . . . . .
pieter Cornelisz. van colhorn. . . . . . . . . . . . . . . . . . . . . . . . . . . . .
. . . . . . . . . . . . . . . . . . . . . . . . „
2: op d.' punt hollant.
hans Iurgen kughler van Cochim. . . . . . . . . . . . . . . . . . . . . . . .
martinus martensz. van _=o - - - - - - - - - - - - - - - - . . . . . . . . . . .
111: Schildergasten te weeten
42: op de punt zeelant, die als han
granadiers worden gebruijckt
Claes Cornelisz. bruijn van amsterdam
. . . . . . . . . . . . . . . . . . . . . . . . . .
claes claesz. van amsterdam
Cornelis claesz van Culstaert
davit van ree van bergen op zoom. . . . . . . . . . . . . . . . . . . . . . . . .
daniel callaart vander nisse. . . . . . . . . . . . . . . . . . . . . . . . . . . . . .
gosewijn, goese van uijttrecht
447: Persoonen die Transporteere.
Ian poulusz. van amsterdam. . . . . . . . . . . . . . . . . . . . . . . . .
Ian poock van delft. . . . . . . . . . . . . . . . . . . . . . . . . . . . .
Ian d' haan van amsterdam. . . . . . . . . . . . . . . . . . . . . .
Jan harmensz. van leijden. . . . . . . . . . . . . . . . . . . . . . . . . ..
Lambert Iansz. van gilhuijs. - - - - - - - - - - . . . . . . . . . . . . . .
Ian bolle van mets. . . . . . . . . . . . . . . . . . . . . . . . . . . . . . . . . . . .
Sol
. . . . . . . . . . . . . . . . . .
. . . . . . . . . . . . . . . . . . . . . . . . .
* . . . . . . . . * . . . . . .."
NL-HaNA_1.04.02_1547_0527.xml,"240
aen d:' presente qualiteijt, en winnende) 't schip waer meede in 't voor wat
Camer
maandgelden. . - - - . . . . . } land gecomen, en 'tjaer.
Corporael. . . . . . . . . . . . . . . . . . . . .
_o. . . . . . . . . . . . . . . . . . . . . . .
_o. . . . . . . . . . . . . . . . . . .
. . . . zoldaet en schrijver. . . . . ..
als boven geseght
. . . . . . . . . . . . . . _=o. . . . . . . . - - - - . -.
. . . . . . . . soldaet en schalmeijblaser. . . 12. Cortgene. . . . . . . . 1691. Zeelant
. . . . . . . . . . . . . . . . _=o. . . . . . . . . . . . . . .
-. . . . . . . . . . . . loopen haer reecqs tot Colombo.
. . . . . . . . . . . . . . . . . . . _=o
. . . . . . . . . . . . . . . . . _o
. . . . . . . . . 7. o tamboer. . . . . . . . . . . . . . . 5. in dienst. . . . . . . 1692. amsterdam
. . . . . . . . . . . tamboer. . . . . . . . . . . . . . . . . . loopt sijn formeele reecq. tot colomb
. . . . . . . . . tamboer. . . . . . . . . . . . . . . . . . . 11. in dienst. . . . . . . . . 1685. amsterdam
. . . . . . . . . . . . _=o. . . . . . . . . . . - - . - . . . . -
8. _=o. . . . . . . . . 1691. _=o
. . zold t en handgranadier. . 11. Iava. . . . . . . . . . . 1691. amsterdam
_o
. . .12. d.' bije. . . . . . . . . . 1693. Zeeland. —
. . . . . . . . . . . . . . . . _=o. . . . . . . . . . . . . 12. moercappel. . . . . 1690. amsterdam
. . . . . . . . . mall. s _=o. . . . . . . . . . . . . 14. Saland. . . . . . . . . 1689. Zeeland. —
. . . . . . . . . . . . . . _=o. . . . . . . . . . . . . . 9: Cortgene. . . . . . . . . 1691. d=o
-
. . . . . . . . . . . . . . . „. . . . . . . . . . . . . . . 9. helder. . . . . . . . . 1688. amsterdam
. . . . . . . . . . „. . . . . . . . . . . . . . . 14. zalant. . . . . . 1689. _o
„. . . . . . . . . . 14. _=o. . . . . . . . 1689. do
. . . . „. . . . . . . . . . . . . . 12. cion. . . . . . 1689. delft
. . „. . . . . . . . . . . . . . . 9. Iava. . . . . . . . . . 1691. _=o
. . . . . . . . . . . . . „. . . . . . . . . . . . . 10. moercappel. . . . 1640. _=o
. . . . . . . . . boss. r en d=o. . . . . . . . . . . . 14. dregterland. . . . 1689. Enckhuijsen
loopen haer formeele reecq: tot col:
12
. . . . . .
„. . . . . .
.
. . . . . . .
. . .
_=o. . . . . . . . . . . . . . . . . .
..
Zeeland.
.
72
als hand
ruijcht
. . . . . . . . . . . . . .
. . . .
- . . . . . . . . . . . . ."
NL-HaNA_1.04.02_1547_0528.xml,"447: Persoonen P„r Transport
Namen Toenaem en waer van daen d pres
dirck braeckman van amsterdam
hendrick graeff van reenen
hendrick france van amsterdam
Ian meijer van schoonen
Ian: gerritsz. bijlevelt van middelb=
Ian boddenburgh van amsterdam
Jochum clockou van pommeren
bartholomeus de meij van outbeijerlant - - - - - - - - - - - - - - - - - - - - - - - - - -
Ian vanden neste van genth - - - - - - - - - - - - - - - - - - - - - - - - . .
Ioost de meester van sannenbeecq. . . . . . . . . . . . . . . . . . . . . . . . . . . . . ..
Isaacq vanden ende van uijttrecht. . . . . . . . . . . . . . . . . . . . . . . .
luijcas versickel van sweefzeel - - - - - - - - - - - - - - - - - - - - . . . . ..
luijcas reniersen van brussel - - - - - - - - - - - - - - - - - - - - - - - - - - - - - .
pieter pieterman van Sasvan genth - - - - - - - - - - - - - - - - - . . . . ..
pieter huijs van clemskercke. . . . . . . . . . . . . . . . . . . . . . . . . . . .
pieter servaes van dorth. . . . . . . . . . . . . . . . . . . . . . . . . . . . . . . .
pieter Coegelman van Erfurt - - - - - - - - - - - . . . . . . . . . . . .
valeulijn leeringh van helgestal. . . . . . . . . . . . . . . . . . . . . . ..
willem claessen van middelb=r. . . . . . . - - - - - - . . . . . . . . . . . .
adam stoffelsz. van Sonnewater - - - - - - - - - - - - - - - - - - - - - - - - - - - - - - - --
boudewijn beck van genth - - - - - - - - - - - - - - - - - - - - - - - - - - - - - - - --
Christiaan Ziel van stettijn. . . . . . . . . . . . . . . . . . . . . . . . . . . . . . . . .
dirck gerritsz. van harper. . . . . . . . . . . . . . . . . . . . . . . . . . . . . . . . . . . .
frans van der borst vander groe. . . . . . . . . . . . . . . . . . . . . . . . . . . . . . . .
hans scholte van Spiers - - - - - - - - - - - - - - - - - - - - - - - - - - - - - - .
hans speerlingh van dansigh - - - - - - - - - - - - - - - - - - - - - - - - - . . . . ..
Iacob dircksz. van brugge. . . . . . . . . . . . . . . . . . . . . . . . . . . . . . . . . . . .
Iudocus bram van genth - - - - - - - - - - - - - - - - - - - - - - - - - - - - - - - .
andries Spanbergh van noorthuijs. - - - - - - - - - - - - - - - - - - - - - - - - - - - - . . . .
Zacharias dideloff van dantsigh. - - - - - - . - . . . . . . . . . . . . . . .
abraham pietersz. van batavia. . . . . . . . . . . . . . . . . . . . .
bartholomeus hendricksz. van leijden
hans claesz. van gelderlam
Joost pietersz. van uijttrecht. . . . . . . . . . . . . . . . . .
gerrit creuger van hamburgh - - - - - - - - - - - - - - - - - - - .  .
Jan Meelis vande vaart
486: Persoonen die Transporteere.
carel frinel van ponthomeer - - - - - - - - - - - - - - - - - - - - - - -
Ian de back, van middelb=r. . . . . . . . . . . . . . . . . . . . . . . . . . . . .
Jan pietersz van haarden van rotterdam. . . . . . . . . . . . ..
65 op d.' Punt hollant die haer
gewoonlijk geweer voeren
. . . . . . . . . . . . . . . . . . . . . . . .
. . . . . . . . . . . . . . . . . . . . . . . . . . . . .
. . . . . . . . . . . . . . . . . . . . . . . . .
. . . . . . . . . . . . . . . . . . . . . . . . ..
. . . . . . . . . . . . . . . . . . . . . . .
. . . . . . . . . . . . . . . . . . . .. .
.. . . . . . . . . . . . . . . . . . . ..
. . .
. . . . . . . . . . . . . . .
. . . . . . . . . . . . . . . . . . . . . .
. . . . . . . . . . . . . . . . . . . . .
v
..
Z
Z
. . ."
NL-HaNA_1.04.02_1547_0529.xml,"241
maandgelden
. . . . . . . . zoldaet en handgranadier. ..
. . . . . . . . . . . . . . .
_o
Loopen haer formeele reecq=s
tot Colombo. —
daer d presente qualiteijt en winnende. 't schip waer mede in 1. 2 voor wat
- - -. -. . .. } land gecomen, en 'tjaer.
. . . . . . . . . . . . . . „. . . . . . . . . . . . . . . . . . .
. . . . . . . . . . . . . . „ . . . . . . . . . . . . . . . . .
. . . . . . . . . . . . . . . . „. . . . . . . . . . . . . . . . . . .
. . . . . . . . . . . . . . _o - - - - - - - - - - - - - - - -
. . . . . . . . . . . . . . „. . . . . . . . . . . . . . . . ..
. . . . . . . . . . . . . . . . „. . . . . . . . . . . . . . . . . .
. . . . . . . . . . . . „. . . . . . . . . . . . . . . . . ..
. . . . . . . . . . . . . . . . . . „. . . . . . . . . . . . . . . . . . .
. . . . . . . . . . . . . . . „. . . . . . . . . . . . . . . . . . .
. . . . . . . . . . . . . . . „. . . . . . . . . . . . . . . . .
. . . . . . . . . . . . . . . „. . . . . . . . . . . . . . . . „
. . . . . . . . . . . . . . . „. . . . . . . . . . . . . . . .
. . . . . . . . . . . . . . . „. . . . . . . . . . . . . . . . .
. . . . . . . . . . . . . . . . „. . . . . . . . . . . . . . . . . . .
. . . . . . . . . . . . . . . „. . . . . . . . . . . . . . . .
. . . . . . . . . . . . . . . . „. . . . . . . . . . . . . . .
. . . . . . . . . . . . . . . . „ . . . . . . . . . . . . . . . .
. . . . . . . . . . . . . . . . „. . . . . . . . . . . . . . . . . . .
. .zoldaet
. . . . . . . . . . . ƒ 9. in dienst. . . . . . . . 1692. amsterdam
. . . . . . . . . _=o. . . . . . . . . . . . . . . . . . 14. hend. k mourits. . . 1675. Zeelant
. . . . . . . . _=o. . . . . . . . . . . . . . . . . . . . . 14. in dienst. . . . . . . . . 1689. amsterdam
. . . . . . . . mattroos. . . . . . . . . . . . . . . . . 10. hardertje. . . . . . . . . 1693. d=o
. . . . . . . . . . zoldaet. . . . . . . . . . . . . . 11. s. t martensdijck. . 1686. zeelant
. . . . . _=o. . . . . . . . . . . . . . . . . . . 11. oosterland. . . . . . . 1686. _–o
. . . . . . . . bosschieter. . . . . . . . . . . . . . . . . 12. oostsouburgh. . . . 1692. _=o
-
. . . . . . . zoldaet. . . . . . . . . . . . . . . . loopt zijn reecq. tot tutucorijn
. . —:o. . . . . - - - - - - —:o. . . . - - - - „. _=o
Camer
. . . . . . . . . . ..
. . . . . . . . . . . . . . „. . . . . . . . . . . . . . .
. . . . . . . . . . . . . . . . „. . . . . . . . . . . . . . . . . .
. . . . . . . . . . . . . . „. . . . . . . . . . . . . . .
. . . . . . . . . . . . . . . „. . . . . . . . . . . . . .
. . . . . . . . . . . . „. . . . . . . . . . . . . . .
. . . . . . . . . . . . . . „. . . . . . . . . . . . . .
. . . . . . . . . . . . . . „ . . . . . . . . . . . . .
. . . . . . . . . . . „. . . . . . . . . . . . ..
. . . . . . . . . . . . . „. . . . . . . . . . . . . .
. . . . . . . . . . . . . . „. . . . . . . . . . .
r"
NL-HaNA_1.04.02_1547_0530.xml,"486: Persoonen P„r Transport
Namen Toenaem en waer van daen
augustijn Iansen van grunsteijn
anthonij verscheuren van oudenaerden
dirck steenkamp van heuvelen
gerrit louwerentsz. van amsterdam
Jochum Jochumsz. van amsterdam
Ian harmensz. van groeningen
Iasper Iansz. de vos van deventer - - - - - - - - - - - - - - . . . . . . ..
Johannus paal van rotterdam
mouris liggelaer van amsterdam. . . . . . . . . . . . . . . . . ..
marten gerritsz. van minden
martinus willemsz. van lillo - - - - - - - - - - - - - - - - - - - - -
meijndert claessen van alckmaer- - - . - -- -- --- . .. . . .
nilis Iansz. van gottenburgh. - - - - - - - - - - - - - - - - - - - - - - -
529: Persoonen die Transporteere.
Carel van den bos van blanckenberge. . . . . . . . . . . . . . . . . . . . . . . . ..
Cornelis woutersz. van vlissinge. . . . . . . . . . . . . . . . . . . . . . . . . . . .
claas cannegieter van Swol. . . . . . . . . . . . . . . . . . . . . . . . . . ..
gerrit lowisse van mirre vande westmaes - - - - - - - - - - - - - - -.
hellebrant hendricksz: van gruningen. . - - - . - - . . . . . . . . . . . . . .
Ian willemsz. de wint van Ette bijbreda. .. . . . . . . . . . . . . . . . ..
Ian vander hel uijt den haagh - - - - - - - - - - - - - - - - - - - - . . . . . ..
Ian Claasz. van leeuwen. . . . . . . . . . . . . . . . . . . . . . .
Ian gerritsz van amsterdam. . . . . . . . . . . . . . . . . . . . . . ..
Ignatius van grindo van halst - - - - - - - - - - - - - - - - - - - - . . . .
Jochum Muijsenaer van maegdeb=j - - - - - - - - - - - - - - - - - - - ..
Isaacq lubeecq van bingen. . . . . . . . . . . . . . . . . . . . . . ..
Ian harpers van grouw. - - - - - - - - - - - - - - - - - - . . . . . . . . . . . . . .
anthonij hansz. van amesffoort - - - - - - - - - - - - - - - - - - . . . . . . . . . . . .
Christoffel nicodemus van lemgo. . . . . . . . . . . . . . . . . . . . . . . . . . . . ..
Cornelis boom uijt den haagh - - - - - - - - - - - - - - - - - - - - - - - - - - . ..
Christoffel Smidt van dantsich - - - - - - - - - - - - - - - - - - - - - - - - - - . .
giljam stock van diest. . . . . . . . . . . . . . . . . . . . . . . . . . . . . . . . . .
hans schenck van sprotien. - - - - - - - - - - - - - - . . . . . . . . . . . . . . .
hendrick dijckman van Emerick - - - - - - - - - - - - - - - - - - -- . . .. .
Jeronimus borremans van amsterdam. . . . . . . . . . . . . . . . ..
Ian d. ' vlieger van genth - - - - - - - - - - - - - - - - - - - - - - - - - - - - - . .
Ian van daelen van brussel - - - - - - - - - - - - - - - - - - - - - - - - - . .
Ian van rooij van bergen. . . . . . . . . . . . . . . . . . . . . . . . .
adam dubbelt van meemel - - - - - - - - - - - - - - - - - - - - -
aerent Iansz. van hal. . . . . . . . . . . . . . . . . . . . . . . . . . . . . . . .
adam dircksz. van dorth - - - - - - - - - . . . . . . . . . . . . . . . . . . . . . .
amon hansz. van dammen. . . . . . . . . . . . . - - . . - - - - . . . . . . . . . .
Iasper d.' vos van brugge. . . . . . . . . . . . . . . . . . . . . . . . . . . . . . .
Ian haver van halst - - - - . . . . . . . . . . . . . . . . . . . . . . . . . . . . . .
. . . . . . . . . . . . . . . . . . . . ..
. . . . . . . . . . . . . . . . . . . . . .
. . . . . . .
8.
. . . . . . . . . . . . . . . . . . . .
. . . . . . . . . . . . . . . . . . . . ..
. . . . . . . . . . . . . . . . . . .
. . . . . . . . . . . . . . . . . . . .
. . . . . . . . . . . . . . . . . .
. . . . . . . . . . . . . . . . . .."
NL-HaNA_1.04.02_1547_0531.xml,"242
maand gelden. . . . . . . . . . . 3 land gecomen, en 't jaer}
. . . . . . . . . . . . . ..
zoldaet
* . . . . . . . . . . * * . .
. . . . . . . . _o
. . . . . . _=o - . . . - - - - - - - - - - - - - - - -
. . . . . . . . . . . . .  . . . . . . . . . . . . . . . . . .
. . . . . . . . . . . . . „. . . . . . . . . . . . . . . . . . . .
. . . . . . . . . . . . . . . . . . . . . . . . . . . . . . . . . . . . .
. . . . . . . . . . . . . . „. . . . . . . . . . . . . . . . . . . .
d' presente qualiteijt, en winnenden, 't schip waer meede in't voor wat
. . . . . . . . . . . . . . „. . . . . . . . . . . . . . . . . .
. . . . . . . . . . . . . „. . . . . . . . . . . . . . . . .
. . . . . . . . . . . . . „. . . . . . . . . . . . . . . . . .
. . . . . . . . . . „. . . . . . . . . . . . . . . . .
. . . . . . . . . . . „. . . . . . . . . . . . . . . . . .
. . . . . . . . . . . „. . . . . . . . . . . . . . . . . . . .
. . . . . . . . . . . „. . . . . . . . . . . . . . . .
. . . . . . . . . . . . „. . . . . . . . . . . . . . . . . .
. . . . . . . . . . . „. . . . . . . . . . . . . . . . . .
. . . . . . . . . . . . „. . . . . . . . . . . . .
. . . . . . . . . . . . . „. . . . . . . . . . . . . . . . . ..
. . . . . . . . . . . „. . . . . . . . . . . . . . . . .
. . . . . . . . . . . . „. . . . . . . . . . . . . . . .
loopen haer formeele Reecq=s
. . . . . . . . . . . . „. . . . . . . . . . . . . . . . „
tot Colombo.
. . . . . . . . . . . . „. . . . . . . . . . . . . . . . . .
. . . . . . . . . . . „. . . . . . . . . . . . . . . . .
. . . . . . . . . . . . „. . . . . . . . . . . . . . .
. . . . . . . . . . . „ . . . . . . . . . . . . . . . .
. . . . . . . . . „. . . . . . . . . - - - - - . . „
. . . . . . . . . „. . . . . . . . . . . . . . .
. . . . . . . . . . „. . . . . . . . . . . . . .
. . . . . . . . . . . . . „. . . . . . . . . . . . . . . . . .
. . . . . . . . . . . „. - - - - - - - - - - -
. . . . . . . . . . . „. . . . . . . . . . . . . . . .
. . . . . . . . . . „. . . . . . . . . . . . . . .
. . . . . . . . . . „. . . . . . . . . . . . . .
. . . . . . . . . . . . „. . . . . . . . . . . . . . . . .
. . . . . . . . . . . . . „. . . . . . . . . . . . . . .
. . . . . . . . . . . . . „. . . . . . . . . . . . . .
. . . . . . . . . . . „. . . . . . . . . . . . . .
Camer
daen
. .
. . . . . . . . . . . . . . . . . . . . . . . . . . . . . . .
. . . . . . . . . . . . „. . . . . . . . . . . . . . . . .
. . . . . . . . . . . . „. . . . . . . . . . . . . . . .
. . . . . . . . . . . „. . . . . . . . . . . . . . . . .
. . . . . . . . . . . . „. . . . . . . . . . . . . . .
. . . . . . . . . . . „. . . . . . . . . . . . . . ."
NL-HaNA_1.04.02_1547_0532.xml,"529: Persoonen P„r Transport
Namen Toenaem en waer van daen
Samuel Egbertsz. van delft. - . . . . . . . . . . . . . . . . . . . . . . . .
salemon haselansz van switserlant
steeven lubbertsz. van westereel - - - - - - - - - - - - - - - . . . . . . . . . . . . . ..
valentijn koningh van konincxberge. . . . . . . . . . . . . . . . . . . . . . . . . .
wouter aleman van beijeren
pieter caerelsz van hamburgh - - . . . . - - - - . . . . . . . . . . . . . . . .
rens Idens van nieuwackersdijck - - - - - - - - - - - - - - - - - - - - - - - -
roeloff van oeveren van bommel - - - - - - - - - - - - - - - - - - - - - - - - - --
willem Marcusz van vlissinge. . . . . . . . . . . . . . . . . . . . . . . . . . . . . . . .
willem Spieringh van Isendijck - - - - - - - - - - - - - - - - - - - - - - - - - - - - --
pieter tomasz. van thielt - - - - - - - - - - - - - - - - - - - - - - - - - -
pieter Iuriaensz. van swol - - - - - - - - - - - - - - - - - - - - . . . . . . . . ..
Pieter de vreede van hulst - - - - - - - - - - - - - - - - - - - - - - - - -
matthijs pietersz. van uijttrecht
abraham pietersz. van haerlem
Pieter reijndersz. d' Zeeuw van Enckhuijsen
91: Op diverse Buijten posten en wacht¬
plaatsen verdeelt te weeten
38. Ter fortresse Cranganoor
zargiant
Pieter claasz. van linge. . . . . . . . . .
4: Corporacls.
helgert smidt van covelents - - - - - - - - . - - - - . . . . . . . . . . . . .
. . . . . . . . . . . . . . . . . . . . . . . .
toesijn verna van dammen
hans michielsz. van delffsziel - - - - - - - - - - - - - - - - - - - - - - - - - - - - .
Ian Iacobsz. van amsterdam. . . . . . . . . . . . . . . . . . . . . . . . . ..
hendrick de keijser van Iursingh - - - - - - - - - - - - - - - - - - - - - - - . . . . . .
ventoura d ' silva van Cochim
32. Schildergasten
andries sant van bengalen
Christiaan windrick van coppenhagen
Cornelis Sijbrantsz van amsterdam
Cornelis fredricksz. van _=o
556: Persoonen die Transporteere.
1: Jamboer. —
4. Inpotent in 's Comp. s hospit= als. —
. . . . . . . . . . . . . . . . . . . . . . . . . . .
. . . . . . . . . . . . . . . . . . . . ..
.. . . . . . . . . . . . . . .
. . . .
.
. . . . . . . . . . . . . . . .
-
. . . . . . . . . . . . . . . . . . . 5.
. . . . . . . . . . . . . . . . . . . . .
. . . . . . . . . . . . . .
. . . . . . . . . . . . . . .
. . . . . . . . . . . . . . . . .
-
. . . . . . . . . . . . . . . . . . . . . . . . . ..
. . . . . . . . . . . . . . . . . .
. . . .
."
NL-HaNA_1.04.02_1547_0533.xml,"243
presente qualiteijt en winnende. ) 't schip waer meede ink voor wat
zoldaet
_o
. . . . . . . . . . . . . . . . . .
maand gelden. . . . . . . - 3 land gecomen, en 't jaer) Camer
Loopen haer formeele Reecq=s
tot Colombo. —
. . . . . . . . zoldaet. . . . . . . . . . . . . . . loopt zijn formeele reecq:e tot tutucorijn
no
. . . . . . . . . . . _=o. . . . . - - - - - - - - - - - - - - - - - -
. . . . . . . . d=o. . . . . . . . . . . . . . . . . . . . . . . . „ loopen haer reecq:e tot Colombo.
9. obree. . . . . . . . . . . . 1690. Enckhuijsen
. . . . . . . . . . _=o. . . . . . . . . . . . . . . . . ƒ
. . . . . . . . sargiant. . . . . . . . . . . . . . . . 24. bruijnskerck. . . . . 1660. Zeelant
. . . . . . . . Corporael. . . . . . . . . . . . . . . . . . . 16. papenburgh. . . . 1670. amsterdam
. . . . . . . . . . _-o. . . . . . . . . . . . . . . . . . 14. 'slandswelvaren. 1687. _=o
. . . . . . . . . . . „. . . . . . . . . . . . . . . . . . 16. in dienst. . . . . . . . . 1680. _o
. . . . . . . . . . . „. . . . . . . . . . . . . . . . . . . . 16. orangie. . . . . . . . . 1663. Zeelant
. . . . . . . zoldaet. . . . . . . . . . . . . . . 13: damiaten. . . . . 1671. d=o
. . . . . . . . . _=o. . . . . . . . . . . . . . . . . . . 14. mouritius. . . . . 1675. delft
. . . . . . . . . . . „. . . . . . . . . . . . . . . . . . . 14. n. middelburgh. . . 1679. amsterdam
. . . . . . . . . . . „. . . . . . . . . . . . . . . . . . 10. Iava. . . . . . . . . . 1685. hoorn
. . . . . . . . o lamboer. . . . . . . . . . . . . . . . 5. in dienst. . . . . . . . 1692. amsterdam
. . _:o - - - - - - - - - - - - - - - - - - - - . . .
. . . . . . . . . . . . . . . . . . . . . . . . . . . . . . . . . .
. . . . . . . . . . . .. . . . . . . . . . . . . . . . . . . . . ..
. . . . . . . . . . . . „. . . . . . . . . . . . . . . . . . . . . . .
. . . . . . . „. . . . . . . . . . . . . . . . . . . . . . . .
. . . . . . . . . . . . „. . . . . . . . . . . . . . . . . . . . . .
. . . . . . . . . . . . . „. . . . . . . . . . . . . . . . . . . . . .
. . . . . . . . . . . . „. . . . . . . . . . . . . . . . . . . . .
.. . . . . . . . . . . . . „. . . . . . . . . . . . . . . . . . . . . .
. . . . . . . . . . . . „. . . . . . . . . . . . . . . . . . . . . .
. . . . . . . . . . „. . . . . . . . . . . . . . . . . . . . . . .
als. —
acht„
. . . . . . . . . . . . . . . . . . . . . .
3"
NL-HaNA_1.04.02_1547_0534.xml,"556: Persoonen P„r Transport
Namen Toenaem en waer van daen
fredrick Thomasz van amesfoort
lieven pietersz. van vlissingen
Sievert hendricksz. van harlingen. . . . . . . . . . . . . . . . . . . . .
willem Egbertsz. vander gouw - - - - - - - - - - - - - - - - - - - - - - - - . . ..
2: Tot Paliapoorte. —
Pieter lourentsz. van antwerpen,
Willem philipsz. altegoet vander gouw. Corporael - . . . . . . . . . . . . .
3: Tot Anandapoeram
gerrit beeuw van zulphen. . . . . . . . . . . . . . . . . . . . . .
Iacob poulusz. coopman van Conincxb=s. . . . . . . . . . . . . . . . . . . „
lambert avijn van Cortrijck. . . . . . . . . . . . . . . . . . . . . . . . . . . . . . . . „
michiel Creesvelt van halle. . . . . . . . . . . . . . . . . . . . . . . . . . . . . . „
robbert Eduwaart van cochim. . . . . . . . . . . . . . . . . . . . . . . . J. o
theunis Iansz. van delft. . . . . . . . . . . . . . . . . . . . . . . . . . . . .
Chour hansz. van tourop - - - - - - - - - - - - - - - - - - - - - - - - - - - - - - -
dirck fredricksz. van amsterdam. . . . . . . . . . . . . . . . . . . . . . .
francoijs toril van pavia - - - - - - - - - - - - - - - - - - - - - - - - - - - - - --
gabriel lunisz. van stavenes - - - - - - - - - - - - - - - - - - - - - - - - - - - - - --
giljam gernier van genthe. . . . . . . . . . . . . . . . . . . . . . . . . . . . . . . . . . .„
hendrick Iansz. van munnickendam. . . . . . . . . . . . . . . . . . . . . . . . . „
Jonas pietersz. van bergen. . . . . . . . . . . . . . . . . . . . . . . . . . . . . . . „
Ioan claarbouw van calis. . . . . . . . . . . . . . . . . . . . . . . . . . . . . . . . . . „
Ian Iansz. van rotterdam. . . . . . . . . . . . . . . . . . . . . . . . . . . . . . . . „
Ian claasz van blocklandt - - - - - - - - - - - - - - - - - - - - - - - - - - - - - - - . . . . „
Ian d. ' backer van bodegrave. . . . . . . . . . . . . - - . . . . . . . . . . . . . . . . . . „
Ian Mulder van hamburgh. . . . . . . . . . . . . . . . . . . . . - - . . . . . . . . . . . .„
Ioost pietersz van alleren. . . . . . . . . . . . . . . . . . . . . . . . . . . . . „
Ioost pietersz. van middelb=r. . . . . . . . . . . . . . . . . . . . . . . . . . . . . . . . „
Iacobus van coute van breda. . . . . . . . . . . . . . . . . . . . . . . . . . . . . „
Iacob d' keijser van Sluijs - - - - - - - - - - - - - - - - - - - - - - - - - - . . . . . . . . . . „
Sijmon arentsz. van. . . . _=o - - - - - - - - - - - - - - . . . . . . . . . . .
Zargiant - - - - _ _ . . . ... ..
davit Iacobs. van Cochim. . . . . . . . . . . . . . . . . . . . . . . . . . . .
Sijmon vanderwal van cochim. . . . . . . . . . . . . . . . . . . . . sol
hendrick Iansz. Craaijwinckel van cochim. . . . . . . . . . . . . . . d=o
marten sigusmundus van. . . . . . . _=o - - - - - - - - - - - . . .
589: Persoonen die Transporteere.
. . . . . . . . . . . . . . . . . . . . .
...
. . . . . . . . . . . . . . . . . . . . . . . . . . . ."
NL-HaNA_1.04.02_1547_0535.xml,"244
. . . . . . . . . zargiant
_
daer sd presente qualiteijt, en winnende, 't schip waer mede in 't voor wat
maand gelden. . . . . . 'sland gecomen, en 't jaer Camer
. . zoldaet. . . . . . . . . . . . . . . ƒ 7. in dienst. . . . . . . . 1692. amsterdam
_=o. . . . . . . . . . . . . . . . . . 9. saemslagh. . . . . . 1692 Zeelant
. . . . . . . _=o. . . . . . . . . . . . . . . . . . 14. phenenburgh. „. 1657. amsterdam
. . . . . . . . . . . . „. . . . . . . . . . . . . . . . . . . . . 14. 'thuijs te velsen. 1679. Enckhuijsen
. . . . . . . „. . . . . . . . . . . . . . . . . . . . . 14. _=o. . . . . . . . 1668. amsterdam
. . . . . . . . . . . „. . . . . . . . . . . . . . . . . . . . . 11. oosthuijsen. . . 1688. Enckhuijsen
.. 1680. amsterdam
1661. hoorn
. . . . . . . . . . . . „. . . . . . . . . . . . . . . . . . . . 12. Cappelle. . . . . . 1687. rotterdam
. . . . . „. . . . . . . . . . . . . . . . . . . . 13. d.' Post. . . . . . . . . . 1684. amsterdam
. . . 11. do. . . . . . . . 1687. do
. . . . . _=o. . . . . . . . . . . . . . . . . . . . 11. oosterland. . . . . . . 1688. Zeeland.
. . . . „. . . . . . . . . . . . . . . . . . . . . . 11. _o. . . . . . . 1688. _o
. . . . . . . . . . . „. . . . . . . . . . . . . . . . . . . . . 14. roemerswael. . . 1675. __o
. . . . . . . . . . . . „. . . . . . . . . . . . . . . . . . . . . 14. poeleron. . . 1679. delft
. . . . . . . . . . . . . „. . . . . . . . . . . . . . . . . . . . 14. tidoor. . . . . . . . . 1678. Zeeland. —
. . . . . . . . . . . „. . . . . . . . . . . . . . . . . . . . 14. 'thoff v: zeeland. . 1659. _o
. . . . . . . . . . „. . . . . . . . . . . . . . . . . . . 9. 8. maes. . . . . . . . 1691. amsterdam
. . . . . . . . . . . „. . . . . . . . . . . . . . . . . . . . . . 14. z: zee. . . . . . . . . 1671. Zeelant
. . . . . . . . . . . „. . . . . . . . . . . . . . . . . . . . 12. vrijheijt. . . . 1680. amsterdam
. . . . . . . _=o. . . . . . . . . . . . . . . . . . . . 14. phenincx. . . . . . 1657. delft
. . . . . . . . . . . „. . . . . . . . . . . . . . . . . . 14: polanen. . . 1669. amsterdam
. . . . . . . . . . . „. . . . . . . . . . . . . . . . . . . 11. oosterlant. . 1688. Zeelant
. . . . . . . . . . . „. . . . . . . . . . . . . . . . . . . 11. langewijck. . . . . . 1686. amsterdam
. . . . . . . . . . „. . . . . . . . . . . . . . . . . . . . 14. middelburgh. . . 1670. _o
. . . . . . . . . . . . „. . . . . . . . „. . . . . . . . . . . . . 11. stavenes. . . . . . . 1685. _o
. . . . . . . . . . p. „. . . . . . . . . . . . . . . . . . . . . 7. in dienst. . . . . . . . 1693. d_o
. . . . . . . . . . _=o. . . . . . . . . . . . . . . . . . . . 14. reijnlant: 1663. __o
. . . . . . . . . . . . „. - - - - - - . - . . . . . . . . . . . . 14. swieten
. . . . . . . . . . „. . . . . . . . . . . . . . . . . . . . . „ 14. vrijheijt
. . . . . . . . . . . . . . . 22. hollants. thuijn. 1669. _=o
. . . . . . . . . Corporael. . . . . . . . . . . . . . 16. Iendraght. . . 1669. _=o
. sold t en wort als sarg:t der toepassen ƒ11. in dienst. . . . . . . . 1686. _=o.
gebruijckt.... . . . . . .
d=o en wort als corp. l gelijk boven h12. _=o. . . . . . . 1689. _o
gebruijckt...
11. _=o. . . . . . . 1684. _=o
_o
2
. . .
zoldaet
. .
. . .
. . . ..._"
NL-HaNA_1.04.02_1547_0536.xml,"589: Persoonen P„r Transport
Namen Toenaem en waer van daen
Casper volckersz van cochim. . . . . . . . . . . . . . . . . . . . . . ..
bartholomeus swadus van d=o. . . . . . . . . . . . . . . . . . . . . . . .
Ian stoffelsz. van cochim. . . . . . . . . . . . . . . . . . . . . . . . . . .
Ian Cornelisz. van cochim
daniel hendricksz. van batavia - - - - - - - - - - - - - - - - - - - - - - - - - - . . . . . sold
2: Tot manjepare.
2. Tot Castella. —
geleijn willeboorts van vlissingen zargiam. . . . . . . . . . . . . . . ..
Ian d' coster van bremen corporael - - - - - - - . . . . . . . . . . . . . . . . . . . . .
Tot Cheramangelaen
Iacob Iansz. van haerlem Corp. l der adelb=t - . . . . . . . . . . . . . . . . . . . .
claas Iacobsz. van cochim. . . . . . . . . . . . . . . . . . . . . . . . . . . . . . . .
giljam colom van marceneppe. . . . . . . . . . . . . . . . . . . . . . . . . . . . .
louijs paret van rebedeaus - - - - - - - - - - - - - - - - - - - - - - - - - - - - - - . .
pieter lafebere van amiens - - - - - - - - - - - - - - - - - - - - - - - - - - . . . . .
Sijbrant stoffelsz. van amsterdam. . . . . . . . . . . . . . . . . . . . . . . . ..
manuel thomasz. van cochim. . . . . . . . . . . . . . . . . . . . . . . . . . ..
Sijmon Erassemus. van _=o - - - - - - - - - - - - - - - . . - . . . . . . . . ..
thomas fredricksz. van _=o - - - - - - - - - - - - - - - - - - - - - . . . . . . . .
12. Tot manicoorde.—
1: Zargiant.
2: Corporaels.—
Ian Marcusz. van amsterdam
Claas martensz. van nieuwkerck. . . . . . . . . . . . . . . . . . . . . . . ..
9: Schildergasten
Claas arentsz. loockman uijt den haegh - - - . - - - - - . . . . . . . . . . . . . ..
. . . . . . . . . . . . . . . . . . . . . . . . . . . .
hans graaff van kiel in holsteijn . . . . . . . . . . . . . . . . . . . . . . ..
Ian anthonisz. van 'sgravensand. . . . . . . . . . . . . . . . . . . . . . . . . . . .
Ian reedecker van greuningen. . . . . . . . . . . . . . . . . . . . . ..
Ian roeloffsz. van vlockholm. . . . . . . . . . . . . . . . . . . . . . .
fredrick Iacobsz. van bremen. . . . . . . . . . . . . . . . . . . . . . . . .
Ian Cornelisz. d' ruijter van amsterdam. . . . . . . . . . . . . .
614: Persoonen die Transporteere.
3: Tot Cocheripole.
. . . . . . . . . . . . . . . . . . . . . . . . . . . . .
a
C
S"
NL-HaNA_1.04.02_1547_0537.xml,"245
d presente qualiteijt, en winnende, 't schip waer mede in t7 voor wat
maandgelden. . . . . . . s land gecomen, en 't jaer ') Camer
sold:t en wort als serg.:t der toepasse geb=t ƒ 13. in dienst. . . . . . . . . . 1679. amsterdam
. d=o en wort als corp. l als boven geb=t 9. _=o. . . . . . . . . . . 1686. _=o
_o 9. _=o. . . . . . . . . . 1685. do
. . sold. t en wort als corp. l der toepassegb.:t 9. _=o. . . . . . . . . . . 1691. _=o
. _=o 9. _=o. . . . . . . . . . 1691. do
. . . . Zargiam. . . . . . . . . . . . . . 24. oosterant
. . . . . . . -. Corporael. . . . . . . . . . . . . . . 16. hogergeest. . . . . 1683. amsterdam
. . . . Corporael der adelborsten. 18. amesfoort. . 1662. _=o
. . . . . . . . . zoldaet. . . . . . . . . . . . . . 9. in dienst. . . . . . . . 1691. _o
. . . . . . . . . . . . _=o. . . . . . . . . . . . . . . 11. oosterlant. . . 1688. zeelamt
. . . . . . . . . . . „. . . . . . . . . . . . . . . . . . 11. oosterland. . . . . . . 1688. __o
. . . . . . . . . . . „. . . . . . . . . . . . . . . . . . . 13. hogergeest. . . . 1683. amsterdam
. . . . . . . . . . . . _=o. . . . . . . . . . . . . . . 9. saemslagh. . . . . . 1692. _o
. . . . . . . . . . . . „. . . . . . . . . . . . . . . . . . 9. in dienst. . . . . . . . 1689. d=o
„. . . . . . . . . 9. d–o. . . . . . . . 1692. do
. . . . . „. . . . . . . . . . . . . . . . . . 11. _=o. . . . . . . . . 1680. d=o
. . . . . . . soldaet
. . . . . . . . . . . . . . . . 14. vrijheijt
.. 1686. Zeelant
. . . . . . . . . . . _=o. . . . . . . . . . . . . . . . . . . 14. gecroonde vreede. 1678. Enckhuijsen
. . . . . . . . . . . _=o. . . . . . . . . . . . . . . . . . . 13. Spierdijck. . . . . . . 1688. amsterdam
. . . . . . . . . . . „. . . . . . . . . . . . . . . . . 10. in dienst. . . . . . . 1693. amsterdam
. . . . . . „. . . . . . . . . . . . . . . . . . 12. bantam. . . . 1687. _=o
. . . . . . . . . . . . . „. . . . . . . . . . . . . . . . . 14. Ipensteijn. 1672. hoorn
. . . . . . . Corporael. . . . . . . . . . . . . . . . 16. silversteijn. . 1682. amsterdam
. . . . . . . . . _=o. . . . . . . . . . . . . . . . . . . 16. vrijheijt. . . . 1680. _o
. . . . . . . . sargiant. . . . . . . . . . . . 29. 't slothhoningen. 1659. rotterdam
. .. 1686. Zeelant
daen
. .
. .
."
NL-HaNA_1.04.02_1547_0538.xml,"619. Persoonen P„r Transport
Namen Toenaem en waer van daen
Pieter dircksz. spanbroeck van _=o - - - - - - - - - - --.
2: Tot Zunt andries.—
thomas lucasz. van leijden
1: Tot allepee.
willem albertsz. van Cleijnsteijn
1: Tot Caijcette.
3: Tot Porca. —
Ian fernando thielman
gerrit Iansz. vinckenb=k van leijden. . . . . . . . . . . . . . . . . . .
Iurgen adolff van valckenb=t. . . . . . . . . . . . . . . . . . . .
harmen barentsz. van nanvolden. . . . . . . . . . . . . . . . . . . . . . .
Iacob martsack van loserne - - - - - - - - - - - - - - - - . . . . . . . . . . ..
weijert fredricksz van hoorn. . . . . . . . . . . . . . . . . . . . . . .
pasquier dondijn van brussel - - - - - - - - - - - - - - - - - - - - - - - - - - --
* . . . . . . . . . . . . . . . . . . . . . .  .
. . . . . . . . . . . . . . . . ...
8. Tot Pagodinjo.
2 Corporaels.
Sijmon Christiaansz. van amsterdam
6 Zoldaten
poulus van oudenaarden van reijnb. e . . . . . - . . . . . . . . . . . . . . . . . .
Pieter brulee van cochim
2: Tot warapolie. —
marten fredricksz. van amsterdam
frans d' neijs van coijlan - - - - - - - - - - - - - . . . . . . . . . . .
Iacob obbensz. van amsterdam. . . . . . . . . . . . . . . . . . . . . . . . . .
alexander lenso van zadgods - - - - - - - - - - - - - - - - - - - - - - - - - - . . . .
willem dotterleeuw van d=o - - - - - - - - - - - - - - - - - - - - - - . . . . . . . _
matthijs volckersz. van cochim. . . . . . . . . . . . . . . . . . . . . . . . . J.o
gelmer d'visser van palliacatte. . . . . . . . . . . . . . . . . . . . . .
Sander michielsz. van aarnem - . . . . . . . . . . . . . . . . . . . .
637: Persoonen die Transporteere.
Coert scholten van linne. . . . . . . . . . . . . . . . . . . . . . . . . . . . . . . . . .
bastiaan Camps van venloo - - - - - - - - - - - - - - - - - - - - - - .
Tot Calicatte. —
. . . . . . . . . . . . . . . . . . . . . . .
. . . . . . . . . . . . . . . . . . .
. . . . . . . . . . . . . . . . . . . . . . . . . . . . .Z
. . . . . . . . . . . ....
3.
.
. . . . . . . . .
. . . . . ."
NL-HaNA_1.04.02_1547_0539.xml,"246
corporael - . . . . . . . . . . . . . . . . 16. malacca. . . . . . . . 1662. amsterdam
. zoldaet - - - - - - - - - - - - . 14. ridderschap. . . . . . 1683. _=o
corporael. . . . . . . . . . . . . . . . 16. oostenburgh. . . . 1670. d=o
. corporael. . . . . . . . . . . . . . . . . . . 16. tw. vander goes. . . 1669. Zeelant
Corporael. . . . . . . . . . . . . . . . . 14. hogergeest. . . 1683. amsterdam
.zoldaet. . . . . . . . . . . . . . 13. burgh v: leijden. . 1683. zeelam
. d=o en tolck. . . . . . . . . . . . 12. in dienst. . . . . . . . 1689. amsterdam
Corporael. . . . . . . . . . . . . . . . . . . 14. d. o post. . . . . . . . . . 1684. d=o
. . p. l _=o. . . . . . . . . . . . . . . . . 11. oosterlant. . 1686. Zeelant
. . . . . . zoldaet. . . . . . . . . . . . . . . . . . 9. in dienst. . . . . . . . 1692. amsterdam
. . . . . . . _=o. . . . . . . . . . . 9. _=o. . . . . . . . . 1688. _=o
. . . . . . . _=o. . . . . . . . . . . 11. _=o. . . . . . . . 1689. _o
7. in dienst. . . . . . . . 1692. _=o
. . . . . . . . . . . „. . . . . . . . . . . . . . . . . . . 9. adrighem. . . . 1685. d–o
. „. . . . . . . . . . 10. _=o. . . . . . . . . 1694. d=o
. . . . . . . . . J. o lamboer. - - - - - - - - - - - - -
Corporael. . . . . . . . . . . . . . . . . 16: 1 stight v: uijtrecht 1676. _=o
zoldaet
. .   19. d. post. . . . . . . . 1684. _=o
. . . . . . _=o. . . . . . . . . . . . . . . . 9. oosterland. . . . 1691. Zeeland. —
. . Corporael. . . . . . . . . . . . . . . . . . . . 15. waelstroem. . . 1685. _=o
. . zoldaet. . . . . . . . . . . . . . 13. in dienst. . . . . . 1687. _=o
presente qualiteijt, en winnenden 't schip waer mede in 't voor wat
maand gelden. . . . . . . - --. s land gecomen, en 'tjaer Camer
zoldaet - - - - - - . . . . . . . . ƒ 11. s landswelvaren. . 1687. amsterdam
_=o. . . . . . . . . . . . . . . . . ƒ. 14. d. faem. . . . . . . . 1684. d=o
mattroos - - - - - - - - - - - - - - - . 11. honslaerdijck:. . . 1688. hoorn
6
aen
. . . .
..
..
. . ."
NL-HaNA_1.04.02_1547_0540.xml,"637: Persoonen P„r Transport
Namen Toenaem en waer van daen
62 - Zeevaerende Persoonen die voor present mits
de quade mazon off regen tijt aenland tot alle voor„
comende diensten worden gebruijckt, doch zijn ordinarij
naer verloop van dien verdeelt als volght
17: Inde stadt daer van present 7 in potent
7: bij d' Equipagie. —
michiel decker van amsterdam. . . . . . . . . . . . . . . . . . . . . . . . .
Ian Carelsz. van rotterdam. . . . . . . . . . . . . . . . . . . . . . . . . . . . . . . ..
anthonij willemsz. van rotterdam. . . . . . . . . . . . . . . . . . . . . . . .
„op
3„ d.o Zaaghmoelen.
andries Iansz van middelb=r - - - . . . . . . . . . . . . . . . . . . . . . . . . . . . . . zei
Cornelis heijndricksz. van vuijren. . . . . . . . . . . . . . . . . . . . . . . . . . .
Pieter kroes van hoesum. . . . . . . . . . . . . . . . . . . . . . . . . . . . . ..
thijs pietersz. van dorth - - - - . . . . . . . . . . . . . . . . . . . . . . . . . . . . ..
In 's Comps. hospitael Inpotent
barnardus thijss: van hallum. . . . . . . . . . . . . . . . . . . . . . . . . . . a
albert Iansz. van swartsluijs. . . . . . . . . . . . . . . . . . . . . . . . . . . . . .
Iacob reijnevelt van amsterdam. . . . . . . . . . . . . . . . . . . . . . . . .
frans bastiaansz. van delfshaven. . . . . . . . . . . . . . . . . . . . . . . . . . . .
frans michielsz. van amsterdam. . . . . . . . . . . . . . . . . . . . . . . . . _
Pieter Cornelisz. van gottenburgh - - - - - - - - - - - - - - - - - . . . . . . . . .
roeloff dircksz. van Stockholm - . . . . . . . . . . . . . . . . . . . . . . .
45:- op dieverse Sachtjes en zeijlvaert: als
14: op 't Iachtje de Iager bestaende in
Cornelis claesz. vande vaert - - - - . . . . . . . . . . . . . . . . . . . . .b
Ian davitsz. van dorth. . . . . . . . . . . . . . . . . . . . . . . . . . . . . . . . . . . . . —
harmen heijkensz. van amsterdam. . . . . . . . . . - - - . . . . . . . .
matthijs willemsz. van amsterdam. . . . . . . . . . . . . . . . . . . . .
arij cornelisz. speelman van delft. . . . . . . . . . . . . . . . . . .
hans bolt van hamburgh - . .  -. . . . . . . ..
Cornelis Iansz. van Enckhuijsen - . . . . . . . . . . . . . . . . . . . . . pl
Ian Iansz. vael van _=o - - - - - - - . . . . . . . . . . . . . . . .60
arent cool van Vreeswijk - - - - - - - - - - - - - - - - - - - . . . . . .
660: Persoonen die Transporteere.
. . . . . ."
NL-HaNA_1.04.02_1547_0541.xml,"247
d' presente qualiteijt, en winnenden 't schip waer mede in 't voor wat
maand gelden. . . . . . . . . 3 land gecomen, en 't jaer Camer.
„.. sierm. en opsiender der Equipagie ƒ 36. n. middelburgh. 1679. amsterdam
. derdewaeck. . . . . . . . . . . . . . 20. ridderschap. . . . . . 1687. __o
. opper zeijlmaker - . . . . . . . . . . . 26. cion. . . . . . 1687. delft
. 1692. Zeeland.
zeijlmaeker - - - - - - - - - - - - - 18. d' wint
. . . . . . . . quartiermeester. . . . . . . . . . . 16. romeijn
1683. amsterdam
. . . . . . . . schrijver van de werff. . . . . . . . 18. africa. . . . . . . . . 1675. rotterdam
—. . . . . . 16: dorth. . . . . . . . . . 1658. delft
. . quartiermeester
. . . . . . mal. s en op siender der zaagmoolen. 13. Eemlanc. . . 1682. amsterdam
. . . . . . . . mattroos. . . . . . . . . . . . . . . 14. d: saam. . . . 1684. _=o
. . . . . . . . . __o. . . . . . . . . . . . . . . . 11. d' merve. . . . . . 1681. _o
.opperstuerm. en gesaghebber 48. Elisabeth. . . . . 1678. _=o
. . . derdewaeck. . . . . . . . . . . . . . . 24. d.' purmer. . . . . 1685. _=o
. . . . . . . . . p. l bootsman. . . . . . . . . . . 16. princelant. 1689. _o
. . . . . . botteliersmaet. . . . . . . . . 14. grote visserije. . . 1687. Enckhuijsen
. . . . . . . . . mattroos. . . . . . . . . . . . . . . . . 14. gidion. . . . 1684. delft
. . . . . . . . Ionge. . . . . . . . . . . . . . . . . 6. wadincxveen. 1693. rotterdam
. . . . . . . . . _=o. . . . . . . . . . . . . . . . . 91 hoff v. Ilpendam 1692. amsterdam
. . . . . . . . . _=o. . . . . . . . . . . . . . . . . . . 14. schoondijck. . . . 1690. Zeeland. —
. . . . . . . . . mattroos. . . . . . . . . . . . . . . . . 12. langewijck. . . . . 1686. amsterdam
. . . . . . . . mattroos. . . . . . . . . . . . . . . . . . . . . . . 14. voorschooten. . 1688. delft
. . . . . . . . bosschieter. . . . . . . . . . . . . . . . 14. Zalam. . . . 1687. _=o
. . . . . . . . . . _=o. . . . . . . . . . . . . . . . . . 13. in dienst. . . . . . 1684. __o
. . . . . . . . zoldaet. . . . . . . . . . . . 11. silversteijn. . 1687. _=o
dnari
n
.. .
. . . . .
tent
t als
in
."
NL-HaNA_1.04.02_1547_0542.xml,"660: Persoonen P„r Transport
Namen Toenaem en waer van daen
Cornelis pietersz. van rotterdam
Claes Iacobsz. snittier van Enckhuijsen - - . - . . - . . . . . . . . . . . .
Claas martensz. van dorth. . . . . . . . . . . . . . . . . . . . . . . . . . . . . . ..
Christiaan Elias. van amsterdam
9 op 't vaartuijgh d' Platluijs. —
Christoffel Teusel van dantsick. . . . . . . . . . . . . . . . . . . . . . . . . . . ..
Christiaen Christiaensz. steur van amsterdam. . . . . . . . . . . . . . . .
dirck willemsz. caet van westsanen
geen harmensz. van rotterdam. . . . . . . . . . . . . . . . . . . . . . . . . . .
hendrick poulusz. wolff van amsterdam. . . . . . . . . . . . . . . . .
9op 't vaartuijgh. d:' hooijwagen
Ian hendricksz. van greuningen
Iacob fransz. van uijttrecht. . . . . . . . . . . . . . . . . . . . . ..
Iacob Engelen van delft
anthonij waghter van oostende. . . . . . . . . . . . . . . . . . . . . . . . . . . .
Cornelis Iansz. van langeraer - - - - - - - . . . . . . . . . . . . . . . . . . .
Cornelis lonck van roosendael - - - - - - - - - - - - - - - - - - . . . . . . . .
cornelis van oosten van delft. . . . . . . . . . . . . . . . . . . . . . . . . . . .
feijcke Ickes van driels - - - - - - - - - - - - - - - - - - - . . . . . . . . . . . . . . 91
hans pietersz. van Christiania. . . . . . . . . . . . . . . . . . . . . . . . . . . . . .
hendrick Cornelisz. van. . . . _=o - - - - - - . . . . . . . . . . . ..
Ian Lourentsz. van amsterdam. . . . . . . . . . . . . . . . . . . . . . . . . ..
Ian hagelaer van wadincxveen. . . . . . . . . . . . . . . . . . .
Ide Iansz. van amsterdam. . . . . . . . . . . . . . . . . . . . . . . . .
Iacob pietersz. van alckmaer. - . . . . . . . . . . . . . . . . . . . . . . . ..
Iacob harmensz. van Cochim. . . . . . . . . . . . . . . . . . . . . . .
Ian hendricksz. van _=o. . . . . . . . . . . . . . . . . . . . . . . . . ..
Ian Erasmusz. van Cochim. . . . . . . . . . . . . . . . . . . . . .
7 Op't vaertuijgh d' steenboek. —
boudewijn martensz. van middelburgh. - . . . -..... . . . .
marten fransz. van amsterdam. . . . . . . . . . . . . . . . . . . .
pieter Iansz. vlieger van stockholm . - . . . . . . . . . . . . .
pieter hendel van brandenburgh. - - - - - - - . . . . . . . . . . .
pieter pietersz. de beijl van amsterdam. . . . . . . . . . . . . . . . .
Pieter Iansz. de bruijn van _=o. . . . . . . . . . . . . . .
poulus marcusz. van Cleeff. - - - - - - - - - - - - - - - - - . . . . ..
693: Persoonen die Transporteere. —.
. . . . . . . . . . . . . . . . . . . . . . . . .
. . . . . . . . . . . . . . . . . . . . . .
. . . . . . . . . . . . . . . . . .
J
6
6
.
. . . . . . . . . . . .
..
. . . . . . . . . .
. . . . . . . . . . . . . . . . ."
NL-HaNA_1.04.02_1547_0543.xml,"248
. . . 16. d.' leck. . . . . . . . . 1687. _o
. . schiemansmaet
. . . . . . . mattroos. . . . . . . . . . . . . 10. goudesteijn. . . 1693. zeelant
10. Iava. . . . . . . . . 1691. amsterdam
. . . . . . . . . quartiermeester. . . . . . . . 14. Cilida. . . . . . . 1688. _o
. . . . . . . . Ionge. . . . . . . . . . . . . . . . 5. schelde. . . . . . 1692 rotterdam
. . . . . . . . mattroos. . . . . . . . . . . . . . 14. spierdijck. . . . 1688. amsterdam
9: 'thuijs ter loo. . . 1693. _o
9. in dienst. . . . . . 1688. _=o
. . . . . . . . . . _=o. . . . . . . . . . . . . . . 10. d.' haen. . . . . 1693. _o
. . . _=o. . . . . . . . . . . . . . . . . .
. . . . . . . . . _:o - - - - - - - - - - - - - - -
12. alckmaer. . . 1689. _o
. . . . . . . . . p. l quartiermeester
..
. . . . . . . mattroos. . . . . . . . . . . . . . 10. reijgersdael. . . . 1692. __o
8. ijselt. . . . . . 1692. _o
. . _=o. . . . . . . . . . . . . . . . . . 13. honslaersd=k. 1686. hoorn
. . . . . . . . . _=o. . . . . . . . . . . . . . . . 11. 8. beurs. . . . . . . 1686. rotterdam
. . . . . . . . . bosschieter. . . . . . . . . . . . . . . . 12. Iava. . . . . . . . . . 1691. amsterdam
. . . . 3. o _=o. . . . . . . . . . . . . . 7. in dienst. . . . . 1694. amsterdam
. . . . . . . . mattroos. . . . . . . . . . . . . . 10. nierop. . . . . . 1693. _=o
. „. . . . . . . bosschieter. . . . . . . . . . . . . 14. Iava. . . . . . . . . 1691. _=o
. . . . . . . . _o - - - - - - - - - - - - - - - -
.. p. l quartiermeester
. . 14. hend.:k mourits. 1675. Zeeland.
. . . . . . mattroos. . . . . . . . . . . . . . 11. d:' faem. . . . . . 1684. amsterdam
. . . . . . mattroos. . . . . . . . . . . . . . 12. Den hoorn. 1690. rotterdam
._:o - - - - - - - - - - - - - - . loopt sijn formeele reecq. op 't schip d. Eenhorn
. . . . . . . . . bosschieter. . . . . . . . . . . . . 11. d.' bije. . . . . . . . 1693: Zeeland. —
. . _=o. . . . . . . . . . . . . . . 12. 't huijs ter loo. . 1693. amsterdam
. . . . . . . . _=o. . . . . . . . . . . . . . . . . 9. silversteijn. . 1692. _=o
d' presente qualiteijt, en winnenden 't schip waer mede in't voor wat
bootsgesel. . . . . . . . . . . . . . ƒ 9. Een hoorn. . 1693. zeelamt
.maltroos - - - - - - - - - - - - . ƒ. 11. ridderschap. . . 1690. amsterdam
bosschieter. . . . . . . . . . . . . 12. sergiantslant. 1692 Zeeland. —
. . . _:o 7. schelde. . . . . . . 1691. rotterdam
. . mattroos. . . . . . . . . . . . . 9. langewijck. . . 1684. Enckhuijsen
_=o. . . . . . . . . . . . . . . . . 12. _o. . . . . . 1693. amsterdam
maand gelden. - - - - - 3 land gecomen, en 'tjaer 3 Camer
.hooplooper. . . . . . . . . . . . . 7. berckel. . . . . . 1692. delft
. . . Ionge. . . . . . . . . . . . . . . . 5. d.' Crab. . . . . . 1693. _=o
aen
. . . .
. . . .
. . . . .
. . . . . . . . . _=o. . . . . . . . - - - - - . . .
92
. . . . .
K. —
.
. .
. . . . ."
NL-HaNA_1.04.02_1547_0544.xml,"693: Persoonen P„r Transport
op 't vaartuijgh de kaarslaa
Naemen Toenaem en waer van daen
roeloff Iansz. van mardouw. . . . . ..
robbert Iacobsz. van Vlissingen. . . . . . . . . . . . . . . . . . . . . .
thomas davitsz. van amsterdam. . . . . . . . . . . . . . . . . . . . ..
willem theunisz. van Claeswael . . . . . . . . . . . . . . . . . . . . . . . . . . . .
willem michielsz. van amsterdam. . . . . . . . . . . . . . . . . . . . .
13: — Persoonen bij de artaljerij. als. —
11:– inde stadt.
willem Willemsz. grero van hoorn. . . . . . . . . . . . . . . . . . . . .
Iacob martensz. van 's heerenveen. . . . . . . . . . . . . . . . . . . . . . . . . . .
pieter thielmansz. van Enckhuijsen. . . . . . . . . . . . . . . . . . . . . . ..
francoijs wille van genth - - - - - - - - - - - - - - - - - - - - - - - - - - - . . . . . . .m
Iacob beggelen van Coperwijck. . . . . . . . . . . . . . . . . . . . . . . . . . ..
fredrick harmensz. van gramsbergen. . . . . . . . . . . . . . . . . . . . . . ..
gijsbert Claesz van Ceulstaert . . . . . . . . . . . . . . . . . . . . . . ..
gerrit pietersz. van amsterdam. . . . . . . . . . . . . . . . . . . . . . . . .
Iasper de haes van d=o - . . . . . . . . . . . . . . . . . . . . . . . . . . .
Ian boele van grissendorp - - - - - - - - - - - - - - - - - - - - - - - - . . . -.
Iacob arentsz. bosch van deventer. . . . . . . . . . . . . . . . . . . . . . . . . . . .
michiel Iansz. van antwerpen. . . . . . . . . . . . . . . . . . . . . . . ..
2: Tot Cranganoor
Persoonen ambachtsluijden die met den
anderen boedelen in de stadt haer dienst kome
te doen
10. In de smitswinckel.
Cornelis hendricksz. Cuipido. . . . . . . . . . . . . . . . . . . . . . . . . . . .
abraham Iarighsz. van hoorn. . . . . . . . . . . . . . . . . . . . . . . . .
Ian becx van dicxmuijden
andries gerritsz. quast van der gouw . - - - - - - - - - - - - - - . . . . ..
arent gillisz. van badenb. van d=o - - - - - - - . . . . . . . . . . . . ..
coert hendricksz. lubber van cassel - - - - - - - - - - - - - - . . . . . . . .
Christoffel Mulder van minden. . . . . . . . . . . . . . . . . . . ..
Cornelis fransz. van bueren. . . . . . . . . . . . . . . . . . . . . . ..
Elbert Iansz. smith van hoorn. . . . . . . . . . . . . . . ..
gerrit Iansz. van reijnen. . . . . . . . . . . . . . . . . . . . . . ..
720: Persoonen die Transporteere.
40:-
. . . . . . . . . . . . . . . . . . . . .
2
r
2
. . . . ."
NL-HaNA_1.04.02_1547_0545.xml,"249
d' presente qualiteijt, en winnende) 't schip waer mede in't7 voor wat
maand gelden. . . . . . . . . . s land gecomen, en 'tjaer Camer
quartiermeester. . . . . . . . . . ƒ 16. Cina. . . . . . . . . 1677. amsterdam
mattroos. . . - - - - - - - - - - - . 13. cion. . . . . . . . 1687. delft
_=o. . . . . . . . . . . . . . . . . . . . 12. goudesteijn. . . . . 1690. amsterdam
.bosschieter. . . . . . . . . . . . . . . . 14. oosterant. . . . . . 1688. Zeeland.
D=o. . . . . . . . . . . . . . . . 14. bantam. . . . . . 1689. amsterdam
.. jonge. . . . . . . . . . . . . . . . . . . . 5. langewijck. . . . . . . 1691. hoorn
. . constapel. . . . . . . . . . . . . 42. orangie. . . . . . . . 1659. Zeelant
. . . . . . . . . tweede d=o. . . . . . . . . . . . . 28. obree. . . . . . . . . . . 1690. Enckhuijsen
. . . . . . . . . . . mattroos. . . . . . . . . . . . . . . . 12. princes maria. . . 1683. Zeeland. —
. . . . . ..19. Een hoorn. . . . 1693. _=o
. . . . . . . . . . . constapelsmaet
. . . . . . . . . . . . zoldaet. . . . . . . . . . . . . . loopt sijn formeele reecq. tot Colombo.
. . . . . . . . . . . . _=o. . . . . . . . . . . . . . . . 11. moercappel. . . . . . 1690. Amsterdam
. . . . . . . . . . . mattroos. . . . . . . . . . . . . . . 12. Spierdijck. . . . . . . 1688. _=o
. . . . . . mattroos. . . . . . . . . . . . . . . . 10. brandenburgh. . . 1691. _=o
. . . . . . . . . . . _=o - . . . . . . . . . . . . . . . . . 12. goudesteijn. . . . 1690. _=o
. . . . . . . . . . . bosschieter. . . . . . . . . . . . . . . . 12. d.' helder. . . . . . . . . 1686. _=o
. . . . . . . . . . . bosschieter. . . . . . . . . . . . . . . . . 14. hand boogh. . . . . . 1689. _=o
. . . . . . . . . Constapelsmaat. . . . . 16. den briel. . . . . . 1678: hoorn
. . . . . . . . . bosschieter. . . . . . . . . . . . . . . 11. d' wint. . . . . . . 1692. Zeeland.
. Cap. t des armes en meester vand:' 250. 't zeepaert. . . 1656. Zeelant
smits winckel-- . . ..
. . meest=r kneght van d: groffsmuts. . 28. swieten. . . . . . 1661. amsterdam
. . roer en slootemaecker. 23. Iemlant. . . . . . 1682. _=o
. . . . . . groff smith. . . . . . . . . . . . . 28. africa. . . . . . . . . 1680. _=o
. . . . . . Cooper slager. . . . . . . 20. waveren. . . . 1682. _=o
. . . . . . . . . . smith en voorslager. . 18. middelburgh. . . 1665. Zeelant
. . . . . . . . groff smith. . . . . . . . . . 24. goudesteijn. . 1687. hoorn
. . . . . . . . . roer en slootemaecker. . . 20. bantam. . . . . 1687. amsterdam
daen
.
. .
. . . . . .
. . . . . .
.. .
. . . .
.
met der
korne"
NL-HaNA_1.04.02_1547_0546.xml,"720: Persoonen P„r Transport
Naemen Toenaem en waer van daen
3 Persoonen kuijpers.
gillis van Jsbeeck van mierbeeck. . . . . . . . . . . . . . . . . . . .
lourens thomasz. van cochim
18 Persoonen scheps Timmerluijden
arij Sijmonsz. van amsterveen - - - - - - - - - - - - - - - - - . . . . . . ..
adriaen Zegertsz van amsterdam. . . . . . . . . . . . . . . . . . . . . . . ..
Coert Engelbrechtsz. van krakura. . . . . . . . . . . . . . . . . . . . . . . . .
bloet
gerribrand gerritsz. van Sardam. . . . . . . . . . . . . . . . . . . . . . .
hendrick leendertsz. van uijttrecht. . . . . . . . . . . . . . . . . .
Iacob wijbrantsz. van amsterdam. . . . . . . . . . . . . . . . . . . .
Iacob persoon van antwerpen. . . . . . . . . . . . . . . . . . . . .
Iacob pietersz. van oudekerck. . . . . . . . . . . . . . . . . . . . . . . . . .
lucas Iansz. van amsterdam. . . . . . . . . . . . . . . . . . . . . ..
„zeeman
lourens pietersz „ van d=o
4 Blockemaackers bij d' Equipagie. —
homme hendricksz. van 's heerenveen
Coert Iansz. van christiania. . . . . . . . . . . . . . . . . . . . . . . . . . . . .
Cornelis Cornelisz. Ciep van d=o. . . . . . . . . . . . . . . . . . . . . . . .
Cornelis arentsz. van. . . . . d-o - . . . . . . . . . . . . . . . . . . . . . .
dirck Iansz „ van amsterdam. . . . . . . . . . . . . . . . . . . . . . . . ..
govert hansz. van stockholm - - - - - - - - - - - - - - - - - - . . . . . . . .
Eijff arentsz van amsterdam. . . . . . . . . . . . . . . . . . . . . . .
Pieter Sijmonsz. van _=o
andries smith van borgen. . . . . . . . . . . . . . . . . . . . . . .
Ian lefeber van londen. . . . . . . . . . . . . . . . . . . . . . . . . .
theunis Iansz. ackerboom van d=o - - - - - - . - - - . . . . . . . . . .
hend:k stades van amsterdam. . . . . . . . . . . . . . . . . . .
Ian van rijck van cochim. . . . . . . . . . . . . . . . . . . . . . .
Ian Ioosten visser van Erffert - - - - - . . . . . . . .
volckert dircksz. van Essum. . . . . - - - - . . . . . . . . . . . . .
-. . . . . . . . . . . . . . . . . . . . . ..
Isaacq Zegertsz. van Hoorn
.
silvester de macedo van Cochim. . . . . . . . . . . . . . . . . ..
bastiaen d. ' reuver van _=o. . . . . . . . . . . . . . . . . . ..
hendrick alewijn van. . _o. . . . . . . . . . . . . . . . . . . .
751: Persoonen die Transporteere.
4 Persoonen draijers. —
..
0.
.
. . . . . . .
-
. . . . . . . . . . . . . . .
. . . . . . . . . . . . . . . . . . . . . . .
- - - - - - - - . - - - . . . . . . -."
NL-HaNA_1.04.02_1547_0547.xml,"250
. groff smith. . . . . . . . . . . . . . ƒ 20. Eendraght. . . . 1677. rotterdam
d' presente qualiteijt, en winnende, 't schip waer mede in t3 voor wat
maand gelden - - - - - - - - - - - 3 land gecomen, en 'tjaer
_=o. . . . . . . . . . . . . . . . . . 22. 8. post:. . . . . . . . 1684. amsterdam
. . ondercuijper. . . . . . . . . . . . 13. Ilpendam. . . . . . 1692. _=o
. . . _=o. . . . . . . . . . . . . . . . . . . 14. goudesteijn. . . 1687. hoorn
9. in dienst. . . . . . . . 1692. amsterdam
. J=o _=o. . . . . . . . - - - - - . - .
. . . . . . . meester k. t der scheepstimmerl: 45. africa. . . . . . . . . . . 1676. _=o
. . . . . 42. d' helder. . . . . . . . 1680. _o
- . . . . . . . . oppertimmerman
. . . .34. meijdreght. . . 1690. _o
. . . . . . . timmerman
. . . . . . . . . . . onder _=o. . . . . . . . . . . . . . . 26. Schieland. . . . . . . 1689. _=o
. . . . . . . . . . . . . . . . . 24. ridderschap. . . . . . 1690. _o
18. _–=o. . . . . . . . 1686. _o
. . . . . ..16. spierdijck. . . . . . 1687. _o
. . . . . . . 32. in dienst. . . . . . . . 1684. _=o
. . . . . . . . 3. o _=o. . . . . . . . . . . . . . . . 12. Pampus. . . . . . . 1691. amsterdam
. . . . . . . . . . . _=o. . . . . . . . . . . . . . . . . . . 20. Cortgene. . . . . . . . 1691. Zeelant
. . . . . . . . . . _=o. . . . . . . . . . . . . . . . . . 30. Iemlant. . . 1682. _o
. . . . . . . . . . _=o. . . . . . . . . . . . . . . . . . . 34. Pampus. . . . . . . 1688. _o
. . . . . . . . . _=o. . . . . . . . . . . . . . . . . . 30. walenburgh. . . . 1685. _o
. . . . . . . . . . scheeps _=o. . . . . . . . . . . . . 34. meijdrecht. . . 1690. _=o
. . . . . . . . . . . __o. . . . . . . . . . . . . . . . . . 18. burgh van leijden. 1683 Zeelant
. . . . . . . . . timmerman. . . . . . . . . . . 24. salant. . . . 1689. _=o
. . . . . . . . . . _=o. . . . . . . . . . . . . . . . 36. landschouwen. 1678. _=o
. . . . . . . . . . scheeps _=o. . . . . . . . . . . 32. Cina. . . . . . . . . 1682. _=o
. . . . . . . . . . _=o
-. - . . . . . . . . scheepstimmerman
- . . . I=o timmerman
- . . . . . . . . timmerman
. . . . . . . . . blockemaaker. . . . . . . . 14. Iava. . . . . . . . . . . . 1688. _=o
_o. . . . . . . . . . . . . . . . 11. d. faam. . . . . 1684. _=o
. . . . . . . . . . 3=o _=o. . . . . . . . . . . . . . . 10. in dienst. . . . . . . 1691. do
. . . . . _=o. . . . . . . 10. _=o. . . . . . . . 1691. _o
. . . . . . draijer bij d' Equipagie. 18. goudesteijn. . 1687. hoorn
. d=o. - - - - „. fortificatie. 14. in dienst. . . . . . . . 1679. amsterdam
. . . . . . 3. o _=o. . . . . . . „. . . _„o. . . . 9. _=o
. . . 1688. _=o
_o
1693. _=o
Camer
daen
. . .
. . . . .
72
-
. . . . . . . . . _o
. - . . . . _:o - - - - - „ - - - - „. - - - - -"
NL-HaNA_1.04.02_1547_0548.xml,"751: Persoonen P„r Transport
Naemen Toenaem, en geboorte Staats
3: Persoonen Tot Canara, en wingurla als. —
2: Tot Canara. —
hendrick wijnhout van amsterdam. . . . . . . . . . . . . . . . . . .
Isaack lefeber van wingurla - - - - - - - - - - - - - - - - - - - - - - - - -
1Tot wingurla die daer ontrent door d' moona
welcke gen: logie in maij a. o pass„o overrompelt
en in besit hebben genoomen, op seecker cassee
genaemt ponda wort in hechtenis gehouden
Hier onder volgen Eenige 'sComp
dienaeren welcke door haer gebreecke
lijckheijt ontstaende meest uijt er hogen
ouderdom zijn gegazieert en genieten
maendelijcks het onderhout uijtscomp
Cassa als.
4. Persoonen te weeten
Ioannes meijer van Leijp sigh gewesen zargiant inden dienst
der EComp: en gegarieert smaants tot. . . . . . . . . . . rd=s 6:—
ruigert passenroode van ceulen Corp=l. . . . . . . . . . . . . . „ 4:
Louijs vander swalm van genth. . . . . 2 gewesen soldaaten en
poulus cuijtenbrouwer van Emmerick gegazieert sm=ts jder tot ƒ 3:—
anna lisabeth binnemoeder in 't diaconije weeshuijs
hier ter steede en geniet daer voor tot tractam. t
's maants uijt 's comp=s cassa - - - - - - - - - - - - - - - „ 10. —
paula dias vroetvrouw deser steede als vooren. . . . . . . . „ 4.
761: persoonen (waer onder Een binne moeder, en Een vroewront
tegenwoordigh in en ontrent cochim gelijck hier vooren
is aen gewesen bescheijden die transporteere. —
2. Vrouwen.
Iacob trogh van brugge. . . . . . . . . . . . . . . . . . . . . . . . . . . . . . . .
gerrit barentsz. van tellichte. . . . . . . . . . . . . . . . . . . . . . . . . . . . . . . .
1: Baas. —"
NL-HaNA_1.04.02_1547_0549.xml,"251
te slaatsed presente qualiteijt, en winnenbejk t schip waermede in 't½ voor wat
maandgelden - - - - - - s land gecomen, en 'tjaers Camer
„laas der toepasse huijs timmerluijd„ 32. Sparendam. . 1668. amsterdam
. . . 24. d. beurs. . . . . . . . . . . 1684. _=o
..adsistent en resident
. . . . . . . . . . . schrijver en taelman. . . 10. in dienst. . . . . . . . 1692. _=o
adsistent
. . . 20. tw: vandergoes. . . 1673. Zeelant
als. —
d' mooren
rompelt
cker casseel
houden
sComp=s
gebreecke
er hogen
genieten
uitscomp
reu
vrouw
ren
3"
NL-HaNA_1.04.02_1547_0550.xml,"761:– Persoonen P„r Transport
Naemen Toenaem en geboorte Plaats
Ter fortresse Coijlan als in desselfs omleg
gende buijten posten zijnde naervolgende
scomp. s bediende onder hedigen datum bij de
gedane monsteringh, volgens de daer van sijnde
overgecoomen rolle in wesen bevonden als. —
137: Persoonen zoo vande Commersie militie alsander
100:–. binnen gen: fortresse te weeten
6. persoonen pennisten als.
2. Bij d. ' Chirurgije. —
harmanus Loots van amsterdam
Jsaacq van Colgam van cochim
86. Persoonen Militaire als. —
1: vaendrigh.
hendrick vockestaert van amsterdam. . . . . . . . . . . . . . .
Isaack Isaacksz. de valck van batavia. . . . . . . . . . . . . . . . . . . . . . . . . . ad
adriaen boevius van. . . . . . . d=o. . . . . . . . . . . . . . . . . . . . . . . . .
Iacob martensz. van. . . . . . _=o - - - - - - - - . . . . . . . . . . ..
Ian valck van. . . . . . . . . . d=o. . . . . . . . . . . . . . . . . . . . . . . . p. l
gerrit d' vries van amsterdam. . . . . . . . . . . . . . . . . . . . . . . .
matchijs topff van hoesum. . . . . . . . . ..
3. Sargiants.
albert poppen van Embden - - - - - - - - - - - . . . . . . . .
1. Corp. l der adelborsten
10. Corp=s daer onder t Lants passaar
samuel winter van kanten. . . . . . . . . . . . . . . . . . . . . . ..
Theunis Iansz. van den bosch - - - - - - - - - - - - - - - - - - - - - . . ..
anthonij claesz. d' ruijter van delft. . . . . . . . . . . . .. .
arnout puijt van leijden
778. Persoonen die Transporteere.
hendrick goose van nieuwhout. . . . . . . . . . . . . . . . . . . . . . . . .
michiel galwaert van brugge. . . . . . . . . . . . . . . . . . . . . . . . . .
pieter berrij van uijttrecht. . . . . . . . . . . . . . . . . . . . . . . .
. . . . . . . . . . . . . . . . . . . ..
. . . . . . . . . . . . . . . . . . . . .
. . . . . . . . . . . . . . . . . .
. . . . . . . . . . ..
.
. . . . . . . . . . . ."
NL-HaNA_1.04.02_1547_0551.xml,"252
maendgelden. . . . - - - } land gecomen, en 'tjaer
presente qualiteijt, en winnende t schip waer mede in 1/3 voor wat
eders bi povisie er gesaget poerende 40. africa. . . . . . . . . . 1677. amsterdam
. d=o adsist.t houdende z'oldije boeckjes 26. oostenburgh. . . . . 1674. __o
. . adsistent en cassier. . . 20. in dienst. . . . . . . . 1685. _=o
. . . . . . . . d=o d=o ter sechetarije. . . . . . . 24. _o. . . . . . . . . 1676. _o
. . . . . . . . . p. l d=o bij d' negotie. . . . . . . 11. _=o. . . . . . . . . 1686. __o
. . . . . . . . . . p. l schoolmeester. . . . 14. waterlant. . . 1691. d=o
. . . . . . 40. Elisabeth. . . . . . . 1678. amsterdam
. .. opperchirurgijn
. . . .. 14. in dienst. . . . . . . 1687. _o
...derde chirurgijn
.Corp.:l der adelborsten. . 18. Croonenburgh. 1685. amsterdam
. . . . . . . Corporael. . . . . . . . . . . . . 16. malacca. . . . . . . . 1662. _=o
. . . . . . . _=o. . . . . . . . . . . . . . . 16. victoria. . . . . . . . 1667. hoorn
. . . . _=o. . . . . . . . . . . . . . . . 16. n. middelburgh. 1679. amsterdam
. . . . . . . . _-o. . . . . . . . . . . . . . . . 16. dordrecht. . . . . . 1666. delft
. . . . . . . . . sargiant. . . . . . . . . . . 24. dordreght. . . . 1666. delft
. . . . . . . . . . . . . . . 24. den briel. . . . . . . 1678. hoorn
. . . . . . . . _=o. . . . . . . . . . . . . . . . . 24. meijboom. . . . . 1661. rotterdam
. . vaendrigh. . . . . . . . . . . . . . 40. swieten. . . . . 1661. amsterdam
Camer
_=o
.
. . . . . . .
. . .
. . . .
passar"
NL-HaNA_1.04.02_1547_0552.xml,"778. Persoonen P„r Transport
Naemen Toenaem en geboorte Slaats
Pieter augustijn van amsterdam. . . . . . . . . . . . . . . . . . . ..
Ian Iaspersz. van. . . d=o - - . - - - - - - - - . . . . . . . . . . . . .
Iodocus frombout van genth - - - - - - - - - - - - - - - - - - - - - - - - . .
Iacob paret van Coomen. . . . . . . . . . . . . . . . . . . . . . . . .
1: Tamboer
Frans arnoutsz. de wacker van dorth. . . . . . . . . . . . . . . . . . . .
Pieter van rossum Lommeses - - - - - - - - - - - - - - - - . . . . . . ..
roeloff roeloffsz. van stockholm. . . . . . . . . . . . . . . . . . . . .
Iacob martensz. van madagaskar. . . . . . . . . . . . . . . . . . . . . . . . ..
Casper Jochumsz. van Cochim. . . . . . . . . . . . . . . . . . . . . . . . . . ..
pieter barrevelt van Coijlan. . . . . . . . . . . . . . . . . . . . . . . . . . . . .
michiel galwaert d.' I. o van cochim. . . . . . . . . . . . . . . . . . . . . .
volckert steenhoven van amsterdam. . . . . . . . . . . . . . . . . . . .
Coenraet Iansz. van buijcksloot. - - . . - - - - - - . . . . . . . . . . . . .
arent webert van Ceulen
hans hendricksz. haijs uijt den haagh- -... .. . . . . . . . ..
Casper hendricksz. van haerlem. . . . . . . . . . . . . . . . . . . . . ..
eldert niesz. van oldenburgh. . . . . . . . . . . . . . . . . . . . . . . . . . ..
Eduwaert slumps van chilie in staffoort - - - - - - - . . . . . . . . ..
Iustus Sijbrantsz. van d=o. . . . . . . . . . . . . . . . . . . . . . . . .
Sijmon van rossen van amsterdam. . . . . . . . . . . . . . . .
nicolaes hartman van _=o. . . . . . . . . . . . . . . . . . . . .
thielman vander zande van delft. . . . . . . . . . . . . . . . . . .
70. Schildergasten
Iurgen Souburgh van mildorff - - - - - - - - - - - - - - - - - - - - - . . . . ..
dirck huijgen van haerlem. . . . . . . . . . . . . . . . . . . . . . . . . . . . . . .
Ian kempe van amsterdam. . . . . . . . . . . . . . . . . . . . . . . . . . . . . . . ..
Ian andriesz. van _=o. . . . . . . . . . . . . . . . . . . . . . . . . . . . . . . ..
Ian bartelsz. uijt den haagh - - - - - - - - - - - - - - - - . . . . . . . . . . . .
Pieter Iansz. van Coijlan. . . . . . . . . . . . . . . . . . . . . . . . . . . .
Pieter harmensz van Cochim. . . . . . . . . . . . . . . . . .
807. Persoonen die Transporteere.
. . . . . . . . . . . . . . . . . . . . . . . . . . ."
NL-HaNA_1.04.02_1547_0553.xml,"253
. . . . . . . . soldaet. . . . . . . . . . . . . 14. hollandse thuijn. . 1667. amsterdam
. . . .13. in dienst. . . . . . . . . 1666. d=o
. . . _o . . . . . 12. d=o. . . . . . . . 1682. do
. . „. . . . . . . . . . . . 10. _o. . . . . . . . . . 1689. _o
. „. . . . . . . . 9. d=o. . . . . . . . . . 1691. d–o
. . . „. . . . . . . . . 9. _=o. . . . . . . . 1692. do
. . . . . . . . . . . . . . „. . . . . . . . . . . . . . . . . . 14. amesfoort. . . 1669. d_o
. . . . . . . . . . „. . . . . . . . . . . . . . . . 13. d faem. . . . . . 1684. do
. . . . . . . . . . . . . „. . . . . . . . . . . . . . . . . . 10. Spierdijck. . . . . . 1686. d_o
. . . . . „. . . . . . . . . . . . . . 9. _o. . . . . . . 1688. do
. . . . . . . . . . . . „. . . . . . . . . . . . . . . . . 9. ridderschap. . . . . 1687. _=o
. . . . . . . . . . . „. . . . . . . . . . . . . . . . . . 14. Cidoor. . . . . . . . . . 1681. d=o
. . . . . . . . . . . . . „. . . . . . . . . . . . . . . . . . 13. 8. ' faam. . . . . . 1684. d=o
. . „. . . . . . . . . . 14. _o. . . . . . . . 1688. _o
. . . . . . . . . . . . „. . . . . . . . . . . . . . . . . 9. de leck. . . . . . . . 1692. d=o
. . . . . . . . . . . . . „. . . . . . . . . . . . . . . . . 10. in dienst. . . . . . 1692. d=o
. . . . . . . . . . . . „. . . . . . . . . . . . . . . . 9. bantam. . . . . 1689. _=o
. . . . . . . . . . . . „. . . . . . . . . . . . . . . . 12. in dienst. . . . . . . . 1690. __o
. . . . . „. . . . . . . . . . . . . . 9. _=o. . . . . . . . 1693. d_o
. . . „. . . . . . . . . . . . 7. _=o. . . . . . . . 1693. d–o
. . . . . . . . . . . „. . . . . . . . . . . . . . . 9: princelant. . 1689. _=o
. . . . . . . . . . . „. . . . . . . . . . . . . . 9. in dienst. . . . . . 1693. d=o
_o
. . tamboer. . . . . . . . . . . . . 8. borssenburgh. . . . . 1692. rotterdam
slaats d: presente qualiteijt en winnende, 't schip waer mede in 't voor wat
maand gelden. - - - - - . . . } land gecomen, en 't jaer '3 camer
Corporael. . . . . . . . . . . ƒ 16. amesfoort. . . . 1672. amsterdam
_. . . . . . . . . . . . .. 16. mensenburgh. . . 1666. _–o
- - - - - - - . . . . . . 16. '1 landschouwen. . . 1681. Zeelant
. . . . . . . . . . . . . . 14. oostsouburgh. . . . . 1687. d=o
. . . . . . . _=o. . . . . . . . . . . . . . . 16. hollandia. . . . . . . 1659. __o
. . . . . . . lantspassaet. . . . . . . 12. swarteleeuw. . . . 1690. delft
. . . . .
. . . . . . .
. . . . . . . . . . _
._o
_o
. _=o
. . . . . .
-
. . . . . . . ."
NL-HaNA_1.04.02_1547_0554.xml,"807. Persoonen P„r Transport
Naemen Toenaem en geboorte Raat
roeloff Iansz. van amsterdam. . . . . . . . . . . . . . . . . . . . . . . .
daniel Zachariasz. van pernauw. . . . . . . . . . . . . . . . . . . . . . . .
Iurgen stubeen van hamburgh. . . . . . . . . . . . . . . . . . . . . .
michiel rits van Conincxbergen. . . . . . . . . . . . . . . . . . .
Pieter arentsz. van hamburgh. . . . . . . . . . . . . . . . . . . . . . . . . .
Claes Evertsz. van amsterdam. . . . . . . . . . . . . . . . . . . . . . .
hendrick Ieuriaen ridder van gorsla. . . . . . . . . . . . . . . . . . . . .
arnout verboom van mastricht
Cornelis de roo van aenhout
manuel Caspersz. van Cochim. . . . . . . . . . . . . . . . . . . . . . ..
Claes abrahamsz. van haerlem. . . . . . . . . . . . . . . . . . . . . . . . ..
gillis dircksz. van amsterdam. . . . . . . . . . . . . . . . . . . . . . . . . . .
Ian hendricksz. van Coppenhagen
Iurgen vogelman van schebischenhal - - - - - - - . . . . . . . . . . . . . ..
steven verstraten van amsterdam
Cornelis boone van Sas van genth. - - - - - - - - - - - - - - - - . . . .
frans van loo van genth - - - - - - - - - - - - - - - - - - - - - . . . . .
Ian de vos van polder van namen
bartholomeus Isaacksz. van westwout
hendrick vander horst van oldenburgh. . . . . . . . . . . . . . . . . . . ..
Ian anthonisz. van brussel - - - - - - - - - - - - - - - - - - - - - - - - . . . . .
hendrick van diest van amsterdam. . . . . . . . . . . . . . . . . . . . .
thomas munter van den bosch - - - - - - - - - - - - - - - - - - .
838. Persoonen die Transporteere.
Jan Iacobs. van dorth. . . . . . . . . . . . . . . . . . . . . . . . . . . . . . . . . . .
Ian Wibout van Sluijs. . . . . . . . . . . . . . . . . . . . . . . . . . . . . . ..
Iacques amusen van bellingh. . . . . . . . . . . . . . . . . . . . . . . . . . .
Ian Callemeson van brussel - - - - - - - - - - - - - - - - - - - - - - - . . ..
nicolas breval van beern. . . . . . . . . . . . . . . . . . . . . . . . .
Ian anthonisz. van z: Zee. . . . . . . . . . . . . . . . . . . . . . . . . . . . ..
willem Iansz. van heijden. . . . . . . . . . . . . . . . . . . . . . ..
Engel stam van Ceulen. . . . . . . . . . . . . . . ..
. . . . . . . . . . . . . . . . . . . .
. . . . . . . . . . . . . . . . . .
. . . . . . . . . . . . . . . . . . . . .
-. . . . . . . . . . . . . . . .
. . . . . . . . . . . . . . . . . .
. . . . . . . . . . . . . . . ."
NL-HaNA_1.04.02_1547_0555.xml,"254
te staats presente qualiteijt, en winnende 7 't schip waermede in 't voorwat
maandgelden. . . . . . . . . . . s land gecomen, en 'tjaer') Camer
zoldaet
. . . . . . . . . . . . . . . ƒ 9. handboogh. . . . . 1689. amsterdam
. . zoldaet - - - - - - - - . . . ƒ. 14. schouwen. . . . 1683. _o
_=o. . . . . . . . . . . . . . . . 10. goede hoop. . . . . 1690. _=o
. . . _=o. . . . . . . . . . . . . . . . . . 9. brandenburgh. 1691. _=o
. . . „. . . . . . . . . . . . . . . . . 9. d. Leck. . . . . . . . 1692. _o
. . . . . . „. . . . . . . . . . . . . . . . . . . 9. schoondijck. . . . . . 1690. __o
. . . . . . . . . . . „. . . . . . . . . . . . . . . . . 9. d:' seck. . . . . . . . . . 1692. d_o
. . . . . . . . . . . . „. . . . . . . . . . . . . . . . . 9. nederlant. . . 1692. _=o
. . . „. . . . . . . . . . . . . . . . . 10. d. ' leck. . . . . . . . 1692. d_o
. . . . . . . . . „. . . . . . . . . . . . . . . . . 14. oostenburgh. . . . 1670. do
. . . . . . . . . . . . . „. . . . . . . . . . . . . . . . . 10. in dienst. . . . . . 1685. d_o
. . . . . . . . . . . „. . . . . . . . . . . . . . . . . 11. Iava. . . . . . . . 1688. _o
. . . . . . . . . . . . „. . . . . . . . . . . . . . . . . 14. hend.:k mourits. 1677. Zeelant
. . . . . . . . . . . „. . . . . . . . . . . . . . . . . 14. waterland. . . . 1687. _=o
. . . . . . . . . . . „. . . . . . . . . . . . . . . . . 14. d. ' post. . . . . . . 1684. d_o
. . . . . . . . . . . „. . . . . . . . . . . . . . . . . 14. middelburgh. . 1677. _o
. . . . . . . . . . „. . . . . . . . . . . . . . . . 9. oosterlant. . . 1688. _o
. . . . . „. . . . . . . . . . . . . . . 13. d–o. . . . . . . . 1688. d–o
. . . . . . . . . . . „. . . . . . . . . . . . . . 10. saemslagh. . . . 1692. __o
. . . . . . . . . . „. . . . . . . . . . . . . . . 14. Eenhoorn. . . . 1687. d_o
. . . . . . . . . . „. . . . . . . . . . . . . . . . 9. oostsouburgh. . 1692. d=o
. . . . . . . . . . „. . . . . . . . . . . . . . . . 11. oosterland. . . . . . 1686. d_o
. . . . . . . . . . . . . „. . . . . . . . . . . . . . . . 8. oostsonburgh. . 1692. __o
. . . . . . „. . . . . . . . . . . . . . . . . . 14. orangie. . . . . . 1663. __o
. . . . . . . . . . . „. . . . . . . . . . . . . . . . . . 19: tw. v. middelb=r 1667. __o
. . . . . . . . . . . . „. . . . . . . . . . . . . . . . 9. cortgene. . . . . . . 1691. do
. . . . . . . . . . . . „. . . . . . . . . . . . . . . . . 9. honslaerdijck. . 1691. _=o
. . . . . . . . . . . „. . . . . . . . . . . . . . . 19. saamslagh. . . . 1688. _=o
. . . . . . . „. . . . . . . . . . . . . . . . . 9. _=o. . . . . . 1692. d_o
. . . . . . . . . . . „. . . . . . . . . . . . . . . . 10. oostsouburgh. . 1692. _=o
. . . . . . . . . . . „. . . . . . . . . . . . . . . . 14. vrijheijt. . . 1686. _=o
. . . . . .
. . .
. . . . . .
. . . .
. . . . . . .
. . . . . ."
NL-HaNA_1.04.02_1547_0556.xml,"838. Persoonen P„r Transport
Naemen Toenaemen geboorte Paats:
Christiaen westphael van dantsigh - - - - - - - - . . . . . . . . . .
Jochum danielsz. strengm: van stolckenhoense. . . . . . . . . . ..
adriaen adriaensz. valenteijn van schiedam. . . . . . . . . . . . . . . ..
fredrick barentsz. van breemen. . . . . . . . . . . . . . . . . . . . . . . . . . „
hans Samuelsz. Cornu van hamelen. . . . . . . . . . . . . . . . . . .
hans pietersz. Iongh van straasburgh. . . . . . . . . . . . . . . . . . . . ..
Claes Claesz. klinck van delft. . . . . . . . . . . . . . . . . . . . . . . . . . . . . . .
Ioost van bronckhorst van sutphen. . . . . . . . . . . . . . . . . . . . . . . .
Claes claesz. van der burgh van delst. . . . . . . . . . . . . . . . . . . . .
Iacques, caljouw de rosa uijt switserlant - - - - - - - - - - - - - . . . . .
hans Jurgen Smith van maerburgh. - - - - - - - - - - - - . - - . . . . . . . .„
Coenraet Iansz. van mastricht. . . . . . . . . . . . . . . . . . . . . . . . .
willem Lamfers van rees. . . . . . . . . . . . . . . . . . . . . . . . . . . . . . „
Pieter verbeeck van greuningen. . . . . . . . . . . . . . . . . . .
philip corthout van leijden. . . . . . . . . . . . . . . . . . . . . . . . . „
4:- Persoonen bij d'artaljerije. —
Jochum gerritsz. van hamburgh - - - - - - - - - - - - - . . . . . . . . . . . .
michiel Iansz. n: kerck van rotterdam. . . . . . . . . . . . . . . . . bos
augustijn hendricksz. van Iperen. . . . . . . . . . . . . . . . . . ..
Iacob Iacobsz. boudensteijn van rotterdam. . . . . . . . . . . . . . .
2:- Ambachts luijden zijnde bottelier
en Cuijper
frans vander steen van brugge. . . . . . . . . . . . . . . . . . . . . . . . . . . .
Casper rinckels van oldenburgh. . . . . . . . . . . . . . . . . . . . . . . . .
Claas fredricksz. van dorth. . . . . . . . . . . . . . . . . . . . . . . . 60
Ian hendricksz. van gorcum
861. Persoonen die Transporteere.
. . . . . . . . . . . . . . . . . .
_"
NL-HaNA_1.04.02_1547_0557.xml,"255
Plaatsd presente qualiteijt, en winnenden 't schip. waer mede in t7 voor wat
maand gelden. . . . . . . 3 landgecomen en 'tjaer) Camer
zoldaet. . . . . . . . . . 9. saamslagh. . . . . . . . 1692. Zeelant
. . . . _=o. . . . . . . . . . . . . . . 14. Denhoorn. . . . 1687. _o
. . . . . . . . . . „. . . . . . . . . . . . . . . 12. schielant. . . . . . 1685. delft
. . . . . . . . . . „. . . . . . . . . . . . . . 9. Croonenburgh. 1689. rotterdam
. . . . . . . . . . „. . . . . . . . . . . . . . . 14: voorsigtigheijt. . . 1670. hoorn
. . . . . . . . . . . „. . . . . . . . . . . . . . 9. kral. . . . . . . . . 1690. d=o
. . . . . . . . . . „. . . . . . . . . . . . . . 14: gecroonde vreede 1669. Enckhuijsen
. . . . _=o. . . . . . . . . . . . . . 9. saamslagh. . . . . . . 1692. _=o
. . . . . . . . . „. . . . . . . . . . . . . . . 14. cion. . . . . . . 1687. d_o
. . . . . „. . . . . . . . . 11. _=o. . . . . . . . . 1687. do
. . . . . . . . . . . „. . . . . . . . . . . . . . 13. gidion. . . . . . . 1684. __o
. . . . . . . . . . „. . . . . . . . . . . . . . 14. poeleron. . . . 1679. d_o
. . . . . . . . . . . „. . . . . . . . . . . . . . . 11. voorschooten. . 1688. __o
. . . . . . „. . . . . . . . . . . 11. _=o. . . . . . . 1688. _–o
. . . „. . . . . . . . . 12. d=o. . . . . . . . 1688. d=o
. . . . . . . . . „. . . . . . . . . . . . . . . 9. hogergeest. . . 1692. d=o
. . . . . . . . . „. . . . . . . . . . . . . . 14. geregtigheijt. . 1672. _=o
. . . . . . Constapel. . . . . . . . . . . 24. d:' post. . . . . . . . . . . 1684. amsterdam
. . . . . . . bosschieter. . . . . . . 13. schielant. . . 1685. delft
. . . . . . . . _=o. . . . . . . . . . . . . 19. tidoor. . . . . . . . . . 1681. Zeelant
. . . . . . . . _=o. . . . . . . . . . . . 10. borssenburgh. . . 1692. rotterdam
. . . . . . . . botielier. . . . . . . . . . . 18. outshoorn. . . . . 1669. Zeelant
. . . . . . . Cuijper. . . . . . . 16. coeverden. . . . . 1686. _o
3
. . .
-
elier"
NL-HaNA_1.04.02_1547_0558.xml,"Naemen Toenaem en geboorte Plaats
861. Persoonen P„r Transport
francoijs terburgh van nagapatnam - - - - - - - - - - - - - - - - -.
Cornelis claesz van opmeer
37. Persoonen in diverse Residentjes en
waght plaatsen
32:- Aen de noordsijde Tot besettingh
van vier posten als.
2: Ter Residentie Calicoijlan
27 Inde sterre schans als. —
1: sargiant
1: onderchirurgijn
fredrick Lambertsz. bruijnvis van amsterdam. . . . . . . . . . . . ..
4: corporaels waer onder 1. p. l d=o
alexander kuijper van revel - - . . . . . . . . . . . . . . . . . . . . . . . . .
Cornelis willemsz. besemer van rotterdam
Pieter Cornelisz. van ouweteringh. - - - - - - - - - - . . . . . . . . ..
albert gerritsz. van reenen
1: quartiermeester
coop hendricksz. van blockziel - - - - - - - - - - - - - - - - - - - - - - - . . -.
1: tamboer
Ian hendricksz. van Cochim
19: schildergasten
warnaer hendricksz. van haften. . . . . . ..
Ernst wilhelmus brandenburgh van Erffoort
Ian lodewijcx lens van straatsburgh. . . . . .......
Ian meulemeester van genth - - - - - - - - - - - - - - . . . . . .
Ian Coorten van amsterdam. . . . . . . . . . . . . .
Ian van der schimp van breda. . . . . . . . . . . . . . . . ..
hendrick meyndertsz. backer van amsterdam
adriaen peerkens van dorth. . . . . . . . . . . . . . . . . . . . . . . . . . . . ..
. . . . . . . . . . . . . . . . . . . . . . ..
878. Persoonen die Transporteere. —
. . . . . . . . . . . . . . . . . . . ..
. . . . . . . . . . .
. . . . . . . . . . . . . . . . . . . . . . .
. . . .
2
. ."
NL-HaNA_1.04.02_1547_0559.xml,"256
maand gelden. . . . . . . . . 'sland gecomen, en tjaer) Camer
'presente qualiteijt, en winnenden 't schip waer mede in 't voor wat
. . . Sargiant. . . . . . . . . . . . 29. tidoor. . . . . . . . . . . . 1671. Zeelamt
. . . . . . onderchirurgijn. . . . . . . . . 26. ridderschap. . . . . 1687. amsterdam
. . zoldaet. . . . . . . . . . . . 13: d.' post. . . . . . . . . . 1684. amsterdam
. . . _=o. . . . . . . . . . . . . . . . 9. honslaerdijck. . . 1691. Zeelant
. . . . _=o. . . . . . . . . . . . . . . . . 13. waterlant. . 1685. amsterdam
. . . . . . „. . . . . . . . . . . . . . . . . 12. in dienst. . . . . . . . 1685. amsterdam
. . . „. . . . . . . . . . . . . . . . . 10. oosterlant. . . 1691 zeelant
. . . . . . . . . . . . „. . . . . . . . . . . . . . . . . 11. Eenhoorn. . . . 1687. Zeelant
. . . . . . . . „. . . . . . . . . . . . . . . . . 9. Spierdijck. . . . . . 1688. amsterdam
. . tamboer. . . . . . . . . . . . . . . 9. in dienst. . . . . . . 1691. amsterdam
. . . . . . . quartiermeester. . . . . . . 16. africa. . . . . . . . . 1680. amsterdam
. . . . . . . . Corporael. . . . . . . . . . . . . . . 16. tulpenburgh. . . . 1669. _=o
. . . . . . . . . . d=o. . . . . . . . . . . . . . . . 16. 8. paauw. . . . . . . 1663. rotterdam
. . . . . . . . . . . _=o. . . . . . . . . . . . . . . 16. n: middelburgh. 1679. amsterdam
. . . . . . . . . . . p. l _=o. . . . . . . . . . . . . . . . 14. oosterland. . . . . 1686. Zeelant
. . . . . . . . . adsistent en resident. . . . 20. in dienst. . . . . . . 1682. amsterdam
. . . . . . . . . Corporael. . . . . . . . . . . . . . 16. cicilia. . . . . . . . 1666. hoorn
gh
N
p:l _=o
„
. . . . .
.ƒ
. . . . . ."
NL-HaNA_1.04.02_1547_0560.xml,"878. Persoonen P„r Transport
Naemen en Tornaem en geboordte Aaa
Iacob Willemsz. Eloo van leijden. . . . . . . . . . . . . . . . . . .
Cornelis van keyserswaert van d=o. . . . . . . . . . . . . . . . . . . . .
Lieven lievens. van brugge. . . . . . . . . . . . . . . . . . . . . . . . . .
roeloff salmonsz. van haerlem. . . . . . . . . . . . . . . . . . . . . . . .
Ian hendricksz. raven van hamburgh. . . . . . . . . . . . . . . . . . . . .
reijnout Caijida van Colombo. . . . . . . . . . . . . . . . . . . . . . . . . . .
nicolaes auver van brussel - - - - - - - - - - - - - - - - - . . . . . . . . . . . .
Ian Carstensz. d bruijn van amsterdam. . . . . . . . . . . . . . . ..
1 In d. o waght plaats peeza. —
2 Ind ' waght aen Coijlans Strant
hendrick poulus. van amsterdam:. . . . . . . . . . . . . . . . . . .
5 Persoonen aen d' Zuijtzijde tot besetting
van 4. posten als.
2 Ter Residentie Tengapatnam
Ian bartelsz van d' vismar. . . . . . . . . . . . . . . . . . . . . . . . . . . . . . . .
anthonij van der voort van hooghstraaten. . . . . . . . . . . . .
1 Ter Residentie angienga. —
marcelus boevius van cochim. . . . . . . . . . . . . . . . . . . . .
1 Ind. ' waght plaets parroe. —
bartel ballouw van minden. . . . . . . . . . . . . . . . . . . . . . . .
1 In d.' waght plaets paijmel. —
matthijs Cornelisz. van amsterdam. . . . . . . . . . . . . . ..
898. Persoonen die Transporteere.
pieter Jochumsz. van hoorn. . . . . . . . . . . . . . . . . . . . . . . . . . .
Ian fredricksz. van Cochim. . . . . . . . . . . . . . . . . . . . . . . . . . . . . .
Ian Iillisz van oossanen. . . . . . . . . . . . . . . . . . . . . . . . . .
gerrit Coppenhol van schoonhooven. . . . . . . . . . . . . . . . . . . ..
francoijs verkruijsse van brugge. . . . . . . . . . . . . . . . . . . . . . . . . .
Lourens Sloe van. . . . . . d=o - - - - - - - - - - - . - - - . . . . . . . . . .
ƒ"
NL-HaNA_1.04.02_1547_0561.xml,"257
porte stats presente qualiteijt en winnendejk 't schip waer mede in 't voor wat
maand gelden. . . . . . . . 3 land gecomen, en 'tjaer) Camer
zoldaet . ƒ 13: africa. . . . . . . . 1683. amsterdam
- - -- -10. silversteijn. . . 1692. _=o
_o
. . . . . . . . . . d=o. . . . . . . . . . . . . . . . 9. oosterland. . . . . . 1691. Zeelant
. . . . . . . . . . „. . . . . . . . . . . . . . . . 9. ridderschap. . . . . 1690. amsterdam
. . . . . . . . . . . . . „. . . . . . . . . . . . . . . . . 14. mouritius. . . . . . 1682. Zeelant
. . . . . . . . . . „. . . . . . . . . . . . . . . . . . 9. oostsouburgh. . . . 1692. d=o
. . . . . . . . . . . . „. . . . . . . . . . . . . . . . . 9. oosthuijsen. . . . . 1692. Enckhuijsen
. . . . . . . . . . . . . . „. . . . . . . . . . . . . . . . . . 9. in dienst. . . . . . . 1688. amsterdam
. . . . . . . . . . . . „. . . . . . . . . . . . . . . . . 12. pampus. . . . . . 1680. _=o
. . . . . . . . . . . . . „. . . . . . . . . . . . . . . . . 9. in dienst. . . . . . . . 1691. d=o
. . . . . . . . . . . . . „. . . . . . . . . . . . . . . . . 11. goudesteijn. . . . 1687. hoorn
. . . . . . . . . . . . . „. . . . . . . . . . . . . . . . . 9. berckel. . . . . . . . 1692. delft
. . . . . . .
. . . . . . . . . D=le adsistent en resident. . 24. tw. van holland. . . 1661. amsterdam
. . . . . . . . . . zoldaet. . . . . . . . . . . 9. oosterland. . . . . . . 1688. Zeelant
adsistent en resident. 20. in dienst. . . . . . . 1681. amsterdam
. . Corporael. . . . . . . . . . . 16. fluijt buren. . . 1671. amsterdam
. Corporael. . . . . . . . . . . . 14. hogergeest. . . . . 1683. amsterdam
. . . . . . . Corporael - - - . . . . . . . . . . 16. hellevoetsluijs. . . 1680. rotterdam
Corporael. . . . . . . . . . . 16. asia. . . . . . . . . . 1672. amsterdam
. . . . . . . zoldaet. . . . . . . . . . 9. saamslagh. . . . . . 1692. Zeelant
. .
trant
. . . . . . .
besetting
nam
. . .
. . .
. . ."
NL-HaNA_1.04.02_1547_0562.xml,"Namen Toenaem en geboorte Plaats
898. Persoonen P„r Transport
91: Persoonen soo vande Commersie militie als
andersints te weten
4 persoonen pennisten
Pieter mooringh van amsterdam. . . . . . . . . . . . . . . . . . . ..
Cornelis verhoeven van outbeijerlant. . . . . . . . . . . . . . . .
Ian gerritsz. Cranenburgh van Cochim. . . . . . . . . . . . . . . ..
adam vanderduijn van 'sgravenhage - - - - . . . . . . . . . . . . . . . ..
1: Chirurgijn
76. militaire als.
1: vaendrigh.
engel bouman van Immerick- - . - - - - --- - - - - - - - - - - - - -
2. sargiants.
davit nieuwschellingh van Conincxbergen. . . . . . . . . . . . . . ..
Ian pietersz. van holsteijn. . . . . . . . . . . . . . . . . . . . . .
8: Corporaels.
andries Iansz. sterck van Enckhuijsen - - . . . - - . . . . . . . . ..
Imme Iansz. van nes. - - - - - - - - - - - - - - - - - - - - - - - . . . . . . . . . .
oloff berghson van oostergodlam. . . . . . . . . . . . . . . . .
Ian assingh van doesburgh. . . . . . . . . . . . . . . . . . . . . . . ..
Ian Pietersz. van franckfoort - - . . . . . - - - - - . . . . . . . .
davit Cornelisz. d' lange van amsterdam. . . . . . . . . . . . . . .
harmen Iaspersz. van wesel. . . . . . . . . . . . . . . . . . . . . ..
Claas Pietersz. d. ' goijer van uijttrecht. . . . . . . . . . . . . . . . . .
1. tamboer
915. Persoonen die Transporteere. —
hendrick Caspersz. van uijttrecht. . . . . . . . . . . . . . . ..
Sijmon marcoert van amsterdam. . . . . . . . . . . . . . . . . .
Ter vestingh Cananoor bennen oockonder
hedigen datum naer gedane monsteringh
volgens d' daer van overgekome rolle, de
naergen: ministers aldaer post houdende
bevonden als."
NL-HaNA_1.04.02_1547_0563.xml,"258
presente qualiteijt en winnende) 't schip waer meede in t voor wat
maand gelden. . . . . } land gecomen, en 't jaers Camer
coopman, en opperhooft ƒ 60. d. ' purmer. . . 1685. amsterdam
boeckhouder en packhuijsmeest:r 30. de beemster. . 1677. _=o
. . adsistent. . . . . . . . . . . 20. leeuwenbergh. . 1687. Zeelant
. . . . . . . . . . . . . . 16. in dienst. . . . . . . . 1684. amsterdam.
_=o
opperchirurgijn. . . . . . . . . . 36. spierdijck. . . . . . . 1688. _=o
. . . . . Corporael - - - - - . . . . . . . . . . 16. westvrieslant. 1662. Enckhuijsen
. . . . . . _=o. . . . . . . . . . . . . . 16. amesfoort. . 1662. amsterdam
. . . . . . . . _=o. . . . . . . . . . . . . . 16. burghv: leijden. 1669. _=o
. . . . . . „. . . . . . . . . . . . . . . . 16. Iuff.r anna. . . . . . 1684. _=o
. . . . . . . . . . „. . . . . . . . . . . . . . . . . 14. romeijn. . . . 1684. _=o
. . . . . . . . . . . „. . . . . . . . . . . . . . . . 14. burghv: leijden. . 1679. _=o
. . . . . . . . . . „. . . . . . . . . . . . . . . . . 16. Eendraght. . . . 1669. rotterdam
. . . . . . . „. . . . . . . . . . . . . . . . . 16. sparewouw. . . 1677. amsterdam
. . tamboer. . . . . . . . . . . . . . 11. Croonenburgh. . 1689. _=o
. sargiant. . . . . . . . . . 20. tw. v: alckmaer. 1686. _=o
. . . . . . . . . . . . . . . 20. Ionge prins. . . . 1672. Hoorn
vaendrigh. . . . . . . . . . . . . 40. Purmer. . . 1683. _=o
onder
gh
de
..
. . . .
. . . . . . . . .
. . . .
. . . .
. . .
_=o"
NL-HaNA_1.04.02_1547_0564.xml,"915. Persoonen P„r Transport
Namen Toenaem en waer van daan.
fredrick Christiaensz. van Stadenburgh. . . ... . . . . ...
Ioost vander swalm van Cochim. . . . . . . . . . . . . . . . . . .
thomas kippel van kintelberij - - - - - - - - - - - - - - - - - - - - -
Ian philipsz. perkie van amsterdam. . . . . . . . . . . . . . . . .
gerrit Iansz. van haerlem. . . . . . . . . . . . . . . . . . . . . . . . .
anthonij ducheene van nivelle. . . . . . . . . . . . . . . . . . . . . . . . .
Iasper theunisz. van steenbergen. . . . . . . . . . . . . . . . . . . .
Pieter Iacobz. van rotterdam. . . . . . . . . . . . . . . . . . . . . . . .
hendrick roeloffs. vander gouw:r - - - - - - - - - - - - - - - - - - - - - - - - - -
poelij Corpus wouterman van mastricht - - - . . . . . . . . . . .. . .
Iasper forceel van rotterdam. . . . . . . . . . . . . . . .
Cornelis martensz. van middelburgh. . . . . . . . . . . . . . . . . . . . . . . .
arent albertsz. loockman van Cochim. . . . . . . . . . . . . . . . . . . . . ..
adriaen van loon van 's hertogenbosch - - - - - - - - - - - - - - - - - - - - - - - --
gerrit fransz. mortel van leijden. . . . . . . . . . . . . . . . . . . . . ..
dirck Cornelisz. van reijen van Loenen. . . . . . . . . . . . . . . . ..
harmen pietersz. van Leeuwaerden. . . . . . . . . . . . . . . .
albertus kapman van rotterdam. . . . . . . . . . . . . . . . . . .
Ian dendas van hamburgh. . . . . . . . . . . . . . . . . . . . . . .
Iacob Pietersz. d. ' bruijn van benthuijsen - - - - - - - - - - - .
Iacob scholts van koubergen. . . . . . . . . . . . . . . . . . . . . .
leendert Ian andriesz. van nieuw land. . . . . . . . . . . . . . . . . .
philip moleth van aernhem. . . . . . . . . . . . . . . . . .
volckert glaauw van amsterdam
953. Persoonen die Transporteere. —
dirck Iacobsz. van Elsgeest - - - - - - - - - - - - - - - - . . . . . . . . . ..
Ioseph valoth van barssaloor - - . . . . - - - - - - - - - - - - - - - . . . . . . . .
Egbert barentsz. van amsterdam. . . . . . . . . . . . . . . . . . . . . . . . . . . . . . .
hans Iacob 3. Zuijgh van tresel. . . . . . . . . . . . . . . . . . . . . . . . . . ..
Pieter sandersz. van amsterdam. . . . . . . . . . . . . . . . . . . . . . . .
Ian de snijder van diesthoven - - - - - - - - - - - - - - - - - - . . . . . .
marten van wommel van brugge. . . . . . . . . . . . . . . . . . . . . . . . . .
Pieter accet van meene - - - - - - - - - - - - - - . . . . . . . . . . . . . . . . . . .
Thielman bartholomeus van amsterdam. . . . . . . . . . . . . . . . . . . .
Claas Iansz. van Embden. . . . . . . . . . . . . . . . . . . . . . . . . . .
vincent heck van dusseldorp - - - - - - - - - - - - - - - - - - - - - - - --
willem wesselingh van benthum. . . . . . . . . . . . . . . . . . . . ..
gillis ameij van beveren. . . . . . . . . . . . . . . . . . . . . .
Ian wacker van amsterdam. . . . . . . . . . . . . . . . . . . . . ..
64: schildergasten
. . . . . . . . .
.
..
.
..
„
. . . . . . . . . . . . . ."
NL-HaNA_1.04.02_1547_0565.xml,"259
n
'presente qualiteijt en winnende, 't schip waer meede in't voor wat
daan.
maand gelden. . . . . . . . . . . 3 lant gecomen en 'tja:rn Camer
zoldaat. . . . . . . . . . . . . . . . ƒ 14. Iava. . . . . . . - 1680. Enckhuijsen
_=o. . . . . . . . . . . . . . . . . 14. in dienst. . . . . . . . 1680. amsterdam
_o. . . . . . . . . . . . . . . 14. _=o. . . . . . . 1686. _o
_=o. . . . . . . . . . . . . . . . 11. Iava. . . . . . . . . . 1688. _=o
. . . . . „. . . . . . . . . . . . . . . . . . 14. provintie. . . . . 1660. Zeelant
-
-.
14. d. o peerl. . . . . . 1661. _=o
9. in dienst. . . . . . . 1691. d=o
15. d. o beemster. . . . . . . . 1672. _=o
9. ridderschap. . . . . . 1690. _=o
11. princeland. . . . 1682. _=o
. . . . . . . . . . „. . . . . . . . . . . . . . . . . . . 11. schielant. . . . 1688. _=o
. . . . „. . . . . . . . . . . . . . . . . . 11. oosterland. . . . . . . 1688. _o
. . . . . . . . . . . . „. . . . . . . . . . . . . . . . 13. d. o maas. . . . . . . 1685. rotterdam
. . . . . . . . . . . . „. . . . . . . . . . . . . . . . . . . 13. burgh van Leijden. 1683. Zeelant
. . . . . . . . . „. . . . . . . . . . . . . . . . . . . 13. burgh van leijden. 1683. Zeelant
. . . . . . . . . . . . „. . . . . . . . . . . . . . . . . . . . . 11. in dienst. . . . . . . . 1684. amsterdam
. . . . . . . . . . . . „. . . . . . . . . . . . . . . . . . . . 19. tertholen. . . . . . 1682. Zeelant
. . . . . . . . . . . „. . . . . . . . . . . . . . . . . . . . . . . 9. nederland. . . . . . 1689. amsterdam
. . . . . . . „. . . . . . . . . . . . . . . . . . . . 14. Croonenburgh. . 1676. _=o
. . . „. . . . . . . . . . . . . . . . . . . . . 13. Iava. . . . . . . . . 1682. _=o
. . . . . . . . . . . . „. . . . . . . . . . . . . . . . . . . . 11: voorschooten. . 1688. delft
. . . . . . . . . . . . . „. . . . . . . . . . . . . . . . . . . 11. princes maria. . 1683 d=o
. . . . . . . . . . . . . . „. . . . . . . . . . . . . . . . . . . 10. oosthuijsen. . . . 1688. _=o
. . . . . . . . . „. . . . . . . . . . . . . . . . . . . . . 13. breederoode. . . . 1666. _=o
. . . . . . . . . . . . . „. . . . . . . . . . . . . . . . . . . . . . 10. 'tlandschouwen. 1685. _=o
. . . . . . . . . . . „. . . . . . . . . . . . . . . . . . . . . . . 9. slands welvaren. 1691. _=o
. . . . . . . . . . . . . „. . . . . . . . . . . . . . . . . . . . . 9. waterlant. . 1691. d=o
. . . . . . . . . . . „. . . . . . . . . . . . . . . . . . . . . 14. africa. . . . . . . . . . 1680. __o
. . . . . . . . . . . . „. . . . . . . . . . . . . . . . . . . . . 11. Ienhoorn. . . . 1687. _=o
. . . . . . . . . . . . „. . . . . . . . . . . . . . . . . . . . 14. hollantsz. thuijn. 1675. _=o
. . . . . . . . . . . . „. . . . . . . . . . . . . . . . . . . . 14. de beurs. . . . . . 1661. do
. . . . „. . . . . . . . . . . . . . . . . . . . . 14. ternaten. . . . 1669. _=o
. . . . . . . . . . . . „. . . . . . . . . . . . . . . . . . . . . 14. burgh van leijden. 1679. _=o
. . . . . „. . . . . . . . . . . . . . . . . . . . . . 10. in dienst. . . . . . . 1688. _=o
. . . . . . „. . . . . . . . . . . . . . . . . . . . . 13. ridderschap. . . . . 1683. _=o
. . „. . . . . . . . . . . . . . . . . . . 12. _–o. . . . . . . 1683. _o
. . . . . . . „. . . . . . . . . . . . . . . . . . . . . 14. burgh van Leijden 1679. _=o
.adelborst. . . . . . . . . . . . . . . 14. waveren. . . 1682. _=o
212
. .
.. .
. .
. .
. . . .
. . . . .
.
. . . . . . . . . . . . „. . . . . . . . . . . . . . . . . . .
. . . . . . . . . . . . . „. . . . . . . . . . . . . . . . . . . . .
. . . . . . . . . . „. . . . . . . . . . . . . . . . . . . . .
. . . . . . . . . . . „. . . . . . . . . . . . . . . . . . . . .
. . . . . . . . . . „. . . . . . . . . . . . . . . . . . . ..
.. .
. . . ."
NL-HaNA_1.04.02_1547_0566.xml,"953. Persoonen P„r Transport
Namen Toenaem en geboorte Plaats—
2. persoonen aen verscheijde diensten
1. timmerman
2: metselaers. —
989. Persoonen. welcke voor Europiaenders worden gereeckent
op d' Custe malabaer bescheijden, die transporteere.
reijnout Iacobsz. van stockholm. . . . . . . . . . . . . . . . . . . . . . . . .
hendrick vanderburgh van mourick. - . - - - - - - - - - - - - - - - - - - . . . . . . ..
manuel saran van Cananoor. . . . . . . . . . . . . . . . . . . . . . . . . . . . . .
manuel perera van Cochim. . . . . . . . . . . . . . . . . . . . . . .
pasquael lichera van cananoor. . . . . . . . . . . . . . . . . . .
Simon lopis van cochim. . . . . . . . . . . . . . . . . . . . . . . . . . .
bartholomeus rodrigos van d=o. . . . . . . . . . . . . . . . . . . . . . . . . .
5. persoonen bij de artiljerij. —
augustinjo de mirando. . . . . . . . . . . . . . . . . . . . . . . . . . . .
andries benso van stockholm. . . . . . . . . - - - . - - . . . . .
barent Iansz. van bordeaucx. . . . . . . . . . . . . . . . . . . . . . . . . . . . . .
Pieter Carelsz. van rotterdam. . . . . . . . . . . . . . . . . . . . . . .
ritchart kesewaelts van seredijck. . . . - - - - - - - - - - - - - - - - - - - - - - - . .
anthonij pots van bergen. . . . . . . . . . . . . . . . . . . . . . . . . . . . . . . . . . . „
Ioannes scherelcamp van leijden. . . . . . . . . . . . . . . . . . . . . . . . . . . . . „
Iooris philipsz copijn van Cassa - - . . . . . . . . . . . . . . . . . . . . . . . . . . . . .
Ioost van brijsselle van genth - - - - - - - - - - - - - - - - - - - - - - - - - - - - - - - . „
Iacob grun van 's hertogenbosch - - - - - - - - - - - - - - - - - - - - - - - - - - - - - - - .
hans pietersz. van stockholm. . . . . . . . . . . . . . . . . . . . . . . . . . . . .
Ian Claesz van amesfoort. . . . . . . . . . . . . . . . . . . . . . . . . . . . . . . zo
Iacob Pietersz. van tonningen. . . . . . . . . . . . . . . . . . . . . . . . . . . . . . . . . . . .
frans dircksz. van breemen. . . . . . . . . . . . . . . . . . . . . . . . . . . . . . . .
dirck Iacobsz. verhulst van dorth. . . . . . . . . . . . . . . . . . . . . . . . . .
Ioseph de souza van Cochim. . . . . . . . . . . . . . . . . . . . . . . . .
domingo gonsal van. . d=o. . . . . . . . . . . . . . . . . . . . . . . . . . . .
lasaro martins van. . _=o. . . . . . . . . . . . . . . . . . . . . . . . . . .
pedro fernando. . . . . . . . . . . . . . . . . . . . . . . . . . . . . . . . . . . . . . ..
pasquael pieris van Cochim. . . . . . . . . . . . . . . . . . . . . . . .. ..
Iacobus de reuver van uijttrecht. . . . . . . . . . . . . . . . . . . . . . . .
Coenraet dircksz. van d=o. . . . . . . . . . . . . . . . . . . . . . . . . . . . ..
Pieter pietersz. van calmer. . . . . . . . . . . . . . . . . . . . . . . . . . . ..
gillis pietersz. van z: zee. . . . . . . . . . . . . . . . . . . . . . . . . . . . . . . . ..
Ian buurmeester van basel. . . . . . . . . . . . . . . . . . . . . . . . . . . . . . . .
Ioseph de noronje - - - - - - - - - - - - - - - - - - - - - - - - - - - - - - - . ..
Ian weijbrechtsz. van tonsbergen. . . . . . . . . . . . . . . . . . . . . . . . . . .
Jochum nich van hamburgh - - - - - - - - - - - - - - - - - - - - - - - - - - . . . . . .
willem Iansz. van anckeveen. . . . . . . . . . . . . . . . . . . . . . . . . . . . .
. . .
.
. ..
..
. ."
NL-HaNA_1.04.02_1547_0567.xml,"260
dpresente qualiteijt en winnende 't schip waar meede in 't voor wat
maand gelden - - - - - - - - . 3 land gecomen en 'tjaers camer
zoldaat - - - . . . . . . . . . . . . ƒ 10. in dienst. . . . . . 1694. amsterdam
. 10. _=o. . . . . . 1694. _=o
.1686. _o
9. zaamslagh. . . . 1692. _o
. . . _=o. . . . . . . . . . . . . . . . . . 12. obree. . . . . . . . 1687. Enckhuijsen
7. _=o. . . . . . . . . 1692. _=o
. . . . . . . . . . „. . . . . . . . . . . . . . . . . . . 14. schelde. . . . . . . . 1684. Zeelant
. . . . . . . . . _=o. . . . . . . . . . . . . . . . 12. Cappelle. . . . . . 1687. rotterdam
. . . . . . . . . . „ marine. . . . . . . . . . . . . 10. in dienst. . . . . . . . 1689. amsterdam
. . zoldaat. . . . . . . . . . . . . . . 8. _=o. . . . . . . 1692. _=o
_=o. . . . . . . . . . . . . 10. _=o. . . . . . . 1694: d=o
. . „. . . . . . . . 10. _=o. . . . . . . 1694. _o
. . . . „. . . . . . . . . . . . . . . . . . . 12. hend=k mourits. . 1682. _o
. . . . . . . . . . adelborst. . . . . . . . . . . . . . . 12. oosterland. . . . . 1688. _=o
. . . . . . . . . _=o. . . . . . . . . . . . . . . . . 12. houslaerdijck. . . 1688. hoorn
. . . . . . . . . . zoldaat. . . . . . . . . . . . . . . . 13. Iava. . . . . . . . . 1685. _=o
. . . . . . . . . . . . _=o. . . . . . . . . . . . . . . . . 14. africa. . . . . . . . 1675. d_o
. . . . . . . _=o. . . . . . . . . . . . . . . . . . 14. gecroonde vreede. 1678. _=o
. . . _=o . . . . . . . 8. _=o. . . . . . . . 1692. d=o
_=o. . . . . . . . . . . . . . 10. _=o. . . . . . . . . 1694. _=o
„. . . . . . . . . . . . . . 7. d–o. . . . . . . . 1692. do
. . . . . . . . . . . . . 8. _=o. . . . . . . . 1692. do
. „ . . . . . . . . . . . 7. _=o. . . . . . . 1692. do
. . _=o. . . . . . . . 8. _–o. . . . . . . 1692. do
. . . . _=o. . . . . . . . . . . . . . . . . . 8. _–o. . . . . . . . 1692. d=o
. . . . . . . . . . „. . . . . . . . . . . . . . . . . . . 11. vrijheijt
. . . . . _=o. . . . . . - - - - - - . . - -
gegarieert tot 3: rex=s 'smaants. . —
. . . . . „. . . . . . . . . . . . . . . . . . .
. . Constapel. . . . . . . . . . . . . 22. mouritius. . . . . 1683. rotterdam
. . . mattroos. . . . . . . . . . . . . . . 14. spierdijck. . . . . 1688. amsterdam
. . . . . . . . . __o. . . . . . . . . . . . . . . 14. castricum. . . . 1689. _o
2
. . . . _-o. . . . . . . . . . . . . . . . . . 14. tw: van alckm=r 1689. _=o
. . . . . . . . . _=o. . . . . . . . . . . . . . . . . 14. Coeverden. . . . 1686. Zeeland. —
ondercuijper. . . . . . . . 18. schielamt. 1685. delft
-. smith. . . . . . . . . . . . . . . 16. ridderschap. . . 1687. amsterdam
timmerman
metselaer. . . . . . . . . 8. _=o. . . . . . 1691. _o
_o. . . . . . . 9. _–=o. . . . . . . . 1688. _–o
. . . . . . . 10. in dienst. . . . 1689. _=o
. . . . . . . . . „. . . . . . . . . . . . . . . . . .
. . . . .
. . . . . .
.
.
..
. .
..
kent
e"
NL-HaNA_1.04.02_1547_0568.xml,"Behalven alle des E Comp. hier —
francisco dCroes - - - - - - - - - - - . . . . . . . . . . Capiteijns
manuel pinto - - - - - - - - - - - - - - - - - - - ontfangende /
989:9: Persoonen P. r Transport
740. Persoonen Inlantsz. Comp. s dienaren (daer van 272. Tot
Colombo Thuijshooren) op dese malabaarse Cust die meest
alle Except 28. ambagtsluijden welcke haar reecq.  bij de
zoldijeboecken deser steede cours hebben) door den Cassier —
uijt 'sComp. s Cassa worden affbetaelt als:—
607. Tot Cochim en in desselfs onderhoorige buijten
Posten als volght.
393. Inde stadt Cochim daer onder d' vooren
aengehaelde 272. Colombose volckeren zijn
qualiteijt en wat jder
begreepen
sm. rs uijt sComp.:s cassa
5: Toepasse militaijre officiers
te weten
3: Capiteijns
Erlanght
genieten ider smr„ 8
25: aen verscheijde diensten
bartholomeu vaes - - - - - - - - - - - - - - - - - - - - - - - hooft tolck - - „ 14 —
manuel rodrigo - - - - - - - - - - - - - - - - - - - - - - - - - onder _o —. 3 —
. . . . . . . . . . . . . . . . . . . . . . . gewesen _. 2 —
.
suria bramine--
Chrisna admirael zijnde d' zoon vanden overleden out taelm. Chrisna ontfanght - - - - - 2 —
}schrijvers erlangen3
1004. Persoonen die Transporteere
francisco rodrigo - - - - - - - - - - - - - - - - - - - - - portugeese
Lourenco perera - - - - - - - - - - - - - - - - - - - - - . . . jder sm=t - - „
arre saraff - - - - - - - - - - - - - - - - - - - - - - - - - scomp. s wissel=s. 2½
Jan anthonissen - - - - - - - - - - - - - - - - - - - - - - - - - opsiender in s Comp„ 2½
anta zijnde - - - - - - - - - - - - - - - - - - - - - - - - thuijnier in d. o thuijn 2. —
francisco Silvero - - - - - - - - - - - - - - - - - - - - . vaendragers —
pasquael de Croes- - - - - - - - - - - - - - - - - - -
thuijn
appoe pandit - - - - - - - - - - - - - - - - - - - - - - - - - - - - - Jnlantse doctoor. 2. –
2. vendragers—
domingo d' rosa - - - - - - - - - - - - - - - - - - - - - - jder sm. tr rx. 12. —
vooren aengehaelde europiaensz. bedien„
dens zijn nogh voor present onder het
malabaarse Commandement
bescheijden d' naerbeschreven Jnlantsz.
maendelijcxe Loontreckers welcke op d'
ondergenoemde plaatsen zijn verdeelt
in in diverse gelegentheden haer diensten
Comen te doen behalende uijt een
getal van
-"
NL-HaNA_1.04.02_1547_0569.xml,"1004. Persoonen P„r Transport
als vooren
qualiteijt en wat jder
p. r m. t uijt 'scomp=s
abraham mardaghij Joot - - - - - - - - - - - - - - - - - - - - - - opsiend. r der cromh„t 4. —
3. vaste Dienaers in d' negotiepackhuijsz. en ontfangen jder - -. - smaants. . „ 2½
2. . . „. . . . d=os ten huijse vanden oppergesaghebber - - - „ - - - - - - „. - - - - 2½
2: - - . „ - - - - . „. . in 's Comp. s dispens - - - - - - - - „ - - - - - - „ - - - - - 1 3/8
2. . . . „. . -. . . . „. - - bij de Eliphanten. . . . . . . . . „. . . . . . . „. . . . 2½
vaeijpin 72½
1. anthonio queljo - - - - - - - - - - - - - - - - - - - - . toepasse stads 2 3¼
bode
1. Louijs gonsalvos. - - - - - - - - - - - - - - - - - - - - . mocquadon. 2¼
1. persoon zijnde - - . . . . . . . . . . . . . . . . . . geweldiger op 2
261
Cassa Erlangen
een wasser - - - - - - - - - - - - - - - - - - - - - - - - - - - - - geniet. rd. 1½.
Jooris rodrigo. . . . . . . . . . . . . . - - - - . - - . . . voorslager - . „ 3. —
45: persoonen Lascorijn
33. Tot alle voorvallende slants diensten - - - - - - - . . . . genieten jder
4. bij den E. administrateur - - - - - - - - - - - - - - - - Csmaants - - - „ 2¼
1. bij den ontfanger- - - - . . - - - - - - - - - - - - - - - - . . . . /
3. welcke in 't bestormen van 'svijants sterckte visiapoeran
zijn gesneuvelt, aen welckers nagelaten vrouwen en vrunden
maandelijcx voor jder 1. rx. r off voor er drien wort. . . - . . voldoen. . . 3 —
18. Moorse mattroosen, die als de
vaert open is op de Jachtjes, en andre
vaartuijgen zijn bescheijden doch nu
vermits den storm tijt tot alle —
diensten worden gebruijckt als -
4. bij d' Justitie. - - - - - - - - - - - - - - - - . . - . . - - ontfangen elck. 2½
1. kleijne Jetbena - - - - - - - - - - - - - - - - - - - - - - - „
1. kleijne kaddij - - - - - - - - - - - - - - - - - - - - - - - - - - -
1. Cianda. . . . . . . . . . . . . . . . . . . . . . . . . . .
1. hammadij - - - - - - - - - - - - - - - - - - - - - - - - - -
1. mowarij - - - - - - - - - - - - - - - - - - - - - - - - - - - -
1. francisco. . . . . . . . . . . . . . . . . . . . . . . .
1. kaltjaen - - - - - - - - - - - - - - - - - - - - - - - - - - - - -
1. noerij - - - - - - - - - - - - - - - - - - - - - - - - - - - - - -
1. Cibbetje - - - - - - - - - - - - - - - - - - - - - - - - - - - -
1. Jebena - - - - - - - - - - - - - - - - - - - - - - - - - - - - - - - - - -
1. Jalack. - - - - - - - - - - - - - - - - - - - - - - - - - - . - . .
1. kambaer - - - - - - - - - - - - - - - - - - - - - - - - - - -
1. Jalal modijn - - - - - - - - - - - - - - - - - - - - - . . . Idem en erlangen/
1. fockire. . . . . . . . . . . . . . . . . . . . . . . . . . -
1. tijta - - - - - - - - - - - - - - - - . . - . . . . . . .
1082 Persoonen die Transporteere
jder sm:rs. 2 1/3
ontfangen elck 2 1/3
1. Jsmael - - - - - - - - - - - - - - - - - - - - - - - - - . . . /genieten jder. . . „ 3/3
1. kaddij - - - - - - - - - - - - - - - - - - - - - - - - - - - - - moorse matt=s
-
bedien„
et
sz.
ke op d'
de
en
eelt
eest
—
ten
ren
zijn
wat jder
Comp. s cassa
ht
ins
ende
nx. 12. —
gers s
den su. 8
„14-
—. 3—
. 2 —
. . . . . 2 —
ese
erlangen
„
wissel
insComp 2½
do thuijn 2. —
doctoor. 2. –
2„
1. Jose - - - - - - - - - - - - - - - - - - . . . . . . . . . . . . . ."
NL-HaNA_1.04.02_1547_0570.xml,"qualiteijt en winnende e jaer en voor w
manuel de macedo - - - - - - - - - - - - - - - - - - - - - - - - „. . . . 10. 88. -. „
1082 Persoonen Pr Transport
anthonio de soura - - - - - - - - - - - - - - - - - - - - - - - - „ 10. 88. -. -. „
francisco queljo - - - - - - - - - - - - - - - - - - - - - - - - „. . . . 9. 89. -. „
francisco de silva. . . . . . . . . . . . . . . . . . . . . . . . „. . . 9. 89. - . „
francisco perera - - - - - - - . . . - . . . . . . . . . . . „ . . . . . 9. 89. .. „
Joan queljo - - - - - - - - - - - - - - - - - - - - - - - - - „ - - . . 8. 91. -. „
Jgnatio de Coenja. . . . - - - - - - - - - - - . . . . . . . . . . . . . 9. 89. -. „
manuel henricque - . - - . . - - - . . . . . . . . . . . . . . . . . . 8. 92. . . „
paulo queljo - - - - - - - - - - - - - - - - - - - - - - - - - - - - - . 8. 88. -. -„
paulo pieris - - - - - - - - - - - - - - - - - - - - - - - - - - - - - - - - - . . 9. 89. - -„
pedro queljo. - - - - - - - - - - - - - - - - - - - - - - - - - - - - - . 10. 88. -. „
pedro Correa - - - - - - - - - - - - - - - - - - - - - - - - - - - - 8. 91. -. „
anthonio de Freto. . . . . . . . . . . . . . . - - - - - . . . . . - . „ 10. 89. . . „
domingo gomes - - - - - - - - - - - - - - - - - - - - - - - - - 10. 89. -. .
Joan d' rosairo - - - - - - - - - - - - - - - - - - - - - - - - - - - 10. 89. -. - „
pasquael fernando - - - - - - - - - - - - - - - - - - - - - - - - - - - - - - - - 11. 89. -. „
5: bij d' scheepstimmeragie
2: blockemak. bij de scheeps
Timmerwerff
francisco pieris. . - - - - - - - - - - - - - - - - - - - - _ —. 10. 89. . . „
domingo d'rosaijro - - - - - - - - - - - - - - - - - - - - - - timmerm: 11. 89. -. „
francisco boteljo - - - - - - - - - - - - - - - - - - - - - - - - - - - „. . - . 10. 89. . . „
Louijs Carvaljo. . - - - - - - - - - - - - - - - - - - - - - - - - „. . . . 10. 89. -. „
2: metselaers bij de
fortificatie
Joan d'abreeuw - - - - - - - - - - - - - - - - - - - - - - - - - - - . metsel=r. 9. 90. - . „
Lasaro Carvaljo. . . . . . . . . . . . . . . . . . . . . . . . . . _=o. 9. 90. . -„
Joan d' Coenja - - - - - - - - - - - - - - - - - - - - - - blockem:r 8. 90. . . „
manuel peris - - - - - - - - - - - - - - - - - - - - - - - _o—. 10. 89. . -„
1110 Persoonen die Transporteere
balthasar d' faria - - - - - - - - - - - - - - - - - - - - - - - beelthouw. 9. 88. . d=o
george dias - - - - - - - - - - - - - - - - - - - . . . . . - . baasknecht ƒ 12. 1688. amsterd. m
bastiaen d' souza. . - - - . - . . - - - - - - - - - - - - - - timmerm 8. 89. . d=o
bernardo de morais. . . . - . - - - - - - - - - - - - - - - - - d=o. 10. 89. -. „
28: Toepasse ambaghisl. die
haer reecq. s bij de zoldijeb
Cours hebben als —
24. Timmerluijden —.
19. bij de fortificatie
maantgelden. / camer aengenam"
NL-HaNA_1.04.02_1547_0571.xml,"262
1110 Persoonen P:r Transport
zoeden
Zoldt. genieten
272. Inlantse militaijren welcke tot
Colombo thuijs hooren als. —
109. persoonen balies daer van 7. Jmpot.
1: Jn hechtenis, en d' rest op de punt,
uijttreght post houden bestaende uijt
qualit . en wat jder
smaants wint
1: Capiteijn —
1: vaendrigh
3. sargiants
tambiesie van balij - - - - - - - - - - - - - - - - - - - - - - - - - - - zargiam. 7
8. Corporaels
waijhan ijeenbarangh - - - - - - - - - - - - - - - - - - - - - - - - -
Zierangh van balij - - - - - - - - - - - - - - - - - - - - - - - - - - - - vaendrigh. 8 —
ganne van Jawa - - - - - - - - - - - - - - - - - - - - - - - - - - - - - . s jder. - - „ 5 —
salle van battavia. . . . . . . . . . . . . . . . . . . . . . . . . . „
Cariem van d=o
wangsa van. . d=o
waijhan pamantcotan. . . . . . . . . . . . . . . . . . . .
abdul van _=o. . . . . . . . . . . . . . . . . . . . .
wanhan Sansiet. . . . . . . . . . . . . . . . . . . . . . . . . . .
tanbahan van balij - - - - - - - - - - - - - - - - - - - - -
'tsietra goena - - - - - - - - - - - - - - - - - - - - - - - - - - - - „ Corp. s jder
2. Tamboers.
Iabar van batavia - - - - - - - - - - - - - - - - - - - - - - - - - - - - „ tamboer. 3 —
frans davitsz - - - - - - - - - - - . . . . . . . . . . . . . . . . . . _=o. 2½
waijhan Lahoot. . . . . . . . . . . . . . . . . . . . . . . . . . . . .
waijhan nonghan. . . . . . . . . . . . . . . . . . . . . . . . ..
waijhan boonlagha. . . . . . . . . . . . . . . . . . . . . . . . „
baijhan Samarta. . . . . . . . . . . . . . . . . . . . . . . . . .
waijhan nies - - - - - - . . . . - - - - - - - - - . - - - - - .
waijhan Jagha. . . . . . . . . . . . . . . . . . . . . . . . . ..
cuttut kawie. . . . . . . . . . . . . . . . . . . . . . . . . . . .
culut, thoesaen - - - - - - - - - - - - - - - - - - - - - - - -
Cuttui talax. . . . . . . . . . . . . . . . . . . . . . . . . . .
waijhan boon - - - - - - - - - - - - - - - - - - - - - - - - - / jdersm=rs. 4 —
1135. Persoonen die Transporteere
86. gemeene
p. r m:t „ 4 —
damansinga wiera Zodra - - - - - - - - - - - - - - - - - - - - - „ Capiteijn r. s 24 —
en voor wa
aengenom
amsterd. m
. do
_o
„
„
. . . . . . . . . . . . . . . . . . . . . . . „
. . . . . . . . . . . . . . . . . . . . .
.. . „
. . . „
. . . „
. . . „
. - „"
NL-HaNA_1.04.02_1547_0572.xml,"1135 Persoonen P„r Transport
qualiteijt en smaande„
zoldt. i der smr.
jder sm=rs.
waijhan maijhoeij van balij - - - - - - - - - - - - - - - - - -
Cuttut baijhoon - - - - - - - - - - - - - - . . . . . . . . . .
roobo van batavia - - - - - - - - - - - - - - - - - - -
nangha Jntharangh. - - - - - - - - - - - - - - - - -
nangha pandoenghan. . . . . . . . . . . . . . . . . . . . .
niehoman posaije - - - - - - - - - - - - - - - - - - - - - - „
cuttui samartha. - . . . - . . . - - - - - . . . . . . .
waijhan siedaman. . . . . - . - . - - - - - - . . . - - -
Cammaer van battavia - - - - - - - - - - - - - - - - - - - -
waijhan goenacksa - - - - - - - - - - - - - - - - - - - -
cuttui blaloeaen - - - - - - - - - - - - - - - - - -
waijhan sadeengh - - - - - - - - - - - - - - - - - - - - - -
Jalanghteek van balij - - - - - - - - - - - - - - - - - - - - -
abdul salle van balij. . . . . . . . . . . . . . . . . -
nangha promphan- - . . . . . . . . . . . . . . . . . ..
moentie van balij - - - - - - - - - - - - - - - - - - - - - - - -
Jutcie Zaijherangh - - - - - - - - - - - - - - - - - - - - - -
nangha tackmoe - - - - - - - - - - - - - - - - - - - - - - - --
't ceengol van balij - - - - - - - - - - - - - - - - - - - - - -
thabanan moeda. . . . . . . . . . . . . . . . . . . . . „
cuttut banjaer tagal. . . . . . . . . . . . . . . . . . . . .
seliea van batavia. . . - - - - - - - - - - - - - - - . - -
maijhoon van _-o - - - - - - - - - - - - - - - - - - - - - - -
gatthasan van d. - - - - - - - - - - - - - - - . ..
nangha moenamanigh - - - - - - - - - - - - - - - - - - - - d. os genieten
abiaen tiembool - - - - - - - - - - - - - - - - - --
bapa tromphon - - - - - - - - - - - - - - - - - - - . . .
bapa kabool - - - - - - - - - - - - - - - - - - - - - - - - - -
waijhan karsa - - - - - - - - - - - - - - - - - - - - - . . . . . . . -
abdul salam. . . . . . . . . . . . . . . . . . . . . . .
Cuttii Samoe. . . . . . . . . . . . . . . . . . . . . . .
taliep van balie - - - - - - - - - - - - - - - - - - - - - -
baxa kroes. . . . . . . . . . . . . . - - - - - - - - - . . . .
sallat van balij . . - - - - - - - - - - - - - - - - - - - -
boon balij - - - - - - - - - - - - - - - - - - - - -
batthoean balij. - - - - - - - - - - - - - - - - - - - - - - -
waijhan poaije - - - - - - - - - - - - - - - - - - - - - -
1172 Persoonen die Transporteere
3—
genietende rdx. 4.
lijcx tractement"
NL-HaNA_1.04.02_1547_0573.xml,"263
1172 Persoonen P r Transport
smaande.
Zoldt. ijder
genieten 6
smaants rx. 3
Cuttui labanan
niehoman kakarangh - - - - - - - - - - - - - - - - - - -
waijhan abiean samal - - - - - - - - - - - - - - - - - - - - - - -
baxa tonko van balij - - - - - - - - - - - - - - - - - - - - - - - - -
niehomantalie koop - - - - - - - - - - - - - - - - - - - - - - - -
tatap badongh - - - - - - - - - - - - - - - - - - - - - - - - - -
abdul packa poerangh - - - - - - - - - - - - - - - - - - - - - - -
niehoman boondalam- - - - - - - - - - - - - - - - -
niehoman batthoejaen. . . . . . . . . . . . . . . . . . . . . . . „
Correblangh van balij - - - - - - - - - - - - - - - - - - - -
waijhan kapal - - - - - - - - - - - - - - - - - - - - - - - - - - - -
Cuttui pandan van balij - - - - - - - - - - - - - - - - - - - - - - - - -
waijham Sampalangh - - - - - - - - - - - - - - - - - - - - - - -
Jateengh kolokon - - - - - - - - - - - - - - - - - - - - - -
batihoean doeckon. . . . . . . . . . . . . . . . . . . . . . . .
wanghsa matharangh - - - - - - - - - - - - - - - - - - - - - -
waijhan sackwatie - - - . . . . . . . . . . . . . . . . . . . . . . . . . „
waijhan Sariea van balij - - - - - - - - - - - - - - - - - - - . . . . . . . . . „
tanghan van d=o. . . . . . . . . . . . . . . . . . . . . . . . . .
Jakoon van batavia - - - - - - - - - - - - - - - - - - - - - - - - - - .
boonkoelangh van d=o. . . . . - - - - - - - - - - . . . . . .
Jutcie naijhan van E — - - - . . . . . . . . . . . . . . . . . . . .
Cuttut sadeengh - - - - - - - - - - - - - - - - - - - - - - - - - -
baxa poase - - - - - - - - - - - - - - - - - - - - - - - - - - -
taliep batavia - - - - - - - - - - - - - - - - - - - - - - - - - - - - - „
waijhan kabakaba - - - - - - - - - - - - - - - - - - - - - - - - - -
nangha Samartha. - - - - - - - - - - - - - - - - - - - - - - - . . . . „
nangha panije - - - - - - - - - - - - - - - - - - - - - - - - - - -
nangha kasieman - - - - - - - - - - - - - - - - - - - - - - - -
nangha goelinghan. . . . - - - - - - - . . . . . . . . . . . . .
nangha boedock - - - - - - - - - - - - - - - - - - - - - - - - - -
kasiem rambangh - - - - - - - - - - - - - - - - - - - - - - - - -
moeselingh van balij - - - - - - - - - - - - - - - - - - - - - - - - -
tambiesie van _-o - - - - - - - - - - - - - - - - - - - - - - - - - - -
taijeba van. . . do. . . . . . . . . . . . . . . . . . . . . . . . .
badongh van balij - - - - - - - - - - - - - - - - - - - - - - - - - -
abdul moeda. . . . . . . . . . . . . . . . . . . . . . . . . . .
1209 Persoonen die Transporteere
qualiteijt en wat
jder p. m. t wint
tement
smr.s
rx. 4. —
3—
. . . . . . . . . . . . . . . . . . . ..
„"
NL-HaNA_1.04.02_1547_0574.xml,"qualiteijt en maandel.
belooningh —
1209 Persoonen P„r Transport
sauwan van balij - . . . . - - - - - - - - - - - - - - - - - - -.
Cuttui thianjaar. . . . . . . . . . . . . . . . . . . . . . . ..
Aen
Cuttui bathoejangh - - - - - - - - - - - - - - - - - - -
Cuttut Iaka - - - - - - - - - - - - - - - - - - - - - - - . . . . . zold.:t ijdersm rss
63: amboneesen op de punt
vriesland als —
1: Luijtenant
pattinge nasatapie van hietouw - - - - - - - - - - - - - - - - - - - - - Luijtenant. 16 —
1. vaendrigh —
thohala van halauw - - - - - - - - - - - - - - - - - - - - - - - - - - - „ vaendrigh 8—
5. sargiants
aijwien van hattohahalewa - - - - - - - - - - - - - - - - - - - - - - zargiant
patthiekolle van d=o
papan van hanin. . . . . . . . . . . . . . . . . . . . . . . . .
rauwa van hatoehaha - - - - - - - - - - - - - - - - - - -. . p. s m:t - - - „ 5—
Cuttut patjongh - - - - - - - - - - - - - - - - - - - - - - - - - - - Zoldaet. 3 —
abdul van balij - - - - - - - - - - - - - - - - - - - - - - - - -.
4. Corporaels
auwal van zoehoe. . . - - - -. - - - - - - - - - - - - - - - - - - - - - - -„
phatthielethie van nasiedie. . . . . . . . . . . . . . . . . . .
Cornelis harmensz. van klincke - - - - - - - - - - - - - - - . . . schrijver. . 4 —
horasana van mamepa. - - . . . - - - - - - - - - . . . . . .
badjoe van tarnata. . . . . . . . . . . . . - - . . . . . . . - .
abdul van battavia - - - - - - - - - - - - - - - - - - - - - - - - - rolleser - - - - 4—
1: tamboer
1: rolleser —
andre van Colombo - - - - - - - - - - - - - - - - - - - - - - tamboer. 2½
1233 Persoonen die Transporteere
1: schrijver
- - - - - - - - - - - - - - - - - - - - - d. os jder
Corp. l jder. 4 —
genierende . - 3—
nangha abiaen - - - - - - - - - - - - - - - - - - - - - - - d. o jdersm.
santha van. . . . d=o - - - - - - - - - - - - - - - - - . zoldaet . 4 —
Paunangh van bantam - . . . . . . . . . . . . . . .
Cuttuc touman. . . . . . . . . . . . . . . . . . . . .
1. in hechtenis —
wanghsagatie van balij - - - - - - - - - - - - - - - - - - - - - - „ zargiant 5—
7. in 's Comp:s hospitaels
. . . genietende rx. a 3.
is"
NL-HaNA_1.04.02_1547_0575.xml,"264
1233 Persoonen P. r Transport
49. gemeene
qualiteijt en maendel
besoldingh
zolde. geneten
jder smr. rxs. 4
d. o. jder sm .
erlangende 3
pattienama van hatoewana - - - - - - - - - - - - - -.
abdul taliep van do
Carim van do
kakieassan van batavia. . . . . . . . - - - - - . . - - . . - - -
bagiea van Zoehoe - . . . - - - - - - - - - - - - - - - . . . -
sienieliake van batavia - - - - - - - - - - - - - - - - - - - -
tanietoeha van hatoehaha - - - - - - - - - - - - - - . . . .-
Caniele houw van beton. . . . . . . . . . . . . . . . . . . . ..
arie goena van goesataxie - - - - - - - - - - - - - - - - - - - - -
Cassim van boetongh - - - - - - - - - - - - - - - - - - - - - -
taliep van mangeraij - - - - - - - - - - - - - - - - - - - - -
Camar van battavia - - - - - - - - - - - - - - - - - - - - - -
sieha hara van saloeko - - - - - - - - - - - - - - - - - - - . .
kelinne van Zahala- - - - - - - --. .. .. . . . . . . . ..
-
keijboebo van herangh - - - - - - - - - - - - - - - - - - - - -
tauke van Cameloe. . . . . . . . . . . . . . . . . . . . . ..
adam anthonisz:. . . . . . - - - - - - - . . . . . . . . . . . .
soegie van nasiedie - - - - - - - - - - - - - - - - - - - - -
tholle van batavia - - - - - - - - - - - - - - - - - - - - - - - -
liessa bessie van toeban. . . . . . . . . . . . . . . . . . . . . . .
hoesaleha van hietouw. . . . . . - - - - - - - - . . . - . . - „
arnoud Jacobsz:. . . . . . . . . . . . . . . . . . . . . . . . .
thogho van Cameloe - - - - - - - - - - - - - - - - - - - - - - -
Jomat van macasar - - - - - - - - - - - - - - - - - - - - -
sieha toeloe van boana. . . . . . . . . . . . . . . . . . . . .
keijtoeha van loehoe. . . . . . . . . . . . . . . . . . . . . . .
thahala van Cameloe. . . . . . . . . . . . . . . . . . . . . .
marcus was. . . . . . . . . . . . . . . . . . . . . . . . . . . . .
't ciebaij van boetongh - - - - - - - - - - - - - - - - - - -.
Jabbar van boetangh - - - - - - - - - - - - - - - - - - - -
Jabbar van mangeraij - - - - - - - - - - - - - - - - - - - - - -
Lobbo van - d o - - - - - - - - - - - - - - - - - - -
allie van mangeraij - - - - - - - - - - - - - - - - - - - - - - -
Isaack Claesz. - - . - - - - - - - - - - - - - - - - - - - - -
hans van rotiie - - - - - - - - - - - - - - - - - - - - - - - -
rieke van tarnatie - - - - - - - - - - - - - - - - - - - - - -
mangeraij - - - - - - - - - - - - - - - - - - - - - - - - - - -
1270 Persoonen die Transporteere
maandel
gh
sin
rx. 3.
sm
3
3—
16—
. . . . . . . . . . . . . . . ..
. . . . . . . . . . . . . . . . . . . „"
NL-HaNA_1.04.02_1547_0576.xml,"1270 Persoonen P„r Transport
qualiteijt en maandelijk
gouasa van
ten
Zoldt. en genieten
Lingho van banda. . . . . . . . . . . . . . . . . . . .
salamat van boetongh - - - - - - - - - - - - - - - - - - -
noeghra van Camelo. . . . . . . . . - . . . . . . . . . .
assan van banderhoeloe - - - - - - - - - - - - - - - - - .
sabam van biema. . . . . . . . . . . . . . . . . . . . . .
hoemar van biema. . . . . . . . . . . . . . . . . . . . . .
Cornelis van timoor. . . . . . . . . . . . . . . . . . . . .
masoeara van nasiedie - - - - - - - - - - - . . . - . . . -
hanun van batavia - - - - - - - - - - - - . . . . . . - . - jder sm. s rx=s 3
Carel tawaris - - - - - - - - - - - - - - - - - - - - - - - - -
Joseph roberno - - - - - - - - - - - - - - - - - - - - - - - - - -
ambrosius van theliea - - - - - - - - - - - - - - - - - - - -
o
Zeehouw van macaser - - - - - - - - - - - - - - - - - - - - 4 zargiants
_
angiesouroe van macaser - - - - - - - - - - - - - - - - - - - - - -
darrassa van __o
thoijeen van _-o
-
thopakaij van _=o
thosalawa van d_o
kariem van do
. – – – – – – – – – – - . . . . . -
1296. Persoonen die Transporteere
1: rolleser
1: tamboer
Jsemael van batavia. - - - - - - - - - - - - - - - - - - . . - - tamboer. 3—
41: gemeene daer van
een Impotent
robo van batavia - - - - - - - - - - - - - - - - - - - - - - - - - rolleser - - - 3 —
3. Corporaels
sompo van macaser - - - - - - - - - - - - - - - - - - - ½ Corp. ls jder. 4 —
baparatne. . . . . . . . . . . . . . - - - - . . . . . . . . . . . . -
Cararoepa - - - - - - - - - - - - - - - - - - - - - - - d:o - - - - - - 3—
- - - - - - - - - - - - - - - - - - - -  jder sm=rs. . 5 —
2. sargiants
Ian mallij - - - - - - - - - - - - - - - - - - - - - - - - - - - - - - vaendrigh. 8—
49. maccassaren op het hoorn
werck waer van een present
zieckelijck in 't hospitael als
1: vaendrigh
- - - - - - - - - - - - - - - - - zold.t genieten
. . - - - . - - . - . . . .jdersm=rs. 3
Tractement
ten
ten
. . . - . . - . . - . . . . . . . ..
. . . . . . . . . . . . . . . . . . . ƒ
.
-"
NL-HaNA_1.04.02_1547_0577.xml,"aandeljk.
265
1296 Persoonen Pr Transport
qualiteijt en maendel.
beloningh—
zolde. i der o
genieten sm. rxo. 3
Joera batoe van d_o
totoeroe van macasser
sourie van do.
thotiema van do
twape van _=o
troema van d=o
thohoda van do
thomade van e —
hange Sima van d-o
tanie soutaar van _=o
angepelle van. . d=o Jmpotent in 't hospitael. . . . „
Zeesan van hoejon pandam. . . . . . . . . . . . . . . . .
hadoeloe van makaser - - - - - - - - - - - - - - - . . ..
thosama van macasser - - - - - - - - - - - - - - - - - -
mangha liekie van do. . . . . . . . . . . . . . . . . . ..
thomena van d - - - - - - - - - - - - - - - - - - - - . . -
thapanalla van do. . . . . . . . . . . . . . . . . . . . -.
santre van Sambauwa - - - - - - - - - - - - - - - - - - --
thonagha van macasser - - - - - - - - - - - - - - - - -.
troeka van. - do. . . . . . . . . . . . . . . . . . .
Jsaack van. . . . d–o. . . . . . . . . . . . . . . . . . .
baxa handal. - - - - - - - - - - - - - - - - - - - - - - - - - - - -
troeka van macasser - - - - - - - - - - - - - - - - - - - - - - - -
thohaloe van d=o. . . . . . . - - - - - - - - - - - - -
Zeesan van Eenreka - - - - - - - - - - - - - - - - -
thopa thiema. . . . . . . . . - - - - - - - - - - - - - - - - - - .
hietouw sabier. . . . . . . . . . . . . . . . . . . . . .
thosatie van macaser. . . . . . . . . . . . . . . . . . -
hoemera van d. . . . . . . . . . . . . . . . . . . . .
baba ijeentangh - - - - - - - - - - - - - - - - - - - - - - - - - -
soera van macasser. - - - - - - - - - - - - - - - - - --
Joman Cotta banboe - - - - - - - - - - - - - - - - - - - - - - - - -
salamath van do. . . . . . . . - - - - - - - - . . . . . -.
thosa kina van do. . . . . . . . . . . . . . . . . . . . . . ..
hangs Jala. . . . . . . . . . . . . . . . . . . - - - . . . . . . . . .
. . . . . . . . . . . . . . . . . . . . . . . ..
. . . . . . . . . . . . . . .. . ..
1331 Persoonen Die Transporteere
meren
3
8
igh
3 —
3-
3
nieten
5
.3
. . . . . . . . . . . . . . . . . . . . . ..
. . . . . . . . . . . . . . .. . „
. - - . . . . . . . . . . . . . .
. . . . . . . . . . . . . . . . . . ..„
. . . . . . . . . . . . . . . . . . . . ...
. . . . . . . . . . . . . . . . . . . . . . „
. . . . . . . . . . . . . . . . . . . . .
. . . . . . . . . . . . . . . . . . . . . ."
NL-HaNA_1.04.02_1547_0578.xml,"1331. Persoonen P. r Transport
qualiteijten maandel.
beholdingh
Francisco Carvaljo milike - - - - - - - - - - - - - - - . . . . . . . vaendrig r. 12
gerrit alimata. - - - . . . . . . . - . . . . . . . . . . . . . „ d=o.
manuel de Costa - . . . . . . . . . . . . . . . . . . . . . . . _=o. 3½
domingo de rosaijro mosso - - - - - - - - - - - - - - - - - - - - - „ - - - - 3 —
anthonio rodrigos - - - - - - - - - - - - - - - - - - - - - - - - - - - „ - - - - - 2½
bastiaen andriesz - - - - - - - - - - - - - - - - - - - - - - - - - - - „ - - - - 3½
Cornelis naija - - - - - - - - - - - - - - - - - - - - - - - „ - - - - 2½
domingo de rosaijro - - - - - – – - – – - - - – – – – – - - - - - - „ - - - „ 4—
domingo rodrigos. - - - - - - - - - - - - - - - - - - - - - - - - „ - - - 2½
diogo rodriges - - - - - - - - - - - - - - - - - - - - - - - - - „ - - - - - 2½
francisco tesera - - - - - - - - - - - - - - - - - - - - - - - . . „. . . . . . 2½
francisco de araujo - - - - - - -. . . - - - - - - - - - - - - - - „ - - - 2½
francisco de Craclo. . . . . . . . . . . . . . . . . . . . . . . . „. . . . . 4:—
francisco de fonseka. - - - - - - - - - - - - - - - - - - - - - - - „. . . . . 2½
gonsal de Zouza - - - - - - - - - - - - - - - - - - - - - - „ - - „ 2½.
gillis ragel - - - - - - - - - - - - - - - - - - - - - - - - - - „ - - - - - 2½
gabriel ribero - - - - - - - - - - - - - - - - - - - - - - - „ - - - - 2½
1357. Persoonen die Transporteere
2: Tamboers
Ioseph d'araujo - - - - - - - - - - - - - - - - - - - - - - - - - - tamb. jder. 2½
42. gemeene daer ond. r
drie jnpotent
anthonio boteljo - - - - - - - - - - - - - - - - - - - - - - - - - - - - - - - - zoldaet. 2½
francisco fernando - - - - - - - - - - - - - - - - - --
anthonio Caldera. . . . . . . . - - - - - - - - - . . . . d—. 4—
anthonio gomes - - - - - - - - - - - - - - - - - - - - - - - - - - „ - - - - - 3 —
4. Corporaels
frans hendricksz. - - - - - - - - - -. . . . . . . . . . . . . . . . „ Corp:l. . . . 4½
Jan de Silva. . . . . . . . . . . . . . . . . . . . . . . . . . _o —. 4 —
Louijs boteljo - - - - - - - - - - - - - - - - - - - - - - - - - - do —. 4 —
2: Zargiants
8
diogo Cardoso - - - - - - - - - - - - - - - - - - - - - - - - - sargiant.
51. Toepasse militaijre op d'
punt gelderland daer v.
present drie sieckel. in
's Comp. s hospitael als —
1. vaendrigh"
NL-HaNA_1.04.02_1547_0579.xml,"1357. Persoonen P.r Transport
pasquael de brito sieckel. in 'thospitael - - - - - - - - - - - - - - - - 2½
anthonio de souza. . . Iden
domingo artero. . . . . . . do —. . . . . . . . . . . . . . . . . . . 3 —
gostinjo perera - - - - - - - - - - - - - - - - - - - - - - - zoldaet rxs 2½
hendrick Samuels - - - - - - - - - - - - - - - - - - - d=o 3 —
hectoor de Sampaijo - - - - - - - - - - - - - - - - . - - . . d=o. 4 —
nigel fernandis - - - - - - - - - - - - - - - - - - - - - - - - - - - - - 2½
mattheus de Cunja. . . . . . . . . . . . . . . . . . . . . . . . . 2½
manuel gomes - - - - - - - - - - - - - - - - - - - - - - - - - - 4 —
mattheus rodrigos - - - - - - - - - - - - - - - - - - - - - - - - - 3½
nicolao gomes - - - - - - - - - - - - - - - - - - - - - - - - - - - 3 —
nicolao queljo. . . . . - - - - - - - - - - - - - - - - - - - - - . 4 —
nicolaes Samuelsz - - - - - - - - - - - - - - - - - - - - - - - - - - - 3½
Simon naija - - - - - - - - - - - - - - - - - - - - - - - - - - - - 2½
pedro de silva. . . . . . . . . . . . . . . . . . . . . . . . . . . . . . 3 —
Jan de fonceka - - - - - - - - - - - - - - - - - - - - - - - - - - - - - - - - - 3½
Jasinto boteljo - - - - - - - - - - - - - - - - - - - - - - - - - - - - - - - 3½
Jacob Pietersz - - - - - - - - - - - - - - - - - - - - - - - - - - - - - - - - 2½
Jan de Silva. . . . . . . . . . . . . . . . . . . . . . . . . . . . . . . . 2½
Jan de pina . . . . . . - - - - - - - - - - . . . . . . . . . . . . . . . . 4 —
pasquael fernandus - - - - - - - - - - - - - - - - - - - - - - - 3 —
pedro de gomes - - - - - - - - - - - - - - - - - - - - - - - - - - - - 3½ 5
Simon tesera - - - - . - . - - - - - - . . . . . . . . - . . . . . . 4 —
thome de sampaijo - - - - - - - - - - - - - - - - - - - - - - - - - - - - - - 3 —
Jan rodrigos - - - - - - - - - - - - - - - - - - - - - - - - - - - - - - - - 2½
. . . . . . . . . . . . . . . . 2½
214: Jnlantsz. bediende die op
diverse buijten posten zijn verdeelt
als volght
162. toepasse militaijre en
komen haer dienst te doen
als.
54. ter fortresse Cranganoor
bestaende uijt
1: sargiant in vaste dienst
. . . . .      Zargiant. 5 —
albert Correa- - - . ..
lo
5: Corp. l daer van 3. in verbant
francisco de rosaijro in vasten dienst - - - - - - - - - . . . . . . Corp:l - - - - 4—
. . . . . - - - . . . . . . . . _o —. 4½
manuel de almeda - - - - d=o
- . - . . . . . . - - - . —. 4 —
manuel orties - - - . - . . d_o
-
- - . . . . . . . . . . „ do. 2½
domingo de rocha zonder verbant
augustinjo brabo. . . . d=o
1388. Persoonen die Transporteere
266) qualiteijt en maendel.
besoldingh
¼
9rx. 12
12
4½
4 —
.4—
.3½
2½
3—
. . 2½
. 3½
.. 2½
„ 4 —
. 3—
. 2½
. 2½
. . 2
„ 2½
-
. 2½
.„ 2—
. . 2½
. . 2½
—
.. .
. . . . . - - - . . . - - - d —. 2½
ƒ
ind"
NL-HaNA_1.04.02_1547_0580.xml,"1388. Persoonen P„r Transport
qualiteijt en wat jder
ten
Zoldt. in een 3.
jarigh verbant
genietende
macxmiliaen rodrigo- -
francisco de rosaijro - - - . - - -
gaspar de rosaijro - - - - - - - - - - --
sebastiaen rodrigos. - - - - -
1425. Persoonen Die Transport
augustinjo de almeda - - - . . .. . . . . . . . . . .. . . -
anthonio de abreeuw mosso - - - - - - - - - - - - - - - - -
domingo Perera bodiza - - - - - - - - - - - - - - - - - - --
domingo perera mosso - - - - - - - - - - - - - - - - - - - - - „
domingo perera de bragazo - - - - - - - - . . . . . . . . . .
anthonio noenes; - - - - - - - - - - - - - - - - - - - - - --
anthonio de abreeuw - - - - - - - - - - - - - - - - - - - - --
anthonio de morais - - - - - - - - - - - - - - - - - - -
alexander de Coenja - - - - - - - - - - - - - - - - - - - --
beuto de almeda. - . . . . . . . . . . . . . . . . . . . .
Coestan de almeda- - - - - - . . . .. . . . . . . . ..
Christoffel rodrigos - - - - - - - - - - - - - - - - - - - - -
bernardo de Coto - - - - - - - - - - - - - - - - -- - . ..
domingo de Coenja - - - - - - - - - - - - - - - - - - - . ..
domingo doeran. . . . . . . . . . . . . . . . . . . . . . .
domingo Perera - - - - - - - - - - - - - - - - - - - - .
francisco Cardozo - - - - - - - - - - - - - - - - - - - - -
franciso de rosaijro - - - - - - - - - - - - - - - - - - - - . . . .
francisco fernando - - - - - - - - - - - - - - - - - - - - - -
gonsalo de bragonsa - - - - - - - - - - - - - - - - - - . ..
Joseph de Lima. . . . . . . . . . . . . . . . . . . . . . . .
Lourenso de fonseka - - - - - - - - - - - - - - - - - - - - - - -
manuel perera - - - - - - - - - - - - - - - - - - - - - - - -
migel de soura - - - - - - - - - - - - - - - - - - --
nicolao de rosaijro - - - - - - - - - - - - - - - - - - - - -
Joseph de sicquera - - - - - - - - - - - - - - - - - - - - -
Jeseph de rosaijro - - - - - - - - - - - - - - - - - - - - - - -
Joan de baijro - - - - - - - - - - - - - - - - - - - - - - -
Joan de rosaijro - - - - - - - - - - - - - - - - - - - - - - - - - - - „
Lourenso deCoenja - - - - - - - - - - - - - - - - - - - - -
pasquael de rosaijro - - - - - - - - - - - - - - - - - - - --
vintura Lopes - - - - - - - - - - - - - - - - - - - - -
domingo de Livera - - - - - - - - - - - - - - - - - - - -
genieten smr. 2¼
d. s. sonder verbant
jder sm. ts rx. 3
47. Zoldaaten daer van
30. in vasten dienst als-
p. r m. t wint
. . . . . . . . .   .
. . . . . . .
. . . . . . . . .
ƒ"
NL-HaNA_1.04.02_1547_0581.xml,"267
1425 Persoonen P„r Transport
ten
zold.t sonder
verbant jder
jder sm. rs wint
ten
verbant
anthonio martins. . . . . . . .. . . . . . . . . . . . . .
Carolo de sousa - - - - - - - - - - - - - - - - - - - -
francisco de emparo - - - - - - - - - - - - - - - - - - - - - - --
Jeronimo de rosaijro - - - - - - - - - - - - - - - - - - - - - --
Joze de soura. . - - - - - - - - - - - - - - - - - - - - - - - - - -
manuel gousal - - - - - - - - - - - - - - - - - - - - - - - - - - -
nicolao de Costa - - - - - - - - - - - - - - - - - - - - - - - - -
nicolao de almeda. . . . . . . . . . . . . . . . . . . . . -
salvador martins. . . . . . . . . . . . . . . . . . . . . .
francisco Carvaljo - - - - - - - - - - - - - - - - - - - - - - - - . . . genietende
poul de vega - - - - - - - - . . . . . . . . . . . . . . . . . . e a a 3
domingo gomes - - - - - - - - - - - - - - - - - - - - - - - - - - - - - -
domingo Perera - - - - - - - - - - - - - - - - - - - - - - - - -
Fransisco gomes - - - - - - - - - - - - - - - - - - - - - - - -
Joan de rocha. . . . . . . . . . . . . . . . . . . . . . . . . . . . . .
nicolao Corea - - - - - - - - - - - - - - - - - - - - - - - - - - - -
philip de Livera - - - - - - - - - - - - - - - - - - - - -.
pasquael de faria. . . . . . . . . - - - - - - - - - - - - - - . . - .
salvador paulo - - - - - - - - - - - - - - - - - - - - - - - - -
tirgoa perera - - - - - - - - - - - - - - - - - - - - - - - - - - -
Joan tessera - - - - - - - - - - - - - - - - - - - - - - - - - - - - - - zold.t sonder
andre vas. . . . . . . . . . . . . . . . . . . . . . . . . . . . . . . . . . . . .
anthonio gomes - - - - - - - - - - - - - - - - - - - - - - - - - - - - - - - -
andre de Costa - - - - - - - - - - - - - - - - - - - - - - - - - - - - - -
augustinjo de mello - - - - - - - - - - - - - - - - - - - - - - - - -
augustinjo de bengale. - - - - - - - - - - - . . . . . . . . . . . .
bras dias. - - - - - - - - - - - - - - - - - - - - - - - - - - - - - -
balthasar mendos - - - - - - - - - - - - - - - - - - - - - - - - - -
bartholomeus dias. . . . . . . . . . . . . . . . . . . . . . . . ..
diogo Corea. . . . . . . . . . . . . . . . . . . . . . . . . . - - . . . .
francisco de morais - - - - - - - - - - - . . . . . . . . . . . .
1456. Persoonen die Transporteere
Idem. 2¼
10: Toepasse zoldaten tot
anandapoeran
verbant genieten
jder - - - - „ 2¼
10: Toepasse zoldaten Tot
paliporte
1. Tolck -
2¼
sm. rs rxs
qualiteijt en wat
wat jder
int
3.
verbant
de
ro. 3
m. 2¼"
NL-HaNA_1.04.02_1547_0582.xml,"qualiteijt en wat jder
1456. Persoonen P„r Transport
smrs. Comt le
Ioan Rodrigos - - - - - - - - - - - - - - - - - - - - - - - - - - -
Ioan d'meljo - - - - - - - - - - - - - - - - - - - - - - - - - - - - -
Louijs de Evera - - - - - - - - - - - - - - - - - - - - - -
manuel perera - - - - - - - - - - - - - - - - - - - - -
manuel de Croes. . . . . . . . . . . . . . . . . . . . . . .
matthijs Corea - - - - - - - - - - - - - - - - - - . . . . . ..
matthijs queljo - - - - - - - - - - - - - - - - - - - - - - - - - -
Pedro Carvaljo - - - - - - - - - - - - - - - - - - - - - - - - -.
Pedro denies. . . . . . . . . . . . . . . . . . . . . . . .
vintura de Lemos - - - - - - - - - - - - - - - - - - - - - - - -
Lourenso beliago - - - - - . . . . . . . . . . . . . . . . . . . . . . . . vaendrigh
pasquael viirro. . . . - . - - - . . . . - - - - - - - . - - - . . . . . - sarg. Idem 5
augustinjo de soura. . . . . . . . . . . . - - - - - - - - - - - „
manuel de emparo - - - - - - - - - - - - - - - - - - - - - - --
manuel fernando mosso - - - - - - - - - - - - - - - - - - - - - -
Ioan d. silva - - - - - - - - - - - - - - - - - - - - - - - - -
pedro rodrigos: - - - - - - - - - - - - - - - - - - - - - - - - - - -
Jgnatio Carvaljo. . - - - - - - - - - - - - - - - - - - - - -.
Lourenso Carvaljo. . . . . . . . . . - - - - - - - - - - - - - - -
Lasaro Piris - - - - - - - - - - - - - - - - - - - - - - - - - - - verbant genieten/
manuel fernandus - - - - - - - - - - - - - - - - - - - - - - - jdersm=rs. 2¼
pasquael Carvaljo. . . . - - - - - - - - - - - - - - - -
anthonio de brito. . . . . . . . . . . . . . . . . . . . . . . . . .
Jose gomes - - - - - - - - - - - - - - - - - - - - - - - - - - - - - -
Louijs alveres - - - - - - - - - - - - - - - - - - - - - - - -
pasquael de rosaijro - - - - - - - - - - - - - - - - - - - - -
1482 Persoonen die Transport
7: Toepasse zoldaten tot
Castello
sold.ten sonder
geniet tot vaste
tractem t. rx. 8
10: gemeene
1. Sargiant
12. Toepasse militaijre tot
manjepare waer van 2.
in vasten dienst als —
1: vaendrigh —
zold. ten sonder
verbant genieten
der Inei
10. Toepasse Zoldaeten tot
Cocheripole als
genieten
. . „
_o
2¼"
NL-HaNA_1.04.02_1547_0583.xml,"268
Pr
1482 Persoonen P„r Transport
Simon gousae - - - - - - - - - - - - - - - - - - - - - - - - - -
salvador figero - - - - - - - - - - - - - - - - - - - - - - - - . - . . genieten jders
salvador rebeljo - - - - - - - - - - - - - - - - - - . . . . . sm=r. rx. 2¼
6. Toepasse zoldaeten tot
Cheramangalan
anthonio de Corha - - - - - - - - - - - - - - - - - - - - - - - - - - „
anthonio d'moko - - - - - - - - - - - - - - - - - - - - - - - -
domingo Corea - . . . . . . . . . . . . . . . . - . . . - . . . . .
Francisco d'averis - - - - - - - - - - - - - - - - - - - - - - -
migel de velouzo - - - - - - - - - - - - - - - - - - . .
manuel Cardozo - - - - - - - - - - - - - - - - - - - - - - -
anthonio de Rosaijro. . . . . . . . . . . . . . . . . . . . . . . . . . „
Clement noens - - - - - - - - - - - - - - - - - - - - - - - . . .
Ioan gomes - - - - - - - - - - - - - - - - - - - - - - - - - - - - -
manuel Cardozo - - - - - - - - - - - - - - - - - - - - - -
manuel martiens - - - - - - - - - - - - - - - - - - - - - - . Idem „ 2¼
Simon rodrigos - - - - - - - - - - - - - - - - - - - - - - - -
thomne de silva... . . . . . . . . . . . . . . . . . . . . . . . . .
domingo queljo - - - - . . - - - - - - - - - - - - - - - - - - . . „
domingo gomes - - - - - - - - - - - - - - - - - - - - - - - - - - - -
francisco de Santjos - - - - - - - - - - - - - - - - - - - - - - -
manuel de almeda- -. .. . . . . . . . . . . . . . . . . .
manuel montero. . . . . . . . . . . . . . . . . . . . . . . ..
pasquael vas. . - - - - - - - - - - - - - - - - - - - - - - - - . -.
anthonio de Silva. . . . . . . . . . . . . . . . . . . . . . . . . . . . . „
bastiaen barozo - - - - - - - - - - - - - - - - - - - - - - - - - - - - -
bartholomeus de gia. . . . . . . . . . . . . . . . . . . . . . . . . .
Joan de silva - - - - - - - . - - - - - - - - - - - - . . . . . . .
Joan de brancais. . . . . . . . . . . . . . . . . . . . . . . . .
manuel mendis - - - - - - - - - - - - - - - - - - - - - - - - -
1510 Persoonen die Transporteere
6. Toepasse zoldaten tot
alexee
_=o 2¼
6. Toepasse zoldaten tot
St. andries
7. Toepasse soldaten tot
manicoorde
als boven. 2¼
sold.ten sonder verbant
qualiteijt en winnde
maangelden
en wat ider
Comt te
eten
sonder
genieten
sm. tr rx. ¼
righ
tot vast
rx. O
Idem 5
sonder
genieten
mr. 2¼
—. 2¼
_=o. 2¼"
NL-HaNA_1.04.02_1547_0584.xml,"1510 Persoonen P r. Transport
6: Toepasse zoldaeten tot
Jonatio de faria. - . . . . . . . . . - . . . . . . . . . . .
sold. te in vasten
dienstgeuuten
Franciso Cardozo - - - - - - - - - - - - - - - - - - - - - - - - „
migel de rosaijro - - - - - - - - - - - - - - - - - - - - - - - -
manuel de rosaijro - - - - - - - - - - - - - - - - - - - - - - sold.:e sonder
manuel de souceka - - - - - - - - - - - - - - - - - - - jder sm. t rex. s 2¼
pedro de Costa - - - - - - - - - - - - - - - - - - - - - - - -
salvador Lopis - - - - - - - - - - - - - - - - - - - - - - - - -
anthonio de motia . . . . . . . . . . . . . . . . . . . . . -.
diogo perera - - - - - - - - - - - - - - - - - - - - - - - - - - -
francisco rebeljo - - - - - - - - - - - - - - - - - - - - - - - -
domingo Corea. . . . . - - - - - - - . . . . . . . . . . . .
domingo Iaco. . . . . . . . . . . . . . . . . . . . . . . . .
domingo de Lima.. . . . . . . . . . . . . . . . . . . . . . . .
diogo ferera - - - - - - - - - - - - - - - - - - - - - - - - - - - -
Joan mendos - - - - - - - - - - - - - - - - - - - - - - - - - -
Joan Corea. . . . . . . . . . . . . . . . . . . . . . . . . . . .
andre vaes - - - - - - - - - - - - -
anthonio Lopis - - - - - - - - - - - - - - - - - - - - - - - - - -
domingo de rosaijro - - - - - - - - - - - - - - - - - - - - - - - - -
Lourenso Corea - - - - - - - - - - - - - - - - - - - - - - - jder sm. r rx=s 3—
manuel Corea - - - - - - - - - - - - - - - - - - - - - - -
nicolao Corea - - - - - - - - - - - - - - - - - - - - - - - - -.
fransisco perera - - - - - - - - - - - - - - - - - - - - sarg. s sonder
10. gemeene
ansenso gonsalvus. . . . . . . . . . . . . . . . . . . . . . ..
bartholomen de Croes - - - - - - - - - - - - - - . . . . . . . . . verbant jder 2¼
bastiaen Perera - - - - - - . - . . . . . . . . . . . . . . - - -
1537 Persoonen die Transporteere
11. Toepasse militaijre tot
Caliacatie als—
1: sargiam
verbant. 3—
6: Toepasse zoldaten in
vasten dienst tot pagodinjo
als vooren. 2¼
11. Toepasse Zoldaten tot
porca
anthonio de Cosla. - - - - - - - - - - - - - - - - - - - - - - - - - - - -
vverbant geniet
2
qualiteijt, en wat jder
Caijcetto
sold.t sonder
p. r m. t wint
- - - - - - . - - - -
. . . .
-
ƒ"
NL-HaNA_1.04.02_1547_0585.xml,"wat jder
269
1537 Persoonen P. r Transport
gen
sonder
vasten
genieten
. rx. 3—
genieten
Cap.l luijen
geniet sm. t met
cter ca
Francisco fernando - - - - - - - - - - - - - - - - - - - - - - - - --
domingo Sergoza - - - - - - - - - - - - - - - - - - - - - - - - - - - - - -
Joan ribero - - - - - - - - - - - - - - - - - - - - - - - - - - - - - - - - - - - - -
matthijs de Zoura - - - - - - - - - - - - - - - - - - - - - - - - --
Simon de Souza - - - - - - - - - - - - - - - - - - - - - - - - - - - - -
Simon gonsalves. . . . . . . . . . . . . . . . . . . . . . . .
manuel de faria - - - - - - - - - - - - - - - - - - - - - - - - - - - jder sin=rs r. 2¼.
52. persoonen Lascorijns zijnde
verdeelt als volght
11. Tot sera d'alva te weten
1. Capiteijn Luijtenant dier
volckeren in vasten dienst
10: gemeene
anthonij - - - - - - - - - - - - - - - - - - - - - - - - - - - - - - - -
domingo de Croes - - - - - - - - - - - - - - - - - - - . . . . . .
francisco. . . . . . . . . . . . . . . . . . . . . . . . . . . . . .
Joanne - - - - - - - - - - - - - - - - - - - - - - - - - - - - - - -
batico - - - - - - - - - - - - - - - - - - - - - - - - - - - - - - - -
Fernando - - - - - - - - - - - - - - - - - - - - - - - - - - - - - - - - - - -
gaspar - - - - - - - - - - - - - - - - - - - - - - - - - - - - - - -
gasper grande - - - - - . . . . . . . . . . . . . . . . . . . . Lascorijns
pedro - - - - - - - - - - - - - - - - - - - - - - - - - - - - - -
pasquael - - - - - - - - - - - - - - - - - - - - - - - - - - - - -
Pansieco. . . . - - - - - - - - - - - - - - - - - - - - - - - - -
anthoni grande. . . . . . . . . . . . . . . . . . . . . . . . . . .
barido grande. . . . . . . . . . . . . . . . . . . . . . . . . . ..
bartholomeus - - - - - - - - - - - - - - - - - - - - - - - --
Coedie. . . . . . . . . . - - . . . . . . . . . . . . - .
Christoffel
1561 Persoonen die Transporteere
Lascorijns
genieten
jdersm=rs 2¼
smaants. 3¼
jdersm=rs. 2¼
zijn Costg. rx . 13 /5
vverbant geniet„
zold. Soud. —
qualiteijt en maandel
besoldingh
6: persoonen Tot Jddecallatie
1: aratje
5: gemeene
saviel mapolle - - - - - - - - - - - - - - - - - - - - - - - - - - - - - aratje geniet.
wint
smts. rx. 2
2¼
vooren 2¼
der
bant 3—
onder
jder 2¼"
NL-HaNA_1.04.02_1547_0586.xml,"1561. Persoonen P„r Transport
qualiteijt en winnende
maantgelden
anthonio - - - - - - - - - - - - - - - - - - - - - - - - - -
domingo. . . . . . . . . . . . . . . . . . . - - - - - .
sorgie
Jorgie grande - - - - - - - - - - - - - - - - - - - - - -
Iaspar pero - - - - - - - - - - - - - - - - - - - - - - - - -
anthonio - - - - - - - - - - - - - - - - - - - - - - - -
barido de aijcal - - - - - - - - - - - - - - - - - - - - - - - --
batico - - - - - - - - - - - - - - - - - - - - - - - - - - - d=o. 2¼
Joanico. . . . . . . . . . . . . . . . . . . . . . . . -
Jacob. . . . . . . . . . . . . - - - - - - - -
5. persoonen Lascorijns
Iaspar sonsece. . . . . . . . . . . . . . . . . . . . . ..
- - - - - - - - - - - - - - - - - - - - - - - als boven. 2¼
5: Lascorijns Tot
Caijecatte—
anthonio de Combolon. . . . . . . . . . . . . . . . . . . . . . .
anthonio de poijga - - - - - - - - - - - - - - - - - - - - - - - Idem. 2¼
aleco - - - - - - - - - - - - - - - - - - - - - - - - - -
anthonio dapia. . . . . . . . . . . . . . . . . . . . . . . . . . .
anthonio grande. . . . . . . . . . . . . . . . . . . . . . . . . . . . .
francisco - . . . . . . . . . . . . . . . . . . . . . . . . . . .
francisco pedrinjo. . . . . . . . . . . . . . . . . . . . . . . . .
Joan. . . - - - - - - - - - - - - - - - - - - - - - - - - -
1586. Persoonen Die Transporteere
5: Lascorijns tot
Cocheripole
Francisco pinjo. . . . . . . . . . . . . . . . . . . . . . . .
5: Lascorijns tot
anandapoeraen
. 2¼
do
5: Lascorijns Tot
Trenalecoedij
domingo Piekenino - - - - - - - - - - - - - - - - -
francisco grande. . . . . . . . . . . . . . . . . . . .
tot Compore
lascorijns
genieten
francisco do - - - - - - - - - - - - - - - - - . jder sm. s rx. 2¼
Joco pode - - - - - - - - - - - - - - - - - - - - - - - - - -
andre - - - - - - - - - - - - - - - - - - - - - - - - - - - - -"
NL-HaNA_1.04.02_1547_0587.xml,"270
1586 Persoonen P. r Transport
ƒ
Lascorijns —
Iacobo. . . . . . . . . . . . . . . . . . . . . . . . . . . . . . .
diogo - - - - - - - - - - - - - - - - - - - - - - - - - - - - - - -
Lourenco - - - - - - - - - - - - - - - - - - - - - - - - - - - - - - genieten jders
Joanxie - - - - - - - - - - - - - - - - - - - - - - - - sm. r rx-. 2¼
Jorsie. . . . . . . . . . . . . . . . . . . . . . . . . . . . . . . .
5. Tot manjapare —
Ignatio - - - - - - - - - - - - - - - - - - - - - - - - - - - - - -
domingo. . . . . . . . . . . . . . . . . . . . . . . . . . . . . . . . . . ..
anthoninjo - - - . . - - - - - - - - - - - - - - - - - - - - - - - als boven
Joan. . . . . . . . . . - - - - - - - – - - - - - - - - - - -
manico. . . . . . . - - - - - - - - - - - - - - - - - - - .
6. Tot Canara werdende voor win„
„gurla alhier geen dienaers opgebracht ten
insichte die Logie inde maand maij-
1693. door de mooren overompelt en
in besith genomen is. —
een genaemt Donnoe - - - - - - - - - - - - - - - - - - - - - hooft dienaer. 2½
een ramsie - - - - - - - - - - - - - - - - - - - - - - - -. . vlaggem. en op„
een andre - - - - - - - - - - - - - - - - - - - - - - - - - - - mocquedon. 2½
een giemal - - - - - - - - - - - - - - - - - - - - - - - - - - - - portier - - 1½
een kermoela - - - - - - - - - - - - - - - - - - - - - - - - - d=o 1½
een narneijcq - - - - - - - - - - - - - - - - - - - - - - - - - - - - brieffdrag:n. 2½
96. persoonen Inlantse dienaren ter
Fortresse Coijlan als ind daeraen gehooren„
de residenties en buijten wagten als. —
20. binnen d'Fortresse
12. aen diverse diensten
Ioan Fernando. . . - - - - - - - - - - - - - - - - - - - - - - - - - - Tolck. - . . 12 —
francisco ribero - - - - - - - - - - - - - - - - - - - - - - - - - - r. o d=o 5 1/3
Jgnatio de Costa - - - - - - - - - - - - - - - - - - - - - - - - - - - - _o —. 12 —
anthonio dias - - - - - - - - - - - - - - - - - - - - - - - - - - geweldiger. 2 21/3
Chiangaratje - - - - - - - - - - - - - - - - - - - - - - - - - hooftmoccad:r 2 1/3
vintura Correa - - - - - - - - - - - - - - - - - - - - - - - baastimmerm. 4 —
1608 Persoonen die Transporteere
7
siendr. der vaart. ƒ 2
geseght - - - - 2¼
qualiteijt, en wat
jder p. r m. t wint
5. Lascorijns tot
sjoune Care
winnende
gelden
ns
en
en. 2¼
2¼
. 2¼
.2¼
-
."
NL-HaNA_1.04.02_1547_0588.xml,"1608 Persoonen P. r Transport
qualiteijt en wat
elck p. . m. t wint
Joan moreen. . . . . . . . . . . . . . . . . . . . ..
ningel mendes - - - - - - - - - - - - - - - - - - - - - - - - -
alijs riberro. - - - - - - . - - - - - - - - - - - - - - - - -
augustinjo gousalvis - - - - - - - - - - - - - - - - - - - - - gemene _=o. 3 1/3
een pattangatijn off - - - - - - - - - - - - - - - - - - opsiend. der
diogo de gama - - - - - - - - - - - - - - - - - - - - - - - - - - - geniet Intorerm. 3½
manuel pinjero - - - - - - - - - - - - - - - - - - - - - - - baas metselaer. 4—
een sijnde - - - - - - - - - - - - - - - - - - - - - - - - - thuijnier. - 1 3/5
8. Toepasse militaijre tot
versterckingh van't guarni„
soen als—
1: Corporael
7: gemeene —
bantista de Croes - - - - - - - - - - - - - - - - - - - - - - . . . . Corporael. 3—
Ioan asons - - - - - - - - - - - - - - - - - - - - - - - - -
Joseph de Schoovaer - - - - - - - - - - - - - - - - - - --
domingo tiesero - - - - - - - - - - - - - - - - - - - - - . -
Jasinto dias - - - - - - - - - - - - - - - - - - - - - - - - - -
76: op diverse residenties, en
buijten posten te weten
30: inlantse bediendens inde
noorder waght plaatsen
verdeelt als —
7: tot Coijlanse aijwicke
jder
Francisco dias - - - - - - - - - - - - - . . - . . . . . . . . . Zoldaet 2 —
1: op s. t andries —
francisco de Costa. . . . . . . . . . . . . . . . . . . . . . . . .
francisco fernando - - - - - - - - - - - - - - - - - - - - als boven 2 2 —
Jan Isaacksz. . . . . . . . . . . . . . . . . . . . . . .
domingo de rosaijro - - - - - - - - - - - - - - - - - - - - - -
Jeseph dias. . . - - - - - - - - - - - - - - - - - - -
bellechior Lobbos - - - - - - - - - - - - - - - - - -
1630 Persoonen die Transporteere
solde genieten
Simon Santjo - - - - - - - - - - - - - - - - - - - - - - - - jdersm. rs. 2—
vaartuijgen. 2½
een bramine malxa - - - - - - - - - - - - - - - - - - - - wisselaer - - . 1¼"
NL-HaNA_1.04.02_1547_0589.xml,"1630 Persoonen P r. Transport
6. in de waght plaats
solder
qualiteijt en wat jder
p. r maandwint
nieten
paul de rosaijro - - - - - - - - - - - - - - - - - - - - - - - - - - -
anthonio Carvaljo - - - - - - - - - - - - - - - - - - - - - - -
pasqual de abreeuw - - - - - - - - - - - - - - - - - - - - - - - - -
domingo de rosaijro - - - - - - - - - - - - - - - - - - - - - - - - -
Joan Correa. - - - - - - - - - - - - - - - - - - - - - - - - - - - .
Joan de rosaijro - - - - - - - - - - - - - - - - - - - - - - - - - - -
manuel de freto. . . . . . . . . . . . . . . . . . . . . . . . .
giljermo de monte. . . . . . . . - - - - - - . . . . . . . -
marcello de rosaijro - - - - - - - - - - - - - - - - - - - - - -
manuel de nevis - - - - - - - - - - - - - - - - - - - - - - - - - - -
ansenso de Lemos - - - - - - - - - - - - - - - - - - - --
anthonio francisco. . . . . . . . . . . . . . . . . . . . . . .
manuel de silva. . - - - - - - - - - - - - - - - - - - - -
domingo de morais - - - - - - - - - - - - - - - - - - - - - - - - - - -
manuel rodrigos - - - - - - - - - - - - - - - - - - - - - - - - gel: boven. 2 3/16
anthonio - - - - - - - - - - - - - - - - - - - - - - - - - - - - - - -
Francisco magero. . . . . - -. . . . . . . . . - -. . . . .
Lourenso de macedo - - - - - - - - - - - - - - - - - - -
anthonio de rosaijro - - - - - - - - - - - - - - - - - - - - -
domingo de rosaijro - - - - - - - - - - - - - - - - - - - - - - - Idem - - 2 —
1654. Persoonen die Transporteere
sold.ten genieten
46. persoonen verdeelt in vijff
zuijder buijten posten als —
7: op de waght plaets paijmel
pedro pinto - - - - - - - - - - - - - - - - - - - - - . jder sm=r. 2 —
2: Logie dienaers
4. soldaten
een huijs dienaer. . . . . . . . . . . . - - - - - - - - - - - - - - -
een bootsschaplooper - - - - - - - - - - - - - - - - - - - - - - - - - jder. . . . 1 —
paul de motta - - - - - - - - - - - - - - - - - - - - - - - - - - „ tolck. . . - - „ 6 —
7: persoonen Ter residentie
Calicoijlan
1: tolck
9: in de sterre schans —
Peza
sold.t. genietens 13
jder sm rs rx. 2 1/16
wat
wimt
rx. 3 1/3
r.4 —
r
er. 2½
. 1¼
3 1/3
erm.
3
. 2
en 22-
„
2"
NL-HaNA_1.04.02_1547_0590.xml,"qualiteijt en maandel.
1654. Persoonen P„r Transport
beholdingh
zoldaten
1. anthonio de rosaijro - - - - - - - - - - - - - - - - - - - - -
1. anthonio Caldero - - - - - - - - - - - - - - - - -
1. mattheus Lopis - - - - - - - - - - - - - - - - - - - -
1. Lourenso reberro - - - - - - - - - - - - - - - - - - 1 der sm. r r. s 2 —
1. manuel fernando. . . . . . . . . . . . . . . . . . . .
1. pasquael de almeda. . . . . . . . . . . . . . . . .
1. mattheus rodrigos - - - - - - - - - - - - - - - - -
1. Pedro Lopis - - - - - - - - - - - - - - - - - - - -
1. pasquael Lopes - - - - - - - - - - - - - - - - - - - -
1. domingo moljer - - - - - - - - - - - - - - - - - - - -
1. Ioan mendis - - - - - - - - - - - - - - - - - -
6. naijros off dierlants. - - - - - . . . . . . . . . . sold ten jder. . 1 —
7. Toepasse op de waght
plaets Erva als
1: Corporael —
6: zoldaten
. . . . . . „
d. os genieten
als boven. 2—
genieten
12. op de waght plaets
parroe
1. Joris Cardozo - - - - - - - - - - - - - - - - - - - - - Corp:l - - . - „ 2/3
1. salvador pinto. . . . . . . . .
1. francisco fonsecka. . . . . . . - - - - - - - -
1. bastiaen fernando. . . . . . . . . . . . . . . . . . . .
1. francisco rodrigos - - - - - - - - - - - - - - - . . . .
1. anthonij magero - - - - - - - - - - - - - - - - - -
1. thome was. . . . . . . . . . . . . . . . . . . . . sold.ten jder. 2 —
1. Ioan de Croes. . - - - - - - - - . . . . . . . . . . . . . tolck. . . 3 1/3
- - - - - - - - - - - - zoldaten jder 2 1/3
. . .
6. toepasse zijnde - - - -.
1. manuel Lopis - - - - - - - - - - - - - - - - - - - Corp:l - - - - 2.
1. tot respecte vande Logie zijnde. - - - - . . . . . . . . . naijro. . . . 2
1. ordinaire Logie - - - - - - - - - - - - - - - - - - - dienaer —3
1. wordende gebruijckt voor - - - - - - - - - - - - - - - . boots. loper. 1 1/3
1689 Persoonen die Transporteere
11: Ter residentie angienga"
NL-HaNA_1.04.02_1547_0591.xml,"1689 Persoonen Pr Transport
1. Ignatio gonsal - - - - - - - - - - - - - - - - - - - - - - - . tolck rx. 4
1. thome de mello - - - - - - - . . . . . . . . . . . . - hooft der lascor. 2 —
6. welcke aend' Logie bennen bescheijden zijnde. . . . . . . . . lascorijns jder. 1 —
1. gemeen - - - - - - - - - - - - - - - - - - - - - - - - - - - huijsdienaer. 1 —
31. Persoonen inlantsz. dienaren
ter vestingh Cananoor die in
diverse gelegentheden worden geb=t
en haer diensten komen te doen
als volght
1. welcke 'sComp. s boomen havent off anders - - - - - - teijssedoor. 1¼
7
0.
1. Coelij sijnde. . .
^
1 die mist voor 'sComp. s thuijn raap en 'tsort van die
5. vaste dienaers als
. 2. die water dragen ten huijse van 't opperhooft en
3: die geduurigh in 'sComp=s thuijn bezigh sijn
1. zijnde 's Comp. s Leijffeijgen geniet tot toespijs - - - - - „ smaants. „ — ½
13. naijros off dierlantsz. zoldaten die aldaer tot overbrengen
van brieven nae Cochim als oock tot geleijts mannen
wanneer men van 's Comp. s wegen landwaert in moet
wesen worden gebruijckt als—
vuijligheijt zuijver zijnde. . . . . . . . . . . Jongen. — 3/8
1. oenimbaer - - - - - - - - - - - - - - - - - - - - - d=o. 3¼
1. anthonij de soura. . . - - . . - - - - - . . . . . J. o - - - d=o. 2 —
1. inlander sijnde. . . . . . . . . . . . . . . . . . . timmerm. 3 —
1. moccadon off - - - - - - - - - - - - - - - - - oppass.o van 'twee 2 —
5: dienaers off - - - - - - - - - - - - - - - - Coelis ont„ 25¼
1. beditchembaer - - - - - - - - - - - - - - - - - d-o 2¾
1729„ 3. persoonen die Transporteere
1. Cora - - - - - - - - - - - - - - - - - - - . . . Inlants sold. t 4 —
fangen sm=tr
jdersm=r
„ domingo figeredo - - - - - - - - - - - - - . . . . . . . - hooft tolcq „ 4 —
. . . . . . . . . . . . . grashaelder. 1—
1. - - d=o. . . „. . - - - - - - - - - - - -. -. . wisselaer . 3—
2. sijnde - - - - - - - - - - - - - . . . . . . . . . . . koewagters 1 —
1. zijnde - - - - - - - - - - - - . . . . . . . . . . . thuijnier „ 2 —
1. d=o - - - - - - - - - - - - - - - - - - - - - - paerdeknecht 2 —
9. Der Residentie Ten„
gapatnam
qualiteijt en wat elck
'smaants erlanght
maandel.
en
s
rx. 2 —
nieten
. 2 —
.1—
der. 2 —
der 2 1/3
1d
per 1 1/3"
NL-HaNA_1.04.02_1547_0592.xml,"qualiteijt en wat
jder p. r m. t wint
d' persoonen die in en ontrent
d' stadt Cochim zijn bescheijden
1729„ 3. Persoonen P.r Transport
13. persoonen
ve
1729 Persoonen Europiaensz. en Inlantsz s Comp. dienaren
present nae gedane monsteringh bij Leevigenden Lijve op de
gantsche Cust malabaer in wesen bevonden
1. oemeldembaer - - - - - - - - - - - - - - - - - - inlants sold:t rx. s 2¼
1. Cannetjenbaer - - - - - - - - - - - - - - - - d=o „ 2¼
1. thora Coejanne. . . . . . . . . . . . . . . . . d=o. 1
1. Coesame. . . . . . . . . . . . . . . . . . d=o . 1 1/12
1. Canna. . . . . . . . . . . . . . . . . . . d . 1 1/12
1. ramer. . . . . . . . . . . . . . . . . . d=o 1½
1. Canara. . . . . . . . . . . . . . . . . . . . . _=o. . 1½
1. Coenja - - . . . . . . . . . . . . . . . . do—. 1½
1. tsando. . . . . . . . . . . . . . . . . . . d=o. 1½
1. kelpa - - - - - - - - - - - - - - - - - - - „ d=o. 1¼
dese rol komt met d' guarnisoenboecken
deser steede (voor zoo veel des EComp. s europiaens
en Eenige Jnlants. dienaers aen gaet waer van
is door ons als Expresse gecom„
haer reecq. e bij dese zoldijeboecken Cours hebben
mitteerdens bij gewoont
onder hedigen datum (als volgens d'rollen ons —
van Coijlan, en Cananoor toegesonden) behoorl. —
Johannessers
te accordeeren
Luijtenant i
Cochim Ten Zoldije Comptoir Adij ult„o
Bett van de graff
vaenderigh
Iunij Anno 1694.
Jh
Mattlusz.
guarnisoenschrijver
d' monsteringh raackende
SAm
J„b H„s Stalburger
Mulder
G
Ns.
9"
NL-HaNA_1.04.02_1547_0593.xml,"273
et
Corte Tsamentreckingh der vooren aengehaelde
Europiaensz. en Inlants. 'sE Comp. s bediende welcke
onder dato ult„o Iunij a. o 1694. bij gedane monsteringh
ter custe malabaer in wesen zijn bevonden maacken„
de gesamentlijck uijt een getal van
729 Persoonen zoo van d' Commersie militie als andersints
989. Europiaens. dienaren te weten
761. tot Cochim en in desselvs omleggende buijten posten als —
1. d„o Dalexander wighmans Coopm. en p. l oppergesaghebben
42. tot bevorderingh vand' negotie
1. p. l oppercoopm. d' E. abraham Vinck
8. ondercoopluijden
1. opperstuerm. bekleedende ondercoopm. bedieningh —
6. boeckhouders
16. adsistenten
8. p. s d. os en zoldaten bij d' pen
2. J. o tolcken
42. persoonen
5. tot d' gods dienst kerck en school
10. over 't hospitael en Chirurgijns winckel
19. die aen verscheijde diensten worden gebruijckt
566. militaijre als —
469. in de stadt daer van
330. zijnde het ordinarij guarnisoen
1. Capiteijn Luijtenand
1. Luijtenant
2. p. e d=os
1. vaendrigh
1. p. r d=o
26. sargiants
33. Corporaels
4. scharmeijblasers
16. tamboers
245. schildergasten, daer van 16 sieckel.
139. die tot Colombo thuijs hooren
1. luijtenant
6. zargiants
11. Corporaels
2. schrijvers
4. scharmeijblasers
4. tamboers
111. schildergasten waer v. 4. Jmpotent
139.
469. persoonen
989. 761. 637. 469. persoonen die Transporteere
wat
wint
rx. 2
ƒ
-
-
„
1½
. 1½
ƒ
1½
1½
ƒ
1¼
aren
op de
ken
opiaensz
van
hebben
ons —
behoorl. —
ult„o
1 1/2
1/2
1/2
1
2
2¼"
NL-HaNA_1.04.02_1547_0594.xml,"989. 761. 637. 469. Persoonen P. r Transport
91. Cochimse volckeren tot besettingh der buijten posten als—
38. ter fortresse Cranganoor
1. sargiant
4. Corporaels
1. tamboer
32. schildergasten
2. tot paliaporte
1. Zargiant
1. Corporael
3. tot anaudaporam
1. zargiant
2. Corporaels
3. tot Cocheripole
1. Zargiant
2. Corporaels
2. tot manjepare
2. Corporaels
2. tot Castello
1. zargiant
1. Corporael
9. tot Cheramangalon
1. Corp. l der adelborsten
8. schildergasten
12. tot manicoorde
1. zargiant
2. Corporaels
9. schildergasten
-
2. tot S. t andries
1. Corporael
1. Zoldaet
1. Corporael tot alepee
1. tot Caijcetto
3. tot porca
1. Corporael
2. zoldaten
8. tot pagodinjo
2. Corporaels
6. zoldaten
2. tot warapolie
1. Corporael
1. zoldaet
3. tot Caliacatie
1. Corporael
2. zoldaten
91. persoonen
560. militaire tsamen
989. 761. 637. persoonen die Transporteere
ƒ
8"
NL-HaNA_1.04.02_1547_0595.xml,"274
989. 761. 637. Persoonen P. r Transport
62. zeevarende (daer onder 7. inpotent) die voor tegenwoordigh
mits den regen tijt tot alle diensten worden gebruijckt,
dogh zijn anders verdeelt als volght
17. inde Stadt als
1. stuerm. en opsiender der Equipagnie
1. derdewaeck
1. opperzeijlmaecker
1. zeijlmaacker
2. quartiermeesters
1. schrijver
10. mattroosen als
3. op de zaagmoolen
7. inpotemt
45. op diverse Jachtjes en andre vaartuijgen
14. op 't Jachtje d' Jager
1. opperstuerman en gesaghebber
1. derde waeck
1. p. e bootsman
1. botteliersmaet
10. mattroosen
9. op 't vaartuijgh de platluijs
1. schiemansmaet
1. quartier meester
7. mattroosen
9. op 't vaartuijgh d' hooijwagen
1. p. e quartiermeester
8. mattroos.
7. op 't vaartuijgh de steenbock
1. p. e quartiermeester
6. mattroosen
6. op 't vaartuijgh d' kaarsla
1. quartiermeester
5. mattroosen
/45. persoonen
62. zeevarende 'tsamen
13. bij d'artiljerije als —
11. inde stadt
1. Constapel
1. tweede d=o
1. Constapelsmaet
8. bosschieters
2. tot Cranganoor
1. Constapelsmaet
1. bosschieter
13. persoonen
989. 761. 712. persoonen die transporteere
en als —
-
1"
NL-HaNA_1.04.02_1547_0596.xml,"989. 761. 712. Persoonen P. r Transport
40. ambachtsluijden als —
10. smiths
1. meester smit en Capiteijn des armes
1. . d=o knecht vand: groffsmits
4. groff smits
1. voorslager
2. roer en slootemaackers
1. Coperslager
3. Cuijpers
18. scheepstimmerluijden
1. meesterknecht
17. gemeene
4. blockemaackers
2. blockemaackers
2. onder d=os
4. draijers —
2. draijers
2. J. o d=os
1. baas der toepasse huijstimmerluijden
40. persoonen
3. tot Canara, en wingurla
2. tot Canara
1. adsistent en resident
1. schrijver en taelman
1. adsistent en resident tot wingurla wordende hij als nogh —
door d' mooren (die anno passado d' Logie overrompelt
hebben) in hechtenis gehouden
4: gegazieerde persoonen die haer onderhout uijt 's comp. s kleijne
Cassa Erlangen
1. geweese zargiant
1. . . d=o Corporael
2. -. - „ - . zoldaten
Nogh
2. vrouwen die oock door den Cassier worden voldaen
„moeder
1. zijnde binne „ in diaconije huijs
1. - - „. . stadsvroet vrouw
761. persoonen waer onder 1. binne moeder, nevens 1. vroet
vrouw, in en ontrent Cochim bescheijden
989. 761. persoonen die transporteere
89"
NL-HaNA_1.04.02_1547_0597.xml,"275
137. Europiaense 'sComp. s dienaren ter fortresse Coijlan
als in desselfs onderhoorige buijten posten
100. binnen d' fortresse bestaende uijt
6. pennisten als
1. ondercoopman
3. adsistenten
1. p. e d=o
1. „. schoolmeester
2. bij Chirurgije
1. opperchirurgijn
1. derde d=o
86. militaire als volght
1. vaendrigh
3. Zargiants
1. Corporael der adelborsten
10. Corporaels
1. tamboer
70. schildergasten
4. bij d'artiljerije
1. Constapel
3. bosschieters
2. ambachtsluijden
1. bottelier
1. cuijper
989. 761. Persoonen P:r Transport
100. persoonen
37. op diverse waghtplaatsen en Residenties als —
27. op Calicoijlans aijwiecke in de sterre schans
1. Zargiant
4. Corporaels
1. tamboer
19. schildergasten
1. onderchirurgijn
1. quartiermeester
1. Corporael in d'wachtplaats paroe
1. . . . d–o. . „. . . . . „. . „. . . . paijmel
2. ter residentie Calicoijlan
1. adsistent en resident
1. Corporael
1. Corporael inde waght plaets peza
2. inde waghi Coijlans strant
1. Corporael
1. zoldaet
2. ter residentie ten gapatnam
1. adsistent en resident
1. Zoldaet
1. adsistent en resident tot angienga
137. persoonen
989. 898. persoonen die transporteere
37. —
—
kleijne
et"
NL-HaNA_1.04.02_1547_0598.xml,"9.
989. 898. Persoonen P„r Transport
91. persoonen Europiaensz. tot Cananoor als
4. pennisten
1. Coopm. en opperhooft
1. boeckhouder
2. adsistenten
1. chirurgijn
75. militaijre als
1. vaendrigh
2. sargiants
8. Corporaels
1. tamboer
64. schildergasten
5. bij d'artiljerij als
1. Constapel
4. mattroosen
1. ondercuijpen
1. Smith
1. timmerman
2. metselaers
1. gegazieert gewese soldaet
91. persoonen
989. persoonen die voor Europianders worden gereeckt
740. Jnlantsz. dienaers en maandel. k Loontreckers die mede te deser
Custe in verscheijde manieren worden gebruijckt als —
607. tot Cochim en in desselvs omleggende buijten posten
393. in de stadt waer van 272. tot Colombo zijn bescheijden
5. militaijre officiers —
3. Capiteijns
2. vendragers
3. tolcken
2. portugeese schrijvers
1. Chrisna admirael zijn soon
1. wisselaer
2. thuijniers
1. Jnlants. dockter
1. wasser
1. opsiender der Cromhouten
1. voorslager
3. dienaers ind' negotiepackhuijsen
2. d=os off bootschapplooper bij d'e oppergesaghebber
13
2. in s Comp. s dispens
2. bij d' Eliphanten
1. geweldiger op 't Eijland baijpin
1. stads bode —
1. macquadon
1729. 607. 393. 30. persoonen die transporteere —"
NL-HaNA_1.04.02_1547_0599.xml,"276
1729. 607. 393. 30. Persoonen p. r transport
45. Lascorijns als
33. tot alle voorvallende slants diensten
4. bij d'administrateur
1. bij den ontfanger
4. bij d' Iustitie
3. welcke in 't bestormen van 's vijands sterckte visia poeram
zijn gesneuvelt aen welckers nagelaten vrouwen en
vrunden voor jder een rx. r smaants tot onderhout
wort verstreckt
45. —
18. moorse mattroosen
28. toepasse ambachtsluijden die haer reecq. bij d' zoldijeboecken
voortloopen
24. timmerluijden
19. bij d'fortificatie
5. . „. . scheepstimmeragie
2. blockemaackers
2. metselaers —
272. militaire welcke tot Colombo thuijs hooren als —
109. balies op d' punt uijtreght
1. Capiteijn
1. vaendrigh
3. sargiants
8. Corporaels
2. tamboers
94. zoldaaten waer van 7. impotent en 1. in hechtenis —
63. amboonesen op d' punt vrieslant
1. Luijtenant
1. vaendrigh
5. sargiants
1. schrijver
4. Corporaels
1. rolleser
1. tamboer
49. schildergasten
63. —
49. maccassaren op het hoornwerck
1. vaendrigh
2. sargiants
3. Corporaels
1. rolleser
1. tamboer
41. soldaet daer van 1. in 't hospitael
49. —
1729. 607. 393. 393. 21. Persoonen die transporteere —
28. -
109. —
502"
NL-HaNA_1.04.02_1547_0600.xml,"1729.6
1729. 607. 393. 393. 231. Persoonen p. r Transport,
1. vaendrigh
2. Zargiants
4. Corporaels
2. tamboers
42. gemeene
272. persoonen
393: persoonen ind' stadt
214. toepasse militaire op diverse buijten posten te weten
162. komen haer dienst te doen als volght
59. ter fortresse Cranganoor —
1. sargiant
5. Corporaels
1. Colck
47. soldaten
10. zoldaten tot paliaporte
10. d=os - - „ anandaporam
10. - . „. - - - - „ Cocheripole
12. tot manjepare
1. vaendrigh
1. sargiant
10. soldaten
7. zoldaten tot Castello
6. d=os „ cheramagalon
7. -. . . „ . - - - „ manicoorde —
6. -. . . „ - - - - „ s. r andries
6. - - „. . -. . „ alepee
6. -. . „. . . . „ Caijcetto
11. - - „ - - - - - „ porca
11. tot Calicatia
1. sargiant
10. Zoldaten
6. -. . „. . . . . . „ pagodinjo
162. persoonen
52. Lascorijns zijnde verdeelt als —
11. tot sera d'alva
1. Capiteijn Luijtenant dier volckeren
10. gemeene —
6. tot Iddecalatie
1. aratje
5. gemeene
1729. 607. 607. 214. 17. persoonen die transporteere
51. toepasse militaire op d' punt gelderlant
51. —
54. —
12. —"
NL-HaNA_1.04.02_1547_0601.xml,"277
5. Lascorijns tot Compare
5. d=os - - - „ Trenaledij —
5. -. . „ - - - - - „ taijecatie —
5. -. „ - - - - - - „ anandaporam
5. - „. - - . . . . „ Cocheripole
5. - . „. . . . . . „ sjonne Care
214. Jnlantse dienaren op d' buijten posten
607. tot Cochim en in desselvs onderhoorige buijten posten
6. inlantse dienaren tot Canara —
1. hooft dienaer
1. macquadon
1. vlaggeman
1. portien
2. brieffdragers —
6. stx.
96. inlantse dienaren ter fortresse Coijlan als in desselvs omleggende
buijten posten
20. binne de fortresse
2. tolcken
1. 7. o d=o
1. geweldiger,
1. hooft macquadon
2. timmerluijden als
1. baes
1. gemeene
2. metselaers
1. baes
1. gemeene
1. thuijnier
1. opsiender der vaertuijgen
1. wisselaer
8. toepasse militaire
1. Corporael
7. soldaten
20. —
76. persoonen op diverse residenties en wagtplaetsen als —
7. soldaten tot aijwiecka
1. - - d_o - . „ s. r andries
6. -. . - d=os. - - „ peza
9. -. . . „. - - - - - „ sterreschans
7. ter residentie Calicoijlan
1. Colck
2. logie dienaers
4. zoldaten
5. . „. . . . . „ manjepare
52. —
1729. 607. 607. 214. 17. persoonen p. r Transport
1729. 709. 96. 30. persoonen die transporteere
7."
NL-HaNA_1.04.02_1547_0602.xml,"1729. 709. 96. 30. persoonen p:r Transport
7. Zoldaten tot paijmel
11. ter residentie angienga
1. tolcq
1. Corporael
6. zoldaten
1. naijro
1. Logie dienaer
1. bootschaploper
9. ter residentie tengapatnam
1. tolcq
1. hooft der Lascorijns
6. lascorijns
1. Logie dienaer
12. d=os - - - „ paroe
7. - . „. . . . „ Erva -
96. inlantse dienaers in en ontrent Coijlan
31. inlantse Loontreckers ter vestingh Cananoor
2. tolcken
1. timmerman
1. wesselaer
1. mocquadon
2. beeste wachters
1. lijffedoor
1. thuijnier
1. paerde knecht
1. gras haelder
1. J. o in 's Comp. s thuijn
5. vaste in dienst zijnde Coelis
1. 's Comp. s Leijffeijgen
13. naijros die als brieffdragers gel: anders worden gebruijckt
31. persoonen
740. inlantse dienaren op d' Custe malabaer
Mo
1729. Europiaensz. en Inlantsz. sComp. s bediende welcke 'tsamen
op dese gantsche Cust malabaer gelijck hier vooren is aen„
gewesen zijn Continueerende.
76. persoonen"
NL-HaNA_1.04.02_1547_0603.xml,"en
aen„"
NL-HaNA_1.04.02_1547_0604.xml,
NL-HaNA_1.04.02_1547_0605.xml,
NL-HaNA_1.04.02_1547_0606.xml,
NL-HaNA_1.04.02_1547_0607.xml,8
NL-HaNA_1.04.02_1547_0608.xml,
NL-HaNA_1.04.02_1547_0609.xml,278
NL-HaNA_1.04.02_1547_0610.xml,"J=o W:t Namen toenamen, en geboorte plaatsen... ..
60. ƒ 60. Jurriaan
5. 26. pieter. . . „ opterwiet vander goes --
. 36. Albertus Lunink van hattum. . . . - - -. . - „ d:o chirurgijn
6. 11. willem. pietersz van ankevieen. . . . . . . . . . „ mattroos„
—. 10. pieter. . . de grande van middelburgh - - - - - - - - - - „ d=o
7. 5. willem - . . „ selliers van Cas. ..
9. 12. Jacob. . . . van swieter van - oudewater. . - - - - - „ bosschieter „ d=o. sl:s wel
63. 6. leender
64. 10. Arent
16.5. 12. Jan
71. 11. willem Jansz van Oostwout. . . . . . . . . . . „ martroos„
75. 14. matthijs. . . „ hallier van coperwijk. . . - - - . - - . „ bosschieter„
16. 10. Arent. . . Jansz glinker van Amsterdam. . . . . . . „ mattroos„
161. 20. Jan . pietersz: kar van hoorn. . . . . . . . . . . . . . adsistent, sorgen, peij
181. 48. Ian- - - „ Cornelisz: schoeuder van Enkhuijsen. . . - „ opp:r hierm:, date voor, den
186. 22. Coert. . mourits van halbershad. . . . . . . . . . . „ Constabel„
9. gerrit. . vanhouten van mosijk.- - - - - - - - . . . . C: Corporaal „ d=o. zal
20. 9. Gerrit
66. 9. Jacob. - . Cloot van amboina - - - - - - - - - - - „ d=o
70. 5. Ian. - - . hendriks van amsterdam. . . . . . . . „ Jongen„
17. 7. Christoffel. pietersz van batavia - - - - - - - - - - - - - „ J:o d=o
—. 12. barent . . roeloffs van gotterburgh . . . . . . . . . . „ provooc -„
79: 7. anthonij aggies vanbanda. . . . . - - - . . . . „ 7: matt:s „
80. 6. marcud steur vangale. . . . . . . . . . . . . „ Jongen
—. 13. Isbrand. . „ Cartens van Vrieslant. . . . . . . . „ matt. s. . . „
81. 9. hendrik. . „ Linink van hattum. . . . . . - /: ond:r chirurgijn:
85. 9. dirk. . . . haak van tholhuijs - - - - - - - - - - - - - - - - „ matt.:s . „ pr„ waal
86. 7. Abram. . . anthonis van amsterdam. . . . . . . . . „ V: d=o„ f„ bantha
32. koppen, transporteere aand' omme zijde. —
aggies schipper van hoesum. . . . . . „ schipper - - Lictorm
13. 9. Adriaan Pietersz van Vlissinger. . . . . -. . matt:s —„ Oortsouburgh d:o oorlso
18. 14. Ioannes. . martensz vander Viere. . . . . . . . . . . . „ quartierm:r „ d=o. Een
Jansz van Coetermeer. . . . . . . . . . . . . . . „ matt.:s
22. 12. david - - - - davidse van schiedaan. . . . . . . . . . „ bosschieter „ d=o „ schouw
pietersz van tonningen. . . . . . . . . „ mattroos
druf van mallacca. . . . . . . . . . „ Jongen „ nank aan
hendriks van amsterdam. . - . - . . . . „ bosschieter, denor„ demo
87: 5: Cors. . . . „ Gerrits vanderhorst van amstv:. . . . . . „ Jongen„
„banth
indien
Monster Rolle dernaa
Dewelke op Dato Ultimo Ju
Der H=r Regeeringh totB
Namentlijk
qualit:tnet
presente
in'tland
schi
qualiteijt
gecomen
&
- . . . - - „ onder hierm: guariermw: schoo
ƒ
do
4=o „ desen
„ =o. d
„ d=„p
f. delek
indie
. voetba
„ridder
chiel
„
1050
8
. . . . . . . . . . . „ Iongen „ =. d
Binnen 't schip Cortgene No
-
—.
om
d=o
6"
NL-HaNA_1.04.02_1547_0611.xml,"279
der naarvolgende Personen
ultimo Iunij (agtervolgens d'ordre
tot Batavia sijn gemonsterd) en
Namentlijk
waar, en wanneer haar
qualit:t niet wat
in'tland
Iaar, Camer, s:o neete zijn geslooten tegoed
schip
gecomen
Lictormele reef: loopt op batavia in 't Casteel
,Jorgen, peijslw. t. . 1686. hoorn. Cochim. 15:e feb=rij 1694 ƒ 16. 13. 5. —. —. —. —. —. —
m: guartierm: schoondijk, 90. amst: afgeleijds: ult:o Iulij 93. 198. 16. —„ —. —. —„ in
&
: „ dons voor„ de waterm: „ 93. Enkh: waterm: 29:' d=o „ —„ 44. —. —„ —. —. —„ mn
ijn
„ g=t „ desen bod=m „ 91. Zeelant „ afgeleijded: „ ult:o d= „ —„ 61. 14. —„ —. —. —„—
„ d=o. d=o. „ —. d=o. d=os „ —. d=o„ —„
d=o. —. d=o. —„
d=o. d=o. —. d=o.
„ d=o. Zollant „ 89. d=o „ d=o. —. d=o. —. 63. —. —„ —. —. —„—
„ d=o. sl:s welvaren 91. d=o „ d=o „ —. d=o „ —„ 115. 2. 12. —. —. —„—
burgh d:o oortsouburg „ 87. d=o „ d=o „ —. d=o. —„ 30. 8. —„ —. —. —.
: „ d=o. Eenboery. 93. d=o. Eenhoorn 20:e 9ber: —„ —. —. —„ 7. —. —„
„ = „ spierdijsa „ 91. 6=. C:o colom: —. d=o. —. —. —. —„ 15. 1. 2. —
rij
„riederschap „ 90. d=o. d=o. —. d=o. — „ 16. 10. —„ —. —. —„ —
„schieland. „ 89. d=o. h=r dmour:s —. d=o. —. 84. 9. 5. —. —. —„ —
„indient „ 88„ d=o. d=o. „ — „ d=o. —„ 72. 12. —„ —. —. —„ —
d=o „ 93. d=o„
. . . . .
„reijgers daal„ 92. d=o „ sperwou„ 20:e aug=o „—
indienl. „ 93. d=o. .
--
d=o „ 91. d=os waddrixv: net:o Iulij. —„
„banthan „ 89. d=o. h: mourits„ 15:n aug=o„ —„
indienst. „ 93. d=o. batavia. 22:' d=o„ —„
„sr„ waalstroom „ 89„ d=o „ 6: m=s „ ult:o d=o„—„
„bantham „ 93„ d=o „ bantham „ —. d=o. —„
gene Nog In wesen Bevonden:
„mank aangenomen „ 91. amst:. afgeleijdeb: —. Iulij 93. 42. —. —. —. —. —. —
1= „ 6—„—. d=o. d=os „ —. d=o „ —„ 288. —. —„ —. —. —„ —
r„ d=o „ schouwen „ 89. d=o. Cochim „ net:o feb=r. 94. 20. —. —„ —. —. —„ mn
1–. voetboogh „ 89. d=o. d=o. —. d=o. —„ 22. 10. —„ — —. —. —
f. o. delek. - „ 92. d=o. d=o „ —. d=o. —„ 159. —. —„ —. —. —„ —
1=o. indienst. „ 93. d=o. d=o. —. d=o. —„ 40. 4. —„ —. —. —„ —
d=o „ —„ d=o. d=o„—. d=o. —„
d=o „ d=o „— „ d=o „ d=o „ —. d=o. —„ 24. —. —„ —. —. —„—
„dmoon„ demaas. . . „ —. d=o. d=o. —. d=o. — „ 42. 12. 2. —. —. —. —
29. 4. -„—
„
56. 18. 10. —
1. 10. —„ —
4. 10. -„ —
4. 13. 5. —. –
35. —. —„ —. —. —.
50. —. —„ —. —. -„
vermaakt
tequaat
off niet
ijt
el„
„
ƒra
„
„
gijn, st
„
„
6. —. —„ —. —. —„
. -. —
-. -. —„
-. -„
-
—. —„ 6. 9. 6. —
„
-
-
.„-
-
-
-
-
-"
NL-HaNA_1.04.02_1547_0612.xml,"32. Coppen P„r Transport van d' andere seijde. —
s=e W:t Namen, toenamen, en geboort eplaatsen - - - - - - - - qualiteijt
88. 5. thomas. andries van amsterdam. . . . . . . . . „ d=o
C. C.
—. 12. Arent. Jansz van amsterdam
121. 7. Jan pietersz: dixhoorn uijt twees huijs. - - - - - „ J:o matt:s „ d=o
122. 22. hendrik Croes van ditmorssen - - -
140. 6. pieter. Egbertsz: van derwi van rotterdam. . . „ Jongen „ daarvoor
0
141. 6. Carel. mighielsz tornejus van d=o. . . .
6. Claas Jansz: houtsager. . . . . d=o. . . . . „
182. 12. pieter. mighielsz Cors van amsterdam. . . . . . „ d
—. 12. david pereboom van rostok. . . . .
- - . niels van carels haverbijblieken insweder. - - „ d=o„
do
d=o
d
d=o.
do
d
9
58. personen zoo officieren, als gemeene, waar onder 9. moorse mattroosen.
2. leije Eijgen slaven vanden schipper Jurriaan aggies. —
60. p:rConen tesamen
872 5. Simon. parent, deJonge van amsterdam. . . . . . „ Jongen „ daarvoor
91. 12. Chaas. Jank doots van d=o - . . - . . . . . . . . „ matt:s . „
142. 5. harmen hendrikk boom raff . . . d=o - - - - „ d=o„
—. 14. dirs - „ van Camp en van barnevele. - - - - - - - - - - - - - „ kuijper „ mattroos
92. 11. Jilles vandenbroek - - - - - - - - - - - - - - „ matt:s soldaat
93. 20. Jan. Lourentsz: van amsterdam - - - - - - - - - „ ond: timm: daar voor
146. 12. nicolaas sitting van kokhoem. - - - - - - - - - „ mart=s „ d=o bor
d=o„ d=o
6
. 7½. mamethadamb=se - - - - - - - - - - - - - - „
—. 7½. noerou. d=o - - - - - - - - - - - - . . . - „
7½. miadsie. d=o - - - - - - - - - - - - - - - - „
7½. dandsie haas d=o. . . . . . . . . . . . . . ..
. 7½. withosie - d=o - - - - - - - - - - - - - - „
98. 7½5. abdoreman. - d=o - - - - - - - - - - - - - - - „
94. 7½. desobsie- moor - - - - - - - - - - - - - - - - - - - mattroos„
7½. aaldsie d=o. . . . . . . . . . . . . . . . „ d=o„
95. 7½. adseroff d=o - - - - - - - - - - - - - - - - - - . d=o „
Aldus gedaan, ende Gemonsterd Interij
leggende Geankerd In demodderdhaij op sem
qual.t int
presente
land
gecomen
8=o
d=o
„bosschieter„ d=o
- - - - - - „ ond: timm: „ mattroos.
do
„ d=o
d=o: d=o
d=o
—
„
d=o
d=o „
„
E
do
„
-
„
-
do„
do
-
-
185.
—
96
in
. . . . „
9
—
--
---
w
d
=in
d=o
wat"
NL-HaNA_1.04.02_1547_0613.xml,"vermaakt
280
schip
In't schip Cortgene den 30=en Iunij Anno 1694. —
waar, en wanneer haar
teguare
Iaar Camer
„1: reetw: zijn geslooten. tegaet
off niet
„ 93. amst: „ bantham, ult:o aug=o „ 93. ƒ 3. 6. 10 ƒ —. —. —.
bantham
d=o. —. d=os — „ 3. 6. 10. —. —. —. -
. —. d=o.
thoff van jlpendam „ 92. d=o „ colombo. —. 9ber: „ —„ —. —. —„ 28. —. —. —
nierop - - - - - „ 91. d=o. cochim. 15. Januarij. 94„ 7. —. —„ — —. —„ —
te
uijt
goudesleijn „ 85. d=os„ d=o: net:s teb=t„ —„ 18. —. —„ —. —. —„—
den Isselt. „ 92. d=o. d=o. —. Janu: „ — „ — —. —„ 4. 16. —„ —
rij
6o
feb=r — „ 15. —. —„ —. —. —„ mn
goudesteijn „ 90. d=o
„
3. 10 —„
. -. -„
aug=o „ 93„
princelant „ 92. delfe „ h: mourits„ —
22. —. —„—
-
„
voorschoten „ 85. d=os „ cachimn. —. Janu: 94„
14„
waddinxveer „ 93. ratterd=m, afgeleijde6: „—. Iulij. . 93„ 33. 12. —„—
-. —. —
:-
^
d=o „ —„ d=o. —„ 33. 12. —„ —. —. —„
„ —„ 6—„
„ —„ 8=o„ 8=„ —„ 8=o„ —: 33. 12. —„ —. —. —„—
„ —„ d=o„ d=o „ —„ d=o„ —„ 28. —. —„ —. —. —„
do
borssenburgh - - „ 92. d=o „ cochim. 15. feb=rij. 94. —. —. —„ 32. 12. —„ —
dewaterman„ 93. Enkh: „ waterm:. 29. Julij. 93„ —„ —. —„ 54. —. —„ —
„ — „ d=o„ d=o„ —. d=os. —„ 46. —. —„ —. —. —. —
d=o
10
-. —. —„ 78. —. —„
„ —„ 6—„ d=o„ —. d=o. —
6
inbengala indienk 92. aangenomen tsoedo ballanc:t hun j:o reek: in cachim ult:o feb=m 94 gesl:
e
—. —. gelijk vorengesegt
-
6—. —. als voren
als boven
do
als Even
idem
adidem
6
do
do
emaladaarsz: Cust. —
JCurfiggies
Accordeert met de boeken
In kennisse van mij. —
1
F
met wat
-
-
-„—„
„—:
„
-„
„
„—„
2
8=o
-„ —„"
NL-HaNA_1.04.02_1547_0614.xml,
NL-HaNA_1.04.02_1547_0615.xml,"No. 16
281"
NL-HaNA_1.04.02_1547_0616.xml,"1: de weduwe van Cornelis verdonck zal=r - - - - - - - Capiteijn Luijtenang
1. de weduwe van Jacobus parmentier zal=r - - - - - - - boekhouder - - - --
minne
26. huijsgesinnen
huijs gesinnen Namen en toenamen - - - - - - - - - - - - - - qualiteijt- --
1: D: E Heer Adriaen van ommen - - - - - - - - - - - - Commandeur -
1: s=r Leendert adriaens: blanckert - - - - - - - - - - opperstuurman. .
1: d' Eerm:e h=r gerrardus deoude - - - - - - - - - - - - - predikant - - -
1: dedominicus d'charonnes - - - - - - - - - - - - Capiteijn - - -
1: d E alexcander wighmans - - - - - - - - - - - - - - - Coopman - - -
1. dE cornelis blicklant - - - - - - - - - - - - . Capiteijn Luytenant
1 S=r Iacobus van outshoorn - - - - - - - - - - - - - - onderkoopman. .
1„s warnaar van der knaap. . . . . . . . . . . . . . . . . . . - d=o. . .
1: Joan adamsz: stalburger. . . - - - - - - - - - - - . . . . . . d=o . ..
1: s=r barent ketel - - - - - - - - - - - - - - - - - Luytenant. . .
1. S=r marselius goesius - - - - - - - - - - - - - - - - onderkoopman
1. Jme roeloffsz bloemendael - - - - - - - - - - - - baas timmerman.
1: uldrix van der hoek - - - - - - - - - - - - - - - - d=o
1: d E pieter Coesaart - - - - - - - - - - - - - - - - - secunde -- -
1: d E abraham vinck - - - - - - - - - - - - - - p:s oppercoopman.
1: S=r Ioan van Raasvelt - - - - - - - - - - - - - - - - - - d=o. -
1. s=r Ioannes scholten - - - - - - - - - - - - - - - - - - - - d=o . -
1. S=tr Ioannes wighmans - - - - - - - - - - - - - _=o - -
1. s=r Casper cassarius - - - - - - - - . . . . . . . p„r d=o - . -
1: hans george tarant - - - - - - - - - - - - -. p=l vandrigh - - -
1: hendrick paauw - - - - - - - - - - - - - - - - - - - d=o
1 Ritchart bremer- - - - - - - - - - -
1: Coert Ians - - - - - - - - - - - - - - - - - - - - m=r kneght der d=o
1: Isaac Constant. - . . . . . . . . . . . . . . . . . _=o . . ..
40
90
9o
40.
Europiaanse Mans Me
Specifcatie van de volgende getruw
die op heeden, Ter ordre van d' E. H:r Commandeur
de ondergeteekende Gecommitteerdens Ten ovsta
oudshoorn in't opneemen derselver Bevonden
Namentlijk.
_o
. . . .
. . . .
. . . . ."
NL-HaNA_1.04.02_1547_0617.xml,"282
83
vrouwen lingen
derent.
geruwde Persoonen met haare familjen,
anur Adriaan van Ommen, door
Ten overstaan van den fiscaal s:r Iacobus van
Bevonden hebben binnen deser stadt woonagtig te zijn
Me Europiaanse vrouwen—
&
rans vrouw: soons: dochters swager susters, dienaers verije op weden Jongens meijden slatenkin te somen —
1: 1: - - - - - - - - . 1: - - - 1: - - - - - - - -
8 3. . . . . 15: —
9: 3 24: —
1. - - - - - - - - - - - - . 1 - - - - - - - - - - - - -
11.
1. . . . . . 2 . - - -
– – – - - - - - - - - - - - - -
6. - - . . . 19. —
9
1 - - - - - - - - - - - - - - - - - - - - - - - - - - - - - - - .
2. - - - - 7 —
3:
1 - - - - - - - - 3 - - - - - - - -
4. 1. 15 —
2 - - - - - - - - - - - - - - - - - - -
8. - - - - . 24. —
3 - - - - - - - - - - - - - - - - - - - -
4.. 17: —
4.
1. 10. —
2.
5
2 24. —
4. 15: —
1. 10-
21. —
1. 13. —
2 12. —
2
1. 13 —
2
2 12. —.
4.
3 1 11 —
4. -. . -. . 9:
6.. . 17:
3. . . . . . 10:—
3. . - - . . 8: —
5: 2 15:—
2. . - - - . 4. —
. . . ... 2. —
3
3. 16-
4
1. - - - . . - - . . - - - -. 1. . . . ..
2
1 - - - - - - - - - - - - - - - - - - -
1: - - - - - - - - - - - - - - - - - - - - - - - - -
12
4.
4
2:
3.
2
2
4.
6
Transporteere 348:
1. 1. - - - - - - - - - - - - - - - - - - -
1. 1 - - - - - - - - - - - - - - - - - - - - - -
1 - - - - - - - - - - - - - -
1 - - - - - - - - - - - - - - - - - - - - - - - - - -
1 – - - - - - - - - - - - - - - - - - - - - - - - - - -
1. - - - - - - - - - - - - - - - - .
1 - - - - - - - - - - - - - - - - - - - - - .
1 1 4
„
. .„
—. - - —.
- . . .
. . . .
uytenant
man. .
1.
1.
1.
1.
1:
1
1.
1
1.
1.
1. . . . .
1. . . . . . . . . . . . . . . . . . . . . - - . . 1.
1
1
1.
1. - - - - - - - - - - - - - - - - - - - - - - - - - - .
1. 1 - - - - - - - - - - - - - - - - - - - - - - - - -
1
1.
1. . . . . .
1 2 - - - - - - - - - - - - - - - - - - - --
1.
1
1. – - - - - - - - - - - - - - - - - - - - - - - - - - - -
1. – – - - - - - - - - - - - - - - - - - - - - - - - - --
1 1
1
1. – - - - - - - - - - - - - - - - - - - - - - - -
1.
1.
. . . . .
- - . . . -
. . . . .
. . . .
- - - - - - - -
ig. . -
der d=o
man.
. . . „
. . .
man.
.
. . .
Luijtenant - - -.
--
. .
1.
1.
1
1.
1 - - - - - - - - - - - - - - - - - - - - - - - - -
1 - - - - - – – – - - - -
-
3.
3. . 8.-
--
5
1.
1.
2
6.
5:
ƒ
2:
3
3.
8:
2."
NL-HaNA_1.04.02_1547_0618.xml,"26. huijs gesinnen Naamen toenamen - - - - - - - - - - - - qualiteijt - - - m
1: Samuel mets - - - - - - - - - - - - - - - - - - - - - - - - - - Crankbesoeker.
1: daniel van tongeren - - - - - - - - - - - - - - - sargiant
1. hendrick weijts - - - - - - - - - - - - - - - - - - -
1: Elbert Jans - - - - - - - - - - - - - - - - - - - - - smits. . - - --
Europiaanse Mans met Castise
en mestise vrouwen
1: matthijs dircksz sonsbeek - - - - - - - - - - - - - - onderkoopman
1. Jeronimo toesijn - - - - - - - - - - - - - - - - - - zoldaat. . . .
1. de weduwe van willem pieter minnes zal=r - - - onderkoopm::
1: hans boet - - - - - - - - - - - - - - - - - opperstuurman
1 Jan beck weduwnaar - - - - - - - - - - - - baassunth - - -
1. willem ganderheijden - - - - - - - - - - - - kranck besoek=t
1. dideloff neander - - - - - - - - - - - - - - . vrijman - - -
1. de weduwe van Jacobus wittelingh zal=r - - - - - adsistent - - - --
1 pieter claas weduwnaar - - - - - - - - - - - - _=o
1. hendrick Jans. bont d=o stads boode - - - - - - - - d=o - - - 1 - --
1. de huijsvrouw van pieter bout - - - - - - - - - - - - - - - - - - - -
1: hendrick harmens - - - - - - - - - - - - - geweldige--.
1 de weduwe van christiaen galwarts zal=r - - - . soldaat - - - - . - . -
mun
54 huijsgesinnen
1. claas arents Loockman - - - - - - - - - - - - - _=o - - 1
1. d=o van Jan van rijk - - - - - - - - - - - - - - —=o - - - - -
1: menco harmanus - - - - - - - - - - - - - - - _=o
1. nicolaas boevijn - - - - - - - - - - - - - - - - - _=o
1. Joan bruijns - - - - - - - - - - - - - - - - - _=o
1. hendrick budde - - - - - - - - - - - - - - - - - sargiant. . . -
1 Jan Sibrants - - - - - - - - - - - - - - - - - - _=o - - - -
1 anthonij boevins - - - - - - - - - - - - - - - d=o - - -
1. steven pieters - - - - - - - - - - - - - - - - . _=o - . .
1. harmen barents - - - - - - - - - - - - - - - - - - - d=o - - -
1: dirck barents - - - - - - - - - - - - - - - - - - d=o - --
_o . . .
_o. . .
90
_o
_o
. . .
.
.. „
. . . .
_o
1 - - -
1
_o
_o
_o
_o
1"
NL-HaNA_1.04.02_1547_0619.xml,"P„r Transport Copper : 348. —
1: - - - - - - - - - - - - - - - - - - - - - - - - - - - : . . - . . . . . . . -. 4.
3
13
1. . . . . 1 - - - - - - - - - - - - - - - - - - - - - - - - - - 4:
3
1 - - - - - - - - - - - - - - - - - - - - - - - - - - - - - - - - - - - - - - -
5
3:
1: - - - - - - - - - - - - - - - - - - - - - - - - - - - - 2
2. . . . . . - - - - - - - - - - - - - - . - - - - . - - - - - - 5: 6.
6
2. - - - - - - - - - - 1: - - - - - - - - - - - - - - - - - - -
4. . . . ..
1. . . . . . . . . .
1. - . - - - - - - - - - - - - - - - - - -
5.
2
1 1 - - - - - - - - - - - - - - - - - - - - - -
3:
3.
5.
1
2
6.
1
„
- – – - - - - - - - „ 1. - - - - - - - - - - - - - - - - - - - - - - - -
1. 1. - - - - - - - - - - - - - - - - - - - - „ 2.
2. 4. 1. - - - - - - - - - - - - - - - - - --
1. 2 - - - - - - - - - - - - - - - - - - - - - - - - - - - - - 1.
1
1. - - - - - - - - - - - - - - - - - - - - - - - - - - - - - - - - - - - - - - -
1. . . . . 1. - - - - - - - - - - - - - - - - - - - - - - - - 2 2
5 - - - - - - 2 - - - - - - - - - - - - - 2. - - - - - - - 2 14
- - - - - 1 - - - - - - - - - - - - - - - - - - - - 5 4.
1
1
1
2 10
: 1: - - - - - „ 2. - - -„
Transporteere Coppen . . . 591.
9
5
3
1.
4 15.
2 - - - 1: - - - - 1 - - - - - - - - - 1. 4. 12
1 - - - - - - - - - - - - - - - - -
nvrouw soons dochkers swagers snooen wonten f oedelnekusters broederse lasterik: Jongens meijder
5.
6
x
1:
1
1.
1
1.
1.
1. . . .
1 2
1 - - - - - - - - - - - 1: - - - - - - - - - - - - - - -
1 - - - - - - - - - - - - - - - - - - - - - - - - - - 1.
1 - - - - - - - - - - - - - - - - - - - 1. - - - - - - - - - 2 2
1 - - 1 - - - - - - - - - - - - - - - - - - - - - - - 1
1
1
ƒ
-
– – – – – – – – – – – – – – – - - - – - -
1 - - - - - - - - - - - - - - - - - -
1. 1. - - - - - - - - - - - - - - - - - - - - - 1:
1
„
1
1
.
..
1.
. . . . . . .
1
1
2
1 - - - - - - - 2: - - - - - - - - - - - - - 2
2
1
4.
8
2.8
21
13
15
12
10
6
1.
283
3 - - - - - - - - - - - - - - - - - - - - - -
1 - - - - - - - - - - - - - - - - - - - - - 1.
1
1
a"
NL-HaNA_1.04.02_1547_0620.xml,"54 huijsgesinnen Namen - - - - - - - - - - - - - - - - - - - Qualiteijt - - - mans prou
1: Jan de revier - - -
1: de weduwe van sagharias waernick - - - - - - - - - - - - - - - - - - - - - -
1 hendrick Leendertsz van der wal - - - - - - - - timmerman. . .
1: de huijsvrouw van mighiel decker - - - - - - - - - - stierman - - - - - - - -
1. de huijsvrouw van vincentheck - - - - - - - - - - soldaat - - - - - - - -
1. adriaen siljech weduwnaar - - - - - - - - - - - - _=o - - -
1: hendrick Jans: moorenv liet - - - - - - - - - - - - - - - - - - - vrijman - - - -.
1: paulus van oudenaarden - - - - - - - - - - - - - - zoldaat - - -
1: Jacob van bordure - - - - - - - - - - - - - - _=o
1: hans michel rhee - - - - - - - - - - - - - - - - - - sargiant. . . . . . 1:
1 Leendert Leendertsz - - - - - - - - - - - - - - - - corporael - - -
1: dirck Jans: kraaij - - - - - - - - - - - - - - - - zoldaat-- - -.
1: Rasel ritchart - - - - - - - - - - - - - - - - - - _=o - - - -
1: Eycke Jans: - - - - - - - - - - - - - - - - - - - - Corporael - - - -
1 Joan scholten - - - - - - - - - - - - - - Corporael - - --
1. Jan Joost devisser - - - - - - - - - - - - - - - smith. . . - -.
1. Jan hoeck - - - - - - - - - - - - - - - - - - - sargiant - ---
1. Jacob martens - - - - - - - - - - - - - - - constabel. . ..
1. pieter Croes - - - - - - - - - - - - - - stirman. . . . ..
1. mighiel willems: - - - - - - - - - - - - - - soldaat --- -
1: philiph paulus - - - - - - - - - - - - - - - - - - d=o - - --
1 Joost desmith - - - - - - - - - - - - - - - - - - Corporael. - - -.
1: Jsbrant Cornelis - - - - - - - - - - - - - - - - sergeant. . . ..
1: Jan Laseber - - - - - - - - - - - - - - - - - - -timmerman —.
1: gerbrant - - - - - - - - - - - - - - - - - - - - d=o
1: dirck Ians - - - - - - - - - - - - - - - - - - - - _=o
1: Isaak Lubberts: - - - - - - - - - - - - - - - - - soldaat. - -.
1. Jacob persoon - - - - - - - - - - - - - - - - - timmerman. . .
1 govert hans: - - - - - - - - - - - - - - - - - - _=o - - - -
1: Jan bartels - - - - - - - - - - - - - - - - - Corporael- --
1: Jan odet - - - - - - - - - - - - - - - - - soldaat - - - --
1: claas lombaar - - - - - - - - - - - - - - - _=o - - - -
min
86. huijsgesinnen
_o
- - - - - - - - - - - - - _=o - - - -
. . ..
---
.. ."
NL-HaNA_1.04.02_1547_0621.xml,"„r Transport Coppen. —. 591.
vader moeder vrouw.
1. 3 5. . . . . . . . 11
1 - - - - - - - - - - - - - - . . . - - . . . . . . . . . .
1 - - - - - - - - - - - - - - - 3
1: - - - - - - - - - - - - - - - - - - - -
2 - - - - - - - - - - - - - - - - 9
1 - - - - - - - - - - - - - - - - - - - - - -
1. - . . . - . . . - - - - - - - - - - - - - - - - - - - - - - -
2 4. 8
1. - . . 1.
1. . . . . - - - - - - - - - - . - - - -
2. - . . .
1
2. . . . .
1 . . . . .
.mans, vrouw soons dochters susters schoon schoon vrije- opwoedeling:'Jongens meij den slaverk:
1 - - - - - - - - - - - - - - - - - - - - - - - - - - - - - - - - - - - - - - -
1. . . . . . . . . . . . . . 1. 1. . . . .
1 - - - - - - - - - - - - - - - - - - 1. - - - - - - - - - - - - - -.
1 - - - - - - - - - - - - - - - - - - - - - - - - - - - - - 1. -. . - -. 3.
1. - - - - - - - - - - - - - - - - - - - - - - - - - - - - - 2. 2
1 - - - - - - - - 1.
1. - - - - - - - - - 1. - . . . .
1 - - - - - - - - - - - - - - - 9
1 - - - - - - - - - - – – – - - - - - - - - - - - - - - - - - - - - - - - - „
10
2
1: - - . -.
4
2
1
1: – - - -.
1. - - . . . 6
1 - . . . . . 5
2. . . . . ..
4
1. . . . . .
2
3
3
1: 1 1 - - - - - - - - - - - - - - - - - - - - - - - - - - - - - - - - - 3
1 1 - - - - - - - - - - - - - - - - - -. 2. 4. - - - -. 10
1. - - - - - - - - - - - -
1 - - - - - - - - - - - - - - - - - - - - - - - - - - - - - - - - - . 2
1 - - - - - - - - - - - - - - - - - - - - - - - - - 2
1 - - - - 3 - - - - - - - - - - - - - - - - - - - - 2: 1. - - - - 8
1 - - - - - - - - - - - - - - - - - - - - - - - - - - - - - - - 1. - - - - 3
1 1 1 - - - - - - - - - - - - - - - - - - - - - - - - - - - - - - -
1 - - - 1 - - - - - - - - - - - - 1. - - - - . 1. - - - - .
1. - - - - - - - - - - - - - - - - - - - - - - - - - - - - -
Transporteere Coppen. 750. —
1
1. . . . . . . . . . . . . .
1 - - - - - - - - - - - - - - - - - - - - - - - - - -
1 - - - - 1: - - - - - - - - - - - - - - - - - - - - -
1 1. - . . . . . . . . . . . .
2
3.
5
G
1 - - - - - - - - - - - - .
1
3
1. . . . . .
„ 1 - - - - - - - - - - - - - - - - - - - - - - - - - - - - - - - - - - - - - - - - - .
1 . - - - - - - - - - - - - - -
1. . . . . . . . . . . .
1 2 - - - - - - - - - - - - - - - - - - - - - - - - - - - - - - - - - -
1 - - - - - - - - - - - - - - - - - - - - - - - - - - - - - .
„
1
- . . . 1
1
. . . . . . .
„
„
„
1
1
„
1
. . . . . .
-
.
1
1
1
. . . .
1„
1
1
. . – – – – – – – – - - - - - - - - - - - - - - - - - - -
1 - - . .
1
1
1 3 - - - - - - - - - - - - - - - - -
1. . . . . . . . .
3
2
6
8
284
28
„"
NL-HaNA_1.04.02_1547_0622.xml,"8 6. huijsgesinnen namen toenamen - - - - - - - - - - - - - - - - - - Qualiteijt . mans perou
1: de weduwe van karel Emmerick zal=r - - - - - - - boeckhouder - - --
1 Jan carels van derster - - - - - - - - - - seylmaaker
1: de weduwe van Jacob Linne - - - - - - - - - - - zoldaat - - - - -
1 Cornelis Jans doelman - - - - - - - - - - - - - - - soldaat. ..
mn
118 huijs gesinnern
1 Johannes sero - - - - - - - - - - - - - - - - - - - - - - - p=s Luijtenant
1. volckert dercks. - - - - - - - - - - - - - - smith --
1: christiaen vos - - - - - - - - - - - - - - - - - soldaat. . .
1: pieter cornelis - - - - - - - - - - - - - - - - - corporael
1 Johannes alewijns - - - - - - - - - - - - - - - - boekebinder
1: warnaar hendricks. . . . . - - - - - . . . . . d=o. ..
1 Jan hofman - - - - - - - - - - - - - - - - - d=o -.
1. carel nvetten - - - - - - - - - - - - - - - corporael
1 carolo Euberto - - - - - - - - - - - - - - - corporael
1. Lourens hellemont - - - - - - - - - - - - - d=o - -.
1 Jan dewalij - - - - - - - - - - - - - - - - - d=o -.
1 Jan Lucas - - - - - - - - - - - - . . . . . . . sargiant. .
1 Jacob pieters: - - - - - - - - - - - - - - - - - - - timmerman
1 Jan willems: - - - - - - - - - - - - - - - - - - corporael
1 Evert theunis - - - - - - - - - - - - - - - - - - d=o - -
1: dirck Jacobs - - - - - - - - - - - - - - - - - soldaat. - . . 1
1 Elias Jans - - - - - - - - - - - - - - - - - - - - soldaat. . ..
1 davit schenege - - - - - - - - - - - - - - - - - soldaat. --
1 giljam gernier - - - - - - - - - - - - - - - d=o-.
1. Jan debaar - - - - - - - - - - - - - - - - - - d=o - -.
1 Lucas Jans - - - - - - - - - - - - - - - timmerman
1 Lodewijck Jans - - - - - - - - - - - - - - - lamboer - - - -
1 pieter pieters - - - - - - - - - - - - - - -. trompetter-
1 Jan baptist - - - - - - - - - - - - - - - soldaat - -
1 Isaak Lourents - - - - - - - - - - - - - - - - - - soldaat - --
1 harmen pieters: - - - - - - - - - - - - - - - -. corporael. -
-.
1. de weduwe van christiaen Eenwalt zal=r - - - - corp=l. . . . . - - -
1 gerrit barents - - - - - - - - - - - - baas der huijs timmerl=de
1
1
1
1"
NL-HaNA_1.04.02_1547_0623.xml,"285
1 1. - - - - - - - - - - - - - - - - - - - - - - - - - - - - -
1.
1. 1: - - - - 1.
2 – – – – – – – – - –
1. . . . . 1 - - - - - - - - - - - 2 1 11. 10 2
1 1: - - - - - - - - - - - - - - - - - - - - - - - - - - - - - - - - - - -
4: 2 - - - - - - - - - - - - - - - - - - - - 1. - - - -
1 - - - - - 1: - - - - - - - - - - - - - - - - - - - - - - - -
1 - - - - - 1 - - - - - - - - - - - - - - - - - - - - - - - - - - - - - - - - - -
1: - - - - - - - - - - - - - - - - - - - - - - - - - - - - - - - - - - - - - - - -
1 – - - - 1 - - - - - - - - - - - - - - 1. - - - - - - - - - - - -
1 - - - - - - - - - - - - - - - - - - - - - - - - - - -
1 - - - - - - - - - - - - - - - - - - - - - - - - - - - - -
1: 1. 2 - - - - 1. - - - - - - - - - - - - - 2
1. . . . . 1. . . . .
1.
2
1. . . . -.
1:
3.
0
2 2
1. 2 1 - - - - - - - - - - - - - - - - 2 - - - - - - - - - - - - -
1 1: - - - - - - - - - - - - - - - - - - - - - - - - - - - -
„ 1: - - - - - - - - - - - - - - - - - - - - - - - - 3 -. -. . ..
1 - - - - - - - - - - -. 1 1 - - - - 6
„ – – – - - - - - - - - - - - - - - - - - - - - - - - - - - - - - - - - - - - - - -
1. – - - - - - - - - - - - - - - - - - - - - - 1. - - - - .
3 - - - - - - - - 8
1 - - - - - - - - - - . 5:
Transporteere Coppen
1.
3.
3.
3
1 - - - - - - - - - - - - - - - - - - - - - - - - - - - - - - -
1 - - - .
1. 2 - - - - - - - - - - - - - - - - - - -
mans prouw soons.- dochters susters secose superskop oedel vrijerrauw Jongens meyden slavenkind
3
P„r Transport —: 750. —
2
1
1 2 4 - - - - - - - - - - - - - - - - - - - - - - - - - - - -
1: - - - - - - - - - - - - - - - - - - - - - - - - - - - - - - - - - - - - - - -
1. . . . .
952:
. . . .
1
1
1
1.
1
1
1
1
1
1
- - - .„
1: - - - - - - - - - - - - - - - - - - - - - - - - - - - - - - - - - - „
1
1
1
1
. . . .
1
1
1
1
1
1
1.
1
1
1
-
.
-.
1 - - - - - - - - - - - - - - - - - - - 1. - - – – – – - – - - -
1 - - - - - - - - - - - - - - - - - - - - - - - - - - - - - -
1 – - - - - - - - - - - - - - - - - - - - - - - - - - - - - - 1. – – . -.
„ 1 – – – - - - - - 1 - - - - - - - - - - - - - - - - - - - - - -
1
„
1
1
2. - - - - - - - - - - - - - - -
2 - - - - - - - - - -
3 1. - - - - - - - - - - - - - - - - - - - - - - - - - - - 6—
1 - - - - - - - - - - - - - - - - - - - - - - - - - - - - - - - - - 3.
1 - – –
1. -. . . ..
1
6
3
5
2
4
12
3
2
1 1. - - - - - - - - - - - - - - - - - - - - - - - - - - - - - -
„
1
1"
NL-HaNA_1.04.02_1547_0624.xml,"1. de weduwe van balten Cannemans. - . . . . . . Corp=l
1. D=o van Ian Christoffelsz:. . . . . . . . . . Soldaat. . . .
_=o
1. D=o van Claas barentsz:. . . . . . . .
1. silvester Iacobsz:. . . . . . . - - - - - - - - - . sargiam
1. pieter pieterman. . . . . . . . . . . . . . . soldaat
1. de weduwe van Iacob legerant. . . . . . . . . D=o
1. _=o van Carel hendriksz:. . . . . . . . . . Corp=l. . . .
1. _=o van Jacob krijnen
1. de huijsvrouw van frans desnijder - . . . . sold„t —. . . .
1. andries quast - - - - - - - - - - - . m:r knegt der smits. . .
Xm
1. marten fredricksz:. . . . . . . . . . . . . . . . Corp=l
1. hans Iurgen koopman. . . . . . . . sold„t —
_o
90
1. bastiaen keertegael. . . . . . . . . . . soldaat
1. herman schreuder
1. Ian elkens. . .
1. de weduwe van mighel Chaveljer. . . . D=o
1. manuel thomasz:. . . . . . . .
1. de huijsvrouw van klaas van hembden.
Mestise en Castise mans en
vrouwen,
. . . . . . . meulenaar. . . .
1. Ian callebout - - - . . . . . . . . . Corp=l.
1. dirk siwersz:. . . . . . . . . . . . . . . . .
.„
1. Arent goosen - - - - - - - - - - - - _=o
1. Siwert elders - - - - - - - - - - - - - - - - - d=o
1. tijedoris noldus. . . . . . . . . . . . . . . .
1. cornelis van cappel - . . . . - - . . . _o
1. pieter siverijnsz: - - - . . . . . . . . Corp=l
1. matthijs Jansz:. . . . . . . . . . . . . . .
1. anthonij ackerboom - - - - - - - - - - timmerman
1. albert gerritsz:. . . . . . . . . . . Corp=l
118. huijsgesinnen Naamen en Toenaamen qualiteijt . mautouren
150. huijsgesinnen
1. Caspervolkertsz:. . . . . . . . toepasse- sargiant
1. Louis taijspil - - - - - . . . . . . . . . . . ondercoopm:
1. Joris coddingh - - - - - - - - - - - - - - - p:k boekhoud„r
1. Jaen Iosiasen . . . . . . . . . . . . . . . . . - - soldaat
_o
- - - - -. soldaat
_o
. . . . . . . . - . _=o
_o
. .
:.
„
11
. . . .
1
. . . .
. . . ."
NL-HaNA_1.04.02_1547_0625.xml,"286
=Transport Coppen 952. —
gers moeder
1. 1. 1. . . . . . . . . . . . . . . . . . . - - - - - - - - - - - -
1. 2. 1. . . . . . . . . . . . . . . . . . . . . . . . 2. 1.
1. . . . . . . . . . . . . ..
1.
1. . . . . . 1. . . . . . . . . . . . . . . . . 1. . . . . . . . . . . . . . 4.
1. . . . . . 1. . . . . .
1. . . . . . . . . . . . . . . . . . . . . . . . . 1. . . . . . . . . . . . 3.
1. . . . . 1. . . . . . . . . .
1. . . . . . . . . . . 1. . . . . . . . . . . . . . . . . . . 1. . . . . 4.
1. . . . . . . . . . . . . . . . . . . . . . . . . . 2. . . .
1. 2. 2. . . . . . . . . . . . . . - - . . . - - - - - - . 5.
1. . . . . . . . . . . . . . . . . . . . 1. . . . . . . . . . . . 3.
1. 3. 1. . . . . . . . - - - - - - - - - - - - - - - - - - 6.
1. . . . . . 1. . . . . . . . . . . . . - - . . . . . . . . . . . 3.
1. . . . . . 1. . . . . . . . . . . . . . . . . . . . . . . 1. 1. 4.
1. . . . . . . . . . . . . . . . . 1. 2. 1. . . . . . . . . . . . . . 6
1. . . . . . . . . . . . . . . 1. . . . . . . . . 1. . . . . . . . . . . . . 4.
1. 2. . . . . . . . . . . . . . . . . . . . . . . . . . 1. . . . . 5.
1. 1. . . . . . . . . . . . . . . . . . . . . 5.
1. . . . . . 1. . . . . . . . . . . . . . . . . . . 9.
1
1. . . . . . . . . . . . 1. . . . . . . . . . . . 1. . 1. . . . „. . . .
2. 2. . . . . . 1. . . . „. . . . . . . . . . 1. . . . . . . . . . . . . . .
1. 20.
7.
m
1. . . . . . . . . . . . . . . . . . . . . . . . . . . . . . . 2. 4. . . . . . 8. —
1. 2. 1. . . . . . . . . . . . . . . . . - - - . . . . . 5. —
1. 3. 3. . . . . . . . . . . . . . . . . . . . . . . 1. . - . . 9.
1. . . . . . . . . . . . . . . 1. 1. . . . . . .
7. mantaure, soono, dogters Sswaar schoon, suster, broeders, varie, oproede jongens mijdens save„
kinderen
vrouwen lingen
1. 2. 1. . . . . 1. . . . . . . . . . . . . . . . . . . 2. 1. . . . ..
. . . . . . . . . . . - . . . 2.
1. . . . . . . . . . . . . . .
1. . . . . . . . . . . . . . . . . . . . . . . . . . 3. 2:
1. . . . . . . . . . . . . . . . . . . . . . . 1. . . . . . . . . . . . . . . . .
1. . . . . . . . . . . . . . . . . . . . . . . 1. . . . . 3.
2. 1. „. . . . . . . . . . . . . . . . . . . 1. 1. . . . . . 6.
1. 2. 1. . . . . . . . . . . . . . . . . . . . . . - - - - . 4.
1. 1. . . . . . . . . . . . . . . . . . . . . . . 2. 3.
1. 2. 1. . . . . . . . . . . . . . . . . . . . . . . . 4. —
1. . . . . . -4. —
4.
4
Transportere Coppen 1128. —
. . . .
1
. . . .
. . . -
. . . .
. . . .
.. 1
4
1
1
. . . . . . . . . .
5
3
8
65"
NL-HaNA_1.04.02_1547_0626.xml,"176. huijsgesinnen
150. huijsgesinnen Naamen toenaamen
Europiaanse mans met Inlants
vrouwen
1. abraham gerritsz. weduwnaar. . . . . . . . . . . . . adsistent.
1. Nicolas van der swalm. . . . . . . . . . . . . . . . _=o
1. Janbek de Jonge. . . . . . . . . . . . . . . . . . . . . . adsistent..
1. manuel Caspersz. - - - - - - - - - - - - . . . . . . _=o
1. lucas delivermento - - - - - - - - - - - - . . . . soldaat.
1. Jan hendriksz. bout. - - - . - - - . . - . - . . - - - - . adsistent.
1. fransisco dienies - - - - - - - - - - - - - - - - - - - - . . soldaat.
1. frans ontgaaren. . . . . . . . . . . . . . . . . . . . . . . . . . churigijnt
1. gelmer vander voorn. . . . . . . . . . . . . . . . . soldaat.
1. Joan Cranenburg. . . . . . . . . . . . . . . . . . . adsistent.
1. silvester demasedo - - - - - - - - - - - - - - - - - - - - - draaijer.
1. daniel hendriksz. . . - - - - - - - - - - - - - - - - - - - . soldaat
1. pieter Iaacsz. - . . . . . . . . . . . . . . . . . . . . adsistent.
1. Jan fransz. . . . . . . . . . . . . . . . . . . . d:o d=o.
toepasse mans en vrouwen
1. fransisco derosairo - - - - - - - - - - - - - - - -
1. sisvester de rosairo - - - - - - - - - - - - - - - - - - - - - - - - - 1.
1. steeven karsnaar . - . . . . . . . . . . . . . . . . . . Corp:l. 1.
1. leendert Jaersz van der boom - . . . . . . . . . . _=o 1.
1. dominga quelho weduwe. . . . . . . . . . . . . . . . . . . .
1. bertram de graaff. . . . . . . . . . . . . . . . vendrigh.
1. tijs Pietersz. . . . . . . . . . . . . . . . . . . . . . . . . quartier m:r
1. Joan de voss-. . . . . . . . . . . . - . . . . . . . _=o. . 1.
1. louis desouza - - - - - - - - - - - - - - - - - - - - - - - - - - - 1.
1. antonij dias - - - - - - - - - - - - - - - - - - - - - - - „ 1.
1. hans Jochums - - - - - - - - - - - - - - - - - - - Corp=le
1. gloudij gloudijst - - - - - - - - - - - - - - - - - - soldaat. 1.
schoenmak:r
.
qualiteyt man
1
1."
NL-HaNA_1.04.02_1547_0627.xml,"287
P„r Transport Coppen. . 1128. —
naet soons doekets vous, broeders swager sebon seber oelage ren Jonges meijden huden
1. - - - - - - . . . .
1 – – - - - - - - - - - - - - - - - - - - - 1 2 2 - - - - - - - - - -
1 - - - - - - - - - - - - - 1 1 - - - - - - - - - - - - -
1. - - 1 - - 3. 11
1. - - - - - - -
1. . . .
1 1. - - - - - - - - - - - - - - - - - - - - - - - - - - - - - - - - - - - - „
2 - - . .
1. - - - - - - 8„ 6. 3. 20. -
1 - - - - - - - - - - - - - -
3 - - - - - - - - - - - - - -
1 – – – – – – – – – - 1 – – – – – – – 2 - - - -
2 – – – - - - - - - - - - - - - - - - - - - - - - -
1 – – – – – – – – – – – – – – – – – – – – – – – – – – – -
1. . . . .
1. – - - - - - - - - - - - - - - - - - - - - - - - - - - - - - - - -
1. . . . . . . . . . . . . . . . .
1. - - - - - - - - - - - - - - - - - - - - - - - - - - - - - - - -
1 - - - - - - - - - - - - - - 1 - - - - - - - -
Transporteere Coppen
1260. —
man
1. . . . .
1 - - - - - - - - - - - - - - - - - - - - - - - - - - - - - - - - - - 2
. . . - - - - - - - - - - - - - - - - - - - - - - - - - - - - - - - - - - 1
1 - - - - - - - - - - - - - - - - - -
„ - - - - - - - - - - - - - - - - - - - - . - - - - 8.
1 - – - - - - - - - - - - - - - - - - - - - - - - - - - - - - - - 1 - - - - -
„ - – – - - - - - - - - - - - - „ - - - - - - - . -
1
1
.
.
1.
1 - - - - - - - - - - - - - . . .
1.
1
1:
1 . . . . . . . . . . . . .
2
1. - - - - - - - - - - - - - - - -
1 - - - - - - - - - .
-
-
- - - - - . 5
1. - - . .
5
5
3
3
1
1
3
5
1 - - - - - - - - - - - - - – 3
1 1. 1 - –.
. . . . - - - - - - 1 - - - - - - - - -
.
:
1
1. . . .
.
susters
-:
1. 1. - - - - - - - - - - - - - - - - - - - - - - - - - . 1. - . - .
1. - - - - - - - - - - - - - - - - - - - - - - - - - - - - - - -
1.
1.
1.
1.
.
.
-
.
.
1.
1.
r
r
.
1.
1. . . .
1. - . -
1 . - -
1
1
1 - - - - - - - - - - - - - - - - - - - -
1.
.
-
„
1.
1:
.
1.
2. - - - - - - - - - - - - - - - - - - - - - - - - - - - -
1. 1. - - - - - - - - - - - - - - - - - - - - - -
3 - - - - 2
1
1 - - - - -
2
5
6
4.
4
2.
2
2"
NL-HaNA_1.04.02_1547_0628.xml,"huijsgesinnen Naamen - - - - - - - - - - - - - - - - - - - - - Qualiteijt manspoure
1: salvadoor pinto weduwnaar - - - - - - - - - - - - - - - - - 1
1. Joanna de Zousa weduwe - - - - - - - - - - - - - - - - - - - - - -
1 Louis carvaljo de Jonge - - - - - - - - - - - - - draaijen - - -
1 bartholomeus raas - - - - - - - - - - - - - hoofttolck
1: antonij depaijva - - - - - - - - - - - - - - - - - - - - - - - - - - - - - - -
1 maria de kosta weduwe - - - - - - - - - - - - - - - - - - - - - - - - -
1. afonso gousalvis - - - - - - - - - - - - - - - - - - - snyder - - - -
1: marta de Jeso _=o - - - - - - - - - - - - - - - - - - - - - - - - - -
1 maij anna - - d=o - - - - - - - - - - - - - - - - - - - - - - - - -
1. Jnatio caldero - - - - - - - - - - - - - - - - snijder - - - -
1 manuel gousalvis - - - - - - - - - - - - - - - - backer - - - -
1 maria pieris weduwe - - - - - - - - - - - - - - - - - - - - - -
1 Joanna de paijva d=o - - - - - - - - - - - - - - - - - - - - -
1 anna siaris - - - d=o - - - - - - - - - - - - - - - - - - - - - --
1 antonij swaris - - - - - - - - - - - - - - - - - - - - - - - - -
1 francisco decroes - - - - - - - - - - - - - - -. capiteijn. .
1 gousal de Lirera - - - - - - - - - - - - - - - schilder - - -
1 francisco de masedo - - - - - - - - - - - - d=o - --
1 Joan derosaijro - - - - - - - - - - - - - - - metselaar. ..
1 augustijn de zousa - - - - - - - - - - - - - snijder - - -
1 Louis carvaljo - - - - - - - - - - - - - - - - backen - - -
1. francisco ribeiro - - - - - - - - - - - - - - - - - - - - - - - 1. -
1: antonia d rozairo wed=e - - - - - - - - - - - - - - - - - - - - - - - - - - 1
1: rockje swaris - - - - - - - - - - - - - - - - - - - - - - - - -
1. Simon dias - - - - - - - - - - - - - - - - - - - - - -
1: mighiel derosairo - - - - - - - - - - - - - - schilder- - -
1 maria hodriges _=o - - - - - - - - - - - - - - - - - - -
1 antonia grasia _=o - - - - - - - - - - - - - - - - - - - -
1 anna de aroesa _=o - - - - - - - - - - - - - - - - - - - --
1 Joanna de aroeja _=o - - - - - - - - - - - - vroetvrouwe . . .
min
huijsgesinnen
1
1.
1
1
1
1
1
1
1
1
1
1
1
1"
NL-HaNA_1.04.02_1547_0629.xml,"288
P„r Transport Coppen —. 1260. —
moeder vrouwen lingen
kinderen
1.
2
1
1. . . . - - - - - - - - - - - - - - - - - - - - - - - - 1. . . . . .
1 3. - - - - - 1. 1. - - - - - - - - - - - - - - - - - 8. —
mansneuren soons dogters schoeper vrije opvoede susters broeders Jongens meijden slave
1. - - - 3. - - - - - - - - - - - - - - - - - - - - - -
1. 2. - - - - 1 - - - - - - 2. - - - - - - - - - - - - - 7. —
1. 2. - . - - - - - 1. - - - - - - - - - - - - - - - - - - - -
1. . . . . 1. . . . . 2. . . . . . . . . . . . . . . . . . . . . ..
1 1. - - - - - - - - - - - - - - - - - - - - - - - - -
- - - 1. - . - . 2. - - - - . 1. - - - - - - - - - - - - - - - - - - -
1. - - - 4. - - - - - - - - - - - - - - - - - - - - - - - - - - -
1. . . . . . . . . . . - - - - - - - - - - . . . . . . . . . . . . .
1. . . . . . . . . . . . . . . . . . . . . 1. . . . . 2. —
1. . . - . . . . 1. - . - - - - - -. . 1. - 1 - - 1. 6
. . . - - - - . 1. 2. 5.
1. - - - - - - - - 1. - - - - - - - - - - - - - - - - 3
11 „. . - -. . 1. - - - - - - - - - - - - - - - - - - - - 3. —
1. 3. - - - - - - - - - - - - - - - - - - 4. —. ..
1. - - . . . . . . . . . . . . - . . . . . . 1. 2. . . .
1. 2. 2. 1. . . 1. - - - - - - - - - - - - - - 1 - - - - . .
Transporteere Coppen. 1394. —
5.
1.
6
5.
3. —
4
4. - . . . .
1 . - - . . - - - - - - - - - 1.
– – 1 - - - - - - - 1 - - - - - - - - - - - - - - - - - - - - - - - - - - - - 2 —
1. - - - - - - - 1 - - - - - - - - - - - - - 1. - . . -
1 2 - - - - - - - - - - - - - - - - - - - - - - - - - - - 4. —
2 1 - - - - - - - - - - - - - - - - - 1 - - - -
1 - - - - - - - - - - - – - - - – - - – – - - - - - -
1 2 2 - - - - - - - - - - - - - - - - - - - - - - - -
1. 1. - - - - - - - - 1. - - -. - . . . . 1. 4. - - - -. 9.
1. 2. . . . . . . 1. - - - - - - - - - - - - - . 1. - -. -
1
. - - -
-
- - - - . . . 1
. . . .
. . . .
-
..
„
„
. . . . .
-
-
..
. . .
- . . . .
- . . . .
--
. . .
- - -.
. . .
--
-
. . . . . .
„
1
1
1
1
1
. -
...
1
1. - - - - - - - - - -
1
-
1
1
1. - - - - 2. - - - - - 1 - - - - - - - - - - - - - - - - -
1
- – - - - - - – - - - - - - - - - - - - - - - - - - - - - – - - -
1
1 2. - - „ 1 - - - - - - - - - 1 - - - - - - - - - - - -
1
1 1
2. —
11. —
5. —
4.
5.
1.
5. —
2.
4.
4.
5.
5:"
NL-HaNA_1.04.02_1547_0630.xml,"176 huijsgesinnen Naamen
1. weduwe van pauel borgie - - - - - - - - - - - - - - - - - - -
1. madalena de abreeu weduwe - .. . . . . . . . . . . . . . . . . ..
1. fransico rodriges - - - - - - - - - - - - - - - - - - - - - - - --
1. adriana de croes weduwe - - - - - - - - - - - - - - - - - - - - - - - --
1. nicola de rosairo - - - - - - - - - - - - - - - - - - - - - - - -
1. maria de neves weduwe. . . . . . . . . . . . . . . . . . . . . „
1. salvadoor pinto. . - - - - - - - - - - - - - smith -.
1. Jose fernandis. - - - - - - - - - - - - - - timmerm:
1. vintoura de paijva. - . - - . . . . . - . - - - - - . . . snijder.
1. manuel de anseson - - - - - - - - - - - - - - - - - - _=o.
1. ansenso rodriges. - - - - - - - - - - - - - - . _=o.
1. domingo rodrigos - - - - - - - - - - - - - - - - - - d=o.
1. domingo ferero - - - - - - - - - - - - - - - - d=o.
1. antonij derosairo - - - - - - - - - - - - - - - - - - - _=o.
1. domingos perera - - - - - - - - - - - - - - - - - - - - - - .
1. fransisco alves - - - - - - - - - . . - . . . lascorijn
1. francisco perera. . . . . . . . . . . . . . . . timmerm.
1. manuel desilva. . . . . . . . . . . . . . . . . . . . . . . . . ..
1. manuel tichera - - - - - - - - - - - - - - - - - - - - - - - -.
1. migel derozairo - - - - - - - - - - - - - - - - - - - - - - - -
1. manuel de sousa - - - - - - - - - - - - - - - - - - - -
1. baltasaar mendis - - - - - - - - - - - - - - - - - - - -
1. Joan de rosairo - - - - - - - - - - - - - - - - - - - - - - - - -
1. Jarse rodriges - - - - - - - - - - . . . . . Smith.
1. nicolo de Caijado - - - - - - - - - - - - - - - metselaar-
205 huijsgesinnen
1. rafiel rodriges - - - - - - - - - - - - - - - - - - - - - - -
1. Jguatio defaria - - - - - - - - - - - - - - - - draaijer.
1. antonij rodriges - - - - - - - - - - - - - - - - - - - - - - - - - -
1. diogo rodriges. . . . . . . . . . . . . . . . timmerm.
qualiteyt mans
1.
1.
1
1"
NL-HaNA_1.04.02_1547_0631.xml,"289
P„r Transport Coppen. - 1394. —
moeder vouwen lingen
v
mans wouwersoons, dogters broeders, schoon vrije
1. . . . . . . . . . . . . - - . . . . . . .
1. 1. 1. - - - - - - - - - - - - - - - - - . 1. -. . . -
1. . . . . . . . 2. 1. - - - - 1. - . . .
1. 1. - - - - - - - - - - - - - - - - - - - - - - - - - - - -
1. - . . . 1. - - - - - - - - - - - - - - - - - - - - - - - -
1. . . . . . . . . . . . . - - - - - - - - - - - . . . . . . . .
1. 2. 1. - - - - - - - . - 1. . . . . - 1 - - - 1 - - -.
1. - . 2. 1. - - - - - - - - - - - - - - - - - - - - - - -
1. 1. - - - . . . . 1. 2. - . . . . . .
1.
1. 2.
1. 2. 2. . . 1. . 1. 1. 1. 1. 3. - - - -.1
1. - . . . 3. . . . . . . . - - . - . . . . - - - - 2. -. . . .
1. - . -
1. — —.
3. —
Transporteere Coppen 1538
2.
.. .
1. - - - - . . . . . . . . . . 1. - 3. - - - . 5.
1. –. . . . . . . . . . . . . . . . 1. . . . 1 - - - - - - - - - - - - 4
1. 1. 1. . . . . . . . 2. - - - . . . . . 1. . . -.
1. - - - . 2. - - - - - - - - - - - - - - - - - - - - - 4.
1. - - - 3. - - - - - - - - - - - - - - - - - - - - - - -. 5.
1. - - - - - - - - - - - - - - - - - - - - - - - - -
op voede Jongens meijden slave
kinderen
1.
1.
1. . . 1. . . . . . - - - - - - - - - - - - - - - - - - - - . 3
1. - - - - - - - - - - - - - - - - - - - - - - - - - - -.2
1. 3. - - - - - - - - -. 1. - - - - - - . . . . . .
1. 1. . . . . . . . . . . . . . . - - . 1. . . . .
1. - - . - - - - - - - 1. - - - - - - - - - - - - - - - - - - . .
1. - . . 3. - - - - - - - - - - - - - - - - - - - - - -
1. 1. 3. - - - - - - - - - - - - - - - - - - - - - -
1. 2. - - . . - . . - - - - - - - - - - - - - - - - - - -
1. - . . - . . . . . . . . - -. . 1 - -. . 1. - 1 - - - --
1
11
11
.-ƒ
-
- - - 1. - - - 2. - - - - - - - - - - - - - - - - - - 3. —
--
.
1
„
-
1
1. - - - - - - - - 1.
„
1.
1. - - - 3. - - - - 1. - - - - - - - - - - -
-
-
-
.
-
.
2
1
6
2
8
1
1"
NL-HaNA_1.04.02_1547_0632.xml,"205. huijsgesinnen naamen
qualiteijt mans
1. francisco alves. - - - . - - -
1. de weduwe van francisco perera. . . . . . - . bakster. . .
1. Antonia muus weduwe.. . . . . . . . ..
1. Ioan derosairo - - -
1. balthazar dias weduwnaar. . . . . . .
1. pedro semede - - - - . . . . . - - - - - . . Lascorijn
1. domingo derego weduw naar - - - - - - - - - - - . . . ..
1. francisca maskerenha weduwe. . . . . . . . . . .
233 Huijsgesinnen
1. francisco rodriges weduw=r - - - - - - - - portugeese schrijver.
1. anthonia gonsalvis weduwe. - - - - - - - - - - - - - . . . . .
1. domingo derosairo - - - - - - - - - - - - - - - - - -
1. insentia Carrea weduwe. . . . . . . . . . . . . . . . . . . . . . .
1. Lourens d'Aroeje
1. gottsaal de asmeda. . . . . . . . . . . barbier
1. Lozoro perera. . . . . . . . . . . . . . . . . draijer. . . .
1. manuel andriesz:. - - - - - - - - . -. . . . . . soldaat
1. matthijs de zousa - - - - - - - - - - - - timmerman
1. catharina derosairo - - - - - - - - - - - - - - - - - - - - - - -
1. marthieho Caldera . . . - - - - - - - - - - - - - - - - -.
1. bastiaandenevis. . . . . . . - - - - - metselaar
1. domingo doeron. . . . . . . . . . . . . . . . . . .
1. mauel de rosairo - - - - - - - - - - - - - Zadelmaack„
1. pasquaal Fernandis - - - - - - - - - - - - - - - - - -
1. matthijs de zousa - - - - - - - - - - - - - timmerman
1. mariana de Zousa - - - - - - - - - - - - - - - - - - - - - - - - - -
1. dominga fernandis - - - - - - - - - - - - -. broetvrouw. - - -
1. anthonij Colasco. . . . . . . . . . . . . . . . - ..
1. Joris dias - - - - - - - - - - - - - - - timmerman
. . . . . . . . . . -. Timmerman
_o
barbier
.
.
.... . . . .
1.
1"
NL-HaNA_1.04.02_1547_0633.xml,"290
P=r Transport Coppen. 1538. —
::
mans múren, Soons, dogters, susters, sn door, broeder, wit e geroede, Jongens, meijden, e lave¬
:
kinderen
vrouwen dingen.
1. 2. 1. . . . . - - - - - - - - - -.
. . . . . . 1. . . - . - - - - - . . . - - - - - -
3. 2. 10. -
1. . . . . . . . . - - - - - - . . . . . . . . . . . . 1. . . . . . . . „. 3. —
1. . . . . . 4. —
4. —
1. . . . . . - - - 3. —
4. —
--. 4. —
1. . . . . . . 3. —
4. —
4.
3.
5.
1. 1. 1. . . . . . . . . 6. —
5.
6.
5.—
Nmmern
1. . . . . . . . . . . . . . . . 4.
Draage voort Cossen. - 1663. —
1.
1.
1. . . . . . . . . . . .
2. 2. . . . . . . . . . . . .
1. . . . . . . . . . . . . . . . . 1. . . . . . . 2. . . . . . 4.
1. 1. . . . . 6. —
1. . . . . . 1. . . . . . . . . . . . . . 21. . . . . . . . . . . . . . . . 5.
1. . . . . . . . . . . . . . ..
1. . . . . . . . . . .
1.
1. . . . . . . . . . . . 1. 1. . . . . . . . . . . . . . .
1. . . . . . . . . . . . . . . . . . . . . . . . . . . 2. —
1. . . . . . . . . . . . . . . 1. . . . . . . . . . . . . 2. —
1. . . . . . . . ..
1. . . . . . 1. . . . . . . . . . . . . . . . . . . .
1.
1. . . . . . . . . . . . . . . . . . . . . 3. . . . . . . . . . . . . . . 4. —
1. . . . . . . . 2. . . . . . . . . . . . . . . . . . . 1. . . . . . . . . 4. —
1. 3. . . . . - - . . . . . - - - . . - . . . - - - - . . 5. —
1. . . . . . 2. . . . . . . . . . . . . . . . .
1. 1. . . . . . . . . . - - - - - - . . .
1. 1. . . . . . . . . 1. . . . . . . . . . . . . . . . . . . .
1. . . . . . 3. . . . . . . . . . . . . . . . . . . . . . . . . . . ..
1. 1. . . . . . . . . . . . . . . . . . . . . . . . . . . -.
„
1. . . .
1.
1. . . . .
1.
3. . . . . . . . . . . . . . . . . . . . . . . . . .
1. 2. . . . . . . . . . . . . . . . . . . . .
3. 1. . . . . . . . . . - - - - - - - - - - .
1. . . . . 1. . . . . .
1.
1. 1. . . . . . . . . . 1. . . . . . . . . . . . . . 4. —
7. —
1. . . . . . . . .
1. . . . . . . . . . . . . . . . . . . 1. . . . . . . . . . . . . . . . . 4. —
.
1. . . . . . . . . . . . . . - .
1.
3. . . . . . . . . . . . . . . . - - - - - - - - . . .
1. . . . . . . . . . . . . . . . . ..
-1
1.
1."
NL-HaNA_1.04.02_1547_0634.xml,"1. pasquaal d' Croes. - ..
1. Isaak Leraan van balij. . . . . . . . . . .
1. nicola lop is. -
1. domingos de morera - - - -
1. pasquaal desilva - - - -
N. oersala desilva weduwe - -
1. bertolomeo ferera - -
1. bastiaen Eignatio-
1. Ioan van batavia - - -
1. Iaco mallabaar - - -
1. mauuel pereira weduwnaar - - - - - - - - -
1. nicola de nosiado - - -
1. antonij quetho. . . .
259 luijsgesinnen
1. antoma fernandis weduwe - - - - - - - . . . . . . ..
1. Ioanna carvalho weduwe. . . . . . . . . . . . . . ..
1. dominga d' Croes weduwe. . . . . . . . . . . . . ..
1. manuel demenees - - - - - - - - - -
1. pasquaal de vivero - - - - - - - - - - sergiant
1. alberto figera. . . . . . . . . . . . . . . . . .
1. manuel desouza - - - - - - - -. schoenmaak„
1. pedro rodriges - - - - - - - - - - -
1. bertolome waas. - - - - - - - - - - - - - -
1. francisco pieris - . . . - - - - - -. . . . 1.
233. huijsgesinnen Namen
1. maria defreta _=o - - - - - - - - - - -
1. andresa de maijo d=o. . . . . . . . . . . -
man
1. alesje dias. . . . . . . . . . . . . . . . . . . . 1.
- - - - - schilder
... boode
- - schoenmaak„r
--snijder
qualiteijt, mans
D=o
- - - - vaandrager
. . . . . . . . . ..
-
.
..
-
. ...
-
-
. . . . . .
-
-
-
-. . . . . . . . .
.
. . . . - .
--
-
1.
1.
1."
NL-HaNA_1.04.02_1547_0635.xml,"291
Door Voordragt Coppen 1663
1. 5. —
1.
1. . . . . . .
1. . . . . .
1. . . . . . . . . . . .
1. 1. 1. . . . . . . . . . . . . . . 4. —
2. 1. 1. 1. . . . . . . . . . . . . . .
1. . . . . . . . . . . . . . 2. . . . . . . . . 4. —
2.
1.
1. . . . . .
1. . . . . . . . . .
1. 1. . . . . . . . . . .
Transporteere Cop: 1789.
1.
1. . . . . . 10. —
1. . . . . . 5. —
1. . . . . . 5. —
1. . . . . . . . . . . . . . 3. —
1
1. . . . . . . . . . . . . . 3. —
5. . . . . . 9.
1. . . . . 4. —
3. —
7.
1. . . . . . . . . . . . . . . . . . 2. 6. . . . . 10. —
man srouwen, soons, dogters susters schoonma, varij e ovoede, Jongens, meijders, laaekin„
vrouwen lingen
1
1
1
1
„
„
1
1
1
1. . . . . . . . . . . . . . . . . 1. 2. . . . . . 5. —
1. . . . . . . . . . . . . . . . . . . . . . 2. —
1. . . . . . . . . . . . . . . . . . . . 2. —
1. . . . . 1. . . . . . . 1. . . . . . . . . . . .
2. . . . . . - - - - - - - - - . . . .
1. . . . . . . . . . . . . . . . 3. . . . . . . . . . . .
1. . . . . . . . . . . 2. . . . . . . . . . . . . . . . . . . . . . 3. —
1. 1. . . . . . . . . . . . . . . -. . . . . . . . 3. —
2. . . . . . . . 2. . . . . . . . . . . . . . . 5.
.. . . .
1
1. . . . . . . . . . .
1. . . . . . . .
4. 1. . . . . . . . . . . . 6. —
-
2. . . . . . . . . . . .
1. 4.
1. . . . . . 1. . . . . . . . .
1. 1. . . . . . . . . . .
1.
1.
1. . . . . 1. . . . . .
.
1.
1.
11
1. . . . . . . . . . . . . . . 1.
1. . . . . . . . . . . . . . . . 3.
1. 1.
1. . . . - . . . . . . - .
3. . . . - . . . . . . . . . . . . .
1. . . . . . . . . . . . . . . . .
1
1.
3. . . . . 8.
5.
1. . . . . 4.
. . . . . . . . 2.
deren
1. . . . . . . . . . . .
der
7.
3.
4."
NL-HaNA_1.04.02_1547_0636.xml,"259. huijsgesinnen Naamen
_o
1. anjela dunies-
-
o
_o
d=o
1. Antonia perera _o
267 Huijsgesinven.
1. Catharina alves weduwe . . . . . . . . . . . . . . . . . - . .
1. pedro desilva - - - - - - - - - - - - - - - - - - - - - - - - -
1. dominga d' avarem weduwe - - - - - - - - - - - - - - - - .
1. pasquella de rozaro _=o - - - - - - - - - - - - - - - -
1. catarina de rozairo d=o - - - - - - - - - - - - - - - - - - - -
1. augustinho quetho - - - - - - - - - - - - - - - - - - -
Aldus Bevonden Inde stadt Coch
Ten overstaan van mij. —
qualiteijtn mansrouw
Jonner
- – - - - - – – – – – – –
. . . . . . . . . . . . . . .
- - - - - -
—
-
1
1
1"
NL-HaNA_1.04.02_1547_0637.xml,"292
mangvrou, soons, dogters, susters, broeder, schoon vrijevrou, op voedelu„ Jongens, meydens,
moeder coden gen
wen
1.
1. 1. . . . . - - - - - - - - - - - - - - - - . . .
1. 1. . . . . . . . . - - - - - - - - - - - - - - - - - - -
1. 1. 3. . . . . . . . . . . . . . ..
1. 1. . . . . . . . . .
1. 2.
1. . . . . . . . . . . . . . . . . . . . . . . . . . 2.
2. 1. . . . . . . . . . . . . . . . . . . . . . . . . . . . . 5.
1. . . . . . 1. . . . . . .
1. 2. . . . . - - - - - - - - - - - - - - - - - - - 4.
1. . . . . . . . . . . .
1. . . . . .
2.
6.
6.
6.
Canmunmen
Te saamen Coppen. 1923.
3.
1. . . . . . . . . . . . ..
1. . . . . . . 1. . . . . . . „ 1.
Door ons als gecommitteerdens
Dietel off neandert
Wilhelm gander heiden
M
Cochim op d' custe Mallabaar den 23=en Decemb=r A„o 1694,
P„r Transport Coppen — 1789
Jan: Jongtijs
- -.
.. .
1.
ƒ
ƒ"
NL-HaNA_1.04.02_1547_0638.xml,
NL-HaNA_1.04.02_1547_0639.xml,"244
....
A
1
293"
NL-HaNA_1.04.02_1547_0640.xml,"Memorie: en korte AanWijsinge der Genara
5: Pananij, en andere buijten waghten
Voor de Generale ongelden
Totfochim, Canara, Cranganoor
Equipagie van malabaar. --- -. - - - - - -
brieven bodelomen
reeq: van Condemnatie - - - - - - - - - - - „
schenkagie
n
reeq: van Intrest penn=
Expeditie van jul: oorlogen - ---
Coilan, en de Onderhoorige Residentien
Cananoor
ordinaire onkosten - - - - - - - - - - - „
onkosten van't guarnisoen- - - - - - - - -
onkosten van fortificatie - - - - - - - - - - „
'tguarnisoenboek - - - - - - - - - - - - - - -
schenkagie
onkosten van Scheepen „
Equipagie van malabaar - - - - - - - - -„
ordinaire randsoenen
ordinaire onkosten
Extraordinaire onkosten - - - - - - - - - --
Soldije van Jul: dienaren„
Forka. —
–––  „
Generale Lasten en Ingelden Ter Custe malabaar
Bedragen
. . - - - - - - - - - - - - - - - - - - - - - - - 1  ƒ 418611. —. ƒ396156„3„ 1
571. 18. 4
„-„
-„-„-
„56987„ 15„ 14„ 71352„10„12
-„-„-
706. 5. 6 ƒ
-„-„—
180„19„11„
659. 3. 1/5„ 840. 3. 10„
107„8„13„-„-„-
- - - - „ 2070„ 5. 15„ 1897„ 19„ 9„ —„—„—„ 172„ 6„ 6
50. 10. 9„ 16. 7. 8„ —„ —„ —„ 34: 3. 1
--„ 19063„ 6„ -„ 7979„ 17„ —„ —„ —„—„ 2083„ 9. —
14. 5. 14„ —„—„—„ 11. —. 1
25. 5. 15„
89. 16. 2„ 189„16„ 2„ —„—„—
-. - „ —„
7. 16. 3
43„ 14. 15„ 35. 18. 12„ -„-.-
„ 19088„17. 2„ 17742. 7. 13
-
„-„ƒ
115. 4„-
115. 4.
„-„
243. —„ —„
75„16.-„
167. 5. –.
„—„ —„ 265„ 8. 9
421„15.-„ 156. 6. 7„-
91. 10. —„ —„ —„ —„ —„ —„ —„ 91. 10. —
„ —„ —„ —„ —„ —„ 65. 5. —
514. 10.
860. 19. -.
onkosten van 't guarnisoen - - - - - - - - - - - - „ 4564„11. 6„ 8293„ 6„ 15„ 3728„15. 9„ —„—„
onkosten van scheepen - - - - - - - - - - - - - - „ 499„ 2. -„ 564. 9„ 4„ 65„ 7. 4„ —„—„—
'tguarnisoenboek - - - - - - - - - - - - - - - - - - „ 16191„ 3. 7„ 16445„ 4„ —„ 254„ —„ 9„ —„—„—
Soldije van Iul: dienaren - - - - - - - - „ 4625. 13. 6„ 4414„12. 8„ —„ —„—„ 211„ —„ 14
onkosten van fortificatie - - - - - - - - - - - - - - - - - „ 4402„ 17. 1„ —„ —„ —„ —„ —„ —„ 4402„ 17. 1
briev- en bodelonen - - - - - - - - - - - - - „ 443. 8. 10„ 1: 89. 5. —„ —„ —„—„ 354. 3. 10
Schenkagie - - - - - - - - - - - - - - - - - - - - - - - „ 6052„ 5. 15„ 3174„ 11„ 14„ —„ —„ —„ 2811„ 14„ 1
Equipagie van malabaar. - - - - - - - - - - - - „ 6726„ 12. 14„ 4242„ 19„ 1„ — „ —„ —„ 2483„ 13. 13
Ordinaire randsoenen - - - - - - - - - - - ƒ 5304„13. — ƒ 22937„—.ƒ 17632„ 7. 7ƒ
ordinaire onkosten - - - - - - - - - - - - - - - - „ 2923„6„7„ 2351„ 8„ 3„ —„ —„—„
Extraordinaire onkosten - - - - - - - - - - - - „ 2483„ 7. 4„ 3594„15. 11„ 1111„ 8„ 7„ —
Expeditie van jul: oorlogen - - . . . . . . . . . . „ 2710„ 14. 8„ 5244„17„ 13„ 2474„3„ 5„
divers reparatien - - - - - - - - - - - - - - - - „ 141. 1. 8„ 111. 14. 2„ —„ —„—„ 29. 7. 6.
soldije van Jnlandse dienaren - - - - - - - „ 1615. 8. —„ 1344„ —„ —„ —„ —„—„ 275„ 8. —
briev: en bodelonen - - - - - - - - - „ 276„ —„—„ 454„ 10„12„ 178„ 10„12„—„—„—
Ordinaire randsoenen. . . . . . . . . . . . . ƒ 3659„10. 19 ƒ 4365„16. 4ƒ
Extraordinaire onkosten - - - - - - - - - - - - - - „ 484„ 4. 7„ 591„ 18. 4„
briev- en bodelonen - - - - - - - - - - - - - - „ 65. 5. —„ —
De malabaarse Commanderije begrepen, Gesamentlj
Ultimo December daar aanvolgende, waar Nevens
'T meerder, en minder van Dien, Namentlijk. —
Inde Jaren
meerder minder
Generale Ongelden
1692. -„ 1693.-
1692.1693„
„—„—ƒ 14683„ 1. 13
—„—„—„ 791„ 16„ 4
."" 1 923""-. -„ 21972„ 5. 3„ 10949„ 5. 3.-""-
- . . - - - - - - - - - „ 263. 8. 10„ 588„11„ 4„ 325„ 2. 10 -„-„-
1162. 9. 13„ 177. 17. 11„ 15. 7. 14„—„—„—
„ 1445„ 19. 10„ 3823„15„ 3„ —„ —„—„ 1622. 4. 7
- - - - - - - - - – – – –„ 900„—.–„ 3457„ 5. -„ 2557„ 5.-„
- - - - - -„ 62824. 11. 5„4450„8„18. —„ —„—„— 18315„ 13. 5
Extraordnaire onkosten - - - - - - - - - - . . . „ 3899. 15. 2„ 5670„ 3. 3„ 1770„ 8„ 1„ —„
onkosten van 't guarnisoen - - - - - - - - - - - - „ 19150: 5. 15„ 17466„ 19. 8„ —„ —„—„ 1683„ 6. 7
onkosten van fortificatie - - - - - - - - - -. „26438„ 7. 7„ 10555„ 6„ 8„ —„ —„—„ 15883„ —. 15
reparatie van psack-en woonhuijsen - - - - - - - „ 7727. 19. 1„ 11423. 19:12„ 3696„—„ 11„—„—„
't Guarnisoen boek - - - - - - - - - - - - - - - - - - „ 116498„ 2. 15„ 10523. 8„ 12. 14„ —„ —„ —„ 11259„ 10. 1
soldije van Inlandse dienaren - - - - - - - -. „ 7503„ 3. 3„ 10375„ 8. —„ 2872„ 4. 13„ —„—„—
onkosten van schiepen - - - - - - - - - - „ 14861„12. 13 „ 23009„ 17„ 8„ 8148„ 4„ 11„ —„—„—
betaalde scheeps Soldije - - - - - - - - - - - - - - „ 3161„ 8„ —„ 3187„ 1. 12„ 125. 19. 12„ —„—„—
reeq: van Gegagieerde personen - - - - - - - - - - - „ 1194. —. —„ 846. —. —„ —„ —„ —„ 348. —.
ƒƒ341673„ 8. 7 ƒ306546„14„ 1
Ordinaire randsoenen - - - - - - - - - - - ƒ51109„ 14. 8 ƒ 36426„12. 11ƒ
ordinaire onkosten - - - - - - - - - - „ 8609. 10. 1„ 7817. 14. —
ƒ
„
„
4
van
In
en vvrl
t
rv
weg
ko
Ins"
NL-HaNA_1.04.02_1547_0641.xml,"294
Lasten en Winsten tot Cochim, forten en Comptoiren onder
Ook Gesteld zijn de Lasten, en winsten van 't voorige Jaar 1692. , met
en rder Plaats In't besonder 'T zedert Primo Ianuarij A„o 1693„ d: d„t
Winsten en Inkomsten Generale winsten Ongelden boven
Winstenboven
meerder minder
de Ongelden
dewinsten
1692„ 1693„
Tot Cochim N=a
1692„ 1693„
1692„ 1693„
wegens 't geene op verscheijde
Coopmansz: stoffen, kleden Ra
zoo alhier, als tot Canara
gewonnen, is - - - - - - - - - - - - ƒ 173157. 4. 14 ƒ146180. 12. 4
Inkomsten
voor de verpagtinge vand'arak, taback,
en surij tapperijen binnen deser steede
buijten op de vlaikte, en 't Eijland
vaipin, zoomede verscheijde Eijlanden
thuijnen, en Landerijen, mitsgaders
thol - en Geregtigheeden, van 't aangeb=t
En vervoerde gepermitteerde handel„
wehaaren, &=a tsamen. . . . „ 10383. 10„ —„ 9603. 13„ 12
komt . . . . . . ƒ 83540„ 14.14 ƒ15784. 6. — ƒ158132. 13. 9 ƒ 150762. 8. 1. - . . .
Coilan, en de onderhoorig residentien
aldaar is gewonnen bij 't verhandelen
van verscheijde Coopmanschappen
r=o - - - - - - ƒ11950„ 19. 9 ƒ16156. —. —
Inkomsten
wegens d'verpagtinge
vand Collansz bahia
't vervoeren van Areeq
end tverleenen der
paspoorten 6: samen „8916„ 18. 3„ 11382. 13. 3
„ 20867„ 17. 12„ 27538. 13. 3„ 36119„ 18. 2„ 43813„ 17. 9„ - - - - - - - - - - - - - - - - „ 7693„19. 7„ —„—„—
Cananoor„
zooveel aldaar bij 't verhandelen
van divers Coopmansz: als andersints
gegaudert is ƒ 1834„ 19. 4 ƒ21410„ 15„ 14
Inkomsten ie
wegens d verpagt:
van dsurij, en araks
tapperijers, en 't verleenen
Porka
aldaar is wegens verleende zeebrieven
aan diversz jnlandse vaartuijgen
Ingekomen - - - - - - - - - - „
838. 9. -„ „ 419. —7. —„ —„ —„
65: 10: —„
22. 10. -.
De Winsten en Inkomsten
Brengen Uijt. . . . . . . . . . . . . ƒ212846. 1. 14 ƒ205316. —. ƒ205764. 8. 9 ƒ195025. 6. 1 ƒ —„ —„ —ƒ 4185. 3. 1
:voor 'tgeene Cochim, Coilan, en porka
boven d'winsten tekort Comen,
gaat aff dat ten Comptoire Cananoor
boven d'lasten is overgewonnen „ - --
Vies 's malabaars Commandement
In't Geheel Boven de winsten is tenagteren
Geraakt
. . . . . . . . . . . . . . . . . . . . ƒ205764. 8. 9 ƒ 1902. 40. 3. —
„—„—„ 4185„ 3. 1
van Zeebrieven „ 580„ 10„ —„ 516„ 15. — „ 8415„ 9. 4„ 21927. 10. 14„ 10673„ 7„ 14„ —„ —„ —ƒ —„ —ƒ 4185. 3. 1. —„ —
„—„ƒ 7370„ 5„ 8
y
lden
3
O
6„14. 1
210„12
7. 13
4. 10. 7
6„3„1
--
-
„
-„
„-„
-"
NL-HaNA_1.04.02_1547_0642.xml,"De Generale Ongelden
Tot Cochim Gelijk aande omme zijde te sien is, waaronder begrepen zijn Canara
– - - - - - - - - - - - ƒ306546„14. 1
Tranganoor, En andere buijtenwachten, tsamen
„ Coilan: en de onderhoorige Residentien - - - - - - - - - - - - - - - - - -. „ 71352„ 10„12
. – - - . . . . . . . . . - „ 17742. 7. 13
„ Cananoor
kinn
De Generale Lasten van 't malabaars Commandement monteeren. . ƒ 396156. 3 „ 1
„ Dorka - _ _ _ _ _ _ _ _ _ _ _ _ _ _ _ _ _ _ _ _ _ _ _ _ _ _ _ _ _ _ _ _ _ _ _ _ _ _ _ _ „ 514. 10. 7
Memorie en korte Aanwijsinge Der Generale Lassen, en
Plaatsen, Raakende In't bijsonder 'Custe van malabaar
Ze
daar aan volgende Namentlijk
Generale
Ongelden
Cochim den 24en Xei
ƒ
G."
NL-HaNA_1.04.02_1547_0643.xml,"295
a
en en Winsten: tosfochim, Coilan, Cananoor, en De onderhoorige
T zedert Den Eersten Ianuarij A„o 1693. tot ultimo December
Generale Winsten Ongelden boven
Winsten boven d'ongelden De winsten
Winsten en Inkomsten
Tot Cochim P=t gelijk aan de omme zijde kan gesien werden - - - ƒ1584. 6. —„ - - - - - - ƒ150762. 8„ 1
– - - - - - _ - - - - - - - „ 27538. 13. 3 - - - - - - - -. „43813. 17. 9
Coilan, en de Onderhoorige Residentien
Cananoor. . . . . . . . . . . . . . . . . . . . . . . . . . . . . . . . . . . . . „ 21927. 10. 14 ƒ 4185„ 3. 1„—
-„—„—
„ Porka. - - - - - - - - - - - - - - - - - - - - - - - - - - - - - - - - - - - - - - - - - - - - - - „ 65. 10. —„ —„ —„ —„ 449„ —. 7
- - - - - - - - - - ƒ205316. —. 1ƒ 4185„ 3. 1 ƒ195025„ 6„ 1
De Winsten en Inkomsten beloopen
ƒ
-
5
Gaal aff 'tgeene tot Cananoor boven de Lasten is overgewonnen - - - - - - - - - - - - - - - - - - - - - - - - „ 4185„ 3„ 1
Dies de Custe van malabaar In't Geheel, boven de winsten
-
– – – – – – – – – – – – - - - - - - - - - - - - - ƒ 190840. 3. —
is ten agteren Geraakt
4=en xber. 1694
:
J G Wielimans.
J
en"
NL-HaNA_1.04.02_1547_0644.xml,
NL-HaNA_1.04.02_1547_0645.xml,
NL-HaNA_1.04.02_1547_0646.xml,
NL-HaNA_1.04.02_1547_0647.xml,"296
No
48."
NL-HaNA_1.04.02_1547_0648.xml,"Notitie Dan Alle De Coopmanz
twee
8863 -. „
62880 – „
2115 -„
768
1500 -„ „
1076¼ lb garioffel nagelen
foelij of Macis
7¼„
42¾ „
noten musschaten
34-„
Caneel
1750 - „ „ mourbanos, teweten —
1000 p=s lank 14 Cobido - - - - - - - - - -
750- „ - - -. „ 10 Cobido - - - - - - - - - - - - - - -
p=s mogta kleeden of Chionen, als
250 p=s van 14 Cobido - - - - - - - - - - - - - - - --
750 „ - . „ 9 d=o - - - - - - - - - - - - - - - - - - - - - - - - - - „
250 — p=s thiomas of dubbelde tesserse pontia - - - - - - - - - - - - - - - - - - - - - - „ „
swart laken - - - - - - - - - - - - - - - - - - - - - - - - - - - - - - - d C:
bengaalse Amphioen. - . - - - - - - - - - - - - - - - - -
Jappans staavkoper - - - - - - - - - - - - - - - - - - - - - - - - - - - „ „
Artael off auripigmentum. - - - - - - - - - - - - - - - - - - - - - - - „
bengaalse dubbelde armozijnen - - - - - - - - - - - - - - - - - - - „
2470½
spiaullen - - - - - - - - - - - - - - - - - - - - - - - - - - - - - - - - - - „
477 — p=s bengaalse Enkelde armozijnen - - - - - - - - - - - - - - - - - - ¼ p=s„
bengaalse dubbelde tastas - - - - - - - - - - - - - - - - - - - - - - - „ „
pamarees of tafta de Coela - - - - - - - - - - - - - - - - - - - - - - - „ „
83025=
lange peper - - - - - - - - - - - - - - - - - - - - - - - - - - - - - - - - „„
bengaalse Enkelde taftas - - - - - - - - - - - - - - - - - - - - - - - - - „
269 - „
vermilioen. - - - - - - - - - - - - - - - - - - - - - - - - - - - - - - - - -„
swarte Comijn - - - - - - - - - - - - - - - - - - - - - - - - - - - „ „
witte Comijn - - - - - - - - - - - - - - - - - - - - - - - - --
thin. . . . . . . . . . . . . . . . . . . . . . . . . . . . . . . ..
laken ras - - - - - - - - - - - - - - - - - - - - - - - - - - - - - - - „„
Chianderwanijs - - - - - - - - - - - - - - - - - - - - - - - - - - - „„
. . . . . . . . . . . . . . . . . . . . .
Zeugloot - . . . . . - - - . . . . . . . . . . . . ..
Sandelhout. - - - - - - - - - - - - - - - - - - - - - - - - - - -  „ „
37- „ bouratten - - - - - - - - - - - - - - - - - - - - - - - - - - - - - - „ „
1000–
461–. „
99- en
13 –„ „
4800 –„ „
4800 –. „
257 - „
52- „
1920. –. „
49¾
. . . . . . . . . . . „
„
Januarij Ao 1693 tot ult=o Decembr Daa
in en uyt koops komen te kosten Als
mitsgaders De Generale Winsten en
„
„
500 - „
-
-
. .. . . . . - - -
-
„
-
„
-
-
„„
„„
24
188ƒ
... ..
-
... . . . .-
.. . .
... . ."
NL-HaNA_1.04.02_1547_0649.xml,"97
kosten als mede 't bedragen van de Geheele Verkogte Parthijen
Decemb: Daar Aan Volgende Zijn Verhandelt met Aan Wysingehoe veel
mo
Inkoops
8„ 8. 3/18
1 „ 10„ 4„ 7/8„
twee
pmarz=t de welke Te deser steede Cochim 't Sedert
2. 4„ 1/15„
„12: 3„ 1/16 „
43
2„ 1„ 13„ 3/8„
—„ 4„ 8„ /9„
2„ 5„11„ 1/5„
8863„
„ 4„ —. ½„
„ —„ 12. 1/40 „
919
171
—„ 8„7 1/161„
5„ 1„13 /99 „
3„17„ 12 2/12„
—„ 6„ —„ —„
„7„2„-
— „ 4„ 3 1/4800„
—„ 2. 3. 19/80 „
—„ 2: 9 1/12880
. . . . . „ —„ 5„ 6„ 6767
3„ 5. 14. 2/5„
3. 2„ 7. 2/3„
124
2„13„ 14. 12/50„
780„19„13 1218„15„
4„17„8„-„
2„17„ —„—„ 1136„ 8„ 8„ 2137„ 10„—„
674„ 2„11„ 1125„-„-
4„10„-„-„
5„ 12. 8„ —„ 2035. 18„ 8„ 2812. 10„ —.
5„ 11. —„ —„ 3295„—„ —„ 5550: —„—„
3:10„—„—„ 1113„ 5„ 10„ 2625„—„—„
2255.—„—„
68„ 8„12
1511„ 14„ 6„ 135„ 15„ 13
437„15„3„ 56„ 1„-
1001„1„8„ 88„1„13
450„ 17„ 5„ 66„17„10
776„11„8„ 38„ 2„14
Het bedragen van Advancen op de Advancen pr C. to
't monteerende
vande verhandelde de verkogte par„ geheele verhandel
de parlhije ruijmenschaars
Coopmansz: Jnkoop. thiye uijtkoops
459:3„ 3 ƒ 5526. 11„ 4 ƒ 5067: 8„ 1ƒ 1103„ 12„ 9
5„2„ 11. 3/8 ƒ
42„14„ 15„ 962„12„10
47„3„12„
4„ 8„ 13
6„ 10. 2„ 12/19„
183„7„ 2„ 3746„ 14„ 14
188„5„-„
4„17„14„
4„ 8„ 1. 12/31„
116„18„ 8„ 1146„ 6„ 8
127„ 2„8„
10„4„-„
3„14. 12 2/7„
5201„3„14„ 100„ 11„6
2957
5171„16„2„ 10373""-„-„
4„ 3„15 13/941„
121„18„12
—„ 15„ 13 13 „ 29577„ 13„ 2„ 65643„ 15„ —„ 36066„ 1„14„
106„11„15
9
65„-. 14„
61„—„ 6„ 126: 1„ 4„
„ 9„ 5 13/269„
53„3„7
2569„14„ 8„
4832„ 15„ 8„ 7402„10„-„
3„10„ —„ —„
84„10„14
2031„12„11„
—„ 10„ — 1028
2403„ 1„ 9„ 4434„ 14„ 4„
8863„
40„18„15
1/311„ 8217„ 18. 1„ 11583„ —„—„ 3365„ 1„15„
„ 3„ 10 1/124
11: 10. 3„ 115„ 8„ 6
—„ 8. 10„ 23/99„ 9„ 19„ 7„ 21„ 9. 10„
250„ 16„ 8„ 342„15„8
„3„ 6„ —„ 73„ 3„ 8„ 324. —„ —„
1354„12„ 9„ 134„ 8„ 1
„9„13„ ½ „ 1007„17„ 7„ 2362„ 10„-„
50„11„10
272„1„12„
„ 3„ 6„ —„ 537„ 18„ 4„ 810„—„—„
189
56.3„7
109„ 10„14.
—„ 13„ 3 3/161 „ 195„ —„ 6„ 304„ 11„ 4„
54„ 1„14
272„ 12. 7.
7„ 16. 14. 3/8„ 503„ 19. 9. 776„ 12„-.
31„16„15„ 15. 15„ 1
4„ 10„ —„ —„ 202„ 3„ 1„ 234„ —„—„
47„ 11. -„ 43„ 6„15
2„ 19. 4. 3/35„ 4„ 5. —„ —„ 109. 14. —„ 157„ 5„ —„
2596:10„ 9„ 112„ 7. 9
449
4. 16. 14. 1/7„ 10„ 5. 1. 4/3. „ 2310„ 10„ 7. 4907. 1. —.
142„ 10„7: 148„ 9„ 14
7„ 7„ 10„ 1/3„ 18„ 6. 14. 1/3„ 95. 19. 9. 238„10„-„
463„13„ 4„ 60„7„11
2„ 19„ 12. 1/16„ 4„ 15. 13. 3/15. „ 767. 16„12: 1231„10. —„
1314. 10„ 3„ 111„ 3„ 12
1„ 10. 12. 3/5„ 3„ 5. —. 3/16„ 1182„ 4„ 13„ 2496„ 15„—„
4651. 11„ 10 72„ 18„ 4
4„ 5„ 1„ —. 7„ 7„ 1„ 1/3 „ 6379. 13„ 6„ 11031„ 5„ —„
uijtkoops
Winsten en Advancen P:r Cento op de selve behaelt, Namentlyk
fo: 44
18 ƒ
.. .
. .
. . . .
. . ..
-.. . . „„
... . „
.. . . . .  „
. . . .
. . . . . „ „
. . . . . . „ „
„
. . . . . . . „„
. . . . - d Co:„
. . . . . . „ „
. . . . „ „
„ p=s„
. . . . . . „„
. . . . . „ „
. . . . „
„„
„„
-
„
-
. . . . . . . „
. . . . . „ „
- . . -. „ „
- - - - „ „ 4„ 1„6 1/151
1„9„11„-
-
-
-
-
-
„ „
„ „
„„
404"
NL-HaNA_1.04.02_1547_0650.xml,"120¾ lb geel plaatkoper - - - - - - - - - - - - - - - - - - - - -
— - - - - - pond
74 1/8 „ rootplaatkoper -
. . . . . . . . . . . . . . . . . . . . . . . . . . . . . . . .
70554„„
Iapaarse poeyersuijker - - - - - - - - - - - - - - - - - - - - - - - „
11- kelders france brandewijn - - - - - - - - - - - - - - - - - - - - - - - deklder„
86 - parra tarruw - - - - - - - - - - - - - - - - - - - - - - - - - - despar-„
109896½ lb Jaffanapatnamse tabak - - - - - - - - - - - - - - - - - - - - - - - '1pond-„
500 —. p=s pilambers - - - - - - - - - - - - - - - - - - - - - - - - p=s „
500 –„ „ Summeris - - - - - - - - - - - - - - - - - - - - - - - - - - - - - - „ „
500 „ „ Enkelde thomas of tessersa pontas - - - - - - - - - - - - - - - - - - „
144 lb quikzilver - - - - - - - - - - - - - - - - - - - - -  lb
479. C. Crisp of lampher floers - - - - - - - - -
8C
221 1/5 lasten hout - - - - - - - - - - - - - - - - - - - - - - - - - - - - - 19ast „
ochim den
24"
NL-HaNA_1.04.02_1547_0651.xml,"298
advancen opde advancen perC=to
monteerende van 't bedragen vande
verkogte parthije
geheele verhandelde ruijmenschaars
de verhandelde
Coopmansz inkoops uijtkoops
parthije
1„ 7„ 14„ 2/3 ƒ 137. 16„ 1 ƒ 168„ 6„ 9ƒ 30ƒ 10„ 8 ƒ 22„ 3„ —
- - . . pond ƒ 1„ 2. 13 29/93
1„ 2„ 8:— 70„ 3„ 4:„ 83: 7„ 13„ „ 13: 4„ 9„ 15„17„4
— 18 „ 14 3/92„
. . . . . . . .
1978„ 17„ 14„ 25„12„ 8
—„ 2„ 12„ 2/59 „ 7722„ 7„ 2„ 9701„ 5„-„
—„ 2„ 3. 1/10„
. . . .„
„
508„ 6„4„ 105„ 10„8
481„13„ 12„ 990„-„-„
90. —.
„
„
43„ 15„ 12. 8/„
- - - - -. dekilder „
173 18„ -„ 206„ 15„ 9
258„-„-„
84„ 2„-„
3„
- - - de spar - „ —„ 19„ 8„ 1/4„
„284
554
7824. 18„ 12. 251„ 8„46
3112„ 8„—„ 10937„6„12
49„8„
1107„
- - - - - 1gast „ 14 „ 1„ 2 1/107
3/43¾ —. 3 „ 5. 4036„
14542„ 8„ 7„ 18390. 16„—„ 3848„ 7„ 9„ 26„ 9„ 4
—: 2. 10. 1185
- - - : 1 goud -„
7325
47
1767„-13„ 94. 18„ 14
1861„ 1„ 11„ 3628 „2„ 8„
3„ 14„7 1/00 „ 7„ 5„ 2„—
. - p=s „
834„ 4„-„ 44„ 14„ 3
1865„ 16„-„ 2700„-„-„
3„ 14„ 10„ 1/15„ 5„ 8„—„—„
„
„
528„ 13. —. 94„ 11. 15
558""17""-"" 1087„10""-
1„ 2„ 5 9/15 „ 2„3„ 8„ —
„
166„ 1„-„ 49„ 2„ 11„
504.-„-„
337„19„—.
2„ 6„ 15„ —„ 3„ 10 —„ —„
„
tle
115„ 9„2„ 61„13„14
„ — 7. 12. 23/99 „ —„ 12„ 10. 23/39„ 187„ 2„ 14„ 302„ 12„ —„
8 C
den
uijtkoops
In koops
24=en xber. 1694
GG Wirmans."
NL-HaNA_1.04.02_1547_0652.xml,
NL-HaNA_1.04.02_1547_0653.xml,
NL-HaNA_1.04.02_1547_0654.xml,
NL-HaNA_1.04.02_1547_0655.xml,299
NL-HaNA_1.04.02_1547_0656.xml,"127½ lb bengaalse amphioen - - . ..
23475- „ Jappans staavkooper - - - - - -
4830 „ thin - - - - - - - - - - - -
40 p=s mourbanos - - - -
na
30 „ beng=se dubbelde taftas - - - - - - - - - - - - - - - - - „
65 „ beng=s Enkelde d=os - - - - - - - - - - - - - - - - - - - „
16441. par Zout - - - - - - - - - - - - - - - - - - - - - - de
„1777 lb Zeugloot - - - - - - - - - - - - - - - - - - - - „Cl
. . . . . - . . . . . . . . . . . . r
– – – – – – – – – – – – – – ƒ
. . . . . . . - - - -
Inde Stadt
Notitie van Alle soodanige Loo„
Tot ult=o December Daar Aan Vor„
Malabaar syn omgeset, Mera
soo mede 't bedragen van de verha¬
Is geproffijteert mitsgaders A
——
.
-
..
-
-
-"
NL-HaNA_1.04.02_1547_0657.xml,"300
weel
danige Coopmansz Ulser Sedert P=mo Januarij A=o 1693
aar Aan volgende, tot Coilan en onderhoorige Residentien opt zuijder
Meraan Wijsinge Wat deselve in en uijt koops prijs kosten
vande verhandelde Parthijen. en Watter int Gener=le op deselve
mede
sgaders Roe veel P:r Cent=o Advans daar op is behaalt, namentl=j
't bedrgen vande tbedragen vande advancen opde advancen perC=to
uytkoops
Inkoops
verhandelde pan„ verkogte parthije geheele verhandel ruijm en
thrijen in koops uijtkoops de parthije
schaars
ne
El ƒ 1. 16. 14½ƒ 4. —. —. —ƒ 235. 5. 9 ƒ 510. —. — ƒ 274. 14. 7 ƒ 116. 15. 5
51453
ƒ „ —. 7. 2. ½ „ —. 14. 1. 4/16 „ 8399. 13 —„ 17601. —. —. 9201. 7. —. 109. 10. 14
1423. 16. 14. 2438. 2. 8. „ 1014„ 5. 10. 71. 4: 11
257.
- - - - - - - - „ „ — 5. 14. 1/3 „ —. 10. 1. 24/83
. . . . . rps „ 3. 19. 15. —„ 5. 8. —. —„ 159. 17. 8. 216. —. —„ 66. 2. 8„ 41. 7. 3
- - - - - „ „ „ 2. 18. 8. —„ 5. 2. —. —„ 87. 15. —„— 153. —. —„ 65. 5. —. 74. 7. 3
100. 15. —„ 213. 15 —„ 113. —. —„ 112. 4. 3
- - - - - - „ „ 1. 11. —. —„ 3. 5. 12. 2/3„
—„5 5 1/6441„
2601. 5. 9. 4414. 4. 7. 1812. 18. 14. 69. 13. 14
depar „ — 3. 2. 10444„
lb
. . llb „ —. 1. 15 1/1541
2
„ 176. 19. 4. 299. 17. 8 „ 122. 18. 4. 69. 9. 2
-3. 6
1777„
1777
tadt Coctum adij 23en Decemb=r A=o 1693
9.
Vigsimats
-
-
-
. . . . .
-
..
-
E
ƒ"
NL-HaNA_1.04.02_1547_0658.xml,J
NL-HaNA_1.04.02_1547_0659.xml,301
NL-HaNA_1.04.02_1547_0660.xml,"het Bedragen va
Randeles Partije 1500
Indische Holaats
Reduct
711
742 lb. . . . . giroffeb nagelsn - - . ƒ - 8 9
742 ƒ 5. – – – ƒ 319. 12 13 - -
299
666¼. - - - -. - tocaij ofte macis „ — 25 2/2665
5. 5 - —.
410 7. 14. -.
350 - - - - - - nooten muschaten, -. 2 7. 13/35 „
2. 12 „ 7
433. 13„ -
10777
391
30950 - - - - - Japans staarcoeps „ —. 7 - 15475. —. 15 1. 619„ 10899 17 2. - - . . . . -
3079
3650 – - - - - thin - - - - - - - „ — 5. 13. 3658 -. 7. 4. 2/3 „ 1070. 8 1 - - - - - -
25 - - - - Landchhout - - - - „ - 4 - 5
5 —. 13. 8. — „ 5. „ 5. -. . . . . . . . .
18
4¼ P=s Zeijlsleeden. - - . „ 1 10 14. 1/19. 2. 8 –„ – 7. 6. 15 - . . . . . . .
. -8¾ll geelpslaet Cooper 1 1 16 1/15
1. 10- 9. 7
ƒ713„
(was geteekend) Pieter inoringh
gecollationeert, en met sijn
Oorigineel, d accorde bevonden
Cananoor den 8=en Maij A=o 1694
uijtkoops
memorie van Alle verhandelde Coopmansz
A=o 1693 met Aenwijsingh eer in en uijt Coops
rance P=r Cento Hollantse en indische Re„
Incoops
Coopmanst.
Jndiascks Hollanss
Dr Mankourt
E
Lange
Cs"
NL-HaNA_1.04.02_1547_0661.xml,"302
ser Comptoir voor Contands geles sedert Primo Januarij tot ult=o december
rijsen hoe veel het Rendement van de geheele Partije Bedraaghs wat ad,
tje daer op zijn Behaals
dragen vade ver, het Bedragen van de ver: Advanse op de geheele Adrance P=r Cento Ruijm
5n schaars
Partijcncoops handelee Partije uijtkoops versoghte Partijs
Indlasche Hollantse Jndiasche Hollantse
Holantse Ineische Hollantse
Reductie
Reductie
R5duc h
Reductie
13 - - - - - ƒ 3710 - - - - - - - - - - - ƒ3390 2. 35 - - - - - - - ƒ 1050 - - - - - - - - - - -
7. 14. - - - . . . - - „ 3647 16 4 - - - - - - - - - 3087 8. 6 - - - - - - - „ 752 4. 9. - - - - - - - - - -
3. 13 - - - - - - - - - „ 923. 10 – - - - - - - - - 879 6. 4. - - - - - - . 2036 – 1 . - - - - - - - - -
2
2. . . . . . . . . „ 23362 10 – - - - - - - - - . 12462 12. 14 - - - - - - - 114„ 6. 8 . - - . . . . . . -
1 - - - - - - - - „ 1825 - - - - - - - - - - 754. 11. 15 - - - - - - „ 70. 9 14. - - - - - - - -
5. . . . . . . . . . . „ 16 17 8. - - - - - - - „ 11 12 3. - - - - - - - „ 236„ 8. 15. -. . . . . . . . -
„ 15 - - - - - - - - - - 11 8. - - - - - - - - - 4. 1. 1. . . . . - . . . „ 55 3„ 6. - - - - - - - . - -
713„ 2„ 13. 2 8„ 10. 10- 3 11. 1. 2. 16 14. 37. 2 6. 37. 2 14
manst
ijf Coops
Re
7
inoringh
met sijn
bevonden
Ao. 1691
ange"
NL-HaNA_1.04.02_1547_0662.xml,"Mans
d
o
:
E
46025:
os"
NL-HaNA_1.04.02_1547_0663.xml,"303
o
25839. 1. 14.
46025: I=s mogta kleeden off chiomen Namentlijk.
28875. p=s beslooten in 118. packen den 13=en Januarij met 't fluijt schip hoobres van nagapatn:
over ceijlon alhier aengeb=t zijnde l=t b=t en kosten als volght.
1050. p=s in 7. packen alle lg- 14. b 2¼. cob=s kosten 'tsamen jnkoops.
volgens factura - - - - - - - - - - ƒ 3440„ 3. 2.
21050. „ beslooten in 84. p=ren l=k 9. b=t 1¼. cob:s monteeren. 38032„ 16. 4.
6775. „ l=dn 10. b=t 1¼ cob=s bestaende in 27. packen „ 13877„— 10.
min
nu
28875. p=s mochta chionnen bedragen - - - - - - - - - - ƒ55350„—.
voor di versz ongelden van packagie onkosten bij t jnzamelen en
vervaardigen 4. p=r c=tso thol Jntrest penn: llossen en laden R„a
in bengalen op dese parthije gecauseert - - - - ƒ 5157„ 5. —
ongelden bij ttantligten wederom afscheepen,
van gen: zijde stoffen op chormandel gevallen„ „ 645. 1. ƒ. 5802„ 6. 7„ ƒ61152. 6. 7.
mun
nu
13200: p=s primo april met 't schip brandenb=r van ceijlon bekomen zijnde. —
in 67. stx:s p=ken beslooten teweten
3600. p=s met smalle roode hooven en boorden bestaende in 24. p=ken alle l=k
14. b=t 2¼. cob:s kosten â ƒ 2. 17. 8. 'tp=s - - ƒ 10350. —. —
voor den thol â 4. p=r c=to ongelden van
'tjnzamelen packagie en d=o loon
jntrest penn: als tlossen en laaden
der scheepen in bengale 'tsamen - - - - ƒ 896. 4. 7.
nu
11246. 4. 7.
750. „ in 3. packen zijnde l=k 10. breet 1¼. cob=s kosten
â ƒ1. 9. 1. p=s - - _ _ - - - - - - - - ƒ1089. 16. 14.
voor d' ongelden in maniere als boven,
„
95. 2. 4.
nan
1184. 19. 7.
8850„ p=s alle lanck 4. breet 1¼. cob=s beslooten in 40. stx:
-
packen kosten 'tsamen - - - - - ƒ12801„ 18. 12.
wegens de ongelden als vooren
- „ 605. 14. 4.
nu
13407„ 13. -
me
n
3450: p=s den 20=en novemb=r met 't schip Java van ceijlon ontvangen
Zijnde in 14 packen beslooten als, —
750. p=s in 5. p=kren alle lanck 14. breet 2¼. cob=s
m
bedragen - - - - - - - - - - - - ƒ 2111„14. 6„
1450. „ alle l=k 4. b=t 1¼. cob=s bestaende in7
packen monteeren - - - - - - - - - „ 2007„ 16. 14.
1750. „ in 7. p=ken p=k 10. b=t 3¼. cob:s kosten - - - - „ 2532„ —. —
ƒ 6651„11„4„
Voor divers ongelden gel=k hier boven gesegt is tsamen
-- „ 606. 9. 1„
m
n7258.
46025. p=s mogta kleeden offchiomen bedragen met d'ongelden
Transporteere.
Coopmansz: Comptanten en andere
goederen D'welcke 't sedert Primo
Januarij A„o 1693. tot ult„o December
daer aen volgende van diverse Plaatsen
te deser Custe malab„r zijn aengebracht
Namentlijk.—
Corte 't' Samen treckingh van alle De.
- - - _ _ _ - - - - - - ƒ94249. 8. 10"
NL-HaNA_1.04.02_1547_0664.xml,"„ Transport. .
ƒ94249. 8. 10
124
2921. P=s dubb: hiomas off tesserse pantsia, alle l=n 18. b=t 2¼. ceb=s teweten
1424. p=s beslooten in 10. p=ken p=mo maart met t fluijt schip bovenkasp=e van
ceijlon aengeb=t kosten 'tsamen
voorden thel â 4. p=r c=to goenijs dongrijs waxd=k paktouw en
d=o loon jntrest penn: tlossen en laaden der scheepen in bengale
481. 19. 1
'tsamen - - - - - - - - - - - - - - - - - - — uw
ƒ5813. 6. 9.
E
w
997„ p=s beslooten in 10. packen den 20=en novemb=r p=r 't schip java van als boven
bekomen kostende â ƒ2. 8. 12. 'rp=s - - - - - - - - - - - - ƒ 2430. 3. 12.
- - - - - - - - - - - - - - - „ 265. 7. 9.
ƒ 2695. 11. „ 5.
nm
m
voor d'ongelden
2921. p=s dubb: hioural off tesserse pantsia kosten door den anderen met d'ongelden.
1995 „ d=o balgarisz adlassen met de fluijt schip bovenkas p=l p=mo maart als vooren ontvangen alle l=ten 14.
b=t 1¼. cob=s beslooten in 20. stx: kisten kosten tegens diversz prijsen 'tsamen - - ƒ 5783. 12. 8.
voor den thol â 4. p=r c=t d' kisten packagie packl=r jntrest penn: en 'tlossen en laden 't samen 612. 5. 6. 6395. 17. 14
m
7500. p=s pamarees off taftas de foela Namentljk.
5750. p=s p=mo april met 't schip brandenb=s uijt bengale over ceijlon alhier aengeb=t alle l=kn 14. b=t 2. cob:s
bestaende in 23. p=mes jder 250. p=s inhoudende kosten Jnkoops - - ƒ21185. 3. 2.
voor packagie jjnzamelen van de zijde den thol van
4. p=r c=to en andere ongelden - - - - - - - - - - - - - „ 1642„ 17. 14„ 22828. 1. —
ni
1750. p=s beslooten in 7. packen alle lanck en b=t als boven p=r 't schip java.
den 20=en novemb als vooren ontvangen bedragen ƒ6157„ 16. 4.
„ 484„ 6. 11. „ 6642. 2. 15.
voor d' batavias ongelden als boven - - - - - zijn
m
7500„ p=s taftas de foela monteeren 'tsamen - - - - - - - - - - -
700. p=s chiander wanijs beslooten in 3. p=ken alle l=k 14. b=t 2. cob=s namentlijk. —
300. p=s in 1. p=r p=mo april met brandenb=s ontvangen kosten door den anderen ƒ677„16„ 4.
voor d'ongelden - - - - - - - - - - - - - - - - - - „ 73„ 4. 12.
731„ 6. —
ii
400. p=s met 't schip java aengeb=t bestaende in 2. p=ren bedragen 't samen ƒ 887„ 10. —
76. 6. 2.
„
voor d'ongelden - - - - - - - - - - - - - - - - - in
963. 16. 2 ƒ 1695„ 2.
1000. p=s roederbanijs beslooten in 4. p=le E=k en b=t voorsz: bodems alhier ontvangen, namentlijk.
600. p=s in 2. p=ren p=r 'tschip brandenb=s kosten - - - - - - - - - ƒ1410. 12. 8.
wegens ongelden - - - - - - - - - - - - - - - - - „ 165„ 5. 5. 1575„ 17„ 13.
nu
400. p=s bestaende in 2. p=ken met 't schip java bedragen 'tsamen - - - ƒ 937. 10. —
- - - – – – – - - – - - - - - - - - – „ 79. 17. 14.
1017„ 7. 14.
d'ongelden
ƒ„ 2593. 5.
m
2250. p=s ragiabanijs beslooten in 9. stx: pakken zijnde jder l=k 16. b=t cob=s als. — in
1750. p=s met brandenb bekomen monteeren - - - - - - - - - ƒ6092. 3. 12.
„ 476. 7. 12.
„ 6568. 11. 8.
. – – – – – – – – – – – – –
n
d'ongelden
500. p=s met 't schip java aengeb=t bestaende in 2. p=lken alle l=k en b=t
als vooren geseght - - - - - - - - - - - - - - - ƒ 1687. 10. —
- -„ 133. 5. 4. 1820. 15. 4.
- - - - - - - - - -
in
wegens de ongelden
ƒ8389. 6.
nu
n
2500: p=s bengaals dubbelde taftas bestaende in 10. packen alle lanck 14. breet 2. cob=s
teweten
2250 p=s off 9. p=ken met brandenb=s ontvangen kosten - - - - - - ƒ 5287. 10. —
voor d' ongelden - - - - - - - - - - - - - - - - „ 426. 4. 4.
250. „ in 1. p=k p=r 't schip java beloopen tsamen - - - - - - - - - - - 581„ 5„ —„
„ 8508. 17.
- - - - ƒ 5331„ 7. 8.
voor d'ongelden - - - - - - - - - - - - - -
5713. 14„ 9.
ƒ
-„ 47. 18. 13 ƒ. 629. 3. 13.
in
in
- - - - -„ 29470. 3. 11
175
215
6342. 1
Transporteere - - - - ƒ 157645."
NL-HaNA_1.04.02_1547_0665.xml,"304
395. 17. 14
29470. 3. 11
349
Transport - - - ƒ157645. 1. 4
no
n.
222: p=s beng: en k: tastas beslooten in 1. p=r zijnde tp=s lanck 10. b=t 1½. cob= den 20=en novemb=r
met 't schip java uijt bengale over ceijlon aengeb=t kosten inkoops - - - - - - - ƒ 285„ 16. 8„
voor 4. p=r en thol Gjnbaleeren ongelden van 't jnzamelen jntrest penn: en
tlossen en laden derscheepen in bengale 'tsamen - - - - - - - - - - 24. — 14.
309. 17. 6
va
750. p=s beng: enkarmozijnen beslooten in 6. stx: kisten â 125. stx: Ider jnhoudende alle.
lanck 20. b=t 2. cob=s namentlijk.—
625 p=s in 5. kisten p=mo april met 't oorlogs schip brandenb=k van als vooren
bekomen bedragen inkoops - - - - - - - - - - - - - ƒ2617„ 3. 12.
voor 't jimbaleeren d' kisten jntrest penn: tlossen en laden en
verdere ongelden
:
215. 2. 14„ 2832„ 6. 10.
125. p=s inde kist den 20=e 9b:r met 't schip java ontvangen kosten 'tsamen - - - - ƒ 553„ 18. 2.
voor d'ongelden in maniere als boven - - - - - -i
46„ 3. 15.
600. 2. 1„ 3432. 8. 11
2158. p=s pitambers alle l= 14. breet 2. cos=s teweten
na
2600. p=s off 8. p=ren met branden b= ontvangen zijnde in jder p=k 250. p=s afgepakt
monteeren door den anderen - - - - - - - - ƒ6918„ 15. —
voor pakkayie pakl=n en verdere ongelden - - - - - - „ 540„ 8„ 11„
in
7459. 3. 11„
158. p=sin 1. p:s n=o 258. bij de nkr: Caftas afgep:t pr't schip java ontvangen kosten ƒ 522. 17. 18
voor d' ongelden als boven - - - - - - - -
„
40. 3. 9. 563. 1. 3.
na
1750. p=s summeris alle lanck 14. b:t 2. cob:s beslooten in 7. stx: p=ken den 20=en novemb=r met 't schip. —
E
Zy
-
8022. 4. 14
java uijt bengala over ceijlon alhier aengeb=t kosten Jnkoops - - - - - - - ƒ6010. 3. 2.
voor de schol timbaleeren en andere ongelden 'tsaamen - - - - - - „ 473„ 16. 7.
6483. 19. 9
12400. p=s mourbanos beslooten in 46. stx: p=ren zijnde van de volgende lengte en 6: te Costen als volght
9000 p=s p=mo april met 't schip branden d=o aengeb=t bestaende in 33. pakken als. —
7500. p:s alle l=tn 14. b=t 2. cob=s in 30. p=ken kosten jnkoops—
tsamen - - - - - - - - - - - - - - - - ƒ23718„ 15. . —
wegens de ongelden - - - - - - - - - - - „ 1862. 14. -. ƒ25581. 4. 7.
1500 p=s off 3. p=ken alle l=k 10. b=t 1½. cob:s bedragen ƒ 2530. 10. —
voor d'ongelden - - - - -
„ 197. 3. 9.
in
2727. 10. 9.
in
3400 p=s in 13. paken p=r 'tschip java, bekomen namentlij
ƒ28304. 3„ —
3000. p=s l=k 14. b=t k. cob:s in 12 p=len costen
ƒ 9178. 2. 8.
d'ongelden - - - - - - - - - -
227. 12. 4. ƒ9905. 14. 12.
„
400. p=s in 1 p=k c=k 10. b=t 1½. cob=s monteeren ƒ 650. —. —
voord' ongelden - - - - - - -
in 7. 5. 13. 707. 5. 13.
10613 -. 4
in
747245. lb beng: ruwe zijde cabessa beslooten in 50. p=ken als. —
ƒ38922. 3. 9
in
314 380. lb in 21. p=me p=r java van als boven ontvangen kostende jnkoops. ƒ 9163. 2. 8.
voor 't jmbaleeren den thol jntrest penn: als. —
n
andersints - - - - - - - - - - - - - - - - -—
4324 1/8 l oste 24. p=ken met brandenb: aengeb=t monteerende - - - - ƒ11930. 12. 8.
wegens d'ongelden als boven
- – – – – – –
7405 /. lb beng: zijde bariga beslooten in 49. stx:s packen teweten
3088 4/415. lb in 20. p=ken met java bekomen kost - - - - - - ƒ 5720. 12. 8.
4316 /9. lb ofte 29. p=ken p=r 't schip brandenb= monteert - - - - ƒ8008. 17. 8.
voor d' ongelden - - - - - - - - - - - - - „ 512„ 6. 1.
voor d'ongelden - - - - - - - - -
„
793„ 1. 8.
ƒ 9926. 4. —
ƒ 998. 11. 15. „2929. 4. 7
22855. 8. 7
en
— 6232. 18. 9.
i
- 720„ 9. 9 8729. 7.
ƒ14962. 5. 10
249. 8. 10
508. 17.
16
3. 5.
8389. 6.
ƒ157645.
Transporteere - - 252683. 9. 6"
NL-HaNA_1.04.02_1547_0666.xml,"P„r Transport . ƒ252638. 9. 6
7098. 10. 2„
1069. 14. 11 „ 4567. 5. 10
3338 5/8. stx:s Europ: duk: bedragen 'tsamen - - - - -
er
26635. lb lange peper bestaende in 175. stx: goenij sacken namentlijk
no
20400. lb ofte 128. sacken p=mo april met 't schip brandenb uijt bengale over. ceijlon
alhier aengebraght kostende - - - - - - - - - - ƒ3375„ —. —
voor d' sacken jntrest penn: en tossen en laden derscheepen
in bengale - - - - - - - - - - - - - - - - - „ 122. 10. 15.
ƒ3497„10. 15.
in
6235. lb in 4. sacken den 20=e 9b=r met 't schip java als vooren ontvangen —
bedragende - - - - - - - - - - - - - - - - - - ƒ 1031„ 10. 8.
voor d' sacken en verdre ongelden - - - - - „ 38„ 4. 3„
m
50025„ lb= beng:s amphioen beslooten in 345. kisten p=mo maert met 'tfluijtschip bovenkappel
Een tjagtje de caauw van als boven alh=r aengekomen kosten als volght
4640. lb in 32. kisten â 145. lb netto jder inhoudende p=r bovenkaspel
ontvangen bedragen 'tsamen jnkoops - - - - - - - ƒ 6384. —. —
sopgelt
voor makelaardije pattenas) thol „ der siccas d' kisten
jntrest penn: als andersints. . . . . . . . . . . . „ 714„ 16. 2.
nu
45385„ lb in 313. kisten p=r tjaght d'caauw zijnde d' kisten alle met voorsz:—
Jnhoudende - - - - - - - - - - - - - - - - - - - - ƒ60189. 18. —
- - „ 6834. 11. 13. 67024. 9. 13.
wegens d'ongelden - - - - - - - - - - - --
nu
74122. 19. 15
in
m
19575: lb witte comijn beslooten in 135. stx: goenijsacken teweten
ƒ 853. 17„ 8.
14500„ lb. ofte 100. p=len met bovenkas p=l aengeb=t bedragen 'tsamen
voor makelaardijen pattenas thol jntrest penn: en verdere. —
„ 162„ 8. 3„
„ 1016„5. 11„
ongelden
in
5075„ lb afgestort in 35. sakr: p=m april p=r 't schip branden b:k v: batav:a ontv: kostend ƒ 454. —. —
27. 4. 10.
481„ 4. 10.
-
voor 6. p=r c=to beng: en batavias ongelden
im
1497„10.5
in
Mn
27260: lb swarte comijn bestaende in 188. stx: sack: p=mo maert met de fluijt bovenkaspel
bekomen bedragen 'tsamen - - - - - - - - - - - - - - - - - - - ƒ 622. 17. 8.
61
212. 19.
835. 16. 8
wegens divers ongelden - - - - - - - - - - - -
in
„met
47995. lb katsio beslooten in 133. stx: goenij sak: dlast gen: bodem alh=r ontvangen monteeren 'tsamen ƒ 2205. 13. 2.
voor makelaardije bark vragten thol en geregtigh: pions gelden jntrestpenn: r„a 469. 1. 14.
2674. 15. —
In
309. 15. 9½. mark fijn bhaer gout bestaende in 12. stx: bhartjes teweten
213. 5. 2. 21. mark fijn aen 10. bhaertjes p=mo april met 'tschip branden d=o van batavia
aengeb=t gelden 'tsamen met lopgeld van 6¼. p=r cto - - - - - - ƒ 100534. —. —
0
96. 9. 6. 12. ½. mark fijn in 2. bhaertjes p=r 'tschip standvastigh=t van als boven
bekomen kost met 6. p=r c=to opgeld - - - - - - - - - - - - - - - - - - „ 45342. 19. — 145876. 14. -
nu
33388 5/8. stx: Europiaens: dukaten namentljk. —
No
13000„ stx: den 20=en 9b:r met 't schip java van ceijlon aengeb=t bedragende met eenige- —
ongelden 'tsamen - - - - - - - - - - - - - - - - - - - - - - - - 77434. 1. 6.
M
17550. stx: den 14=en decemb:r alhier ontvangen als. —
5000. p=s p=r jaght d'caauw van ceijlon bekomen
12550. „ uijt tjaghtcillida van 't ceijlons carguazoen alhier aenl:t gelight
- - - _ - - - - - - - „ 105300. —. —
17550. dukaten komt â 6. gl: jder - - - - - - - -
2838 5/8. stx: door diversz personen alh=r in 'scomp: groote geld cassa omme met 't believen
van d' H=ren gesaghebbers over d' directie van souratta d' E. adriaen van ommen en
pieter van helsdingen in spetie ro/a s. â 4. p=r duk: aldaer weder vold=n tewerden
door den schipper mourits Jacobsz van djck - - - - - - - duk: - 1175. —. —
- - - _ - - - „ 1000. –. –
--
jdem hend=k pronck- - - - - -
„ d' H=r command=r J=s v:n dielen om aen den E H=r v: helddingen vold:n tewend: 125. — —
den boekh=r francois flamingh - - - - - - - - - - „ 181 8. —
„den schipper francois pets - - - - - - -
-- - --– – – 357„–.–
-- – – – – – – – – – – –
no N
komt â 6. gl: p=r duk: - - - duk: - „ 2838 1/4. –ƒ17032. 10. —
Transporteere - - - ƒ68195. 7
in
20121½
4000.
270
616
23307½
2250
2694
½
ƒ 19966. 11
-
ƒ
--
-
ƒ"
NL-HaNA_1.04.02_1547_0667.xml,"305
145876. 19. -
79: stx: 9 Moors duk: den 20=en 9b=r met 't fluijt schip java van ceijlon bekomen kostende â 6. gl: j der 44. ——
4499¼. rd=s holl: paijem: door diver)j alhier in cassa getelt om op de volgende plaats: weder vold=r te werden
749¼. rx=s door den H=r command=r J=s v:n dielen om op batavia aen d' H=r wees meesteren
gerembounceert te werden getelt —
300. „ door zijn E=s gemelt om tot patria voldaen tewerden
3400. „ om op gale te ontvangen alhier door de volgende incassa getelt als. —
1600. door den schipper marten franckamp
1800. Idem Iacob oversloot
4499¼. rx holl: paijem:t bedragende â 3. gl: p=r rx. - -
5040. p=s goude palliak: pa/o den 14=en xb:r met tjaght d' caauw van ceijlon ontvangen costende â 6. gl: j der. . . „ 30240. — —
2706 1/16. stx: spaance realen den 24=en b:r uij't ljaght d'wint van persias carguazoen alhier aensant geligt gelden 9204. 4. 8
20121½ lb ganioffel nagelen beslooten in 169. stx: kisten teweten
„batavia
5064½. lb in 43. kisten p=mo april met 't schip branden b=k van „ alhier aengebraght
kosten â 8. stver=s tlb. - - - - - - - - - ƒ 2025. 16. —
voor d' kisten â 2 /5. gl: Ider - - - - - - - ƒ 94. 12. — ƒ 2120. 8. —
in
voor d' bataviasongelden â 2. p=r cto - - - - - -
„
42. 8. 3.
in
ƒ 2162. 16.3.
ne
15057. lb in 126. kisten den 10=en april ter ordre van d' H=r command=r Simon van den 8=e
uijt zijn E=s onder hebbende scheeps vloot van sourats canguazoen alsoo
thaijntz oen verloopen was aanland gesonden en alhier opgeleght kosten
â 8. stver=s lll tsamen
_- - - - - ƒ 6022. 16. —
voor d' kisten 2 1/5. gl: Ider - - - - - - - - „ 277. 4. — ƒ 6300. —. —
„ 2
d' batavias ongelden
- --„ 126. — —
- - -
in
6426. —.
vr
en
23307½. lb nooten Muschaten beslooten in 150. stx: kisten namentlijk. —
3192„ lb in 20. kisten p=r brandenb= als vooren bekomen â 2. stver=s tll en
d geheele partije - - - - - - - - - - - - - - - - ƒ 319„ 4. —
voor d' kisten en batavias ongelden - - - 7n  5. 4: 370. 9. 4.
20115½. lb ofte 130. kisten als boven van 't zourats carguazoen alhier. —
opgelegt kosten ten prijse voorsz: - - - - - - - - ƒ 2011„ 11„ —
„ 331„ 19. —
d' kisten en batavias ongelden
- - - - - - –n -„ 2343. 10. —
-
225000. lb beslooten in 1800. kisten jappans slaav kooper zijnde 't sourats, canguazoen
dat alhier opgelegt is kostende th=o 11„ 8. 5. d'kist komt - - - - - - - - - - ƒ74655„ —. —
voor d' kisten stroo touw en d' batavias ongelden - - - - -
„4706. 2.  79361. 2. —
2694½. lb spiaulten bestaende in 1558. stx: als. —
5005. lb In 17 18: 3t x:s p=mo april met branden b=t van batavia alhier aengeb=t
kosten â ƒ 27. 5. — 'tpikol - - - - - - - - - - - - ƒ 1117„ 18. 8„
voor d' batavias ongelden - - - - - - - Ein
„
22. 7. 4.
ƒ 1140„ 5. 12.
En
21942½. lb bestaende in 1383. stx: voor sounatta alhier opgeleght
komt ten prijse voors - - - - - - - - - - - - - ƒ4901. 1. 13.
d' batavias ongelden - - - - - -
48-7
n
4999. 2. 4 6139„ 8.-
„besloten
29
3110: lb vermiljoen, in 7. tobbens p=r brandenburgh van batavia ontvangen
kostende â ƒ 2. 3. 12. tpond 'tsamen
vooragia â 4. p=r c=to beslagh der tobbens slands neght en d' batavias
8588„16. 3
„Transport ƒ681975. 7. 2
4000. stx. persiaens abacijs als boven gelight kost â ƒ 1. 1. 4. rp=s - - - - - - - - - - - - - - - „ 4250. — —
- - - - _ _ _ - - - ƒ6803. 2. 8.
ongelden - - - - - - - - - - - - - - - - - - - - - - „ 675. 14. 6. 7478. 16. 14
2713„ 19. 4
&
Transporteer - - 84939.3. 8. 15
9
6
67. 5. 10
122. 19. 15
497„10. 5
16. 8
74. 15. —
267
ƒ6. 13
ƒ681925.
ƒ13497. 15"
NL-HaNA_1.04.02_1547_0668.xml,"P„r Transport - - - - - 843923. 8. 15
-„ 250. 8. 8.
„12771„ 13. 8
n
100170. lb zengeloot bestaen in 340. zeugen p=mo april met 't schip brandenb: van bata:a aengeb: bedragende /. —
7000. lb Jappans kampheur beslooten in 98. balijs den 14en april met tjaght de stantvastigh=t van
als boven bekomen kosten met de balijs strostouw R„a - - - - - - - - - ƒ 2828. —. —
i 56. 11. 3. 2884. 11.
88 1/8. lb kamoheur barob bestaende in 2. kasjes en 1. kelder als boven ontvangen bedragen 't samen ƒ1863„ 16. —
in ƒ 37. 5. ƒ 1900. 1. 8
wegens de ongelden voorsz: --
15000. lb sandelhout bestaende in 542. stx: namentlij.—
4000. lb in 146. stx:s met branden bk van als vooren bekomen kosten â ƒ 24. — —
m
tpikol van 122. lb - - - - - - - - - - - - - - - - - - ƒ 786. 18. —
-„ 15„ 14. 12.
d' batavias ongelden - - - - - - - - - - - - - -
802. 12. 12.
-
mw
10000. lb in 378. stx:s den 10=en april ter ordre van d' H=r command=r Simon van den E=n uijt
zijn E=s onder hebbende scheeps vloot van 'tsourats carguazoen alsoo Gaij zoen
verloopen was aenland gesonden en alhier op gelegt komt ten prijse voorsz ƒ1967. 4. 4.
ƒ 39. 6. 14.
„
2006. 11. 2.
-
2809. . 3. 14
6045 lb quiksilver beslooten in 17. kasjes p=mo april met Srandend: bekomen kostende â . 2.2. 8. lb. . . ƒ12845. 12. 8.
- - - - - - „ 1341„ 10. 1.
voor agia â 4. p=r c=to d' kasjes slands reght en batavias ongelden
in
no
3987 l jappaars peijersuijker als boven ontfangen zijnde beslooten in 160. stx: kisten kostende
â ƒ 12. —. - tpicol van 122. lb. - - - - - - - - - - - - - - - - ƒ 384. 2. 8.
„ 436. 10. 7.
voor d' kisten en batavias ongelden - - - - - - - - - - -
vim -4310„ 12. 15
30000. lb sappaenhout op batavia tot onderlagh voor t patria in 't schip brandenb=k geladen en alhier. —
aenland gelight kost â ƒ2. 6:- tpicol van 122. lb - - - - - - - ƒ 565„ 11„ 8.
– . - - - - - - - - - - - - - - - 1. 6. 4. 576. 17. 12
d'batavias ongelden
8100. lb netto bens juin van de soorte cabessa beslooten in 2. kisten van 300. lb p=r kost â 1. gl: 'tlb. ƒ 8100. —. —
222. 11. 13.
voor den uijt voer, kisten, batavias en andere ongelden 'tsamen
„
— 8322. 11. 13
nu
7068. lb charret off hilpats hooren beslooten in 14. kassen als boven voor souratta alhier opgeleght
kostende â ƒ 195. — - — 't picol van 125. lb - - - - - - - - - - - ƒ 11297„ 4. 4.
225. 18. 14. „1523. 3. 2
-
voor d' batavias ongelden - - - - - - - - - - - - - - -
in
400„ p=s grove perkallen den 13=en januarij met 't fluijt schip hoobre van nagapatnam alhier.
aengeb=t bestaende in 2 stx:s p=ken kosten jnkoops - - - - - - - - - ƒ 1860. —. —
voor ijmbaleeren paktouw en d=o garen - - - - - - - - - - - 11. 11„ 4. 1871. 11. 4
80. p=s fijne salempoeris) in 1. p=l alle lank 32. b=t 2¼. Cob=s p=mo maent met boven kaspel
van ceijlon bekomen kosten â 1¾ pa/o tx=s - - - - - - ƒ 840„ —. —
7. 5. 8. 847„ 5. 8
„
voor Dongrijs goenijs paktouw R„a tsamen - - - - --
300„ p=s drongamgingams beslooten in 3. pakken als boven ontvangen kosten - - - - 990. —. —
18. 5. 9.
Voor dongris goenijs r„a - - - - - - - - . - - - - - . i ƒ 1008. 5. 9
4. kassen roose water p=mo m=t uijt'tschip d' groote visserije van ceijlons carguazoen
alhier aenland gelight kost â ƒ 22. 15. 12. d' kas - - - - - - - - - - - - - - - - - „ 91. . 3. —
w
320. p=s enk: gecattoeneerde deekens beslooten in 8. packen den 15=en julij p=r de fluijt borssenb=r
uijt souratta overtutucorijn, en van daer alhier aengeb=t kosten jnkoops ƒ1020„ —. —
voor d'ongelden van d' opbereijdinge suijderloon packagie sourats zee thol
„ 334. 18. 4. 1354„ 18.
en onkosten bij tenn=s senden van tutucorijn tsamen - - - - in
960. p=s blaauwe smalle bastas alle l=k 21½. â 22. b=t /8. beslooten in 8. p=ken als boven
bekomen bedragen - - - - - - - - - - - - - - - - - ƒ2067. 7. 8.
voor d'op bereijdinge packagie sourats thol en ongelden in maniere voorsz:
voor d' batavias ongelden - - - - - - - - - - - - in
14187„ 2. 9
in
„ 600. 6. 1.
voor d' batavias ongelden - - - - - - - - - - - - - - - - - - - - - -
d'batavias ongelden - - - - - - - - - - - - - - - - - - - - - - - -
â ƒ 12. 10. — C=to lb. - - - - - - - - - - - - - - - - - - - - - - ƒ12521. 5„ —.
--- - - - - - - - -
1200
Transporteere - - - - - - - 911051„ 4.
G
in
„
26
E
in
2667„. 13. 9"
NL-HaNA_1.04.02_1547_0669.xml,"306
Transport ƒ91051. 4. 5
120: p=s gessiapaats beslooten in 1 p=r alleek=n 78¾. b„t Ce„ den 15=en julij p=r de fluijt borssend=r uijt souratta
op tututorijn aengeb=t en van daer alhier ontvangen kosten jnkoops - - - ƒ 396. —.
wegens packagie sourats 'thol en ongelden als mede d' gedane onkosten
tot tutucorijn bij therw=ts zenden tsamen
120. p=s nquanias alle l=t 4. â 1416. 6 / 16. „r beslooten in 1. p=s kosten met d' makelaardije - - - ƒ -187—. 12„ 8.
voor pack: thol en verdere ongelden - - - - - - - - - - - - - -
10. lasten tarruw met gen: bodem als boven ontvangen kosten
voor den uijtvoer der sourats en tutucorijns ongelden - - - -
1. last Erweten als boven bestaende in 17½. stx: sacken kost - - - - - - - - ƒ 73. 8. 2.
voor d' sacken sourats en tutucorijns ongelden - - - - - - - - - „ 13„ 1. 3„
1 last bestaende in 17½. sacken kadjangh monteerd - - - - - - - - - - -
voor d'ongelden
50. lasten bruijne rijs ult=o xb:o met 't schip courtgene van tutucorijn alhier aengeb=t kosten
met diversz ongelden in tafscheepen als andersints gevallen 'tsamen
„'alle lank
40. p=s cust zeijld=e beslooten in 1. pak„ 4. b=t 1. @. den 13=en januarij met t fluijt schip hpobre. —
van nagapatnam bekomen kosten
door packagie taanboort brengen R„a tsamen - - - - - - „ 10„ 6. 10.
275„ 6. 10
in
375: p:s jnchiados als boven ontvangen bedragen - - - - - - - - - - - ƒ 494. 2. 8.
„ 1. 10. —
wegens dragloon en taanboort brengen - - - - - - - - -
26880. lb diversz: gesorteerde spijkers teweten
1380. lb met hoobree van nagapatnam bekomen waer van 360. lb. —
huijt en 1020. lb 8. d=ms spijkers kosten tsamen - - - - ƒ 240. 15. 3.
25500. lb beslooten in 41. vaten p=mo april met 't schip branden b=k van
batavia bekomen kosten 'tsamen - - - - - - - - - - - - „ 3825. —. —
120065. lb holl: ezer namentlijk. —
19730„ lb bestaende in 483. staaven en bossen met brandenb=o van batavia, ontvang: als
15000. lb vierkant
3665. „ stel
Jezen. —
1065. . „ roeij - -
119730. lb gesorteerd Izer kost â 19. gl: tcto lb - - . . ƒ 1973„ —. —
voor d' batavias: ongelden - - - - - - - -
100335: lb den 14=en april p=r d' stantvastigheijt van als vooren
bekomen bestaende in 2264. slaaven vier kant swaer
gemeene en 1/8. d=ms in soorten bedraaght ten prijsen,
voors: - - - - - - - - - - - - - - - - - - - ƒ10033. 10. —
d' batavias ongelden - - - - - - - - - - „ 200. 13. 6.
in
10234. 3. 6. 12246. 12. 9
in
1469. e chrisp off lamphen floers p=mo april met brandens: monteert - - - - ƒ 183. 9. 8.
voor d' batavias ongelden - - - - - - - - - -
3. 13. 6.
in
349. @ chergies ras d' parira bestaende in 6. p=s als vooren ontvangen kosten tsamen . . ƒ 345. 4. 12.
1 last off 1½. sacken kitserij als vooren bed=s - - - - - - - - - - - - - - - - ƒ 93. 15. —
. - - - - - - - - - - - ƒ 265. —. —
wegens d'ongelden voorsz: - - - - - - - - - - - - - - - - -
in
ƒ 495. 12. 8
voor d' batavias ongelden - - - - - - - - - - - - „ 76. 10. —
voor d' ongelden - - - - - - - - - - - - - - - - - - „ 6. 18. 2. 352„ 2. 14
1354.„ 18. „
ƒ 39. 9. 3.
ƒ2012. 9. 3.
E
in
ƒ 3901. 10. —
4142. 5. 3
28. 1. 4.
424. 1.4
26„ 10. 9. 214. 8. 1
ƒ„ 237„16.-1025„ 6.-
86. 9. 5
„
„ 13. 9. 5. 107. 4. 5
in
-ƒ 89. 14. 6.
in
103„ 2. 1
-
- ƒ 182„10.-
na
- - - - - - 3531„9. 10
- - - - - - - - - - - - - - - - - - „ 13. 7. 11„
in
Transporteere - ƒ 981814. . 9
23. 8. 15
00
309
3. 14„
9
12. 15
13
12
8322. 11. 13
1523. 3. 2
1871. 11. 4
847„ 5. 8
1008. 5. 9
91. 3.
2667„13. 9
11051. 4.
-
in
in
187. 2. 14
-- - -in
„ â 19¼
7"
NL-HaNA_1.04.02_1547_0670.xml,"Transport - - - ƒ 34242. 89
10 21¾4 8. holl: damaste stoffen bestaende in 4. p=s waer van 119 p„ swaart 47. ½e Een blaauw gebloemd.
en 45¼. lb as graauw p=mo april p=r brandenb van batavia ontvangen
„
bedragen 'tsamen
250. bossen javaans rottangh als vooren kos â 4¼. stver=s tbos - - - - - - - - - - - 53. 2. 8
voor d' batavias ongelden
30. stx:s Izere sloot perlaten als boven wegende 'tsamen 400. lb kosten â 15. gl:
e
tc=/o lb tsamen
in
d'ongelden
15. vaten holl: vleesch in maniere voorsz: ontvangen komt â ƒ150. twat - - ƒ2250. —. —
voor d'ongelden - - - - - - - - - - - - - - „ 45. —. —
2295. —
i
15. vaten holl: spek kost wat a 112. 10. komt - - - - - - - - - ƒ 1687. 10. —
- . . . . . . . . . . . . . . - - „ 33. 15.—
1721. 5-
voor d'ongelden
2. halve aamen olijven olij als boven â ƒ 56. 5. — Ider - - - - - - - - - ƒ 112. 10. —
„
2. 5. —
d' ongelden - - - - - - - - - - - - - - - -
114„15.-
in
n
1. legger rincewijn den 20=en 9b= met 'tschip java van batavia bekomen kost ƒ 370. —. —
„
ƒ 7. 8. —
voor d' batavias ongelden - - - - - - - - - - - -
377. 8.—
1. leggen spaancewijn als boven bed=s - - - - - - - - - - - - - ƒ 310„ —. —
g
6. 4. —
voor de ongelden - - - - - - - - - - - - - -
316. 4.
5. vaten hantjes bier als vooren â ƒ28. —. — tvat - - - - - - - - - - - ƒ 140. —. —
in 2. 16. — 142. 16. -
voor de ongelden - - - - - - - - - - - - - - - - - -„
2. vaten serpster bier jdem â 37. gl: 'tvat - - - - - - - - - - - - - - „ 74. — —
1. 9. 10
„
voor d' ongelden - - - - - - - - - - - -
75. 9. 10
in
4. vaten mom â 33. gl: tvat komt - - - - - - - - - - - - - - - - - ƒ 132. —. —
„
2. 12. 13. 134. 12. 13
d'ongelden - - - - - - - - - - - - - - - - -
w
1. halv aam wijn lint p=r 't schip brandenb: p=m april van als vooren ontvangen kost ƒ 56. 5. —
1. 2. 8.
d'ongelden - - - - - - - - - - - - - - - - - in
57. 7. 8
„ 57. 7. 8
1. halv ram joopen bier als vooren monteerd met d'ongelden - -
110¼. s@ aen 4. p=s rood schairlaken beslooten in 1. kas als boven ontvangen bed=t met/
-
d' kas en 'tloot
406. 13. 8 100.
in
voor d'ongelden
22½ @. groen laken bestaende in 4. stx: als boven monteert - - - - - - - - ƒ 1176. — —
tn
ƒ 1199. 10. 6
voor de ongelden
665. diversz Japaens porcelijnen teweten
515. stx: beslooten in 2. kassen met brandens=r alhier aengel=t als. —
100. stx: gesorteerde schootels - - - - - ƒ 165„ — —
365. „ pierings. . . . - . - . . . „ 122. 10. —
50. „ kommen - - - - - - „ 22. 10. — ƒ310. —. —
in
6. 4. —
voor d'ongelden- -
van
ƒ 316. 4. —
150„ stx: schootels den 14=en april p=r d' stantvastight als boven ontv: als. —
n
50. „ fijne d=os - - - -
60. „ Jappans
40. stx: schootels kosten - - - ƒ 71. —. —
voor d' batavias ongelden - - - - - - - - - - - - - - - - - - - - i
- - - - - - - - - - - - - - - - ƒ 398. 14. —
- - - - - - - - - - - - - - - „. 19. 8.
- - - - - - – – – - - - - „ 23. 10. 6
d:os - - - - - - - - - „
90. —. —
ƒ236. ——
- -„ 4. 14. 6.
in
240. 14. 6.
in
75. —. —
Transporteer e - - - - ƒ912709. 5. 11
61. 4-
17.„ 11. 7
896. 2. 11
54. 3. 12
- - - - - - - - - - - - - - - – – 1. 1. 4.
- - - _ _ _ _ _ _ _ _ _ _ - - - - - - ƒ 878. 11. 4.
voor d'ongelden
. . . . . . . . . . - - ƒ 60. — —
---- - - -
1. 4. —
an batavia
lb
2
556. 18. 6
- --
„
-
. - -
-
in"
NL-HaNA_1.04.02_1547_0671.xml,"307
P„r Transport ƒ442709: 5: 11
— 2695. 5. 4
7. kassen en 1. p=lk met diversz medikramenten namentlijk
1. kas p=mo april met branden 8=oa van batavia aengeb=t kost - ƒ 801. 17. —
voor batavias ongelden
16. - 12.
ƒ 817. 17. 12.
4. kassen den 20=e 9b: p=r schip Java als vooren ontvangen kosten tsamen ƒ 1544. 7. —
voor d'ongelden - - - - - - - - - - - - - - - - - 30. 17. 12.
in
no
„ 1575„4. 12.
2. kisten en 1. p=lk b=r tjaght cillida den 22=en 9b:r uijt persia bek: kost ƒ 286. 9. —
voor d' kisten stroo touwen barbantsloon r„a - - - - - „ 15. 13. 12. 302. 2. 12.
wegens verscheijde wapentuijghen met d'volgende bodems alh=r aengeb=t te veten, —
m
p=mo april p=r 't schip brandenb=n ontvangen ten bedragen van- -
ƒ 459„-
den 14=en april met d'standvastigh=t ter monture van - -
- - - „ 3636. 6. —
p=r 'tschip java den 20=en 9b=r over 25. stx: mosquettonders - - - - - - - - „ 302. 16. 4.
600. velletjes overleen met hoobre den 13=en jJanuarij van nagapatnam
aangebraght beloopende - - - - - - - - - - - - - - - - „ 205. 5. —
in
4603. 7. 4
voor diversz ammonitie gereets: van oorlogen op verscheijde datums met de naen.
gen: scheepen van batavia alhier bekomen als, —
p=r brandenb= p=mo april ter monture van
met tschip java over 1000. stx: hant granaden - - - - - - - „ 225. — —
100. stx: ledige kruijtvaten jdem - - . . -
100„ ——
in
876. 19. 3
O
w
wegens diversz papier en schrijvtuijgh p=r 'tschip: brandenb=k en standvastigh=t
van batavia alhier ontvangen teweten
met 't schip brandenb= over 12. stx: penne mesjes kosten - - - ƒ 7. 6. 14.
p=r d' stantvastigh=t ten bederagen - - - - - - - - - - -
-„ 584. 7. 3. 591. 14. 1
in
over versch: equip: goederen, met d' volgende bodems, van als vooren aengeb=t namentlijk, —
200. lb holl: zeijlgaren met d'stantvastigh=t - - - - - - - - - ƒ 102„—. —
p=r tschip branden 8=r ter monture van - - - - - - „ 4906„ 18. 4.
100. lb holl: en 2 zeijlgaren en 6. vaten theer met java - - - - - - „ 275.
-„ 275. 8. —
200. „ beng: - -
-
1320: stx: baaije p:l p=r 't schip brandenb=k van batavia boekomen kosten met d'ongelden „ 1022. 11. —
wegens verscheijde ambagts gereets: met de ondergen: scheepen van als vooren
bekomen teweten
P=r brandenb= ten bedragen van - - - - - - - - - - - - ƒ 503„ 5- 6„
met destandvastigh=t monteeren - - - - - -
-„ 572. 12. 9.
in
ƒ1075. 17. 15
406. 13. 8 4000. lb buskruijt teweten
6000„ lb den 14=en april met tjaght d' standvastigh=t van batavia alhier aengeb:t bestaende
in 60. stx: vatjes kosten â ƒ 20. —. — tcto lb - - - ƒ 1200. —. —
115. 16.—
voorde vatjes en batavias ongelden - - - - - - - -„
ƒ1315. 16. —
8000. lb in dovat: den 20=en 9b:r p=r 't schip java ontv: komt ten prijse voors ƒ 1600. —
93. 4. —
voor d'ledige vaten en batavias ongelden - - -
in
1693. 4. —
10000. lb p=r tjaght d' caauw den 14=en xb: van ceijlon bekomen kost â 3. stver lb 1500. —. —
In
na
24000. lb buskruijt monteert - - - - - - - - - -
ƒ4509.
2. stx: tzercanon van 4. lb. bals wegende 2400. lb met 't jaght destandvastigh=t
den 14=en april p=r d' stantvastigh=t - - - - - - - - - - - - - „ 110„ 1. 11.
aengeb:t komt a ƒ 11. 5. — rc=to - - - - - - - - - - - - - - ƒ 270. —. —
voor d' batavias ongelden - - - - - - - - - - „ 5. 8. —
- – – – – –
ƒ 411„ 17. 8.
5284. 6. 4
in
Transporteere - ƒ463643„ 14. 10
6
4
an batavia
10
134„12. 13
8
57. 7. 8
199. 10. 6
556. 18. 6
12709. 5. 11
275. 8.
--
-"
NL-HaNA_1.04.02_1547_0672.xml,"„ Transport ƒ46364314:10
12 p=s metale kanon namentl=t.
2. p=s van 3. ponders bals wegen 1171. lb p=r d' stantvastigh=t ontvangen
kosten â ƒ101„5. — lc=to lb. . . ƒ . 1185„ 13. —
ƒ1209. 7. 4.
voor d'ongelden
10. p=s zijnde moddellen van 8. en 3. ponders met tjaghtje chiangie waron
van palliakatta bekomen wegen 'tsamen 896. pont â 81. gl tc=a lb 482. 15. 3. „ 1642. 2.
m
1455„ stx: der rond scherp namentlijk.—
woge
4755. stx: p=r d' standvastigh=t ontvangen zijnde tot 1. 2. 3. 4. 10. 12. en 18. ponders. —
en
wegen 'tsamen 76664. lb komt â ƒ 6. 5. — cto lb - - ƒ4791. 10. —
ƒ„ 95„ 16. 10.
voor d'ongelden - - - - - - - - - - - - - -
ƒ4887. 6. 10.
in
5000„ stx: den 20:' novemb=r met java aengeb=t bestaende in als vooren
wegen 38750. lb kosten ten prijs voorsz: - - - - - ƒ2421. 17. 8.
– - - - - - - - - - - - - „ „ 48„ 8. 12. 2470. 6. 4. 7357. 12. 14
voor d'ongelden
11684. stx: terlanckscherp teweten
6689. stx: p=r d' stantvastigh=t bestaende in 12. 3. 4. 10. 12. 16. en 18. ponders
wegende 124804. lb komt â ƒ 6. 5. — tc=to lb - - - - ƒ7800. 5. —
„ 156. — 2.
-- – – – – – –
voor d'ongelden
1m ƒ7956: 5. 2.
5000. stx: met java zijnde tot 18. 16. 12. 10. 4. 3. 2. ponders wegen/
'tsamen 47814. lb komt als boven - - - - - - ƒ 6113„ 7. 8.
- „ 122. 5. 5.
nu
-„ 6235„12. 13.
ƒ14191„ 17. 15
e
60030: lb geraffineerde salpeter bestaende in 414. stx:s goenij sacken â 145. lb netto —
Ider inhoudende kost ½ stvers tlb - - - - - - - - - - - - ƒ1500. 15. —
voor matten tot afschutten derselve - - - - - - - - -
in
9. p=s tutucorijns monster kleeden als vooren bekomen bestaende in b. ruwe. —
salempoerissen en 3 groove guinees lijwat bedragen 'tsamen - - - - „ 40. 10. —
4. vaten holl: harp:s den 20=en 9b: met Java van batav:s ontvangen kost â 87. gl: wat - - - ƒ 348. —. —
6. 19. 3„
voor d' batavias ongelden - - - - - - - - - - -
354„19. 3
in
12. hoeden steencoolen als vooren bekomen â ƒ19. 15. . — Ider - - - - - - - - - ƒ 357„ —. —
7. 2. 13.
-– – – – – – – – – - – – – – –
364. 2. 13
in
voor d'ongelden
110„ lldiversz vernuwen der 22=en 9b:r met 't jacht cillida uijt persia alhier aengeb:t bestaende in 50 lb
spaans groen 50 lb loot with en 10. lb menij monteerende - - - - ƒ 113. 13. 12.
2. 3. 15„ 115. 17. 11
voor hamael loon goenijs zeijlgaren R„oa - - - - - - - - - --
135„ kann: off 50. mao: lijnzaat olij als boven ontvangen kost â 5. m =/o - - - - d' mao: - - - - - „ 106. 5. —
4. stx: diversz zeijl paert: als. —
3. stx: pharos off jnl: vaart a:o 91. tot ponka door den koopm: rama porboe ten dienste der E:—
comp:s voor nagapatn: Jngekoght en denw=ds aen gereek:t dogh vermits gen: vaart: verw=ts
niet zijn versonden maer alh:r verblev: zijn deselve ons weder van daer ten lasten
-- - - - - - - - - - - - - - ƒ2757„15. 8.
gebjk monteerende 'tsamen- -
1. achtje chiangiwaron gen: van palliakatta om tot een moddel van
-„ 1807„ 8. 8.
grooter te dienen herw=ts gesonden kost met zeijl en treijl - --
„4565. 4. -
ii
d'naergen: personen hebben alhier in 'scomp: kleene cassa aen den cass=r matthijs dirks, so asbeek.
in hoel: paijem:t getelt, om op d' volgende plaats, weder te ontvangen als, —
door den H=r Command:r J=s v:n dielen, om tot colombo weder te ontvangen . rd:s 2000. —.
door den krankbesoeker Zacharias van wingen, bescheijden op Ejaghtje
d'wind om op batavia voldaen tewerden - - - - - - - „ 427„ —„ —
„ den opperchirurgijn pieter van roomen als boven - - - - „ 335.. —. —
. . .   „ 14„ 4.
d'ongelden - - - - - - - - - - - - -
m
1501„15. -
Transporteere ra„o 2762. —
ƒ8934924. 15. 9
No
1-"
NL-HaNA_1.04.02_1547_0673.xml,"308
Door carsten Jacobsz van vlaandinge oppertimmerman
bescheijden op tjaght d' wind getelt om tot batavia ontvangen. ƒ 420. 45. —
„ Claas claasz galleman p=l opper stuurman - als boven - - „ 179. 15. —
„ d' gemagtigde van mattheus abouts onderkoopm: en dis penc: in jappan - - „ 2924. —. —
„ monrits jacobsz van Eijck scheeps capitain op java bescheijden
om tot kolombo uijt ger=t tewerden getelt - - - - - - - „ 1607. 8 3/16.
„d'E
d' gemagtigde van „ hend=k swaerde kroon - - - - - - - - - -„
53. 34. 1/1.
Transport ƒ993934: 1. 9
in
komt â 3. gl: p=r rxs - r ds 7946. 42 1/16. 23840. 2. 14
Op de volgende plaatsz: zijn aen diversz militairen in comptant als als af„ders=ts
verstrekt om alhier in de guarnisoenb= op hun zoldij reeq: behoorl=jk
gedebiteert tewerden als volght
621¼. ro/a tot souratta aen de militairen van hier op de scheepende visserije, en Java voor die
toght gestelt in comptant verstrekt bedragende â 32. stver=s p=r roa - ƒ 994. —. —
42. 1/8. rx=s tot colombo aen d'militairen die van batavia voor dit commandem:t
aldaer zijn aengekomen uijtger:t â 64. stver=s p=r rx=s - - - - - - - - „ 136„ 8. —
„509¼. fan: tot tutucorijn betaelt komt â 7/5. stver=s p=r Can=ls - - - ƒ 183„ 6. 10„
nogh aen twee personen tot coijlan thuijs hoorende - - - „ 3. 13. 6.
187„ -. —
451 5/8. rx tot jaffanapatn: uijtger:t als; —
ƒ
290 4. rx. aen d' cophies militairen 7 â 64. stver=s jder - - - - - ƒ 943. 4. —
4. - „ jdem coijlans - - - - - - -
157 /8. „ aend' cophims toepassen â 3. 9l: p=r rx - - - - - - - „ 471„ 7. 8.
1414„ 11. 8.
57. 3 3/8. pag=o tot nagapatn: als. —
6
55. 15. 3/8. pag=s aen d'cochims militairen
1„ 12„ d=o jdem aen d' coijlans: d=os
365. 15. —
ƒ3097. 14. 8
Voor 't gene alh=r aen diversz personen welkers zoldije reeq: men meenden tot colombo voortloopende
(is verst:t en ceijlon ten lasten geb:t dog alsoo ons bij schrijvens van daer is gebleeken dat deselve. —
personen bij 't guarnisoenl:k niet bekent staende us tmontenu herw=ts weder aengereekent
----„ 47. — 12
ten bedragen van - - - - - - - -
7
-
-
-
--
-
—
„zijde
wegens verscheijde „ stoffen, lijwaten kleeden R„a met diversz bodems van ceijlon voor de —
directie van persia alhier aengeb=t om van dese custe p=r Eerste occagie derw=ts
gesonden tewerden namentljk.—
P=m maart p=r tfluijt schip bovenkaspel ten bedragen van - - - - - ƒ180134. 10. 12.
april met 't schip brandenb: beloopen - - - - - - - - - - - - - „ 25479. 13. 8.
- „ 46116. 15. 12.
20=en 9ber: p=r java tot monture van - - - - - - - - - -
251731„—.
164. lasten en 30. parra nelij namentlijk
.
-
-
165. lasten en 31 panra ult=o xb: met 't schip courtgene van nagapatn: op tutucorijn
en van daer alhier aengeb=t kosten - - - - - - - - - ƒ2937„ 10. —
wegens vragt penn: matten tot tbekleeden der ruijmen, goenijs in lladen
verb:t laen boort brengen &„a zoo tot nagapatnam als tutuconijn
betaelt - - - - - - - - - - - - - - - - - - - -
„ƒ2419. 11. 10.
n
7. lasten en 74. panra van tutucorijn op coijlan ontvangen kosten 5357„1„ 10.
volgens factura - - - - - - - - - - - - -
. - „ 123„ 8„ 8.
5480. 10. 2
2. lasten en 47¼. panna zout als vooren van tutucorijn op coijlan aeg„ bedragende - - - - - „ -65„ 2. 15.
m
Cochim den 24:en xber:
a:o 1694:
57. 3 5/8. p a/o bedragen 'tsamen - - - - - - - - - - - - - - - - -
Puw
in
in
Somma ƒ 1278195. 12. 12
N
OG Wighmans
1314. 10
643
. 12. 14
1191. 17. 15
50
13
115. 17. 11
106. 5. —
„
565. 4.
934924. 1-. 9
1
„.
in"
NL-HaNA_1.04.02_1547_0674.xml,"186747 ll
1"
NL-HaNA_1.04.02_1547_0675.xml,"309
-„ 11306. 19. 4.
867417 lb diverse peper Namentlijk —
273813. lb cochimse peper te weten —
37000. lb niet zin onderwight den 4:en Maart p:r 'tjaghtje de wind naer
p:rsia kost Inkoops. . . . . . . . . . ƒ 5415. 12. —
wegens matten voortbekleden van 't scheeps ruijm, en
onkosten op peper voor de bekruijssingh
ter zee en langs destranden tsamen - - - „ 272. 15. —
ƒ 5688. 7. —
in
41163. lb als vooren den 28:en april p:r 't jaght de stantvastigh=t
naer punto gale versonden kost in koops - - - ƒ 6025. —. —
wegens matten tot tbekleden van scheeps
62. 10. —
6087. 10. –.
nu
195650. lb met zyn onderwight p:r 'tschip Iava den 14:en xber —
naer Colombo versonden kost als vooren. . . ƒ 31364. 12 —
voor onkosten van de peper wegens zoldije van
Jnlandse dienaren, bekruijssingh ter
Zee en langs de stranden - - - . - -„ 1175. 2. 2.
-„32539. 14. 2.
ruijm- - - . . . . . . . . . . . . . .
273813. lb Cochims: peper kosten. . . . . . . . . . . ƒ 44315. 11. 2.
53619. lb noordse peper namentlijk —
24893. lb netto. pananijs: peper beslooten In 200. stx. matte
packen den 23:en maart p:r 'tfluijt schip hobree naer
tutucorijn, versonden kost met diverse daer, op
gesupporteerde ong: tsamen. . . . . . . . ƒ 5223. 14. 8.
wegens matten tot bekleden van 't scheeps
ruijm &=a - - - - - - - -
10 —. —
mi
ƒ 5233. 14. 8.
14336. lb als boven besloten Jn 116. matte packen
den 28.en april met tjaght de stand testad„
„vastigheijt naer punto gale versonden
- - - - - - - - „ 3439. 2. —
kost als vooren
—.
a
14390 lb noordse peper den 14:en december p:r
tschip Java naer Colombo gesonden
kosten - - - . . . . . . . . - - - - - ƒ 2544. 4. —
wegens divers ongelden op —
gem: peper gevallen. . . . . . . „ 89. 18. 12
53619 lb divers: noordse peper monteren
327432. lb divers: peper
Transporteere. . . . . . . . . . - - ƒ5622. 10. 6.
„ 2634. 2. 12
drie 'Tsamen Streckingh: van alle
soodanige Coopmansz: Contanten, Getrocke
wissels alhier voldaan, en andere Goederen
Duco
alle welke 'T sedert 2
Januarij A:o 1693—
Tot ult:o xber: daar aan volgende naar diverse
quartieren van India van deser
kuste Mallabaar zijn versonden
Namentlijck —
1
-"
NL-HaNA_1.04.02_1547_0676.xml,"„
Transport - - - - - - - - - - - - - ƒ5622. 10. 6
„19305. 15. 5.
327432. lb diverse peper
peper te weten
246683. lb diverse coij-en calicoijlangse
9:e maart met 'tjaghtje de Caauw naer
120803. lb met zijn onderwight den
p:rsia versonden kost met diverse daer op gevallene —
ƒ 19109. 18. 4
ongelden tesamen
125880. lb diverse per met zijn onderwigten ul:o xber met 't —
Iaghe de caauw naer gale geschikt kost met —
makelaardij gelden als anders 'tsamen ƒ18291. 10. 1.
wegens dong: van bekruijssingh
ter Zee &. a komt tesamen - . . . „ 749. 17. 4.
thol aende Coninginne, signatij goerip
P„r trevancoor, en poele de bariatte
volgens out gebruijk voldaan - - - „ 252. 8. —
Een goenij sack met terke vrughten
met 't afbrengen als andersints 'tsamen„ 12. —. —
246683. lb Coij= en Calicoijlangsen peper kosten tesamen - - - . „ 38415. 13. 9.
293302. lb diverse peper van porka den 19:e xber: me 't schip Java naas —
ƒ 42930. 10. 9
Colombo versonden kost tesamen- -
.
Over ongelden op den peper wegens de bekruijssing
ter zee en langhs de stranden &:a opgemelte
Corl gekauseert komt prorato - . . . . . . „ 1752. 15. 14
„44683. 6. 7.
46. stx: gesorteerde caijrtrossen den 13:en Januarij p:r 'tfluijt schip hobree naer Ceijlon —
versonden kosten met diverse ongelden en betaalde Coelijloonen - - - - - - - - - - - „ 821. 1. 8.
166: packenten gapatnams: stock suijker versonden als volght —
34. packen den 13:en Ianuarij met 'tfluijt schip Hobree naer Ceijlon gesonden
kosten Inkoops - - - - - - . . . . . . . . . . . . . . . . . . . . ƒ 107. 5. —
wegens divers: Coelijlonen voor 't op strand dragen
6. 1. —
. „
't Inbarqueeren &:a tesamen. . . . . .
-
„ 113. 6. —
„132. packen d:o den 9:en maart p:r een groot kruijssent vaertuijgh naer
tutucorijn geschikt omme van daer met 's Comp. s boodems naer de
Cabo d' goede hoop versonden te werden kost - - . . . . . ƒ 450. —. —
Voor matten en Caijr tot packagie als andersints tesamen - - „ 22. 10 —
mun „ 472. 10 —
166. packen tengapamans: stock suijker monteert. . . . . . . . . . . . . . . . . . . „ 585. 16 —
67. stx: zoo ongesaagde als gesaagde balken den 13:en april met 't sluijtschip boven karspel
355. stx: teckebalken te weten
naertutucorijn afgevaardigd, hebbende gemelte balken Jngehouden 1028. tommerons
en 59. borels komt â 22½ stver: d' tomm: van 144. borels. . . - ƒ 1156. 19. 4.
voortuijt de graght haelen tkappen der nombers &:a - „ 51. 8. 7.
muum ƒ 1208. 7. 11.
197. stx: balken als boven den 30:en xber: p:r 'tschip silversteijn naer —
Colombo. versonden hebbende gemeten 2413. tomm:s en 62. borels —
komt â 17. sue: de tommeron als voren. . . . . . . . ƒ 2051. 8. 5.
Voortuijt de graghthalen, r:a - - - - - - - - - - - „ 120. 13. 7.
„ 2172. 1. 12.
867417: lb diverse peper kosten tesamen—. . . . . . . . . . . . . . . . . . . . . . . . . n 138721. 10. 6.
264. six: teckebalken Dragevoort met. . . . . . . . . . . . . ƒ 3380. 9. 7. ƒ140828. 7. 14
1"
NL-HaNA_1.04.02_1547_0677.xml,"310
3380. 9. 7 ƒ 140128- 7. 14
585. 16
Door voordragt met. . . ƒ
264 six: teckebalken
66. stx d=os bestaende in diverse planken ult.:o xber: met 't schip —
den eenhoorn naer Colombo. gesonden hebbende gemeten 1042.
tommerons, en 65. borels kosten â 17. stver: d' romm=r ƒ 886. 1. 11.
voor 't uijt de graght op 't landhalen &:a a 1 stver:
52. 2. 6.
938. 4. 1.
25. six: d=os met gemelte bodem dato voors: naar tutucorijn —
versonden hebbende gemeten 296. tommerons en 85. borels
komt â 17. stver: de tommeron van 144. borels - - . ƒ 252. 2. —
voortuijt de graght halen &. a â 1. stver: p:r romm=r„ 14. 16. 10.
26 6. 18. 10.
„
355. stx: tecke Balken monteeren te Samen
214. stx: diverse kromhouten ult:o xber: met den eenhoorn naer tutucorijn gesonden,
5p. 5. 8.
kostende te samen
„66.
3. —
wegens drie quaet p:r J sertrossen om voors: houtw: afteschepen verbruijkt kost„
mun
E
6609. lb diverse cairdraal den 24:en april een phaer n.o 50. naer nagapatnam gesonden
kosten met diverse ong: tesamen - - - - - - - - - - - - -.
. . .
P„r siaanse Carguasoen over verscheijde koopmans: den 9:en maert p:r 'tjagh de caauw
naer p:rsia versonden, bestaende En gedrukte chitsen; longies, dongrijs, witte
waxkaarsen, gommelak, pakgaaren, en roemaals alles ter monture van „ 24441. 1. 4.
3382. lnetto cardamom bestaende in 90. stx. kisten den 28:en april p:r 't Iaght de
stand vastigheijt naer punto gale versonden, door 's Comp=s voornamen
Coopman babba Porboe tegens 67 palliakatse p a/o. de bhaer van 480 lb
voord' E Comp:e genegotieert komt â 6 gl: de pa/o 1867 3/10. —. . . . ƒ 11207. 8. —
voor makelaardije van voors: kardamom ten bedragen van 2' p:r c:o komt 280. 3. 11.
wegens 1352. Cob: angelij planken tot 'tmaken van kisten daer
ƒ 182. 10. 6.
gemelte Cardamom Ingeborgen is, komt. -- .
24. 14. 9.
over 193. - lb spijkers tot spyjkeren van d:o kisten verbruykt„
„
nu
Voor 17. p:s dongrijs: tot strooken op de naeden verbruijkt ƒ 29. 10. 12.
over 28. p. s groove salmpoeris tot 'tbekleden van
voors: kisten - - - - - - - . . - - - - - - . „ 79. 5. 8.
wegens 5 p:s grov guinees lijwaet in maniere voors:„ 42. —. 5.
over haerhuijs en kokus olij woi 'tdigtmaeken van
gemelte kisten verbruijkt monteert 'tzamen - - - - - - „ 100. 6. —
4607 kannen kokus olij versonden als volght— 1innm „ 458. 9. 8.
en
2568. kannen d=os in 6. volle leggers den 13=en april met 'tfluijt schip —
bovenkarspel naer tutucorijn geschikt, komt
á 4 1/16. stver:s dekan. . . . . . . . . . . . ƒ 553. 14. 8.
wegens gemelte 6. leggers â ƒ 19. 15. 6. Ider „ 118. 12. 4.
672. 6. 12.
min
850. kannen d=o, den 12:en maij p:r de Jagten cillida, —
de wind, en de Caauw naer persia versonden
p:r tommeron - - - - - - - - --
min„ 12153. 6. 2.
kosten tezamen - - . . . . . . . . . . - . . - - „ 198. 14. 8.
- - -„ 1822. 15. 2.
„ 588. 8. 8.
3418. kannen kokus olij Transporteere ƒ 871. 1. 4 ƒ 183719- 11. —
207. 4. 15.
-
„
-. „ 4585. 12. 2.
721. 10. 6.
821. 1. 8.
ƒ140128. 7. 14"
NL-HaNA_1.04.02_1547_0678.xml,"871. 1. 4 ƒ183719. 11.
Transport. . . . ƒ
3418. kannen kokns oly
1189. D=os D=o ult. o xber: met 'tschip den een Hoorn naer Colombo
dos
--- ƒ 356. 14. —
gesonden, kost â 6. stver:s dekan
wegens drie stx: leggers daer gem:te olij ingedaen is - - - „ 55. 12 —
4607. kannen kokus olij kosten met den anderen-
4. lasten gemene rijs van soorte genaamd bellide „ 20 set rooje balen den 12:en maij met de —
Iaghten Cillida, de wind, en de Caauw naer p r sia vervoert kosten tesamen - - - - - . - „ 363 —. —
30. stx: Lijveijgenen ofte slaven te Weeten—
14 scx d:os alhier van tijt tot tijt, Ingekoght den 30:en xber p:r tschip zilversteijn
- - - - ƒ 606. —. —
naaer Cijlen gesonden kosten Inkoops
wegens 17. p:s inquaniaes tot kleden voor de slaven,
14. stx. natten om op te slaepen en tot betelgelt
verschonken komt te samen . . . . . . . „ 27. 17. 13.
633. 17. 13.
16. stx ultimo december p:r tjaght de wind naer batavia / —
versonden kosten tesamen. . . . . . . ƒ 642. 7. 8.
over beteltgelt, een last reijst tot montkost, en een
van hollands spek voorde reijs mitsgaders —
6. pees niquaniaes tot kledingh van
d gemelte slaven bedraagt In 't geheel — - - - „ 298. 4. 4.
„ 940. 11. 12.
- - - - - - - - „ 1283. 7. 4.
30. stx. slaven monteren tesamen met d' onkosten en desselvs behoevten. . . . . . „ 1574: 9. 9
10. mutsjes olij van wilde Caneel wortels in een bottel wel toegestopt ult:o xber p=r 't —
Iaghtje de wind naer Batavia versonden kost met de ongelden â ƒ 1. 1. –. tminsje - - - „ 10. 10. —
30000. lb sappanhout met zijn onderwigt den 14=en december met 'tschip Java —
naer ceijlon versonden kost volgens bataviase factura tpickol van 122. lb
â ƒ 2. 6. —.. . . . . . . . . . . . . . . . . . . . . . . . . . . . . . . . ƒ 565. 11. 8.
- - - - - - „ 11. 6. 4.
voorde bataviase ongelden â 2 p=r Cento. - ..
min „ 576. 17 12.
11550. lb netto en deught same cauwa den 14:en xber met 'tschip Iava naer Ceijlon
versonden kost volgens de p:rsiaanse prijs. . . - . . . . ƒ 4265. 1. 4.
wegens angelij planken tottmaeken van kisten daer gemelte cauwa Jn
geborgen is geweest, en spijkers 1ot d:o kisten komt tsamen ƒ 101. 9. 10.
over 4. stx: tengapatnams: zeijldoek tot strooken op de randen —
dier kisten, mitsgad. s harpuijs, en kokus olij op gemelte —
65. 12. 8.
kisten toe te harpuijsen ten bedragen van . . . . . . - - . - „
voor 14' px:s grove solmpoeris: waer mede d:o kisten tot preservatie dat graan
zyn bekleet geweest bedragende â ƒ 3. 15. 8. tx=s tesamen „ 54. 14. 12
mimmen „ 221. 16. 14.
minm „ 4486. 18. 7.
80. six: Leere Brandemmers alhier gemaekt ult.o xber met
'tschip den eenhoorn naer Ceijlon versonden, kosten met 'tleen
en maeckloon - - - - - - - - - - - - -
Transporteere. . . . . . ƒ 191585. 19 —
„ 412. 6 —
- - - - - - -. . . . . . -„ 91. 5. —"
NL-HaNA_1.04.02_1547_0679.xml,"311
4486. 18. 7.
P=r Transport - - - - - - ƒ 191585. 19 —
ƒ
Ao. 169.
P„r siaanse Carguasoenen zijnde zoo veel die commandement den 12:en
februarij is. aengerekent, en wederom den 4. en maart p:r tjaght de wind naer
p:r sia versonden bestaende in divers:t Coopmans: ter monture van -. . - - - „ 180134. 10. 12.
25. stx: schoven van nevens zoo veel vaten den 8:en october a. o 1692. van colombo, —
herw:ts becomen, en wederom den 28:en april p:r tjaght de stantvestigh=t
naer derwaerts in duijgen versonden kosten volgens factura --
-
100. bossen kairlond ult:o xber: met de schip een hoorn naer tutucor geschikt
komt â 12¾. ster:s tbos, tesamen. . . . . . . . .
2. stx wissel brieven door den Cassier voldaen te weten,
1. d:o door d' Ed=le H:r Ioan van Hoorn directeur generaal
van nederlands Jndia den 7=en 7ber op batavia getekent
en alhier betaelt - - - - - - re 1484. 45. —
D:o door d' Ed=le heer thomas van
ree Ceijlons gouverneur
getekend ult. o october - - - - „ 980. 7. ½
m
2. stx wisselbrieven groot. . . . .
„
Cochim den 24:e Mr
in
. - - rd 2464. 52½ ƒ 7394. 12. 8.
Vnh
Somma ƒ379428. 17. 4
Mumm
--„ 250. —. —
H: Vigmans
19. 11.
3.7. 4.
74:9. 9
10. 10.
576. 17 12
91. 5. —
1585. 19
63. 15."
NL-HaNA_1.04.02_1547_0680.xml,
NL-HaNA_1.04.02_1547_0681.xml,
NL-HaNA_1.04.02_1547_0682.xml,
NL-HaNA_1.04.02_1547_0683.xml,
NL-HaNA_1.04.02_1547_0684.xml,".     .
."
NL-HaNA_1.04.02_1547_0685.xml,
NL-HaNA_1.04.02_1547_0686.xml,
NL-HaNA_1.04.02_1547_0687.xml,
NL-HaNA_1.04.02_1547_0688.xml,
