filename,text
NL-HaNA_1.04.02_2555_0001.xml,"Brieven van den Raad van Iustitie
6 Batavia
7 Jan: 1743
27 Maart 1743
1 Xber 1742.
5
2"
NL-HaNA_1.04.02_2555_0002.xml,
NL-HaNA_1.04.02_2555_0003.xml,
NL-HaNA_1.04.02_2555_0004.xml,8
NL-HaNA_1.04.02_2555_0005.xml,"en
b:e Batavia
& Bijlage
Brieff
5S:
5:
Van den Raad
van Justitie
In de Zelke vJaen A Valklnier
L
2
deselv
mden"
NL-HaNA_1.04.02_2555_0006.xml,
NL-HaNA_1.04.02_2555_0007.xml,"Register der Brieven en
Papieren van Batavia
overgekomen
A:o 1743
Sesde Deel.
Extra Ordinairis Papieren
vanden Raad van Justitie -
bestaande in drie brieven met haar
bijlagen, als Extract resolutien, Interro=
gatorien &c. door den Raad van Ius=
ne
titie aande vergadering van 17:ne
geschreven, de datis 1 decembr 1742.
7 Januarij en 27 Maart 1743, alle
betrekking hebbende tot de zake van
den geweesene Gouverneur Generaal, A.
Valkenier &c. Zynde voor ieder brief
een Register der Bijlagen, so als deselve
met de Eerste, Tweede en derde be=
sendinge zijn ontfangen, en ingebonden."
NL-HaNA_1.04.02_2555_0008.xml,
NL-HaNA_1.04.02_2555_0009.xml,
NL-HaNA_1.04.02_2555_0010.xml,
NL-HaNA_1.04.02_2555_0011.xml,"Adriaan Valckenig
Mariotor
concerneerende De Zaane
van den gewesen heere
gouverneur generaal.
Originele missive door den praesident en de leden van den Raa
van Justitie des Casteels batavia aan de Vergadering van
17 gesz: in dato 1 xbr: 1742.
Extract uijt de notulen van't gebesoigneer„
„de en geresolveerde in rade van india
de dato 3:e Julij 1742. - - - - - - - N„o 1
„
_:o dedato 5:' Julij 1742. - - - - - - - „ 2.
Notul gehouden in raade van Justitie des
Casteels Batavia de dato 11:' ulij 1742.
Extract uijt de notulen van't gebesoi„
„gueerde en gerecolveerde in rade
van india 13:' Julij 1742. - - - - - - „ 4.
twee notuls gehouden in rade van
justitie de dato 14:' Julij 1742. . . . . „ 5. 8.
twee _:o „ „ 18:' „ _:o. . . . . - „ 78. 8.
Een _:o „ „ 19:' „ _:o - - - - - „ 9.
twee _:o „ „ 23„' „ _:o - - - - „ 10. 8. 11.
Een _:o „ „ 25:' „ _„o - - - „ 12.
Een dispositieff van dato 1:' aug:s des Jaars - - - „ 13.
Een relaas van den deurwaerder
Nicolaes Smit de dato 4:' aug:o 1742. - . . . „ 14.
Een memorie doorden gewesen
„ 3.
gouverneur
1=te besending
st"
NL-HaNA_1.04.02_2555_0012.xml,
NL-HaNA_1.04.02_2555_0013.xml,"Register van De
Nevens gaande papieren
concerneerende De Zaake
van den gewesen heere
gouverneur generaal.
Adriaan Valckenia
Originele missive door den praesident en de leden van den Raad
van Justitie des Casteels batavia aan de Vergadering van
17 gesz: in dato 2 xbr 1742.
Extract uijt de notulen van't gebesoigneer„
„de en geresolveerde in rade van india
de dato 3:' Julij 1742. - . . - - - - N„o 1.
„
_:o dedato 5:' Julij 1742. - - - - - - - „ 2.
Notul gehouden in raade van Justitie des
Casteels Batavia de dato 11:' Julij 1742.
Extract uijt de notulen van't gebesei„
„gueerde en gerecolveerde in rade
van india 13:' Julij 1742. - - - - - - „ 4.
twee notuls gehouden in rade van
justitie de dato 14:' Julij 1742. . . . . . „ 5. 8.
twee _:o „ „ 18: „ _:o. . . . . - „ 78. 8.
Een _:o „ „ 19:' „ _:o - - - - - „ 9.
twee _:o „ „ 23„' „ _:o - - - - „ 18. 8. 11.
Een _:o „ „ 25:' „ _„o. - - - „ 12.
Een dispositieff van dato 1:' aug:s des Jaars - - - „ 13.
Een relaas van den deurwaerder
Nicolaes Smit de dato 4:' ug:s 1742. - . . „ 14.
Een memorie doorden gewesen
„ 3.
gouverneur"
NL-HaNA_1.04.02_2555_0014.xml,"Gouverneur generaal adriaan
valckenier aan desselvs
gemagtigdens nagelaten - - - . . No 15.
Een ampliatie op gem: memorie „ 16.
Een register van alle sodanige
papieren als gem: heere Valckenier
aan desselvs gemagtigdens heeft
Nagelaten - - - - - - - - - - „ 17.
Agt Extracten uijt het venduboek - - - - „ 18. tot 2. in Clusche
ben notul gehouden in rade van
justitie de dato 12:' 7ber: 1742. - - - - „ 26.
ben _:o van den 19:' _:o 1742. - - - - - „ 27.
Een Extract uijt de notulen van
't gebesoigneerde en geresolveerde
in rade van india de dato 20:'
7ber: 1742. - - - - - - - - - - „ 28.
_o dedato 28. 7ber: 1742. . . . . . „ 29.
drie dispositieren bij desen rade ge„
„ 38. . 8. 32.
vallen de dato 3:' october deses jaars
drie notuls gehouden in rade van
justitie de dato 3:e octob:r 1742. - - – - „ 33. 34. 8. 35.
Een _:o „ „ 4:' „ _:o - - - - - „ 36.
„ 37. 38. 39 k. 96.
Vier _:o „ „ 6:' „ _: o
„ 41.
Een _:o „ „ 10. „ _:o
Een _:o „ „ 12. „ _:o „ 42.
twee _:o „ „ 13. „ _:o „ 43. 8 94.
twee _:o „ „ 18. „ _:o „ 45 8: 45½.
Twee Extracten uijt de notuls van
het
ƒ"
NL-HaNA_1.04.02_2555_0015.xml,"het gebesoigneerde en gerecol„
veerde in rade van jndia
de dato 19:' octob„r 1742. . . . . N:o 46. & 47.
Den _:o de dato 16:' 9ber: 1742.
twee notuls gehouden in rade van
Justitie de dato 24:' 9ber deses jaars
Ean dispositieff bij den raad van
justitie deses Casteels geslagen
waer bij het versoek voor
in carceratie op den persoon
van den gewesen heere gouverneur
generaal adriaan Valckenier
is geaccordeert ged:t 26. 9ber 1742.
Notul gehouden in rade van Justitie
de dato 26:' 9ber: 1742 - - - - - - - „ 51.
_:o „ „ 24. —
Een request door de heerm:r Mermhand
Jacob della faille C: S: aan de
Edele hooge regeeringe deser
Landen gepresenteert - - - - - „ 53.
„ 50.
- - - - - „ 52.
droeg poincten beantw: bij Htenrij Abbis O: s: - . . . . . . „ 54.
_:o „ Adolph hen d„k julius Weermang C: s: „ 55.
„ Tan Jko c: S:. . . . . „ 56.
_o
_:o „ Adriaan Jubbels C: s: „ 57.
_o
„ Lim Jsouko c: s: „ 58.
„ 49 8 49½.
„ 48.
vraeg
ite
_:o"
NL-HaNA_1.04.02_2555_0016.xml,"Vraij pwrincten de antv: bij Jan van ilo s: N:o 59.
_o „ Abraham van dinten c: s: „ 60.
„ Abraham Abeleven - - „ 61.
_:o „ Anthonij Isaac Cassa. . . „ 62.
_:o „ gerard van Westrenen C: s: „ 63.
_:o „ Isaac De Nie - - - „ 64.
_:o „ Iacob Nebbens. - - . . „ 65.
_:o „ Paul fredrik Pversoon „ 66.
„ Iacob Kool. - - „ 67.
_:o „ mr Willem Cras. . „ 68.
_:o de berw: E: F: Leboncq „ 69.
_:o „achmat babamdam „ 70.
_:o „ Justinus Viick. . . . „ 71.
_:o „ Ian Jurgen Crummel o s„ 72.
„ Reijnier harmens „ 73.
_:o
_:o „ ferdinandus de roij. . . „ 74:
Naar beantwoord vraagponncten bij
Anthonij Isaac Cassa - . _ _ _ _ _ _ „ 75.
_:o „ Paul fredrik Eversoon. . . . „ 76.
_:o „ mr Willem Cras. . - - - . . „ 77.
drie raporten door heeren Commissarissen
aan den raad van justitie gedaan nopens
voorm: acters - - - - - - - - „ 78. 79 8 80.
_o
Notul
_:o
_o"
NL-HaNA_1.04.02_2555_0017.xml,"Notul gehouden in raade van justitie
de dato 1:' 9ber: 1742. - - - - - .
Een dispositieff bij desen raade ge„
„slagen de dato 2„e 9ber: 1742. . . . . - „ 82.
Een request door de heer m„r Willem
Vincent Helvetius aan de Edele
hooge regeeringe deser banden
Een Extract uijt het gebesoigneerde en
geresolveerde in rade van india
de dato 19:' october 1742. - - - - - - - „ 84.
Een deductie door den Edelen
heere president m.:r Jacob
Lakeman aan den raad
van Justitie overgegeven. . . . . . „ 85.
Een notul gehouden in rade van
justitie de dato 11:' xber: 1742. . . . . „ 86.
_:o „ „ 1. ' Julij 1742. . - - - „ 87.
gepresenteert - - - - - - - - „ 83.
Aldus geregistreert
Batavia den 4 xber: 1742
N:o: 81.
Haksteen
Adv„t Gesw: Clercq"
NL-HaNA_1.04.02_2555_0018.xml,"Vai pricten deantov: bij Jan van Milo s: N:o 59.
„ Abraham van dinten c:
„ Abraham Abeleven.
_:o „ Anthonij Isaac Cassa. . „ 62.
_:o „ gerard van Westrenen C: s: „ 63.
_:o „ Isaac De Hie - - - „ 64.
_:o „ Iacob Nebbens. - - - „ 65.
_:o „ Paul fredrik Persoon „ 66.
_:o „ Jacob Kool. . . „ 67.
_:o „ mr Willem Cras. . „ 68.
_:o „ de berw: E: F: Le boncq „ 69.
_:o „achmat babamdam „ 70.
_:o „ Justinus Vnick. . . . . „ 71.
_:o „ Ian Jurgen Crummel on:„ 72.
„ Reijnier harmens „ 73.
_:o
_:o „ ferdinandus de roij. . . „ 74:
Naar beantwoord vraagponnctenn bij
Anthonij Isaac Cassa - _ _ _ _ _ _ _ „ 75.
_:o „ Paul fredrik E versoon. . . . „ 76.
_:o „ mr Willem Cras. . - - - . . „ 77.
drie raporten door heeren Commissarissen
e
aan den raad van justitie gedaan nopens
voorm: actens. . . . . . . . „ 78. 79 8 80.
_o
Notul
_o"
NL-HaNA_1.04.02_2555_0019.xml,"Notul gehouden in raade van juotitie
de dato 1:' 9ber: 1742. - - - - - .
Een dispositieff bij desen raade ge„
„slagen de dato 2„e 9ber: 1742. - - - - -
Een request door de heer m„r Willem
Vincent Helvetius aan de Edele
hooge regeeringe deser banden
Een Extract uijt het gebesoigneerde en
geresolveerde in rade van india
de dato 19:' october 1742. - . - - - - - „ 84.
Een deductie door den Edelen
heere president m.r Jacob
Lakeman aan den raad
van Justitie overgegeven. . . . . . „ 85.
Een notul gehouden in rade van
justitie de dato 11:' xber: 1741. . . . . „ 86.
_:o „ „ 11. ' Julij 1742. . . - - „ 87.
gepresenteert - - - - - - - - „ 83.
Aldus geregistreert
Batavia den 4 8ber: 1742
„ 82.
No: 81.
Haksteen
Adv„t Gesw: Clercq"
NL-HaNA_1.04.02_2555_0020.xml,"Vaai printen entv:n bij Jan van Hilo s N:o 59.
_o „ Abraham van dinten C:
„ Abraham Abeleven.
_:o „ Anthonij Isaac Cassa - - „ 62.
_:o „ gerard van Westrenen O: s: „ 63.
_:o „ Isaac De Bie - - - „ 64.
_:o „ Iacob Nebbens. - - - - „ 65.
_:o „ Pail fredrik Pensoon „ 66.
„ Jacob Kool. - - „ 67.
_:o „ mr Willem Cras. . „ 68.
_:o de kerw: E: F: Le boncq „ 69.
_:o „achmat babamdam „ 70.
_:o „ Justinus Viick. . . . . „ 71.
_:o „ Ian Jurgen Crummel o: s:„ 72.
„ Reijnier harmens
73.
„
_ o
_:o „ ferdinandus de roij. .
74.
Naar beantwoord vraagponncten bij
Anthonij Isaac Cassa - _ _ _ _ _ _ _ „ 75.
_:o „ Paul fredrik E versoon. . . . „ 76.
_:o „ mr Willem Cras. - - - - - - „ 77.
drie raporten door heeren Commissarissen
aan den raad van justitie gedaan nopens
voorm: acters - - - - - - - - „ 78. 79 8 8
Notul
_o
_:o
_o"
NL-HaNA_1.04.02_2555_0021.xml,"Notul gehouden in raade van justitie
de dato 1:' 9ber: 1742. - - - - - .
Een dispositieff bij desen raade ge„
„slagen de dato 2„e 9ber: 1742. . . . . - „ 82.
Een request door de heer m„r Willem
Vincent Helvetius aan de Edele
hooge regeeringe deser landen
Een Extract uijt het gebesoigneerde en
geresolveerde in rade van india
de dato 19:' october 1742. - - - - - - - „ 84.
Een deductie door den Edelen
heere president m. r Jacob
Lakeman aan den raad
van Justitie overgegeven. . . . . . „ 85.
Een notul gehouden in rade van
justitie de dato 11:' xber: 1742. . . . . „ 86.
_:o „ „ 1. ' Julij 1742. . . - - „ 87.
gepresenteert - - - - - - - - „ 83.
Aldus geregistreert
Batavia den 4 8ber: 1742
No: 81.
Haksteen
Adv„t Gesw: Clercq"
NL-HaNA_1.04.02_2555_0022.xml,
NL-HaNA_1.04.02_2555_0023.xml,
NL-HaNA_1.04.02_2555_0024.xml,
NL-HaNA_1.04.02_2555_0025.xml,"Zatra
Aan de Edele Hoog Agbare Heeren Bewindhebberen.
Ter illustre Vergadering van de seventhienen Gecommitteerd, Repraesen„
„teerende de Generale VerEenigde Nederlandse Geoctroijeerde Oost Jndische
Compagnie ter Presidiale Camer.
Amsterdam
Tot
Wel Edele Hoog Agtbare Wijse, voorsienige,
en seer Genereuse Heeren. —
Ter schuldpligtige obedientie van Uw Edele Hoog
Agtbare g'eerde beveelen vervat bij derselver
Generale"
NL-HaNA_1.04.02_2555_0026.xml,"generale en secrete missive in datis 23 ' septem„
„ber, en 13:' december des gepasseerden Jaars, aan
de Edele hooge Regeeringe deser Landen gerigt, en
.
door onsen President Extract gewijs in Raade
van Justitie overgelegt, hebben wij de eere uw
Edele Hoog Agtb: bij desen onse apparte geringe
letteren te bedeelen, dat na dat in de ordinaire
vergadering was gebragt een Extract uijt
de Notulen van het gebesoigneerde, en geresolveerde
in Raade van Jndia, op den 3:' Iulij deses Jaars,
waar bij was gevordert berigt of elucidatie
wat Leeden zig parthijdig hebben gedragen ge„
had, ten behoeve van den gewesen heere Gouver„
„neur Generaal Adriaan Valckenier, en
wel speciaal in het accordeeren, en verleenen
der ongehoorde politicque Recollementen, zoo
tegens de Leeden der Edele Hooge Regeeringe
deser Landen, als ten laste van alle ende een
ijgelijk, en dat tenselven dage in voldoening
van dat besluijt, en ter elucidatie van haar
hoog Edelens was goet gevonden Copia authen„
„ticq der advisen concernerende de gedane
versoeken van gerepte gewese heere Gouverneur
generaal"
NL-HaNA_1.04.02_2555_0027.xml,"Generaal Adriaan Valckewier ten re„
„guarde van de Recollementen geannoteert, en
welke in de secrete cas doenmaals berustende
waren, aan Haar hoog Edelens te doen presen„
„teeren, al verder door onsen President op den
11:' derselve maand in desen Raade zijnde over„
„gebragt een nader besluijt, op den 5:' bevoorens
genomen, waar bij aan ons quam te blijken,
hoe Haar hoog Edelens ingevolge het aanschrij„
„vens van uw Edele Hoog Agtb: hadde gelie„
„ven te gelasten dat de Leeden m:r Bernhard
Jacob Della faille, m:r Pieter Willem
Lammens, M:r Theodorus Polijcarpus
Woijt, en M:r Ian Blocquau hun van
alle Regtspleging en Judicatuure in der zake
van den gewese heere Gouverneur Generaal
Adriaan Valckenier te vallen, zoude moe„
„ten onthouden, en dat in derselve plaatse we„
„der waren geassumeert geworden, den boekhou„
„der Generaal Evert Christoffel Lamus,
den Capitain Militair Rudolph Carel
Von Glan, en de Cooplieden Ian Cornelis
Du quesue
3"
NL-HaNA_1.04.02_2555_0028.xml,"Du Quesne, en Corijn Stevens, welke
laast genoemde ten selven dage, en ter ordre
van onsen President boven gekomen, en in
Raade verscheenen zijnde, den Eed tot het
ampt van Raad van Justitie, staande in
„gem:
handen van „ onsen President hebben afgelegt,
en welken eed al mede dies tijds door sijn Ed=e
en de overige Leeden deses Raads, ingevolge het
geordonneerde van Uw Edele Hoog Agtb:
bij voormelte secrete missive vervat, is gere„
„noveert, en vernieuwt geworden, als wanneer
na Resumptie van het secreet aanschrijvens
uwer Edele Hoog Agtb: hier vooren vermeld,
bij desen Raade provisioneel gesuspendeert is
geworden den advocaat fiscaal M:r Corne„
„lis Phillips, en intusschen den waterfiscaal
m:r Ian Hendrik van Panhuijs geordon„
„neert, alle dagelijkse voorvallende zaken con„
„cernerende het ampt van advocaat fiscaal
zoo lange waar te nemen, tot dat een ander
in stede van gemelte M:r Cornelis Phil„
„lips Pro interim zoude zijn geEligeert, dat
al"
NL-HaNA_1.04.02_2555_0029.xml,"5
al verder op de recommandatie van haar
hoog Edelens omme met het gedeman„
„deerde door uw Edele Hoog Agtb: bij mis„
sives van den 23:' september, item 13: October,
en 13: december a=o passato voort te gaan, in op„
„volging van die geEerde beveelen, door onsen
President aan de overige Permanente Leeden
van desen Raade zijnde afgevraagt, of een
van hun E:s het ampt van Advocaat fiscaal
Provisioneel ten dienste van de Justitie wilde
op sig neemen, en na sulks door de vier voor„
„sittende Leeden M:r Jacob Van Den Bosch,
m:r Theodorus Van Reverhorst, m:r Reijnier
Stapel, en m:r Iacob Pompe van Meer„
„dervoort verklaart zijnde, daar toe niet gein
„clineert te wesen, is door ons mede Lid M:t
Philippus Rochus Kien eenige dagen uijtstel
versogt, om sig dierwegens finaal te declareeren,
't welk sijn E: geaccordeert wesende, heeft den
heere President aan de Leeden deses Raads daer
op versogt, omme bij aldien de E: Kien het
p
ampt van advocaat fiscaal niet mogte
accepteeren"
NL-HaNA_1.04.02_2555_0030.xml,"accepteeren intusschen haar gedagten te willen
laten gaan, op een bequaam en kundig per„
„soon, die in dese omstandigheden van tijden en
zaken, het voorschreven ampt bij provisie met
gerustheijt zoude kunnen en mogen werden
toevertrouwt, dog ten opsigte van den baillieuw
Pieter Bookestijn dewelke ingevolge het ge„
ordonneerde van uw Edele Hoog Agtbare,
even zoo wel als den Advocaat fiscaal M:r
Cornelis Phillips bij desen Raade bij provisie
van sijn ampt moest werden gesuspendeert,
hebben wij de geEerde ordre van uw Edele hoog
Agtb: dien aangaande niet kunnen executee„
„ren, vermits denselven eenige tijd bevoorens
overleden, en bereets een ander in desselvs plaats
aangestelt was; waar op vervolgens in onse
bij eenkomst op den 18:' Julij deses Jaars, door
gemelte m:r Phillippus Rochus Kien ver„
„klaart zijnde, na alvoorens het een en ander
rijpelijk overmogen te hebben, van het fiscallaet
ten eenemaal af te sien, wierd door onsen Prae„
„sident de Leeden afgevraagt, of haar E:s navolgens
het"
NL-HaNA_1.04.02_2555_0031.xml,"7
het bereets bij notulen aangetekende haare
gedagten hadde laten gaan op eeen bequaam, en
te
kundig persoon, aan wien men het voorsz:
ampt' Ero interim met gerustheijt zoude kun
„nen toe vertrouwen, en na zulks in conside„
„ratie gekomen zijnde, m:r Nicolaas Iongs„
„ma die niet alleen in regten ervaren, en
gepromoveert was, maar ook in Vriesland, en
alhier de practijcq eenige tijd geExcerceert,
mitsgaders het ampt van secretaris van sche„
„penen deser stede heeft waargenomen gehad, zoo
wierd daar op teffens verstaan gemelte M:r
Nicolaas Iongsma, als de eenigste die de
vereijschte bequaamheijd had, tot Ero interim
advocaat fiscaal aan te stellen, dewelke
dan ook op dies aansegging daags daar aan,
of wel op den 19:e Iulij deses Jaars, den Eed
tot dat ampt staande, in handen van onsen
President heeft afgelegt gehad.
En is al wijders op den 23:' Julij deses Jaars
bij ons met aandagt overwogen, hoedanig en
op wat wijse men best, en gevoeglijkst de
gedemandeerde"
NL-HaNA_1.04.02_2555_0032.xml,"gedemandeerde enqueste na de begeerte, en
intentie van uw Edele Hoog Agtbare
zoude kunnen werkstellig maken, en daar
op na rijpe deliberatie best geoordeelt, zoo
spoedig doenelijk aan den aangestelden Pro in„
„terim Advocaat fiscaal van Jndia M=r
Nicolaas Iongsma te doen afgeven copia
authenticq van sodanige drie Extracten uijt
het geEerde aanschrijvens van uw Edele Hoog
Agtb: als door onsen President op den 11:' Iulij
bevoorens in desen Raade zijn overgebragt
geworden, ten eijnde door sijn E: daar van zoo„
„danige gebruijk zouden kunnen werden ge„
„maakt, en middelen in het werk gestelt wer„
„den, als hij ter inwinninge van de nodige in„
„formatien en enqueste voor het regt van de
hooge overigheijt, en het ware belang van de
ECompagnie ampt en pligtshalven nodig, en
dienstig zoude oordeelen, en bevinden te behoo„
„ren, omme alle deselve ten overstaan van
Commissarissen, en den adjunct geswore clercq
Pieter Haksteen te werden belegt, ten Eijnde
vervolgens"
NL-HaNA_1.04.02_2555_0033.xml,"vervolgens aan den Raad van derselver
behandeling bij een schriftelijk Rapport tel„
„kens verslag. te doen, zijnde vervolgens op den
1:e augustus deses Jaars, door den Ero interim
advocaat fiscaal aan desen Raade gepresenteert
een Request met versoek dat aan hem mogte wer„
„den geaccordeert inventarisatie, en sequestratie,
dan wel bij onverwagte ontsegging van het selve
arrest en interdictie op ende tegens de afgave
van alle sodanige goederen, effecten, en contan„
„ten, als 'er zoo wel op een indirecte als direc„
„te wijse, onder den heer Raad Extraordinaris
van Jndia Nicolaas Crul, mitsgaders M:r
Willem Vincent Helvetius, en Johan„
„nes van der Linde, als gemagtigdens van
den gewese heere Gouverneur Generaal Adri„
„aan Valckenier, ofte ijmand anders berus„
„tende dan wel elders hier ter plaatse te agter„
„haalen zoude zijn, met ordonnantie aan alle
ende een ieder van deselve om aan den deur„
„waarder of Exploicteur bij provisie onder
presentatie"
NL-HaNA_1.04.02_2555_0034.xml,"presentatie van Eede te verklaren, en specifice
op te geven wat, en welke effecten, en contan„
„ten onder de een of andere persoonen, de gem:e
Edele heer, en heeren volmagten eenigsints be„
„kent, direct of indirect berustende mogte
zijn, en zulks alles bij sodanige sware Poena„
„liteijt, als wij na de importantie van de zaak
zoude verstaan te behooren, en dat voorts het
verleende zoo lange zoude stand grijpen, tot dat
er nader bij desen Raade, dan wel over de zaake
ten principalen bij de aankomst van genoem„
„de heer Valckenier zoude wesen gedisponeert,
zoo is daar op door ons tenselven dagen, aan den
Pro interim Advocaat fiscaal bij Provisie
verleend geworden arrest en interdictie op
ende jegens de afgave van alle sodanige goede„
„ren effecten; en contanten, als 'er zoo op een
directe als indirecte wijse onder bovengemelte
Edele heer Crul, mitsgaders de heeren Hel„
„retius, en van Der Linden als gemagtig„
„dens van dik gerepte gewesen heere gouverneur
Generael"
NL-HaNA_1.04.02_2555_0035.xml,"4
generaal Valckenier of iemand anders be„
„rustende, dan wel hier ter plaatse te agter„
„haalen mogte zijn, en wijders verstaan dat
het selve arrest en interdictie zoo lange stand
zoude grijpen, tot dat bij desen Raade nader
dan wel over de zaak ten principalen bij de
aankomst van evengenoemde heere Valcke„
nier zoude wesen gedisponeert, en deselve heeren
gemagtigdens geordonneert ten spoedigste aan
den deurwaarder deses Raads een behoorlijke
specificatie te geven, van alle sodanige goe„
„deren en gelden Ec:a als onder haar E:s en
verdere persoonen mogte verbleeven, en tot
nog toe berustende zijn, dog het verdere ver„
„soek bij voorschreven Requeste gedaan, voor
als nogh ontsegt geworden, wanneer door on„
„sen deurwaarder het voor aangehaalde dis„
„positieff ten eersten geExploicteert zijnde, zoo
hebben de voorschreven heeren gemagtigdens
op de gedane insinuatie aan gemelte deur„
„waarder overgegeven sodanige documenten
en"
NL-HaNA_1.04.02_2555_0036.xml,"en papieren als bij het exploict dat ten
desen werd bij gevoegt bekend gesteld, nader des
behagende kan werden nagegaan. —
En heeft al verder gemelte Ero interim Advo„
„caat fiscaal op den 12:' September deses Jaars
aan desen Raade te kennen gegeven, dat op de
gemoveerde swarigheijt van den secretaris deses
Raads sijn E: versogt, dat zoo wel als sijn Proe„
„decesseurs mogte gaudeeren van sodanig besluijt,
als bij den Raad in dato 12:' Januarij 1735.
was genomen, en dierhalven in copia te mogen
erlangen sodanige Notulen, als bij haar Hoog
Edelens, de Edele hooge Regeeringe deser Landen,
en daar op gevolgde besluijten van desen Raade
de datis 3:' 11:' 18:' Julij, als sijn E: verklaarde
in sijn ampt benodigt te zijn; wanneer bij
den Raad bij pluraliteijt van stemmen wierd
verstaan de voorschreven Copia onder het voor„
„melte besluijt te wesen begrepen, na het welk
gemelte pro interim advocaat fiscaal, op den
19:' daar aanvolgende sig al weder met een
versoek"
NL-HaNA_1.04.02_2555_0037.xml,"13
versoek aan desen Raade geaddresseert, en daer
bij te kennen gegeven heeft, dat sijn E: inge„
„volge het voorschreven besluijt van den Raad
in copia wel hadde erlangt, de voorm:e gere„
„quireerde Notulen, sonder dat sijn E: wegens de
gemaakte swarigheijt van den secretaris nog
hadde kunnen magtig werden, de copia van
sekere advisen, concernerende het accordeeren
van ongehoorde en politicque recollementen ten
behoeve van den gewese heer Gouverneur Gene„
„raal Adriaan Valckenier die sijn E: be„
„tuijgde als het meeste tot sijn oogmerk dienende,
en als het Corpus delicti van noode was, te
moeten hebben, alwaaromme sijn E: aan desen
Raade was versoekende, dat den secretaris
dierwegens mogte werden geElucideert, en
des noods geordonneert, de voorschreven copia
van deselve advisen aan sijn E: ten alderspoe„
„digste aff te geven, welk versoek bij desen
Raade al mede bij meerderheijd van stemmen
zijnde geaccordeert, en geconsidereert is, als
een"
NL-HaNA_1.04.02_2555_0038.xml,"een bijlaag, en sequeele van het geene aan sijn
E: bij notul van den 12:e September deses Jaars
hier vooren vermeld is toegestaan geworden;
En hebben wij al verder op bekomene ordre
van haar hoog Edelens bij Notul van dato 20:'
der evengemelde maand september ten over„
„staan van Commissarissen uijt onse Raade
doen publiceeren een biljet, waar bij haar
hoog Edelens navolgens het aanschrijven van
uw Edele Hoog Agtb: bij derselver gevenereer„
„de missive van den 13:' december anno passato
aan een ieder belooft hebben acte van im„
„puniteijt aan den gever van het geld, of gelds
waarde, indien hij den nemer mogte komen te
ontdecken, sodanig dat daar van overtuijgt
wierde, dat men als dan in sodanigen geval,
bij alle mogelijke wegen den gever zoude hel„
„pen, om van den nemer te erlangen restitu„
„tie van sijn uijtgeschoote geld, of geldswaarde,
dogh schoon zulks met een goede intentie is
gedaan, is het selve tot nog van weijnig vrugt
geweest"
NL-HaNA_1.04.02_2555_0039.xml,"15
geweest, invoegen uw Edele Hoog Agtb=e
zullen konnen nagaan, uijt de schriftelijke
rapporten door commissarissen ter enqueste aen
desen Raade overgegeven, ten blijke hoe dat den
oud gesaghebber van Iavaas Noord Oostcust
Bartholomeus Visscher welke nevens meer
andere persoonen over het koopen, en verkopen
van bedieningen, op interrogatorien was ge„
„hoort, gesustineert heeft gehad, dat op eenige hem
voorgehoudene vraagen ongehouden was, te
antwoorden, het welke gemelte Commissaris
„sen ad Referendum aan desen Raade hebbende
gehouden, hebben wij geoordeelt onbevoegt te
zijn, eenige dwangmiddelen tegens voormelde
persoonen te emploijeeren, en dienvolgende ver„
„staan, voornoemde Visscher met sijn gegevene
responsiven te kunnen volstaan, en wijders
goed gevonden, dat Commissarissen ter enqueste,
op den voet bij hun begonnen, zoude voortvaren,
waar op gemelte officier sijn beswaarnis
hebbende geoppert, en versogt gehad, dat wij
bij"
NL-HaNA_1.04.02_2555_0040.xml,"bij haar hoog Edelens zoude insteeren tot een
ander acte van impuniteijt, waar bij een pa„
„naliteijt wierde gestatueert, zoo wierd het selve
versoek bij ons verstaan te houden in statu tot
dat nopens het kopen en verkopen der bedienin„
„gen meerdere persoonen zoude wesen gehoort.
dat al verder op den 24:' November daar aan
door Commissarissen ter enqueste weder zijnde
overgegeven een schriftelijk Rapport, en daar
bij te kennen gegeven, dat den secretaris van
heeren schepenen deser stede Anthonij Isaac
Cassa, den Procureur m:r Willem Cras, ne„
vens den gesworen Clercq van den Raad
Paul Fredrik Eversoon, welke over het opstel„
„len, en brengen der verklaringen, en recollemen„
„ten aan het huijs van m:r Willem Vincent
Helvetius waren ondervraagt, al mede had„
„de gesustineert ongehouden te wesen, speciaal
te antwoorden, invoegen bij het Rapport van
gemelte Commissarissen (des behagende) te
beoogen zij; dog voorschreve uijtvlugten als
maer"
NL-HaNA_1.04.02_2555_0041.xml,"17
maar gepractiseert, om was het mogelijk
de waarheijd der zaake ons te onthouden,
gerejecteert, en zijn sij gecondemneert op soda„
„nige articulen als hun respective voorgehouden,
en door hun waren geweijgert speciaal nae
waarheijd te beantwoorden, en welk laaste ge„
„val, wij alhier om de aan een schakeling van
zaken best geoordeelt hebben te moeten laten
volgen, en alle de ingewonnene denquesten bene„
„vens de Rapporten dien aangaande ingekomen,
welke tot dato deses in dese Epineuse zaake ge„
„regtelijk zijn belegt, nevens desen tot speculatie
van uwEdele Hoog Agtb: over te senden, en
zullen verder overgaan, om uw Edele Hoog
Agtb: te bedeelen, dat het geassumeerd Lid, den
oppercoopman, en geEligeert hooft administrateur
Corijn stevens vermits sijn op handen zijnde
vertrek na Cochim uijt den Raad is ontsla„
„gen, en in desselvs stede wederom geassumeerd ge„
worden, den oud Persiaans gesaghebber Carel
Coenat, welke op den 3:' October daar aan, na
het afleggen van de gewoone Eed is geintroduceert
geworden"
NL-HaNA_1.04.02_2555_0042.xml,"geworden, als wanneer ten voormelten dage door
den Ero interim Advocaat fiscaal van Jndia
m:r Nicolaas Iongsma aan desen Raade zijnde
overgegeven een Request, en daar nevens overge„
„legt een interrogatorien op den eersten, en tweede
bevoorens voor Commissarissen beantwoord bij den
Coopman Henrij Abbis cum suis, mitsgaders
in het eijnde van het selve versogt, dat op„ de
persoonen van m:r Willem Vincent Helve„
„tius, ordinair Lid in den Raad, en M:r Cor„
„nelis Phillips, gesuspendeert advocaat Ers„
„caal van Jndia mogte werden verleend corpo„
„reele apprehensie, en incarceratie ten minsten
bij onverwagte ontsegging van dien gijseling,
en zulks op fundament dat deselve sig zoude
schuldig hebben gemaakt aan een ongeoorloofde
en onmenschelijke masacre van een meenigte
chineesen, de eerste in 't hospitaal van die natie,
en den laast genoemde in des EComp=s boeijen,
is bij desen Raade op voorschreven versoek ver„
„staan, de versogte gijseling bij provisie op de
persoonen van evengemelde m:r Willem
Vincent"
NL-HaNA_1.04.02_2555_0043.xml,"19
Vincent Helvetius, en M:r Cornelis Ril„
„lips te accordeeren, en zulx in hunne huijsen,
ijder onder opsigt van een deurwaarder, en
clercq van de secretarije deses Raads, met or„
„dre aan voorschreven persoonen, om aldaar zoo
lange gijseling te houden, tot nadere disposi„
„tie, dog buijten acces van eenigelijk excepto
van bloed vrienden, en wijders ten selve dage
bij desen Raade goed gevonden, aan de Edele hooge
Regeeringe deser Landen te versoeken dat ten
dienste der Justitie, 't zij door assistentie van
militie off wel het plaatse van gemelte
Helvetius, en Phillips aan de poorten deser
stad, de nodige ordres geliefde te stellen, dan
wel dierwegens sodanige andere middelen
te beramen als na derselver gewoonen wijs„
„heijt zouden verstaan te behooren, waar op
bij haar hoog Edelens verstaan is geworden,
dat voor de respective wooningen der gegij„
„seldens zoude werden gesteld een schildwagt,
om hunne persoonen te observeeren, hebbende
&
den gemelte Pro interim advocaat fiscaal
ten"
NL-HaNA_1.04.02_2555_0044.xml,"ten selven dagen, en na dat hem het dispositieff
van den Raad ten opsigte der gijseling op de
persoonen van m:r Willem Vincent Helve„
„tius, en m:r Cornelis Phillips verleend,
was gecommuniceert, aan desen Raade ver„
„sogt inventarisatie en sequestratie derselver
goederen, insonderheijt in beslagneeminge der
papieren of andersints bij onverwagte ontseg„
„ging van dien interdictie om geene van deselve
goederen of papieren te alieneeren, off soek te
brengen bij sodanige penaliteijten als desen Raa„
„de verstaan zoude te behooren, op welk ver„
„soek dan al mede gedisponeert zijnde, is
verstaan het laaste lid van het selve te ac„
„cordeeren, en mitsdien gemelte M=r Wil„
„lem Vincent Helvetius, en M:r Cornelis
Phillips geinterdiceert geene van derselver
goederen off papieren te alieneeren bij sodanige
poenaliteijt als desen Raade zoude overstaan
te behooren; wesende voorts kort na dato
op de ingebragte beswaarnisse van gemelte
Pro interim advocaat fiscaal ten opsigte
van"
NL-HaNA_1.04.02_2555_0045.xml,"21
van het verleende acces der bloed vrienden
van de gegijseldens M:r Willem Vincent
Helvetius, en M:r Cornelis Phillips waer
omtrent wierde te werk gedaan, boven de
genomene maatregulen, bij desen Raade gear„
„resteert, dat sij gegijseldens moeste opgeven,
welke bloed vrienden sij gaarne geinclineert
waren te spreeken, en om na sulks bij den
Raad daar omtrent sodanig te werden gedis„
„poneert, als wij zouden verstaan te behooren,
dat daar op door haar gegijseldens respective
zijnde gedaan een opgave hunner bloed vrien„
„den, en nootsakelijke huijs bediendens, en na
dat den pro interim Advocaat fiscaal sigh
dierwegens hadde gedeclareert, wierd goed ge„
„vonden hunne versoeken desen aangaande te
accordeeren, en selvs aan den gegijselde M:r
Cornelis Phillips daar en boven te permit„
„teeren, dat de weduwe De Roode bij desselvs
huijsvrouw mogte komen: wanneer al wij„
„ders op voorgemelde 3:' October door gemelte
Ero interim advocaat fiscaal aan onsen
Raade"
NL-HaNA_1.04.02_2555_0046.xml,"Raade sonder de minste preallable voorkenni
van President of den Raad wierd gepresentee„
seker ampel request tendeerende een versoek
tot citatie in persoon tegens de ordinaris
Leeden van den Raad M:r Bernard Iacob
Della faille, m:r Pieter Willem Lammen
„ het extra ord:r Lid
m:r Theodorus Polijcarpus Woijt, en „ M:r
Ian Blocquan, item den water fiscaal M:r
Iohan Hendrik Van Panhuijs over en
ter zake hun E:s tegens ampt, eed, en pligt,
en tegens de constante manier van proce„
„deeren hadde geaccordeert ongehoorde Politic„
„que Recollementen ten behoeve van den ge„
„wesene heere Gouverneur Generaal Adriaan
Valckenier, dog alvoorens op dat versoek te
disponeeren, goed gevonden zijnde, den gemelte
pro interim advocaat fiscaal bij wege van
nader interpretatie af te vragen wat eij„
„gentlijk sijn intentie was, en waar toe de
versoeken en conclusien tegens voormelte
„en waterfiscaal
Leeden van den Raad„ zoude komen te dienen,
en daar op door hem gedeclareert zijnde, tot
aen"
NL-HaNA_1.04.02_2555_0047.xml,"23
een suspens, wierd het voormelte gedaan
versoek ontsegt voor als nogh.
dat al verder op den 6:' October daar aan,
ter occassie de gemelte pro interim advocaet
fiscaal te kennen gaf, dat den adjunct gesw:
clercq Pieter Haksteen swarigheijt had„
„de gemaakt, copia der advisen hier vooren
gemelt, als copia nevens citatie te authen„
„tiseeren, en aan denselven te verleenen, met
versoek dat daar toe mogte werden gequalifi„
„ceert, bij den Raad ontdekt zijnde, dat hij pro
interim advocaat fiscaal van meening was,
tegens de voormelde Leeden van den Raad,
en water fiscaal ordinario modo te procedee„
„ren, bij desen Raade wierd gearresteert hem
pro interim advocaat fiscaal te interdi„
„ceeren met de citatie ordinario modo te„
„gens gemelte Leeden, en water fiscaal voort
te gaan, zoo mede aan den adjunct geswore
clercq te verbieden eenige copia der voor„
„noemde advisen te authentiseeren, en aff te
geven, mitsgaders te persisteeren bij het
besluijt"
NL-HaNA_1.04.02_2555_0048.xml,"besluijt van den 3:' deser hier vooren geciteert.
Na het welk op den 13:' October daar aan, door
den heere President aan den Raad wierde
gecommuniceert, dat de voorschreven vier
Leeden, en water fiscaal sig hadde geaddresseert
aan haar hoog Edelens, met een versoek om te
mogen erlangen elucidatie, off uw Edele
Hoog Agtb: haar hoog Edelens hadde aanbevo„
„len hun te doen actioneeren, dog ingevalle van
neen, dat hun E:s dan hadde versogt, dat den
Pro interim advocaat fiscaal mogte werden
geinterdiceert eenige proceduuren tegens hun
te onderneemen, mitsgaders hun een behoorlij„
„ke satisfactie wegens hun geledeerde eer, en
fatsoen te geven, dog dat het selve versoek in
handen van gemelte pro interim advocaat
fiscaal was gestelt, om daar tegens sijn
verantwoording te doen, kort daar aan gemelte
officier aan den Raad heeft versogt, alvoorens
te mogen weten, of wij dierwegens ons zoude
gelieven in te laten met hem te suppediteeren
ons advis tot adstructie, en corroboratie van
sijn"
NL-HaNA_1.04.02_2555_0049.xml,"21
sijn verantwoording om dat vermeende dat
het selve versoek absolut Justitieel, en tot
desen Raade behoorende was, dog bij meerder„
„heijt van stemmen verstaan zijnde, sijn ver„
„antwoording te laten doen, zoo als raadsaamst
zoude oordeelen, en verder ons te addresseeren
aan haar hoog Edelens met versoek dat op het
voorschreven Request van gemelte ordinaire
Leeden, en water fiscaal niet gedisponeert, —
maar het selve als een Justitieele zaak zijnde,
aan desen Raade ter decisie gerenvoijeert mogte
werden; hebben alvoorens daar op eenige dis„
positie te verneemen haar hoog Edelens bij be„
„sluijt van dato 19: daar aan, van dit gerigts„
„hoff gelieven op te eijsschen alle sodanige secrete
en andere papieren, item dispositien, en Notulen,
't zij die mogte bevatten afgave van secrete ad„
„visen, en andere papieren, mitsgaders interdic„
„tien, of hoedanig die genaamt zoude mogen zijn,
als bij desen Raade mogte gehouden, en gevallen
zijn, wegens het hier boven gemelte versoek
van den pro interim advocaat fiscaal tot
citatie"
NL-HaNA_1.04.02_2555_0050.xml,"citatie in persoon der vooren geciteerde zee„
„den, en water fiscaal, mitsgaders die tot het
gedoente van gemelte pro interim Advocaat
fiscaal, soo voor als na het gedagte versoek
eenige betrecking mogte hebben, ter welkers
voldoening wij geen de minste swarigheijd heb„
„ben gemaakt gehad, onse behandeling in desen
open te leggen, en te laten overgeven al het geene
dien aangaande was voorgevallen, en ten pa„
„piere gebragt, met verklaring van geen secre„
„te papieren concerneerende die zaake bij
den Raad te zijn gehouden, en van het verder
of ander gedoente van den pro interim advo„
„caat fiscaal ten desen belangen niets te
weten, geduurende welke deliberatie het ge„
„melte vier Leeden al weder gelust heeft, sig
aan haar hoog Edelens te addresseeren met een
ampel Request, thans nevens desen in copia
overgaande, uijt welkers contenue uw
Edele Hoog Agtb: niet sonder groote verwon„
„dering des behagende sal te vooren komen,
hoe dat deselve Leeden hun hebben onderstaan
onder"
NL-HaNA_1.04.02_2555_0051.xml,"28
onder verscheijde opgeraapte argumenten, en
verkeerde sugillatien aan haar hoog Edelens
op te dissen verscheijde zaken, en poincten, die
ten reguarde van hun E:s bij dese vergadering
zoude wesen ondernomen, dog ten regten de
voorsz: opgedischte poincten ingesien, en bij
ons overwogen zijnde, hebben wij
niet ondienstig geoordeelt, in 't kort uw Edele
Hoog Agtb: eenvoudig voor oogen te moeten
brengen, dat den pro interim advocaat fiscael
gelijk hier vooren is ter nedergestelt, buijten
de minste voorkennisse van den President, off
Raad, sig addresseerende met een versoek om te
mogen erlangen copia der advisen gevallen
over het accordeeren der versogte recollemen„
„ten door de gewese heere gouverneur Generaal
Adriaan Valckenier het selve bij desen raade
invoegen hier vooren geciteert, was geaccor„
„deert, om dat doenmaals deselve bereets aan
haar hoog Edelens overgegeven, en oversulks
als geen secrete des Raads meer konde wer„
„den aangemerkt, dog geensints den Prointerim
advocaet"
NL-HaNA_1.04.02_2555_0052.xml,"Advocaat fiscaal toegestaan, om die tegens
voormelte Leeden speciaal te emploijeeren, zoo
als het hun behaagt heeft, daar uijt te elicieeren,
maar alleen om dat gemelte officier verklaerde
deselve in sijn ampt benodigt te hebben, en gelijk
reets gesegt, als een bijlaag en sequeele van de
Notul van den 12:' september; wel is waar
dat gemelte pro interim advocaat fiscaal na„
„derhand buijten voorkennisse van ons is voor
den dag gekomen, met een versoek om gemelte
vier Leeden, en water fiscaal m:r Iohan
Hendrik van Panhuijs te mogen dagvaerden
in persoon, en dat het selve ten dien dage is ontsegt
voor als nog, om redenen men als doen niet kon„
„de weten, off uw Edele Hoog Agtb: omtrent hen„
„lieden die bereets voor parthijdige, en suspecte
Regters waren te boek gestelt, ook eenige nadere
dispositie mogte hebben genomen gehad, en welk
versoek wij vermeenen in dese vergadering ten
regten is gebragt, om dat men oordeelde, inge„
„valle sij dierwegens aansprakelijk waren, het
selve een gevolg, en sequeele van de zaake van
den"
NL-HaNA_1.04.02_2555_0053.xml,"29
den gewesen heere gouverneur Generaal Adri„
„aan Valckenier te wesen, dewelke aan ons
met den aankleve van dien, door uw Edele
Hoog Agtb: was gedemandeert, dog niet zoo als
gemelte Leeden verkeerdelijk om haare sustenue
goed te maken, en eenige schijn bij te setten, hebben
voorgedragen, dat wij alleen maar over zaake
van gemelte heer Valckenier waren geordon„
„neert te mogen Jugeeren. —
dat het ook verder de waarheijd is, en ter notul
van den 6:' October kan blijken, dat den
President, en vier onser permanente Leeden swa„
„righeijt hadde gemaakt, om als Regters hier over
ten principalen te voteeren, indien den pro in„
„terim advocaat fiscaal bij meerderheijt van
stemmen gepermitteerd wierde in desen te mo„
gen voortgaan, maar geensints dat wij verpligt
waren geweest, ons te onttrekken de dispositie
over de voorige versoeken genomen, veel min
door vermelte vier Leeden ons wetten, of les„
„sen te laten voorschrijven, wat in desen hadden
behooren gedaan, of gelaten te zijn geweest, en
dus op dat fundament soo een ongegrond, en
nadeelig argument te maken, even of wij
ons"
NL-HaNA_1.04.02_2555_0054.xml,"ons Regter ampt hadde, te buijten gegaan
boven en behalven dat de voorsz: gemoveerde
swarigheden van onsen President, en de vier
Leeden deses Raads, nog niet eens als gefundeert
zijn aangenomen, dan wel wigtig genoeg bevon„
„den geworden,
wij willen uijt dit eenvoudig recit van za„
„ken gaarne aan het prudent, en doorsigtig, oor
„deel van uw Edele Hoog Agtb: en een ijge
„lijk onparthijdige overlaten, of wij in desen al
„lenthalven sonder ons in te laten tot een part
„ subtile
„culiere refutatie, en wederlegging van de pretense
raisonnementen, en argumenten ter aantooning
quasi van een nulliteijt, dewelke in desen zoude
wesen begaan, niet hebben te werk gegaan, als be„
„tamelijke Regters, en gem: Leeden dewelke hier
over sulken opheff, en quade interpretatie hebben
gemaakt gehad, niet hebben gesecureert voor die
vervolgingen, die sij zoo kragtig uijtmeeten, dat
door den pro interim advocaat fiscaal, zoo ten
respecte van hun eer, als omtrent haar persoonen
zoude wesen aangedaan, en twijffelen niet off uwel
Edele Hoog Agtb: zullen onse gehoudene condui„
„te in desen volkomen Justificeeren, op dat wij
ons"
NL-HaNA_1.04.02_2555_0055.xml,"31
ons Regter ampt verder met gerustheijt na
conscientie, en sonder van ijmand te werden
geinterrumpeert konnen, en mogen blijven excerceeren:
door den heere President, op den 13:' October aan
den Raad gecommuniceert zijnde, dat daags be„
voorens van wegen den gegijselde M:r Wil„
„lem Vincent Helvetius, aan haar hoog Ede„
„lens was gepresenteert een Request, tendeerende
tot Recusatie zoo van gemelte heere President,
als den Pro interim advocaat fiscaal, niet al„
„leen ten reguarde van der zaake van gem: M:r
Willem Vincent Helvetius, maar ook ten op„
„sigte van die van den gewesen heere Gouverneur
generaal Adriaan Valckenier, zoo hebben wij
daar op als doen geresolveert van haar hoog Edelens
te versoeken een authenticq afschrift van het
voorm: Request, ten eijnde daar omtrent soda„
„nig te doen, zoo als te Raade werden zoude,
dog in plaats van zulks hebben wij op den 27:
daar aan door onsen President bekomen Ex„
„tract uijt de Notulen van het gebesoigneerde
en geresolveerde in Raade van Jndia, op den 19.'
bevoorens, waar bij haar hoog Edelens hadde
goed"
NL-HaNA_1.04.02_2555_0056.xml,"goed gevonden, gemelte Helvetius sigh des
geraden vindende tot Recusatie van den heere
President te doen addresseeren aan den Regter, als
den ordinairen weg zijnde, en daar toe te gebruij„
„ken middelen van Regten, invoegen dan ook van
wegen gemelte Helvetius op den 1:' November
daar aan ons zijnde overgegeven seker versoek
verseld van een ongeauthentiseerd Request aan
haar hoog Edelens, op den 12:' October gepresen„
„teert, strekkende tot Recusatie van gemelte
heere President, even en indiervoegen als voor
„noemde Helvetius aan haar hoog Edelens
hadde gedaan, en hier vooren gemelt staat, dog
tegens welk versoek door onsen President zijn„
„de overgegeven een korte Deductie, is al
wijders op den 7:' daar aan verstaan het selve
versoek te ontseggen, en dienvolgende onsen
President zoo in der zaake van hem Hel„
vetius, als in die van den gewesen heere
Gouverneur Generaal Adriaan Valckenier
als Regter te laten blijven voteeren, waar
na op den 24:' November daar aan door
haar"
NL-HaNA_1.04.02_2555_0057.xml,"33
haar hoog Edelens ons bij notul van den
16:e bevoorens wierd gecommuniceert, dat
den gewesen heere Gouverneur Generaal
Adriaan Valckenier, van Cabo de Goede
Hoop alhier was aangekomen, en op een
der Punten deses Casteels, dan wel eijgent„
„lijk op de Punt de Robijn in militair arrest
sat, wanneer daar op bij desen Raade wierd
goed gevonden voor als nogh geene dispositie
te neemen, maar daar mede te supercedee„
„ren, tot dat den Pro interim advocaat
fiscaal desen aangaande mogte opkomen,
gelijk dan ook op den 26:' daar aan door
gemelte officier wierd overgegeven een
versoek, en daar nevens overgelegt, Een
Register met verscheijde stukken, strek„
„kende het voorschreven versoek tot
incarceratie van gemelte heer
Adriaan Valckenier, het welk
dan zijnde geaccordeert, wierd al met
een"
NL-HaNA_1.04.02_2555_0058.xml,"een goed gevonden bij Notul aan de
Edele hooge Regeeringe te versoeken
dat gemelte heer Valckenier
bij provisie op de voormelte Punt
Robijn gedetineert mogte blijven
buijten acces van een oijgelijk
Buijten welke voorenstaande zae„
„ken wij thans in desen niets meer
van eenige Remarcque hebbende,
te bedeelen, zullen wij de eer heb„
„ben, na uw Edele Hoog Agt„
„bare Persoonen en familie in de
bescherminge Godes bevoolen te
laten, ons met het uijtterste
Respect te onderschrijven
gelijk wij betuijgen
waerlijk"
NL-HaNA_1.04.02_2555_0059.xml,"35
ende een
Leerets
Uwel Edele Hoog Agtbare Onderda¬
Batavia
„nige, en Gehoorsame Dienaren
Den Eersten December 1742.
Lakeman
Col
Roenad.
J: everhorst
R Stapel
S Compe van Meerder vor
H. S
3
Bancis
R. E. ven Glan
Jvuujteno
Jacob van den Bosch:
waarlijk te zijn. —
Wel Edele Hoog Agstbare, Wijl, 1oor„
„sienige, en seer Genereuse Heeren,
Lier
R
3"
NL-HaNA_1.04.02_2555_0060.xml,
NL-HaNA_1.04.02_2555_0061.xml,"36
door den Edelen heere president deses raadsm:r Iacob Lakeman is op
heeden in raade overgebragt het onderstaande.
Dingsdag den 3:' Iulij anno 1742. —
Na resumptie van het secreet schrijvens harer Edelens hoog
agtb: de heeren seventhienen in't patria van den 13: xber:
d'anno pass:o is verstaan van den agtb: raad van justitie deses
Casteels berigt of Elucidatie te vorderen wat leeden uijt dat
regtbank haar partijdig hebben gedragen, ten behoeve van den
gewesene heere gouverneur generaal Adriaan valckenier
en wel speciaal in het accordeeren en verleenen van onge„
hoorde politicque recollementen voorgem: raden Ioten
laste vande heerenleeden deser tafel als van alle en ijgelijk
/onderstond/ acordeert /was getekent P:s a:s v:n d:r parra
secrets:
Nawelkers resumptie ter voldoening van het selve g'eerd besluijt, en ter Elucidatie
van haar hoog Edelens bij desen raade goedgevonden is, copia authenticq van de
advisen concernerende de bevorens gedane versoeken vanden gewesen heere
Extract uijt de notulen van
't gebesoigneerde en Geresolveerde
in raade van india. —
Dingsdag Den 3:' Iulij A„o 1742
des nademiddags Extraordinaris vergadering presen„
tibus, omnibus, dempto in desen de heer Helvetius. —
verte
op"
NL-HaNA_1.04.02_2555_0062.xml,"gouverneur generaal adriaan Valckenier ten reguarde van de recollementen
geannoteert, en in desecreete Cas van gem:t raade berustende aan welgemelte
haar hoog Edelens nevens desen te presenteeren /onderstond/ inkennisse van mij
was getekent G:s Schuijlenburg secrets:
G'extraheert uijt het memoriaal van den agtb:
raad van justitie deses Casteels en accordeert
Batavia Datum utsupra
Haksteen
Adj„s Gesw: Clercq"
NL-HaNA_1.04.02_2555_0063.xml,
NL-HaNA_1.04.02_2555_0064.xml,No: 1
NL-HaNA_1.04.02_2555_0065.xml,"38
Woensdag den 11„en Iulij 1742.
door den edelen heere president m:r Jacob lakeman in raade over
gebragt zijnde 't onderstaande Extract, luijsende als volgt
Presentibus omnibus demptis de heeren Helvelius
en den Water fiscaal den Eerste door indispositie. —
Extract uijt de Notulen van 't
gebesoigneerde en geresolveerde
in Rade van India
Donderdag den 5„en Iulij A:o 1742.
Ter jongste bij- een komste, na resumtie van een
ingekomen notul van den agtb: raad van Justitie
deses casteels, de dato 3:' Courant, nevens twee copia
authenticque advisen nopens de gedane versoeken
van den gew: heere Gouverneur generaal Valckenier
ten aansien der recollementen aangetekent de
dispositie over de leeden in evengemelte regtbank
dewelke in het ged: recollement hebben g'accor„
„deert tot deze convocatie zijnde gesurcheert,
zoo wierde door den heere Gouverneur generaal
aan de heeren raden in overwegingh gegeven of
men als nu ter voldoenige van het g'eerd bevel
hoog Edele heeren seventhienen daar toe niet
behoorde over tegaan, en „ dat zulx noodzakelijk,
was
op"
NL-HaNA_1.04.02_2555_0066.xml,"was g'oordeeld goedgevonden d' ordinaire leeden
in voorm: collegie m:r Bernhard Jacob dellafaill
m:r: Pieter Willem Lammens mr Theodorus
Policarpus Woit, en het extra ord:r lid m=r Jan
Blocquau ingevolge het aanschrijvens van wel
gem:t haar Ed:le hoog Agtb: van den 13:' xber d'
Ao pass=o te gelasten hun van alle regts pleging,
en judicature die in der zake van den gew:
heere Gouverneur generaal Adriaan
Valckenier zullen komen te vallen te onthouden
En hier op voorts verstaan d' overige leeden
van dat Collegie die in het voorsz: recollement
niet hebben g'accordeert, en bestaan, in d'
ordinaire leden, m:r Jacob van den Bosch
m:r Theodorus van Reverhorst, m=r
Reijnier Stapel, met de twee aangekomene
leden m:r Jacob pompe van Meerder voort
en m:r Philippus Rochus Kien in die
regtbank over geciteerde affaires, ongeprejudiceer
het regt van parthijen zitplaats te laten behoude
mitsgs na den letterlijken zin van boven gem:
haar Ed:le hoog agtb: missive in stede van de
vier g' Excuseerde leeden, een gelijk getal nieuw
ad illum actum te assumeeren, en dus dat
Collegie te doen bestaan uijt Negen leeden,
buijten den heer President, als zijnde het
ordinair lid Mr: Willem Vincent Helvetius
uijt hoofde van desselfs affiniteit met den heer
valckenier, niet admissibel, en ook in desen
g'Excuseert, tot welke assumtie overgegaan
zijnde
8"
NL-HaNA_1.04.02_2555_0067.xml,"40
Zijnde, is goed gevonden, daartoe te verkiesen,
den boekhouder generaal Evert christoffel
Lanius En den capitain millitair Carel
Rudolph von Glan met de kooplieden Ian
Cornelis Duquesne en Corijn Stevensz:
ten Einde, na dat zij den Ordinairen eed
zullen hebben afgelegt ende continueerende leeden
gem: Eed vernieuwd, met en benevens dezelve,
over ged: zaken te disponeeren
,onderstond
accordeert was getekent I:s A v: d: Parra
sec. s
En daar op de heeren m:r Bernhard Iacob Dellafaille, m:r
Pieter Willem Lammens, m:r Theodorus Polij carpus Woijt,
en m:r Ian Blocquau, na dat de ord:s saken waren affgelopen en
vermits eenige andere poincten die haas 't quamen te vereijsschen moesten
werkstellig gemaekt worden op het versoek van den Ed: heere presid:t
van haar E=s sitplaatsen op geresen en vervolgens uijt de
vergadering gegaan zijnde, is verstaan daar van dese aantekening
tehouden, om in 't memoriaal van den Raad te werden geinsereert
„onderstond, in kennisse van mij was getekent G=s Schuijlenburg
secrets.
G'Extraheerd uijt het memoriaal van
den agtb: raad van Justitie deses casteels
en accordeert
Batavia datum utsupra.
Haksteen
adv„t Gesw: Clercq"
NL-HaNA_1.04.02_2555_0068.xml,No: 2
NL-HaNA_1.04.02_2555_0069.xml,"41
Woensdag den 11:' Iulij A:o 1742.
Present den Edelen heere President, Item
de verdere heeren Raaden en g'assumeerde
leeden in desen.
door den Edelen heere Preesident deses raads m:r
Jacob Lakeman, din raade overgebragt zijnde,
een Extract uijt de notulen van 't gebesoigneerde
en geresolveerde in raade van Jndia, genomen
op den 5:' deser, en daar bij gebleken zijnde, hoe haar
Hoog Edelens ingevolge het aanschrijvens van
de hoog Edele Heeren Seventienen hadden
gelast de heeren m:r Bernhard Iacob
Dellafaille, Pieter Willem Lammens,
Theodorus Polijcarpus Woijt en Jan
Blocquau, hun van alle regtspleging, en Judica
„tuure in deeser zaake van den gewesene heere
gouverneur generaal adriaan Valckenier te
vallen, te onthouden en in dezelven plaatse
wederom te assumeeren als leeden in voorm:te
zaak, den boekhouder generaal Evert christoffel
Lanius, en den capitain militair Rudolph
caxel von glan, met de kooplieden Ian
Cornelis Duquesne, en Corijn Steevensz.
die dan ook „ ordre van gem: edelen heere
president boven gekomen, en in raade verschee„
„nen zijnde, den Eed tot het ampt van raad
van Justitie staende in handen van welgem:
Edelen heere president afgelegt, en door sijn
Edele, en de overige leeden deses raads, ingevol„
„ge het geordonneerde van haar Ed=le hoog agtb:
den"
NL-HaNA_1.04.02_2555_0070.xml,"den selven Eed vernieuwt hebben, na het welk
het secreet aanschrijvens van haar Edele hoog
agtb: aan de Edele hooge regeering deser landen,
van dato 13:' december 1741. opgelesen, en daar
op den heer advocaat fiscaal m:r Cornelis Phillip
die in tusschen in de vertrek kamer was versogt
te gaan binnen gerequireert zynde, wierd na de
ordre van welgemelde Haar Edele Hoog agtb
sijn E: bij desen raade bij provisie van sijn
ampt gesuspendeert, en den heer waterfiscaal m:r
Jan hendrik van Panhuijs, die versogt was
boven te komen, als doen geordonneert, alle
dagelijkse voorvallende zaaken„ het ampt van
advocaat fiscaal rakende, soo lange waar te
nemen, tot dat een ander fiscaal in stede van
gemelte heer m:r Cornelis Phillips na den
teneur van het aanschrijven der Hoog Ed=n
heeren seventienen voormelt Prointe„
„rim sal wesen aangestelt, wanneer al verde
voornoemde heer m:r Cornelis Phillips wierd
versogt ten spoedigste in gereetheijt te brengen
een behoorlijk transport van alle papieren,
charkres, en documenten, dewelke onder sijn
E: als advocaat fiscaal eenigsints mogte
berustende zijn, mitsgaders de dienaars der
justitie aan gemelte heer water fiscaal te
laten overgaan, om sijn E:s ordre tot nader
dispositie te obtempereeren, van welk een
„ander verstaan is dese notul te coucheeren
en"
NL-HaNA_1.04.02_2555_0071.xml,"43
en afschrift daer van aan haar hoog Edelens
door welgemelte Edelen heere praesident ten
spoedigsten te doen overgeven, mitsg:s met de
verdere dispositie, en schickinge, nopens de overige
bij gemelte missive gedemandeerde poincten, soo
„lange te supercedeeren, onderstond, in kennisse
van mij, was getekent G:s Schuijlenburg secrets;
G'Extraheert uijt het memoriaal
van den agtb raad van Justitie
deses Casteels en accordeert
Batavia datum ut supra:
D Haksteen
W„ Gesw Clorceq"
NL-HaNA_1.04.02_2555_0072.xml,N:o 3
NL-HaNA_1.04.02_2555_0073.xml,"44
door den Ed:e heere president m:r Jacob lakeman is op heden
overgebragt het na volgende,
weg
Vrijdag den 13:' Julij 1742.
Wijders is na resumtie van voorsz: ingekomen notul
van den agtb: raad van Justitie deses Casteels van
den 11:' deser verstaan, haar Agtb: te recomman„
„deeren, om met het verder gedemandeerde door
haar Edele hoog Agtb: de heeren Seventhienen
in't Patria bij missiven van den 23:' 7br:
10. 8ber en 13:' xber d' anno pass:o voort te gaan,
/onderstont:/ accordeert / was getekent./ P:s A:s
v. d parra sec=s„
Na welkers resumptie door den Edelen heere praesident de novo sijnde
opgelesen het speciaal genoteerde bij haar Edele hoog agtb: geeerde
secrete missive van dato 13:' xber 1741. conserneerende d' aanstelling
door desen raade van een Fiscaal prointerim instede van
de heer M:r Cornelis Phillips zoo wierd alverder door wel
Extract uijt de notulen van 't
gebesoigneerde en Geresolveerde in
rade van India
Saturdag den 14:e Iulij Ao 1742
Present den Edelen heere President Item de verdere
heeren Raaden, en geassumeerde leden in desen
gem"
NL-HaNA_1.04.02_2555_0074.xml,"gem sijn Ed: en sulx na de intentie van haar Edele hoog agtb: aan
de permanente heeren leeden affgevraagd off ook een van hun
E:s dit ampt van fiscaal provisioneel ten dienste der Justitie
wilde op sig neemen, en daar op door d' Vier voorsettende heeren
leeden m:r Jacob van den Bosch, M:r Theodorus van
Reverhorst, m:r Reijnier Stapel, en M:r Iacob Pompe
van meerdervoort, verklaart zijnde geensints daer toe geinclinee
te sijn, heeft de heer m:r Philippus Rochus Kien versogt, dat
sijn E: alvoorens sig daar op te verklaren mogte hebben den tijd
van driemaal vier en twintig, dan wel tot aanstaende Woensdag,
om als dan sig dierwegen frnaal te declareeren, 't geene dan ook
na gedane om vrage bij desen rade aan sijn E: geaccordeert wesende
is alverder door welgemelte Ed=le heere president aan de heeren leeden
versogt, bij aldien de heer Kien daar van mogte afsien, intusschen
hare gedagten te willen laten gaan op een bequaam en kundig
persoon die in dese omstandigheden van tijden en Laken het
voorschreve ampt van fiscaal bij provisie met gerustheijd soude
kunnen en mogen werden toevertrouwt, sijnde van het bovenstaande
goedgevonden dese aantekening te houden, om in het memoriaal
van den raed te werden geinsereert, onderstond, inkennisse van
mij was getekent G:s Schuijlenburg secrets.
G'Extraheert uijt het memoriaal van
den agtb: raad van justitie deses
Casteels en accordeert
Batavia datum uit supra
Hbaksteen
Edv„ Gesw: Clercq"
NL-HaNA_1.04.02_2555_0075.xml,"den
en
dig"
NL-HaNA_1.04.02_2555_0076.xml,No: 4
NL-HaNA_1.04.02_2555_0077.xml,"46
Saturdag den 14„' Iulij 1742.
Present den Edelen heere president
item de heeren Raden en g'assumeerde
Leeden jndesen.
Hatauis bij desen Rade in overweging
genomen sijnde hoedat den gesw: Clercq
Paul Fredrik Eversoon volgens zijn
gedane declaratoir tevinden bij notule
van den 11„e xber: 1741. aan de heer m„r
Willem vincent Helvetius hadde
afgegeven de stucken en documenten dewelke
ten versoeke van den gewesene heer gouver„
„neur generaal Adriaan valckenier
waren b'Eedigt met derselver recollementen
daar agter gesteld en sulx sonder deminste
voorkennis off qualificatie van den raad
dan wel van Commissarissen die over deselve
recollementen hebben gevaceerd gehad; so
wierd goed gevonden den secretaris deses
Raads om die en meer andere Redenen
te ordonneeren gem:te gesw: Clercq E versoon
van nu voortaan indersake van den gew:
gouverneur generaal Adriaan
valckenier voorm: met de gevolge en
aankeeren"
NL-HaNA_1.04.02_2555_0078.xml,"aanheeven van dien niet te Emploijeeren,
papieren dien„
off door denselven Eenige
aangaende telaten authentiseeren maar
sulx verEijsschende als dan daartoe den
adj„t gesw: Clercq Pieter Haksteen
te gebruijken /:onderstond:/ in kennisse van
mij als hier toe speciael versogt sijnde
En
S
Stevens.
/.was getekend:/
G'Extraheerd uijt het memoriael
van den agtb: raad van Justitie
deses Casteels en accordeert
Batavia datum u't supra
baksleen
Adv„ Gesw: Clercq
E
8"
NL-HaNA_1.04.02_2555_0079.xml,
NL-HaNA_1.04.02_2555_0080.xml,No. 5
NL-HaNA_1.04.02_2555_0081.xml,"Saturdag den 14:' Iulij Ao 1742.
present den Edelen heere President item de
verdereheeren raden en geassumeerde leeden in desen
den bailliuw Pieter Boockesteijn die ingevolge het
geordonneerde van haar Edele hoog agtb: de heeren seventhienen
bij haar Edele hoog agtb: gevenereerde secreete missive van dato
13: december 1741. even soo wel als den advocaat fiscaal m:r
Cornelis phillips bij desen raade bij provisie van sijn ampt
moest werden gesuspendeert, nu eenigen tijt geleden, zijnde
komen te overlijden, is bij deesen raade verstaan daarvan
deese aantekening te houden /onderstond / in kennisse van mij/
was getekent G:s Schuijlenburg secrets:
G'extraheert uijt het memoriaal van den agtb:
raad van justitie deses Casteels en accordeert
Batavia Datum ut supra
Haksteen
ded J: Gestr Clerck
48"
NL-HaNA_1.04.02_2555_0082.xml,
NL-HaNA_1.04.02_2555_0083.xml,1„„
NL-HaNA_1.04.02_2555_0084.xml,No. 6
NL-HaNA_1.04.02_2555_0085.xml,"Woensdag den 10: Iulij A„o 1742
Presentibus omnibus demptis de heeren
dellasaille, Pompe van meerdervoort
en den waterfiscaal. —
door den Edelen heerepresident deses raads m:r Jacob
lakeman op heeden in raade zijnde gecommuniceert
dat den heer advocaat fiscaal m:r Cornelis phillips op
jongstleeden woensdag ingevolge de Expresse order en het
aanschrijven der heeren majoores in patria van zijn ampt
bij provisie was gesuspendeert, wierd goedgevonden daar
van deese aantekening te houden /onderstond / in kennisse
van mij /was getekent P:l F: Eversoon gesw: clerk.
G'extraheert uijt het memoriaal van den agtb
raad van justitie deses Casteels en accordeert
Batavia Datum utsupra
H Haksteen
adv„t Gesw: Clercq
49"
NL-HaNA_1.04.02_2555_0086.xml,
NL-HaNA_1.04.02_2555_0087.xml,
NL-HaNA_1.04.02_2555_0088.xml,N:o 7
NL-HaNA_1.04.02_2555_0089.xml,"50
Woensdag den 18:' Iulij 1742
Present den Edelen heere President Item de heeren
raden en geassumeerde leeden in desen
Jngevolge het genotuleerde van den 14:' deser door d' heer
m:r Phillippus Rochus Okien aangeno„
men sijnde sig op heeden te declareeren off zijn
E het ampt van fiscaal prointerim 't geen sijn E:
nevens de andere permanente heeren leeden was
opgedragen, soude gelieve op sig te neemen, dan niet,
soo heeft als nu gem: heer Kien verklaard na al„
„vovens, het een en ander rijpelijk te hebben overwogen,
daer van ten eenemael aff te sien en geensints daer
toe geinclineert te zijn, wanneer daar op door den
Ed: heere president m=r Jacob Lakeman
aan de heeren leeden gevraagt wesende off
haar E=s na volgens het bereets aangete„
„kende ter notule voorm: haare gedagten hadde
laten gaan op een bequaamen kundig persoon
aan wien men dit fiscaplaat prointerim met
gerustheijd soude kunnen toevertrouwen en
daar op in consideratie gekomen zijnde m:r
Nicolaas Iongsma die niet alleen in
regten ervaren, en gepromoveert, maar ook
in Vriesland en alhier de practijcq eenigen tijd
g'Exerceert mitsgaders het ampt van
secretaris van Heeren scheepenen deser steede
heeft waargenomen gehad soo is met een
parigheijd"
NL-HaNA_1.04.02_2555_0090.xml,"parigheijd van stemmen bij desen rade verstaan
gemelte m:r Nicolaas Jongsma tot advo„
caat fiscael van india prointerim na volgens
het aanschrijven van haar Ed hoog agtb:
de heeren seventhienen bij haare secr
„te missive van dato 13„e december 1741. aan
te stellen, wanneer daar op gem: Iongsma
boven geroepen en in raade gecompareert zijne
verklaard heeft het selve indier voegen aan te
nemen, en is alwijders goed gevonden gem:
Jongsma op morgen den Eed daar toe
„staande in rade en ter presentie van de in
desen geassumeerde leden te laten afleggen en
van het een en ander dese notul te doen
coucheeren om door een affschrift der selver
aan d' edele hoge regeering deser landen daer
van de nodige kennisse te geeven, onderstond,
in kennisse van mij was geteekent G=s
Schuijlenburg Secrets,
G'Extrareert uijt het memoria
van den agtb: raad van justitie
deses casteels en accordeert
Batavia Datum uutsupra,
Haksteen
Adj Gesuwr Clercq
-"
NL-HaNA_1.04.02_2555_0091.xml,
NL-HaNA_1.04.02_2555_0092.xml,No: 8
NL-HaNA_1.04.02_2555_0093.xml,"52
te
Donderdag den 19„en Iulij 1742
Presentibus omnibus demptis de heeren
Helvetius en Lammens beijde door
indispositie.
door den Edelen heere president m:r Jacob Lakeman
aan den raed zijnde bekend gemaekt dat op gisteren
ingevolge het aenschrijven der Hoog Ed:e heeren 17uen
bij derselver Secrete missive gedateert 13' xber: 1741
m:r Nicolaas Iongsma als advocaet fiscael
van india prointerim bij desen raede was aengesteld,
en dat sijn E: om in dat ampt beeedigt te werden tegen
heden was geordonneert boven te komen, als wanneer
de geassumeerde leeden deses raeds en benevens gem: M:r
Nicolaas ongsma dewelke intusschen inde vertrek
kamer een wynig vertoeft hadden, binnen vercogt
synde, soo heeft meerm: m:r Nicolaas Iongsma
den Eed tot het ampt van advocaet fiscael staende
in handen van Welgem: Edele heere president afgelegt
na het welke den heer water fiscael m:r Ian hendrik
van Panhuijs wierd versogt, de twee geweldigers,
benevens de mindere dienaars der Justitie die tot
het landfiscaelaet gehooren, aen den niew aengestelden
prointerim officier overtegeeven mitsg:s gem: geweldigers
item de bediendens deses raeds binnen gescheld, en haer de
aenstelling van geciteerde m:r Nicolaas Jongsma
tot prointerim advocaet fiscael zijnde aengesegt, soo wierd
alverders verstaen hier van dese aentekening tehouden
„onderstond, in kennisse van mij was getekent G=s Schuijlenburg
secrets.
G'Extraheerd uijt het memoriaal van den agtb
raad van Justitie deses Casteels en accordeert
Batavia Datum uitsupra.
Haksteen
d„ t GesteCarcq"
NL-HaNA_1.04.02_2555_0094.xml,
NL-HaNA_1.04.02_2555_0095.xml,
NL-HaNA_1.04.02_2555_0096.xml,No: 9
NL-HaNA_1.04.02_2555_0097.xml,"53
Maandag den 23„en Julij 1742.
Present den Edelen Heere President item de heeren
Raaden, en geassumeerde leden in desen mitsg:s
den Pro interim advocaat Fiscaal.
Heden door den Edelen heere president m:r Iacob
Lakeman de vergadering Expres belegt zijnde,
om te besoigneeren, en met aandagt te overleggen
hoedanig en op wat wijse men besz, en gevoeglijkst
de poincten bij Haar Ed=le Hoog agtb de heeren
Seventhienen, zoo bij gemeene als secreete missive
van datis 23:e Septemb:r en 13:' december 1741. aan desen
rade gedemandeert, in soo verre de Enqueste
aangaat, zoude kunnen doen effect sorteeren,
en na de begeerte van Haar Edele hoog agtb:
in 't werk werden gesteld, en daar op de novo
zijnde op gelesen de voorm: beveelen van haar
Edele hoog agtb: zoo wierd nae overweging
van het nodige bij desen raade verstaan, ten
eersten aan den pro interim advocaat fiscaal
m:r Nicolaas Jongsma te doen afgeven
copia authenticq van sodanige drie Extracten
uijt het aanschrijvens van haar Edele hoog
agtb: voormelt, als door den Edelen heere presid:t
op den 11:e deser maand in desen raade zijn over„
gebragt, ten Eijnde door gem: To interim
advocaat fiscaal daar van zodanigen gebruijk
te kunnen gemaakt, en middelen in 't werk
gesteld werden, als sijn E: ter inwinninge van
de"
NL-HaNA_1.04.02_2555_0098.xml,"de nodige informatien voor het regt van de
hooge overigheijt, en het Ware belang van de
Ecomp:= ampt, en pligtshalven nodig, en dienstig
sal oordeelen en bevinde te behooren, omme alle
deselve ten overstaan van heeren commissarissen
uijt desen raade benevens den adjunct gesw:
clerk te laten beleggen, en daar toe door den
Edelen heere president om de agt dagen,
twee leeden te doen committeeren, die telkens
van hunne verrigtinge ten naasten
vergadering rapport zullen doen; onderstond,
in kennisse van mij was getekent G=s
Schuijlenburg secrets.
G'Extraheert uijt het memoriaal
van den agtb: raad van Iustitie
deses casteels en accordeert
Batavia datum ritsupra
aksteen
„ Gesur: Clercq"
NL-HaNA_1.04.02_2555_0099.xml,
NL-HaNA_1.04.02_2555_0100.xml,No. 10
NL-HaNA_1.04.02_2555_0101.xml,"55
Maandag den 23„e Iulij 1742; Present
den Edele heer Prasident item de heeren Raaden
ende Geassumeerde Leeden in desen
door den Edenher president deses rads m:r Jacob Lakeman
aan desen raade gecommuniceert sijnde hoe dat den secretaris
sijn Edele hadde bekent gemaekt dat den provisioneel gesus„
„pendeerde advocaat fiscael m:r Cornelis Phillips hem
secretaris, hadde versogt te moogen hebben Copia van de notul
waar bij de heer m:r Nicolaas Iongsma tot prointerim
advosaat fiscael was aangesteld, soo is na dat sulx door gemelte
Edele heer praesident in omvraage was gebragt, verstaan het
selve versoek te ontseggen /onderstond/ in kennisse van mij
Cr.
/was getekend/ G„s Schuijlenburg secret=s
GeExtraheerd uijt het memoriaal van den agtb:
raad van Justitie deses Casteels en accordeert
Batavia den 16„e October a:o 1742;,
Haksteen
Advt Gesw: Clercq"
NL-HaNA_1.04.02_2555_0102.xml,
NL-HaNA_1.04.02_2555_0103.xml,
NL-HaNA_1.04.02_2555_0104.xml,No. 11
NL-HaNA_1.04.02_2555_0105.xml,"56
Woensdag den 25:' Julij 1742
Presentibus Omnibus demptus d'
Heeren Helvetius en Kien d.
Eerste door indispositie;—
Door heeren Commissarissen termaend
M:r Bernhart Iacob della„
faille en M:r Jacob Pompe van
Meerder voort heeden aan de zenrae„
de gearpporteert zijnde dat den pro„
visioneel gesuspendeerde heer advo„
caet fiscael M:r Cornelis„
Phillips op gisteren ten overstaen
van hun E:s behoorlijk transport had„
de gedaen aanden prointerim advocaet
fiscael M:r Nicolaes Iongs„
ma van alle sodanige Chartres
en papieren als onder zijn E: berus„
tende waeren geweest. zoo is ver„
staen daer vandese aantekening te„
hauden; onderstond jnkennisse van
mij was getekend G:s schuijlenburg
secretaris;
GeExtraheert uijt 't me„
moriael vanden agtb:
raed van justitie deses
Casteels en accordeert
Batavia den 16: oct: 1742
Hakstan
adi„te Gesw: Clercq"
NL-HaNA_1.04.02_2555_0106.xml,
NL-HaNA_1.04.02_2555_0107.xml,
NL-HaNA_1.04.02_2555_0108.xml,N:o: 12
NL-HaNA_1.04.02_2555_0109.xml,"91
Wel Edelen Heeren agtb: heeren
door den pro interim hr advocaat fiscaal m:r Nicolaas Jongsma is op
heeden aan den raad gepresenteerd het navolgende request met versoek
als in 't eijnde van dien
Aan den Wel Edelen heere M:r
Jacob Lakeman Raad
Extra ordinaris van India, en
President
Benevens
De verdere Heeren leden in
den agtbaren Raad van
Iustitie deses Casteels benevens
de Geassumeerde heeren leden
in desen.
vertoont uEd: en agtb: met verschuldigt respect
m:r Nicolaes Jongsma prointerim advocaat
fiscaal van nederlands in dia dat hij eerst daags
nomine officii verpligt zal wesen, om het regt van
de hoge Overigheit, en de belangen van de E: Comp:
voor te staan, en na sijn uijterste vermogen te
Woensdag den 1„e aug:o 1742 Present
den Edelen Heere President Item de heeren Raden
en geassumeerde leeden in desen
behartigen"
NL-HaNA_1.04.02_2555_0110.xml,"behaatigen op ende tegens den gerepatrieerden, dog op
Cabo de goede hoop gearresteerden en herwaerts
weder verwagt werden- de heer gouverneur generael
Adriaan Valckenier ter zake deselve onder
meer andere hooggaende Crimina zig niet en heeft
ontzien, om op den 6:' december 1740 de vergaderinge
van de hoogeregeringe per Consequens de wettige
souverainiteit deser landen ten aller hoogsten te
violeeren, een getal van drie ordinaris leden uijt
dezelve op een geweldadige manier in arrest te
nemen, en vervolgens op eene ongehoorde en igno„
„minieuse Wijse na het vaderland weg te senden
waardoor en veele andere Exorbitantien niet alleen
Welgem: Edele heeren, maar ook de E: comp=e een
zeer importante schade toegebragt en tot een
merkelijke beswaarnis van dese misdaad geaccedeert
zijnde dat gem: heer valckenier alles voor zijn
Ed: Reekeninge en verantwoordinge genomen
heeft; zo is het om dese en menigvuldige andere
redenen, des noods nader te deduceren, en UEd: en agtb
soo uijt de secrete als andere brieven genoegsaam
bekent, speciaal ook op fundament van de
Criminele actie die niet alleen tegens de persoon
van gem heer valckenier, maar ook wegens
de aanspraak welke in alle gevallen nopens
deszelfs goederen en Effecten bij eerste gelegentheit
staat geintameert te werden, dat den R: O.
vertoonder zig amptshalven verpligt heeft gevonden
hem op het eerbiedigste bij desen aen uEden agtb:
te"
NL-HaNA_1.04.02_2555_0111.xml,"59
te adresseren, met versoek dat aan hem mag
werden geaccordeert inventarisatie en seques„
tratie, dan wel bij onverwagte ontzegginge van
dien arrest en interdictie op ende tegens de afgave,
van alle zodanige goederen Effecten en contanten
als 'er zo wel op een indirecte als directe wijse
onder den Edelen heere Nicolaes Crul, Raad
Extra ordinaris van India, en Colonel der
bataviase burgerij mitsg:s de heeren M=r
Willem vincent Helvetius ordinaris lid
in desen agtb rade en Iohannes van der
Linden Eerste oppercoopman deses Casteels als
gemagtigdens van meergem: heer valckenier, of
ijmant anders berustende dan wel Elders hier
ter plaatse te agterhalen zijn; met ordonnantie
aan alle en een ijder van dezelve om aan den
deurw=s of exploicteur bij provisie onder presen„
„tatie van eede te verklaren, en specifice opte
geven, wat en welke effecten of contanten onder
het of andere personen, de voorsz: Edele heer en
heeren volmagten maar enigsins bekent,
direct of indirect berustende zijn, en zulx alles
bij sodanigen sware panaliteit als uEd: en agtb:
na de importantie van dese saak zullen verstaan
te behoren; dat voorts 't verleende zolange
zal stand grijpen tot dat er nader bij desen
Rade"
NL-HaNA_1.04.02_2555_0112.xml,"Rade, dan wel over de zaaken ten principalen
bij de aankomst van dik gem: heer Valckenier
zal wesen gedisponeert, onderstond, quo facto Ec:a
was getekent N: Iongsma ter zijde stont
Exhibitum in Iudicio Batavia den 1=ten aug:
Ao 1742.
Den Raad disponeerende op het
ƒ
bovenstaende versoek accordeert bij provisie
aan den heerpro interim advocaat fiscaal
m:r Nicolaas Iongsma het versogte
arrest en Interdictie op ende Jegens
de afgave van alle sodanige goederen,
Effecten, en Contanten als er soo op een
directe als in directe wijse onder den Ed:
heer raad Extra ordinaris van india
Nicolaas Crub mitsg:s de heeren m:r
Willem vincent Helvetius en
Johannes van der Linden als
gemagtigdens van den gewesene heere
gouverneur generaal Adriaan
valckenier of ijmand anders
berustende, dan wel hier ter plaatse
te"
NL-HaNA_1.04.02_2555_0113.xml,"61
te agterhalen zijn, verstaat wijders dat
het selve arrest en interdictie soo lange
sal stand grijpen tot dat nader bij desen rade
dan wel over de saak ten principalen
bij aankomst van gem: heere adriaan
valckenier zal wesen gedisponeert,
ordonneert voorts deselve heere gemagtig„
„dens ten spoedigsten aan den deurwarder
deses raads een behoorlijke specificatie te
geeven van alle zodanige goederen en
gelden &t=a als onder haar E: en Verdere
persoonen mogte verbleeven en tot
nog toe berustende sijn, en ontsegt het
verder versogte voor als nog, onderstond,
inkennisse van mij was getekent
g:s Schuijlenburg secrets:
G Extraheert uijt de request rolle
van den agtb: raad van justitie
deses Casteels en accordeert
Batavia datum utsupra
D Haksteen
Ad Wr Gesw: Clercq
het relaas van den deurwaerder agter het dispositief
staende en het welk inhanden vanden heer
prointerim advocaet fiscaal is berustende
verse"
NL-HaNA_1.04.02_2555_0114.xml,"was n de volgende inhoud 1742 op den primo
aug„o, heb ik ondergesz: deurwaerder en
gesw: Explaicteur van den agtb: raad van Justitie
deses Casteels mij vervoegt ten huijsen, en bijde
persoonen van den wel Edelen heer Extra ordina„
ris van india Nicolaes Caul, mitsgaders
de heer m„r Willem vincent Helvetius
ordinaris Lid in boven gem: agtb: raade, ende
heer Iohannes van der Linden Eerste opper
coopman des Casteels, als gemagtigdens van den
gewesene heere gouverneur generaal Adriaan
valckenier en aan haar Edelens ieder in't besonder
uijtkragte van voorenstaende dispositieff, het daar
bij verleende arrest en interdictie op ende jeg„s
de afgave van alle sodanige goederen Effecten
en contanten als 'er zoo op een directe als
in directe wijse onder haar Edelens verbleven
en tot nog toe berustende zijn behoorlijk g'Ex„
„ploicteert en teffens van haar E„s afgevoreert
Een specificatie van alle sodanige goederen
en gelden &tc:a temogen hebben, bequaam op mijn
Exploict vanden wel Edelen heer Crul ten and„
woord, dat zijn wel Edelen aannam het arrest
ende interdictie te obedieeren, dog belangende
de specifique op gave alvoorens met de medege„
„magtigdens zoude spreeken, aan welke antwoord
de heeren Helvetius, en van der Linden hun
mede quamen terefereren, egter met versoek
vande heer Helvetius ten zijnen op sigte
te relateeren dat zijn E: speculatie maekte
bij voors: dispositieff geen dag gesteld was om
het"
NL-HaNA_1.04.02_2555_0115.xml,"63
het gedaan arrest te beklagen
voorts heb ick ter ordre vanden heer prointerim
advocaet fiscaal m„r Nicolaes Jongsma mij
almede vervoegt bij de persoonen van Janharis
Lid in het Eerw: Collegie van heeren weesmeesteren
dezerstede als een mede Executeur in den testamente
van den overleden vendumeester Ioan de roode
en bij den thans fungeerende vendumeester Ian van
Polanen ten Eijnde onder haar E:s berustende
goederen en gelden etc:a den gent„te geswesene heere
gouverneur generaal Adriaan volckenier
toebehoorende te arresteeren, bequaam van haar E:s
op mijn Exploict ten andwoort datse bereets de
geproflueerde penn: den verkogte goederen en Effecten
hadden verantwoord en voldoen aan meergem„te Edelen
heer Crul, de Eerstgen:e met Een somma van rd:s 25142.
15. onder dato 23„e 9ber: 1741. gequiteert ende laeste met
Een bedragen van rd„s 28832. 16 onder verscheijdene
datums gequiteert, verklarende verders geen goederen
Effecten nog Contanten onder haar E:s berustende
te hebben, den voorengem: geweesene heer gouverneur
generaal toe behoorende.
Nader is d' heer m„r Willem Vincent stelvetins
ten mijnen wooninge gekomen, en verklaerde
dat haar E:s bereijtwaren om de specifique
op gave, als vooren vermelt aan mij te konnen
doen met versoek dat haar E: agtb:s daar
toe hendag geliefde testellen, en dit bij
mijn"
NL-HaNA_1.04.02_2555_0116.xml,"mijn relaas te incereeren /:onderstond:/
twelk relateerd /. was getekend/ H:s Smit
deurwaerder
accordeert
Haksteen
Adv„t Geser Clerckq"
NL-HaNA_1.04.02_2555_0117.xml,
NL-HaNA_1.04.02_2555_0118.xml,N:o: 13
NL-HaNA_1.04.02_2555_0119.xml,"65
1742 op den 4„e aug„s heb ik ondergesz: ter ordre van den wel Edelen
heere president m:r Iacob Lakeman mij nader vervoegt, ten
huijse van den wel Edelen heer Nicolaes Crul, als Eerste gemagtig„
de vanden gewesene heere gouverneur generaal Adriaan
valckenier, ten Eijnde van sijn wel Edelen ingevolge dispo„
„sitieff van den primo deser bij den agtb: raad van justitie geslagen
aftevorderen, zodanige specificatie van goederen Effecten
en penn: als 'er onder haar E:s van gem: heere gouverneur gene„
„raal valckenier berustende zijn, wanneer door zijn wel
Edelen op mijn Exploict aan mij wierd overhandigt Een
origineele memorie onder dato 2:' met dies ampliatie de
dato 5. ' november 1741. Eijgenhandigt bij meergem:te heere gou„
„verneur generaal, en desselvs drie gemagtigdens ondertekend
ende dan nog agt stux Extracten vendurallen, der verkogte
Losse en vaste goederen bij den thans vendumeester Ian
van polanen ondertekend, omme daar uijt te konnen
sien het bedragen derselven dat bij gedagte memorie
in blamo openstaat; voorts sijn wel Edelens antwoord
in scriptis Luijdende van woorde tot woorde als:
„dat er onder de gemagtigdens Heevetius en vander
„Linden geen penn: goederen off Effecten sijn berusten„
„de, maar wel onder d' heer Helvitius de papieren
„dat onder den gemagtigden Nicolaes Crul mede geene
„goederen off Effecten berustende zijn maar wel depenn:
„de heer valckenier toebehoorende, ten bedragen van
„Negen enseventig duijsent tweehondert ses en sestig rd„s
„vier sver:s teweten als gemagtigden dierhalven buijten
„off behalven deveertig duijsent rd:s als debiteur, en bij
„de memorie in 't breede g'Expresseert zegge rd:s 79266: 4. —
„wijders dat door de gemagtigdens in't minste geene gelden
„overgemaekt sijn aande heer volckenier nog ook niet
„voor desselvs reecq: aan iemant anders wie het ook zoude
„mogen wesen
Zijn wel Edelen verzogt de memorie, ampliatie, en Extracten
als"
NL-HaNA_1.04.02_2555_0120.xml,"als origineele stucken wederom temogen hebben bij aldi
den prointerin advocaet fiscael m:r Nicolaes Iongsma
deselven niet benodigt waren, en gelaste mijn teffens bij de
andere heeren gemagtigdens tegaan om hunne de Claratoir
Zoo hebbe mij vervoegt ten huijse van de heer m:r Willem
vincent Helvetius, en van zijn E: ontfangen Een register
der papieren, die onder zijn E: als tweede gemagtigde
van veel gem:t heere gouverneur generaal adriaan Valckenier
berustende zijn met verklaring van niets anders direct
off indirect te hebben, versoekende zijn E: als nu om Copia van
het door den heer proiiterim advocaet fiscaal in gediente
request, met dies dispositieff en relasen temogen hebben in
qualite als swager, gemagtigde, en papieren bewaerder
van bovengem: heere gouverneur generaal.
van de heer Johannes vander Linden op mijn Exphic
ten adv:t bekomen dat zijn E: verklaerde niets onder
sijne berustinge te hebben. —
alle welke gementioneerde documenten door mij aan
gem: heer prointerim advocaet fiscaal m:r N:i Colaes
Jongsma sijn overgegeven /:onderstond:/ twelk relatiu
/:was getekend:/ N:s Smit den rev:r —
G'Collationeerd en accordeert
Batavia den 3„' 7ber: 1742
Haksteen
Ed e„ Gesw: Clarcq"
NL-HaNA_1.04.02_2555_0121.xml,
NL-HaNA_1.04.02_2555_0122.xml,"N:o 19
dese
den
dese 3
sijn
maria
man"
NL-HaNA_1.04.02_2555_0123.xml,"67
Memorie;—
den vendum: r
Polanen
sijn onder
man berustende
Van sodanige Doccumenten & Papieren
als den ondergetekende gouverneur generael
Adriaan Valckenier Nog moet ontfangen als
Van Boedelmeesteren;
voor een schepen kennis ten lasten den chinees
Ni hocko in dato 12:' Junij 1738. pag: 144. groot rd:s 6000. „—.
weg: versch: Jn:t sedert 30. december 1739. tot 14:'
375. „
Janu: 1741. sijnde 12: maand en 15: dagen a ½. p:r C:t smnts„
„ 6375. „
dese acte onder den 14: Januarij 1741. in mindering ontfangen
wegens een acte van overschr: - . . rd„s 1800. —
dese 3: altens den d:o nog weg:s 2. d:o ijder 600. en dustesamen. „ 1200. –
maria hof den d:o wegens een ditto - - - - - „ 700. –
3700.„
„ 2675. „
Jnt:r a 12: p:r C:t s maands sedert 14:' Januarij 1741.
tot 15: april 1741. dat is overgesch: sijnde 2: maanden„
van welk Capitaal nu wederom moet
werden afgetrokken een acte van overschrij„
„ving in dato 15: april 1741. groot - - - - - - „
Zoo dat mijn pretensie soude sijn. . . . . . . . . . Rd:s 2587. „ 36
met den intrest tot de volle betalinge toe. —
114. „
26. „ 36.
„ 2701. „ 36.
. ."
NL-HaNA_1.04.02_2555_0124.xml,"Transport Rd:s 2587:
deese onder den vendu
meester Polanen
door reek: komt te ver
anderen tot rd: 1763: 36
dese acte als boven
dese aote als boven
voor een schepenkennis ten lasten den chinees
Lie hoekong van dato 25: februarij 1735.
pag:o 132. groot. . - - - - - - rd:s 1000. „ —.
weg:s int:t sedert 25: februarij 1740. tot 14. Janu: 1741
dat is overgeschr: sijnde 10. maanden 19. dagen
â ½. percento - - - - - - - - - „
53. „ 8.
„
1053. 8.
den 14: Januarij 1741. in mindering ontfangen
weg:s een acte van overschrijving - - - - „ 77. „ —.
77
Zoo dat mijn pertentie soude sijn met d' inct:s als voren . . . „ 976.
N:t in steede van 2000 voor een d:o als vooren ten lasten den Chinees
is 't Cap:l maar 1500. waar Tot Saijko waar voor borge is den chinees
ong Eengsaij ten behoeve van den heer Iacob
Torant en aan mij overgedaan dato 2:e novem
„ber 1728. pag:o 76: groot - - - - - - - „ 2000 –„—.
Jntrest van den 13:' Junij 1736. tot 14: Januarij
1741. sijnde 4: jaar 15: dagen â ½. percento. . . „ 540. „
„ 2540. „—
den 14: Janu 1741. in mindering wegens
een acte van overschrijving - - - - - „ 100. „
Zoo dat mijn pretensie nog blijft met de int:s als even. . . . . . „ 2440. „—
van een d:o als even ten lasten den Chinees
oeij E. hancko in dato den 14: Januarij 1737.
pag: 84: groot - - - - - - - - - „ 4000. „ —
weg: verschr: intrest sed:t 14: Junij 1740. tot 14:'
Janu: 1741. sijnde 7: m: â ½. percento. . . „ 140. „ —
4140. „ —.
den 14: Jann: 1741. in mindering ontfangen
weg:s een acte van overschrijving - - - - „ 1500. „ —.
zoo dat mijn pretensie soude sijn met d' Jnct:s als even „ 2640.
RD:s„ 8643. „ 44
Transp„l
dese
Sol
a
r
de
boven
hand
des"
NL-HaNA_1.04.02_2555_0125.xml,"Transport. . . . . Rd:s „ 8643. 44.
se acte onder de
„handelen na de
esluijten der regel
dese onder
Polanen
de seactens onder
de heeren om als
bovengesegt te
handelen
15978. „ 20.
Voor een schepen kennis ten lasten van den Chinees
Lie Iacko waar voor borge is den Chinees Lie
hockong in dato 17: aug:s 1736. pag: 221. groot. . . „ 4500. „—
Jnt:t sedert 17: october 1739. tot 15: april 1741. sijnde
„ 403. „ 24.
17: maanden 26: d: â ½. percento - - . .
„ 4903. „ 24.
ere om daar mede den 15:' april 1741. in mindering ontfangen weg:s
248. „
een acte van overschrijving groot- - - - - „
Zoo dat mijn pretensie nog is met de intrest als vooren. . „ 4655. „ 24.
voor een d:o als boven ten lasten den Chinees Pou
Ieeko dato 12:' meij 1735. pag: 184. groot - - - - „ 2500. „—
Jntrest sedert 12: 9ber: 1739. tot 14:' Janu: 1741. sijnde
14: maanden 2: dagen â ½: percento - - - - - . „ 175. „ 40.
„ 2675. „ 40.
den 14:' Januarij 1741. in mindering wegens
177
een acte van overschrijving. - - - - - „
177. „
-
Soodat mijn pretensie soude sijn met de intrest als even. „ 2498. „ 40.
van een d:o als wenrten lasten den Chinees Lim tinko
600. „ -.
dato 25:' april 1733. pag: 216: groot - - - - - „
waar op den 25: aug:o 1739: is afgelegt - . . . . „ 100„ —.
ƒ
500:„
Jnt:s sedert 25: aug:o 1739. tot 15:' april 1741.
49. „ 8.
sijnde 19:' maanden 20: dagen â ½: percento. . . „
549. „ 8.
„
den 15:' april 1741. in mindering ontf: weg„s drie
actens van opseher: ijder groot 100: en dus tesamen. . . . „ 300. „ —.
Zoo dat mijn pretentie soude sijn met d' intrest als even. . „
NB: van deese hier vooren ter neder gestelde Rd:
Effecte is mede aan den secret: van boedelmeesteren jan
willem six. een gelijk standige memorie gegeven dato 21:'
october 1741:—
25
ing.
249. „ 8."
NL-HaNA_1.04.02_2555_0126.xml,"Transport. Rd=s „ 15978„ 28
De onderstaande scheepen kannisse
moeten mede nog aan mij voldaan werden als
door Iacob de Cordua voor een d:o a 7/8.
per cento 'smaands - - - - - - - - „ 5000. „ —.
waar op 30:e Junij 1741. afgelegt. . . . . rd:s 1000. –
den 6:e september 1741. . . . - - . „ 1000. –
2000.
„
—.
Zoo dat mijn pretensie maar blijft - - - - - - - „ - - „ 3000. „ —.
intrest te quaad sedert 6:' september 1741. —
:
door den Javaan Kieij de mang marta wangsa
voor een d:o dato 25:' 9ber: 1737. â ½. p:r C:t groot rd:s 5000.
dog blijft maar
intrest te quad sedert 25:' december 1740. —
door Anthonij Willems voor een d:o
dato 8:e maart 1738. ½. percento - - - - - - - - „ 400. „ —
ƒ
Jntrest te quaad sedert 8 e maart 1740. —.
.
door David Iacobsz: —..
voor een dito in dato 20:' Janu: 1736
â ½. per cento groot - - - - - „ 700. „ —.
den 20:e Junij 1740. afgelagt. - - - - - „ 200. „ —.
Zoo dat mijn pretensie maar blijft. - - - - - Rd:s „ 500. „—
intrest te quaad sedert 20:' Junij 1740. —
Transport - - - - - Rd: „ 22878. 28.
- - - - - - - - „ 3000.
—
—
::"
NL-HaNA_1.04.02_2555_0127.xml,"Transport Rd: 22878. 20.
sijn mij schuldig als. —
D' E: heer Willem Maurits
Bruijninck voor een obligatie ten lasten
van sijn Ed: gepasseerd voor den notaris Jan de
Brouwer en sekere get: dato 17: Jann: 1739. groot - „ 15200. „ —.
Jnt:r te quaad sedert 7:' Julij 1741. —
Pieter van de Velde voor een d:o als vooren
gepasseerd voor den notaris abraham van dinter
in dato 5:e september 1741. groot - - - - - „ 10000. „ —
Jnt:r te quaad sedert 5:e september 1741:—
me Juffrouw Catharina
Collijns weduwe van wijlen den
heer m:r Isaak Massis, voor een
d:o als vooren en gepasseert als even
in dato 11:' september 1741. groot - - - „ 12000. „—
dog waar van den int:t in gaat p=mo septemb: 1741.
De Onderst: personen
Transport Rd„s 60078. „ 20."
NL-HaNA_1.04.02_2555_0128.xml,"Transport
Rd=s 60078. „ 2
den wel Edelen gestrenge heer Nicolaas
crul raad Extraordinair van nederlands
india voor een obligatie als even gepasseerd
voor den notaris en getuijgen als vooren in
dato 27: september 1741. groot - - Rd:s 93000. „—.
voor welke penningen verbonden sijn en
in op gem: obligatie aangehaald, 10: stx: obl:
ten lasten van de oost indische Comp:e en ten
faveure van sijn Edele gepass:t in dato 20:n
September 741. en ondertekend door den
heer directeur generael Ioan Paulscha
10000 rd„rs en een d„o van _
„ghen waarvan 9: stux ider groot sijn 3000 rd:s
met verdere notitie dat sijn Edele sedert op mijn
versoek van boven gemelte somma van 93000
rd:s heeft afgenomen 6: stux oblig: ter somma
van 53000 rd:s welke sijn Edele heeft laten
Converteeren in 4: wissel brieven ten lasten
derederl: oost ind: Comp: onder dato 9:' 7ber
1741. waar van 3: stux ider groot 15000: rd: en een
d:o van 3923:½. rd: omme door bewindhebberen
van ged: comp:e betaald te werden tot Amster
„dam aan vrouwe Bregje vanghesel wed:e van
wijlen den heer pieter valckenier in sijn wel
Ed: leven schepen aldaar, mitsg:s heere van
asten, en ommel met qualificatie aan
haar Ed: om gem: somma van ƒ3000: rd: gere„
„duceert in hollandsche guldens ter somma van
ƒ117415:8:– bij ontfangst wederom aan mij
te voldoen voor sijn Ed: reekening op sekere
cessie van actie ten mijne faveure in"
NL-HaNA_1.04.02_2555_0129.xml,"Transport Rd=s 60078: 1/20
dato 12:' october 1741. voor den notaris van d'in
„ter en getuijgen alhier gepass:t en verulx in min
„dering van den schuld in den hoofde deses
gem:t oversulx hier van kome afte trekken. . . . „ 53000. „
En sijn Edele mij gevolgelijk maar te quaad Blijft. . . . „ 40000. „ —
Blijkens de hier nevens gevolgde obligatie voor
den notaris en getuijgen even gen:t gepasseert
onder dato 27: september 1741. ende nog overge
bleven 4: stux obligatie ijder van 10000: rd:s
ten lasten van de nederlandsche oost ind: Comp
waar van de verlopene intressen jaar lijx aan
sijn Ed: door ged: Comp:e sullen werden betaalt
onder dien mits dat de selve door sijn Edele ins
gelijks jaarlijks aan mij en wel bij Eerste ge„
lendheid sullen moeten werden overge
maakt in wissels op de Comp:e en ten mijne
faveure. —
welke schuld NB: oorspronkelijk is uijt see
ker hier bij gevolgd notariaal transport almede
door mij op den 18:' septemb:r 1741: voor welmelte
notaris van dinter en get: gepass:d ten behoeven
van sijn Edele.
hier nevens werden nog gevoegd 57. stux
obligatien ten lasten vande Comp:e alle geda„
„teerd primo september 1740. en mede onder te
„kend door den heere directeur Joan paul scha
„ghen waar van de intressen goed gedaan sijn
tot p=mo sex: 1741. welke gelden ten beloopen van. . . . . . . . . „ 57000. „—
Transport Rd=s 157078. „ 20
Idem - - - - „ 93000„"
NL-HaNA_1.04.02_2555_0130.xml,"Transport Rd: 157078. „ 20:
57000: rd:s bestaande in 57: stux obligatien als voorw: gesegt
ijder van 1000: rd:s die den ondergetekende gouverneur
generael bij sijn vertrek na nederland onder de E: Comp:e
heeft moeten laten staan ter namptissement voor sekere
uijt het vaderland aangeschreven belasting schoon onge„
„hoord dog waar van nogtans Jaarlijks de intressen door de
heeren sullen moeten werden ontfangen en bij Eerste
occasie aan mij overgemaakt. —
volgens Vendu Rol van den 6. 7. 8. 9. en 11:e
september 1741. moeter uijt den boedel vanden gewesen
ven dumeester Jan de Roode werden ontfangen - - - „ 25142. „ 15.
nog wegens het Rendement van slaven paar den
wagens, tuijgen landerijen en Z: mede bij den vendu
meester Jan van polanen voor mijn reek: verkogt
en welke nog staan verkogt te werden soo als dat blij
ken sal bij de Extract uijt de vendu rolle hier nevens
meden overgelegd dat insgelijks te bedragen komt
een somma van - - - -
woorts werd hier nog bij gevoegd seekere lijste van diverse
hipoteque welke den onderget: gouverneur generaal
adriaan Valckenier p:r donnatie interivos heeft
afgegeven aan den bejaarde dogter maria Hofman
onder dese mits dat hij deselve nooijt sal mogen verbinden
ofte veralinieeren, maar bij haar aflijvig werden sal
moeten werden verkogt en het rendement van dien overge
maekt aan den ondergetekende ofte desselfs Erfge
namen
Transport Rd:"
NL-HaNA_1.04.02_2555_0131.xml,"Transport rd=s
Memorie
Wijders nog een testament voor den meer geciteerde nots:)
van dinter in dato 5: September 1741. gepasseerd waar bij
den ondergetekende ofte wel sijn Erfgenamen werden ge
„maakt universeele erfgenamen van ged: bejaarde
Jonge dogter Maria hofman het welk ingevalle
van overlijde alhier gesteld werd per- - - -
zeekere acte van Certificatie onder dato den 26:' septem
„ber 1741. door Pieter Iacobs:) vallentgoed, hendrik Iau
„lusz. en abraham van den hore alle van amsterdam
waar bij verklaard werd dat den gouverneur generaal
Adriaan Valckenier soude sijn gemaekt geworden
universeel erfgenaam van den tot rembang om ge„
„bragte en gewesene resident Zacharias de Benzin
welke hier mede bij gevolgd gaat tot speculatie.
Omme of het indertijd mogte gebeuren dat wegens
dese sake bij wederom krijging van rembang ijets
nader kwai op te dagen welkent wegende hee
ren versogt werden Eenige agt te willen geven
en te besorgen mijn intrest.
Voorts werden de heeren versogt na mijn ver
trek niet alleen te willen agtslaan bij aflij
wig werden van mijn schoon moeder massis
op haar Ed: nalatenschap welke bij haar Ed:
overlijden geadministreerd sal werden door
heeren weesmeesteren alhier.
Transport Rd=s
75"
NL-HaNA_1.04.02_2555_0132.xml,"Transport Rd=s
Maar ook bij aan brenging van alle brieven pakjes
als alle andere bestel goederen (aan mij soo uijt neder
lands als alle andere comptoiren :) de brieven gelie
ven haar Ed: maar te openen en soo er goederen
mogte bij wesen te laten verkopen buijten sodanige
raritijten als haar Ed: souden mogen oordeelen
de paine waardig te wesen om na Nederland aan
mij over te senden bij goede occasie dog consuma
ble wharen van provisie dranken die gelieven de hee
„ren onder den ander en te verdeelen en te consumeeren
de ingekomene gelden gelieven haar Ed: p:r eerste
gelegendheid aan mij over te maken ten eijnde sodra
mogelijk een liquide reekening te kunnen formee
„ren alles volgens qualificatie bij seekere door
mijn gepasseerde notoriale en generalen procuratie
op de heeren den wel Edele gestr: heer nicolaas
Crul raad extraordon: van nederlands india de
E: agtb: heer m:r Willem Vincent helvetius,
lid in den agtb: raad van Justitie ende E: heer Iohan
„nes van der linden eerste opperkoopman des
Casteels in dato 14:e' october 1741. voor den notaris
abraham van dinter in desen meergem=t
Hier nevens nog gevoegd een lijst van weg gelopen
slaven omme of het mogte gebeuren daar van weder
„om Eenige te voorschijn quamen welke de heeren
versogt werden als dan ten faveure van mijn
Reeckening te verkopen"
NL-HaNA_1.04.02_2555_0133.xml,"7
77
77
Gelijk mede een d:o van de vrijgegevene lijfeijgene
g'accompagneerd met een register van sodanige donna
tien intervivos onder sodanige Conditien even als
vande bejaarde dogter maria hofman welke ik
al mede aan de daar bij genoemde vrij gegeven slaven
getransporteerd hebbe op de selve wijse. —
Eijndelijk werd hier nog bij gevoegd sekere reek:
van ontfangene huijs huur penn: gedateerd den 14: october
741. te vinden agter in't quitantie boek N:o 4. aan
broeder kelvetius ter bewaring particulier gegeven,
waar bij gesien kan werden hoeveel Pasquacel an
dries nog moet inne een sommetje van rd: 38. 36.
en voorts nog de verdre huijs huuren van den eersten
october 1741. af welke hij Pasquaal mede nog moet
verantwoorden.
Vermits op de verkoping bij den vendumeester
Ian van Polanen voor maij Tima is verkogt geworden
seker mans slaaf genaemt Neempa van balij soo wer
den de heere versogt het rendement aan haar afte
geven ingevalle de vendupenningen van gedagte
slaeff zullen werden betaalt ten belopen van. . . Rd: 62. —
wijders diend nog tot narigt van de heeren dat den
ondertekenaar aan niemand Enig geld meer schuldig is
Batavia in't Casteel den 2: no
vember 1741. /was getekend/ A: Valckenier. —"
NL-HaNA_1.04.02_2555_0134.xml,"Wij ondergesch: verklaren bij dese de schepene kennissen obligatie
en andere papieren volgens het aangetekende bij de hier ne:
gevoegde memorie voor ons als gemagtigdens tot onser narig
en door den heere gouverreur generael Adriaan Valckenie
met sijn handtekening bekragtigd al mede overgegeven behoo
„lijk ter onser verantwoording en besorging ontfangen te hebben
op dato als vooren
Batavia In 't Casteel Anno 1741. /was getekend/ nicolaa
Crul, W: V: helvetius, en I: v: d: Linden
Accordeert
Batavia den 8 8ber: 1742
aksteen
No. 15
den 7e: Gesr: Cerc"
NL-HaNA_1.04.02_2555_0135.xml,"79
Ampliatie op mijn Memorie in dato
2:' november 1741. ondertekendt en overgegeven aan
mijne gemagtigdens den wel Ed: gestr: heer nicolaas
crul raad Extraordinair van india den E: heer inr:
Willem Vincent helvetius, lid in den agtb: raad
Van Iustitie en den Heer Iohannes van der Linde
Eerste opperkoopman des Casteels batavia behelsende
de navolgende poincten namentlijk:
dat bij mijne memorie wel hebbe aangehaalde
in't generaal den verkoop van alle mijne vaste
goederen so huijsen thuijnen en landerijen sonder
Eenige Exceptie daar bij te voegen so hebbe om dat
Jongst gesien hebbe het slegt rendement mijner
slaven door de slegte tijden goed gedagt Eenige hijpo
thequen bij het over tegeven register bekent uijt te
sonderen en die te bepalen tot sekere somma waar
van die sullen werden afgeslagen en waar
voor die sullen werden op gehouden en voor
al niet lager moogen lopen 't gunt ik nogtans
verhope daar voor meerder sal bekomen sonder
dat het sal werden op gehouden nademaal
men dan voor dies verdere besorging van
toesigt etc: op deselve ontheft sal wesen
dog het contrarie vandien ondervindende"
NL-HaNA_1.04.02_2555_0136.xml,"so werden de heeren versogt op het aller vrinde
lijkste van de last van op sigt etc: nog verders
op haar te willen nemen tot tijd en wijle dat de
heeren mogte vermeenen deselve te kunnen ver
alieeneren het sij uijt de hand af wel bij vendutie
voor sodanigen zomma als de heeren goed vinden
sullen met mijn intrest te convenieeren en met
Een behoorlijke waarde van dien na tijds gelegentheijd
sal over eenkomen
zullende als dan over de thuijnen het oog laten
houden ter voorkominge van verval Eenige van
mijne nu vrij te gevene slaven onder sodanigen
Conditie dat ten minste haar door mij aangesegt
sal worden dat sij gedagte thuijnen op angiol
en Jaccatra sullen tot den dag van den verkoop
moeten niet alleen bewonen maar ook suijveren
schoon houden en sulx tot genoegen van de heeren
gemagtigdens welke bij desen gequalificeerd wer
„den bij niet nakominge van dese mijne ordre
om hunne Emancipatie brieven in te houden
en van die tijdt of aan niet anders aante mer„
„ken dan slaven ten welken eijnde dan ook
de Emancipatie brieven aan de heeren werden
overgegeven bij desen —
onder tusschen so werden de heeren versogt
het"
NL-HaNA_1.04.02_2555_0137.xml,"81
het vee so op Janatra als inde houtkap nog
in weesen sijnde blijkens nevens gevoegde aan
tekening bij Eerste gelegentheijt maar te laten
verkopen benevens vijf slaven daar op passende
volgens het bij gevoegde lijsje om ontheft te wesen
vanden last die men daar van anders soude
hebben voorts ook twaalf hang lampen en agt
hoge ambonse knopen
nog sal broeder helvetius mijn reek: goed doen
met vijf en twintig en Een quart rijxdaalders
wijders werd hier genoteerd dat er nog voor
mijn reek: sal moeten betaald worden aande bak
kerin Westen de onkosten te doen aan de tafel
aanboord en hier op dien morgen bij mijn vertrek
't geen sal kunnen geschieden uijt de gelden ter
somma van - - - - - - rijxdaalders.
welke ik aan den wel Ed: gestr: heer Nicolaas
Crul als mijnen Cassa houder bij desen kame
over te geven
op dato Batavia in't Casteel den 5„e
november anno 1741. /:was getekend:/
A: Valckenier /ter sijde stond/ N=ts buijten
alle desen moet oeij I. somko nog betalen
rd:s 150:—
Wij
-"
NL-HaNA_1.04.02_2555_0138.xml,"Wij onderges:) verklaren bij desen nog nader
te hebben ontfangen sodanige documenten en
papieren als hier boven specifice sijn aange
haald bij dese ampliatie op de memorie door den
heere gouverneur generaal Adriaan Valckenier
aan ons overgegeven benevens nog Een somma
van twee duijsend rd:s aan den Eerst ondergete„
kende als kassier bij desen mede ter hand gestelt)
op dato voorsz /was getekend/ Nicolaas Crul
igem het
W:m V:n helvetius, en I:s v: d:r Linden. —
Gecollationeert & accordeert
Batavia den 8 8ber 1742
Haksteen
Adv. Gesw
Clercq
&"
NL-HaNA_1.04.02_2555_0139.xml,
NL-HaNA_1.04.02_2555_0140.xml,No: 16
NL-HaNA_1.04.02_2555_0141.xml,"83
Register van alle zodanige Papieren als
zijn Nagelaten aan de gemagtigdens van den gerepa„
„trieerden zijn Edelheit den wel Edele Groot achtbar:
Heere Adriaan Valckenier Gouverneur gene„
„raal van Nederlandsch India welke zijn.
Den Wel Edel: gestrengen Heer Nicolaas Crul Extraordinaris
Raad van Nederlands Jndia
-
Den Ed: Achtb: Heer M„r Willem Vincent Helvetuis
Lid in Den agtbaren raad van Iustitie
DE: Heer Iohannes van der Linden Eerst opper„
Coopman Des Casteels
N:o 1. Dememorie door wel Gem: Heere Gouverneus Generaal
en gemagtigdens getekend
2. zeker schepen kennis ten Lasten van Nihocko van
dato 21 Iulij 1738 genomm:t Pag: 144. groot Rijxd:s 6000. —
dog bij de memorie verkeert gedatteert 12. Iunij 1738.
_:o _:o Ten Lasten van den Chinees Luijtenant
Lihooko van dato 25. feb: 1735. Pag: 132. groot Rijx: 1000:—
_:o Ten Lasten van den Chinees I: oijt
Saijko waar voor borge is den Chinees ong Eengsaij ten
behoeven van den Heer Iacob Toranten aan voorsz:
zijn Edelhijt Valckenier overgedaan zijnde gedatteerd
2. November 1728: - Pag: 76: Groot Rijx: 2000:—:
_:o Ten Lasten van den Chinees Oeij I:
Hanko van dato 14. Januarij 1737. Pag: 84 - - - - - R: 4000:—
N„o 6.
Cria
„
3.
4.
_:o
_o
_:o
_:o
_:o"
NL-HaNA_1.04.02_2555_0142.xml,"heer Crul voldaan
N:o 3 afgelegt en
betaald aan den
Edelen Heer crul
N:o 6. zeker schepen kennis Ten Lasten van den chinees lie
Tacko waar voor borge is Den Chinees lie
hoekong in dato 17: aug: 1736 pag: 22. 1: groot 4500.
Rijxdalders waar van is gepasseert een acte
van overschrijving voor heere schepenen en getax„
„eerd op Rijxdalders - - - - - - - - - - - R: 248.
_:o kennissen ten Lasten van den
Chinees Lim sinko waer van drie actens van
overschrijving zijn gepasseert zijnde alle drie van
een datum Namentlijk 15: april. 1741 een geprotocoe„
leert pag: 463. 464: 465: ieder groot 100. - - - . . . „ 300.
_:o _:o Ten Lasten van den Chinees Lou
Teeko dato 12. maij 1735: pag: 184: groot - - - - - - „ 2500:
_:o
_o Ten Lasten van Iacob de Cordua
N: afgelegt aan den gedateert 10: Sepb:r 1740: pag: 5: groot - - - - - - - „ 5000.
_:o
_:o _:o Ten Lasten van den Iavaan
Kieij de Mangmarta Wangsa gedatteerd 25 9ber:
1737. pag: 34. groot - - - - - - - - - - - - - „ 5000:
_:o Ten Lasten van Anthonij Willems
gedatteerd 8. maart 1738: pagina 78: groot - - - - - „ 480:—: 1en
„ 12. Een schepen kennis Ten Lasten van David Iacobs gedatteert
20: Iunij 1736 pag: 174. dog bij memorie verkeert
gecatteert 20. Ianuarij 1736: groot - - - - - - - „ 700:—
13. Een Notariale obligatie ten Lasten van DE Heer Willem
Maurits Bruijninck gedat: 17. Januarij 1739 en
op't protocol van den Notaris de Brouwer te
Winden op N:o 11984: groot - - - - - - - - - - - „ 15200:
No 18.
8:—
_:o
_:o
_:o
_:o
„ 10:
_:o
_:o
de
de
in
6
intre
crul
en
N"
NL-HaNA_1.04.02_2555_0143.xml,"85
N: 3: hier op afgelegd
en aan den Edelen Heer
crul betaald aan ca„
intressen R:o 255. —45. —
N:o 14. Een Notariale obligatie Ten Lasten van Pieter van de Velde
gedatteerd 5. Sepb: 1741. op 't protocol van den No„
taris van Dinter te Vinden N:o 9103:
groot - - - - - - - - - - - - - - - - Rd:s 10000:
_:o Ten Lasten van mejuff:r Cathari„
na Collijns wed:e van den E: achtbaren Heer
M:r Isack Massis gedatteert 11. september
pitaal R:s 3500. en aan 1741. op 't protocol Van Den Notaris van Dinter
te Vinden N: 9148: groot _ _ _ _ _ - - - - - „ 12000.
„ 16. Zeker Transport ten behoeve van den Wel Edelen ge„
strengen Heer Nicolaas Crul raad Extraordin:
van nederlands india zijnde gedatteerd 18. septemb:
1741 bij de Notaris van Dinter te Vinden
N:o 9201:—
Een obligatie ten Lasten van wel gem: Heer Nicolaas
Crul gedatteert 27: September 1741.
Vier stuks obligaties Compag: wegen gepasseert Ten be„
hoeve van boven gem: Heer Crul groot ieder 10000.
Rd:s en Dus te zamen – – – – – – – – – – – „ 40000:–
17. seven en vijftig stux obligatien ten Lasten van DE.
N: 3: dit onder ons geble„ Compag: alle gedatteert p:o Sexb: 1740. en onderte„
6:—„ ven tot securiteijt van keut door den Heer Directeur generael Ian Paul
de blastinge noopens
de Coffijen suijker ma„ 140 schaghen groot ieder 1000: Rijxdaalders - - - - - „ 57000.
„ 18. Een Vendu rol van den 6. 7. 8. 9. en 11. september 1741. van
den overledenen Vendumeester Ian de Rode
inslaade van Jndia gedaan
groot - - - - - - - - - - - - - - „ 25142. 15
19. Nog Drie ditos van dato 19. 30. october en 3. Novemb„
Dese twee nommers 1741. gehouden door Den Vendumeester Ian van
zolanen te zamen bedragende - - - - - - „ 4703: 25.
aan de Heer Crul over
gegeven om te ontfangen
No. 20.
„
15.
_:o
„
200."
NL-HaNA_1.04.02_2555_0144.xml,"„ 21.
N:o 3: dese naa verkopin„
„ge der vaste goederen
alle afgegeven
„ 30
N:o 20: Een Lijst van donatien aan den bezaar den Dogter Maria
Hosman gedaan
Een Copij Testament door Maria Hosman voor Den
Notaris van Dinter gepasseert
„ 22. Een zeker Copij acte van Certificatie Door Pieter Iacob
vallentgoed C: S: onder de hand gepasseert en
voor den achtb:r Raad van Justitie onder Eede
gebragt,
„ 23: Een generale procuratie Door zijn Edelheijt gepasseert
op zijn volmagten.
„ 24. Een lijst van weggelopenen verlaven waar bij gevoegt is
een Eijgenhandige briefje of Notitie waar in
vermelt zommige namen op de eerst gen: lijst
niet bekent staande N: B: nog zijn daar bij eenige
transporten Dues fugatite
25. Een Lijst der vrijgegevene slaven g'accompagneert met
een register van Donnatien aan de zelve gedaan
26. Een rekening van ontfangene huijs huur penningen gedatt:
14. october 1741:— te vinden agter in 't quitantie boek N:o 4. —
24: stuks Emancipatie brieven waer onder een dubbelt
en een afgegeven aan de vrijgegevene slaaf Domingo
Een lijst of reeckening rakende het vee neffens nog een
notitie der daar op gepast hebbende slaven en
tuijn gereedschapen zo wel op Tacatra als op angiol. —
„ 29. Een Lijst der vrijgekogtene slaven
Vijf: quitanties van dieverse Persoonen
„
No: 31
„
27.
1
„ 28:
-"
NL-HaNA_1.04.02_2555_0145.xml,"N:o 31. het verstrekking boekie uijt de klijne Winkel
„
N3. dit hebbe afgegeven
en is soo ik geloof in
't pachuijs gebleven
32. Verstaekking boekje uijt het rijst magua zyn
Een Lijst van de vaste goederen midsgaders. Des taxatie
van afslagen bepalinge van de prijs waar voor dezelve
hebben moeten werden opgehouden
34. Nog Een Notitie door den heer aart Iansz: Leger
opgegeven wegens een slaaf van zijn Edelheit genaamt
Abdul van Bengala thans in de ketting Lopende
bij D'E: george Boze rezident van Lampong
toelang bauwang /:onderstond:/ gecollationeerd en
accordeert Batavia den 8:' aug:o 1742 /: was getekend/
P„l Hak steen adj:s gesw: Clercq.
Gecollationeerd en accordeert
Batavia den 8 7ber: 1742
WVaksteen
Ed e: Geser Clercq
33.
87"
NL-HaNA_1.04.02_2555_0146.xml,
NL-HaNA_1.04.02_2555_0147.xml,
NL-HaNA_1.04.02_2555_0148.xml,N:o 17
NL-HaNA_1.04.02_2555_0149.xml,"188
Extract uijt het vendu
boek gehouden door den vendu meester
deser Stad Jan van Polanen
Publicq voor sterfhuijs van de heer
Jan de roode en voor reekening van
sin hoog Edelhijd den hoog Edelen
Gedooren heere Adriaan Valc„
„kenier Gouverneur Generaal van
Nederlands Indla de onderstaan
de Goederen verkogt
Batavia den 19 October a„o 1742
namentlijk
1 Stel paarde tuijgen &„a &
Somma tijxd:s 939:12
Accordeert met het ven du boek Batavia den 20 october 1742
was geteekend/ J„n V„n Polanen onderstond:) ge colacioneerd
en accordeert voor soo verre het GeExtrasieerde aangaat
Batavia den 8 augustus 1742 (was geteekend) PPr
Haksteen adj gest: Clercq
Gecolacioneerd en accordeert batavia
den 8 7ber: 1742
Stansteen
adv„s Gespwv: Clercq"
NL-HaNA_1.04.02_2555_0150.xml,
NL-HaNA_1.04.02_2555_0151.xml,
NL-HaNA_1.04.02_2555_0152.xml,No. 18
NL-HaNA_1.04.02_2555_0153.xml,"89
Extract uijt het vendu
boek gehouden door den vendu meester
Deser stad Ian van Rolanen publicq
voor de wooning van den baas boek
ben der rudolf van Sant en
voor rekening van Syn hoog
Edelhijd den hoog Edelens groot agtb
heere Adriaan Valckenier
Gouverneur generaal van neder
„lands India de onderstaande
boeken etc: verkogt
Batavia den 30 8ber: A„o 1741:—
namentlyk
1 mand met naamb: etc: etc:
Somma rd„s 680: 23:—
Accordeert met het vendu- hoek batavia den 30 8ber
1741 (:geteekend) r=m V„n Polanen /onderstond/ Ge„
Colacioneerd en accordeert voor soo verre het Ge Ex
traheerde aangaat Batavia den 3 augs 1742
Clercq
(was geteekend) a j„t gesw:
Gecolacioneerd en accordeert batavia
Haksteer
den 8 7ber 1742
Adj„t Gesw: Clercq
1"
NL-HaNA_1.04.02_2555_0154.xml,
NL-HaNA_1.04.02_2555_0155.xml,
NL-HaNA_1.04.02_2555_0156.xml,No. 19
NL-HaNA_1.04.02_2555_0157.xml,"90
Extract uijt het vendu boek
Gehouden door den vendus meester
deser Stad Jan van Polanen
Publicq voor des selfs wooning
en voor reekening van zyn
hoog Edelhyd den wel Edelen
Groot agtb: heer Adriaan
Valckenier Gouverneur gene
„raal van nederlands India
de onderstaande slaven etc ven
kogt„
Batavia den 3 November 1742
Te weeten
Jonge genaamd Danghin van karang„a ssan etc: etc
Somma rijxd:s 3083:38:-
ƒ
Accordeert met het vendu boek batavia den 3
november 1741 /was geteekend) J„n V„n Polanen
Onderstond, De Colacioneerd en accordeert
voor zoo verre het geExtraheerde aangaat batavia
Pr
den 8 augustus 1742 (was geteekend) P„r Kaksteen
adj„t geswr: Clercq
gecolacioneerd en accordeert batavia
Ibaksteen
AdJ„s Gesw: Clercq
den 8 7ber: 1742
1."
NL-HaNA_1.04.02_2555_0158.xml,
NL-HaNA_1.04.02_2555_0159.xml,
NL-HaNA_1.04.02_2555_0160.xml,No. 20
NL-HaNA_1.04.02_2555_0161.xml,"91
Extract uijt het vendu
Boek Gehouden Door den
Vendumeester deser Stad
Jan van Polanen put„
blicq voor de wooning van
Albert Schoenmaker en
voor reecq: van sijn Edel„
heijt den hoog Edelen groot
agtb:
Heer Adriaan Valckenier
gouverneur Generaal van
Nederlands India de on„
„der staende schapen etc:
Verkogt. —
Batavia den 18: november 1741. —
Namentlijk
10. schapen â: 6 rd:s etc: etc:
Somma rd„s 242: 23.
Accordeert met het venduboek
Batavia Den Laasten april Ao 1742.—
/:getekent:/ I:n V:n Lolanen /:onderstond:/ gecollationeerd
en accordeert voor soo verre het geextraeerde aangaat Bat„a
den 8: aug:s 1742. /was getekend:/ P„r Staksteen adjo gesw: clercq
Gecollationeerd en accordeert
Batavia Den 1: october 1742
W: Haksteen
adJ Gesw Clercq"
NL-HaNA_1.04.02_2555_0162.xml,
NL-HaNA_1.04.02_2555_0163.xml,
NL-HaNA_1.04.02_2555_0164.xml,No 21
NL-HaNA_1.04.02_2555_0165.xml,"92
Extract uijt het vaste
Goederen boek gehouden door
den vendu meester deser stad
Jan van Polanen publicq voor
des selfs wooning en voor reek:
van Syn hoog Edelheyd der wel
Edelen Groot Agtb heere Adriaan
Valckenier Gouverneur General
van nederlands India de onder
Staande Landerijen verkogt
Batavia den Laasten 9ber 1741—
Te weeten
te merten Twvierde perseel seker Erff etc: etc. —
Sommarijzd: 14011:—
Accordeerende met het vendu book vaste goederen Boek
Batavia den 2' may A„o 1742 //onderstond/ Gecola
Gehd
cioneerd en accordeert voor soo verre het
trateerde aangaat Batavia den 8 augustus 1742
was geetekend/ P„r Kaksteen adj:t 't Gesw: Clercq
Gecollationeert & accordeert
Batavia den 8 8ber: 1742.
Haksteer
gesw: Clercq
G"
NL-HaNA_1.04.02_2555_0166.xml,
NL-HaNA_1.04.02_2555_0167.xml,
NL-HaNA_1.04.02_2555_0168.xml,No. 22
NL-HaNA_1.04.02_2555_0169.xml,"75
Extract uijt het vendu„
boek gehouden door den ven„
dumeester deser stad Ian van
Polanen publicq voor het sterf„
„huijs van den E: Jan God„
lieb schalje en voor reecq:
van zijn Edelheijd den hoog
Edelen Groot Agtbaaren
Heer Adriaan Valckenier
Gouverneur Generaal van Neder„
lands India de onderstaende
goederen verkogt.
Batavia Den 10:' Ianu: A„o 1742. —
Namentlijk
8. hooge Knaapen etc: etc:
Somma rd„s 330:
Accordeert met het vendu Boek.
Batavia Den Laesten april 1742. —
/:getekend:/ I:n V:n Polanen /:onderstond/ gecolla„
tioneerd en accordeert voor soo verre het geExtraeerde
aangaat Batavia Den 8: augustus 1742. /was getekent
P„l Haksteen adj„s gesw: clercq
Gecollationeerd en accordeert
Batavia Den 1:' october Ao 1742. —
Haksteene
Ed le Gestr Clercq"
NL-HaNA_1.04.02_2555_0170.xml,
NL-HaNA_1.04.02_2555_0171.xml,
NL-HaNA_1.04.02_2555_0172.xml,No 23.
NL-HaNA_1.04.02_2555_0173.xml,"94
74
Extracct uijt het vaste
Clercq:
goederen boek gehouden door den vendu
meester deser stad Jan van Polanen,
Publicq voor des, selfs wooning en door
den wel Edelen Gestrengen heer
Nicolaas Crul Raad Extra ordinair
van Nederlands India item de E
Heeren M„r Willem Vincent helvelius
ordinair Lid in den agtb: raad van
Justitie, en Iohannes van der Linden
Eerste opper Coopman deses Casteels, als
Generaale lasten procuratie hebbende
van zyn Edelhed den hoog Edelen
Heere, Adriaan Valkenier Gou
verneur Generaal van nederlands
India, blykens procuratie de dato 14
October 1741 voor den notaris Abraham
van Dinter en sekere getuijgen ge
passeert de onderstaande Landerijen
verkogt
Batavia den 10 Februarij 1742
Te weeten
Eerstelijk seker vier stukken Felijn land &a &„ C„
Somma dijkc„s 8030:
Accordeert met het ven du vaste goederen boek Batavia den 2 meij A:o 1742
(Getekend) J: V: Polanen onderstond) Gecollationeerd en accordeert
voor soo verre het GeExtraheerde aangaat Batavia
den 8 augustus 1742 (was geteekend) P„r Haksteen adj„s gesw
Gecolacioneerd en accordeert batavia
den 8 7ber 1742
Advt Gesw: Clercq
Maksteen
d"
NL-HaNA_1.04.02_2555_0174.xml,
NL-HaNA_1.04.02_2555_0175.xml,
NL-HaNA_1.04.02_2555_0176.xml,No. 24.
NL-HaNA_1.04.02_2555_0177.xml,"Extract uijt het vendu
Berk gehouden door den vendu meester deser
stad Jan van Polanen publicq voor des
selfs wooning en door den wel Edelen gestrengen
heer Nicolaas Crul Raad Extra ordinair
van nederlands India, item D E heeren
M„r Willem vincent helvetius ordinares
Leden den agtb: raad van Justitie deses
Casteels en
le
Johannes van der Linden Eerste op
„per Coopman ten desen Casteele als generale
last en procuratie hebbende van syn Edel
hid den hoog Edelen Groot agtb: heere
Adriaan Valckenier Gouverneur Gene
„raal van Nederlands India blykens
procuratie de dato 14 October 1741 voor
den notaris Abraham van dinter en
getuijgen gepasseert de onderstaande goede
„ven verkogt
atavia den 10 Februarij A„o 1741:
Namentlijk
Syn Guinees etc: etc:
S
Somma rijxd: „ 915: 16:
Accordeert met het vendu boek Batavia den 23 Februarij 1742
/geteekend:/ I: V„n Polanen / onderstond:/ Gecolacioneerd
en accordeert voor soo verre het geExtraheerde aangaat Batavia
den 8 Aug„s 1742 (was geteekend) P„r haksteen adj„s gesw
Clercq
Gecolacioneerd en accordeert batavia
den 8 8ber 1742
Ilakseer
8
Adv„t Gesw:Clercq
95"
NL-HaNA_1.04.02_2555_0178.xml,
NL-HaNA_1.04.02_2555_0179.xml,
NL-HaNA_1.04.02_2555_0180.xml,N:o: 25.
NL-HaNA_1.04.02_2555_0181.xml,"g6
Woensdag den 12„' Septemb 1742.
Present den Edelen heer praesident item de heeren
Raaden ende g'assumeerde Lieeden in desen,
Excepto de heer stevens.
door den heer prointerim advocalt fiscael van
india m„r Nicolaes Iongsma aan desen
raede zijnde te kennen gegeven dat sijn E:
van den secretaris deses raads gijsbertus
Schuijlenburg in Copia hadde gevordert
de notulen van haer hoog Ed: en daer op ge„
„volgde besluijten van desen raede van datis
3. 11. en 18. julij deses jaers gevollen dog
dat hij secretaris swaerigheijt hadde
gemaekt die aan sijn E: buijten voor
kennisse van desen raede aftegeven
versoekende mitsdien dat zijn E. soo
weel al zijne predecesseurs mag gaureeren
van zoodanige notue als op den 12:' Janu: 1735
bij desen raede is genomen waer bij den
advocaet fisc:l is geaccordeert visie en
Copia van alle soodanige stucken
als den selve in zijn ampt mogte beno„
„digt zijn en mitsdien dat den secretaris
mag werden geordonn:t de gerequireerde
Copijen dewedes zijn E: uijt kragt van voors
notul de dato 12:' Janu: 1735. te doen geworden
als deselve Exofficio benodigt zijnde
zoo"
NL-HaNA_1.04.02_2555_0182.xml,"Zoo is nadat door den Ed: heer president
in omvraegte was gebragt of deselve als
zijnde tot nogh domesticq en bij desen raed
secreet gehouden wel uijt kragte van ge„
citeerde notul zonder qualificatie
van den raed hadde konnen afgegeven
dan wel of deselve als papieren tot zijn
ampt behoorende onder voors:) notul
begreepen konde aangemerkt werden
bij pluraliteijt van stemmen verstaen
de voorm gerequireerde papieren onder
de voors: notul tewesen begreepen
/:onderstond:/ in kennisse van mij /was getekent
G:s Schuijlenburg secret:s
G'Extraheerd uijt het memorie
van den agtb: raad van Justit
deses Casteels en accordeert
Batavia datum ut supra
J
baksleen
adv„e Gesw: Clercq"
NL-HaNA_1.04.02_2555_0183.xml,
NL-HaNA_1.04.02_2555_0184.xml,No. 26
NL-HaNA_1.04.02_2555_0185.xml,"98
Woensdag den 19 7ber: 1742
present den Edelen heere president item
de heeren Raden ende geassumeerde Leeden in deesen
Den prointerim advocaat fiscaal van Jndia
Mr Niolaas Jongsma heeden agt dagen aan
uEd agtb: versogt hebbende te mogen gaudeeren
van sodanige notule van den 12 Janu: 1735 als
waarhij sijne praedecesseur de hier en Mr adrianus
Bergsma nomine officii is geaccordeert om
visie en Conia van alle benodigde papieren
ter secretarij berustende zonder qualificatie van
ijmand te mogen nomen, en vorderen, en uijt
dien hoofde ook geobtineert hebbende Copia
van seekere notule van haar hoog Edelens en daar
o gevolgde besluijt van desen rade de datis
3: 11. en 18 Julij laastleeden sonder egter te
kunnen bekoomen Comia van seekere advisen
concerneerende 't accordeeren van ongehoorde
en politicque recollementen ten behoeven van
den gewesen Gouverneur Generaal adriaan
Valkenier die den racd off: req:t regter als
het meeste tot sijn oogmerk dienende
en als het Corpus delieti van noden heeft,
soo versoekt denselven fiscaal als nog
dat"
NL-HaNA_1.04.02_2555_0186.xml,"dat de secretaris deses raads die daar over
swarigheyd heeft gemaakt, dierwegen me
ellcideert en des noods opfandament v
de gem. notule van 12 deses geordonneert
werde de voirsz Comia advisen ten aller
spoedigsten afte geeven
Den Raad accordeert bij merderheijd
van stemmen het bovenstaande versoek
considereert de gereq: bylaag thans als
een sequele van het geene aan den heer
pro interim advocaat fiscaal bij nota
van den 12 deser invregen voorm. is toeg
staan /:onderstont:/ Jn kennisse van
mij (:was geteekent) G:s Schuijlenburg
zecerten.
Geextraheert uyt het memoriael
vanden agtb: raad van Justitie
deses Casteels en accordeert
Batevia datum ut supra
Haksteen
adj„s Gest: Clerck"
NL-HaNA_1.04.02_2555_0187.xml,
NL-HaNA_1.04.02_2555_0188.xml,No. 27.
NL-HaNA_1.04.02_2555_0189.xml,"100
Saturdag Den 29. September A=o 1742.
present den Edelen h=r president, item De heeren
raden, ende g'assumeerde leeden in desen.
door den Ed=e heer president deses raads m=r Jacob Lakeman, is
op heden alhier in rade overgebragt het na volgende. —
En voormelt biljet op den 24. Courant, ter ordinaire tijd en
plaatse te laten publiceeren en affigeeren (:onderstond:)
Accordeert (:was geteekend:) P=l A=s van der Parra
Secret=s.
Na welkers resumtie verstaan is het selve in 't memoriael van
den Raad te doen insereeren /:onderstond:) mij present /:was
geteekend:) G=s Schuijlenburg Secret=s
GeExtraheert uijt het memoriaal
van den agtb: raad van Justitie
deses Casteels en accordeert
Batavia datum ut supra
Donderdag Den 20. September a=o 1742.
Extract uijt de Nohulen van 't
Gebesoigneerde en geresolveerde
in Rade van Jndia.
Ibaksteen
dd „: Gestve Clercq
P"
NL-HaNA_1.04.02_2555_0190.xml,
NL-HaNA_1.04.02_2555_0191.xml,
NL-HaNA_1.04.02_2555_0192.xml,No: 28
NL-HaNA_1.04.02_2555_0193.xml,"101
present den Edelen h=r president item de heeren
Raden ende g'assumeerde leeden in desen. —
door den Ed:e h=r president deses raads m=r Jacob Lakeman, is op
heden alhier in rade overgebragt het na Volgende.
Saturdag Den 29. September 1742.
Extract uijt de Noulen van 't
gebesoigneerde, en geresolveerde
in Rade van Jndia. —
Vrijdag den 28. September a:o 1742.
Is verstaan, den opper Coopman, en g'Eligeert hoofd- administra„
„teur tot Cochim, Corijn Stevensz:, mits desselvs op
handen zijnde vertrek, t' ontslaan, uijt den agtb: raad„
van justitie deses Casteels, en invoegen als den zelven,
in zijne plaatse weder t' assumeeren, den oud persi„
„aans-gezaghebber Carel Roenad /:onderstond:) ac„
„cordeerd /:was geteekend:) J=s A=: Van der Parra Secret=s
zoo is na Resumptie van dien boven gem: haer Corijn ste„
„vensz: van sijn E: zitplaatse opgereesen, en na dat door den zelven
den Ed: h=r president benevens de Verdere leeden deses raads
Voor de Eer die hij geduurende desselvs Cessie alhier in desen
Raade genoten, bedankt, en een Compleete gezondheijt, mitsg=s
Voor spoet
-
Op
O"
NL-HaNA_1.04.02_2555_0194.xml,"voorspoet in het handlapenen van de Justitie toe gewenscht haade
zoo heeft zijn E: na dat door boven gem: Ed: heer president
benevens de heeren leeden voor zijn E=s adjude aen den raad ge
„presteert, op het Vriendelijkste bedankt, mitsgaders insgelijks
gesontheijt en voorspoet toe gewenscht was, van desen raade en
behoorlijk afscheijd genoomen, wanneer vervolgens sijn E:
door de geassumeerde leeden Rudoph Carel van glaan
en Cornelis Duquesne, benevens den Secretaris tot aen
de trap van de Voorsael is geconduiseert geworden zijnde hier
van verstaan dese aentekening te houden, om in het
memoriael van den raad te werden geinsereert /:onderstond/
in kennisse van mij /: was getekend)/ G=s Schuijlenbur„
Secret=s-
GeExtraheert uijt het memoriaa
van den agtb: raad van Justitie
deses Casteels & accordeert
Batavia datum ut supra
9
baksteen
Adr Gesw Clercq"
NL-HaNA_1.04.02_2555_0195.xml,
NL-HaNA_1.04.02_2555_0196.xml,No: 29
NL-HaNA_1.04.02_2555_0197.xml,"183
ƒ
den Ed: heere president item de heeren raden
en geassimeerde leeden in desen
Woensdag Den 3=en october 1742: Present
door den h:r prointerum advocaat fiscaal m:r nicolaas Jongsma„
is op heden aan den raad overgegeven het onderst: request en daar
nevens overgelegtde Jnterrog: daer bij gem: versoeken de als in't Eynde
van het selve request
Mitsgaders
De Verdere heeren Leden
in den Achtbaren raad van
Justitie deses Casteels
Edele Heer en Achtbare heeren
Den ondergetekende pro jnterim Advocaat
fiscaal van india zig alvorens refererende aan
de Jongste secrete vaderlandse missiven ontrent
depoincten waar ontrent Een naukeurig onder
„zoek behoord gedaan te werde vertoont hier net:s
zekere Jnterrogatoria op Eergisteren voor
heeren commissarissen van dezen agtb: rade
beantwoord bij den Coopman Henrij Abbis, C: S:
waar uijt middag klaar is komen te blijken dat
d' heer m:r Willem Vincent Helvetius ordinaris
lid in desen rade en m:r Cornelis phillips
Aan den Edelen Heer m:r Jacob
Lakeman raad Extraordina
„ris van nederlands Jndia en
president
verte"
NL-HaNA_1.04.02_2555_0198.xml,No: 29
NL-HaNA_1.04.02_2555_0199.xml,"10.5
Woensdag Den 3=en october 1742: Present
den Ed: heere president item de heeren raden
en geassimeerde leezen in desen
Door den h:r prointerum advocaat fiscaal m:r nicolaas Jongsma„
is op heden aan den raad overgegeven het onderst: request en daar
nevens overgelegtde Jnterrog: daer bij gem: versoeken de als int Eynde
van het selve request
Aan den Edelen Heer m:r Jacob
Lakeman raad Extraordina
„ris van nederlands Jndia en
president
Mitsgaders
De Verdere heeren Leden
in den Achtbaren raad van
Justitie deses Casteels
Edele Heer en Achtbare heeren
Den ondergetekende pro Jnterim Advocaat
fiscaal van india zig alvorens refererende aan
de Jongste seceete vaderlandse missiven ontrent
depoincten waar ontrent Een naukeurig onder
„zoek behoord gedaan te werde vertoont hier nets:s
zekere Jnterrogatoria op Eergisteren voor
heeren commissarissen van dezen agtb: rade
beantwoord bij den Coopman Henrij Abbis, C: S:
waar uijt middag klaar is komen te blijken dat
d'heer m:r Willem Vincent Helvetius ordinaris
lid in desen rade en m:r Cornelis Phillips
verte
ƒ"
NL-HaNA_1.04.02_2555_0200.xml,"Gesuspendeert advocaat fiscaal van india hun ider
in't bijsonder hebben schuldig gemaakt aan
Eene ongeborlofte onmenschelijke massacre van
Een menigte chinesen d' Eerste in't hospitael
van die natie en de laastgem: in des E: Comp:s boeij
en andere plaatsen zaken Edele heer en agtb:
heeren dewelke niet tegenstaende zoo als gesegt
word op de ordre van de gewesen gouverneur
generael Adriaan, Valckenier op pretext
van noodzaekelijkh:t en regtvaerdigheijt welk
laaste dog geensins aanmelijk is uijt gevoerd
waren al Egter niet nalaten te contineren
een verfoeijelijke moordadigheit en Een formeel
crimen lase majestatis uijt oorzaak 't ond
anderen van zelfs spreekt dat geen gouver
Generael de magt off Converaniteit alleen
besit om zonder benweijnisse vanden regter
tot dier gelijke zaken overteslaen
al het welke den ondergetekende in gemoede
overwogen en in agt genomen hebbende dat
door Een de Een off ander van de voorsz: gereg=d
Henrij Abbis c: S: dese gansch preejudiciable
de positien ter oren van gem: tweepersonen
mogten komen en sijliden daar door resolvee„
ren om ex Consientia sceleris hum op de
Een off andere wijse, met de vlugt te salveren
en also de welverdiende straffe ontgaan na rijs
overweginge te rade is geworden sodanige toevallen
niet voor zijn verantwoordinge te laten,
ne maar op het Eerbiedigste het zelve aan
uEd: en Achtb: voor te dragen en te verzoeken
dat aan hem op gem: twee personen, m=r
willem"
NL-HaNA_1.04.02_2555_0201.xml,"105
Willem Vincent Helvetius en m„r Cornelis
Phillips mag werden verleend Corporele appre„
„hensie en incarceratie tenminsten bij onverwagte
ontzegginge van dien Gijzeling /onderstond:/
quo facto h=a was getekent:/ N:s Jongsma,
Den Raad de bovenstaende versoeken ende
stukken daar nevens overgelegt met aandagt
hebbende geresumeert accordeert bij provisie
Gijseling op de persoonen van m:r Willem
vincent Helvetius en m:r Cornelis
Phillips en sulx in bunne huijsen ider
onder opsigt van een deurwaarden en Clercq
ordonneert mitsdien gem: m:r Willem
Vincent helvetius en m:r Cornelis
Phillips aldaar soo lange gijseling te houden
tot nader dispositie dog buijten acces
van een ijgelijk excepto de bloed vrinden
/:onderstond:/ in kennisse van mij was Getek:t
G:s Schuijlenburg seceets:—
de bovenstaende verleende gijseling op de
persoonen van de heer m:r Willem vincent
Helretuus ord„r lid in den agtb: raad van
justitie deses Casteels en m:r Cornelis
Phillips gesuspendeert advocaet fiscaal
van india, heb ik ondergesz: deurw:r en gesw:
Exploicteur van welgem:te agtb: rade be„
hoorlijk g'Exploicteur, ende sulx in hunne
huijsen"
NL-HaNA_1.04.02_2555_0202.xml,"huijsen, ieder onder op zigt van Een mede deurw:r
en clercq met aansegginge van aldaar zoo
lange gijseling te houden, tot nader dispositie
van haar Edele agtb:s dog bujijten acces dan
jemand excepto de bloedvrienden; 'twelk
bij haar E: E: wierd aangenomen te zullen
obedieeren versoekende Egter mu Willem Vincent
Helvetius off sijn neeff en sekere adsistent
beijde bij hem woonagtig te sijnen huijse
mogte blijven Continueeren en m:r Cornelis
Phillips versogt Copia van het een en ander
temogen hebben.
Batavia den 3' october 1742. /.was
getekend:/ N:s Smit deurw. r
Geextraheert uijt de Crim: rolle
van den agtb: raad van Justitie
deses Casteels & accordeert
Batavia datum ut supra
Haksteen
Adj„s Gesw: Clercq"
NL-HaNA_1.04.02_2555_0203.xml,
NL-HaNA_1.04.02_2555_0204.xml,No: 30
NL-HaNA_1.04.02_2555_0205.xml,"107
Woensdag den 3:e October 1742
Present den Edele heere President
item de heeren Raaden en
g'assumeerdeleeden in desen
Den Pro interim advocaat fiscaal
door VEd: en agtb: gecommuniceert
zynde dat op zyn request van
apprehensie dan wel gyselinge op
de persoonen van mr Willem
Vincent Selvetuus en Mr. Cornelis
Phillips eenelyk was Verleent
en geordonneert dat deselve
by provisie gyseling zoude moeten
houden in haare huysinge onder
opsigt van twee persoonen
versoekt op 't fundament vant
ten gemte. requeste gallegueerde
Inventarisatie en sequestratie
der goederen, insonderheijt
inbeslag neminge der papieren
off andersints by onverwagte
ontsegginge van dien inter„
dictie om geene van deselve goede¬
ren off papieren te alieneren
off te zoek te brengen by soda¬
nige penaliteyt als VEd: en"
NL-HaNA_1.04.02_2555_0206.xml,"1742
Agtb: verstaan zullen te behooren
aut alias salutariter
Den Raad disponeerende op
het bovenstaande nader versoe
accordeert het laaste lid
interdiceert mits dien de
in desen gem: Mr: Willem Vincen
Selvetius en mr: Cornelis
Phillips geene van derselve
goederen en papieren te
alieneren by sodanige
penaliteyt als desen raade
verstaan zal te behooren
/onderstont/ in kennisse van mij
/was getekent:/ G s Schuijlenburg
secrets. —
den 3 October heb ik ondergesz deur
waarder en gesworen Exploicteur
van den agtb: raad van Justitie de
basteels, bij het Exploicteeren van
gijseling op de persoonen van m:r
willem Vincent Jelvelius en
mr. Cornelis Phillip, teffens ook
aan haar E:E: uijt kragte van
voren"
NL-HaNA_1.04.02_2555_0207.xml,"109
vorenstaande dispositieff de behoorlijke
incerdictie gedaan van geene derselver
goederen en papieren te alieneree, bij
sodanige penaliteijd als gem: agtb: Rade
verstaan sal te behooren; 't gene fij
aannamen te zullen obedieeren /:was
geteekent:/ N: Smit denrw. r
Geextraheert uijt de Crimineele t„
rolle van den agtb: raad van Justitie
deses Casteels & accordeert
Batavia datum ut. supra
Haksteen
Adv„s Gesw: Clercq"
NL-HaNA_1.04.02_2555_0208.xml,No: 31
NL-HaNA_1.04.02_2555_0209.xml,"110
Woensdag Den 3:' october 1742.
Present den Edelen heere President, Idem
De Heeren Raden ende geassumeerde
Leeden In desen;
Door den heer pro interim advocaat fiscael m:r Nicolaas Iongsma
is op heeden gepresenteert het navolgende request en daar nevens—
overgelegt de Copia advisen daarbij vermelt met versoek als in het
Eijnde van het selve request;
Aan den Edelen Heer—
M:r Jacob La Keman,
Raad Extra ordinaris van
Nederlands India en President,
Mitsgad:s
De verdere Heeren
Leden in den agtb: Raad
van Iustitie deses Casteels
Edele Heer en Achtbare Heeren,
de annexe twee distincte aantekeningen der advisen
gegeven in rade van Justitie indatis 27:' decemb:r 1740.
en 1:' Januarij 1741. Eijndelijk op den 25:' der gepasseerde
maand september door den secretaris deses raads
gesuppediteert, en behelsende de dispositie over de
versoeken tot recollement onder Eede van sooda„
:nige (:Inquisitoire:) attestatien interrogatorien en In„
„sinuatien als den gewesen gouverneur generael
adriaan valckenier niet alleen Iegens den doen„
:maligse Edele heeren raden ordinaris van India—
gustaaff willem van Imhoff, Elias De Haze, en
M:r Isaacq van schinne maar ook tegen de verdere leeden
vande hooge regeringe en andere bediendens belegt
en ingewonnen had ofte soude komen in te win„
:nen, doorden ondergetekende prointerim advocaet
fiscoel van India met aandagt geresumeert en
daar uijt ontwaert sijnde dat de heeren m:r Bernhard
Iacob Dellafaille, M:r Pieter Willem Lammens, M=r
Theodorus PolijCarpus Woit, M:r Iean Blocquau„
En"
NL-HaNA_1.04.02_2555_0210.xml,"En Cornelis van Kiel, raden van Iustitie, mitsgade
M:r Cornelis phillips thans gesuspendeert advocaet
fiscael en m:r Ioan Hendrik van panhuijs water
fiscael ten tijden voors:z hun alle tesamen en ijder in't
bij sonder niet hebben ontsien ofte geschaamt om
:ne op een zeer partijdige wijse tegens de constante ma„
:nier van procedeeren soo hier als elders en alsoo
tegens ampt Eed, en pligt de voorsz recollementen
toe testaan, sonder daarbij te ordonneeren (:niet ten
:genstaende dier wegens selvs gedebatteert ten
:minsten het contrarie door andere heeren leden
ten regte en nagemoede geadviseerd is:) dat daar
van alvorens Copia aan partij advers soude moeten
afgaan, om des terade werdende doortegens con„
„travragen te doen, gelijk altoos geschied en ook
behoort te geschieden niet alleen om dat de depositie
der getuijgen volgens merula 4. 65. 1. en 2. kragteloos
en van geener waarde is ingevalle partij advers niet
behoorlijk geciteert werd om Interrogatorien (:dat is—
contra vragen:) overtegeven, maar ook omdat het gebruijk
van sodanige interrogatorien geintroduceerd is, op dat
„men, uijt de antwoorden der getuijgen op deselve, hun
lieder bedrag, valsheit maliversatie en subornatie
soude kunnen speuren, gelijk ook ontrent seer veele
getuijgen in desen wel soude hebben geschied, indien
niet de weg vande fensie door dit onwettig Expedient
op een ongehoorde en onwettige wijse afgesneden
was, en dit alles niet tegenstaende gemelte heeren
leden uijt de vehemente en onverantwoordelijke
proceduren van geseijden gouverneur generael
tegens voorsz: Edele heeren raden in het arresteren
derselver personen ten vollen moeste bekent
sijn, dat deselve nergens anders toekonden dienen,
dan om sijne geweldadige en tiraninque gedoen„
:tens sooveel mogelijk door Een schijn van
billijkheit te doen Justificeeren; waardoor niet
alleen gemelte Edele heeren in hare personen
familien en goederen de grootste onregt vaardigheit
smaaden gevaren hebben geleden, maar ook d'E:
Comp: een irreparabel nadeel en desen agtb: rade de„
uijtterste lasie in derselver aansien en Indu„
„cature heeft moeten ondergaan, met sodanigen
uijt werkinge dat meergemelte gouverneur Generael,
daar door geEncourageert vervolgens tot het dimo„
veren en versenden na het vaderland van
geseijde drie uijt deses ordinaris raden (:niet en
benevens de gouverneur generael hier te lande
de wesentlijke regering uijt makende ende
souverain"
NL-HaNA_1.04.02_2555_0211.xml,"112
souverain repraesenterende:) mitsgaders het ontrek
ken dersaken welkers ondersoek in alle gevallen
aande decisie van desen rade was behorende, en
also vande Eene misdaad tot de andere overge„
:slagen is: soo dat het den vertoonder gansch niet
vreemd is te vooren gekomen, Dat de hoog Ed:s groot
agtb: heeren majores alle diegene die sig aan het
accordeeren van de gem: recollementen hebben
schuldig, en straafbaar gemaekt bij derselver
secrete missive van den 13:' december 1741. komen
te baptiseren als leden die sig seer partijdig en suspect
hebben gedragen ten behoeve van den gewesen gouverneur
generael adriaen Valckenier mitsgaders voor de„
sodanige Die ongehoorde politijcque recollementen
hebben toegestaen, uijt dien hoofde haer Ed:e groot agtb:
bij provisie gelastende of doende gelasten dat ge„
„melte leden hun van alle regtspleginge in
en over desake van voorsz adriaen Valckenier
met den aankleven vandien souden hebben te ont„
:houden: inderdaad met seer veel reden en fun„
:dament want soer een aller noodsakelijkste
hoedanigheijt en als een conditio sine qua non
tot het ampt van regter vereijscht werd, so is
het die van onpartijdigheijt en het contrarie
van dien sulke een absolute en formele inha„
biliteijt, dat een regter die willens en wetens
gelijk indesen de wetten te buijten gaat van
sijn regters ampt afgeset of verbannen, en
somtijds wel swaerder, nogelegentheit van
saken en selvs als een persona infomis en
folsaris gestraft werd l. 15. 8. 1. ff. de Indic. Cod. Dpaena
Iud. quimale arg. l. V. 1. 3. ad L. Corn. De fals. van leeuwen R: A:
regt 1. B. 1. D. N:o 11. Idem proc. Crim. 1. deel N:o 6. om alle
welke redenen den ondergetekende wel wil
bekennen dat hij al voor het ontfangen van
de ten desen gerequireerde papieren sig verbeeld
hadde, dat de voorsz: in fomia nota, en seer
nadelige spitheta mitsgaders de daar bij ko„
mende dimotie van het regters ampt in het
eene opsigt sekerlijk soude sijn gevolgt, so
al niet van een necessaire dimotie of sus„
:pensie, ten minsten van eene vrij willige
Excusatie en onthoudinge vande ordinaire
en alle de andere regts saken, alwas het ook
maar dat dit laeste geproctiseert was om
aen onkundige of gepassioneerde menschen
eenig fals denkbeeld van regtvaardigheijt
inte."
NL-HaNA_1.04.02_2555_0212.xml,"inte boesemen, dan wel aan deselve een soort
van kregelheijt quasirebene gesta te vertonen
maar van het een nog het ander niets gebeur
sijnde enden ondergetekende, wiens pligt
het is 'tregt van de hoge overigheit waertene„
:men en op allerlije mesusen agt testaan
sig ten uijttersten beswaerd vindende om
met gerustheit en goede ogen aentesien
dat personen, dewelke sig aan sodanige
strafbare conduites hebben schuldig
gemaekt souden blijven continueren in
het tederampt van regter heeft sig genoodsaak
gevonden sijn beswaernis sodra het hem
doenlijk geweest is aan uEd: en agtb: res„
pectueuselijk voorte dragen, met ver
„klaringe dat hij voornems is, sonder aen„
sien van personen, so wel in dese als alle
andere saken, sijn ampt en pligt te betrag„
ten, ten dien Eijnde opfundament van
het gededuceerde en het gene nog verder
staat gededuceert te werden, en om re„
:denen dat in desen Criminaliter sal moe„
:ten werden geprocedeert versoekende
dat aan hem mag werden verleent citatie
in persoon tegens gemelte heeren Dellafaille„
Lammens, Woit, Blocquar, en van panhuijs, om„
me bij provisie en alvoorens ten principalen
soo tegens deselve als tegens voormelte heeren
phillips, en van riel gedisponeert werd te
:aanhooren soodanigen versoeken en Con„
clusien als den rat: off: vertoonder sal
willen doen en nemen net last en ordon„
nantie om daar op ten dage dien ende te ont„
woorden en voorts het selve de planc te vol„
„dingen: of andersins dat deselve de facto
ter tijden wijle voorsz bij desen rade sullen
werden gesuspendeert van ampt quali„
:teijt en gagie, onderstond, quof acto Etc:a,
was getekent, N Iongsma, ter sijde stond,
ingedient batavia den 3:' october 1742.
Den Raad het bovenstaende
versoek benevens de Copia advisen
daar nevens overgelegt net aan„
:dogt hebbende geresumeert mitsg:s
gehoort."
NL-HaNA_1.04.02_2555_0213.xml,"114
gehoort hebbende het nader mondeling ge„
„daan declaratoir van den heer prointerim
advocaet fiscael ontsegt het selve versoek
voor als nog, onderstond, in kennisse
van mij, was getekent, G:s Schuijlenburg
secrets:;—
Ge Extraheert uijt de request
rolle van den agtb: raad van
Iustitie deses Casteels en
accordeert;—
Batavia Datum utsupra;
Staksteen
Adv„r Gesw Clercq"
NL-HaNA_1.04.02_2555_0214.xml,
NL-HaNA_1.04.02_2555_0215.xml,
NL-HaNA_1.04.02_2555_0216.xml,No: 32.
NL-HaNA_1.04.02_2555_0217.xml,"115
Woensdag den 3:' october 1742
present den Edelen heere president item
de heeren Raden en geassumeerde Leeden
in deesen
Jngevolge het Extract uijt de notulen van
het gebesoigneerde en geresolveerde
in Rade van Jndia van den 28 der jongst
afgewekene maand september, op heden
met den Edelen heere President deses
Raads zijnde boven gekoomen het
geassumeerd Lid den E Karel Koenad,
en nadat een wijnig tijds inde
vertrek kamer vertoeft hadde, is
denselven door den secretaris binnen
versogt, als wanneer zijn E in ver„
gadering verscheenen zijnde, den Eed tot
het ampt van Raad van Justitie
staande in handen van welgem:
Edele heere president behoorlijk af„
gelegt en daar op sessie naast
den"
NL-HaNA_1.04.02_2555_0218.xml,"den E Jan Cornelis du Quesne genom
heeft gehad, waar van verstaan is
dese aanteekening te houden em in't
memoriaal vanden Raad te werden
geinsereert /:onderstont:/ Jn kennisse van
mij /:was geteekent:/ G:s Schuijlenbog
secrets:)
Geextraheert uijt het memorie
van den agtb: raad van Justitie
deses Costeels en accordeert
Batavia datum ut supra
WMaksteen
d r Gesw: Clercq
E"
NL-HaNA_1.04.02_2555_0219.xml,
NL-HaNA_1.04.02_2555_0220.xml,No. 33
NL-HaNA_1.04.02_2555_0221.xml,"Present de hedele Heere Presi„
dent item de Heeren Raeden Geassu¬
meerde leeden in desen;
Woensdag den 3:' octob: 1742:
Door den heer proimterim advocaet
fiscael m:r Nicolaes Iongsma
op heeden zijnde in gediend seker ver„
saek tendeerende tot corporeele appre„
hen sie dan wel gijseling op de persoo„
nen van M:r Willem, Vincent
Helvetius en Mr Cornelis
Phillips, soo wierd nadies resumtie
om redenen men geen behoorlijke gij sel„
kamer ledig En ook geene bequaame
plaats aandehand hadde alwaer men
lieden van dier gelijke rangen quali„
teijt soude konnen doen secureeren
bij desen rade verstaen het laastelid
van dat versoek bij provisie te accor„
deeren dog in der selver resp„ waanin„
gen met een deurw:r en clercq van
door als nog
de secretarij„ en met een goed gevan„
den hier van aan d. Edele hooge regering
deser landen kennisse te geeven en teffens
teffens te versoeken dat ten dienste
der justitie 't sij door assistentie van
militie aff wel het plaatsen van
gem: M: Willem Vincent Helvetius
en M:r Cornelis Phillips aande„
poorten deser stad de nodige ordres
gelieve testellen dan wel dierwegens
sodanige andere middelen te beramen
als na der selver gewoone wijshijd
sullen verstaen te behooren onderstand
in kennisse van mij was getekend G„l
schuijlenburg secretaris;
G'Extraheert uijt memori„
ael van den agtb: raed van
justitie deses casteels
117
En"
NL-HaNA_1.04.02_2555_0222.xml,"Haksteen
batavia datum utsup„
ad e Geswve kercgq
En accordeert"
NL-HaNA_1.04.02_2555_0223.xml,
NL-HaNA_1.04.02_2555_0224.xml,No. 34
NL-HaNA_1.04.02_2555_0225.xml,"119
Woensdag den 3„en Octob:r 1742.
Present den Edelen heere president
item de Heeren Raden en geassu„
„meerde leeden in dezen.—
Na het aff Leesen van een request
door den heer prointerim advocaat
fiscael m„r Nicolaas Iongsma
heeden aan dezen rade gepresen„
teert en versogt sijnde dat aan
hem mogte werden verleend Citatie
in persoon tegens d' heeren M„r
Bernard Jacob de Lafaille
m„r Pieter Willem Lammens
m„r Theodorus Policarpus woijt
m„r Ian Blocquau en m„r Ian
hendrik van Panhuijs, zoo
wierd goed gevonden gemelte heer
prointerim advocaat fiscaal bij
wege van nader interpretatie aff
te vragen wat Eijgentlijk sijn
verte
verte
1
-"
NL-HaNA_1.04.02_2555_0226.xml,"Es: intentie mogte wesen en waar toe
de versoeken en conclusien tegens ge„
mete heeren leeden soude komen te
dienen wanneer gemelte heer prointi
„rim advocaat fiscael verklaarde
deselve Tot een suspens te sullen
tendeeren van welk een en ander
verstaan is dese aantekening Te
houden /:onderstond:/ in kennisse van
mij /:was getekent:/ G:s Schuijlenbur„
secrets: —
G'Extraheert uijt het memio¬
„riael van den agtb: raad
van Justitie dezes Cas¬
„teels en accordeert. —
Batavia datum ut sup
Haksteen
Adv„t: Gesev: Clercq
e
-"
NL-HaNA_1.04.02_2555_0227.xml,
NL-HaNA_1.04.02_2555_0228.xml,No. 35.
NL-HaNA_1.04.02_2555_0229.xml,"121
Donderdag den 4:' october a o 1742
present den Edelen haere president
item de heeren Raaden en geassumeerde
Leeden in desen
Bij het gedaan relaas vanden deurwaar„
der Nicolaas Smit desen raade zijnde
gebleeken niet alleen dat m:r Willem
Vincent Helvetius hadde versogt te
mogen weeten off desselvs nietf Vessup
en een adsistent die bij hew woonag„
tig sijn mogte blijven woonen dan wel
moette delogeeren, maar ook dat m:r
Cornelis Phillips hadde versogt Copia
van het dispositieff dan wel manda„
ment van gijseling, zoo is nadat
den heer pro interim advocaat fiscaal
m:r nicolaas Jongsma daar op gehoort
en gedeclareert hadde nopens het versoek
van m:r Willem Vincent Jelvetius
het selve omtrent de neeff te stellen
van het oordeel vandese raade egter
te opsigte vanden adsistent dat gem
Helvetius zig dooromtrent behoorde
te"
NL-HaNA_1.04.02_2555_0230.xml,"te gedragen aan het voorn dispositie
en ten belangen der versogte Copia door m
Cornelis Phillips sustineerden zij
E dat sulx niet kan werden geaccor
deert, alsoo nooijt geen Copias van
mandamenten in cas Crimineel werde
verleent; zijnde daar op bij desen rau
verstaan, de deurwaarder Nicolaas
smit te ordonneeren de voorm M:r
Willem Vincent Helvetius en
Mr. Cornelis Phillips aan te seggen
namentlijk den eerstgem. dat zeg it
gedragen aan het dispositieff van
desen Rade en den Laaste dat zij
gedaan versoek as ontsegt geworden
(:onderstont:) In kennisse van mij C. wos
geteeekent:) G:s Schuijlenburg secrets
Geextraheert uijt het memurie
van den agtb: raad van Justice
dess Casteels & accordeert
Batavia dateum ut sipra
Haksteen
Advt Gesw: Clercq
O"
NL-HaNA_1.04.02_2555_0231.xml,
NL-HaNA_1.04.02_2555_0232.xml,No. 36
NL-HaNA_1.04.02_2555_0233.xml,"123
Saturdag den 6„e October A„o 1742. Present
den Edelen heere president Item de heeren
Raaden Ende g'assumeerde Leeden Indeesen.
Na het afhandelen van Eenige poincten concernerende
de gegijseldens m„r Willem vincent helvetius en
m„r Cornelis Phillips zoo wierd door den heer pro: in„
terim advocaat fiscaal vanindia m:r Nicolaas
Iongsma aan den Edelen heere president gevraagt of
tegens aanstaande woensdag de Extra ordinaire
rolle sijn voort gang soude hebben alsoo Eenige persoonen tot
het geven van getuijgenisse wilde doen dagvaarde, mitsg:s
tekennen gegeven zijnde dat den adjunct gesw: Clercq
Pieter Haksteen swarigheijt hadde gemaakt Copia
Authenticq der advisen om als Copia neevens Citatie
tewerden afgesonden aan sijn E: teverleenen versoekende
dat gem: haksteen daartoe mogte werden gequalificeert
waardoor dan bij desen rade ontdekt sijnde dat gem:
heer pro. interim advocaat fiscaal van meening was
tegens de heeren M„r Bernhard Iacob dellafaille
m:r Pieter Willem Lammens, m:r Theodorus
Polijcarpus Woijt en m:r Iean Blocquau leeden
uijt desen rade mitsg:s den heer waterfiscaal m:r Ioan
hendrik van Panhuijs Citatie ordinarie modo telaa„
ten afgaan om te sien dienen van Eijsch, wanneer doorden
Edele heer President nadat den h:r prointerim advocaet fiscaal
was"
NL-HaNA_1.04.02_2555_0234.xml,"was versogt de vergadering wat vrijheijt te laaten en sig
inde vertrek kamer hadde begeven alvoorens daaromtrend
Eenige dispositie teneemen desen raade inconsideratie gege
ven wierd, dat terwijl gem: heer pro- interim advocaet
fiscaal de zaake tegens gem: heeren lieden vermeende
voort tesetten niet veijligste soude sijn alvoorens aande
Edele hoogeregeringe deser landen teversoeken Elucidaie
van het aanschrijven der hoog Edele heeren Seventhienen
in't patria nopens het geene haar Edele hoog agtb:
Concernerende de zaake vanden gewesen gouverneur
generaal Adriaan Valckenier ten opsigte vande voorsz
heeren leeden hadde gelieven te ordonneeren vermits de
sentimenten dien aangaende op voorleden woensdag
verschillende waaren geweest dog zulx in omvraage
gebragt en als onnodig geoordeelt sijnde wierd als doen
door gem: Edele heere president verklaart dat sijneseli
sig beswaert vond daar in verder voort te gaan, en
dieshalven genoodsaakt was sig vandese zaeke te
moeten excuseeren nadien als regterdaar over niet soude
kunnen zitten, en daar op het versoek van gem: heer
pro- interim advocaat fiscaal nopens het weijgeren
van copia Authenticq der advisen door den adj:t gesw:
clercq Pieter Haksteen inomprage gebragt, mits„
gaders alverder in aanmerkinge gekomen sijnde het ontwaarde
uijt het discours van gem: heer Prointerim advocaet fiscael
omtrend het laaten afgaan dercitatien tegens gem:
heeren leeden soo is nadat insgelijke doorde heeren
mr"
NL-HaNA_1.04.02_2555_0235.xml,"125
M„r Iacob van denbosch, m„r Theodorus Van
Reverhorst en m:r Reijnier Stapel volmondig was
verklaard dat sij als regters over die saak indien den heer
pro- interia advocaat fiscaal gepermitteerd wierde
daar mede voort te gaan, niet soude kunnen sitten en verder
het Een en ander in rijxt overweginge genomen was, bijdesen,
rade virstaan den heer pro. interim advocaet fiscaal te interdi„
ceren met decitatie ordinario modo tegens de heeren
m:r Bernhard Iacob Dellafaille m:r Pieter
Willem Lammens, m:r Theodorus Solijcarpus
Woijt, m:r Ian Blocquau en m:r Iohan hendrik
van Panhuijs voort tegaan, soo mede aan den adj:t gesw:
Clercq te verbieden Eenige Copia der voors: advijsen te authen„
tiseeren en aftegeven en dierhalven bij het besluijt vanden 3:
deser te persisteeren /onderstond/ Jnkennisse van mij was
getekend/ J„s Schuijlenburg secrets:z. —
geExtraheert uijt het memoriaal
vanden agtb: raad van justitie deses
en accordeert.
Batavia datum ut supra. —
Maksteen
Ad„rk Gesv: Clercq"
NL-HaNA_1.04.02_2555_0236.xml,No: 37.
NL-HaNA_1.04.02_2555_0237.xml,"126
Saturdag Den 6: october 1742
present den Edele heer president item de heeren
raaden ende geassuneerde leeden in desen
Ter occagie van het laast gedaane Exploict door
den deurw: Nicolaas Smit als nu door den
selve zijnde bekent gemaakt dat m:r Willem
Vincent helvetius en m:r Cornelis phillips ver„
soek hadde gedaan dat Een barbier mogte tot
gang hebben om haar Comwijle te raseren als mede
dat de onderchirurgijn dewelke over Eenige sieke
slaaven tercuurering gang. dagelijks aldaer mogte
koomen om deselve te medicineeren dat boven
dien m:r Willem Vincent helvetius nog hadde
versogt dat Een leermeester mede ingang mog„
te hebben om desselfs dogtertje te anderwijsen
soo is na dat dese versoeken inamvraage
waaren gebragt bij desen raade verstaan desel„
ve te accordeeren onderstond in kennisse van mij
Was geteekent G:s Schuijlenburg secret=s
GeExtraheert uijt het memoriaal van
den agtb: raad van Justitie deses
Casteels en accordeert
-
batavia datum utsupra
Haksden
Adj„s Gesw Clercq"
NL-HaNA_1.04.02_2555_0238.xml,
NL-HaNA_1.04.02_2555_0239.xml,
NL-HaNA_1.04.02_2555_0240.xml,No: 38
NL-HaNA_1.04.02_2555_0241.xml,"Saturdag den 6:' October 1742.
Present de Edele Heer Praesident, item
De Heeren Raden, en Geassumeerde Le¬
den in desen
Door den Edele Heere Praesident M: Jacob La¬
Keman op heden mondeling gecommuniceert
sijnde dat op Gisteren bij haar hoog Edelens op het
gedaan versoek van desen Raede, tendeerende dat ten
dienste der Justitie, 't zij door assistentie van Mili„
tie, of wel het plaatse der provisioneel gegijseldens
M:r Willem vincent Htelvetius, en M:r Cor„
nelis Phillips, aan de poorten deser stad de
nodige ordres geliefde te stellen, dan wel soodanige
andere middelen te beramen als na derselver ge„
wone wijsheijd soude verstaan te behooren was be„
sloten, dat voor de wooninge van gemelte persoonen
bij Continuatie schildwagten souden werden ge„
steld, Gevende Gemelte Heere President desen
Rade al wijders in Consideratie of de bediendens
dewelke ter ordre van den Raed, om gemelte
persoonen op te passen, daar waren gesteld, beij„
de nog langer dan wel verwisseling een van de„
selve bij de respective gegijseldens soude moeten
verblijven, en daer op door den pro interim Ad„
vocaat Fiscael gedeclareert sijnde wel te
mogen Lijden, dat om de schaarsheijd van de be„
diendens overdag bij ider van de gegijseldens
een, 't zij den Deurwaarder, dan wel de Clercq
dog teffens dat deselve persoonen beijde des nagts
sig
127"
NL-HaNA_1.04.02_2555_0242.xml,"sig aldaar present mogte bevinden, en vermits sijn
E: ter ooren was gekomen dat het accesten opsigt
der gegijseldens bloedvrunden door desen Rade ver„
leent te verre wierde GeExtendeert, soo versogte si
E: alwijders dat de gegijseldens mogte werden ge„
injungeert op te geven welke bloedvrunden zij ge„
inclineert waren bij haar te hebben, om te mogen
spreken, ten eijnde het selve soodanig gerestringeert
soude kunnen werden als haar Agtbaer hedens sou
de verstaan te behooren;
Is na rijpe deliberatie en sirieuse overweging bij den
het noodige bij desen Rade verstaan, den Capitaan
Commandant Ian van Franken door den heer
Pro interim Advocaat Fiscael te laten aanseg„
„gen, dat de schildwagten moeten werden Geordonn:
nauwkeurig sorge te dragen, dat de gegijseldens
niet komen te eschapeeren, dat ook geene goede„
ren of effecten uijt de wooninge van deselve werden
vervoert, en dat zij verder de bediendens van den
Raed in Cas van noot moeten assisteeren, welke
laestgem: wederom van de naeste wagt in voorsz:
gevalle ook te hulp moeten gekomen werden, voorts
door den deurwaarder de bediendens uijt ordre van
desen Rade bij de gegijseldens gestelt te doen aan,
seggen, dat bij verwisseling Continueel, een van
beijde bij deselve sullen moeten verblijven; en laes„
telijk aan de gegijseldens, m:r Willem Vin„
cent Helvetius, en Mr: Cornelis Phil¬
lips, uijt naam van desen Rade dat zij ten eer¬
sten sullen moeten opgeven welke bloed vrunden
zij gaarne geinclineert sijn te spreken, om na
sulx"
NL-HaNA_1.04.02_2555_0243.xml,"129
sulx by desen Boede daer omtrent soodanig te
werden Gedisponeert als in Goeder Iustitie
sal werden verstaan te behooren; /:onder„
stond:/ in kennisse van mij /:getekent:/
G: Schruijlenburg secret
Ge Extraheert uijt het memori„
aal van den agtb: Raed van Jus„
tie deses Casteels, en accordeert:
Batavia datum ut supra
Haksteen
adv„ Gestr Clere"
NL-HaNA_1.04.02_2555_0244.xml,No: 39.
NL-HaNA_1.04.02_2555_0245.xml,"158
Saturdag den 6. october 1742
present den Edelen heere president
Jtem de heere Roden ende geassumeerde
Leeden in deesen
Door den adsistent Adrianus van Groe„
nenberg op heeden mondeling aan desen
rade versogt sijnde dat hem mogte werden
gepermitteert sodanige goederen hij inde
woning vande gegijselde m:r Willem
vinieut Jelvetius mogte hebben en
hem toebehoorende sijn, onder behoorlijke
visitatie tot sijn eijge decharge te
mogen afhalen, soo is na overweging van
het noodige verstaan het versoek in
diervoegen te accordeeren /:onderstont:/
Jnkennisse van mij (:was geteekent:)
G.:s schuijlenburg secrets:)
GeExetraheert uijt het memoriaal
van den agtb: raad van Justitie
deses Casteels & accordeert
Batavia datum ut Supra
Ibaksteen
ad„et Geswv: Clercq"
NL-HaNA_1.04.02_2555_0246.xml,
NL-HaNA_1.04.02_2555_0247.xml,
NL-HaNA_1.04.02_2555_0248.xml,No. 40.
NL-HaNA_1.04.02_2555_0249.xml,"131
Woensdag den 10 october 1742
present den Edelen heere president
jtem de heeren Raden en geassumeerde
Leeden in deesen
Als nu door den deurwaarder Nicolaas Smit
aan den raad overgegeven zijnde de resp:
op gave der gegijseldeus M:r Willem
vinceul Helvelius en m:r Cornelis Phillips
nopens hunne bloedvrinden die sig gaarne ter
behoorlijke tijd bij haar hadde om te spreeken,
soo is na dat door den hier pro interim
advocaat fiscaal mr Nicolaas Jongsma
was gedeclareert het selve te stellen
aan het believen van desen Rade verstaan
hunne versoeken dienaangaande te ac„
cordeeren en selvs aan geen. Mr. Cornelis
Phillips door en boven toegang bij syn
vrouw vande wed: de Roode te
permitteeren /:onderstont:/ Jn kennisse
van mij (:was geteekent:) G:s Schuij„
lenburg secrets:
Geextraheert uijt het memorial van den
agtb: raad van Justitie deses Casteels en accordeert
Batavia datum ut supra
Haksteen
Ad„ Gesw: Clercq"
NL-HaNA_1.04.02_2555_0250.xml,
NL-HaNA_1.04.02_2555_0251.xml,
NL-HaNA_1.04.02_2555_0252.xml,No. 91
NL-HaNA_1.04.02_2555_0253.xml,"132
Vrijdag den 12„e October a„o 1742.
Present den Edele heer President Jtem de hee„
ren Raaden en g'assumeerde Leeden indesen,
heeden door den Edele heer president m:r Iacob
Lakeman dese vergadering Expres belegt sijnde
door dien op gisteeren bij zijn Edele was gekomen den asj=n
geswoore Clercq Pieter Haksteen dewelke aan
sijn edele gedeclareert had dat den heer prointerim
advocaat fiscaal van Jndia m:r Nicolaas
Iongsma ter sijner requisitie wilde doen bleggen
Een attestatie vande ondercooplieden schippers
en volbergen ten laste van de heer m:r Ian blocquai
lid in den agtb: raad van Justitie, en waar omtrent ged:te
adj:t geswoore Clercq swarigheijt hadde gemaekt
versoekende daar toe qualificatie en speciale ordre
dog dat daar omtrend bij gemelte heere president al
mede swarigheijt gemaekt en bedenkinge gevallen
zijnde of een officier tot het beleggen van diergelijke
actens ter secretarie buijten voor kennisse vandenraad
wel was bevoegt soo hadde sijn Edele alvoorens
daar toe ordre tegeven, vermemt de vergadering
zulks temoeten voordragen warr op door gem: heer
prointerim advol aar fiscaal te kennen gegeven
sijnde dat seer wel geinformeert en berigt was dat
gem: heer m:r Tan bloc quau soo nogens sijn E:s
aanstelling tot prointerim advocaet fiscaal bij dese
vergadering
ry"
NL-HaNA_1.04.02_2555_0254.xml,"vergadering als omtrend sijn persoon Eenige aan stol
en selvs lasterlijke expressien gebruijkt soude hebben
gehad, die door hem pro-interim advocaete fiscaal mi
ongemerkt konden gepasseert
werden, vermeenende
zijn E: ook teffens dat gem: Naksteen tot het be
leggen van diergel: attestatien vanselvs was
gequalificeert sonder dat daar omtrent in vervolg
eenige swarigheijt meer behoefde temaeken, nahet
welk gem: Edele heere president in consideratie ga
of de voors: zaake schoon geresulteert uijt Een
versoek voor dese vergadering doorgem: hier pr
interim advocaat fiscaal gedaan, tot dezel
ve wel gehoorde dan wel off deselve voorde
ordinaire vergadering moeste gebragt werden
soo is na dat de heer Pompe van meerder voort
om redenen dat sijn E: tevooren was gekomen
dat de heer blocquan ter selver gelegentheijt sig
niet ontsien had seer malitius van sijn E:s per„
soon te spreeken, van sijn advis indesen versogt
hadde geExcuseert te sijn verstaan dese Zaa
tor de ordinaire vergadering te gehooren
en mitsdien de heer prointerim advocaet
fiscaal vrij te laaten tegens die tijd soodanig ge„
instrueert voorden dag te komen, als sijn E:
mogte oordeelen te behooren (onderstond) jn
J:s schuijlen„
kennisse van mij (was getekend:)
burg secrets:
geextraheert"
NL-HaNA_1.04.02_2555_0255.xml,"134
g'extraheert uijt het memoriael
vanden agtb: raad van
Justitie deses casteels en
accordeert
Batavia den 3 xber: 1742
WHaksteen
Adv„s Gesw: Clercq"
NL-HaNA_1.04.02_2555_0256.xml,No 42
NL-HaNA_1.04.02_2555_0257.xml,"135
Saturdag den 13:' october A:o 1742
Present den Edele heer President item d' heeren
Raaden en g'assumeerde leeden in desen
Heeden door den Edele heere president M:r Jacob
Lakeman aan desen raade onder andere mon„
„deling gecommuniceert zijnde dat op gisteren
door den heer Willem Mauriets Bruijnink
voor ende van wegens den gegijselde m:r Willem
vincent Helvetius aan haar hoog Edelens de
Edele hoogeregeringe deserlanden was gepresenteert
seker ampel request tenderende tot recusatie soo
van gem: Ed: heere president als den heer prointerim
advocaat fiscaal m:r Nicolaas Iongsma
niet alleen ten reguarde van gem: m:r Willem
Vincent Helvetius, maar ook ten opsigte dersaake
van den Geweese heer Gouverneur generaal
adriaan valckenier, soo is na overweging
van het nodige bij desen raade goedgevonden
sig aan haar hoog Ed: te addresseeren
en van deselve met Eerbied te versoeken een
autenticq afschrift van het voorsz request
door d'heer Bruynink voor ende van wegens
den"
NL-HaNA_1.04.02_2555_0258.xml,"den Gegijselde deses raads mr Willem Vincent
Helvetius gepresenteert ten eijnde daar omtrent
zodanig te doen als te raade werden sal, onderstont
inkennisse van mij, was getekent G:s Schuijlenburg
secrets:
GExtraheerd uijt het nietmoriaal van
den Agtb: raad van Justitie deses
Casteels en accordeert
Batavia datum Rissupra
Haksteen
F
ad Ct Gest: Clercq
O
203"
NL-HaNA_1.04.02_2555_0259.xml,
NL-HaNA_1.04.02_2555_0260.xml,No: 43
NL-HaNA_1.04.02_2555_0261.xml,"127
Saturdag den 13:' october 1742
Present den Edele heer president
item de heeren Raden en geassumeerde
Leeden in deesen
Door den Edelen heere president deses raads
M. r Jacob Lakeman heeden aan desen
dat
rade gecommuniceert zijnde op gisteren
in vergadering van haar hoog Edelens
door de heeren m:r Bernard Jacob dillafaille
Mr Pieter Willem Lammens, M: Theodorus
Policarpus Woijt m:r Jan Blocquau en
m:r Johan hendrik van Panhuijs was
gepresenteert seekere request met versoek
te mogen erlangen elucidatie off de hoog
Edele heeren 17:e haar Hoog Edelens hadde
aanbevolen hunliden te doen actioneeren
en soo nan dat gemelte heeren Zupplant„
als dan hadden versogt dat den heer
pro interim advocaat fiscaal mogte
werden geinterdiceert eenige proce„
duren tegens haar te onderneemen
en verder een behoorlijke satisfactie
wegens"
NL-HaNA_1.04.02_2555_0262.xml,"wegens hun geledeerde eer en fatsoen gege„
werden; dat haar hoog Edelens daarop
hadde verstaan copia van het selve versoek
in honden van den heer pro intermo adv„t
fiscaal te stellen om daar tegens zijne
verandwoording inte breegen van welke
Communicatie verstaan is dese aantie„
kening te houden /:onderstont:/ Jn kennise
van mij (:was geteekent:) G:s Schuijlenbu
secrets.
Geextraheert uijt het memoriaal
van den agtb: raad van Justitie
deses Casteels en accordeert
Batavia datum ut supra
Haksteen
Adv„ Gesev: Clercq"
NL-HaNA_1.04.02_2555_0263.xml,
NL-HaNA_1.04.02_2555_0264.xml,N:o 44
NL-HaNA_1.04.02_2555_0265.xml,"139
Donderdag den 18„en Octob„r 1742.
present den Edelen heere Pree„
„sident item de Heeren Raaden
en geassumeerde leeden in dezen
Door den heer Prointerim advocaat fis„
„caal van india m:r Nicolaas Iong„
„sma heden aan desen raade Ter Com„
„municatie gebragt zijnde seker Copia
request door de Heeren mr Bernhard
Jacob dellafaillerm:r Pieter
Willem Lammens, m:r Theodorus
Policarpus woijt m„r Ian
Blocquau en m„r Johan
Hendrik van Panhuijs
aan d' Edele hooge regeringe deser
landen gepresenteert nevens een
Extract uijt de notulen van het
gebesoigeerde en geresolveerde in
rade van india op den 12„en dezer
genomen waar bij gemelte heer
prointerim advocaat fiscaal is
verte"
NL-HaNA_1.04.02_2555_0266.xml,"geordonneert sijn verandwoording
nopens het gene bij gemelte re„
quest ten opsigte van sijn E: ver„
vat staat aan haar hoog Edelens
Te doen versoekende gemelte heer
prointerim advocaat fiscaal temo„
„gen weeten off dezen raade sig
dien aangaande sal gelieven in Te
laten met sijn E: dier wegens haar
agtb: advis te suppediteeren tot ad¬
structie en Corroboratie van Sijn
verandwoordinge dewelke voornemens
was Ter obedientie van de bevelen
van haar hoog Edelens opmorgen
in rade van india Te Exhibeeren
om dat vermeende dat het selve
versoek absolut Justitieel en tot
dezen rade behoorende is soo wier
na op leesing van het een en an„
der bij meerderheijt van Stemmer
verstaan sijn E:s verantwoording
te laten doen soo als raadsaamst
sal oordeelen en verder sig aan
haar hoog Edelens ten Spoedigste
te"
NL-HaNA_1.04.02_2555_0267.xml,"141
te addresseeren en Tes versoeken dat
op het voorschreeven request van
voormelte heer m„r Bernard: —
Jacob Dellafaille C: S: niet
gedisponeert maar het selve als
een Justitieele zaek sijnde aan
dezen rade ter decisie gerenvoijeert
mag werden /:onderstond:/ in kennisse
van mij /:was getekent:/ G=s
schuijlenburg secrets: —
G'Extraheerd uijt het me„
„moriaal van den agtb:—
raad van Iustitie dezes
Casteels en accordeert
Batavia datum utsupra
DHaksteen
Ed„k Gesw: Clerc
Ed"
NL-HaNA_1.04.02_2555_0268.xml,No. 45
NL-HaNA_1.04.02_2555_0269.xml,"142
present den Edelen heere president
item de heeren raden en geassumeerde
Leeden in desen
Donderdag den 18. ' october 1742
Uijt het schriftelijk raport door heeren
Commissarissen ter Enguste Mr: Theodouw
van Reverhorst en Evert Christoffel
Lonius overgegeven onder andere gebae„
ken sijnde dat den oud gesaghebber
van Jovas noord oost Cust Bartholomau
visscher hadde gesustineert op eenige
hem voorgehoudene vragen ingehouden te
sijn om te andwoorden soo mede dat den
e hier pro interim advocaat fiscaal
M:r nicolaas Jongsma eenige ten
desen gesupediteerde concept articulen
hadde opgegeeven te eijnde voorm: misscherd
door op insgelijx te hooren dog dat den ud
selve bij welgem: Commiss:n te speciaal
geoordeelt sijnde het een en ander een„
ad referendum was gehouden, wanneer
daar op bij desen rade invoegen bij
den"
NL-HaNA_1.04.02_2555_0270.xml,No. 45
NL-HaNA_1.04.02_2555_0271.xml,"142
Donderdag den 18. ' october 1742
present den Edelen heere president
item de heeren raden en geassumeerde
Leeden in desen
Uijt het schriftelijk raport door heeren
Commissarissen ter Enguaste Mr: Theodouuw
van Reverhorst en Evert Christoffel
Lanius overgegeven onder andere gebae„
ken sijnde dat den oud gesaghebber
van Jovas noord oost Cust Bartholomeus
visscher hadde gesustineert op eenige
hem voorgehoudene vragen ingehouden te
sijn om te andwoorden soo mede dat den
hier pro interim advocaat fiscaal
M:r niolaas Jongsma eenige ten
desen gesupediteerde concept articulen
hadde opgegeeven ten eijnde voorm misscher
doar op insgelijx te hooren dog dat den ud
selve bij welgem: Commiss:n te speciaal
geoordeelt zijnde het een en ander en„
ad referendum was gehouden, wanneer
daar op bij desen rade invoegen bij
den"
NL-HaNA_1.04.02_2555_0272.xml,"den aanvank der enqueste ook te meermalen
was geschied in serieuse overweeging sijnde
genomen off de vraag poincten waar op den
hier pro interim advt. fiscaal de getuijgen
zoude willen doen hooren, niet bevorens
gereedheijd soude konnen brengen om
129
deselve sodanig onderteekent aan Commiss„
ter enqueste te overhandigen en daar op
gehoord sijnde het declaratoir van gem:
h:r pro interim advocaat fiscaal nament„
lijk dat sulx voor hem ondoenlijk was
vermits na veele duijstere zaken moesten de
ondersoek doen; deselve op sodanige wijsse
minder aan dendag soude koomen dan
Jegenwoordig nadien uijt de beandwoording
der getuijgen somwijlen wedernieuwe vro
gen voort spruijten die ter zake dienende
sijn item dat sulx ook te veel tijd
soude wegnemen en daar door onder
Crimineel werk soude moeten stil
staan althans goed gevonden en verstaan
dat de voorn. visscher met syne gegevene
responsiven
„"
NL-HaNA_1.04.02_2555_0273.xml,"17424
responsiven kan volstaan en sonder gehouden
te sijn op de nadere vragen te andwoorden
en verders dat Commissarissen op den vaet
invoegen de enqueste begonnen sijn zullen
voortvaren, na het welk door welgem:
hier pro interim advocaat fiscaal
versogt sijnde dat dese rade bij de Edele
hooge regeeringe dese zonden mogte
nisteeren dat een ander acte van Jnpuni„
teijd mogte werden gepubliceert ende
geaffigeert waar bij een peenaliteijd
wierde gestatueert voor die geereden¬
welke naderhand bevonden mogte werden
geld off geldswaarde voor hunne bedienin
gegeeven te hebben, overmits het syn
E: anders ondoenlik was de waarheijd
te ontdekken ingevalle en nopens meerme
acte geen verandering wierd gemaakt,
en dat de persoonen dewelke dienaangeen„
de bereets gehoort en nog nader geinterro„
„geert konden te werden, ongehouden
waren"
NL-HaNA_1.04.02_2555_0274.xml,"waren verder als in generale termen te
respondeeren, welk versoek al mede bij
desen rade is overweeging genomen zijnde
soo wierd nogthans goed gevonden, daar
mede te supereedeeren tot dat nopens
het koopen en verhoopen van bedieningen
meerder persoonen soude weesen gehoort
/:onderstont:/ Jn kennisse van mij (:was
geteekent:) G:s Schuylenburg secrets:
Geextroheert uijt het memoriaal
van den agtb: raad van Justitie
deses Casteels & accordeert
Batavia datum ut supra
Haksteen
Ad„ Gese Clere"
NL-HaNA_1.04.02_2555_0275.xml,
NL-HaNA_1.04.02_2555_0276.xml,No: 45½
NL-HaNA_1.04.02_2555_0277.xml,"176
Vrijdag den 19:' October A„o 1742.
Edelen heere president Item de heeren Raden
en g'assumeerde leeden indesen..
Saturdag den 27„en October 1742. Present den
door den Edelen heer president m:r Iacob Lakeman is opleeden in
rade overgebragt het onderstaande.
Onder de heeren raden ter resumptie rond geweest En
althans weder ingekomen zijnde het request van M=r
Willem Vincent helvetius vermelt ternotul van
den 12:e Courant zo wierd over dedaar bij gedane versoe„
ken tot recusatie van den heer M„r Jacob Lake„
man enden pro. interim advocaat fiscaal M=r
Nicolaas Iongsma zo in sijne als de zaeken van
desselvs aanbehuwt broeder den gewesen heer gouverneur
generael Adriaan Valckenier geraisonneert sijnde
goed gevonden en verstaan gem: helvetius sig de geraden
vindende tot recusatie van gem: heer president Lakeman
ouj
Extract uijt de notulen van
't gebesoigneerde En geresolveerde
in Rade van India. -
te
op"
NL-HaNA_1.04.02_2555_0278.xml,"tedoen addresseeren aanden regter alhier als den ordinairen
weg en daar toe te gebruijken middelen van regten /(onderstun
accordeert /was getekend/ P:s A:s v:n d:n Parra seciet
Zo is na resumptie vandien verstaan het selve in't memoriaal van
den raad tedoen Jnsereeren (onderstond) Jnkennisse van wij /was
getekend:) G:s Schuijlenburg secrets:). -
geExtraheert uijt verhet memoriaal
vanden agtb: raad van justitie deses
Casteels en accordeert.
Batavia datum ut supra
Maksteen
Ed„e Gesw: Clercq"
NL-HaNA_1.04.02_2555_0279.xml,
NL-HaNA_1.04.02_2555_0280.xml,No. 46.
NL-HaNA_1.04.02_2555_0281.xml,"Saturdag den 27„' 8ber: 1742
Present den Edelen heere praesident
item de heeren Raden, en g'assumeerde
Leeden in desen.
Door den Edelen heer president m:r Jacob Lakeman
is op heden alhier in rade overgebragt het onderstaende
Extract uijt de notulen
van 't gebesoigneerde en
gerecolveerde in rade van
india. —
En van den agtb: raad van Justitie dese Casteels
tevorderen alle zodanige secreete en 'tandere
papieren, item dispositien en notulen 't zij
die mogte vervatten afgave van secreete
advijsen en andere papieren mitsg:s in ten dic„
„tien of hoedanig die gen:t soude mogen sijn
als bij bovengem: rade gehouden en gevallen
sijn wegens het versoek van den ged:e officier
zoo
tot het dagvaerden in persoon van gen:e leeden
van Justitie Della faille, Lammens,
Woijt, Blocquau en den water fiscaal
Aan panhuijs en die tot het gementioneerd
versoeken het fundament vandien mitsg:s tot
Vrijdag den 19„' october 1742.
het
178
op"
NL-HaNA_1.04.02_2555_0282.xml,"het gedoente vanden meerm gerointerim
advocaet fiscaal Jongsma soo vooral
na ged: versoek Eenige betrecking hebb„
/onderstond:/ accordeert /:was getekeend
P„r A„s v D:r Parra. Secrets:. —
Na welkers resumptie bij desen rade ter obediente
en voldoening van dat g'Eerd besluijt, verstaan, wie
aan haar hoog Ed:s de Edele hooge regeeringe dezer lande
nevens desen telaten presenteeren een dispositieff
van dato 3:' deser waarbij den heer prointerim advoc:t
fiscaal de versogte citatie in persoon tegens de heeren
m:r bernard jacob Dellofailde, m:r pieter
willem Lammens, m:r theodorus polij Carpus
Woijt, m:r Jan Blocquau, en m„r Joan Hendriks
van panhuijs is ontsegt geworden voor als
nog mitsg:s vier stux notulen van datis 12:' en 19:'
7ber: item 3:' en 6:' october jongstl: ten dsen
reguarde gevallen en voorts te verklaeren dat
geen secreete papieren concerneerende die
zalke bij desen rade gehouden sijn als mede van
het verder off ander gedoente van den heer
prointerin advocaet fiscaal ten desen
belangen niets teweeten. /:onderstond:/
jnkennisse van mij /:was getekend:/ g
Schuijlenburg Secrets
g'Extrabeerd"
NL-HaNA_1.04.02_2555_0283.xml,"150
G'Extraheerd uijt het memo„
riael van den agtb: raad van
t
justitie deses Casteels en accord:t
Batavia datum ut supra
Haksteen
d „r Geste Clrck"
NL-HaNA_1.04.02_2555_0284.xml,No 47
NL-HaNA_1.04.02_2555_0285.xml,"Saturdag den 24„' Novemb„r 1742.
Vrijdag den 16„' Novemb„r 1742.
Present den Edelen heere praesident, item de heeren
Raden en geassumeerde Leeden in desen
Door den Edelee heere president m:r Iacob Lakeman is op
heeren alhier in raden overgebragt hen nagolgenen
Ahlverder is verstaan aan den agtb: raad van justi„
tie deses Casteels, bij Extract deses kennisse te geven,
nopens de aankomste van den heer gewesen gouver„
„neur generaal Adriaan valckenier met 't schip
Desara Iacoba van cabo de goede hoop, en dat
zijn Ed: conformhtaanschrijvens van haar Edele
hoog agtb: de heeren seventhienen in het patria
op Eer der punten deses Casteels of wel Eijgent„
„lijk depunt D' Robijn in militair arrest is
overgebragt geworden ten Eijnde verder te
voldoen aan het geordonneerde door wel gem:
hoog Edele heeren zeventhienen /:onderstond:/
Extract uijt de notulen van
't gebesoigneerde en geresolveerde
in rade van Jndia.
accordeert
151
op"
NL-HaNA_1.04.02_2555_0286.xml,"accordeert /:was getekend:/ P„l A„s v„n D:r Pan
Zoo is na dies resumptie verstaan het selve in 't memoriael
van den raad te doen insereeren
/:onderstond:/ in kennisse
van mij /:was getekend:/ g„s Schuijlenburg Secret:s
G'Extraheerd uijt het memoriael van
den agtb: raad van Justitie deses
Casteels en accordeert
Batavia Datum ut supra
Secret:s
Haksteen
adj„te Geswv: Clercq"
NL-HaNA_1.04.02_2555_0287.xml,
NL-HaNA_1.04.02_2555_0288.xml,No: 48
NL-HaNA_1.04.02_2555_0289.xml,"153
Saturdag den 24„e 9ber: 1742. Present
den Edele heere praesident item de heeren
Raaden ende geassumeerde Leeden in desen
Bij se keere Extract uijt de notulen van het gebesoi„
„gueerde en geresolveerde in raade van india geno„
„men op vrijdag den 16:' deser maand thans aan
desen raade Eenlijk zijnde communicatie
gegeven dat den geweesen heere gouverneur
generaal Adriaan valckenier van Cabo
de goede hoop alhier aangeland en op een der
punten van de bolwerken des Casteels in Een
militaire arrest overgebragt was geworden
omme nade ordre van haar Ed: hoog agtb: be„
„handelt tewerden, souder dat egter daerbij
consteerde het acces van desen engene bij haar
hoog Edelens aan denselven verleend dan wel
dies intrecking aan desen raade gedemandeert
Zoo is op de gemaekte swaerigheijt van Eenige
der heeren Leeden of men denselve heer
valckenier wel van het voors:) acces nog
langer souden mogen laten gaudeeren door den
Edele heere president gedeclareert dat aan
niemand eenig acces oftoegang bij den Even
gem: geweesen heere gouverneur generaal
Adriaan volckenier door haar hoog Edelens
was verleend geworden dan Eenelijk aanden Ed:
heer raad Extra ordinaris Nicolaes Caul.
de heer"
NL-HaNA_1.04.02_2555_0290.xml,"D' heer Willem maurits Bruijning en meji
de wed:e massis, goed gevonden en overstaen
voor als nog hier omtrent geen speciaal
besluijt teneemen maer daar mede solange
te wagten tot dat den heer prointerim advocaet
fiscaal ten desen belange mogte op komen
/:onderstond:/ jn kennisse van mij /:was getekend
g„' Schuijlenburg Secrl:ts
G'Extraheerd uijt de memoriael
van den agtb: raad van justitie
deses Casteels en accordeert
Batavia datum ut supra
Haksten
AdW: Gesrar Clercq"
NL-HaNA_1.04.02_2555_0291.xml,
NL-HaNA_1.04.02_2555_0292.xml,No. 49
NL-HaNA_1.04.02_2555_0293.xml,"155
Saturdag Den 24:' November 1742.
Present den Edele heere President item
De Heeren Raade ende geassumeerde Leeden
Indesen
uijt het schriftelijk rapport door Commissarissen
ter enqueste m:r Reijnier Stapel, en Rudolph
Carel vonglan thans overgegeven onder onde„
ren gebleken sijnde dat den secretaris van
heeren schepenen deser stede Anthonij Isaac
Cassa, den procureur m:r Willem Cras nevens
den gesw: clerk van desen raade Paul Frredrik
Eversoon hadde gesustineert op eenige henlieden
voorgehouden vraagen, ongehouden te sijn
speciael te antwoorden, uijt oorsaak deselve
haer presente en geweesene bedieningen
resp: soude concerneeren dog dat gem: Com
„:missarissen door om sulx adre ferendum
hadde gehouden, wanneer daar op bij desen
raade na resumtie van sodanige vraagpoinc„
ten als waar op gem: Cassa, Cras, en Persoon
waaren gehoordt, wierd verstaan hun thans te„
condemneeren te weten de gem: Cassa artl: 12. 13.
14. en 15. den gesw: clerk sversoon ortl: 3. 4. en 5. en
den procureur Cras artl: 2. 3. en 10. van de inter„
rogotorien hun resp: voorgehouden naader
en speciael na waarheijd te beantwoorden
onderstond/ In kennisse van mij, was getekent,
G:s schuijlenburg secrets:;
geExtraheert uijt het memoriael
van den agtb: raad van Justitie deses
-:
Casteels en accordeert
Batavia Datum utsupra.
Hansteen
Adv„t Gesw: Clercq
.."
NL-HaNA_1.04.02_2555_0294.xml,
NL-HaNA_1.04.02_2555_0295.xml,
NL-HaNA_1.04.02_2555_0296.xml,No. 492
NL-HaNA_1.04.02_2555_0297.xml,"Maandag Den 26:' November 1742. —
Edelen Heer en Agtbare Heeren. —
Present Den Edelen heere President item De heeren
Raden en Geassumeerde Leeden Indesen,
Door den heer prointerie advocaat fiscael m:r Nicolaas Iongsma.
is op heeden aanden raad gepresenteert het onderstaende request
en daarnevens overgelegt een register met verscheijde stucken
versoekende als in het Eijnde van het selve request
Aan den Edelen heerm:r Jacob
Lakeman Raad Extraord=s
van Nederlands India en pre„
:sident;-
Benevens.
De verdere Heeren Raden
en geassumeerde leden van
desen agtb: Rade van Iustitie,
den prointerie advocaat fiscoel van India m:r
Nicolaas Iongsma volgens het aanschrijven
heeren
der Ed: groot agtb: seventhienen in dato 23=e
september en 3:e december 1741. onder ande
ren gelast en gequalificeert sijnde voor
uEd: en agtb: Criminaliter te procedeeren
tegens den gewesen gouverneur generael
adriaan valckenier, tegenwoordig /:blij„
:kens het op eer gisteren in desen rade over„
gebragte Extract uijt de notulen van het
gebesoigneerde en geresolveerde van
haer hoog Edelens in dato 16:' deses :/ op de
punt De Robijn bij provisie in militair
arrest zittende, over en ter sake deselve
sig op den 6:' december 1740. niet heeft
ontsien, om op een despotijcque wijse
door
156
„"
NL-HaNA_1.04.02_2555_0298.xml,"door de militie en het geweld der wapenen
inde vergaderinge van hoog gem: haer Ed:s
in arrest te nemen, en in die staat na het
vaderland weg te senden drie ordinaire
leden uijt deselve, mitsgaders bovendien
te perpetreren veele andere hoog gaand
Crimina, dewelke uEd: en agtb: uijt de
hier nevens vertoonde Extracten uijt d
voorsz: notulen van den 6:' december 1744
en 15:' december 1741. mitsgaders de gehou
:dene en queesten soo over demassacre
destadsheeren boeijens, Chineese hospi„
„tael etc:a als andere poincten volgens
vens gaande register niet stucken ten la
te van gedagte Valckenier leggende, sullen
komen te blijken, en middag klaer aente
:nen, dat alle tesamen, en ijder in het bij
:sonder soo important en so gewigtig
sijn dat volgens alle goddelijke en men
:schelijke wetten de aller swaerste en Ca„
pitaalste straffen verdient hebben
soo is het dat hij ondergetekende uijt aan
:merkinge dat in diergelijke en veel ge„
„ringer gevallen naregten en stijle van
procederen altoos en sonder aansien
van persoonen in carceratie plaats
heeft, sig ten hoogsten genecessiteerd vin
hem aen uEd: en agtb: /: tot voorkoming
van allerleije door slepene en voorde
Iustitie nadelige menues, dewelke door
dese ofgeme vande complicen ofte
Clandestinen aanhang van voorsz
Valckenier souden kunnen in het
werk gesteld werden:/ ten allerspoedig
sten te adresseeren, en Eerbiediglijk
te versoeken, dat hij mag werden
gequalificeert den persoon van meer„
gemelte adriaen valckenier op eene
Convenable wijse in uEd: en agtb: boeije„
over te brengen, en aldaar tot nader
dispositien"
NL-HaNA_1.04.02_2555_0299.xml,"158
dispositie buijten oues te houden /onderstond)
quofacto etc:a, was getekent, N:s Iongsma,
ter sijde stond, in gedient den 26:' 9ber: 1742. —
Den Raad het bovenstaende versoek
en de stucken daar nevens overgelegt
met aandagt hebbende geresumeert
accordeert het versoek van in Carce„
ratie op den persoon vanden gewesen
heere gouverneur generael adriaen
valckenier buijten aces van een
ijgelyk /onderstond/ in kennisse
vanmij, was getekent, G:s Kchuijlenburg
secrets:;
GeExtraheert uijt de Crimineele
rolle vonden agtb: raad van
Iustitie deses Casteels en accordeert,
Batavia datum utsupra;
HHahsteen
ad Vr„ Gesw: Clercq"
NL-HaNA_1.04.02_2555_0300.xml,N:o: 50.
NL-HaNA_1.04.02_2555_0301.xml,"159
Maandag den 26„en 9ber: 1742
Present den Edelen Heere
Praesident Item de heeren
Raden en geassumeerde leeden
in deezen. —.
Heeden Geaccordeert zijnde
het versoek van den heer pro
interim advocaat fiscaal
m„r Nicolaas Iongsma
tendeerende tot incarceratie
van den geweesen heer Gou„
verneur generaal Adriaan
valkenier soo is ver„
staan de Edele Hooge
verte"
NL-HaNA_1.04.02_2555_0302.xml,"Regeeringe dezer Landen te
versoeken dat gemelte heer
Adriaan valkenier bij
provisie op de punt de
Robijn alwaar den zelven
thans in militair arrest
sit gedetineert mag blijven
en sulx buijten acces van
een ijgelijk /onderstond / in
kennisse van mij /was getekent/
g:s schuijlenburg secrets:—
G Extraheerd uijt het memoriael
van den agtb: raad van Justitie
deses Casteels en accordeert
Batavia Datum ut supra
Haksteen
Edje: Geswr: Clercq"
NL-HaNA_1.04.02_2555_0303.xml,
NL-HaNA_1.04.02_2555_0304.xml,N:o: 51.
NL-HaNA_1.04.02_2555_0305.xml,"Saturdag den 24„' 9ber, 1742
Present den Edele heere president
item de heeren Rader en geassumeerde Leeden
in desen.
Door den Ed: heeren praesident m:r Jacob
Lakeman te deser vergadering overgebragt
sijnde zeeker Extract uijt de notulen van het
gebesoigneerde en geresolveerde in rade van india
op den 16:' deser concerneerende het geschrift door
de heeren m:r Bernard Iacob Dellafaille,
m:r Pieter willem Lammens m:r Theodorus
Polijcarpus woijt en m:r Jan Blocquau
aan de Edele hooge regeeringe deser landen gepre„
senteert, verseld van de Copia van het selve,
soo is goed gevonden in soo verre het dese verga„
dering mogte raken aan de hoog Edele heeren 17=en
bij het aanstaande aftegaan schrijven het nodige
in korte termen tot de charge tenoteeren
/:onderstond:/ in kennisse van mij /:was getekend:/
P„l Schuijlenburg secret„s —
G'Extraheerd uijt het memoriael
van den agtb: raad van Justitie
deses Casteels en accordeert
Batavia Datum utsupra
baksleen
Ad J„ Gesw: Clercq
161"
NL-HaNA_1.04.02_2555_0306.xml,
NL-HaNA_1.04.02_2555_0307.xml,
NL-HaNA_1.04.02_2555_0308.xml,N:o: 52.
NL-HaNA_1.04.02_2555_0309.xml,"162
Wel Edele groot Agtb: Heeren
Aan sijn hoog Edelheijd den
wel Edele groot agtb: Heer
Johannes Theedens
gouverneur generaal benevens
dewel Edele Heeren Raden van
Nederlands Jndia. —
Geeven met alle onderdanigheijt te kennen M„r
Bernard Iacob Dellafaille, m:r Pieter
Willem Lammens, m„r Theodorus Polij carpus,
Woijt, ordinaris Leeden, en m:r Ian Blocquau
Extra ordinaris lis in den raad van Justitie deses Casteels
dat zij zupp:ten tot haar groot leedwersen genoodsaekt
zijnde geweest, aan uw hoog Edelens op den 12:' der gepasseerde
maand fblr: bij requeste op het Eerbiedigste voortedra„
„gen haare regtmatige klagten, en dolcantien tegens
den prointerim aangestelden advocaet fiscaal m:r
Nicolaes Iongsma als den welken zig niet
ontsien had de supp:ten op Een sanglante wijse te
laderen mitsg:s in haare Eer en goede naam aan te tasten
uw hoog Edelens de goedheijt hebben gehad het gem:
versoekschrift in deliberatie te houden en aan
welkers Contenue de zupp:rn hun in soo verre dan
nog als bij dese in alle Eerbied zijn refeerende
dat ondertusschen, en gedurende dese uw hoog
Edelens deliberatien de Zupp:ten gecompareerd zijn
in rade van justitie zoo dikwils aan haar door den
deurwaarder op ordre van den Ed: heer
president"
NL-HaNA_1.04.02_2555_0310.xml,"presieent de vergadering is aangesegd geworden,
en aldaar de justitie hebben helpen administreren
in een goede hermonie en Eenigheijt met den
Edelen heer president en haare verdere medeleeden
dat voorts op woensdag den 17:' der voors: maand
8ber: door den prointerim advocaet fiscaal
aan den raad gepresenteert wesende Een request
de
met versoek om den secretaris van het Eerw:d
Collegie van heeren scheepenen deser stede
Anthonij Isaac Cassa, item den Eerste gesw:
Clercq der generale secretarije van uw hoog
Edelens Jodocus adolph gerlag en den
ondercoopman Huijbert de lahaaije temogen
dagvaerden in persoon op fundament van
Eenige attestatien bij voorm: request overgelegt„
dog die alle door hem sonder voorkennisse van
den raad na eijge zijen, en welbehoegen waeren inge„
„wonnen, wijders op voorm: versoek wel nabehooren
gedisponeert, maer teffens als doen ook uit
consideratie dat den prointerim advocaet fiscael
dagelijx meer; en meer sijn werk kwaem te
maeken van informatien inte winnen tegens
alle die het hem maar geliefde sonder
onderscheijt of aansien van persoonen, en sonder
daar van Eens deschuldige en verEijste praallable
kennisse te geven aan den raad aan wie hij nogthand
ten reguarde van de Exercitie van zijn ampt
alle voorkennisse verschuldigt was, met uwarin
stemmen"
NL-HaNA_1.04.02_2555_0311.xml,"164
stemmen beslooten, ende goedgevonden is; in
het aanstaende daartegens te voorsien door
het neemen van een resolutie waer bij de
respective officieren zoude werden g'ordon„
neert, om hun ten op sigte van het neemen
van informatien stiptelijk te reguleeren
soo naer de ordres door Uw Ed: groot agtb:
onsen heeren en m:rs bij verscheijde missiven
herwaerts aengesz: als na de vaderlandse
gerecipieerde practijk, dat voorts den prointerin
fiscaal deese solijtaire resolutie gans naardelig
aanmerkende voor zijne Cinguliere menie
en quaad aordige des-sijnen, en daeromme
door alleweegen en middelen tragtende
deselve weder uijt den wegte ruijmen met
dat in sigt des woensdag daer aanvolgende
met den aanvang vande ordinaire vergade„
„ring, zijnden den Edelen heer president
als doen niet present door in dispositie, aan
het voorzittend Lid de heer m„r Jacob van
Den Bosch heeft overgegeven een schriftuur
met versoek dat het selve aanstonds en voor men
trad ter afdoeninge van Eenige andere saaken
mogte werden geleesen, alsoo hij sustineerde doer
bij periculum in mora teweesen
Dat het voorm: schriftuur geleesen
sijnde
en"
NL-HaNA_1.04.02_2555_0312.xml,"zijnde de zugq:te daer uijt niet alleen ontwaerd
hebben het selve tebestaan in Eenige frivale
Consideeratien hem fiscaal in sijn kraam
tepasse komende, ter omwerpinge van boven
gem: resolutie, dewelke soo als bereeds
gem: is met unamime stemmen genomen
was, en die als doen de resumptie zoude ge„
passeert hebben in dien d' Ed: heer praesident
tegenwoordig was geweest maar ook dat
boven ende behalven de Consideratien, den
fiscaal de quaadaardigheijt heeft gehead, om
de zupp:ten te suggileeren dat zij omme
zig te revengeeren van het geene door hem
fiscaal volgens zijn Eed en pligt tegens haar
was geenthameerd, en ten welken belange hij
gantsch onbeschaemelijk god almagtig tot
getuijge komt aanteroepen gem: resolutie die
grootelijx volgens zijn voorgeven ten zijnen
nadeele strekte hadden helpen doordringen met
betuijginge bij dat schriftuur wanneer deselve
resolutie wierde g'approbeerd hij niet in staat
zoude wesen zijn ampt Langer te kunnen
blijven waernemen, als mede dat hij
fiscaal doer en boven vermeende, dat de
zupp=ten om heeden dese zaak voor hem
zoo praejudiciabel was over het neemen
van"
NL-HaNA_1.04.02_2555_0313.xml,"166
van gem: resolutie als regters niet konde voteeren
alsoo die Eclatante quaestie tusschen hem, en
tusschen de zupp:ten door uw hoog Edelens
nog niet was gedecideert
Dog welke onbeconnetael die de zupp=ten
vermeenen zeer oneerbiedig omtrent uw hoog
Edelens g' uijt te sijn naardien het den fiscaal
immers niet vrij en staat g'duurende uw
hoog Edelens deliberatien ietwes naders de
voors: zaek raekende tegens de zupp=ten te
Enthameeren vermits zulx volkomen is
streckende tot laesie en viliependie van uw
hoog Ed:s voors:) deliberatien mitsg:s ten hoogsten
praejndiciabel voor de zupp:ten de wijl seij
op dat fundament na het plaicier en welge„
vallen van dien officier zoude blootstaen,
voor zijne recusatie in alle saeken, waar
in hij sig maar parthij soude willen stellen, zij
zupp:ten de vrijleeijd neemen op het alder Eerbie„
„digste te brengen onder het ooge van uw
hoog Edelens met oodmoedig versoek dat
zij in haar ampten als raaden van Justitie
waerinne zij door de gunste van UwEd:
heeren
groot agtb: onse harten en m:rs zijn gesteeld,
tegens dese wederom nieuw gepractiseerde
en onregtvaerdige gedoentens van den
prointerin"
NL-HaNA_1.04.02_2555_0314.xml,"prointerin fiscaal Iongsma door uw hoog
Ed:s mogen werden gemaintineerd.
dat wijders in de daar aan volgende
vergadering of den 31:e 7ber: meerm: den Ed:
heer president gecompareert ende door Sw Ed:
voorm:te resolutie in deliberatie zijnde
gebragt deselve als doen met meerderheijt
van stemmen is afgekeurd en alsoo den
prointerin advocaet fiscael de handen
ruijm en vrij gelaten omme tegens een
ieder wie het ook soude mogen weesen
sonder aansien van persoonen in formatien
te kunnen laten beleggen sonder voor„
kennisse van den reghter mitsg:s aldus
een jegelijk te Exponneeren aan Een onge„
hoord ondersoek van Een quaad willig fiscael
waer voor niemand als nu kan zeggen
meer bevrijt tewesen, dog waar tegens de
Zupp:ten van hunne pligt g'oordeelt hebben
jn raede van Justitie te protesteeren dewijl
zij geensints in der tijd zoude willen aensprae„
kelijk zijn wegens de onheijlen die daar uijt
noodsaekelijk moeten volgen temeer na
dien desupp:ten vermeenen dat hunne sustenue
billijk, regtmatig en over Een komende is,
met
E"
NL-HaNA_1.04.02_2555_0315.xml,"168
met de veel g'Eerde ordres van haar
wel Ed:s hoog agtb: onse heeren en m=rs
mitsg:s de vaderlandse practijcq gelijk
sulx klaerlijk geleerd werd bij Pieter Bork
in zijn tract: Crim: tit: 4. num: 42. en 43.
his verbis den procureur generaal is
gehouden soo haast eenige misdaat ter
zijneer kennisse is gekomen het Leere
den hoove aante dienen dewelke de saak
daar toe gedisponeerd vindende deselve pro„
„cureur generael belast op het selve
feit ende Circumstantien van dien hem pre„
paratoire te informeeren de reedenen daar van
zijnde, om dat zelfs preparatoire in forma„
„tien over een delict gewonnen Eeniger
moeten graveeren en famieren der geene
daar deselve tegens genoomen werden, et
ne fuiscus authoritate Sibi concessa, ijn
pernitiem alterius abutateur en legum
Iuris 43. obtentie irae et ultiom obsequa„
tar sooals tesien is bij groenewegen in
tract: de LL: abrog: ad: tit: Cod: de his:
qui. accusare non passunt gelijk dan ook
de informatien door Een officier met
voorweeten ende kennisse van den regter
genomen zijnde moeten werden
gebragt"
NL-HaNA_1.04.02_2555_0316.xml,"gebragt ter Examinatier ende ondersoek van
denselven omme op de versoeken van de
fiscaal naar bevindinge zaken te werden
gedisponeerd waarmede ook over eenstemmen
de g'Eerde ordres van H: WEd:s groot agtb:
onse heeren in m:rs bij verscheijde missiven
herwaerts aangesz: en wel voornamentlij
bij die in dato den 8:' 7ber: 1733. in welke
haar wEd: groot agtb: zig met dese woorden
gelieven te Expliceeren dat den fiscaal
van holland geene actie vermagte insti„
„tueeren sonder Commiere voor kennisse
en consent van 't hof, en dat HwEd:s groot
agtb: derhalven geene reeden kunnen cinder
waeromme het Jndien op geleijke wijze niet
soude kunnen practicabel gemaekt
werden na welke vaderlandse practijk en
g'Eerde ordres den Ed: heer president nevens
M„r Willem Vricent Helvetius, en m:r Cornelis
Phillips tesamen met den Eerster ondergetek:
zeg ook hebben gereguleerd in 't op maeken
van de nieuwe instructie voorden raad
van justitie als tesien is uijt het 21. articul
van het Capittel rakende den advocaet fircaal„
Zijnde het selve van dese inhoude, en sal
den"
NL-HaNA_1.04.02_2555_0317.xml,"170
den selve advocaet fiscaal geene in formatien
precedente neemen nogte iemand inhegte„
„nisse stellen ten waare bij ordonnantie
van den raad, ofte insaeke daar hij
present waare als het delict geschiede
ofte Eenige particuliere ofte Contrabande
waeren wierden ontdeckt, in welke laaste
gevallen hij ex officio sulx sal vermogen
tedoen, dog gehouden zijn daar van jllico
aan den raad kennisse te geven en nade„
maal nu door het stuijten van voorengem:
resolutie den prointerim advocaet fiscael
Eene ample en volle magt heeft, om na
zijn sin en wel behoegen te kunnen grosseeren
het welk de zupp:ten oordeelen een saak
te weesen van de allerswaarste gevolgen
soo hebben zij niet kunnen mancqueeren
maar haar ten hoogsten verpligt bevonden
dese haere consideratien met Eerbiedig te brengen
onder het wijs ende door sigtig oog van uw hoog
Edelens ten harer de Charge als geen parts
nog deel willende hebben aan de onheijlen
die sonder twijffel ui't vervolg van tijken
uijt alle dese zoekestaen tevolgen
voornamentl"
NL-HaNA_1.04.02_2555_0318.xml,"voornamentlij om dat in den raad door
Eenige der geener die de resolutie met
unamime stemmen genoomen thans hebbe
helpen om veerwerpen gezegd en staende
gehouden is dat het verbieden aan den
fiscaal tot het neemen van presedente
in formatien buijten voor kennisse van
den raad een poinct is dat vande hoop
overigheijd dient aftevloeijen, moetende
de zupp:ten met alle Ernstebetuijgen dat
dewijl den prointerim advocaet fiscael
de onbeschaemtheijd gehad heeft zig in een
van zijne schriftuuren uijttelaten
_„
dat hij zig ten uijttersten beswaerd bevond
om met gerustheijd en goede oogen aan te sien
dat persoonen dewelke zig aan soodanige
strafbaere conduites hadden schuldig
gemaekt zouden blijven Continueeren in't
teeder ampt van regters de zupp:ten haare
conscientien ook veel te teeder zijn als
dat zij langer zoude stil zetten en uw
hoog Edelens haare wettige overigheijt geen
kennisse geeven van de gevaarlijke gevolgen
dewelke door de zupp:ten voorsien en
door den prointerim fiscaal zeekerlijk
sullen"
NL-HaNA_1.04.02_2555_0319.xml,"172
sullen werden veroorsaekt hier mede zouden
de zupp„ten haare regtvaerdige klagten tegens
een prointerim fiscaal konnen Eijndigen, ten
waere zij zeedert Eenige dagen in Erva„
„rentheijt gekomen waeren op wat voor
een ongepermitteerde wijse haare zaeke bij
de raad van Justitie is behandelt en ten
welken belange de zupp:te ootmoedig per„
missie versoeken bij desen nog ter neder
temogen stellen dat door den voorn: fiscaal
nu Eenigen tijd geleden aanden raad van
justitie in absentie van de zupp:ten zijnde
gem: raad als doen gesterkt met de g'assumeer„
„de leden en Eenelijk vergadert ter verhande„
„linge van de saeken roekende den geweesen
heer gouverneur generael Adriaan Valckenier
versogt zijnde, om temogen hebben Copia van
de zupp:ten haare advisien waer bij sig het
versoek van gem heer valckenier op den
27:' xber 1740. aan den raad gedaan hadden
toegestaen en die in desecreete Cassa bewaert wirden
het selve versoek aan hem is g'accordeert ge„
worden dat voorts op woensdag den 3.:' 8ber:
daar aanvolgende dien officier schoon ten vollen
overtuijgt dat gem fecreete advissen geensints
tot"
NL-HaNA_1.04.02_2555_0320.xml,"tot Eenigen grond konden dienen van zijne
actie, die hij tegens alle regten onderstaan hee
tegens de zuipp=ten te Enthaneeren des niets jeve„
„staende op fundament van voors: advijser
ten
versoek gedaan hebbende omme de supp:ten
temogen dag vaerden in persoon en deselve
crimineele te actioneeren, dit tweede
versoek aen hem ontsegd is voor als nog
dat onaengesien den fiscaal zig vervolgens
hadde behooren stil tehouden denselven Egter
tot die ongehoorde assurantie en buijten sporig
„heijt heeft konnen goed vinden overteslaan, om
op vrijdag of saturdag daar aan ter secretarije
vanden raad telaten in gereetheijd brengen
decitatien net te versoeken daer bij annex om„
„une tegens den volgenden woensdag de zupp:t
als Crimineele misdadigers ter publ: rolle te dan
Compareeren, en aldaar soodanige versoeken
en Eijsch te aanhooren, als hij fiscaal tegens de
Zupp:ten soude willen neemen, dat een dergestr:
clercquen, zulx niet op zigh dervende neemen
en dierhalven op saturdagh hier van kennisse heb„
„bende gegeven aandeen raad, die als doen
ter behandeling van de saeken, den geweesen
heer generael Valckenier rakende wederom
vergadert"
NL-HaNA_1.04.02_2555_0321.xml,"174
vergadert was, denselven raad daer op aan
hem fiscaal heeft geinterdiceert om verder
met voorm:te zaeke voort tegaen als wanneer
ook met Eene door den Edele heer president
m:r Jacob Lakeman ende ordinaris
Leeden de heeren m:rs Iacob van den bosch,
Theodorus van reverhorst, en Reijnier
Hapel is verklaerd, dat in dien den fiscaal
de gem: zaak verder quaam te pousseeren
haar agtb: zig beswaerd bevonden omme
jn deselve als regters te kunnen blijven
zitten dat daer op door de Zupp:ten aan uw
hoog Ed:s bij requeste haare regtmatige dole„
antien zijnde voorgedragen, tegens de
voor haar zoo nadeelige ende quaadaerdige
behandelingen van den prointerim advo„
Caet fiscaal enden raad hier van wesende
geinformeert hebben boven gem: Edele heer
president ende andere soo vermanente
als g'assumeerde Leden wijders gelieven
goedtevinden aan uw hoog Edelens bij een
schriftuur voortedragen, dat het gem: versoek
van de Zupp:ten niet behoorde gedecideert
tewerden door uw hoog Ed:s maar dat
die zaake was justitieel, en gevolglijk
subject de judicatuure van haar agtb:
niet"
NL-HaNA_1.04.02_2555_0322.xml,"met versoek dat de supp=ten aan den raad
van Justitie mogten werden gerenvoijeerd
en door alle welke behandelingen van
den raad de zupp:ten vermeenen ten hoogsten
gegraveerd en beswaert te zijn om de volgende
redenen
voor Eerst, om dat de geassumeerde
Leeden die alleen inplaatse van de zupp:ten
door uw hoog Edelens op het g'Eerde aanschrij„
„ven van Uw Ed„e groot agtb: onse heeren enm. rs
zijn aangesteld, omme als regters te fungeeren
in de saeke van den geweesen heer gouverneur
generael Adriaan Valckenier en wel
specialijk adillum actum zig ondervonden
hebben het ampt van regters te bekleeden
in de saeken van de zupp=ten waer toe sij
geensints door uw hoog Edelens gequalificeert
zijn dewijl het buijten alle Contest is, dat
de zaeke van de zupp=ten geen de minste
connexie heeft met die van den geweesen
heer gouverneur generaal Adriaan valckenier
en dierhalven Eenelijk tot de ordinaris
vergadering van justitie is gehoorende
ongerekent dat daar en bovenal Eens
ondersteld zijnde, dat de zupp.ten haar
voorgem: gecombineerden raad van Justitie
moesten"
NL-HaNA_1.04.02_2555_0323.xml,"176
moesten verandwoorden zij dan Evenwel
alle de proceduuren dewelke in die ver„
„gadering ten haren op sigten gehouden
zijn, moeten houden voor ten Eenemael
mul en informeel, alsoo niet meerder dan
ses Leden uijt die vergadering in de saak
van de zupp:ten als regters souden konnen
blijven zitten namentlijk het ordinaris
Lit de heer m:r Iacob pompe van
meerderpoort, en het Extra ordinaris
Lid de heer m:r Philippus Rochus
kien met de vier geassumeerde Leeden
nadien den Edele heer president m:r
Jacob Lakeman benevens de ordinaris
Leden de heer m:r Iacob van den bosch
Theodorus van reverhorst, en
ten
Reijnier stapel zig inder zuppten
saeke hadden moeten Excuseeren, soo als
nader zal werden aangethoond, welke
ses Leeden geensints zijn geauthoriseert
in Crimineele zaeken te disponeeren
alsoo deselve door geen minder als
Leeven Leden mogen werden be„
handelt
en"
NL-HaNA_1.04.02_2555_0324.xml,"Ten tweeden om dat den Edele her
president m„r Jacob Lakeman ende
heeren ordinaris Leeden m:r Jacob van
den bosch Theodorus van reverhorst
en Reijnier Stapel het ampt van regte„
hebben gefungeert in de supp=ten hare zaken,
en gedisponeert op de versoeken, door den proii„
„terim advocaet fiscaal tegens de zupp:ten gedaan
waar van die heeren hun nogtans buijten alle
dispunt hadden moeten Excuseeren om
reeden dat haar agtb: bij het disponeeren op het
versoek door den geweesen heer gouverneur
generaal adriaan Valckenier aan den raad
gedaan tot het b'Eedigen van de door zijne
Edelh:t ingewonnen verklaringen tegens de
zupp:ten van Contrarie advis geweest zijnde
tegenwoordig immers niet zouden kunnen
approbeeren het gevoelen van de Zupp„ten
waerin alleen derselver defensie soude
moeten bestaen jn dien zij over voorm
zoek souden genootsaekt weesen haar
temoeten verantwoorden, 't geene door
gem: Edele heer president ende heeren
Leeden ook zeer wel is begreepen geworden
Nadien haar agtb: op boven gemelde
Zaturdag
O"
NL-HaNA_1.04.02_2555_0325.xml,"178
Saturdag verklaerd hebben in der zupp=ten
zaeke niet te kunnen blijven voteeren dog hoe
haar agtb: bevoorens hebben kunnen treden
om den fiscaal te accordeeren copie van de
secreete advisen der supp:ten als mede om
een appoinctement op des fiscaals versoek
in der zupp=te saake te helpen verleenen
schijn aan d' eene sijde alsoo onbegrijpelijk
tewesen als het aan de andere kante voor
de Zupp:ten te uijttersten naderlig moet
werden gehouden, vermits het versoek van
dien officier om haer temogen actioneeren
alleen maar ontsegt sijnde voorals nog
den raad daerdoor van gedagte schijnt
teweesen, dat ter soeke voors: de zupp:ten inder
tijd met fondament nog souden kunnen werden
crimineelijk g'actioneerd. —
En ten derden omdat door den raad
g'assisteerd met de geassumeerde Leeden
en dienvolgende maar alleen tot de behan„
„delingen van zaken den geweesen heer
generaal adriaan volckenier Concerneeren„
„de gequalificeert aan deen prointerim
advocaet fiscaal op sijn versoek is afgegeven
Copia van de advisen door de supptn
ge"
NL-HaNA_1.04.02_2555_0326.xml,"Jnde bewuste saeken gegeven en die
volgens ordre ende gebruijk in dese creete
casse wierden bewaard als waart toe
de Zupp:ten vermeenen dat die vergadering
geensints is gequalificeert geweest, om
reden dat nadien het geen Lid van den
raad vrij staar dese Creete van de vergadering
temogen openbaaren gem vergadering
nog veel minder is bevoegt geweest,
de advijsen vande Leeden in desecreete
casse bewaard werdende aftegeven aan Een
fiscaal die deselve alleen quaam te versoeken
om er een zeer nadeelig gebruijk van te
maken tegens de zupp=ten konnende hier teg„s
niets ter contrarie opereeren dat gem:
advisen bevoorens al aan uw hoog Ed„s
op derselver g'Eerde ordre waren over„
gegeven, alsoo sulx geensints dese caltesse
wegneemt dewijl bij den raad van Justitie
ten opsigte van uw hoog Ed„s als haren
wettigen souverain niets secreet mag gehouden
werden gelijk ook dese aentekening van
de advisen maar dat deselve door den
secretaris waren g'authoriseert om aan
uw hoog Edelens overhandigt tewerden
wederom"
NL-HaNA_1.04.02_2555_0327.xml,"180
wederom in dese creete casse sijn afgeslooten
nogte ook niet dat bij den raad in vorige
tijden aan den advocaet fiscaal m:r
Adrianus Bergsma op sijn versoek
permissie soude sijn verleent omme ter
secretarie te kunnen Eijsschen Copia van
alle sodanige papieren als bij amptshalve
mogte benodigt weesen, aangesien daeronder
op geenerhande wijse kunnen verstaen wer„
„den papieren begreepen te sijn, die in dese Creete„
casse bewaerd werden, waar van de Edele
heer president de sleutel in bewaaring heeft
en uijt dewelke sonder voorkennisse ende toe„
„stemminge van de Leden, niets vermag werden
afgegeven alle het welke de zupp:ten haar ten
uijttersten genecessiteerd hebben bevonden, bij desen
ter neder terstellen, mitsgaders aldus haere
regtmatige doliantien uijt te storten in den schoot
van uw hoog Ed„s nogmaels met onderdanig versoek
dat het uw hoog Ed:s gelieve op deselve een gunstige
reflexie teslaan, ende de Zupp:ten tewillen
mainctenroen tegens de quaataardige vervolgingen
vanden proiiterim advocaet fiscaal, als den
welken het voornamentlijk maar te doen is,
om de supp=ten was het mogelijk bij provisie
uijt den raad van Justitie te krijgen, ten
eijnde als dan na Sijne gedagten, zijne
per Conagie
g"
NL-HaNA_1.04.02_2555_0328.xml,"personagie Nog sooveel tevehementer
en onbekommerder te konnen speelen en
waar toe de actie die denselven tegens de
zupp:ten heeft g'enthameerd, alleenlijk door
hem is g'Excogiteerd en uijtgedagt geworden
gelijk zulx klaerlijk te bespeuren is,
wanneer men in aanmerkinge neemt dat
door den fiscaal alleen tegens de supp=ten
maar geensints tegens het geweese g'assumeerde
Lid Cornelis van Riel citatie in persoon
is versogt geworden, niet jegenstaende
gem: van Riel met de zupplianten
van Een en het selve advis geweest zijnde,
daar omme ook tegens denselven indien 'er
eenige wesentlijke actie te vinden was het
eijge versoek hadde moeten gedaan sijn, dog het
geene niet geschiet is, om reden denselven
geen cessie in rade van justitie meer
hebbende, den fiscaal uijt dien hoofde
jn zijne bedrijven ook geen hinder
of beletsel toebrengen kan, en dat uw
hoog Ed:s verder in dese saak soodanige
goede maat regulen gelieven teneemen
als deselve na haare hoge wijsheijd
zullen"
NL-HaNA_1.04.02_2555_0329.xml,"182
zullen oordeelen te behooren /:onderstond/
'T welk doende &:a /:was getekend:/ B„t
J„b Dellafaille, P: W: Lammens, T:
P:s woijt, en J: Blocquau /:onderstond:/
accordeert /:was getekend:/ I: A: Gerlag Eresw:
clercq.
G:'collationeerd en accordeert
Batavia Den 1„e 7ber: 1742.
8
baksteen
Eadj„t Gesw: Clercq"
NL-HaNA_1.04.02_2555_0330.xml,
NL-HaNA_1.04.02_2555_0331.xml,
NL-HaNA_1.04.02_2555_0332.xml,No: 53
NL-HaNA_1.04.02_2555_0333.xml,"183
Articulen en Vraagpoinc¬
Compareerde Voorheeren commissarissen ten op gesteld omme daar op ter
requisitie van de heer m„r Nicolaas
uijt den agtb: raad van justitie des
Casteels Batavia m:r Iacob
Iongsma pro interim advocaat
van den bosch en Ian Cornelis
fiscaal van Nederlands India
ten overstaan van heeren Commissa„
duquesne benevens mij Pieter
Haksteen adj=t gesw: Clercq van rissen uijt den agtb: raad van
wel gem: rade de gereq: hier besijden ge„ Iustitie deses Casteels gehoort en
noemt alle dewelke op de onderstaande ondervraagt te werden Henrij
articulen sijnde gehoort en ondervraagt soo Abbis, Coopman in dienst der
hebbende g'einterrogeerdens daarop soodanig E: Comp: Elisabeth anna
geandwoort als in margine derselver aan „ van driel wed:e van den binnen
geteekend staad zijnde alle de gereq=s regent van't Chineese hospitaal
Jan Liefhoud, Fortuijn van
excepto dederse en vierde bij aff=me van
wel gen: rade de datis 12:' en 19. 7ber: laastlee„ boegis vrij gegeven slaaff van
gem: Liefhoud, November
den tot het geeven van getuijgenisse ge„
van
van bengalen, leijfeijgenen de
voorn: Elisabeth anna van
driel, Livinus de heere, cipier
van de burger boeijen Paulus van
den Bogaart stads Chirurgijn
Andries Retting Cipier van
's Comp:s boeijen adam quinus
en Ian Iurgens beijde gewel„
digers van den Rat: off: requirant
Albert Stuinsma geweldiger
op den 1„ en 2„e october 1742.
van
condemneert,"
NL-HaNA_1.04.02_2555_0334.xml,"teweeten. —
komen is.
sien onbekend. -
den gereq: segt wel in het Casteel
Eerstelijk werd den gereq: hemrij
te sijn geweest, dog den precisen dag niet abbis gevraagd off hij op den 10. octob=r
1740. niet geweest is in het casteels.—
den gereq: segt er op een middag geleten off den gereq: aldaar dien middag niet
te hebben aan het huijs vanden gewesene geEeten: heeft en bij wien. —
administrateur der medicinale winkel
gerrit hackenberg ingeselschap van de Juffrwen Htoesak, de Vogel en
grubé sonder nogtans almede teweeten opwat dag off datum sulx is geweest
den gereq: segt ja, dog niet teweeten
off hij na den Eeten met den heer
off Munnix mede uijt het Casteels m:r Willem Vincent Helvetius
gegaan, dan wel onder wegen bij hunge„ den burger Nicolaas munnix en
den administrateur van demedecinale
winkel Gerrit Hackenberg niet
gegaan (is na het Chinees hospitaal,
den gereq: segt nog vijff â ses persoonen, wie al meer indat geselschap ge„
weest zijn. —
dog alle bij hem van name en aan„
Van den heer Baillieuw en
Ian Clement gewesene gewel„
diger van den baillieuw. —
2.
3
4."
NL-HaNA_1.04.02_2555_0335.xml,"185
wat er onderweegen gesproken en tot
der gereq: segt nergens van gesproken
wat eijnde men daar natoegegaan
te sijn en niet teweeten tot wat eijnde
na het Chinees hospitaal sijn gegaan alsoo is,
men nog in het cast:l sijnde Eenel:j afgesproken had om Een wandelinge
door de stad tegaan doen. —
den gereq: segt soo haast met het gesel„ wat er soo dra gesamentlijk inhet
schap in het Chinees hospitaal waaren gem: hospitaal sijn gekoomen ge„
segt en gedaan is. —
gekomen dat als doen door de heer
helvetius, Hackenberg en munnix
den binnen regent van het gem: huijs in name Ian Liefhout agter is geroe„
pen geworden sonder dat hij gereq: weet wat er doenmaals gesprooken is dog
dat kort daar op de Chineesen die inhet gem: huijs sig onthielden voorwaren
gebragt mitsg:s die huijs deur uijt geslooten waar nadeselve vervolgens
soo door Europeese inlanders als swarte jongens vermoord sijn geworden ook
wel teweeten dat de heer helvetius hackenberg en munnix niet ont„
blood geweir inde handen en hebben bij gestaan en dat door den laast gen verschijde
chineesen sijn gequest geworden mitsg:s dat de twee Eerst gen: nament„
lijk Helvetius en Hackenberg soo hem gereq: best voorstaad
almede tot het massacreeren van gem: Chineesen geholpen hebben,
„segt sulx niet te hebben kunnen ontwaren wie van gen: drie persoonen de meeste
Commande tot de voorn: massacre
gevoerd heeft. —
tegens de uijt voering vande
gewaagdemoord.
den gereq: segt Eeelijk maar gesien off den binnen regent
: te hebben den binnen regent liefhoud seer niet ten hoogsten protesteerden
5.
6.
7.
ontsteed was. —"
NL-HaNA_1.04.02_2555_0336.xml,"de gereq
„segt Ja.
beantwoord met art: 6.
segt het getal niet teweeten,
den gereq: segt dierweegen tegens hem off de voors: persoonen tegens hem de
gereq: als doen nog niet bekent
niets gesegt te sijn —
gemaekt hebben de ordre waardoor
en het Eijnde waar toe die
massacre geschieden. —
den gereq: segt na sijn best onthoud ter wat er verder nade gedane massacra
wijl sij besig, en bereets thien â twaalff voorgevallen is en waar natoe hij de
vermoord waren vandaar vertrokken
gereq: gegaan is
en na sijn woonagtig te sijn gegaan,
alsoo door ontsteltens naauwlijx wist waar sig natoe soude begeven. —
den gereq: segt neen.
off den gereq: desen aangaande
sonder agter houding der waarheijd nog
niets bekent is. —
off de gereq: Elisabeth anna
van dril op den 10:e october 1740.
met haar thans overleeden man Jan
liethoud niet thuijs en in het chinees
hospitaal geweest zijn
hoe veel Chineesen in getal er
doennaals vermoord sijn geworden
wie al meerderhandadig aande
voorn: massacre sijn geweest
15.
10.
11.
12.
13.
14.
Datd"
NL-HaNA_1.04.02_2555_0337.xml,"187
de gereq: segt Ja dog niet teweeten
het op Een maandag is geweest.
de gereq: segt aan haar man doenmaals wat discoersen sij gereq: met haar
gevr: te hebben wat dat de heeren zoude man over die boodschap gehad en ge„
koomen doen, en off het niet soude sijn voerd hebben.
om de Chineesen die in het hospitaal waren
te vermoorden dog was door haar man daarop geandwoord sulx net te gelooven
maar wel dat hun komst zoude sijn om Eenige ordre testellen. —
hij de gereq: segt om dat sij hoorden en sag wat reeden de gereq: gehad heeft
dat de Chineesen over alvermoort wierden om haar man Een dier gelijke vraag te
doen. -
van hooren seggen teweeten dat het welke heeren off persoonen inge„
sijn geweest de heeren Helvetius volge vande gedane boodschap aldaaer
munnix, hackenberg en abbis gekoomen zijn. -
segt uijt demond van haar man ge„ wat genoemde persoonen aldaar
hoort te hebben dat de gem: persoonen gedaan en uijt gevoerd hebben. —
de Chineesen die in het hospitaat wa„
ren hadde laten buijten brengen, alwaar deselve vermoord sijn geworden, excepto
nogthans vijfthier Chineesen die heel siek en vier die gek waren sonder
nogt ons teweeten wie die uijt voerders vandie massacre sijn geweest.
off 'er dien middag door overleeden
gesonden is met ordre dat hij aldaar
snademiddags omtrend drie uuren met
Eenige heeren zoude koomen.
off het op den 10:e october maar wel dat nicolaas Munnix met ijmand
acra
17.
18.
19.
16.
15."
NL-HaNA_1.04.02_2555_0338.xml,"20.
segt Ja„
derja.
segt de vijfthien na purmerent te sijn
gesonden, ende vier krank sinnige in
het hospitaal tesijn gebleeven. —
Legt Ja.
segt niets anders./
Fortuijn segt doenmaals off wel op
wijders worde de gereq: fortuijn
van boegis en november van bengalen
dien dag dat de chineesen vermoord sijn
geworden Eenlijfeijgen vanden binnen ider afsonderlijk gevr: off sij ten tijde
regent lieflond te sijn geweest, enver„ voors: namentlijk den 10:e october
niet
1740. mi present sijn geweest wanneer
november segt tentijde doen de Chin:n de Chineesen in het hospitaal vermoord
wierden. —
24.
wat de gereg: desen aangaande
verder bekent is.
off des gereq: man diestijds wat onpas
selijk zijnde door de alteratie vandat
Gruwelijk moorden niet veel Eager ge„
worden is en daar door menschelijker wij
sijn dood veroorsaakt heeft,
23.
waar de negenthien persoonen
die over gebleeven sijn verder belent„
bennen.
22.
off er onderdat getal van vermoorde
geen sieke swakke en oudemenschen
waaren. —
21.
segt Ja, soo als haar berigt is, off er doenmaal geen vijff â ses enveer
tig Jmpotente Chineesen uijt het
hospitaal sijn vermoord geworden. —
in
25."
NL-HaNA_1.04.02_2555_0339.xml,"189
in het hospitaal vermoord wierden aldaar present te sijn geweest,
Fortuijn segt dat sijn meester diesiek door welke persoonen de ordre tot
was deweet heeft gekreegen vande ge„ het massacreeren vande chineesen
wesene bakker munnix dat hij des is gegeeven en wie daar de uijt voerders
namiddags te drie uure aldaar met ge„ van sijn geweest. —
committeerdens zoude komen en dat hij vervolgens
heeft gesien dat aldaar des nademiddags sijn verscheenen de voorn: munnix de
heer Helvetius Ende groote meester van het Casteel/ als wanneer door
Evengeciteerde Minnix is geordonneert om de chineesen buijten het huijs te
brengen het welk volbragt sijnde soo waren deselve door de drie voorn: heeren
die voor de deur waaren met hun zijd geweirs door slooten geworden excepto nog„
onpas thans de blinde en kreupele chineesen die na het Eijland purnerent sijn
gesonden. —
November segt dat de bakker Munnix de heer helvetius en de groote
meester van het Casteel des nademiddags in het Chineese hospitaal sijn ge„
koomen mitsg:s sijn gereq: lijfheer geordonneert om de chineesen die in het huijs
„waeren buijten te brengen het welk volbragt sijnde soo waaren gem: chineesen
door de voorn drie persoonen met hunne bij sig hebbende zeijd geweiren
door stoden geworden als wanneer die geene dewelke nog niet volkomen
dood waren soo door Europeese als inlanders verder de rest gegeven zijn
met bij voeging dat op voorspraek van sijn gereq:s lijdheer te sieken
en swakken sijn gespaort geworden
Wijf
off onder de gem: vermoorden chineesen
Fortuijn segt wel siekedog gaande
met veel sieken en swakken sijn
enrst aande persoonen.
november segt geen sieke maar chinesen geweest
dewelke
„
27.
1
26."
NL-HaNA_1.04.02_2555_0340.xml,"bleeven. -
persoonen.
sturven is —
Fortuijn segt na sijn gissing veertig
hoe veel Chineesen en gemae„
disser
sacreert sijn geworden.
November segt na sijn gedagten omtrend
hondert stux.
Fortuijn segt ja en dat denselven
off sulx alles met is geschiet tegens
daar van seer ontstelt is geworden, de zinelijkheijd van hun lijfheer Liefhou
November segt sulx ten hoogsten tegens
desinlijkheijd van sijn lijkheer te sijn geweest dewelke of tegens de voorn: persoonen
hadde gesegt indien gij deselve dan vermoorden wilt, laat haar dan buijten
bloet
het huijs brengen, want ik zoude sonder aandoening het beed hier inhuijs niet
p.
kunnen sien, en dan kunnen alle menschen ook sier hoedanig het insijn
werk gaat.
Fortuijn sigt dat Lieth oud dagelijx off gem: Liethoud met wijnig tijds
sieker geworden en kort daar aange„ na gem:
massacre overleden is. —
November segt dat sijn lijfheer door ontsteltenis sieker geworden zijnde weij„
nig dagen nadato overleden was. —
segt Ja.
den gereq: Livinus de heere
werd gevr: off er op den 10:' 8ber: 1740. allede
Chineesen die bij hem gereq: in de boeijen leten
niet sijn gemassacreert. —
31.
29.
dewelke bereets soogaet als hersteld dog nog in het hospitaal waaren ver„
32
28.
ook
30."
NL-HaNA_1.04.02_2555_0341.xml,"segt Ja.
32
191
segt Ja.
off het selve niet geschied is ter presen„
tie enter ordre vanden baillieuw Pieter
boockesteijn.
off daar onder ook niet geweest sijn
geschooren Chineesen ofte parnakans
item gecordemneerd en sodanige die
om schuld reets 2. en 3. Jaeren gegijselt
saten. —
segt naGissing tweehondert en in de vijftig hoe veel soo Chineesen als par„
soo Chineesen als parnakan off ge„ nakans op dese wijse wel vermoord
sijn. -
tornde Chineesen.
segt niet anders gesegd te hebben als wij wat de baillieuw Bokesteijn
sullen de chineesen hier ook massacreeren soo dra inde boeijen quamen voor dat de
massacre begon tegens hem gereq: gesegt
gelijk inde comp:s boeijen is geschied.
en voorgewend heeft op wiens ordre die
gruuwelijke massacre quam uijtvoeren
segt ja en belangende den inhoude van off de gereq: deser aangaande ook
de getuijgenisse sig te refereeren aan geen getuijgenisse ter requisitie van
de
gewesen gouverneur generaal
de acte die daar van is belegt,
Adriaan Valckenier gegeven heeft
en wat deselve heeft behelft —
segt denotaris van dinter bij hem ge„ door waer den gereq: aangesogt
komen/
weij„
36.
37.
is
35.
34.
33."
NL-HaNA_1.04.02_2555_0342.xml,"komen te sijn dewelke hem uijtorder is tot het geeven van gen: getuijgens:
van den gewesene gouverneur generaal
„ voor
Adriaan Valckenier Eenige vraagpoincten hadde „ gehouden dan de
wijl en Een vraag onder was dewelke hij gereq: verklaerde niet
te kunnen beandwoorden soo was denots:) weder vertrokken omde Jnterro„
gatonien te redresseeren, als wanneer na verloop van Eenige dagen den
„door
selven weder gekoomen ende vrager als doen „ hem gereg: beandwoort sijn,
38.
wat voorn: vraag dewelke hij gen„
quireerde doenmaels niet konde beand„
woorden behelsden. —
den gereq: segt Eenige tijd geleeden off den gereq: in Eenige weeken
geleeden in vergadering van heeren
te sijn dat hem invergadering van
heeren scheepen is afgevraagt door den scheepenen desersteede niet seer omstandig
Edelen heer president off er onder de geExamineert is over desamassacre. —
gemassacreerde geen gecondemneerde
Chineesen waaren geweest.
segt geen geschrift getekend te hebben en off daar van dies tijds een ge„
het verdere niet teweeten.
schridt ondertekend heeft danwel
off sijn gedeclareerde door den secrets:
aangeteekend is. —
segt hem ook gevr: te sijn door wiens Euoff het boven en behalven het
order de geheele massacra inde boeijen ondersoek quasi na twee bij sententie
was geschiet waar op doorhem insub„ gecondemneerdens met principalijk
segt hem sulx ontschoten tesijn.
stantie
specteerd
39.
40."
NL-HaNA_1.04.02_2555_0343.xml,"19
195
segt nem.
stantie was geandwoord dat de bail„ specteerd heeft, om gewaar te werden
lieuw hadde gesegt dat de Chineesen off demassacre niet voor reecq: van
moeste gemassacreerd werden gelijk den Edelen heer dehaeze konde
in 's Comp:s boeijen was gedaan, en dat werden gesteld
hij onder het massacreeren door gen: officier
bij den Edelen heer dehaze was gesonden om sijn Ed:s aftevragen off de
Chineesen die als gijselaars laten ook soude laten om het leeven brengen, als
wanneer hem door sijn Ed: was geandwoord dat alwat Chinees was vermoord
moest worden welk rapport hij aanden baillieuw gebragt hebbende was hij door
den selven voor de tweede maal nade gem: Ed: heer gesonden om te vragen off
men de parnakan off getoonde Chineesen insgelijx van kant soude holpen
wanneer hem door sijn Ed: was geandwoord heb ik uw niet gesegt dat alwat
Chinees was vermoord moest worden, ja de Parnakan Chinesen ook.
segt meen.
off de baillieuw inde boeijen komende
niet gesegt heeft dat demassacre
vande chineesen geschieden ter ordere
van sijn Edelheijt Valckenier—
off ten tijde voors: den Edelen heer
Maurits van aarden als president
van dat Collegie hem gereq: ook Eenige
qualificatie vertoond heeft tot het
doen van ondersoek na gem: massapre.
segt het Eersteseen wel twaet dog off hem gereq: al egter niet
bewust is dat het ondersoekende Jndi„
het andere gehoord te hebben,
Catuure
42.
43.
O
44"
NL-HaNA_1.04.02_2555_0344.xml,"segt niets,
Catuure over den op stand der Chineesen
en den aankleeven vandien al indemand
october 1740. gedemandeert is aan den
agtb: raad van Justitie deses Casteels
en vervolgens nu onlangs door de heeren
en meesters aanden fiscaal de Enqueste
sijn gedemandeert
45.
wat den gereg: desen aangaande
meerder bekent is. -
46
Voorts wierd de gereq: bogaart
segt seven Jnpotenten, mitsg:s een
off gevraagt off op den 10:e 8ber: 1740.
gesonde chinees die sijn soon oppasten„
niet ten sijnen huijse ter geneesinge heeft
„agt
gehad„ zieke Jmpotente en weerloose
Chineesen. —
segt buijten desselvs wooning soo hij off deselve niet op gem: datum
van desselvs slaven heeft horen seg„ ten sijnen huijse op Een horrible
gen vermits doenmaals niet thuijs is wijse vermoord en gemassacreert sijn,
geweest. -
48.
Voor wien En uijt wiens ordre
segt volgens het berigt dat hem
dier wegens door sijn slaven gedaan is
zulx geschied is.
door de geweldigers vande heer advocaet
fiscaal dog ter wiens ordre sulx niet teweeten. —
49
47"
NL-HaNA_1.04.02_2555_0345.xml,"49.
195
Thans werd den gereg: andries
segt Ja.
Segt Ja.
wat deselve tegens hem gereq: weg=s
segt gem: m:r Cornelis Phillips
desselvs komst aldaar gesegt off be„
gesegt heeft dat hij uijt ordre van sijn
hoog Edelheeijt quam om alle de Chineesen kent gemaekt heeft,
temassacreeren —
met het vorige beandwoord,
hij niet zeijde dat hij aldaar
off
alle de chineesen ter ordre van sijn Edelh:t
Valckenier soude doen massacreeren,
off hij sulx ook niet door sijn gevoldi„
gers en die van de baillieuw mitsgad:s
Eenige caffers heeft laten uijtvoeren,
53
segt in 'sComp:s boeijen tweehondert twee hoe veel Chineesen er op die tijd wel
gemassacreert sijn —
54.
en dertig.
segt niets anders als dat hij de fiscaal off de gereq: ook iets meer ter
indie tijd heeft geadverteert dat de boeijer elicidatie van het voorenstaande
soo vol chineesen was dat niet
weet teseggen.
meerder konde bergen. -
Retting gevr: off inde boeijen waar
van hij Cipier is den 10:e october 1740. met
gekoomen is den thans gesuspendeertde
heer advocaat fiscaal m=r Cornelis
Phillips. -
55
50.
51.
52."
NL-HaNA_1.04.02_2555_0346.xml,"Adam Quinus Legt ja.
„Ja
Ian Iurgens segt „ dog den precisen
dag niet teweeten.
Albert Steensma segt wel inde
beijde boeijen dog niet bij de stads
meester en ook den precisen dog niet
Ian Clement segt als steensma,
Adam guinus segt in's Comp:s
door wiens order sulx geschied is,
boeijen ter ordre van den heer advocaet
fiscaal die seijde sulx door sijn Edelheijd geordonneert te sijn en bij de stad meester
zeijde
ter ordre vanden baillieuw dewelke dat bevel almede van sijn Edelheijt beko„
men te hebben, hebbende den Edelen heer Collonel na sijn gereg:s gedagten
het gesegde van den baitlieuw wel gehoort als sittende op de stoep van het
Ian Iurgens segt dat hij by den advocaet fiscaal Phillips komende denselven
rsulke
hem hadde gesegd, ben ik daarom in het land gekomen om gok expiditien te
moeten uijtvoeren, kom aan jij moet met wijn medegaan, als wanneer
sij beijde nadewooning vanden Ed:e hem president sijn gegaan dog sijn Ed: niet
thuijs vindende hadde sij sig vervolgens in 's Comp:s boejen begeeven alwaar de
Chineesen ter ordre van gem: heer Phillips soo door geweedigers als
Cassers sijn om het leeven gebragt na het welke de Chineesen inde burger bolijen
ter ordre vanden baillieur sijn gemassacueert soo mede die de welke sig inde
woning vanden stads meester bevonden.
Albert Steensma segt doorden baillieur Bookesteijn geordonneert te sijn
om sig in de comps boeijen te vervoegen en aldaar den heer advocaet fiscaal te
al verder werdende gereq: adam
a
guinus, Ian Iurgens, albert
steensma en Ian Clement ider
afsonderlijk gevraagt off sij lieden ap
maandag den 10: 8ber 1740. niet hebben
helpen massacreeren Een meenigte
Chineesen inde beijde boeijen als by de stads
meester Paulus van den bogaart
adsisteeren
teweeten,
stadshuijs,
56.
55"
NL-HaNA_1.04.02_2555_0347.xml,"19
198
adsisteeren en na sulx inde Vrijmans boeijen te koomen ten Eijnde al de chineesen
het
daar ook van kant tehelpen, geene door hem gereq: ook is nagekoomen
Ian Clement segt door den heer advocaet fiscaal te sijn geroepen geworden dewel„
ke hem belaste omme de na 'scomp:s boeijen tegaan ten Eijnde opbevel vanden
gewesene gouverneur generael alle de daar in sijnde chineesen temassacree„
„en het welk hij gereq: aan sijn meester den baillieuw hebbende gecom„
municeerd was hem door denselven ten andwoord gegeven dat het wel was
als wanneer hij gereq: nadat de Chineesen ins Comp: boeijen om het leeven waaren
gebragt sig weder bij gem: baillieuw inde burger boeijen heeft begeven
mitsg:s dat dedaar in zijnde Chineesen insgelijx op ordre van laast gem:
officier uijt naame van sijn Edelheijt van kant warengeholpen,
Adam Guinis segt in de beijde
boeijens ruijm vijff hondert en beijde stads
meester agt chineesen.
Ian Iurgens sep nagissing ruij mn Vijffhondert
Albert Steensma segt een zeer groot getal dog daar net inbehaalt
tewillen sijn.
Ian Clement segt sulx niet positieff te kunnen opgeven maar wel te hev„
ben hooren seggen dat het getal over de vijff hondert is geweest.
Adam quinis segt Eenige parra„ off onder de gem: Chineesen geen
kan off getordede Chineesen indeburger getornde off parnakan Chineesen
boeijen gemassacreert te sijn sonder het ge„ off om beeter teseggen die mahometaans
tal teweten, dog geen Jongens die op geworden waaren dan wel keijne
uijterlijke onder desestien Jaeren waeren. jongens geweest sijn. —
Ian Jurgens segt als boven dog dat en parnakans onder geweest sijn sulx Eenlijk
hoe veel Chineesen ingetal,
gehoort
57.
58."
NL-HaNA_1.04.02_2555_0348.xml,"Gehoord te hebben
Albert Steensma segt dater geschooren Chineesen / alias mahometaanen
onder geweest zijn. -
Ian Clement segt sulx niet teweeten. —
Adam Guinus segt in het qu„ off sij lieden ook ten dien fine geweest
artier nog chinees hospitaal niet ge„ sijn in het Chineese hospitaal dan
weest tesijn.
wel in het quartier.
Ian Iurgens segt in het Chinees hospitaal
maar wel in het quartier geweest te sijn alwaar ter order en inpresentie van
de baillieuw agthien Chineesen uijt de ketting sijn geklonken vervolgens
agter de hollands kerk op de groote revier gebragt en aldaar gemassacreerd
gewerden.
Albert Steensma segt neen„
Ian Clement segt als Ian Jurgens
Adam quinus segt niets anders wat hun Lieden desen aangaande
als
soogt dat er een generaal ordre en ge„ meerder bekent is,
roep door de stad was, omme alle chinees:n
op bevel van sijn Edelheijt te vermoorden
Ian Iurgens segt niets anders teweeten
Albert Steensma segt als Ian Iurgens
Ian Clement segt als steensma
den gereq: Abbis segt dewaarheijt ge„ off de gereg:s wel weeten dat sij
door het verswijgen vande waarheijd in son„
segt te hebben.
de gereq: Elisabeth anna vandriel derheijd wanneer haar daar na gevraagd)
61.
segt
werd
59.
60.
7"
NL-HaNA_1.04.02_2555_0349.xml,"199
segt Ja en dewaarheijt gesigt te hebben werd soo wel strafffbaar sijn als
Fortuijn segt niets meerder teweeten door het geeven van valsche getuijgenis,
ende waarheijt gesegt te hebben,
November segt dewaarheijt gesigt te hebben. —
den gereg: Litinus de heere segt sulx wel teweeten ende waarheijt gesegt
weest te hebben.
den gereg: Andries Retting sogt sulx wel teweeten en dewaarh:d gesagt te hebben. —
den gereq: bogaart segt dewaarheijt gesegt te hebben.
den gereg: adam guinus segt als boven.
ut Supra
den gereq: Ian Iurgens sogt drot baspolten. —
den gerequireerd albert Steensma segt als boven.
den gerequireerd Ian Clement segt adjdem
off de gerequireerd excepto Fortuijn
den gereq: Abbis segt Ja„
„bengalen
van boegis en november van ooins
de twee gereq: segt ja.
den gereq: Litinus de heere segt Ja. bereijd sijn hunne gegevene getuijgenis
met solemneele Eede te bevestigen
den gereq: Retting segt Ja.
den gereq: Bogaart segt ja.
Aldus opgesteld bij
O
den gerag: adam guinus ut supra
den gereq: Ian Iurgens als boven mij Batavia den 10„e 8ber: 1742.
den gereg: Albert Steensma ad jdem /was getekent:) N: Iongsma. —
den gereq: Jan Clement ut supra,
op alle welke vragende gereq:s verklaarden na
waarheijt geandwoort te hebben en geschieden het selve
inde raad kamer van boven gen: raade ter presentie als
in margine /:was getekend/ Henrij Abbis„
Elisabeth
an
62."
NL-HaNA_1.04.02_2555_0350.xml,"Elisabeth anna van driel nog getekend met
twee kruijsse waar bij geschreeven stond gesteld bij Fortuijn
van boegis en november van bengalen, verder getekent:)
L: d: heere, A„r Retting, P: V: d: Bogaart
adam guinus, Ian Iurgens, A:t steensma en
Ian clement ter sijde stond/ ons present / was getekend
Iacob van den boschen I: C: du quesne /lager/
Toirconde was getekend/ P: Staksteen ad J:r gesw:
Clercq.
gecollationeerd En acc ordeert
Batavia den 25„e october 1742. —
Hbaksteen
Adv„: Gesu Clercq"
NL-HaNA_1.04.02_2555_0351.xml,
NL-HaNA_1.04.02_2555_0352.xml,"Beandwoorde Vraagpointe
Jurrij Abir Cik
No. 54
door"
NL-HaNA_1.04.02_2555_0353.xml,"201
op heden den 2„' october 1742.
Compareerde Voor heeren Commissarissen Articulen en vraagpoincten
uijt den agtb: raad van Justitie des opgesteld omme daar op ter Re„
Casteels Batavia, m„rt Iacob van quisitie van de heer m„r Nicolaas
den bosch en Ian Cornelis Auquesne Jongsma pro interim advocaat
benevens mij Pieter Haksteen
fiscaal van Nederlands India
adj:t gesw: Clercq vanwel gem: rade ten overstaan van heeren Commiss:s
de gereg:s hier besijden genoemd dewelke uijt den agtb: raad van Iustitie
ingevolge de app:ln van datis 12. en 19:' 7ber: deses Casteels gehoort en onder vraag
laastleden op de onderstaande articulen te werden Adolph hendrik
en vraagpoincten naarkeurig sijnde ge„Iulius Weerman luijtenant
hoort soo hebben deselve daarop sodanig in dienst der E: Comp: en Iohannes
geandwoord als in margine derselve aan „ oorts vaandrig in voorn: dienst.
getekend staad.
segt dat er geroepen wierd vijwilliger, Eerstelijk werd de gereq:
waarop hij gereq: aanden majoor gevr: Weerman gevraagt of opsondag
sijnde den 9:en october 1740. doorden
hebbende wat dat de vrij willigers soude
doen, soo was hem door denselven geand„ overleden majoor Duurvelt uijt ordre
woort dat ter ordre van sijn hoog Edelh:t
van den gouverneur generaal Valc„
als wat Chinees was gemassacreert
Kenier niet is geordonneert om al
wat Chineesen was te vermoorden,
moest werden,
soo Ja aan wie die ordre gegeven
segt sulx niet verder teweeten als het
geene hier voorwaarts heeft beandw: is. -
off hij gereq: diestijds Cornet sijnde
segt Ja.
en /
2.
3."
NL-HaNA_1.04.02_2555_0354.xml,"segt Ja.
segt Ja.
segr Ja.
segt hem sulx ontschooten tesijn.
segt Ja
en horende dat daar toe vrij willige
uijt gingen niet aan voors: majoor
versogt heeft mede temogen gaan.
off demajoor hem daar op niet belast
heeft zig te posteeren inde pagger.
off Een weijnig daar na el stalmeesten
Wendschoe hem uijt ordre van gem:
gouverneur general net belast hadde
met sijne ruijterij gaan op sitten en in
de stad alles wat Chinees wat temas„
sacreeren.
off zulx ook niet verwigt sijnde
hun gereg: dien morgent Circa 11. uuren
niet door Een helmbardier uijt last
van sijn Edelheijt geordonneert was
daar mede uijt te scheijden. —
Off hij gereq: niet kan seggen wat
helmbardier het geweeste is
Off hij gereg: daar op in't Casteel
komende met Eerst aande majoor
en vervolgens aan de gouverneur ge„
neraal rapport vande voors:
massacue
4.
5
7.
8.
i"
NL-HaNA_1.04.02_2555_0355.xml,"203
Legt Ja.
massacre gedaan heeft.
off gem: gouverneur generaal horen
de dat er nog teveel Chineesen
resteerden die niet gemassacreert
waren niet denovo aan hem gereq:
geordonneerd heeft met 't massa„
creren voort tevaren.
segt dat soo als hij gereed was om off zulx ook geschied en wat daar
weder inde stad tetrekken als doen de op gevolgt is.
militaire van Tanabang hadde hooren
binnen komen, wanneer hij op ordre sig daar onder hadde vervolgt dus gesa„
mentlijk stede waarts ingetrokken en met denmassacre voort gegaan als
wanneer hij vervolgens dien nagt met sijn volk op de brug vanderoea malacca
heeft post gevat. —
segt Ja
segt gem: Wendschoe geandwoort te off hij gereg: zulx als onwaer de
hebben als dat hij den Edelen heer clinerende gem: Wendschoe niet
of tentijde de drie Edelen heeren
raden van jndia in arrest saten
gem: Wendschoe hem gereq: niet
aangeweest is om ten laste van de
heere van Imhop te getuijgen
orderes
dat sijn hoog Edele hem gereq: en dies
soude hebben gegeven. —
van
gesegt
10.
11.
12."
NL-HaNA_1.04.02_2555_0356.xml,"segt niets. —
segt Ja.
segt Ja.
Legt Ja.
van Imhoff niet gesien veel
gezegt heeft ziet toedat je pou
min ordres van denselven ontfangen hadde, zulx niet beklaagt.
wanneer gen: Wendschoe vertrokken
dog des nademiddags dan wel des anderen daags geretourneert, sijnde hadde
meerm: Wensschoe tegens hem gereq: gesegt, durst gijeseggen geen ordre van
den Edelen heer van Imhoff gekreegen te hebben, sijn Edele heeft het in
vergadering selvs gesegt met bij voeging siet toe wat gij doet off diergelijk
woorden in substantie.
met het vorige beandwoort.
off hij gereq: bereijd is sijn gegevene
andwoorde ten allentijden met Eede
te bevestigen
den gereq:: oorts werd gevraagt
off hij inde Chineese revolte
geen helmbandier is geweest.
off hij dies tijds in het Casteel niet
gehoort heeft dat al de Chineesen
ter ordre van sijn hoog Edelheijt Valkenien
moesten gemassacreert. werden.
wat hem desen aangaande meer
bekent is.
14.
dat de gereq: daar op geandwoord
heeft.
13.
18
15
16.
17."
NL-HaNA_1.04.02_2555_0357.xml,"18
205
segt neen.
segt Ja.
segt ja en in specie met dese woorden off hij gereq: selvs die ordre uijt
dood laaten slaen al wat chinees is,
demond van sijn hoog Edelheijt
heeft gehoord.
segt hem sulx niet voortestaan,
off hij gereg: gem: ordre ook aan
dog dat het wel waar kanweesen,
dese off geene het sij in off buijten
het Casteel gebragt heeft.
20.
off den gereq: desen aangaande
iets anders bewust is —
off hij gereq: bereijd is sijne gegevene
responsiven met Eede te bevestigen,
Aldus Opgesteld bij mij on„
dergetekende Batavia den
2„e October 1742. (was getekent)
N: Iongsma.
op alle 't welke vraag poincten de gereg:s verklaren
nawaarheijd geandwoord te hebben en geschieden het
selve inde raad kamer van welgemeld rade
ter presentie als in margine /was geteekend:)
A H: I:s Weerman en Johan=s Oorts
/ter zijde stond/ ons present als commissarissen
was
19.
21.
O"
NL-HaNA_1.04.02_2555_0358.xml,"was geteekend/ Iacob Van den bosch en S: C: duquespa
/:onderstond / 'Toirconde was getekend/ P:r Stakstien
adj:t gesw: clercq.
gecollationeerd en accordeerd. —
Batavia den 25„e 8ber 1742. —
Haksteen
Ad„k Gjeswr: Clercq"
NL-HaNA_1.04.02_2555_0359.xml,
NL-HaNA_1.04.02_2555_0360.xml,"Beadwoorde Vraagpomete
Adolph Gend„k Julius Weerman
door
No. 55"
NL-HaNA_1.04.02_2555_0361.xml,"207
op heeden Den 5:' october 1742.
Articulen en vraag„
de geinterrog:s seggen dat
Compareerde voor heeren com„
missarissen uijt den agtb: raad
van Iustitie des Casteels batavia „ poincten opgestelt
m:r Iacob van Den Bosch, en Jan
Cornelis Duquesne benevens omme daar op ter Re„
mij pieter Haksteen adj:t gesw:
clerk van welgem: rade de „quisitie van De Heer
gereg:s hier besijden genoemt
dewelke ingevolge de opp:nn van M:r Nicolaas Iongsma
datos 19:' 7ber: en 3:' october laast„
Pro Interim advocaet
leeden op de onderstaende
articulen en vraag poincten
naaukeurig sijnde gehoort,
Fiscaal van neder
soo hebben deselve daar op
soodanig geandwoord als in
lands India ten
margine derselve aange„
teekent staat;—
overstaan van hee„
ren Commissaris„
sen uijt den agtb: —
Raad van Justitie
deses Casteels gehoort
en ondervraagt te wer„
den Ian Iko, en Souw
soeseeng;—
aanvankelijk werden de
na haer gedagten de Eerst geinterrog: gevraagt wat of
beweegende oorsaak is geweest na haer gedagten de primative
het.
oorsaak.
te
an
1."
NL-HaNA_1.04.02_2555_0362.xml,"te weeten;
oorsaak is geweest van de revolte
in het begin van het Iaar 1740.
der chineesen en wat sij dierwe„
het welk door het volk van: gens gehoort en ondervonden
de te dier tijd geweest sijnde hebben;
Commissaris met de uijtterste
rigeur is uijt gevoert, werdende soo als haar is onderrigt
sonder onderschijd op gevat chineesen soo die permissie brief
:jes hadden als ook die er van geen voorsien waaren, mitsgad:s
dat die geene dewelke eenig geld opgebragten weder gelargeert
en andere die niets hadde om te betalen inde boeijen wirden
het opvatten der chineesen
gebragt;
de gereg: seggen Neen sulx
eenlijk van hooren seggen
seggen deselve overleeden door welke persoonen haer het
voorenstaende dan verhaalt
is geworden;
en gevlugt te sijn; —
de geinterrog:ts seggen te hebben op wat mannier de voorsz:
hooren verhalen dat wanneer mishandeling dan geschiet is
de chineesen inde bovenlanden na het seggen van gen: per„
het volk vande Commissaris: soonen;—
ontwaarden als dan uijt be„
vreestheijd opstonds hunne wooningen verlieten met agter„
„lating van vrouw en kinderen, als wanneer hunne
wier
vrouwen niet alleen door gem: of sendelingen werden
geschoffeerd maar daar en boven hunne goederen
geroofd geworden;
of de gereq:s sulx ook in Eijgener
eijgen
persoon dan wel indie van
haere vrinden magen en goe„
:de bekenden hebben ondervor
=den;
3.
se
ij
h
lan
dog
als
sij
per
4.
3."
NL-HaNA_1.04.02_2555_0363.xml,"209
seggen sulx niet te weeten,
de gereg:s seggen dat dr te diertijt
of haer gereg:s ook bekent is dat
een groot getal Chineesen uijt
er in het begin van het Jaer
mismoedigheijt na het gebergte 1740. eenige opentlijke misnoe„
sijn gevlugt, mitsg:s sig aldaar ging en complotteeringe is ge„
bij malkanderen versamelt weest onder die van haere
hebben, sonder dat haer gereg:s natie;
nogtans bewust is ten welke
Eijnde sulx is geschiet;
seggen dat sij gehoort hebben of haer gereg:s ook bewust is—
dat de officieren der Iustitie hoedanig het opvatten der chi„
en Commissaris der inlanders: meesen in de maanden van
van haer hoog idelens bevel aug:s en september in sijn werk
hadden bekomen om de chi„ is gegaan;
het neesen dat quaaddoenders en
landcoopers waren op te vatten
dog datr door de dienaars van gem: officieren soo wel binnen
als buijten dese stad de chineesen sonder onderschijd het sij dat
sij inde stad of daar omtrent woonagtig dan wel van
permissie briefjes voorsien waren of niet nogt ons wier„
„den opgevat als wanneer die chineesen dewelke door
de Commissaris vanden inlanders aan gehouden wierden
voorbetaling weder ontslagen raakten sonder dat haer
gereg: nogthans bewust is dat de officieren dan wel
haere dienaars daar voor ooijt een duijt genoten hebben
seggen dat sij sulx van veele door wie of haer gereg:s sulx is
of haer gereg:s ook bewust is hoe„
veel geld door die geene die op—
waaren
gevat werden telkens gespen
:deert is om weder ontslagen
te raken
menschen.
verhaelt.
5.
6.
7.
5:"
NL-HaNA_1.04.02_2555_0364.xml,"menschen hebben hooren verhaalt dan wel wat voor
seggen dewelke alle dood reedenen van wetenschap dier„
wegens kunnen opgeeven
en gevlugt sijn voegende
den gereg: souwsoeseeng hier
nog bij sulx diverse malen
van Lim Jsouko gehoort te hebben
seggen wel te hebben kunnen of haer gereg: ook bewust is
Jan
bemerken dat soodanige wat de volgen van dat op vatten
gedoentens veel verdriet en die knevelarijen sijn geweest:
en misnoegen onder die
van haere natie heeft ver„
:oorsaakt maardat haer onbewust is wat dat sij ver„
:der heeft toegedragen als het geene een ijgelijk heeft
gesien, en dat sij nooijt bij hun gereg: als geringe menschen
sijnde bennen koomen klagen maar wel bij den Capitain
Chinees en Lim Isouko die bij de gequalificeerde persoonen
bekent en oversulx beter instad waren om hun te helpen
seggen voor soo verre haer of die van haere natie nadat doen
gereg:s aangoat niet qua„ alles genoegsaam weder in vo0
:lijk behandelt te sijn en haer stilstant gebragt was soo„ ge
negotie vrijelijk te hebben aande boom als buijten
di
mogen doen en van het destad ook de Novo qualijk be
behandelt sijn en of haer
verdere niet teweeten
wel gepermitteert is om
haer negotie vrijelijk temo„te
„gen doen;
seggen neen voor soo verre of haer buijten de ordinaire
10.
door
haer
tot.
w
god
de
die
Co
gen
ge
W1."
NL-HaNA_1.04.02_2555_0365.xml,"211
dog niet teweeten of sulx —: den
omtrent hun lands genoo„
van desabandhaer aandes„
daar inpersoon den saban„
dhaer over gesprooken, mits„
gaders sijn beklag gedaan hebbende, des niet temin
door denselven was gesegt dat sulx maar soude vol„
doen, alsoo er die topt door de regeering opgesteld was,
seggen Ja en sulx op naam of die van haer natie voor
selvs bedientens te hebben lijk ter aarde mogte wer„
moeten afleggen, voegende den gebragt niet hebben
Tan Jko hier nog bij dat hij — moeten betaelen tweerd=s
Doode
ijder  alvoorens het
haer gereg:s concerneert tot nog iets af geperst is gewor„
13.
de gereg:t seggen dat als dan de gereg:s werden gevraagt
die geene dewelke het sij— in gevalle er Een armpersoon
commisseratie of gene „ die geen tweerd:s na liet quam
gentheijd de begraefnis liet te overlijden wie als dan
dat doen de voorn: 'tweerd: al„ dat afgepekste sommatie
voorens moest opbrengen moeste op brengen;—
gelijk den gereg: Tan Jko
diverse malen was te
beurt gevallen en dat
somtijds ook het voorn: sommetje wel wierd bij
malkanderen gebragt door die geene dewelke mede
te begrooven gingen;
segt sulx niet teweeten maer of den gereg: Ian Iko niet bewust
wel dat ziin Jsouko ook diver is welke persoonen al meerder
se malen de gevorderde overdiergelijke gedoentens
o
tweerd:
aan
ten is geschiet;
14.
12."
NL-HaNA_1.04.02_2555_0366.xml,"seggen Neen;
seggen Ja. —
hebben gedaan;
Tweerd:s heeft betaelt gehad- aan den sabandhaer haer beklag
of haer gereg:s desen aangaende ie
verders bewust is;
15.
of sij bereijd sijn hunne respo
:siven met Eede te sterken
Aldus opgestelt bij mij
Batavia Den 5:' october 1742
was getekent, N: Jongsma
op alle welke vraag poincten de geinterrogeerden
verklaeren na woorheijd geandwoord te hebben
en geschieden het selve inde raad Camer
van boven gem: rade ter presentie als in mar
:gine was getekent met twee handmerken waer bij gesz:
stond, gesteld bij Ian Iko, en souw soeseeng ter sijde
„getekent
stond ons present als commissarissen Iacob
van Den bosch, en I: C: Duquesne, onderstond 't oir„
:conde was getekent P:r Haksteen adj:t gesw:
:clerk; —
Gecollationeert en accordeert
Batavia Den 1:' November 1742:
16.
Haksteen
adv„t Gesw: Clercq"
NL-HaNA_1.04.02_2555_0367.xml,
NL-HaNA_1.04.02_2555_0368.xml,"Beandwoorde Vraagpointen
door
Jan Jko C: S:
No. 56."
NL-HaNA_1.04.02_2555_0369.xml,"213
Op Heeden den 6„e October 1742.
den geinterrog: segt Ja.
Compareerde voorheeren Commissarissen
uijt den agtb: raad van Justitie des Articulen en Vraagpoincten
Casteels Batavia m„r Iacob van Op gesteld omme daar op ter
den bosch en Ian Cornelis duquesne. Requisitie van de heer M„r
benevens mij Pieter Haksteen asj=t Nicolaas Iongsma prointerim
gesw: Clercq van wel gem: rade degere„ advocaat fiscaal van Neder„
quireerdens hier besijden genoemdde lands India ten overstaan
welke ingevolge de app:t van datis van heeren Commissarissen uijt
19:' 7ber en 3:e october laastleden op de den Agtb: raad van Iustitie
onderstaande articulen en vraagpoinc,„ deses Casteels gehoort, en on„
ten naaukeurig zijnde gehoort soo der vraagd te werden Adriaan
hebben deselve door op soodanig ge„Rubbels burger alhier enden
andwoord als in margine derselve Chinees Lim Thoanko,
aangeteekend staad. —
segt in het Jaar 1737. aangesteld te sijn wanneer zulx geweest en op
en uijt die bediening te sijn geraakt welke wijse uijt die bedieninge
door dien in het Jaar 1738. tot tweede van geraakt en wie hem gesuccedeert
Bantam wierd benoemd, sijnde gesucce„ is. —
deert door den ondercoopman Ferdinandus de Roij.
Eerstelijk werd de gereq:
Adriaan Fubbels gevraagd
of hij invoor gaande tijden niet ge„
weest is gecommitteerde tot er
over de zaken van der Jnlander.
2."
NL-HaNA_1.04.02_2555_0370.xml,"den gereq: segt na oud gebruijk
hier niet Een constand ge
off
en het dictamen van het placcat dat bruijk is geweest dat de Chinee op
maar Eens voor alsoodanig Een die na de zuijkermolens dan wel
briefje wierd verleent, dog dies bovenlanden gingen woonen
inhoud Contineerden als off het maar Jaarlijks d eens voor al daar
voor Een jaar wierd toegestaan, geli: toe een permissie briefdie van den
door hem gereq: indiervoegen ook na gecommitteerde moesten hebben,
een voorgaand gebruijk gepractiseerd is,
hoe veel daar van betaalt werd,
segt tweaalff stuijvers voor ider
briefje, het welk als een douceur
aan de clercq wierd gegeven, soo wel door hem gereq: als door sijn voorsa„
ten, gelijk hem geinformeert is.
b'andwoort.
segt hem giinterrog:s soo daar Eenige off hem gereq: niet bekent is
chineesen en ook door Javanen en ander dat men de chineesen en Javanen
re Jnlanders dewelke oppraeu„ naderhand gedwongen heeft
wen vaeren sulx diversemalen ver„sjaarlijks meermalen sulke briefje, be
te moeten nemen en betalen
haalt, te sijn.
segt hem onderrigt te sijn dat deijn„ hoe dikwils zulx in't Jaar
landers dewelke bevorens om deses maan „ geschiede,
den Een briefje moesten hebben te dier tijd
zulx Een ordre dan wel
off
Een Constand gebruijk of
usantie was.
om
4."
NL-HaNA_1.04.02_2555_0371.xml,"215
beantwoort,
segt Ja.
om de twee a drie maanden Eend:o briefje moesten halen ende chineesen
op sijn minst 's Jaarlijkx een„
sigt gehort, te hebben dat staande het off den gereq: niet bekend is dat de
chinees nieuw Jaar dan wel feb: 1740. gewesen g'committeerde de Rhoij
door Een troep balijers overde hondert door sijn volk een partij Chineesen
Chineesen sijn op gevat, en sulx van heeft laten oppakken oppretext
bacassij tot aantanjong priok op precext dat de tijd van de gem: briefjes geex„
dat de tijd van de briefjes geExpireert pireert was.
was, dan wel dat sij er van geen waren
voorsien voegende hier nog bijdat er ook doenmaals Een groot geval praau„
wen met hunne voerders sijn aangehouden geworden, bij welk opvatten drie
wel
oppassers vande commissaris present sijn geweest in name salem, Hadje
en Een bij hem gereq: onbekent,
segt in febiuarij 1740.
off het selve niet geweest is in't
begin van 't jaar 1740. terwijl 't
der Chineesen nieuw jaar was.
off het zelve met geschied is
ontrend moaro ofte demond van
Jnwat tijd soodanig ordernemin„
gen Eerst begonnen zijn,
10.
Dongenoegen
of dit geen groote
onder die natie heeft veroorsaakt,
de
segt Ja.
11.
12."
NL-HaNA_1.04.02_2555_0372.xml,"de Rivier bacassij.
gesmoort is,
segt hem te dier tijd sodanig als het off Er bij die optattinge ter plaatsen
voors: met een chinees tragtende sulx
thans gevraagt werd, door Lim
Tjouko, Ni hockong en Lim
inhet water te ontvlugten door een ser„
stiensaij verhaalt te sijn, ook door stok met een ijssere punt van agteren
meer andere dewelke hem gereq: door sijn lichaem gestoken en soo ver„
sonken is.
thans niet te binnen schieten.
segt neen,
segt gehoort te hebben dat er klagten off daar over geen klagten ge„
aande land drost oversijn gedaan daar sijn dan wel Eenig onder„
dog dat het door intercessie van soek of straffe geoeffent,
den gerepatrieerden ondercoopman Wolff
beandwoort.
segt geen andere als uijt decon„hoe den gereq: dit alles weet en
welke redenen van wetenschap
tenne van sijne andwoorden blijkt,
dien aangaande heeft,
segt ja volgens de gerugten,
off den gereq: al mede niet be„
kent is dat de voors: opvattinge
16.
soo niet waar door zulx belet is
off de gereq: niet weet de naam
van den Chinees ofte vandie
geene die hem gestoken heeft
14.
ver/
13.
15.
te
17.
18"
NL-HaNA_1.04.02_2555_0373.xml,"217
segt als Even. —
Thee Eenko.
segt volgens hooren seggen door door wie op wiens ordre en in wel„
een troep balijers gecommandeert te maniere.
door Een luijtenant gen:t Cadanen ver„
silt van de voorm: oppassers en sulx ter ordre vande Comm: werdende de opge„
vate persoonen aan een lange bamboes off stok met de armen uijt gespreijd
vast gebonden endus omgecoert geworden,
off het zelve niet al mede en op hoe
segt te hebben hooren verhaalen dat
wijse geschied is op het land
danige
het aldaar ook invoegen voors:
van den suijkermolenaar Kiokseeng
geschiet is,
alias Tikoes. —
segt Ja met dit onderschijd dat de als mede op het land van de Ed:
selve als doen Eenlijk gevleugelt heer raad exord:s Nicolaes Crul
sijn, mede op het land van Eenchinees gen:t Tanjougpriok,
23.
hoedanig met zulke op gevatte
Op de voorige vragen beandwoort
en gevangene Chineesen gehandelt
22.
off 't ook niet geschied is op
Tsilingsi op het land vanden mo„
lenaer Tswaa Hokjeeng,
vervolgens op de landen lager
of nader aande stad leggende
ondernomen en uijt gevoert is.
wierde
19.
20.
21."
NL-HaNA_1.04.02_2555_0374.xml,"24.
de Roij.
beandwoord.
segt dat deselve Eerst bij de comm:s off deselve niet stedewaerts dan
wierden gebragt, en vandaar gedeel, wel na beneden indeCampongs
bragt
telijk in't blok en gedeeltelijk
der balijers
ge„zagt sijn.
inde Campongs der Cap:n mahomet salé
en Babandan jtem vandej waanse Cap:n SoetaWangsa op marga
doea geplaast geworden sijn. -
segt voor betaling vanses ducatons off wat wijse sij daar wederom
op den Eerste dag, en drie en vier du„ uijt gekome en gelargeert zijn.
Catons de volgende dagen
segt Ja.
segt voor Ende van wegens de Commissaris op wiens ordre gem: Kiaijbaroe
tevoors: geld invorderde.
28
off daar van niet hebben moeten
betalen deman drie vier, vijff. ses, en
meer ducatons. —
29.
27
off zij daar voor geen geld heb„
ben moeten spendeeren aansekeren
Chinees gen:t Li Siangko alias
Kieij baroe. -
26.
25.
segt dat deselve Eerst in sComp:s
hoet ging met die geene de niet
boeijen gebragt en vandaar in't ambagts konden of wilder betalen.
quartier inde ketting sijn geklonken,
30"
NL-HaNA_1.04.02_2555_0375.xml,"30
219
e
segt ja door haar hoog Ed:s op het ge, of dezelve niet in's Comp:s boeijen
daar raport vande Commissaris.
overgebragt en vervolgens ter ordre van
den gouverneur generaal Valckenier
dan wel vande hooge regeringe in
de ketting geslagen sijn ter oorsake
als vagabondens op a„ geven wierden
segt bij de hooge regeringeper, aan wien en op wat wijse gem:
requeste verselt van Eenige attesta„ Lim Tsouko zig ten fine voorsz
geadresseert heeft gehad.
segt in april 1740.
segt in het Eerst groote neerslag„ of de voors: behandelinge in't Eerst
heijd
tigheijt en bij het langeeren ongemeen met Een groote verslagent eerst
onderse Chindesen en naderhand
veel vreeugde betoond te hebben. —
desselvs langatie niet seer veel
vreugde gebaart heeft
segt ja alsoo Lim Tsouko hem off 'er al egter tusschen den gecommit
Jn wat maend van het jaar 1740.
zulx is voorgevallen,
33.
segt ja door behulp, van gem: Lim Off Er op sodanigen maniere niet
Touko, Lim HiEnsaij enshe Eenk, eens op een zekerentijd 10. a 12. stuks
inde kening geklonken en wederom
op Voorspraak vande Chinees Lim
Tjoiko daar uijt geraakt waren.
gereq:
teerde
31.
32:
34.
35.
H
tien."
NL-HaNA_1.04.02_2555_0376.xml,"te sijn. —
sijn.
gereg: eens heeft verhaalt dat decom„teerde de Roij en gem: Lim Tjouko
missaris hem bij zekere gelegentheijd over de largatie door hem Houkouijt
soude hebben toegevoegt sij bent die gewerkt geen woorde moeijelijkheden
man die soo een handje hebt om de of haat ontstaan is,
requesten bij de groote menschen tebren„
segt naer maar wel daar toe versogt off den gereq: opzekeren tijd den
voors: de Roij niet versogt heeft
tot largatie van Een Chineese
praauw toebehorende Een jnlansse
vrouw.
segt dat hij gereq: voorn: Jnlanss off deselve sulx ook geaccordeert
vrouw op haar versoek Eenig geld en belooft hebbende, al Egter geen
heeft gegeven om haar praauw we„ geld daar voor getrokken ende
der Ontslage te krijgen als wanneer menschen inhet blok gesloten heeft.
de praauw voerders ook weder gelar„
geert sijn geworden. —
segt Ja maar sulx hem thans niet off hem gereq: niet meer dierge
lijke klagten sijn tevoeren gekomen,
te binnen te schieten,
segt hem sulx bij Continuatie ver„off hij zelvs met gehoort afge„
haalt en daar over geklaagt te weten heeft dat het volk van
de Roij tentijde vande geordonneerde
opvattinge der Chineese Pagabon„
dere in aug:s 1740 of daar omtrend
38.
36.
gen. —
37.
39.
op
ende"
NL-HaNA_1.04.02_2555_0377.xml,"221
segt dat sij gewoon waren bij hun off daar door niet verscheijdene
aankomst een groot geschreeuw temaken Chineese gevlugt sijnde haar huijsen
als wanneer de chineesen uijt bevreest,„ als dan door't gem: volk niet
heijt sig ende wildernissen begalve berooft en haare vrouwen en dog„
werdende als dan de agter gelatene ters geschoffeert sijn. —
der„
vrouwen en dogters geschoffeert en da
selver goederen gespolieert.
segt sulx alles vangeloofwaerdige wat redenen van wetenschap den
menschen te hebben hooren verhalen gereg: desen aangaande weet te geven.
dewelke off overleden sijn off den gein„
terrog:t thans niet te binnen schieten, in soo verre nogthans als het contrarie
niet uijt sijnde gegevene responsiven blijkt.
segt dat hem door veele Chineesen be„ off de gereq:t als veel omgang
tuijgt is geworden dat die vanhaar en handel drijvende met Chineesen
natie
tedier tijd seer verbitterd waaren op de niet heeft kunnen gewaar worden
Commissaris, landdrost, en baillieuw dog wat eijgentlijk de primitive of oor„
spronkelijke oorsaak geweest is van
insonderheijt op den E Eerst gen:
haar miswoegen en daar op gevoegde
opstand of revoltes. —
43.
segt ja dog voorsoo verre hem ge off het selve met inderdaad toe
41.
op de langerijen en in demolens
gevallen waren en die sij maar
konden krijgen aldaar gevat hadde,
interrag:
te
40.
42.
,"
NL-HaNA_1.04.02_2555_0378.xml,"segt Ja.
den gereg: segt Ja
segt tot sijn leed weesen Ja.
segt ja dog voor soo verre hem gem„ te schrijven is aande onlijdelijke
terrog:s bekend is heeft sulx Eerst extorsien en mishandelinge als jn
sijn aarvang genomen met het de jare 1739. en in't begin van 1740.
begin van het Jaar 1740.
voorgevallen,
44
segt dat in het begin van het jaar 1740.
wat den gereq: desen aangaande
opmeester Cornelis ook Een parthij
verder bekent is.
Chineesen sijn op gevat dewelke voor
haar largatie meerder als de andere hebbe moeten betalen om reedenen Li sionko
alias Khe Baroe den comm:s hadde onderrigt dat derselver beuise seer wel gespekt
waaren, van welk geval den tegenwoordige vaandrig Knabe ende beijde burgen seg
daniel en Carolus Neijmans na gedagten wel iets bekent sal sijn,
seggende al verder dat bij de opvatting die Even bevoorens de revolte der
Chineesen op het land van N: hockong op Toeloekansana is geschiet
Leeven
Een van die natie om het selve was geraakt, sijnde desen aangaande den
chinees Tsoe Kietko niet onkundig.
off den gereg: bereijd is al het vooren„
staande des noods met Eede te beves„
tigen. —
nu werd de gereg: Lim Thoanko
gevraagt of den Chinees Lim kiok
seeng alias/ Tikoes sijn soon niet
geweest is. -
47.
off deselve niet inde jaar 1740. in
de
45.
46.
-"
NL-HaNA_1.04.02_2555_0379.xml,"223
segt Jadrie man
segt omdat de comm:s de Chineesen inde wat beweegheeden deselve daartoe
boven landen sonder onderscheijd lier op e gehad heeft.
vatten mitsg:s die geene dewelke geen geld
hadde inde ketting klinken, alwaar omme deselve hunne suijkermolens ver„
laaten hebben en nog het bos gevlugt sijn.
segt Ja.
off gem: sijn soon hem gereq: reeds in
demaand februarij of maart van't sel„
ve Jaar niet gesegt en gedoleert heeft
dat omtrend het Chineese nieuw jaar
inde voors: maand februarij aan sijn
molen door het volk vande gecom„
mitteerde tot en over de zaken van
den jnl ander Eenige Chineesen waa„
op gevat.
off het selve ook niet geschied is aan
de molen van desselvs buurman Thee
Een Ko.
segt Een man van sijn zoons suijker„ off van ijder „ niet vijff personen vermits
niets konden betalen of opbrengen inde
mel en van andere weder drie sonder
sulx nogthans regt teweeten dog be„ ketting sijn geraakt.
„molen
demaand october en daar na Een
hoofd der malcontenten sijner natie
geweest is. .
draagt
48.
50."
NL-HaNA_1.04.02_2555_0380.xml,"beandwoort.
draagt het getal dergener die in de kettinij geklonken sijn elf stux sin
de overige opgevalte voor betaling gecargeert.
52.
door het voek vande comm:s en op op wat preetext Endoor wi
pretext dat deselve geen briefjes zulx geschied is. -
hadde.
53.
segt dat op het versoek van Lim off deselve naderhand niet weder
Tjouko en The Eenko aan haar gelargeert en uijt de ketting ge„
hoog Edelens gedaan eenige weder ge„klonken sijn geworden, —
largaert sijn sonder het precise tewee„
segt Ja en dat sulx op de selvden off hem gereg:t ook niet bekend is
dat er op ban assij Eens hondert chin„
se te gelijk en diervoegen op gevat sijn
tijd is geweest.
segt dat de geene die gelargeert sijn off er voor de gelargeerde niets
aan Li Sionko. Eenig geld hebben betaelt is.
moeten betalen een ider na rato van sijne
middelen, sonder dat hem bekend is hae veel, welke penn: doorvoorn: Li
Sionko vervolgens aan de comm:s wierden gegeven, sijnde hem gereq:t sulx
door voorn: Chinees selvs verhaalt gewerden. —
beandwoort met het voorige
soo jae door wie, aan wien, en hoeve
56.
off dezelve except elff niet ge
largeert sijn. —
58
ten.
54.
55.
57."
NL-HaNA_1.04.02_2555_0381.xml,"58
225
daan te hebben. —
segt dat hij op gevraagde tijd op pondok off hij gereq: zelff niet inde maand
China woonagtig was, alwaar na sijn Aug:s 1740. op sijn Land door Een troup
gissing omtrend hondert baleijers uijt
uijt gesonden balijers gansch onderwagt
zoo
het Campong van cap:n babandang
gevat gevleugelt en ht hoger op
waaren gekomen door den Commissaris gel:j gevoerd was.
hij gehoort heeft uijt gesonden dewelke
hun gereq: na bevorende t sijn permissie briefje afgevraagt te hebben, sonder
Eenige de minste redenen hebben op gepakt vast gebonden en drie dagen
hager op dan wel na Compongbaroe gevoert, hebbende gem: baleijers sijn gereg:t
permissie briefje niet eens willen examineeren, door welk gedoente de overige
daar omtrend wonende Chineesen benevens hunne vrouwe kinderen en slaven na
het bos en gebergte sijn gevlugd.
beandwoort. —
segt dat na verloop van drie dagen op
voorspraak van Eenig jnlanders
los gelaten is.
dewelke hem gereg: kenden en versee„
kerden dat sijn Een braaffman was weder gelargeert is gewerden. —
segt Ja met Een request sijn beklag off hij dierwegens met gedoleert
dierwegens aan sijn hoog Edelheijd ge„ heeft en aan wien. —
off daar voor ook betaalt heeft
en aan wie....
62. /.
wanneer en op wat wijse weder
waar na toe. —
63.
59.
60.
61.
segt neen."
NL-HaNA_1.04.02_2555_0382.xml,"63.
segt dat van sijn hoog Edelheijt
van wat effect de doleantien za
nade landdoost is gesonden dewelke geweest.
hem hadde gesegt daar ondersoek na te
sullen doen dog dat dierwegens noijt het minste mouvement is geraakte, —
64.
segt omdat de chineesen sonder on„ wat s' ware oorzaak en beweegh
derhiheijd terorder vande commissa„den van die
van sijne natie gewes
om oproerig
ris wierden opgevat dewelke daar is opterig teworden.
op alle devlugt na bossen en gebergtens
genomen hebben en aldaar bij malkander versameld sijn het welk na sijn
gedagte de oorsaak van de opstrand geweest is.
segt. Ja.
segt na sijn gedagten niemant anders
als de commissaris der Jnlanders.
sustineert het selve op de vorenstaen„ wat redenen van wetenschap
de vrage bereets beandwoort te heb„ den gereg: desen aangaande
benen geen andere redenen vanwe„ weet bij tebrengen.
tenschap te kunnen geeven. —
segt niets anders. —
wat hem al verder te dese opsigte
bekent is. —
68
aan wien sulx na de opinie van
den gereq: te imputeren is
67.
off het waar is dat zulx soude ver„
oorsaakt sijn door de voors: en dierge
lijke Extorsien en mishandelinge. —
66.
65.
69"
NL-HaNA_1.04.02_2555_0383.xml,"69.
227
segt Ja.
segt Ja.
off de gereq: wel weet dat hij
de waarheijt moet seggen en niets
verswijgen waar na hem uijt druk„
kelijk gebraagt werd.—
off het vorenstaande met Eede
kan bevestigen
Aldus opgesteld bij mij onder„
getekende Batavia den
6„e October 1742. /was getekend/
N: Iongsma.
verklaren na waar„
op alle welke vraagpoincten de gereq:
heijd geandwoort te hebben en geschieden het selve inde raad
kamer van wel gem: raade ter presentie als in
morgine (:was geteekent) met een handmerk waar
bij gesz kont gesteld bij Lim Thoanko /:nog getekent/
A Jubbels /:ter sijde stont:/ ons present als Comm:s
/was getekent/ Jacob van der Bokz en J: C: duquesne
/:onderstont:/ Toirconde (was geteekent:)
P: Haksteenadr Gjesw Clercq.—
Gecollationeert & accordeert
Batavia den 26: October 1742
Hahstien
Adr Gesw Clercq
70.
ƒ"
NL-HaNA_1.04.02_2555_0384.xml,"Beandwoorde Vraagpoinct
No. 57
door
Adriaan Subbels C:s:
Ius
Eve
wij
Clerk
hier
in"
NL-HaNA_1.04.02_2555_0385.xml,"128
op den 9. 11. en 2:' october 1742. —
soo hebben deselve daar op sooda„
den geinterrog: segt in china gebooren
en ses en sestig Jaren oud te sijn
missarissen uijt den agtb: raad van
Iustitie des Casteels batavia M=r
Theodorus van Reverhorst, en poincten opgestelt
S: Evert Christoffel Lanius benevens
mij Pieter Haksteen adj:t gesw:
omme daar op ter Re„
Clerk van wel gem: rade den gereg:
hier besijden genoemd dewelke
ingevolge de app:n van datis 19:' 7ber: Jusitie van De Heer
en 3:' october laastleeden op de
onderstaende articulen en vraag„ M:r Nicolaas Iongsma
poincten naeukeurig sijnde gehoort
rng geandwoord als im mar„ Pro Interim advocaat
:gine derselve aangeteekent staat,
Fiscaal van Neder„
lands India ten over„
„staan van heeren
Commissarissen
uijt den agtb: Raad
van Iustitie deses—
Casteels gehoort en
ondervraagt tewerden
„de Chineesen,
„zim Tsouko, Lim Hiensaij,
que Liamko, en Toe Kietko,
Compareerde voor heeren com„Articaien en vraag„
Eerstelijk werd den gereg: Lim
Tsouko gevraagt of hij hier
4
1.
te."
NL-HaNA_1.04.02_2555_0386.xml,"segt ses en veertig Jaaren
beantwoord;
te betaalen; —
da
segt altoos seer wel behandelt te of de Chineese natie in aldie tijd
ge
sijn uijt gesondert de laaste
op deselvd vot en Evengelijk
thien Iaaren dat het van
gehandelt is;—
e
Erger tot Enger is gegaan;
w
laten
:sua
als
te landen dan wel in china ge„
boren en hoehoud den selven /:
is;—
Jngevalle in China gebooren (was
:diaa
hoelange hier telande woonag„
tig geweest is; —
2.
3.
'tsedert wanneer die verande„n
ringen Een begin genomen jes
hebben;—
segt Ja dog bij verandering of den gereq: niet weet dat
de
van Commisssaris waren altoos de chineesen die nade
ind
op
die van sijn natie genoodsaekt suijker molens dan wel boven
m
een anders briefje te haelen landen gingen woonen daar
w
en daar voortwaalf stuijvers toe eens voor al een permissie
a
briefjes vande commissaris —
van den Inlander gewoon
g
m
waaren te Erlangen
segt twaalf stuijv: het welk hoeveel als dan daar voor be„
aan de clercq wierd betaelt: toolt wierd en aan wien
segt dat ten tijde den Edelen of al egter de Chineesen in on
de
ou
bere
bo
ge
ov
heer
d. o
4.
5.
6.
7.
roe
w
N
se is"
NL-HaNA_1.04.02_2555_0387.xml,"230
heer Crul en subbelscommis„ de boven landen woonende
was gekomen hadde hij in me„:soeken en te betaelen
:diaat den Cap:n der Chineesen
Ni hoekong weeten te per
„
:suadeeren om het bekken te„
laten rontslaan en al soo de chineesen te doen aanseggen
dat sij sig bij de nieuwe Commissaris moesten vervol„
de gewesene Commissaris subbels nog hadde geprotesteert
seggende dat de voorgaende briefjes nog geen Iaar oud
wooren, des niet tegenstaende hadde alle de chineesen inde
boven louden weder briefjes moeten neemen, en daar voor
het ordinaire gelt betaalen, dog na aulijx waaren ses maen„
:den geExpireert of het volk vande Commissaris quamen
in de bovenlanden eijsschende delaast gedistribueerde brief„
jes weder terug, onder pretext dat deselve verandert moeste
werden, hebbende de Commissaris deselve vervolgens alle
ondersig behouden dog de geene die Eenige geschenken bragten
kreegen opstonds hunne briefjes terug, sendende meerm:
de Roij wijnig tijds daar aan sijn oppassers en Een menigte baleijers
inde bovenlanden, dewelke de Chineesen sonder onderschijd
oppakten, onder voornoemdsel dat sij van meerm: briefjes
niet waaren voorsien, en of daarop door die menschen
wierd gesegt dat de commissaris door oorsaak van was
alsoo hij deselve terug gevordert en gehouden hadde, soo van
desulx nogtans geen de minste ingang maer wierden
genoodsaakt wilden sij uijt het blok door ingeset waaren
weder ontslagen raaken te betaelen ses ducatons op den
eerstendag van hunne plaatsing aldaar, en vier en drie
ducatons op de volgende daagen, sijnde hem gereq: in persoon
gebeurt, dat hij de commissaris gesprooken heeft
drie
over de Chineesen van sijn kennis dewelke op gevat
waaren mitsgaders hem toegevoegt dat die menschen
hoer briefjes onder sijn E: berustede en het oversulx
onredelijk was om haer aan te houden, wanneer Even
je is ontfangen, dog soo hoost somtijds wel twee maal in't
als derooij tot het Commissarioat Iaar dier gelijke briefjes te ver„
gen ten eijnde briefjes te erlangen tegens welk gedoente
eens voor al een per missie brief„ sijn geworden sjaarlijx en
:saris waaren als doen maar inde laaste tijden gedwongen
geciteerde
niet"
NL-HaNA_1.04.02_2555_0388.xml,"sigt Ja
segt Ja drie dagen na mal„
geciteerde Commissaris De Roij sijn clerk ordonneerd om
na soodanige briefjes te soeken, en deselve gevonden sijnde
hadde hij wijders tegens hem gereg:s gesegt daar sijn de brief
jes te rug, betaalt er drie ducatons, voor alseen voordeeltje
voor de oppassers, maar eer te presumeeren dat de com„
:missaris het gelt in sijn Eijgen sak heeft gestooken, dewijl
hij gereg: het hem selvs heeft inhaudigt;
segt in het Jaar 1739. son „ wanneer het eijgentlijck
der den precisen tijd te weeten
geweest is dat het volk van
de commissaris de eerst
gegevene briefjes weder terug eyschten
kanderen van bacassij of tot
Ian Jong priok toe; —
of er bij die op vatting ter voorsz:
soegt sulx niet gesien, maar
„ Chinees
gehoort te hebben vande over„ plaatse met een seker„ terwijl
ledene of gevlugte persoonen hij het in't water meenden te
Lim Tjeuko, en Limpooko;
,ontvlugten door een set stok
met een ijsere punt van agteren
door sijn lichaem gestooken
en aldus versouken is;
segt benoemen niet te weten of den gereq: diestijds ook niet
maar door de voorgaande
verstoon heeft denaam vande
twee Chineesen gehoort te hebben Chineese en van die geene dewelke
of het selve niet geschied is omtrent
maore of omtrent de mond van
dere vier bacassie;
1e
H.
of het opvatten op dese en gene
pretexten door het volk vande
Comm:s derooij niet bij uijt stek
in swang gegaan heeft inde
maand februarij 1740. en sulx
op het Chineese nieuw Jaar
dat
hem
8.
11.
12.
11"
NL-HaNA_1.04.02_2555_0389.xml,"232
„deselve maar te vinden
segt Ja;
missaris;—
dat het een oppassers van de Com„ hem gestorken heeft
missaris soude gedaan hebben;—
13.
segt wel te weeten dat er klag„ of door over geen beklagen
ten over aanden landdrost ondersoek gedaan mitsgaders
sijn gedaan dog niet teweeten daar over straf geoeffent is;—
of er vervolgens eenig onder
:soek nagedaan is, tegenstaende
den land-drost hadde geordonneert om getuijgen dier wegens
tebrengen;
wijl
segt Ja dog het getal der opge„
vattene niet teweeten;
segt ter order vande Comm: door wien op wiens order
van
door desselvs oppossers en de pa„ en in welker maniere die
troolje werdende de chineesen op vatting is geschied
uijt hunne huijsen van het;
land of waar„ waaren weg
of veele vandie op gevatte
chineesen niet aan Een lange
bamboes of stok met de armen
uijt gespreijd en andere wederom
alleenlijk gevleugeld na beneden
sijn gevoert geworden;
87
segt stedewaarts bij de com„ waarna toe en bij wie deselve
16.
of soodanige op votting als hier
boven gemelt stoot vervolgens
niet ondernoemen is op de
landen lager of nader aante
stod leggende en in specie
op Tsilinsing op het land van
den molenaer Tswahockseeng
en Lim kiokseeng /alias Tiekoes
en ook op Tandjong priok
gebragt sijn;
14.
15.
gehaald;
18."
NL-HaNA_1.04.02_2555_0390.xml,"ducatons;
segt Ja
verdeelt en gedeeltelijke ge„
„plaast inde compongs van
de captn: mohamet salee, Babandam in het campong van
een Javaans Captn: op mangadoea alwaar deselve soo
inde blokken als wagten sijn gesloten geworden
segt Ja nabetaling weder op wat wijse die menschen daer
ontslagen tesijn;
wederom uijt gekomen of ge„
„largeert sijn en of daar niet
eenige betaling voor gedaan
20.
segt aan lie sionko Caliaskhee aan wien die betaling geschieden
baroe dogter wiens order en op wiens order
sulx niet teweeten moarte„
:denken dat een order vande
de commissaris sal sijn geweest;
21.
segt gelijk bevoorens heeft, hoeveel ider man die gelor„
verklaart ses vier en Drie: geert wilde sijn moest beta„
len
:
segt dat deselve in de ketting hoe het ging met die geene de„
sulx
geklonken sijn, gelijk g'eexteert welke niet konden of wilden
heeft aan elf chineesen
betaelen;—
waarvan drie onder het volk
van que chiampang behoorden, ende agt andere onbekende
of sulx niet geschied is op aan„
„geeven als of deselve vagebonden
22.
segt dat de opgevatte chineesen wat erdoen de commissaris
door de commissarissen sijn is geordonneert geworden
en
is;—
19.
18.
ver
23."
NL-HaNA_1.04.02_2555_0391.xml,"2724
en landlopers waren
segt Ja. —
segt Ja.
segt het meestendeels te hebben hoe de gereg: dit bovenstaende alles
hooren verhalen van que
weet en wat reedenen van we„
Chiampang en thee beuko en: tenschap desen aengaende kan
dat hem gereq: ook verle ver„geeven; —
soeken sijn gedaan ten Eijnde
eenige ongelukkige met geld=
als ondersints willen adsisteeren
segt dat de Chineesen Lim stiensaij of de gereq: met en benevens
en TheeEenko getuijgen hebben de Chineesen him Hiensaij, en
gesuppediteert dat de inde„ Te Eenko ten dien fine ook niet
ketting geklonkene chineesen hun best gedaan hebben om
geen vagebonden wooren na de voorsz: elf chineesen weder„
om uijt de ketting te krijgen,
schied, het welke sij den Cop: Chinees
hadde sulx aan haer hoog Ed:s
te presenteeren dog denselven het
vande hand wijsende hadde voorm: persoonen 'tselve aan hem
gereq: versogt het welk door hem geaccepteerd en sig ten dien
fine aan sijn hoog Edelheijt per requeste geaccompagneerd van
de voorn: bewijs stukken geaddresseerd hebbende soo was
hem door sijn Edelheijt geordonneert dat het een en ander in
gelar vergadering moest geven het welk door voorn: chiampong
asijnde na gekomen waaren daarop de Chineesen wederge„
largeert geworden;
26.
of sulx niet voorgevallen
was in het Iaar 1740. inde
maand april;
of het staen in de ketting van
gem: Chineesen onder die
notie met een groote ver„
„slagendheijt en naderhand
der selven largatie een groote
vreugde veroorsaakt is;—
28.
24.
25.
27."
NL-HaNA_1.04.02_2555_0392.xml,"28.
segt Ja; —
segt om deselve aenden
segt ten hoogsten op hem verstoort of al egter de commissaris deroij
te sijn geweest en om die redenen op den gereg: niet seer verbitterd
een moolenaar van hem op„ is geworden wegens de voorgaen„
:de aangewende moeijte en menschen
gevat te hebben; —
leevendheijd;
29.
segt omdat hij hem eenige waar uijt hem gereq: die ver„
tijd na het presenteeren stoordheijt gebleeken is; —
van het gen: versoek „schrift
toe gevoegden durf sij houd—
requesten aan sijn hoog Edelheijt presenteeren; —
segt Ja en dat sulx ook of ter contrarie door de uijt„
veel dereeden is waarom: gesondene balijers vande
dat sij gevlugt en sig nade Comm:s deroij niet allerlij
ordentelijk chineesen vande
bossen hebben begeeven
moolens afgenoomen en aan„
gepaokt wierden; —
32.
of daar onder ook geen vijf
man van hem gereg: die op
silidok en babakan bescheijden
waren sijn geweest
33.
op wat wijse deselve weder
segt Ja. —
of den gereq: niet bekend is, dat
in de maenden Iulij en aug=s
„1740
door haer hoog Edelens is ge„
:ordonneert om swerversen
land loopende Chineesen op„
te vatten; —
31.
30.
gelangeert.
Edelen,
-"
NL-HaNA_1.04.02_2555_0393.xml,"236
segt Ja. —
segt Ja. —
Edelen heer president vansche„ gelargeert gekreegen heeft,
roij
pienen De Haze versogt te heb„
ttend
gaen„ ben dewelke deselve wederom
schen uijt de boeijen heeft doen largeeren;—
segt Ja
35.
dat segt dat de commissaris de
of den gereg: sig daar over niet
molenaar ten lasten hadde ge„
aande comm:s heeft geaddresseert
legt een Javaan vermoort
en wat denselven gesegt
te hebben dog dat hij gereg: daer heeft;
op antw:e sulx onwaar te sijn
maar wel dat er een Javoen
op sijn molen een parang en
een houweel hadde gestolen welke Javaen vervolgens in het
Campong was gevlugt en sig aldaar verderschuijl gehouden
heeft,—
of daags daar aan de Javoense
Captn: van de mangadoea bij
hem gereq: niet is gekomen
en onder anderen toegevoegt
heeft waar om hij gereg: die
soak van sijn molenaer met
de Commissaris niet afmaakt
of den gereq: hem opsettelijk
gevr: hebbende op wat swijse
sulx moeste geschieden daar op
niet heeft ten antwoord bekomen
of er in de maend meij of Iunij
1740. van sijn gereg: suijker
molen op Tanjong niet afge„
braagt en bij de meerm: Com„
missaris twee mogten en drie
dagen op gesloten gebleeven is
sijn molenaar Lim Tiocko,
in.
34.
36.
37."
NL-HaNA_1.04.02_2555_0394.xml,"segt Ja. —
geeven;—
39.
segt dat hij dier wegens re„ of den voorsz: molenaar
:quest aan sijn hoog edelheijt niet is gelargeert en op wat
heeft gepresenteert dewelke wijse;
hem hadde belast maer heen
te gaan met bij voeging iuw
molenaar sal gelargeert werden gelijk ook geschiet
segt en „ geroepen wl maer of de gereq: kont daar op ter or„
niet gegaan te sijn, dog doags: dre vande Commissaris Deroij
daar aan inde thuijn vande niet geroepen en ook geko„
Comm:s ontbodem werden„ men is ten huijse vanden
:de hadde sig door natoebe„ inlands captn: pasquael
andriesz:;—
41.
segt hem inde gem: thuijn wat hem diestijds aldaer
soo wel door de commissa„ bejegent is;—
ris als sijn vrouw qualijk
bejegent en gescholden te sijn,
en onder andere door den Eerstgenoemd toegevoegt, Iouhoud
sij hebt Nu voor de tweede maal requesten aan sijn hoog
Edelheijt gepresenteert wagt maar ik sal uw wel hebben
segt sulx niet teweeten maar of hem gereg: ook niet bekent
40.
of den gereq: sulx niet gedeclineer
en gesegt heeft dat als sijn mole
maar schuldig was denselven
als dan gestraft en niet vrij
gekogt moeste werden
in substantie, zij soud Immer
Wel Hondert Ducatons wille
geeven; —
wel,
is.
wel
38.
42."
NL-HaNA_1.04.02_2555_0395.xml,"238
heeft gegaan;—
in dier voegen in sijn werk op vatten der chineesen an„
„dere uijt bevreestheijd weg ge„
vlugd sijnde der selver agter
gelatene vrouwen en kinderen
niet mishandelt ende goe„
:deren door het volk vande
Commissaris gerooft gewer„
:den sijn;
erwel gehoort te hebben dat het is dat door het onordentelijk
segt van die tijd af aandat geursen of den gereq: niet bekent
sabandhaer is geweest bij Con„
is dat er 's jaarlijx met de
tinuatie en groot getal van
Ionken een extra ordinaris
die notie overgekomen te sijn
groot en ongepermitteert
ontfangende gem: Gjeursen van
getal chineesen aangebragt
ider Jonk Drie hondert rd:s, als sijn; —
wanneer permitteerde dat de
Chineesen sonder geteld te werden
als Eenlijk voor de leus aonde wal mogte komen
segt met ben Ionk van vijf hoeveel Chineesen doorgaens
tot sevenhondert persoonen met ider Ionk aangebragt
wierden; —
van twaalff tot seventien het hoeveel Ionken 's jaarlijx het
een Jaar meer als het ander
een door het onder gerekent
hier wel gearriveert sijn
46.
segt dat het althoos gepermit„ hoe veel Chineesen voor dat
„teert is geweest om Een hondert geursen sabandhaer was wel
Chineesen met een Jonk aan met de Jonken overgekomen sijn
tebrengen dog dat erop de ge„ en of deselve dan getelt sijn
vraagt tijd wel vier â vijff geworden;
44.
hondert.
lle
43.
45."
NL-HaNA_1.04.02_2555_0396.xml,"werden betaelt;
Hondert persoonen overquame als wanneer voor Ider boven
het eerst gen: getal door de schipper van die kiel een rd:s moest
segt dat de geene die hier ter waar al die Chineesen belent
plaatse kennisse of vrinden en vervaren sijn;
hadden erbleeven en dat de
andere nasava en bantam vertrokken om aande kost
segt dat deselve vandese„ of de geene dewelke alhier
secretaris van haer hoog Ed:s verbleeven geen permissie
een permissie of verblijf briefjes sijn verleent,
briefjes moeste en door twee
rd:s voor betaeltn, het welk
wanneer er een onder secretaris wierd aangestelt on
der een gelijke betaling van tweerd:s moest verandert
werden, hebben hij gereg: selvs in de laeste twintig Iaaren
dat alhier heeft gewoont vier malen sijn permissie
briefje moeten verwisselen, sonder nogtons te weeten bij
welke secrets:, dog voor die tijd van soodanig een verwisseling
niet geweeten te hebben;—
segt Ja en dat ten tijden van of het verleenen van dierge„
gem: secretaris bij de pagter:lijke briefjes ten tijden vande
van de Chineesen hairtuijten secretaris Cou met extra or„
soodanige briefjes in mee„ dinair inswang heeft gegaan,
nigte sijn gestribueert onder
betaling van tweerd: sijnde
aande wooning van gem: chinees door de voorn: secretaris
een verschristen schrijver geplaast geworden
segt dat de chineesen wan„ of men deselve briefjes niet
neer bij de voorn: pagter te koop presenteeren en selfs seg
quamen om een Iaarlijx de chineesen als opdrong;
50.
49.
48.
Conde
te koomen;—
47."
NL-HaNA_1.04.02_2555_0397.xml,"240
ssegt Neen
bonde briefjes te halen als dan door de Christen schrijver
die aldaar geploast was wierden afgevraagt of sij
van Een verblijf of permissie briefje waaren voor
:sien wanneer het gen: briefje vertoont moest wer„
„den aan meerm: schrijver, dewelke ons warende dat het
door den laast gen: secrets: niet geteekent was als dan deselve
forceerden om Een ander verblijf briefje te moeten accep„
„teeren onder de gesegde betaling werdende haer konde
briefjes soolang ingehouden tot dat aan gen: schrijver
genoegen quamen tegen;
ven
segt Neen, alsoo alle de„ of men ook selvs niet tot
chineesen dog Iaarlijxge„ boven in het land met gem:
noodsookt waren inde stad briefjes is gegaan en de chi„
te koomen ten Eijnde een neesen deselve daar op —
bonde briefje te haalen, gedrongen heeft;—
segt eenige klijne verschillen wijders werd den gereq: ge„
soo met de boom wagters als vraagt of die van haer natien
met de pagter vande waag nadat alles genoegsaam we„
in naeme kool gehad teheb„: der instilstand gebragt was
„ben dog dat sij voor't overige soo aande boom als buijten
destad ook denovo qualijk
behandelt sijnen of haer
wel gepermitteert is om
haer negotie vrijelijk temogen.
doen;—
wel behandelt sijn;—
segt te hebben hooren seggen dat of te dies tijd nogthans die van haer
of haer buijten de ordinaire
tot nog iets afgeperst is ge„
werden
52.
de
natie„
lent
51.
-
53.
54
-"
NL-HaNA_1.04.02_2555_0398.xml,":testaan
segt dat als dan dat sommatje den gereq: werd gevraagt in„
/:gel
door dese en geene vandes over gevalle en Een arm persoon
dog
ledenskennisse wierd opgebragt dien geen twee rd:s naliet quam
tot
te overlijden wie als dan dat
afgeperste sommatje moest op„
„brengen
segt sulx niet te weeten; —
segt hem niets meerder voor„ of den gereq: nog iets tot elu„
cidatie van het vooren
gevraagde hier weet bij te voe„
:gen;
den gereq: segt hier op batavia thans werd den gereg: Lim
geboren en vijf en veertigh
Hiensaij afgevraagt of hij
hier te lande dan wel in china
geboren en hoe oud denselven
is;—
Iaaren oud te sijn;
segt dat voorde regeering — of de chineesenatie soolang
van sijn hoog Edelheijt Durven hem gereq: heugen mag althoo
die van sijn natie althoos op een selvde voet behandelt
wel behandelt sijn dog sijn; —
dat het na dato van tijd—
tot tijd verengert is. —
59.
58.
of den gereq: niet bewust is dat
en over die gedoentes klagten
aande sabandhaer sijn gedaan
56.
55.
de haveknegt voor ijderlijk natie voor ijder doode alvoorens /:seg
gebragt niet hebben moeten
betoelen twee rijxdaelders;
twee rd:s moeste betaelen het lijk ter aarde mogte werden
60.
57.
-
1
is"
NL-HaNA_1.04.02_2555_0399.xml,"60.
242
is geschied —
nssegt dat hij gereq: en de chineesen of den gereq: niet weet dat al„
den dewelke op de moeronde woonag„: thoos de Chineesen die na de bo„
ten /:tig sijn ten tijden van de comm:s venlanden dan wel suijker
stier een briefje onderbetaling: moolens vertrokken daartoe
van twaalf stuijv:s hebben ge„ eens vooral een permissie briefje
haalt sonder ten tijden vande vande comm:s van den inhouder
comm:s kul en subbels een dier„ gewoon waren te erlangen,
:gelijke benooij gehad te hebben
dog met dekomste van derooij
tot het commissariaat was hij gereg: ende bovengem: chin=en
weder geordonneert om een nieuw briefje te haalen seggende
dat
t op„ nogtans niet teweeten hoedanigde op andere hier omtrent
leggende plaatsen woonende chineesen dien aangaande
sijn behandelt;
dat
segt twaalf stuijvers aan de
schrijver;
segt dat sij bij de comm: deroij of de Chineesen inde boven
om de ses maanden briefjes landen woonende inde laast
moesten haalen ofwel in het tijden niet gedwongen sijn
geworden 'sJaarlijx ensomtijds
geheel maar twee maal het
wel tweemael in 't Jaar dier
twelk bij geen andere Comm:s
gelijke briefjes te versoeken
nu te betaelen;—
segt Ja op voorwendsel dat
en
van geen Comm:s briefje voor„
sien waaren;—
segt Ja van bacassij af tot
Ian Jong priok toe;—
64.
of het selve niet geschied
is omtrent maore ofde
mond van de Revier
Bacaijssij;—
of het indemaand februarij 1740.
niet is geweest dat er Een
meenigte chineesen door het
volk vande comm:s wierden
op gevat en op wat pretext
63.
62.
hoeveel daarvoor betaelt wierd
en aan wien;
61.
65.
ƒ"
NL-HaNA_1.04.02_2555_0400.xml,"65.
segt sulx te hebben hooren ver„ of er bij die vatting ter voorsz:
haelen van lim Tjonko, en
plaatse met een seker chinees
Lim pooko diestijds op bacca„s, ter wijl hij het in't water tragte de
sij gewoont hebbende dogh
te ontvlugter door een setstok
thans gevlugt of overleden
met een ijsere punt van agte„
ren door sijn lichaam ge„
:stooken en dus versouken is;
66.
segt de chinees die gestooken of den gereg: dies tijds ook niet
geworden is genaamt tesijn
verstaan heeft denaam van
de Chinees en van die geene
geweest I.on hoenko wiens —
broeder als nog op silinsing dewelke hem gestooken heeft,
woonagtig is dog desselfs —
naam niet te weeten maer
wel van aansien te kennen dog den oom vande dooda niet
teweeten maar wel gehoort te hebben dat het door volk
vande commissaris is gedaan;
segt sulx niet teweeten
68
segt ter ordre van de comm: door door wien op wiens ordre
desselvs oppassers verselt van veele en in welker maniere die
inlanders en uijt haer huijsen op vatting is geschiet
uijt de thuijnen van het land
of waar deselve maar tevin„
:den waaren gehaelt te sijn
segt de Chineesen welke inde of veele van die opgevattechin
h
bovenlanden wierden opgevat niet aan een lange bamboes of stok
d
aan bamboese gebonden en die met de armen uijt gespreijd en
na bij de stad gekreegen wier„ andere wederom alleenlijk
la
:den Eenlijk gevleugelt sijn gevleugelt na beneden sijn
gevoert geworden;
69.
of daar over geen beklag en
ondersoek gedaan mitsgaders
door over stroff geoeffent is;
10.
57.
-.-
de"
NL-HaNA_1.04.02_2555_0401.xml,"70.
244
s:
sronde op gevattene bijde com„bragt;
d:missaris gebragt en vervolg:s
op pacodjang in het blok sijn geset sonder nogthans gehoort
te hebben waar de andere op gepakte geploats geworden sijn,
te„
segt dat deselve of wel de„ na, waar na toe in bij wie deselve ge„
segt Ja nadat sommige ses op wat wijse die menschen
andere vier en drie ducatons wederom uijt het blok gekoo„
men of gelargeert sijn en of
betaalt hadden; —
door niet eenige betaling
voor gedaan is;
72.
segt dat er gesegt wierd dat aan wien die betaling geschieden
de Chinees lisionko /alias khee en op wiens onder
Baroe een goed vrind vande
Comm: was, en dat als men
sijn hulp versogten het boven gespecificeerde geld betaalde
als dan gelargeert konde werden gelijk sulx ook ge„
:
en schiet;—
segt dat als doen door de Comm:s hoe het vervolgens ging met
Deroij aan haer hoog Edelens die geene die niet wilden of
wierd voor gedragen dat hij konde betaelen;
eenige Chineesen in het blok
had dat schelmen en landloo„
pers waaren, werdende als dan soodanig de welke niet be
„taalt hadde inde ketting geklonken;
segt het van gelooft woor„ hoeden gereg: dit bovenstaende
Stok
„dige persoonen te hebben, alles weet en wat redenen van
een
hooren verhaalen dog be„ wetenschap desen aangaande
lijk
langende deelf chineesen kan geeven;—
dewelke inde ketting
geklonken
op de
71.
73.
74.
dre"
NL-HaNA_1.04.02_2555_0402.xml,"segt Ja.
segt Ja. —
segt sulx niet te weeten
segt Ja
geklonken sijn geworden dierwegens door Thee beuko, him Jsouk
en hem gereg: attestatien ingewonnen te sijn dat het geen vag
„bonden of landloopers maar eerlijke en broove Chineesen
waaren na het welk sij niet hun drien een request tot Car„
„gatie van deselve aan sijn hoog Edelheijt hebben overgegev„n seg
dewelke geordonneert hebbende daar mede in vergaderin„
te komen soo was door Thee benko het selve versoekschrijg
ook aan haer hoog Edelens gepresenteert als wanneer
ge
haer het versogte is geaccordeert gewerden hebbende hij ger
benevens de twee voorn: mede chineesen al voorens den ses
Captn: dier natie versogt om de regering van het boven
:staende kennis tegeeven dan dewijl denselven het vande
hand quam te wijsen was het invoegen voorsz door hun
uijt gevoerd gewerden
of het slaan in de ketting
segt
van gem: chineesen onder die
den
natie met een groote versla„w
:gendheijd en naderhand derselhad
ver largatie een groote vreugd van
groe
veroorsaakt heeft;
of den gereq: niet gehoort heeft en
dat de comm:s deroij over hetw
presenteeren van het gem: re„de
„quest seer verbutterd is geweest op
Lim Souko;
of den gereq: niet bekent isver
dat er in de maand Iulij ofw
aug:s 1740. door haer hoog Edelens
76.
afgem: elf chineesen niet ge„
„largeert sijn inde maand april
1740. —; —
75.
is
:
5
77.
de
wo
o
8"
NL-HaNA_1.04.02_2555_0403.xml,"80.
246
gesegt niet gehoort te hebben
of ter contrarie door de uijt„
derig dat er quaade maar wel
gesondene balijers van de Comm:
schrijf goed chineesen wierden op
Deroij niet allerlij ordentelijke
gevat Jaselvs de molenaars
Chineesen vande molens afge„
een Chineesen die van brief „:nomen en aangepakt wierden
denses voorsien waaren
segt wel gehoort te hebben of hem gereq: niet bekent
denselven opgevat is maer is dat er in demaand meij
waarover of van het ge„ of Iunij vande suijkermoo„
len toe behoorende tim
Isouko afgehaalt en bij
de comm:s gebragt is desselvs
molenaar Lii Siocko
geval niet te weeten; —
segt dat het volk vande Comm:
dewelke ter ordre uijt gesonden of hem gereg: ook niet bekent
„waaren voor een gewoonte is dat door het onordentelijk
desel hadde dat alvoorens in de huijsen op vatten der chineesen andere
reugd van de Chineesen te vallen een uijt bevreestheijd weg gevlugt
groot geschreeuw temaeken sijnde derselve agter gelatene
waardoor deselve van hun vrouwen en kinderen niet
aankomst kundschap krijgen„ mishandelt ende goederen door
het opstonds op de vlugd gingen het volk vande Commissaris
heeft en signade bossen begaaven, als gerooft geworden sijn;
wanneer de meerm: uijt geson„
redene met de agter gelatene —
op vrouwen en goederen na hun wel gevallen handelden
egt door niet van te weeten of den gereq: niet bekent is
is vermits altoos op het land dat er Jaarlijx met de Ionken
een extra ordinair groot en
of woonagtig is geweest
ongepermitteerde getal chineesen
is geordonneert om swerves en
landloopers op te votten;
aangebragt
april
81.
82.
lens
79."
NL-HaNA_1.04.02_2555_0404.xml,"moest neemen;
segt soo verre hem aangoot
weeten
segt Ja en dat daar voor
tweerd:s wierd betoelt
84.
segt sulx niet teweeten maer, of het verleenen vandiergelijk
dat die geene dewelke verblij„ke briefjes ten tijden vande
den wilden een briefje
secretaris Cau niet Extraor„
dinair inswang heeft gegaan
wijders werd de gereq: gevroog
of die van haer natie nadat
alles genoegsaam wederin
stilstand gebragt was, soo
aande boom als buijten
de stad ook denovo qualijk
behandelt sijn en of hoer
wel gepermitteert is omha
negotie vrijelijk temogen doen
86.
of haer boven de ordinaire
tot ook nog iets af geperst is
geworden;
segt dat de Chineesen aande
of te dier tijd nogtans die van haer
boom in den beginne aan notit voorijder doode  alvoo
sheeren wegen begroeven
rens hetlijk ter aarde mogte
waardoor eenige stonk
werden gebragt niet hebben
zijnde,
ontstaan hadde den soban„ moeten betaelen 'tweerd=s
dhaer geordonneert dat
in het vervolg hunne doo„
den verder op moesten gebragt en dieper onder de aarde
neen, van andere niet te
segt Ja. —
of de met de Jonken overgevoert
chineesen ende welke alhier qua
men te verblijven niet van
een permissie of verblijf brief
moesten voorsien sijn
aangebragt sijn
83.
gestooken
85.
„„"
NL-HaNA_1.04.02_2555_0405.xml,"248
informeeren;—
gestooken werden, dan vermits de Chineesen van schoppen als
andere daar toe noodige werktuijgen onvoorsien wooren
soo was de have knegt geordonneert om toe te sien dat sulx
ordentelijk geschieden, werdende hem daar voor door de
sabandhaer 'tweerd:s toegelegt
segt dat het als dan door — den gereq: werd gevraagt ingevalle
desselvs vrunden en kennisse er een arm persoon quam te—
sterven die geen tweerd:s naliet
wie als dan dat sommetje
moest op brengen;—
wierd betaalt; —
segt neen, maar dat het gem: of den gereg:, niet bewust is dat
sommetje met volkome
er over die gedoentens klagten
genoege hebben betaelt
aanden sabandhaer sijn
gedaan;
segt Neen.
segt Ja en dat hij doar op den gereq: que Liamko werd
nade stad is afgekomen om alsnu gevraagt of staande het
sig nadereeden door van te„ Chinees nieuwe Iaar 1740. aan sijn
molen op bodjong renget onder
desselvs volk met een groot
vreese en ongerustheijd was
ontstaan over het opvatten
van Een groot getal chineesen
aande westkant deser stede;—
92.
segt sa en gehoort te hebben of hij daar op niet nadestads.
of den gereq: nog iets tot Elu„
cidatie van het vooren ge
vraagde hier weet bij te voegen,
90.
89.
dat.
is.
88.
91.
aire
tis
de
ooker"
NL-HaNA_1.04.02_2555_0406.xml,"dat de Chineesen die opgevat is afgekomen en wat of hij gehoort
wierden geen permissie brief„ heeft dat deredenen van die op„
votting geweest sijn
:jes hadden
segt Ja en dat sijn volck of hij sulx gehoort hebbende niet
alverder bekent maekten weder na sijn suijker moolen
dat de opgevatte Chineesen was geretourneert en sijn volk pl
weder waren gelargeert op de beste wijse te vreede gestell, ge
en in rust gebragt hadde
94.
of hem gereq: vervolgens in
demaand aug:s van het selvde
tert
Iaar niet ooren is gekomen
dat vijf moffen van him Jsouko
'smolen op babakan boven
tangerang en tsilidok aande
revier anke sijn opgevat
geworden; —
95.
segt Ja dog nadat weder op of door over niet opnieuw Een
sijn suijker molen terug was groote consternatie onder sijn
gekoomen, hadde hij verstaan volk is ontstaan en of hij
dat Gem: vijf man alweder niet weder na de stad ge
gelargeert waren gewer„: komen is om de oorsaak
vandie op rotting te verne
„va
segt te presumeeren dat of hij niet weet wat dere
„1br
het op vatten vande chin:e: denen vande Chineese revolte
door het volk vande Com„ sijn geweest;
missaris 'tsij dat deselve van
permissie briefjes voorsien
waaren danniet door de oorsaak van geweest is;—
96;
zegt Ja. —
93.
97.
:den;—
:men;—
dat
w
do"
NL-HaNA_1.04.02_2555_0407.xml,"250
segt dat sonder onderschijd goede wat voor Chineesen doorgaans
en quade Chineesen op gevatie opgevat wierden
op„
segt dat sulx bij hem niet of hem gereg: ook niet bekent
niet
is geschiet, maar welgehoort is dat door het onordentelijk
en
te hebben dat Er op andere
op vatten der chineesen an„
volk plaatsen soodanig te werk
:dere uijt bevreestheijd weg
gevlugd sijnde derselver
agter gelatene vrouwen
en kinderen niet mishan„
delt ende goederen door
het volk vande Comm=s
gerooft geworden sijn
gestelt gegaan is; —
segt dat ten tijden doen hij — of den gereq: niet bekent
de gereq: alhier gekomen is dat er 'sjaarlijx met
is, het welk ruijm agtjaaren de Ionken een Extra ordina„
geleden is, En doenmaels ir groot en ongepermit„
met een Ionk vier â vijf teerde getal chineesen
hondert Chineesen aange„ aangebragt sijn;—
/:komen sijn
de segt dat hij maar een briefje of het niet een constant gebruijk
vande Commissaris Derooij gehad is geweest dat de chineesen die
„hieft, dog te hebben hooren seggen nade suijker moolens dan wel
dat de volk inde bovenlanden boven landen gingen woonen
„was gekoomen, om te belasten
Jaarlijk of eens voor al daar
dat alle Chineesen nieuwe
toe Een permissie briefje van
de gecommitteerde tot de saken
vande Jnlander moeste hebben;
„briefjes moesten haelen;
e
segt twaalf stuijvers aande
t
hoeveel voor soodanig Een
briefje betaalt wierd
101.
100.
99.
sijn
:-
e
Ko„
at
sijn
hij
revolte
schrijver;
-:
1
98.
:
97.
102."
NL-HaNA_1.04.02_2555_0408.xml,"102.
segt Ja.
segt Ja
segt Ja.
segt Ja. —
segt niets anders daarvante„ of hem gereq: niet bekent is dat
men de Chineesen, en Javaenen
weeten als op het geene het
100. articul heeft geantwoord naderhand gedwongen heeft
sJaorlijk meermalen sulke
briefjes temoeten nemen
en betaelen;
103.
of dat verwisselen van briefjes
geen groot ongenoegen onder
die van sijne natie veroorsaakt
heeft
den gereg: Tsoe Kiet ko werd
gevraagt of hij op Chinees
nieuw jaar 1740. niet geweest
is op sijn gehuurde molen
vande Captn: Ni Hoekong
op Tanadoea ratos boven
baccassij;
Se
of Eenige dagen daarna niet
een groot verslagendheijd onder
sijn volk heeft gesien ter oor„
soake gehoort hadde dat er
veele Chineesen op delanderijen
aan deseekant gelegen opge„
vat waaren
106.
of hij haer niet ten beste neder„
geset en sig voorts na destad
begeeven had om de redenen
vandie op vatting te weeten
107.
segt Ja sulx gehoort te hebben of hij gereq: inde stad gekoomen
105.
108.
sijnde
-:"
NL-HaNA_1.04.02_2555_0409.xml,"252
segt Ja. —
segt
segt Ja door behulp van Lim
fjes 'Tsouko, The beuko, en Lim
Hibusaij;—
erd
weest
segt Ja en dat deselve
ong uijt vreese na het bos sijn
gevlugt; —
of hij inde maand augustus
desselven Iaars niet weder
van Een opvatting der Chineesen
gehoort heeft soo inde stad op de
landerijen en aan demoolens
en of sijn volk door door
niet wederseer gecillar„
:meert sijn geworden;
110:
of die opvotting ook niet is ge„
:schiet aande molen vande
samarang overgekomene mole„
naar Isoa Tsiamko woonende
in het Chinees quartier en op
Toeloekansana aande mo„
lens vanden boedelmeester
Nihocko;
of hunne vreese net Een
weijnig quam te cesseeren
doen sij hoorde dat het volk
108.
of hij gereq: naderhand ook
niet gehoort heeft dat elf van
de voorsz: op gevatte Chineesen
inde ketting geklonken, sijnde
door behulp van him Isouko
weder gelargeert waren ge
worden;
sijnde niet gehoort heeft dat
Er een meenigte chineesen
waaren op gevat dog het grootste
gedeelte voor betaling weder„
gelargeert geworden;
van
en
t
len
109.
111.
a."
NL-HaNA_1.04.02_2555_0410.xml,"segt Ja. —
segt Ja
114.
of op die tijding demolenaer
segt Ja sulx gehoort te heb„
mohoenko niet na die ma
ben en dat him Thoanko
gesogt mitsgaders den selven
het in persoon gesien heeft,
verre beneden indere vier
gevleugelt dood gevonden
heeft;—
segt het lijk bij den land drost of het gedagtelijk niet ver„
gebragt te sijn en ookdat volgens bij den land drost zeg
hij gereg: afgekomen is, dog gebragt en hij gereg: als ge
tuijgen mede afgekomen
is;—
met als getuijgen;—
segt op toeloekansana niet
of ten tijde hij gereq: bij de rebel
geweest te sijn en oversulx
leerende Chineesen op toehoek
van het gevraagde niet
ansana geweest is niet bij
teweeten;—
continuatie heeft hooren
doleeren over het slegt ge
:drong en behandeling van
116.
113.
of het niet is gebeurt dat deselve
balijers op popisangan bijden
Javaans luijtenant singa marte
vernagt hebben als doen Een
van de gevangene Chineesen
vermist is geraakt
-
of hem gereg: niet bekent is dat
de balijers bij hun afmarsch eeni„
:ge gevangene Chineesen hebben
mede genomen
112.
van de Commissaris door haer
hoog Edelens terug ontboden
waaren; —
den.
.
115.
£"
NL-HaNA_1.04.02_2555_0411.xml,"254
opgevat; —
tsegt Ja 'sjaarlijx Een
segt omdat er soo wel goede
segt 'er niets van te weeten
of hem gereq: niet bekent is
dat door het onordentelijk
op vatten der Chineesen andere
uijt bevreestheijd weg ge„
vlugd sijnde derselver agter
gelatene vrouwen en kin„
:deren mishandelt ende goe„
:deren door het volk van
de commissaris gerooft
geworden sijn;—
119.
of het met een gebruijk
is geweest dat de chineesen
die na de suijker molens
dan wel boven landen gin„
:gen wooren 's Jaarlijx
of eens voor al daar toe een
permissie briefje vande ge„
committeerde tot de saken
vande inlander moeste
hebben
118.
of hij gereq: niet weet wat
de chineesen hebben gehad
waar door tot rebellij sijn
uijt gespot;
als quade Chineesen wierd reedenen van misnoegen
den bailliuw en land-drost maer
voor al over de Commissaris
en desselvs uijt gesondene vol„
:keren die hun goederen niet alleen
geroofd maar hunne wijven
en dogters verkragt hadden;
120.
dat
eni
bben
„
117.
5ge"
NL-HaNA_1.04.02_2555_0412.xml,"vande Commissaris;
segt Neen:
120.
segt twaelf stuijv:s aende clerk hoeveel voorsoodanig Een briefje
betaalt werden aan wien
of hem gereq: niet bekent is dat
segt daar niets van te weeten
men de Chineesen en Jovanen
naderhand gedwongen heeft
's jaarlijx meermalen sulke
briefjes temoeten neemen en
betaelen;—
LimIsouko segt Ja.
Lim Hi En saij als boven
que Liamko ad Jdem
:
Tsoe Kistko als Even
op alle welke vragen den gereq: verklaerde na
waarheijd te hebben geandwoort en geschieden
het selve inde raadcamer van welgem: rade
ter presentie als in margine/ was ge„
tekent met vier handmerken, waer
bij geschreven stond gestelt bij Lim
Tsouko, Lim Hiensaij, que Liamk#
en Isoe Kietko, ter sijde stond, ons pre
sent als commissarissen I: V: Reverhorst
en E: C: Lanius, Lager stond, Torconde„
was getekent P:r Haksteen adj:t
gesw:e Clerk; Gecollationeert en accordeert
Batavia den 25:' october 1742. —
Aldus opgestelt bij mij onder
getekende Batavia den 9='
october 1742. was getekent,
N: Iongsma.—
of de geregs: bereijd sijn hun„
ne gegevene responsiven
met Eede te sterken;—
123.
of hem desen aangaende nog
is bekent is;
122.
dakstan
adjt
GeseCleve
121.
ƒ
G"
NL-HaNA_1.04.02_2555_0413.xml,8
NL-HaNA_1.04.02_2555_0414.xml,"Lim Sjouko C: S:
door
Beandwoorde Vraagpom
No. 58"
NL-HaNA_1.04.02_2555_0415.xml,"256
op heeden Den 13:' october 1742. Articulen en Vraag„
woord als in margine dersel„
Compareerde voor heeren Com„
„missarissen uijt den agtb: raad„ poincten op gestelt
van Iustitie des Casteels batavia
M:r Theodorus van Reverhorst, omme daar op ter Re„
en Evert Christoffel Lanius,
quisitie van De Heer
de geinterrogeerdens hier besijden
genoemt dewelke ingevolge
M:r Nicolaas Iongsma
de app:ln van datis 12. en 19:' 7ber:
item 3:e october laast leeden
Pro Interim advocaat
op de onderstaande articulen
en vraag poincten naaukeurig
Fiscaal van Neder„
sijnde gehoort soo hebben de„
:selve daar op soodanig geand„
„lands India ten over„
staan van Heeren
Commissarissen
uijt den agtb: Raad
van Justitie deses—
Casteels gehoort en
ondervraagt te werden
Jan van Niel opper„
coopman en admini„
„strateur der medici„
nale winkel,
„ve aangeteekent staat;
Bartholomeus
om"
NL-HaNA_1.04.02_2555_0416.xml,"segt den 18:' Iulij 1741. —
segt Neen; —
gewesene Commandeur
van de oost Cust Iava,
Jan Fredrik Ribalt
vaandrig van de oostzijde
Burgerij, en Iacobus
Ribalt vaandrig van
S
Westzijdse Burgerij; —
Bartholomeus Visser
wanneer de gereg: van Niel eerste
administrateur vande medici„
„nale winkel geworden is;
of den gereq: ten dien Eijnde
net eenig geld gifte of gave
aan den een of ander gespendeert
heeft het sij voor of na;—
wie den gereg: dan behulpsaam
segt door de gunst van
en gunstig geweest is tot het be„
haer hoog Edelens en
komen van het voorsz Emplooij
buijten des van Nie„
mant te weeten;
2.
3.
u
1."
NL-HaNA_1.04.02_2555_0417.xml,"258
segt Ia ten allen tijden
te sijn den 29:' Iunij 1739.
utsupra —
als boven; —
segt Ja. —
segt te versoeken dat vermits soo ja of sulx schriftelijk
het insijn gereg: eijgensaak door hem gereg: na herwaarts
is geExcuseert temogen sijn aan haer hoog edelens gedaen
om hier op te antwoorden, dan wel of sulx geschied
als sustineerende door toe niet is door intercessie van dese
en geene sijne vrinden of
gehouden te weesen
gemagtigdens; —
i„
eerste
of ter ordre dan wel met appro„
batie van de gereg: tot het
obtineeren van dat Emplooij
met het Een of ander
aangeboden heeft; —
wie deselve geweest sijn
of hij tot dat emplooij geen
sollicitatien gedaan heeft
segt Ja en sulx geworden den gereq: visser werd gevraagt
of niet voormaals geweest,
en wanneer geworden is ge„
saghebber en commandeur
van Iavas noord oost cust
of den gereg: bereijd is sulx net
Eede te bevestigen;
5.
6.
7.
8.
10"
NL-HaNA_1.04.02_2555_0418.xml,"10.
utsupra;
aan wie sulx gedaan is;
segt Ja;—
segt Ja
segt Ja sulx gehoort te hebben of den gereg: niet bekent is dat
er een acte van Inpuniteijd
dewelke hem ten desen vertoont
werd is gepubliceert en geaffi„
:geert geworden;
12.
den gereq: werd gevraagt of
de bovenstaende drie andwoorden
met Eede kan bevestigen
13.
de gereq: Ian Ribalt werd
gevraagt of hij niet voor
sijn meerderjarigheijt bij haer
hoog Edelens veniam
-
statis bekoomen heeft;
14.
Jn wat Iaar;—
15.
of den gereg: ter obtineering
van dat benefitie niet eenige
gifte of gaven direct of
indirect gespendeert heeft
segt na sijn best onthoud wanneer den gereg: vaandrig
segt daarvoor niet
in het Iaar 1737. —
in
van.
11.
16."
NL-HaNA_1.04.02_2555_0419.xml,"260
het Iaar 1737. —
egt Neen;
egt Ja.
gt vermits sijn siekte door of hij daartoe geen sollicitatien
captn: pasquael andriesz: gedaan heeft het sij door hem
hebben laten solliciteeren selfs dan wel door andere
18.
of den gereg: ter verkrijging
van het vaandel geen geschenken
gifte of gaven direct of
indirect gedaan heeft;
19.
of den gereg: bereijd is sijne gege„
vene antwoorden met Eede
te bevestigen;—
20.
21.
of hij daar toe geen sollicitatien
gt in persoon bij den Edelen
gedaan heeft het sij door hem
eer collonel en niemant
selfs dan wel door andere
nders gesolliciteert te hebben
„
gt nadat bereets als vendrig of den gereq: ter verkrijging van
ongestelt was tot een Er„ het vaandel geen geschenken
entenis van dankbaerheijd giften of gaaren direct of
22.
gt na sijn best onthout de gereg: Iacobus Ribalt
werd gevraagt wanneer vaan„
„drig van de Comp: west zijdse
burgerij geworden is;—
't Jaar 1738. —
dan de oost zijdse burger Comp:
geworden is; —
aan.
in
17."
NL-HaNA_1.04.02_2555_0420.xml,"10.
utsupra;
segt Ja;—
segt Ja
segt Ja sulx gehoort te hebben of den gereq: niet bekent is da
er een acte van Impuniteijd
dewelke hem ten desen vertoo„
werd is gepubliceert en geaff
:geert geworden;
12.
den gereq: werd gevraagt of
de bovenstaende drie andwoord
met Eede kan bevestigen
13.
de gereg: Ian Ribalt werd
gevraagt of hij niet voor
sijn meerderjarigheijt bij hae
hoog Edelens veniam
statis bekoomen heeft
14
Jn wat Iaar;
15.
of den gereg: ter obtineering
van dat benefitie niet eenige
gifte of gaven direct of
indirect gespendeert heeft
16.
segt na sijn best onthoud wanneer den gereq: vaandrie
segt daarvoor niet
in het Iaar 1737. —
aan wie sulx gedaan is;
in
van.
11.
in"
NL-HaNA_1.04.02_2555_0421.xml,"260
in het Iaar 1737.
segt Neen;—
segt Ja. —
segt vermits sijn siekte door of hij daartoe geen sollicitatien
de captn: pasquael andriesz: gedaan heeft het sij door hem
te hebben laten solliciteeren selfs dan wel door andere
17.
dan de oost zijdse burger Comp:
geworden is;—
of den gereg: ter verkrijging
van het vaandel geen geschenken
gifte of gaven direct of
indirect gedaan heeft;
19.
of den gereg: bereijd is sijne gege„
vene antwoorden met Eede
te bevestigen;—
20.
21.
of hij daartoe geen sollicitatien
segt in persoon bij den Edelen
gedaan heeft het sij door hem
heer collonel en niemant
selfs dan wel door andere,
anders gesolliciteert te hebben
segt nadat bereets als voendrig of den gereq: ter verkrijging van
het vaandel geen geschenken
aangestelt was tot een er„
kentenis van dankbaerheijd giften of gaaren direct of
22.
segt na sijn best onthout de gereg: Iacobus Ribalt
werd gevraagt wanneer vaan„
„drig vande Comp: west zijdse
burgerij geworden is;
in't Jaar 1738.
aan.
in
18."
NL-HaNA_1.04.02_2555_0422.xml,"De Haze vrijwillig sonder per„
:suasie van Imand Eenige silver werken present gedaen
aan den Edelen heer Collonel indirect gedaan heeft;
segt na sijn best onthoud het den gereq: werd na de quantiteijd
selve bestaan te hebben in vier van het silver werk gevraagt
of ses kandelaars met dies snuij„
:ter en snuijterbak, dog het selve
in der tijd nader te kunnen opgeeven;
segt Ja; —
op alle welke articulen en vraagpoincten de gereq:s ver„
„klaerden na waerheijd geantwoord te hebben en ge„
:schieden het selve in de raadkamer van welgem:
rade ter presentie als in margine, was getek: Ian van Niel,
B=ns Visscher, I:n F:k Ribalt, en J:s Ribalt, ter sijde stond, ons
present als commissarissen getekent I: V: Reverhorst, en
E: C: Lanius, /:Lager„ / was getekent P:r Haksteen adj:t
gesw:e Clerk
gecollationeert en accordeert
Batavia den 1:' November 1742.—
of den gereg: bereijd is het voren
staende met eede te bevestigen
Aldus opgesteld bij mij onderge„
„teekende Batavia den 13=e
october 1742. was Getekent
N: Iongstna;—
24.
23.
Haksleer
ad J„ Gesw: Clercq
te hebben;
-
:"
NL-HaNA_1.04.02_2555_0423.xml,
NL-HaNA_1.04.02_2555_0424.xml,"Baandwoorde Vraagponisten
door
Jan van Niel Esz
No. 59"
NL-HaNA_1.04.02_2555_0425.xml,"262
Articulen en Vraag„
der gereq: segt Ja. -
Op den 12: en 13„e November 1742.
Compareerde Voorheeren Commissarissen
uijt den agtb: raad van Justitie des poincten opgesteld omme daar
casteels Batavia, m:r Reijnier op ter Requisitie van de heer
stapel en Rudolph Carel
m„r Nicolaas Iongsma
pro- interim advocaat fiscaal
Vonglan benevens mij Pieter
Haksteen adj:t gesw: clercq van van Nederlands India rat:
wel gem: haar agtb:s de geinterrog:s off: enten overstaan van heeren
hier besijden genoemt dewelke Commissarissen uijt den agtb:
raad van Iustitie deses
ingevolge het app:l van dato 19:
7ber: laastlieden op de onderstaande Casteels gehoort en onder„
articulen en vraagpoincten naar„vraagt te werden de notaris„
keurig zijnde gehoort daarop sodasen abraham van dinter
nig geandwoord hebben als in en Iohan van Visvliet
margine derselve aangetekend benevens den gewesen notaris
dog thans Coopman indienst
der E: Comp: en Carga op China
Reijnhard Iohannes
Wiltens. —
staad. —
den gereq: van dinter werd
off voor den gereq: als
gevraagd
notaris in het laast vanden jaere
1740. ter requisitie vanden gewesen
gouverneur"
NL-HaNA_1.04.02_2555_0426.xml,"gereden heeft.
segt sulx niet teweeten.
wie den opsteller van die
P: S: segt als nu bij herinnering
actens geweest is. -
van gedagten dat Een jnsinuatien beandwoort
bij den agtb: heer m:r dellafaille, en den Eerwaarde Wagardus
geschreeven te sijn geweest door de hand vande heer Helvetius,
segt Eenige doorden gewesen
Door wien hem gereq: de Concept
gouverneur generaal Valkenier,
off minuut Jnterrogatocien enterhand
Eenige door de heer m:r Willem
gesteld sijn. —
„Helvetius
Vincent, en Eenige door persoonen de
welke hem door langheijd des tijds ontschooten sijn.
segt sijns weetens neen en sulx ook noijt off ook den overleden Ian
gehoord te hebben. -
de Roode het sij tot het concipi„
eeren dan wel tot het overhandigen
van gem: actens de behulpsame hand
niet geboden heeft. —
segt niet teweeten dat ooij't off ooijt tot wat Eijnde hij gereq: met gem:
met gen: de raade indewagen de Roode indie tijd met dewagen„
dagelijxe hier en daar gereden heeft
gouverneur generaal adriaan
Valkenier met verschijde internag
torien Jnsinuatie En attestatie„
belegt en beandwoort sijn. —
2.
3.
5"
NL-HaNA_1.04.02_2555_0427.xml,"264
segt Ja.
segt hem sulx niet voortestaan.
off den gereq: onder andere niet sekere
vraagpoincten heeft voorgehouden
aanden cipier Litinus de heere
off den selven 't Een off ander poinct
van gem: vraagpoincten niet sodanig
willende off kunnende beandwoorden
als met de intentie vandes gereq:
principaal over Een quam hij gereq:
die beandwoording niet gestaakt
heeft, en na verloop van Eenige
dagen andere vraagpoincten voorge„
houden heeft.
hebben en dat andere sig ten sijnen Comp„ versoeken van meergem: adriaan
Valkenier niet vervoegt heeft
aande persoonen en wooningen van
alle die geene die genegen waren
tot liefde vande waarheijt
getuijgenisse tegeven. —
segt Ja sig bij Eenige vervoegt te off den gereq:t onder anderen sig ten
toire hebben laten vinden,
den gereq: segt tot het doen vandie wie hem gereq: gequalificeert heeft
vragen bij die Jnterrog: off insinuatien tot het doen van sulke ongehoorde
vervat door sijn Edelheijt Valkenier en dan gereuse inquisitorien, en off hij sulx
tesijn gequalificeert, blijkens de onderge„ooijt off Jmmermeer in Een wel
kening van gem: acte en van het verder gesteldestaat heeft sien practiseeren.
gevr:
gem:
gen
9."
NL-HaNA_1.04.02_2555_0428.xml,"oordeelen. —
gevraagde niet teweeten:
P: S: segt als nu sig terefereeren tot
de onderteekening onder de Jnsinuatie staande.
hebben gedaan. —
segt sulx na ordinair gebruijkt te
om wat reeden den gereq: inde
acte niet specifice volgens ge„
woonte en noodsakelijkheijt genoteerd
heeft waar terplaatse die
beandwoordinge geschied is, enter
Contrarie maar alleen gerela„
teerd heeft sig aan de persoonen te
hebben vervoegt. —
11.
wie den gereq: inhet opschom„
segt hem niemant als sijn Edelh:d
melen van dese liefhebbers der
daar inbehulpsaam geweest tesijn. —
waarheijt de behulp same hand geboden
P: S: segt als nu voor soo verre
„toelant
sijn geheugen „ de h:r helvetius. — heeft.-
segt nopens het Eerste Eenige namen roeden gereq: dan dese persoonen
dier persoon daar inne vermelt staande heeft weeten bevindendewijl deselve
hem door sijn Edelheijd Valkenier inden hoofde vande acte niet
te sijn opgegeven, en andere voor bekent staan en off sig dan
soo verre sijn geheugen toedraagt ten dien fine huijs aanhuijs heeft
door de heer helvetius, en nopens het begeeven. —
verdere segt neen. —
13.
segt daar niet van te hebben kinnen off den gereq: bij het Examineeren
van
10.
se"
NL-HaNA_1.04.02_2555_0429.xml,"266
segt daar niet van te kunnen seggen.
selvs. —
ssegt sulx niet teweeten. —
soo niet off veele van deselve
hem niet onwaar schijnelijk en onaan„
niemelijk tevooren sijn gekomen. —
segt ja door sijn Edelheijt Valkenier off den gereq: voor de genomene
moeijte ontrend gem: enquesten
door den gewesen gouverneur
Valkenier dan wel ijmand
sijnent wegen betaalt is.
segt sulx nabest onthoud te sijn geweest hoeveel die somma gerendeert
tusschen de twaalff â derthienhondert heeft.
segt hem sulx nooijt off ooijt verboden off den gereq: door gem: gouverneur
generaal ten tijde den geiligeert
te sijn en bij geen vande gearresteerde
gouverneur generaal van Imhoff
heeren geroepen te sijn geweest.
C: S: in arrest saten niet verboden
hoedat het bij gekomen is dat den
gereq: Eerst alleen deactens
gepasseert heeft, dog op het laaste
vervangen is vande nots:) Visvliet,
van diverse getuijgen niet ontwaerd
heeft dat deselve so genagtige en
passieuse responsiven verleenden. —
is
a„
der
geboden
rd:s.
selve
18.
17.
16
15
14."
NL-HaNA_1.04.02_2555_0430.xml,"segt neen.
segt Ja,
segt neen.
in't laast van't jaar 1740. —
den gereq: segt ja en ook attestatien den gereq: visVliet werd gevr:
off voorden gereg: als notaris in't
begin van het Jaar 1741. ter requisiti
vanden gewesen gouverneur generaa
adriaan Valkenier niet verscheij
Jnterrogatorien Jnsinuatien En
attestatien beligt en beandwoort sijn,
22.
door wien hem gereg: de Concept
off minuut Jnterrogatorien peter
handen gesteld sijn. —
23.
off sulx niet geschiet is tendeele
off in't geheel door den thans ge„
gijselden m=r Willem Vincent
helvetius,
segt soo door sijn hoog Edelheijt
selvs als door de helmbardiers,
off den gereq: bereijd is sijne gege
vene responsiven met Eede te sterken
20.
off den gereg: dese aangaande
iets verders bekent is.
is Eenige actens off attestatien
ten haar Ed:s behoeven voorhemt epass
ren.
24
19.
21."
NL-HaNA_1.04.02_2555_0431.xml,"24
268
daar mede niet direct off indirect
bemoeijt. heeft. -.
segt voor soo verre hem bewust naem, zoo niet off deselve sig al Egter
off ook den overleeden Ian de
Roode daar omtrend de behulp„
same hand met geboden heeft en
op wat wijse. —
26.
soo niet tot wat eijnde deselve de
segt dat deroode wijnig bij hem
gereg: maar hij gereq: wel dikwils Roode dan dies tijds soo menig„
aande wooning van gem: deroode is ge„maal bij den gereq: aan huijs en in
weest, en sulx om reedenen dat ten conferentie geweest is. —
sitie
aa
tijde meerm: deroode alhier in
's Comp:s boeijen gegijselt, was, door den raad van Justitie was geordonneert den
selven als notaris te bedienen, waar voor hij gereq: nooijt de minste be„
taling hadde genoten als kort voor desselvs overlijden, en dat ook alveele
in
Jaaren off wel met sijn aankomst uijt het land kennis aandenselven
hadde gehad. —
aan wien den gereq: de reeds
segt aan sijn Edelheijt Valkenier,
beandwoorde Jnterrogatorien over„
handigt heeft. —
op gelet te hebben. —
segt sulx niet teweeten en daar nooijt
En off den gewesen gouverneur
generaal zig als dan niet nu
en dan onvergenoegt toonder wanneer
segt over diergelijke zaaken nooijt
metde roode gesprooken te hebben,
de
E
25
ƒ
27.
28."
NL-HaNA_1.04.02_2555_0432.xml,"segt neen.
segt neen,
de getuijgen niet genoeg ten lasten
hoog
vanden hoooog Edelen heere van
Imhoff C: S: hadden geandwoort
off den gereq: bij het examineer
van diverse persoonen niet antwaar
heeft dat deselve Logenagtig
passieus, en strijdig tegens het caras„
ter van gem: heeren hunne respon„
siven verleenden. —
30.
off gem: Valkenier hem gereq:
bovendien
niet considerable
beloften off ten minsten seer goede
hoop gegeven heeft ter obtenue
van het vacante baillieuwschap de ser„
steede. —
segt wel met Pasqual andries: off hij gereq: ter obtenue van het
soo over het baillieuwasie als ander gem: ampt dan wel om een andere
bedieningen gesprooken, maar niet bediening niet genegotieert gehan„
genegotieert te hebben, en sulx delt off gesproken heeft met den be„
segt door sijn hoog Edelheijt selvs met off den gereq: voor sijne genomene
een somma van drie hondert twee
moeijte door gem:
Valkenier off
en sestig rd:s en sesthien stuijv:s,
door ijmant sijnent
wegen gesalarisee
is,
om
kenden
29.
31.
32."
NL-HaNA_1.04.02_2555_0433.xml,"270
kenden Pasqual andries:
schenkagie.
dat hem gereq: bewust was dat
enselven dikwils bij sijn hoog Edelheijt
Jalkenier quam. —
van het boven gem: Ampt aan densel„
P: S: segt als nu aan niemant anders ver Pasqual andries:) dan wel
imand anders belooft off gepresenteerd
als Pasqual Andries:,
heeft, —
„t niets anders als Een genereuse hoe veel hij gereq: ter bekoming
„t dat op maandag den 12:' xber: 1740. Off de gereq: door gem: gewesen gou„
es morgens omtrend agt uren op sijn verneur generaal tentijde hoog gem:
roep sittende door den oppassert vanden heere van Imhoff C: S: in arrest
thans g'eligeert gouverneur generael Laten niet verboden is Eenige actens
van jmhoff is geroepen geworden waer off atestatien ter harer defensie te
phij gereq: na sijn hoog Edelheijd
passeeren. —
Valkenier is gegaan op permissie te
versoeken sig bij wel gem: heere van Imhoff temogen vervoegen, en sulx
eobtineert hebbende, dog met dese scherpe ordre en bepaling, dat niets soude
oem off schrijven rakende den persoon off het ampt van sijn hoog Edelheijt
Calkenier, en dat in alles maar voorsigtig konde wesen. —
off hij gerequireerde sulx ook
gt sulx nooijt gewijgert te hebben
maardat sijn Edelheijt van Jmhoff Om die redenen aande heere
hadde gesegt sij kunt mij van geen van Imhoff niet gewijgert
mit sijn -
heeft.
36
33
34.
35."
NL-HaNA_1.04.02_2555_0434.xml,"segt neen.
segt neen,
de getuijgen niet genoeg ten lasten
hoog
vanden hoogg Edelen heere van
Imhoff C: S: hadden geandwoort
off den gereq: bij het examineer
van diverse persoonen niet antwaart
heeft dat deselve Logenagtig
passiens, en strijdig tegens het caras„
ter van gem: heeren hunne respon„
siven verleenden. —
30.
off gem: Valkenier hem gereq:
bovendien
niet considerable
beloften off ten minsten seer goede
hoop gegeven heeft ter obtenue
van het vacante baillieuwschap de ser„
steede. —
segt wel met Pasqual andries: off hij gereq: ter obtenue van het
soo over het baillieuwasie als ander gem: ampt dan wel om een andere
bedieningen gesprooken, maar niet bediening niet genegotieert gehan
genegotieert te hebben, en sulx delt off gesproken heeft met den be„
segt door sijn hoog Edelheijt selvs met off den gereq: voor sijne genomene
een somma van drie hondert twee
moeijte door gem:e
Valkenier off
en sestig rd:s en sesthien stuijv:s
door ijmant sijnent
wegen gesolariseerd
is.
om
kenden
29.
31.
32."
NL-HaNA_1.04.02_2555_0435.xml,"270
kenden Pasqual andries:
schenkagie.
met sijn -
om dat hem gereq: bewust was dat
denselven dikwils bij sijn hoog Edelheijt
Valkenier quam. —
van het boven gem: Ampt aan densel„
P: S: segt als nu aan niemant anders ven Pasqual andries:) dan wel
imand anders belooft off gepresenteerd
als Pasqual Andries:,
heeft, —
sigt niets anders als Een genereuse hoe veel hij geregq: ter bekoming
Off de gereq: door gem: gewesen gou„
segt dat op maandag den 12:' xber: 1740.
des morgens omtrend agt unren op sijn verneur generaal ten tijde hoog gem:
sloep sittende door den oppassert vanden heere van Imhoff C: S: in arrest
thans g'eligeert gouverneur generael Laten niet verboden is Eenige actens
van Jmhoff is geroepen geworden waer off attestatien ter harer defensie te
op hij gereq:t na sijn hoog Edelheijd
passeeren. —
Valkenier is gegaan o permissie te
versoeken sig bij wel gem: heer van Imhoff temogen vervoegen, en sulx
geobtineert hebbende, dog met dese scherpe ordre en bepaling, dat niets soude
doen off schrijven rakende den persoon off het ampt van sijn hoog Edelheijt
Valkenier, en dat in alles maar voorsigtig konde wesen. —
segt sulx nooijt gewijgert te hebben off hij gerequireerde sulx ook
maardat sijn Edelheijt van Jmhoff om die redenen aande heere
hadde gesegt sij kunt mij van geen van Imhoff niet gewijgert
heeft.
36
33
34.
35."
NL-HaNA_1.04.02_2555_0436.xml,"36.
Segt Ja.
segt niets.
segt Ja.
segt Ja.
den gereq: segt neen.
den gereq: segt neen.
off hij gereq: sijn Edelheijt van
Imhoff dan hadde gepreadverteerd
het
van „ door sijn Edelheijd Valkenier
aan hem gegevene andwoort.
wat hem gereq: desen aangaande
verder bekent is,.
38.
off hij gereq: bereijd is sijne gegevene
responsiven met Eede gestand te
doen. —.
den gereq: Wiltens werd gevraag„
off hij in't begin van't jaar 1747.
het ampt van notaris te deser steede
niet heeft geëxerceert,
off den gereq: als notaris niet ver„
boden is doorden gewesen gouverneur ge„
raal Valkenier omme voorde
doenmaals gearristeerde heeren
Gustaaff Willem van Imhoff
N: S: Eenige actens off attestatien
ter harer defensie tepasseeren
off hij gereq: niet tegenstaande den
heere van Imhoff hem ten dien fine
40
hadde
37.
39.
41."
NL-HaNA_1.04.02_2555_0437.xml,"272
segt door den oppassers van wel gem: heere dan wel tot wat Eijnde hij bij
uijt sijn wel Ed: naam in sijn ampt wel gem: heere dan jmhoff geroepen is,
geroepen te sijn, met bij voeging dat alvorens
bij sijn Edelh:t Valkenier daartoe permissie moest gaan versoeken;
segt dat sig bij sijn Edelheijt valkenier off ook tendien fine off wel omper„
vervoegt ende boodschap gedaan hebbende, missie teversoeken niet bij sijn
van sijn Ed: ten andwoort hadde bekoo„ hoog Edelheijt valkenier gegaan
men het is wel gaat bij die heeren, en en wat hem aldaar bejegente is,
belegt het geen dat sijn requireeren, dog
gij kunt omsigtig sijn, en niets ten nadeele van mijn persoon off ampt passee„
p:
ren, met bijvoeging dissliet is er gisteren geweest heeft die dan niets uijt ge„
voert. —
segt en raport van gedaan te hebben, wan„ Off hij gereq: daar van ook
raport aan sijn hoog Edelheijt
neer hem door sijn Edelheijt van
Imhoff was geandwoort dan sullen van Jmhoff heeft gedaan en wat
wij niets beleggen, want hij sal sijn doen verder voorgevallen is. —
neus in mijn papieren niet hebben.,
segt den 18: april 1741.
45
den gereq: werd gevraagt wan„
neer hij Carga op China geworden
42.
hadde laten roepen sulx te doen
nogthans niet gewijgert heeft.,
46
eede
44.
43.
is."
NL-HaNA_1.04.02_2555_0438.xml,No. 60
NL-HaNA_1.04.02_2555_0439.xml,"274
segt Ja
Op Heeden den 12:en Novemb:r Atiticulen en vraagpoincten
1742. Compareerde, voor heeren com„ opgesteld omme daar op ter
Requisitie van de heer M:r
missarissen uijt den agtb raad van
Nicolaas Iongsma prointe„
Justitie descasteels Batavia m:r
rim advocaat fiscaal van Ne„
Reijnier Stapel en Rudolph
hat rost:
derlands India en ten overstaan
Carel van Glan benevens mij
Pieter Haksteen adj:t gesw: clercq van heeren Commissarissen
uijt den Agtb: raad van Ius„
van welgem: haar agtb: den gein
terrogeerden Abraham Abelieventitie deses Casteels Gehoort en
ondervraagt te Werden Abraham
dewelke ingevolge het app:t van
Abeleven Coopman en Groot
dato 19 7ber: Laastleeden op de on„
Cassier ten dienste der E: Comp
derstaande articulen en Vraag
poincten naankeurig sijnde gehoort
daar op sodanig geandwoort heeft als
in margine derselve aangeteekent staat
den gereg: Abeleeven werd gevraagt
off ten tijden van de massacre der
Chineesen niet in sijn huijs ge„
borgen en verscholen heeft ge„
had een van die natie.
2."
NL-HaNA_1.04.02_2555_0440.xml,"segt
Nio Tjienko.
sondags 's morgens tot dingse„
segt na sijn best onthoud van
„dags s'avonds. —
segt dat hij gereg: gehoort hebbende
op wat wijse gem: Chinees uijt het
dat men geen Chineesen mogte huijs van hem gereg: gekomen is
verbergen, hij als doen eenigsints
bevreest was geworden, te meer
dewijl de Caffers van den doenmaligen advocaat fiscaal m:r Corneli
Phillips gem: Chinees in sijn gereg:e woning hadde sien ingaar
omme alle welke reedenen hadde hij gereg: sig bij gem: advocaat
fiscaal vervolgt en sijn E: versogt om boven gen: Chinees in de
bescherming van de E Comp: te accepteeren, en dat hij gereg: er„
„selff voor in stond, dog genoemde officier hadde hem gereg: ge„
andwoort dat sulx niet vermogt te geschieden vermits alle
Chineesen vogel vrij waren verklaart, en dat hij gereg: over„
sulx best soude daen voorn: Chinees maar uijt sijn huijs te
setten off dat hij advolaat fiscaal, hem er anders door sijn caffers
hoe langen tijd deselve aldaar
geweest en verbleeven is
soo Ja hoe deselve genaamt
is geweest. —
soude.
2.
3.
4."
NL-HaNA_1.04.02_2555_0441.xml,"276
segtja
soude laten uijthalen, dog den gereg: wedergerepliceert hebbende
dat sulx niet gaarn soude sien en dat dan zieverde Chinees
sijn stal deur soude lapen uijt gaan, invoegen hij gereg: sulx
ook sijn slaven heeft geordonneert, hebbende hij gereg: benevens
sijn huijsvrouw sig in tusschen vervoegt na de woning van
gem: advocaat fiscaal, dewelke een moment daar aan bij hem
gereg: is gekoomen, seggende uw Jongen heeft de Chinees een steek
gegeven, en ik in de stal komende en hem siende zeggen
heb hem met het pistool verder de rest gegeven, en in de burgt
wal gesmeeten. —
sagt te geloven dat alle sijne
slaven met en benevens sijn
„Coethier sijnde een vrij persoon
en genaamt Salomon en te
genwoordig sijn geweest.
off den gereg: voor het advancement
van den ondercoopman Justus
Ian Biesum tot resident van
Cheribon meede niet seer ernstig
wie van des gereg: d'mestieque
aldaar present sijn geweest
ter.
daar
5."
NL-HaNA_1.04.02_2555_0442.xml,"segt Ja
segt te sustineeren als een vro„ off den gereq. ten dien eijnde niet
„ge sijnde die sijn eijgenzaek eenige giften gaven off geschenken
betreft ongehouden te sijn het sij direct off indirect aange„
om daar op te andwoorden boden heeft.
segt sig eerst geaddresseert te Bij welke persoonen sig gead„
hebben aan sijn hoog Edelheijd dresseert en gesolliciteert heeft
Valkenier, en na sulx bij geval
den Jnlands burger Capitain
Pasqual Andries eens ontmoet hebbende dat den selven na
„gedagten van hem gereq: uijt het casteel quam was hem geregt als„
doen door hem afgevraagt off niet na Cheribon dat vacant was
zoude solliciteeren bij welke gelegentheijd hij gereg: voorn
Pasqual Andriesz. hadde versogt dat ingevale er iets toe
konde contribueeren hem gereg: als dan indagtig te willen sijn
off den gereq: bereijd is sijne.
ter bekoming van dat Emplooij
gesolliciteert heeft. —
verte.
7:
8."
NL-HaNA_1.04.02_2555_0443.xml,"278
gegevene responsiven met Eede
te bevestigen
Aldus opgesteld bij mij on„
dergeteekende Batavia Den
12: novemb:r 1742. was getekend
N:s Iongsma.
op alle welke articulen en vraagpoincten den
geinterrogeerde verklaarde na waarheijd geandwoort
te hebben met aanbieding van het selve ten allen
tijden met bede gestand te sullen doen en geschieden
het selve in de raadcamer van boven gem: agtb:
(:„was geteffent:)
rade ter presentie als in margine „ A: A beleven
ter zeijde stond / ons present /was getekent/ R:
Stapel en R: C: von Glan Lager stond/ 'Toirconde
was getekent/ I: Hak steen adj:t gesw: clercq.
gecollationeert en accordeert
Batavia Den 30 9ber 1742
Haksteen
Adv„s Gesw: Clercq"
NL-HaNA_1.04.02_2555_0444.xml,
NL-HaNA_1.04.02_2555_0445.xml,
NL-HaNA_1.04.02_2555_0446.xml,No. 61
NL-HaNA_1.04.02_2555_0447.xml,"279
op heeden den 12:' Novemb: 1742.
Articulen en vraag„
geandwoord heeft als in mar„
gine derselve aangeteekent
den gereg: segt indien sodanig of hij gereq: niet op den 27:' sep„
Compareerde voor heeren Com„
„missarissen uijt den agtb: raad van
Iustitie des Casteels batavia
Poincten opgesteld-
M:r Reijnier Stapel, en Rudolph
Carel Vonglan benevens mij
Pieter Haksteen adj:t gesw: Clerk omme daar op ter
van wel gem: haer agtb: den
gereq: hier beseijden genoemt Requisitie van de
dewelke ingevolge het app:t van
dato 12:' 7ber: laastleeden
op de onderstaende articulen Heer M:r Nicolaas
en vraag poincten naeukeurig
zijnde gehoort daar op soodanig Iongsma Prointe„
rim advocaat Fis„
caal van nederlands
India en ten overstaen
van heeren Commiss:
uijt den agtb: Raad
van Iustitie deses—
Casteels gehoort en
ondervraagt te werden
Anthonij Isaac Cassa
secrets: van 't Eerw:
Collegie van heeren
schepenen deser stede
een request heeft gepresenteert: tember 1740. op denaem van
den.
staat.
het.
1."
NL-HaNA_1.04.02_2555_0448.xml,"het selve als dan bij de re„
:ken. —
weet. —
vervalt
den gewesene gouverneur ge„
request aan desen rade heeft
gepresenteert met versoek
onder Eede te recolleeren
diverse interrogatorien insinn
atien en attestatien ten lasten
van den thans geEligeerd hoog
Edelen heer gouverneur
generael Gustaaff Willem
van Imhoff en d' Edele hee„
ren Elias De Hase en
m:r Isaac van schinne,
dies tijds alle drie ordinaris
:quest rolle te sullen blij„rael adriaan valckenier
raden van India. —
2.
segt Ja het geene hem daer den gereq: werd gevraagt off
bij derol werd vertoont hij het vertoonde request
niet erkend voor het sijne
te hebben soo niet beeter
het antwoord op artl: 3. —
thans gegijsel den m=r
Willem Vincent Helvetius
segt sig te refereeren aan of het niet geweest is den
5.
soo indirect door wien hem
als dan die ordre gegeven
is. —
segt sulx direct ontfangen of hij gereg: de ordre tot het
presenteeren van dit re„
:quest direct of indirect
van gem: adriaen Valckenier
heeft ontfangen. —
3.
4.
de"
NL-HaNA_1.04.02_2555_0449.xml,"281
segt in het Casteel
van sijn heer en meester
segt niet beter te weeten
als het selvs geconcipieert
te hebben. —
aris te hebben ingevolge de ordre
den gereq: segt sulx gedaan
Jn gevalle de gereq: het selvs
opgesteld heeft wat reeden
gehad heeft om het het versoek
op sulk en ongehoorde en
tegens de manier strijdende
practijcq te regten na„
:mentlijk sonder aannee„
:ming om aan partij advers
Copia drie dagen bevoorens
te laten afgaan tot het
opstellen van contravra„
gen.
segt niet positief te weeten of hem gereg: al egter het
of het geaccordeert is soo als versoek soo als het lag
het lag, maar wel te weeten niet geaccordeert is en
dat derecollementen hun de recollementen hun
voortgang hebben gehad- voortgang gehad hebben
Een
den gereg: segt soo hem best of de gereq: na sulx de origi„
voorstat wel eenige dog-neele actens met de daar
s
niet alle vandesecretarij agterstaande origineele
10.
of den gereq: niet de minut
of concept van gedagte re
:quest is ter hande gesteld,
dan wel of den gereq: het
request selvs geconcipi„
„eert heeft.
waar ter plaatse sulx is voor„
gevallen.
geligt.
recollementen„
-
d
8.
7.
6."
NL-HaNA_1.04.02_2555_0450.xml,"den Eerste clerk geen
swarigheijt heeft gemaekt
om deselve af te geven
anders te weeten of sulx desecretarij geligt heeft
is met voorkiennis van tegens gewoonte en sonder
geligt te hebben en niet recollementen niet van
den raad geweest, dewijl voor kennis van den raad
den gereq: segt niet teweeten of den eerste clerk 6versoon
wat reedenen den eerste daertoe niet overgegaan is
gesw: Clerk heeft gehad om op het seggen vanden gereq:
deselve aftegeven en ook dat sijn hoog Edelheijt de„
niet te weeten dat denaem: selve aanstonds wilde
van sijn hoog Edelheijt hebben
heeft gebruijkt, om deselve
speciael uijt naam van
sijn Edelheijt te requireeren
segt dat wanneer hij door waar natoe hij gereg: deselve
den heer requirant eenige interrogatorien etc:a
tijd geleeden gedagvoert gebragt heeft
is geworden om getuij„
genis der waerheijt tege„
ven, als doen daerin heeft geconsenteert onder die
mits dat hem geen vragen wierden gedaan die sijn
presente of gehad hebbende bediening concerneerde
endat hij niet tegenstaende hem diverse vragen
bereets door den heer reg: sijn gedaan die haer adspects
hebben tot sijn gewesene bediening van procureurj
en dewelke teffens ook beantwoord heeft, den
de
gereg: egter sustineert in het vervolg soo wel
tot dese vrage als die dewelke relatie tot sijn pre„
sente bediening mogte hebben ongehouden te sijn
om te antwoorden.
m
12.
13.
11.
.
-"
NL-HaNA_1.04.02_2555_0451.xml,"13.
287
usupra. —
utsupra. —
als vooren.
of de gereg: deselve niet ge„
„bragt heeft aan het huijs
en aan de persoon vanm. r
Willem Vincent Helvetius
14.
of de gereq: ten opsigte vande
acten dewelke selvs niet
geligt heeft tegens de
voorsz: eerste clerk 6 versoon
niet gesegt heeft deselve
te moeten brengen ten huij
:se van den heer helvetius
of den gereg: de voorsz: actens
voor en al eer deselve
gerecolleert sijn ont„
:fongen heeft uijt houden
van den gewesen gouver
„neur generael dan wel
imand anders. —
16.
sijn segt niet beter teweeten of hem niet seer wel be„
eerden niet anders te kun„kent is wie den opsteller
nen denken of het selve vandie actens geweest
en
-
spect sal door de notarissen is. —
ursijn geschied voor wien
en
deselve gepasseert sijn.
el
te sijn segt hem sulx thans niet te bin„ of den gereg: desen aengaen„
:de ook iets verder bekent is
men te schieten.—
pre„
die
ve
15.
17.
18."
NL-HaNA_1.04.02_2555_0452.xml,"ge segt Ja. —
op alle welke articulen en vroag poincte
den gereg: verklaarde na waarheijd geau
woort te hebben met aanbieding omd
selve ten allen tijden onder Eede gestan
te doen, en geschieden het selve in de raa
Camer van boven gem: agtb: rade ter pr
:sentie als in margine, was getekent, A:
Cassa, ter sijde stond, ons present, was ge
tekent, R: Stapel, en R: C: Vonglan, lage
stond, 'toirconde, getekent, I:n Haksteer
adj:t gesw:e Clerk; —
gecollatineert & accordeert
Batavia den 30 9ber: 1742
of den gereg: bereijd is sijne
gegevene responsiven„
Eede te bevestigen
Aldus opgesteld bijn
ondergetekende Batav
Den 12e: November 1742. / w
getekent, N: Jongsma
Staksteend
adj„t Gesw: Clercq
a
is
de
de
om
de
vo
re
5p
3„
E
18."
NL-HaNA_1.04.02_2555_0453.xml,v
NL-HaNA_1.04.02_2555_0454.xml,"1
1"
NL-HaNA_1.04.02_2555_0455.xml,"285
Articulen, en vraagpoinc„
Op den 12:' en 13:' November 1742.
segt daar niet op te kunnen
„ten op gesteld omme daarop ter
Compareerde voor heeren commiss:r
requisitie van de heer m:r: Nicolaes
uijt den agtb: raad van Justitie els
casteels batavia m:r Reijnier
Iongsma prointerim advocaat
stapel en Rudolph carel van
fiscaal van nederlands india rat:
glan benevens mij Pieter Haksteen
off: en ten overstaen van heeren
adjunct geswoore clercq van welgem:
commissarissen uijt den agtb: raad
haar agtb:s de gereg:s hier bezijden.
van Iustitie deses Casteels ge„
genoemt dewelke ingevolge de app:l
hoort en ondervraagt te werden
van dat is 19:' 7ber: en 3:e 8ber: laestl:
Gerard van Westrenen onder„
op de onderstaende articulen en
vraagpoincten naau keurig sijnde Coopman in dienst der E: Comp:
gehoort daer op sodanig geandwoort Ioan Gideon Looten coopman
in voorsz: dienst en Eerste ad„
hebben als in margine derselve aan„
„ministrateur ten Eijlande onrust,
getekend staat.
en Henrij Muijlman insgelijx
coopman en Eerste administra„
„teur van het ijser maguazijn
den gereq: segt te versoeken van het
geeven van getuijgenis in een zaak
zijn swager betreffende geexcuseert
temogen zijn en sulx soo voor als
Soo neen wil zulx als dan
segt als nu dat den overleden predikant
„ heeft
wagardus het selve ampt „ besolliciteert,
heeft uijtgevoert
en niemant anders voor sooverre hem
gereq: bekent is
Off den gereq: het selve ampt ook voor hem
hier op batavia heeft helpen Colliciteeren
aan van keelijk werd den gereq: Westrenen
gevraagt wanneer zijn gereg:de swager
Bartholomeus visscher gesaghebber
off commandeur op Iava geworden is
4.
tegen
antwoorden
3.
2."
NL-HaNA_1.04.02_2555_0456.xml,"4.
segt als op artl: 2.
segt in een
„segt
segt ja
den gereq:„ soo hem best voorstaet sulx
geweest te zijn in de maand feb: 1747.
off hij gerequireerde die bedieninge
segt voor die gunste haar hoog Ed:s in't generael
te danken te hebben, dog so hem gereq: onder„
aan de gunst en directie van den
„rigt is wel principael aan den Ed: heer
gewesen gouverneur generael
en gewesen directeur schaghen dewelke
hem daar toe heeft voorgedragen, soo mede
Adriaan valckenier niet
aan sijn hoog Ed:s thedens dewelke hem
„heeft
ten principalen te danken heeft
daar te in de behulpsame hand„ gebodem
segt niet speciaal om onrust versogt te hebben,
off hij gerequireerde tot het
dog in vroeger tijden generalijk omme van
bekomen van dat emploij niet
samarang verlost en in een bediening op
batavia off onrust geplaetst temogen
gesolliciteert heeft off doen sol„
werden, en nooijt imand commissie gegeven
lociteeren
&
te hebben om een bediening voor hem gereg:
te besolliciteeren.
den gereq:e Looten werd gevraegd wan„
„neer Eerste administrateur van 's Comp:s
negotie pakhuijsen op onrust is gewor„
„den
off den gereq: bereijd is sijne op artl: 3.
gegevene responsiven met eede gestand
te doen.
off den gereg:s iets verdere desen aan„
„gaende bekent is
welke middelen gemelte wagareus
daertoe in het werk gesteld heeft
10
5.
6.
8."
NL-HaNA_1.04.02_2555_0457.xml,"10.
287
off hij ten dien eijnde niet direct
segt naen buijten en behalven dat susti„
„neert ongehouden te sijn daerop te
off indirect aengeboden off gegeven
antwoorden als een zaek sijnde die
heeft een considerable recongnitie
hem gereq:de particulier betreft
present off schenkagie
off den gerequireerde desen
segt meen dog dat met sijn hoog Ed:s van
Tinhoff als sijn gereq: voornaemste wel
aangaende iets verder be„
doender sijn de selvs over het obtineeren
kent is.
van een bediening in't generaal heeft ge„
correspondeert.
Off den gereq: bereijd is zijne gegeve„
segt ja buijten en behalven op het gege„
„vene antwoord waerbij gesustineert na responsiven en met Eede te
heeft ongehouden te zijn
sterken
den gereq: segt na zijn best onthoud
in de maand aug:so 1741.
segt aan sijn hoog Edelheijt en aan
de geheele vergadeering.
off hij tendien eijnde, niet het een
off ander geschenk recognietie het sij
off sulx niet principalijk te danken
heeft aan de gunst off directie van
den gewesen gouverneur generaal
adriaan valckenier.
Nu werd den gereg: henrij muilman
gevraagt wanneer coopman en Eerste
administrateur van het eijser ma„
quazijn geworden is.
Segt niets
direct
and
12:
13.
14.
15.
ze
11."
NL-HaNA_1.04.02_2555_0458.xml,"segt niets.
Den gereq: sustineert dese vraege
ongehouden te sijn omte beant„
woorden als een zake zijnde die
hem particulier is betreffende
segt agt duijsent rd:s behalven
sheeren geregtigheijt dewelke den
gereg: boven dien nog betaelt heeft
Segt Eenige tijd na dato
off den gereg: desen aengaende
nog iets verders bekent is
19.
off den gereg: de Coopschat betaelt
heeft voor off na dat Eerste admini„
„strateur geworden is.
18.
Hoe veel den gereg:s eijgentlijk voor
het gemelte huijs en erve sonder
sheeren geregtigheijt betaelt
heeft.
Off den gereq: al egter Eenige wijnige
dagen voor het obtineeren van
voors: bediening van voorm: ge„
„nerael volckenier niet gekogt
heeft een huijs en erve staende op de
tijgers gragt voor een grooter somma
als hem 't selve anders aangestaen
zoude hebben ingevalle voors: be„
„diening niet vacant was geweest
direct off indirect aengem:te gouver„
neur generael belooft ofgegeven
heeft.
20
16.
17."
NL-HaNA_1.04.02_2555_0459.xml,"20.
289
segt ja
Aldus op gesteld bij mij
ondergetekende.
Batavia den 13:' 9ber: 1742.
/:was getekend:/ N„s Jongsma
op alle welke articulen en vraagpoincten de gereg:s verklae„
„ren na waarheijt geantwoord te hebben en geschieden
het selve in de raad camer van wel gem: raede ter
presentie als in margine /:was getekend:/ g: v:
Westrenen, Ioan gideon Looten, en H: muilman
/:ter zeijde stond:/ ons present /:was getekeend :/ R:
Stapel, en R: c: van glan /:lager:/ 't oirconde
/:was getekeend:/ P„r haksteen adj:t gesw: Clercq
G'collationeerd en accord:t
Batavia den 30 9ber: 1742.
Off den gereq: bereijd is zijne
gegevene responsiven met Eede ge„
stand te doen
Hakstaen
adj„r Gesw: Clercq"
NL-HaNA_1.04.02_2555_0460.xml,
NL-HaNA_1.04.02_2555_0461.xml,
NL-HaNA_1.04.02_2555_0462.xml,No. 63
NL-HaNA_1.04.02_2555_0463.xml,"290
Articulen en Vraag
Op heeden den 17„e November 1742.
Compareerde Voor heeren commissarissen
^ den agtb: raad van Justitie des Casteels poincten opgesteld omme
daar op ter Requisitie van
Batavia m:r Reijnier Slapel,
de heer M„r Nicolaas Iongsma
Rudolph Carel vonglan
nevens mij Pieter Haksteen adj:t pro- interim advocaat fiscaal
sw: clercq van wel gem: rade den gem„ van Nederlands India
prog:s hier besijden genoemt dewelke Rat: off:, en ten Overstaan
gevolge het app:t van dato 10:e october van heeren Commissarissen
astlieden op de onderstaande artien: uijt den agtb: raad van
en en draagpoincten naaukeurig sijnde Justitie deses Casteels ge„
„ heeft
hhoort daar op sodanig geandwoort „ als hoort en ondervraagt te
margine derselve aangeteekend staat, Werden Isaac de Bie,
opsiender van de Beestiaal.
off den gereq: debie tenlijden vande
regeering vanden gewesen en thans
g'arresteerden gouverneur generaal
adriaan Valkenier voor deselve
niet veelerlijsoort van particulier
schrijfwerk vervaardigt en gecopieert
heeft. -
off hij gereq: aldaar onder anderen
het opsigt niet gehad heeft over Een
parthij andere mixtiese en swarte
Scribenten. —
gt Ja,
gt Ja,
2.
3.
1."
NL-HaNA_1.04.02_2555_0464.xml,No. 63
NL-HaNA_1.04.02_2555_0465.xml,"290
segt Ja,
Articulen en Vraag
segt Ja,
Op heeden den 17„en November 1742.
Compareerde Voor heeren commissarissen
uijt den agtb: raad van justitie des Casteels poincten opgesteld omme
daar op ter Requisitie van
Batavia m:r Reijnier Stapel,
en Rudolph Carel vonglan de heer m„r Nicolaas Iongsma
benevens mij Pieter Haksteen adj:t pro- interim advocaat fiscaal
gesw: clercq van wel gem: rade den gem„ van Nederlands India
turog:s hier besijden genoemt dewelke Rat: off:, en ten Overstaan
ingevolge het app:l van dato 10:e october van heeren Commissarissen
laastlieden op de onderstaande artien„ uijt den agtb: raad van
een en draagpoincten naarkeurig sijnde Justitie deses Casteels ge„
„ heeft
gehoort daar op sodanig geandwoort „ als hoort en ondervraagt te
in margine derselve aangeteekend staat, Werden Isaac de Bie,
opsiender van de Beestiaal.
off den gereq: debie tenlijden vande
regeering vanden gewesen en thans
g'arresteerden gouverneur generaal
adriaan Valkenier voor deselve
niet veelerlij soort van particulier
schrijfwerk vervaardigt en gecopieert
heeft. -
off hij gereq: aldaar onder anderen
ƒ
het opsigt niet gehad heeft over Een
parthij andere mixtiese en swarte
Scribenten. —
3.
1."
NL-HaNA_1.04.02_2555_0466.xml,"segt brieven Exaginatien vande
segt Ja.
Chineesen als andersints.
off er onder anderen niet geweest
zijn zekere seer groote en omstandig
brieven soo aande heeren majores als aan
andere persoonen behelsende diverse
klagten overden thans geëligeerde
heere gouverneur generaal gustaaff
Willem van Imhoff C: s:
segt te gelooven dat deselvedoor off den gereq: niet sier wel weet
de heer Helvetius sijn op gesteld. — teminsten uijt de minuten niet seer
gemakkelijk heeft kunnen bespeuren
wie de op stelder van die alle off
van Eenige van deselve geweest is,
segt soo aande stijl als om redenen waarom den gereq: sulx gelooft,
een vande clercquen dewelke onder
hem bescheijden sijn geweest ten huijse van de heer Helvetius heeft geschreeven,
off den gereq: niet seer duijdelijk
segt wel Eenige Correcties door
gem: helvetius hand geschied, daar daar onder gezien heeft dehand van
den thans gegijselden m:r Willem
onder gesien te hebben. -
vincent helvetius,
waar indat soort van particulier
geschrift heeft bestaan. —
4.
6."
NL-HaNA_1.04.02_2555_0467.xml,"292
segt neen. -
segt neen.
segt neen,
segt neen,
off hij gereq: ook weet wie al„
meerde behulpsame hand geboden
heeft tot het concipicteren van de
brieven.
off hij gereq: geen de minste kennisses
gehad heeft van het voorneemen van
gesijde adriaan Valkenier nopens
het arresteeren van de drie ord: raden
van Jndia. —
off ook niet nadato denselven
gouverneur generaal met hem gereq:
daar over gesproken heeft,
off hem niet bewust is niet wien
de gewesene gouverneur generaal
Valkenier over dese en diergelijke
zaken gewoon was te consuleeren
en raad ter legen. -
off den gereq: niet bekent is
wie al mede soo wel tot het schrij„
ven als het Copieeren van gem: parti„
culiere brieven gebruijkt is ge„
worden. -
segt verschijde jnlandse scribenten
tot het Copieeren gebruijkt te sijn,
8.
10.
11.
12."
NL-HaNA_1.04.02_2555_0468.xml,"13.
copieeren,
segt niets
segt Ja,
segt tot het beandwoorden van par„
off 't onder anderen den ondercoopman
ticuliere vaderlandse brieven en het Nebbens niet geweest is.,
wat den gereq: desen aangaande
meerbekent is. —
15.
14.
off hij bereijd is sijne gegevene res„
ponsiven met Eede gestand te doen,
Aldus opgesteld bij mij ondergete„
kende batavia den 17„' novemb: 1742.
/:was getekend:) N: Iongsma. —
Op alle welke arc: en vraagpoincten den geinterrogeerden
verklaarde na waarheijt geandwoort te hebben en geschieden
het zelve inde raad Camer van gem: rade ter presentie als
in margine /was getekend/ I:n d: Bie / ter zijde stond / ons
present (was getekend:) R: Stapel en R: C: vonglan lager
Toirconde getekend:) P:r Haksteen adJ:r gesw: clercq. —
gecollationeerd en accordeert
Batavia den 30 9ber: 1742
Haksteen
Ed „e: Gesw: Clercq
V"
NL-HaNA_1.04.02_2555_0469.xml,294
NL-HaNA_1.04.02_2555_0470.xml,"Beande onde vanr pont
van
Isaac de Bie
No. 64.
segt"
NL-HaNA_1.04.02_2555_0471.xml,"294
Articulen, en vraagpoinc„
Op Heeden den 13:' november 1746.
segt sulx niet regt te kunnen seggen
„ opgesteld
ten „ omme daarop ter requi„
Compareerde voor heeren Commiss:
uijt den agtb: raad van justitie des sitie ende versoeken van de
heer m:r Nicolaes Iongsma
casteels Batavia m:r Rijnier
prointerim advocaat fiscaal
Stapel, en Rudolph Carel van
„ rat: off:
glan benevens mij pieter haksteen
van nederlands india „ en ten
overstaan van heeren Commiss:s
adj:t geswoore clercq van wel gem:
haar agtb: den geinterrogeerden
uijt den agtb: raad van justitie
hier besijden genoemt dewelke
deses casteels gehoort en on„
ingevolge het appoinctement van
dato 10:' october laestl: op de onder„dervraagt tewerden Jacob
Nebbens ondercoopman ten
„staende articulen en vraag„
poincten naaukeurig zijnde
dienste der E: Compagnie.
gehoort daerop zodanig geand„
woort heeft als in margine der„
„selven aangetekend staat.
segt ja
off den gereq: ten tijden vande
regering vanden gewesen gouver„
„neur generaal Adriaan
valckenier voor deselve niet
veelerlij soort van particulier
schrijffwerk vervaardigt en ge„
„copieert heeft.
off onder andere door hem gereq:
niet gecopieert is zeekere seer
grote en omstandige brieff aande
heeren
1.
2."
NL-HaNA_1.04.02_2555_0472.xml,"vervalt
segt neen
Bie.
segt neen.
segt ga
heeren majores behelsende diverse
klagten over den thans geeligeert
hoog Ed: heer gouverneur generael
gustaaff willem van Jmhoff
c:S:
off de Gereg:s niet bewust is,
wied' op stellen van die brieff
en meer andere geweest is
off hij uijt de minute van sodanige
brieven niet heeft kunnen ont„
waren wie deselve geschreeven
hadde.
off den Gereg:s niet bekent is
wie door sijn hoog Edelheijt
valckenier met en benevens
hem gereq: tot het particulier
schrijff werk is gebruijkt
off den Gereg:t tot elucidatie
van het voorenstaende nog iets
weet opteegen.
7.
off den gereq: bereijd is sijne
segt Eenige inlandse Clercquen
dewelke hebben gecopieert
onder op sigt van Jsaac de
gegevene
5.
E."
NL-HaNA_1.04.02_2555_0473.xml,"296
gegevene responsiven met
bede gestand tedoen
Aldus opgesteld bij mij on„
dergeetekende.
Batavia den 13„e 9ber 1742
/:was getekend:/ N„s f: Jongsma
Op alle welke articulen en vraagpoincten den
gereq: verklaarde na waarheijd geandwoord te hebben
en geschieden het selve in de raad camer van boven
gem: rade ter presentie als in margine /:was getekend/
J„b Nebbens /: ter seijde stond:/ons present /:was getekend/
R„r Stapel, en R: c: van glan /:lager stond:/ toirCouse„
/:was getekend:/ P„r Haksteen adj:t gesw: Clercq. —
G'collationeerd en accordeert
Batavia den 30. 9ber: 1742
Haksteen
W„ Gesu Clercq
E"
NL-HaNA_1.04.02_2555_0474.xml,"No. 65
Carel
in"
NL-HaNA_1.04.02_2555_0475.xml,"247
op heeden den 17:' Novemb:r 1742.
Articulen en Vraag„
„ als
heeft „ in margine derselve
niet te weeten.—
Compareerde voor heeren Com„
missarissen uijt den agtb: raad van
Iustitie des Casteels batavia. - Poincten opgestelt om,
m:r Reijnier Stapel, en Rudolph
Carel Vonglan benevens wij:me daar op ter Requi„
Pieter Staksteen ad Jj:s gesmuoflenke,
sitie van de Heer M:r:
van welgem: haer agtb: den
geinterrogeerden hier beseijden
Nicolaas Iongsma
genoemt dewelke in gevolge
het app: van dato 12:e september
Prointerim advocaat
laast leeden op de onderstaende
articulen en vraagpoincten Fiscaal van Neder„
naenkeurig sijnde gehoort
daar op soodanig geantwoord: lands India Rat: off:
en ten overstaan van
Heeren Commiss:
uijt den agtb: Raad
van Iustitie deses —
Casteels gehoort en
ondervraagt te werden
Paul Fredrik Eversoon
ondercoopman in„
dienst der E: Comp:
en Eerste gesw: Clerk
van wel gem: Rade. —
laast van het Jaar 1740. en
segt Ja, dog de nette datums of den gereq: versoon in het
als gesw:e Clerk van boven„
begin van 1741. in qualiteijd
gem: rade niet geadsisteert
aangeteekent staat. —
heeft
1."
NL-HaNA_1.04.02_2555_0476.xml,"te hebben. —
segt hoedanig en in wat of die gerecolleerde actens
voegen deselve afgegeven niet tegens het gewoone ge
sijn te blijken bij de notulen: bruijk en usantie afgege„
gehouden in rade van Justi„ven sijn aan de swager van
tie de datis 6. en 11:' xber: 1741. gemelte gouverneur gene„
en niet te weeten of sulx rael m:r Willem Vincent Helsebiui
tegens het gewoon gebruijk
is geweest. —
zegt te vermeenen sulx of de voorsz: afgave geschied
bij geciteerde notuls be„ is net voor kennisse van
reets bekent testaan, en den raad dan wel van den
sustineert verders desen Ed: heer president
aangaande ongehouden
te sijn om te antwoorden
als Een soek sijnde die hem in sijn ampt als gesw:e Clerk
Concerneert. —
den gereq: vermeent sulx soo niet wat beweeg
met het vorige beantwoord reedenen of qualificatie
den gereq: dan gehad heeft
om daartoe te koomen
segt sulx almede bij het of den gereq: danten minsten
2.
heeft het recolleeren van diver
:se interrogatorien insinuatie
en attestatien ter requisitie
van de geweesen gouverneur
generael adriaen Valckenier
gedaene.
geen.
3.
4.
5."
NL-HaNA_1.04.02_2555_0477.xml,"294
te staan. —
segt Neen
ver
gedane declaratoir vervat geen copien vande actens
bij gem: notuls bekent of dies recollementen
gehouden heeft. —
of den gereq: niet gesien
geleesen of gecollatio„
„neert heeft de generaele
brief door de gemelte gou„
verneur generael Valkenier
aan de heeren meesters
gesonden over de condui„
:tes van sijn hoog Edelheijd,
van Imhoff C: S: dies tijds
sijnde ordinaris raden
-
van Indien en andere
persoonen
segt dat het soude kunnen of den gereq: nog niet
weesen gesegt te hebben seer wel voorstaat dat
dat de heeren Helvetius hem seer in het oog geloo„
en phillips Extra goede pen heeft en hij ook
vrinden waren het welk aan desen en geene goede
geweest is en veroccasio„ vrinden bij wege van
neert soude sijn ten tijden discoers bekent gemaekt
van het Examineeren heeft dat Eenige tijd voor
der chineesen om redenen het arresteeren van
in die tijd haer E:s meer als gemelte sijn Edelheijd
bevoorens bij molkande van Imhoff C: S: Een
Extra ordinaire fomi„
ren vond. —
:liariteijt en continueele
tie
bij
6.
-.
1.
ƒ"
NL-HaNA_1.04.02_2555_0478.xml,"beandwoort
waar uijt hij gereg: sulx
bespeurt heeft.
segt Ja, dog dat het meest of hij gereg: die bij Een
voor gevallen is bij ge„komst op de ordinarie
legentheijd dat 'smid„ tijd van het middagmael
:dags en 's avonds gesa„ dan wel 's avonds niet
„mentlijk van het stad„ verscheijde malen het sij
Casueel het sij onder
sints bij gewoont heeft,
huijs quamen.
segt van geen confe„ waar over de conferentien
„rentien teweeten, en on„ dan geweest sijn.
„der Een ordinair dis„
:coers met Elkanderen
geeeten te hebben. —
segt geen specialiteijten wat den gereq: desen aen„
:gaande verders bekent
teweeten.
bij Een komst geweest is
tusschen den thans mede
gegijselden m:r Cornelis
Phillips en gem: m=r
Willem Vincent Helvetuu
12.
9:
10.
11.
is.—"
NL-HaNA_1.04.02_2555_0479.xml,"301
hegt Ja. —
of den gereq: bereijd is sijne
gegevene responsiven
met Eede gestand te doen;
Aldus opgesteld bij mij te
ondergetekende Batavia
Den 17:' Novemb:r 1742. was getek:t/
N: Iongsma. —
op alle welke artl: en vraag poincten den ge
interrogeerden verklaerde na waerheijd
geandwoord te hebben en geschieden het
selve inde raadcamer van bovengem:
rade ter presentie als in margine, was
getekent, P:r F:k 6versoon 1742. , ter sijde stond)
ons present/ was getekent, R: Stapel, en
R: C: Vonglan, lagerstond, 't oirconde, getekent,
P:r Haksteen adj:t gesw: Clerk;—
Gecollationeert & accordeert
Batavia den 30 9ber: 1742
Haksteen
d Wr Gesw: Clere
12.
9"
NL-HaNA_1.04.02_2555_0480.xml,
NL-HaNA_1.04.02_2555_0481.xml,
NL-HaNA_1.04.02_2555_0482.xml,No: 66.
NL-HaNA_1.04.02_2555_0483.xml,"302
Perticulen en
rheeden den 17„e November 1742.
leden gouverneur Maire:
„ niet versogt maar dat op het
ersoekt van den secrets: can aan
Vlaagpoincten opgesteld
ompareerde voorheeren Commissarissen
omme daar op ter Requisitie
uijt den agtb: raad van justitie des
asteels Batavia, m:r Rijnier van de heer m„r Nicolaas
tapel en Rudolph Carelvonglan Iongsma pro-interim
enevens mij Pieter Haksteen adj:t advocaat Fiscaal van
desw: Clercq van wel gem: raade den Nederlands India rat: off:
en ten overstaan van heeren
einterrogeerden hier besijden genoemd
welke Jngevolge het app:t van dato Commissarissen uijt den
6: octob: laastleeden op de onderstaande Agtb: raad van Justitie
rt: Envraagpoincten naarkeurig deses Casteels gehoort en
sijnde gehoort daar op sodanig geand„ ondervraagt te werden
oord heeft als in margine derselve Iacob Kool Luijtenant
der West Zijdseburger Comp:
aangetekend staat. —
gt Eenelijk voor Een versogt
Kool onder de
off den gereq:
te hebben, het welk geweest is den over„ regeering vanden gewesen en ge„
arresteerden gouverneur generael
adriaan Valkenier sig in en dan
niet verledigt heeft om voor dese
en gene Eenig ampt off gunst te versoe„
ken bij de persoon van gem: gouvern=r
generaal en voor welke persoonen
off hij onder anderen niet voor den
overleeden secretaris Cau
gem
versogt
1.
2."
NL-HaNA_1.04.02_2555_0484.xml,No: 66.
NL-HaNA_1.04.02_2555_0485.xml,"302
Aerticulen en
Op heeden den 17„e November 1742.
leden gouverneur Maire;
segt niet versogt maar dat op het
versoekt van den secrets: can aan
Vlaagpoincten opgesteld
Compareerde voor heeren Commissarissen
omme daar op ter Requisitie
uijt den agtb: raad van Justitie des
casteels Batavia, m:r Rijnier van de heer m„r Nicolaas
stapel en Rudolph Carelronglan Iongsma pro-interim
benevens mij Pieter Haksteen adj:t advocaat Fiscaal van
gesw: Clercq van wel gem: raade den Nederlands India rat: off:
geinterrogeerden hier besijden genoemd en ten overstaan van heeren
dewelke Jngevolge het app:l van dato Commissarissen uijt den
10: octob: laastlieden op de onderstaande Agtb: raad van Justitie
art: Invraagpoincten naaukeurig deses Casteels gehoort en
zijnde gehoort daar op sodanig geand„ ondervraagt lewerden
woord heeft als in margine derselve Iacob Kool Luijtenant
der West Zijdseburger Comp:
aangetekend staat. —
segt Eenelijk voor Een versogt
off den gereq: Kool onder de
te hebben, het welk geweest is den over„ regeering vanden gewesen en ge„
arresteerden gouverneur generael
adriaan Valkenier sig in en dan
niet verledigt heeft om voor dese
en gene Eenig ampt off gunst te versoe„
ken bij de persoon van gem: gouvern=r
generaal en voor welke persoonen
off hij onder anderen niet voor den
overleedensecretaris Cau
gen
versogt
O
1.
2."
NL-HaNA_1.04.02_2555_0486.xml,"be andwoort.
gem: sijn Edelheijt hadde aangebo„ versogt heeft 't verleenen van
briefjes aande C indesen,
den een sakje daar in volgens sijn
seggen tweehondert coubangs, en sulx
voorde gunt welke sijn Edelheijt hem hadde beweesen in't verleenen vande gi„
vraagdebriefjes, dog was hem gereq: bij sijn Edelheijt daar mede koomende
gesegt brengt het Cau wederom ik heb het hem gegeven als mijn secretsn
invoegen het voorm: sakje met Coubangs door hem gereq: ook weder aan cau
was inhandigt,
segt uijt naam van den secrets: Cau off hij gereq: al mede voor den
de heeren Maire en Legrand bij overleden heer Maire die geweest
sijn Edelheijt Valkenier te sijn ge„ is geëligeert gouverneur vande Cust
weest, en versogt te hebben dat de heer Cormandel voors: gouvernement
Maire na het Cormandelse gou„ niet gesolliciteerd en bekomen
vernement mogt solliciteeren, het heeft,
welk gem: sijn Edelheijt ook gunstig
hadde geaccordeert en gesegt den secret:) Cau wel te zullen spreeken
voegende den gereq: hier mog bij dat meerm: Maire hadde gesegt
voor die goedheijt sijn Edelheijt althoos verpligt te sullen sijn. —
segt doenmaals van geen betaling
hoeveel gem: Maire daar
off hij op zekeren tijd daar
voor uijt name van voors: Cau
aan gem: Valkenier niet gepresen„
teerd heeft tweehondert coubangs
in specie off rijxd: Twee duijsent,
gesproken
voor
8
of
ge"
NL-HaNA_1.04.02_2555_0487.xml,"304
gespooken te sijn nog ook van geen voor betaalt off belooft heeft,
beloofde som, dog na verloop van
drie â vier dagen sonder inde precisen tijd behaalt tewillen sijn des avonds
omtrend ses uuren â halff seven hadde meerm: Maire bij hem gesonden
twee berottingde kelders met versoek deselve aan sijn Edelheijt Valkenier
te besorgen, dan dewijl hij gereq: soo veel Jongens met bij derhand hadde
om voorm: kelders die excessieff swaar waren na het casteel te doen dragen,
hadde hij gerec: gesegt dat deselve maar na binnen moeste brengen wan„
neer hij gereq: deselve aan sijn Edelheijt soude terhanden stellen,
dog dien avond sijn Edelheijt die oppasselijk was niet hebbende kunnende
spreken hadde hij deselve aande hoffmeester klijn inhandigt, dewelke
deselve na binnen hadde laten brengen, betuijgende hij gereq: niet teweeten
wat in voorm: kelders geweest is;
segt door den gewesen Berghopman Voor wat al persoonen en welke
Nathaneel stemmes als desselvs bedieningen den gereq: sig heeft
mede gemagtigde zijnde bij missive laten gebruijken bij en aan de persoon
versogt te sijn geworden, om bij sijn edelh=s van geseijde Valkenier,
Valkenier te solliciteeren ter Erlan„
ging vandemajoors bediening, dog van gem: sijn Edelheijt leandwoort hadde
off de heer Maire hier op bat:a
pd
komende testerven desselvs schoon
soon de bovengem: heer Cau
off ijmand anders den gereq: met
heeft aan gesproken tot restitutie van't
voorsz geld.
bekomen
cau
segt neen"
NL-HaNA_1.04.02_2555_0488.xml,"segt Ja ten allen tijden
bekomen ik wil soo Een assiuante vert niet als maso hebben.
segt voor niemant anders als de tot hoelange den gereq: sig be„
voorwaarts genoemde versogt te hebben, moeijt heeft met het solliciteeren
voor dese engene. —
segt niets anders bewust te sijn
wat den gereq: desen aangaande
verder bewust is werd denselven
versogt om sonder agterhoudentheijd
op te geeven.
10.
off hij bereijd is sijne gegevene
responsiven met Eede gestand
tedoen
Aldus opgesteld bij mij ondergete„
kende Batavia den 17„e novemb:r
1742. /was getekend) N: Iongsma,
op alle welke art: en vraagpoincten den gereq: verklaarde
na waarheijt geandwoort te hebben en geschieden het selve inde raas
Camer van gem: rade ter presentie als inmargine (was getekend)
Iacob Cool (tersijde stond) ons present /was getekend:) R: Stapel
en R: C: Vonglan /lager Toirconde getekend) P:r Haksteen
asj:t gesw: Clercq. —
gecollationeert & accordeert
Batavia den 38 9ber 1742.
Haksteen
d „: Geste Clercq
8
9:"
NL-HaNA_1.04.02_2555_0489.xml,244
NL-HaNA_1.04.02_2555_0490.xml,H
NL-HaNA_1.04.02_2555_0491.xml,"306
heeden den 17:' Novemb:r 1742.
Articulen en Vraag„
en gereq: segt Ja. —
Compareerde voor heeren com„
rissahissen uijt den agtb: raad
an Iustitie des Casteels batavia Joinchen op gesteld
S:r Reijnier Stapel, en rudolph
viel vonglan benevens wij omme daar op ter
Pieter Haksteen adj:t gesc:
Requisitie van D'heer
lerk van wel gem: haer
gtb: den geinterrogeerden
M:r Nicolaas Iongsma
er beseijden genoemt dewelke
gevolge het app:l van dato
Prointerim advocaat
september laastleeden
de onderstaende articulen
Fiscaal van Neder„
vraagpoincten naeukeurig
jnde gehoort daar op sooda„
lands India Rat:
g geandwoort heeft als in„
largine derselve aangetee„
off: en ten overstaan
ut staat; —
van heeren Commiss:
uijt den agtb: Raad
van Iustitie deses —
Casteels gehoort en
ondervraagt te wer„
den den Procureur
n: Willem Cras. —
of den gereg: Cras in het
begin van den Iare 1741. —
wesen gouverneur gene„
„raal adriaen Valckenier
ter requisitie vanden ge„
niet
1."
NL-HaNA_1.04.02_2555_0492.xml,No. 67
NL-HaNA_1.04.02_2555_0493.xml,"op heeden den 17:' Novemb:r 1742. Articulen en Vraag„
den gereq: segt Ja.
Compareerde voor heeren com„
:missarissen uijt den agtb: raad
van Iustitie des Casteels batavia Ioinchen opgesteld
m:r Reijnier Stapel, en rudolph
Carel Vonglan benevens wij omme daar op ter
Pieter Haksteen adj:t gesc:
Requisitie van D'heer
Clerk van wel gem: haer
agtb: den geinterrogeerden
M:r Nicolaas Iongsma
hier beseijden genoemt dewelke
ingevolge het app:l van dato
Prointerim advocaat
19:e september laastleeden
op de onderstaende articulen
Fiscaal van Neder„
en vraagpoincten naeukeurig
sijnde gehoort daar op sodda„
lands India Rat:
nig geandwoort heeft als in„
margine derselve aangetee„
off: en ten overstaan
kent staat; —
van heeren Commiss:
uijt den agtb: Raad
van Iustitie deses—
Casteels gehoort en
ondervraagt te wer„
den den Procureur
n: Willem Cras. —
of den gereg: Cras in het
begin van den Iare 1741. —
ter requisitie vanden ge„
wesen gouverneur gene„
„raal adriaen Valckenier
niet
306
1."
NL-HaNA_1.04.02_2555_0494.xml,"te sijn;
vervalt.
2.
segt vermits het sijn bedie„ uijt houden van wie hij gereg:
:ning concerneert, daar op de voorsz: actens alvoorens—
te antwoorden ongehouden hadde ontfangen. —
utsupra. —
geligt te hebben
actens met de door agter
staande origineele recolle
„menten niet van desecre„
a
„tarije en uijt houden van
den gesw:e Clerk Eversoon
geligt heeft, tegens gewoonte
en sonder voorkennis van
den raad. —
segt Neen deselve niet of den gereg: de origineele
soo Ja waerna toe deselve
gebragt heeft
5.
of hij deselve niet heeft ont„
:fangen van den thans gegij„
„selden m:r Willem Vincent
Helvetius. —
niet in qualiteijt als procu„
„reur Eenige interrogatorien
insinuatien en attestatien
om te recolleeren aan heeren
Commissarissen uijt desen rade
gepresenteert en overgegeven
heeft. —
3.
4."
NL-HaNA_1.04.02_2555_0495.xml,"308
te sijn.
vervalt
segt hem niets versogt
hebben, dien aangaande
segt sulx niet teweeten
segt te sustineeren onge„ of hem egter niet bekent
houden te sijn daarop te is in wiens handen de ge„
recolleerde interrogato„
andwoorden.
rien Ekc:a gekomen sijn
en op wat wijse.—
11.
den gereq: werd versogt son„
:der agterhoudentheijd op te
geeven het geene hem
desen aangaande nog
als boven. —
10.
9.
9
of hem gereq: niet seer wel
bekent is wie den opstellen
van voorsz: interrogato
rien Etc:a geweest is. —
om welke redenen en
door wiens order deselve
aldaer gebragt sijn ge„
worden.
heeft.—
segt hem sulx onbekent wie deselve dan geligt
soo neen of als dan aan
gem: Eversoon niet versogt
heeft deselve in mediaat
te willen brengen aan het
huijs vanden thans gegijsel„
den m:r willem Vincent Helvebius
bekent.
6.
7.
8."
NL-HaNA_1.04.02_2555_0496.xml,"segt Ja. —
op alle welke artl: en vroog poincten den
gereq: verklaerde na waerheijd geand„
woord te hebben en geschieden het selve
in de raad Camer van gem: rade ter
presentie als in margine/ was getekent
W: Eras, tersijde stond/ ons present, was
getekent, R: Stapel, en R: C: Vonglan,
lager stond/ toirconde, getekent, P„r
Haksteen adj:t gesw: Clerk; —
gecollationeert en accordeert
Batavia Den 30 9ber: 1742
of den gereg: bereijd is sijne
gegevene responsiven met
eede gestont te doen;
Aldus opgestelt bij mij
ondergetekende Batavia
Den 17:' November 1742. —
was getekent, N: Iongsma=
bekent mogt sijn
12.
Haksteen
Ad „r Gesw: Clercc"
NL-HaNA_1.04.02_2555_0497.xml,
NL-HaNA_1.04.02_2555_0498.xml,No: 68
NL-HaNA_1.04.02_2555_0499.xml,"310
Articulen En
niet te kunnen seggen al soo sig nooijt
den gereq: segt sulx met waarheijt
bemoeijt heeft.
Op heeden den 17„en november
1742. Compareerde Voorheeren Commissa„ Vraagpoincten opgesteld
rissen uijt den agtb: raed van justitie Omme daar op ter Requisitie
des Casteels Batavia, m:r Rijnier van de heer m„r Nicolaas
Stapel en Rudolph Carel Vonglan Iongsma, pro- interim adv=t
fiscaal van nederlands
benevens mij Pieter Haksteen
asj:t gesw: Clercq van wel gem: rade India Rat: off: enten overstaan
den ginterrogeerden hier besijden genoemd van heeren Commissarissen
dewelke Jngevolge het app:t van dato uijt den agtb: Raad van
3. october laastleeden op de onderstaande Iustitie deses Casteels
articulen en vraagpoincten naaukeurig gehoort en ondervraagt te
zijnde gehoort daar op sodanig geand„ Werden den Eerw: Heer
woord heeft als in margine derselve Engelbertus Franciscus
De Boucq bedienaardes
aangetekend staat.
goddelijken woords.
off den gereq: miet zeer wel be„
wist is dat desselvs schoon zoon
directeir in souratte voor dis bediening
inde Jaare 1740. aan den geweesen
gouverneur generaal adriaan
Valkenier met Een considerable
recognitie off geschenk het zij op een
directe off indirecte wijse heeft moeten
geeven en ook inder daad gegeven heeft.
niet saken sijn kinderen aangaande de heer Ian Schreuder thans
2.
O"
NL-HaNA_1.04.02_2555_0500.xml,"teweeten,
Legt Ja.
vervalt,
segt sulx met waarheijt nooijt
off gem: heer Schreuder
gehoort te hebben, en oordeelt niet te de Continueerende gunst van gem:
min ongehouden te sijn om in zaken
Valkenier te behouden almede
sijn kinderen betreffende te getuijgen
met Eenige geschenken van
Jmportanten gedaan heeft
4.
off den gerequireerd bereijt is
sijne gegevene responsivendes
noods met Eede gestand te doen
Aldus opgesteld bij mij
ondergetekende Batavia den
N
17=e November 1742. /was gete
kend:) N: Jongsma—
segt niets dien aangaande
wat den gereq: desen aan
gaande
dan bekent
Soo ja waar in sulx
staan heeft.
op
2.
is,"
NL-HaNA_1.04.02_2555_0501.xml,"312
op alle welke draagpoiniten den geinterrogeerde
verklaerde na waarheijt geandwoort te hebben en ge„
schieden het selve in de raad Camer van wel gem: rade
ter presentie als in margine /:was getekent:)
E:s F:s Le Boucq. tersijde stond/ ons present /was ge„
tekens:) R: Stapel en R: C: vonglan lager
Toirconde (getekend:) P: Haksteen ass:t gesw: clercq.
Gecollationeert & accordeert
Batavia den 30 9ber: 1742
Maksteen
Adj„t Gesw: Clercq"
NL-HaNA_1.04.02_2555_0502.xml,N:o: 69
NL-HaNA_1.04.02_2555_0503.xml,"313
den gereq: Babandam segt Ja.
_:o mochamet Salé _:o
soeta Wangsa segr Ja
Op Heeden den 26„e 9ber 1742.
Compareerde voorheeren Commissarissen poincten Opgesteld omme
uijt den agtb: raad van Justitie des daar op ter Requisitie van
Casteels Batavia m:r Iacob de heer m„r Nicolaas Jongsma
Pompe van meerder Voort en Carel pro- interim advocaat fiscaal
van Nederlands India
Koenad benevens mij Pieter
Htaksteen adj:t gesw: clercq van Rat: off: en ten overstaan
wel gem: haar agtb:s de geinterrog:s van heeren Commissarissen
hier besijden genoemd dewelkeinge„ uijt den agtb: raad van
Iustitie deses Casteels
volge het app:t van dato 10: october
laastleeden op de onderstaande artl: i der apart gehoort en on„
En Vraagpoincten afsonderlijk sijnde der vraagt letter den Achmat
gehoort soo hebben deselve daarop Babandam Cap:n van
sodanig geandwoort als in margine Een Comp: baliers Mochamer
sale almede Cap:n van Een
derselve aangetekend staad,
Comp: baliers en soeta
Wangsa Capitain der
Satanen.
Articulen Envraag„
Eerstelijk werden de gereq:s ider
afsonderlijk gevr: off hun lieden
niet bekent is dat de tegenwoordige
Coopman in dienst der EComp:
Ferdinandus deroij voor
maals gecommitteerde tot en over de
zaken vanden jnlander geweest is,
2."
NL-HaNA_1.04.02_2555_0504.xml,"2.
soeta Wangsa
_:o mochamet salé —
_o
schijde klagten van hunne onderhoo„
rige aan hem gereq: gedaan sijn
wegens de Extra ordinaire
exactien en Concussien door hem
deroij offde sijne gepleegt,
den gereq: Babandam segt neen soo ja off erdies tijds niet ver„
waar inne deselve bestonden,
vervalt ten opsigte van babandam
mochamet salé en soeta Wangsa
Babandam segt neer
off de gerag:s niet bekend is waar
Mochamet salé segt gehoort uijt de prinitive en Eerste oorspronk
te hebben dat het soude sijn geweest om der Chineese op stand gesproten
dat de Chineesen wierden opgevat is,
het welk al soude begonnen hebben in feb: 1740.
soeta Wangsa segt neen,
Babandam segt dat sijn onderhor, off sulx niet ten principalen off
ge volkeren ter ordre vande commiss:s voor een gedeelte gecauseerd is door Mo
na de bovenlanden sijn gegaan om het opvatten van veele uijt die natie wi
chineesen dewelke van geen per die niets bedreven hadde,
missie briefjes voorsien waaren op te
vatten het welk door hun ook is nagekomen sonder nogthans de Chineesen dewel„
ke van diergelijke biljettjes voor sien waaren Eenige molesten aan
gedaan te hebben,
Mochamet sale segt gehoort te hebben dat het volk van Cap:n Baban
dam ter ordre vande Commiss:s na het gebergte gesonden is om chineesen
dewelke
_o
3."
NL-HaNA_1.04.02_2555_0505.xml,"315
dewelke van geen permissie briefjes voorsien waren op te vasten welk
bevel hij geinterrog: benevens meer andere Jnlandse cap:ns insgelijx inde
maand aug: off 7ber: vande Comm:s gekreegen hebben,
soeta Wangsa segt sulx niet teweeten maar dat hij doenmaals vaan„
drig geweest sijnde van sijn Cap:n last hadde bekoomen om de Chineesen
dewelke geen permissie briefjes hadde optevatten het welk ook na
gekoomen heeft,
Babandam sigt dat door sijn volk maer En off er met Eens op zekere tijd
thien na sijn gissing sijn op gevat.
hondert te gelijk op gevat sijn omtrend
Mochamet salé segt dat inde maand Bacassij,
febr: 1740. Een groot getal chineesen door het
volk van Babandam sog opgevat dewelke ter ordre vande Commissaris
voor Een gedeelte in sijn gereq: Campong inhet blok sijn gesloten geworden;
soeta Wangsa segt sulx niet gehoort te hebben nog ook niets daar vanteweeten
segt
Babandam omdat deselve van op wat pretext die opvattinge
geen Commissaris briefje voorsien waren, geschied is,
Mochamet salé segt omdat voorgegeven
tie wierd deselve van geen pascen, off permissiebriefjes voorsien te sijn.
soeta Wangsa segt dat hem belast is de Chineesen dewelke geen briefjes
hadden als quaad doenders op te vatten. —
Babandam segt terordre vande Door wie in op wiens order
Commissaris door Jnlanders en onder desel, deselve op gevat sijn,
ve Eenige van sijn onderhoorige.
Mochamet Salé segt terorder vande Commissaris door het volk van babandan
soeta
7."
NL-HaNA_1.04.02_2555_0506.xml,"Babandam segt na sijn best ont„
wanneer die op vatting principaal
houd drie off vier maanden voorde
begonnen is,
Chineese opstand,
Mochamet Salé segt feb: 1740.
soeta Wangsa segt na sijn gedagten twee maanden voor de chineese revolte,
Babandam segt ja
Off sulx niet al in't begin
Mochamet salé segt niet teweeten
van het Jaar 1740. gepractiseert is,
off het op chinees nieuwjaar is geweest en wel insonderleijt op't chinee„
maar wel gesien te hebben dat deselve se nieuwjaar,
haar feest kleederen nog aan hadden.
Soeta Wangsa segt hem denettetijd ontschooten te sijn. —
Babandam sigt dat deselve hoedanig En vervolgens met
ter ordre vande Commiss: in het die op gevatie Chineesen ge„
blok wierden gesloten,
handelt is,
Mochamet salé segt dat de
vijff chien Chineesen dewelke bij hem geinterrog: in het blok sijn gesloten deselve
in drie differente rijsen er weder sijn uijt gehaalt, nadat Eenige nogthans
twee dager en twee nagten daar in geseeten hadden, wanneer het over„
schot bestaande nasijn gissing in twee off drie persoonen door het volk van
de Commiss:s bij de landdrost sijn gebragt, sijnde deselve vervolgens soo hem
onderrigt is inde ketting geklonken geworden;
Soeta Wangsa segt dat Eenige bij de Commiss:s in het blok sijn geplaast
sonder teweeten waar de overige belend sijn,
Soeta Wangsa segt dat sijn Cap: order van de Commissaris hadde gehad,
12.
10.
11."
NL-HaNA_1.04.02_2555_0507.xml,"12.
317
Babandam segt Ja.
door mochamet salé beantwoord,
door soeta Wangsa
Commiss:s door desselvs oppassers,
Mochamet sale als boven
soeta Wangsa vervalt,
Babandam segt ter ordre vande door wiens ordre zulx geschied
Babandam segt dat deselve des op wat wijse die menschen
ee„
daags daar aan weder door volk van wederom uijt dh ampongs
en op drije voeten geraakt sijn,
de Commiss:s afgehaalt sijn. —
Mochamet sali segt dat de schrijver
vande comm: en de oppassers deselve er weder vandaar hebben gehaalt,
vervalt ten op sigte van soeta Wangsa,
Babandam segt sulx niet tewee„ off sulx niet geschiede nadat al„
vorens Eenig geld daar voor ge„
Mochamet sale segt sulx niet
spendeerd hadden,
gesier off gehoort te hebben,
vervalt ten opsigte van soeta Wangsa,
vervalt ten opsigte van babandam hoe veel en aan wien,
_:o mochametsali
en ook ten reguarde van soeta Wangsa,
13.
Off er van deselve met Een groote
gedeelte in de Campongs van hem
gereq: gebragt en in het blok geslooten
-
_o
sijn,
is,
14.
15
16.
ten"
NL-HaNA_1.04.02_2555_0508.xml,"17.
vervalt ten opsigte van babandam hoe het gegaan is met die geen
_:o _:o mochametsale dewelke niet konden off wilden
_:o _:o soetaWangsa, betalen,
Babandam segt dat d' Cli„ off dezelve niet doorde
uijt werking vande voors:
neesen weder uijt sijn Campong ge„
de Roij inde ketting geklonke
haalt sijn sonder dat hij weet waar
deselve verder belend sijn,
wierden op voorwendsel dat het
Mochamet salé segt wel gehoort vagebonden waaren,
te hebben dat er Eenige in de ketting
sijn geklonken sonder teweeten op wat pretext
soeta Wangsa segt sulx niet gehoord te hebben,
off al het voors:) niet al inden
Babandam segt ja dat er onder
de Chineesen wegens het opvatten beginne van 1740. Een groot ver„
slagendheijd onder de Chineese
een grote verslagendheijt is geweest,
Mochamet sale segt wel ge„ veroorsaakt heeft,
hoort te hebben dat het op de gevr:
tijd Een groote vreese onder die natie veroorsaakt heeft,
soeta Wangsa segt wel gehoort engesien te hebben dat het verslagene
heijd onder haar veroorsaakt heeft,
wat de gereq:ts desen aangaan
Babandam segt niets teweeten
als het geen bereeds op gegeven heeft de verders bekent is,
Mochamet sali segt desen aangaande
20.
niets.
3
18.
19."
NL-HaNA_1.04.02_2555_0509.xml,"319
niets teweeten
soeta Wangsa segt niets verders teweeten,
een
Babandam segt ja„
Mochamet salé _ o
soeta Wangsa, _:o
21.
off de gereq: bereijd sijn hunne
gegevene responsiven met Eede
gestand tedoen
Aldus opgesteld bij mij
ondergetekende Bataviaden
26„e 9ber: 1742. (was getekend:)
N: Iongsma,
op alle welke artl: de geincerrog:s verklaarden nawaar„
heijd geandwoort te hebben en geschieden het selve inde raad
Camer van wel gem: rade ter presentie als in margine /was
net
getekend:) sekere drie handmerken waar bij gesch: stond:/ gesteld
bij achmat Babandam, Mochamet salé en soeta.
Wangsa / tersijde stond/ ons present / was getekend/ I: Pompe
van meerdervoort en C: Koenad /lagerstond/ Toirconde
/getekend:) P:r Haksteen adj:t gesw: clercq.
Gecollationeerd En accordeert
Batavia den 30 9ber: 1742
Haksteen
Edr: Gesw: Clerck
_o
gen"
NL-HaNA_1.04.02_2555_0510.xml,No: 70
NL-HaNA_1.04.02_2555_0511.xml,"320
Articulen en Vraag„
te sijn daar op te andwoorden als Een
vrage sijnde die sijn selvs betreffende is,
Op heeden den 27„e November
1742. Compareerde Voorheeren Commiss:s
uijt den agtb: raad van Justitie des cast:s poincten opgesteld omme
Batavia m„r Iacob Pompe daar op ter Requisitie Ende
van Meerdervoort en Carel versoeke van de heer m:r
Koenad benevens mij Pieterhak„ Nicolaas Iongsma pro
steen ads:t gesw: clercq van welgem: interim advocaat fiscaal
haar agtb:s den geinterrog:s hier besijden van Nederlands India
genoemt dewelke ingevolge het app:l rat: off: en de ten overstaan
van dato 10:e October laastleeden op de vanheeren Commissarissen
onderstaande Artl: en vraagpoincten naar „ uijt den agtb: raad van
keurig sijnde gehoort soo heeft densel„ Iustitie deses Casteels ge„
ven daar op sodanig geandwoort als hoort en ondervraagt te wer„
in margine derselve aangetekend staad, den Justinus Vink
Landdrost der bataviase
ommelanden,
off hij tentijde vande regeringe van
den gewesen gouverneur generaal
Adriaan Valckenier niet
considerable presentie aan denselver
of aen ijmant sijnent wegen heeft
moeten doen om in sijn tegenwoordige
bedieninge te continueeren. —
den heer gereq: sustineert ongehouden Eerstelijk werd de h:r gereq: gevr:
2."
NL-HaNA_1.04.02_2555_0512.xml,"vervalt.
segt Ja.
op wiens order
segt sulx niet positieff te kinnenseg„ off de gereq: niet bekend is de primi„
gen maar te gelooven dat het ver„tive oorsprouk vande opstand der
oorsaakt sal sijn door de opvatting Chineese natie. —
dewelke er inde bovenlanden door
Jnlanders is geschiet op differente tijden,
be andwoort niet het voorige
beandwoort met art: 3. en niet teweeten door wien die opvattinge geschied
is. endoor wiens order,
P:s ter order van sijn Edelheijt off de
„ niet
Comm: dewijl het volk andersints, na boven soude hebben mogen gaan,
segt tegelooven dat sulx sal sijn
op wat pretexten vn het zelve ge„
geweest om de chineesen haar briefjes schied is,
nate sien en dus te ontdekken welke
dat landlopers en vagebonden waren,
segt te gelooven dat er ook op gevat sijn off daar onder zo wel geen goede
dewelke van permissie briefjes voorsien als quade chineesen zijn geweest,
waaren,
off die opvattinge met reeds ge„
schied is in't begin van het Jaar 1740
off dezelve niet veroorsaakt is
door het opvatten van Een menigte
Chineesen inde bovenlanden.
waar in zulx bestaan heeft,
3.
5.
6.
7.
8"
NL-HaNA_1.04.02_2555_0513.xml,"722
segt wel gehoort te hebben dat deselve offer van die op gevatte chineesen
inde campongs der jnlanders sijn gebragt met Een excessif getal ten tijde
maar niet te kunnen seggen met waarh:t voors: inde campongs der jnlanders
off deselve aldaar sijn gesloten geworden in het blok geslote zijn,
als zijnde de hier gereq: sulx door langheijt
des tijds ontschooten,
segt sulx niet teweeten,
segt sulx niet positieff te kunnen seggen off er niet Eengedeelte vande
maar wel dat successive chinese vande selve aande heer gereq: als landdroft
comm: heeft gekregen sonder nogthans overgegeve sijn.
teweeten op wat tijden sulx geweest is,
segt dat de chineesen dewelke aanden off deselve niet Eerst inde ketting
heer gereq: overgegeven sijn sekerlijk indien geslagen en vervolgens wederom
deselve schuldig geweest sijn gestraft daar uijt gerelaxeert, sijn
sullen sijn geworden,
be andwoord.
segt dat er bij hem gerq: een verdronken off er niet op Een zekere tijd
Een zeker chinees in't water vlug„
chinees van bacassij off door omtrend
gebragt geworden is, dewelke nogthans tende met Een bamboes dood gestoken
niet schouwbaar was, en dat een chinees is
dewelke met het lijk afquam hadde gesegt dat hij in't water vlugtende met
om wat redenen zulx geschied is,
14.
op wat wijse deselve gelargeert
sijn,
een
1
11
10.
3
12.
13."
NL-HaNA_1.04.02_2555_0514.xml,"Een set stok op het hoofd was geslagen en dus verdronken,
segt neen
vervalt
segt sulx niet regt teweeten maar voor wien
dat hem boven gem: Chinees hadde
berigt dat het Jnlanders hadde gedaen,
off de gereq: daar na geen onder„
segt te geloven dat er ondersoek na
gedaan heeft, en wel teweeten dat soek gedaan heeft,
sijn Edelheijt valkenier en kennis
van gegeven heeft,
off den gereq: door den voors: gewesen
segt van sijn Edelheijt order te hebben
gekreegen om de chineesen buijten de stad gouverneur generaal op de 9. off 10.
tedoen massacieeren dog niet regt te kunnen october 1740 niet geordonneert is de
seggen off het op de gevr: tijd is geweest off Chineese so in als buijten
niet, voegende hij gereq: hier nog bij dater de stad te doen massacreeren,
2. ducatons op ider chinees is gesteld het welk ook naderhand betaalt is. —
den guinterrog: segt sulx niet positieff off hij gereq: op den 6= xber: geber
te kunnen seggen, alsoo het hem door ordre van de geweesen gouverneur
langheijd des tijds ontschoten is.
generaal gekregen heeft om
om welke rederen zulx geschied is,
off daar mede op intercessie van
den gerepatrieerde augustus Wolff
niet gesupersedeert heeft,
16.
NNiemants
15. /
17.
18.
19.
20."
NL-HaNA_1.04.02_2555_0515.xml,"324
segte Ja,
segt hem sulx thans niet te binnen teschieten wat hem gereq: desen aangaande
meer bekent is,
22.
off den gereq: bereijd is sijne gegevene
responsiven met Eede gestand te doen,
Aldus opgesteld bij mij onderge„
tekende Batavia den 27„e 9ber 1742
/was getekend:) N: Iongsma,
op alle welke artl: en vraagpoincten den geinterrog: verklaarde
nawaarheijt geandwoort te hebben Engeschieden het zelve inde
raad Camer van boven gem: raade ter presentie als in margine
(was getekend) I:s Vinck (tersijde stond) ons present /was ge„
tekend:) I: Pompe van meerdervoort en C:s Koenad /lagerstond)
Toirconde (getekend:) P:s Haksteen adj:t gesw: Clercq. —
Gecollationeerd en accordeert
Batavia den 30 9ber: 1742
niemants ordre als die van hem
gouverneur generaal en demasoor
pareeren
le
Maksteen
Ad„:l Geswe Clercq
21."
NL-HaNA_1.04.02_2555_0516.xml,
NL-HaNA_1.04.02_2555_0517.xml,
NL-HaNA_1.04.02_2555_0518.xml,No. 71
NL-HaNA_1.04.02_2555_0519.xml,"325
Articulen En Vraag„
den gertq: segt ja c: s:
Op heeden den 27„e 9ber 1742.
poincten opgesteld omme
Compareerde voorheeren Commissarissen
daar op ter Requisitie Ende
uijt den agtb: raad van Justitie des
versoeke van de heer m:r Nicolaas
Casteels Batavia m„r Iacob
Pompe van meerder Voorten Carel Iongsma pro- interim advocaat
fiscaal van Nederland jndia
Koenad benevens mij Pieter hak„
steen adj:t gesw: clercq van wel gem: rat: off: enten overstaan van
rade de geinterrogeerdens hier besijden heeren Commissarissen uijt den
genoemt dewelke ingevolge de agtb: raad van Iustitie des
app:ten van datis 12. 7ber: en 10: october Casteels Batavia gehoort
laastlieden op de onderstaande artl: en En ondervraagt te werden Ian
vraagpoincten naaukeurig sijnde ge„ Jurgen Krummel, Frans
hoort daar op sodanig geandwoort heb„ adolph van Haarsolte en
ben als in margine derselve aange„ Jan van oosten alle Capitain
militairs in dienst der E: Comp:
tekend staad,
de gereq: Ian Iurgen Krummel
werd gevr: of hij tentijde van het
arrest van sijn hoog Edelheijt van
Imhoff niet ter ordre vande doen„
malige gouverneur generaal Valc„
Kenier aande Eerst gem: aangezegt
heeft ombuijten acces temoeten zitten
segt dat ten tijden de heeren van Jmhoff wanneer hem die ordre gegeven
de haeze en van schinne in arrest ge en door hem uijtgevoert is,
nomen
2."
NL-HaNA_1.04.02_2555_0520.xml,"noemen waren als doen door demajoor tesijn geordonneert gem: heermaa
teseggen dat niemant bij hun soude mogen komen, en schilwagten voor en agten
hun Ed:s wooningen te plaatsen, invoegen door ham gereq: ook is nagekomen.
segt dat sijn Edelheijt van Jmhoff hadde water bij het Een en ander voor
„het
gesegt „ is wel, en sijn wel Ed:s broeder gevallen is,
die doenmaals bij hem was bevolen dat dan
maar heen moest gaan, dog de andere heeren niet gesproken maarde order aan
de officiers die dewagt daarhadde gegeven te hebben;
3.
segt ja dog die order uijt demond van Off hem gereq: ten tijde voors:
diereveld uijt naam van sijn Edelheijt ofte wel op de 6: xber: doorgem:
geweesen gouverneur generaal niet
ontfangen te hebben,
belast of aangezegt is geen ordre
als van denselven ende majoor
Duurveld texaneeren inwat zaken
het ook zoude mogen weesen,
sigt dat hij gereq: de gevr: order aan off hem gereq: ook bekent
is aan wie zulke ordres meer
de officier vande poorten gebragt
posten
heebven het selve op de buijten „ ook gegeven zijn
doen aan seggen,
off de gereq: niet in ongunste van geen
segt niet teweeten dat in ongunst
gem: Valckenier en om wat rede„
vanden geweesen gouverneur generaal
nen geraakt is,
valkenier is geraakt,
g
O
5
6.
6"
NL-HaNA_1.04.02_2555_0521.xml,"32. 7
segt niets anders teweeten,
segt Ga.
den gerer: segt Ja
wat hem gereq: desen aangaende
meer bekent is./
off hij bereijd is het Een en ander
met solemneele Eede te bevestigen,
vervolgens weed de gereq: van
Haersolte gevr off hij ten tijde
vande Chineese Croublen en nader„
hand niet als cap:n bescheijden is geweest
aan de utregt sex oort,
seg dat op den dag dat sijn hoog off hem op den 6:' december 1740. door
Edelheijt van Jmhoff Cs: in arrest den geweesen gouverneur generaal
genomen sijn de sleutels vande poort aan Adriaan Valckenier met be
de hook wagt overgeepen te hebben, last is de sleutels vande poort in
vergaderinge en inhanden vanden
selve overtegeven,
segt hem door de officier dewelke Eroff hem gereq: al mede door
eer
aande uijtersepoort de wagt hadde denselven tenlijde voors: niet
gesegt te sijn dat Cap:n Crummel de belast is geen andere ordres als
gevr: order aldaar gebragt hadda, die van hem en de majoor ducire„
veld tepareren,
segt geen ordres naderhand gekomen te off de gereq: zulx ook gedaan heeft
sijn voorsoo verre hem gereq: bekent is, en waar in bestaanheeft,
13
7.
10.
11.
12."
NL-HaNA_1.04.02_2555_0522.xml,"segt ja.
segt niets meer teweeten,
segt ga.
segt tot sijn ongenoegen.
segt te sustineeren dan het veroorsaakt Jngevalle het laeste waar is
sal sijn omdat hij tentijden doen hem door werd hij gereq: gevr: of hij niet
weet op te geven de redenen motiven
de nots:) van dinter ter requisitie van
sijn
sijn Edelheijn Valkenier Eenige vraag die zulx veroorsaakt hebben,
poincten wierd voorgehouden gesegt
hadde nergens van teweeten gelijk hij ook waarlijk niets wist, alwaar omme
hij ook tendaage van het recollement gepersisteerd hadde,
segt neen, dog dat gem: Valkenier hem off hij op Een zekere tijd door
opsekere tijd gesegt hadde het is nog gem: Valkenier net zeer scher„
een gunst dat ik uw na ambon gecom„pelijk bejegent is ter zake niet
nadesselvs zinnelijkheijt getuijge„
nis hadde gegeven;
mandeert heb„
met het voorige beantwoort,
off hij bereijd is het Een en ander
waar in zulx bestaan heeft,
wat de geneq:/ desen aangaande
meerbekent is,
14.
off dat Changement tot sijn genoegen
of ongenoegen geweest is,
off de gereq: in't begin van het jaar
1741. niet gecommandeert en vertrock„
hen is na Amboina,
met
13
15
K.
19."
NL-HaNA_1.04.02_2555_0523.xml,"329
segt sulx niet teweeten,
segt in't begin van de chineese trousles nu werd de gereq: van oosten
gevr: ofhij tentijde vande Chineese
met de Edeleheeren commissarissen na
Tanabang vertrokken tesijn wanneer Troubles niet bescheijden is geweest aan
Cap:n vander meijl aan gem: poorte de stads water ofte vierkantspoort,
geplaast geworden is, dog na verloop van
Eenige maanden hadde hij gereq: genoemde poort wedergkreegen,
segt neer en dat des nade middags wan„ off hem niet bekent is door wien de
iven
neer des morgens de massacie bereets ordre tot het massacre vande Chineesen
begonnen was Eerst van Cannabang soo in als buijten de stad gegeven is,
inde stad gekoomen is,
off de gereq: tentijde van het
segt op dien dag des misdagsten een
lost
iir cap:n muller afgebookte arrest vande drie heere radeord=s
hebben en oy zaal verbleeven te sijn op de 6: xber: 1740. die actie niet
tot dat de gevr: heeren hun zijdge„ geadsisteert en als officier bij ge„
weiren afgeeijscht en na hunne woon woort heeft,
ningen gebragt sijn geworden,
29
segt uijt order vandemasoordurveld op wiens ordre zulx geschied is,
off zulx niet geschied is doorde
mahoor duureveld volgens
ordre vande gewesen gouverneur
generaal adriaan Valckenier,
met solemneelen Eedete bevestigen,
25
20.
21.
22.
23"
NL-HaNA_1.04.02_2555_0524.xml,"27
tesijn,
legt ja,
segt er geen kennisse van gehad te var kennisse van het zelve hij
hebben maar door de majoor voor het gereq: gehad heeft voor en al
aangaan vande vergadering geroe„ zuulx voort ging,
pen te sijn,
26.
segt dat cap:n mulder dewelke welke ordres hem gera: in cas
hij gereq: afgelast heeft hem hadde resitentie of andere hinderpa
overgegeven dat de heeren van Jmhoff gegeven sijn,
dehaeze en van schinne tot nader order
niet moest laten afgaan, dog dat de andere heeren konde gaan wanneer
het hun beliefden;
segt sulx niet teweeten,
segt hem niets anders bekent
off de gerequireerd bereijt is
het een en ander met solem„
neelen Eede te bevistigen,
Aldus opgesteld bij mij onderge¬
tekende Batavia den 27„e 9ber:
1742. / was getekend/ N: Jongsma,
op alle welke artl: en vraag poincten den geinterrog:
wat hem desen aangaan
te meer bekent is.
29.
off hij niet weet dat men des
noods geweld zoude ge„
bruijken en er op in schieten,
27.
verklaaren
28"
NL-HaNA_1.04.02_2555_0525.xml,"331
verklaarden na waarheijt geandwoort te hebben
en geschieden het selve inde raad Camer vanwel
gem: rade ter presentie als in margine /was gete„
kend/ I:n J:n Krummel, Frans A: V: Haersolte
en I: V: oosten / tersijde stond/ ons present (was getekend)
I:s Pompe van meerdervoort en C:s Koenad / lager
stond/ Toirconde getekend:) P:r Haksteen
adj:t gesw: Clercq.
Gecollationeerd en accordeert
Batavia den 30: 9ber: 1742.
baksteen
O
Adv„ Gesw: Clercq"
NL-HaNA_1.04.02_2555_0526.xml,No. 172
NL-HaNA_1.04.02_2555_0527.xml,"332
heeden den 27: 9ber: 1782.
ve in margine derselve
Engeteekent staat
gt Ja.
issarissen uijt den agtb: raad
Iustitie des Casteels batavia Poincten op gestelt
„ Iacob Pompe van meerdervoort
Carel Koenad benevens wij omme daar op ter
eter Haksteen adj:t gesw:
erk van wel gem: haer agtb: Requisititie van de
geinterrogeerden hier be
ven genoemt dewelkeinge„ Heer M:r Nicolaas. —
ege het app:t van dato 3:' oc„t
der laastleeden op de onder„ Iongsma Prointe„
ende articulen en vraag„
-
ins ten naaukeurig sijnde: rim advocaat Fiscael
soort soo heeft denselven
rop soodanig geantwoord van Nederlands In„
dia Rat: off: en ten over„
staan van Heeren
Commiss: uijt den
agtb: raad van Iusti„
:tie deses Casteels ge„
hoort en ondervraegt
te werden Reijnier
Harmensz: onder„
Coopman ten dienste
der E: Compagnie,
mpareerde voor heeren com„ orticulen en vraag„
of de gereq: op sijne presente
bediening van boekhouder
der medicinale winkel
niet gevordert is tot onder„
:Coopman indienst der E: Com„
pagnie.
1.
2."
NL-HaNA_1.04.02_2555_0528.xml,No. 172
NL-HaNA_1.04.02_2555_0529.xml,"332
op heeden den 27:' 9ber: 1782.
als in margine derselve
aangeteekent staat
segt Ja. —
„missarissen uijt den agtb: raad
van Iustitie des Casteels batavia Poincten op gestelt
m:r Jacob Pompe van meerdervoort
en Carel Koenad benevens wij omme daarop ter
Pieter Haksteen adj:t gesw:
clerk van wel gem: haer agtb: Requisititie van de
de geinterrogeerden hier be
sijden genoemt dewelkeinge„ Heer M:r Nicolaas. —
volge het app:l van dato 3:' oc„t
„tober loastleeden op de onder„ Iongsma Prointe„
„staende articulen en vraag„
poincten naaukeurig sijnde: rim advocaat Fiscael
gehoort soo heeft denselven
daar op soodanig geantwoord van Nederlands In„
dia Rat: off: en ten over„
staan van Heeren
Commiss: uijt den
agtb: raad van Iusti„
tie deses Casteels ge„
hoort en ondervraegt
te werden Reijnier
Harmensz: onder„
Coopman ten dienste
der E. Compagnie,
Compareerde voor heeren com„ orticulen en vraag„
of de gereq: op sijne presente
bediening van boekhouder
der medicinale winkel
niet gevordert is tot onder„
:Coopman in dienst der E: Com„
pagnie.
1.
2."
NL-HaNA_1.04.02_2555_0530.xml,"segt neen, niet tot onder
Coopman
of hij tot bekoming van het
selve niet aan den een of on
is
:der eenige giften geschenken
he
afgaven gegeven of belooft
heeft. —
segt eens een schenkagie dan wel of hij tot bekoming
gegeven te hebben om
van de boekhouders plaats
boekhouder te worden vande medicinale win„
in de plaats van schrijver: kel iets gegeven of belooft
heeft. —
segt aan Pasquoel andriesz: aan wie sulx gegeven
een somma van vier of vijff en waer in het bestaan heeft
Hondert rd:s gegeven te hebben
het welk gem: Pasquael andriesz:
seijde aan sijn Edelheijt valckenier te sullen in handigen,
dog dat hij gereg: gelooften voor soo verre hem nader
:hand gebleekenis vaststeld dat Pasquael andriesz: het gehou
:den maar niet overgegeven sal hebben
segt Ja over een gehad hebbend of den gereg: over de vordering
discoers met de heer stapel, tot ondercoopman geen getuij„
en dat Hackenberg uijtnoem: genisse der waarheijt gege„
van sijn Edelheijd hem eerst ven heeft ter requisitie van
een onderhandse verklaring den gewesen gouverneur
hadde willen doen passeeren generael adriaan Valckenier
met bedrijging dat anders met relatie tot de heeren
ongelukkig soude sijn, dog ordinaris raden van Iustitie
daarvan op sijn instantie m:r Theodorus van Reverhorst
geExcuseert sijnde, heeft en m:r Reijnier stapel en of
hij gereg: een klat verklaring dien aan gaande niet geinstrueert
is.
op.
2.
3
op
3."
NL-HaNA_1.04.02_2555_0531.xml,"334
te binnen teschieten
segt Ja. —
Hackenberg gecorrigeert of hem ook bekent is wie
hem gereq: was aangesegt
om sig ten comptoire vande
oft
notaris te vervoegen alwaer
hem eenige articulen sijn voorgehouden, dewelke
hij gereq: ook beantword heeft; en van het verder ge„
vraagde niet te weeten.
is geworden na het welk de acte geconcipieert heeft,
opgestelt dewelke door is door Hackenberg mitsgaders
of naderhand den gerepatri„
segt Ja endat gemelte
Hackenberg hem genoeg„ eerden eerste administra„
saam geforceert hadde: teur der medicinale win„
om nade gem: heeren: kel Hackenberg hem gereq:
te gaan en deselve uijt niet aan geweest is om
te hooren, dog dat hij gereg: verder ten lasten van ge„
sulx niet hadde nagekoo„melte heeren iets te seggen
men, en dat hem selvs of te deponeeren
„broeder van de
door de heer van Reverhorst
sijnhde was gevragt
hou
waarom niet meerder
aanquam het welk hij gereg: beandwoord hadde
niet te seggen dat daar voor sijn reedenen hadde
gaande ook iets anders be„
kent is. —
segt hem thans niet meer of den gereq: desen aan„
of den gereq: bereijd is sijne
gegevene;
6.
„
7.
8."
NL-HaNA_1.04.02_2555_0532.xml,"op alle welke artl: en vraagpoincten den gein„
:terrogeerden verklaarde na waarheijd
geantwoord te hebben en geschieden het selve
inde raad Camer van boven gem: rade
ter presentie als in margine, was getekent,
R:r harmensz:, tersijde stond, ons present
was getekent, I: Pompe van Meerdervoort,
en C: Koenad, lager stond, 't oirconde, ge„
tekent, P:r Haksteen adj:t gesw: Clerk; —
Gecollationeerd en accordeert—
Batavia den 30 9ber: 1742
gegevene responsiven met
eede gestand te doen
Aldus opgestelt bij mij on„
„dergetekende Batavia
Den 27:' November 1742.
was getekent, N: Iongsma, —
Jbaksteen
Adr. Geste"
NL-HaNA_1.04.02_2555_0533.xml,
NL-HaNA_1.04.02_2555_0534.xml,No. 73
NL-HaNA_1.04.02_2555_0535.xml,"336
Articulen En
n dries:
Op Heeden den 1„e xber 1742.
Empareerde voorheeren Commissarissen Vraagpoincten opgesteld
ijt den agtb: raad van Justitie des cast:s omme daar op ter requisitie
Batavia m:r Iacob Pompe vande heer m„r Nicolaas Jong„
sma prointerim advocaat
Jan meerderVoort en Carel
fiscaal van nederlands Jndia
hoenad benevens mij Pieter
rat: off: en ten overstaan van
taksteen adj:t gesw: clercq van
bel gem: haar agtb:s de geinterrog:s heeren Commissarissen uijt den
er besijden genoemt dewelke ingevol, agtb: raad van Justitie deses
het app: van dato 12 Jber: laatleeden Casteels gehoort en onder vraagt
„de onderstaande artl: en vraagpoinc„ te Werden Ferdinandus
en naau keurig sijnde gehoort door de Roij Coopman in dienst
sodanig geandwoort heeft als in der E: Comp:,
nargine derselve aangetekent staate,
Ja.
off de gereq: deroij met geweest is
gecommitteerde tot er overde zaken
vanden jlander„
i soo hem best voorstaat in xber 1730. Jnwat jaar en maand daar toe
geavanceert.
„ door intercessie van Pasquaal Door wat middel gunst of inter„
cessie van wie hij zulx geworden
E
2.
3.
is."
NL-HaNA_1.04.02_2555_0536.xml,No. 73
NL-HaNA_1.04.02_2555_0537.xml,"336
Op Heeden den 1e xber 1742. Articulen En
segt Ja.
andries
Compareerde voor heeren Commissarissen Vraagpoincten opgesteld
uijt den agtb: raad van Justitie des cast:s omme daar op ter requisitie
Batavia m:r Iacob Pompe vande heer m„r Nicolaas Jong„
sma prointerim advocaat
van meerder Voort en Carel
fiscaal van nederlands Jndia
Koenad benevens mij Pieter
rat: off: en ten overstaan van
Haksteen adj:t gesw: clercq van
wel gem: haar agtb:s de geinterrog:s heeren Commissarissen uijt den
hier besijden genoemt dewelke ingevol„ agtb: raad van Justitie deses
ge het app: van dato 12 7ber: laatleeden Casteels gehoort en onder vraagt
op de onderstaande artl: en vraagpoinc„ te Werden Ferdinandus
ten naaukeurig sijnde gehoort daar de Roij Coopman in dienst
opsodanig geandwoort heeft als in der E: Comp:,
margine derselve aangetekent staate,
off de gereq: deroij met geweest is
gecommitteerde tot er over de zaken
vanden jlander,
segt soo hem best voorstaat in xber 1730. Jnwat jaar en maand daar toe
geavanceert.
segt door intercessie van Pasquaal Door wat middel gunst of inter„
cessie van wie hij zulx geworden
1.
2.
3.
is."
NL-HaNA_1.04.02_2555_0538.xml,"als boven
als boven
als Voren.
segt in feb: 1741.
segt te sustineeren daar iet voldoende off hij gereq: daar voor niet Een
op te kunnen andwoorden vermits het tus„
considerable somma van geld ofde
schen vier oogen voorgevallen
waarde vandier gespendeert heeft
sijnde, over sulx buijten staat is en
en ten behoeve van de gewesen gouverneur
blijft om het selve teprobeeren, dog generaal Adriaan Valkenier
ingevalle hij gereq: konde werde gese„
cuseert om dierwegens ooijt van imant agterhaalt te sullen werden, als den
bereijd is en aanneemt om onder ede een oprigte opgave dierwegens tedoen„
hoe veel en waar in zulx te staen
6.
aan wien het selve gegeve heef
en op wat wijse
off hij al mede bij Continuatie en mit
vervolg om inde gunst van gem:
Valckenier staende te blijve van tijn
„tijd
tot„ niet Considerable presente aanden
selve ofte ijmant sijnent wegen gespen„
deert heeft,
wanneer hij gereq: uijt de voors: be„
dieninge geraakt is.
den gereq: segt dewijl hem sulx onder
Om wat redenen hij gereq: zijn
sware drijgement en door den gewesen gouvern: ontslag uijt de voors: bedieninge
generaal
heeft
5"
NL-HaNA_1.04.02_2555_0539.xml,"338
beantwoord
generaal Valkenier wierd geordonn:t heeft versogt,
op voorgeeven dat er klagten over hem gereq:
waren gedaan, met toe segging nogthans dat sijn qualiteijt en gagie soude
behouden,
waar in die klagten soude hebben
sigt dat de javanen niet op haar tijd
bestaan.
betaalt endeselve beknibbelt zoude
hebben, niet tegenstaande hij gereq: het
Contrarie aan sijn Edelh:t hadde gedemonsteert onder presentatie ingeval„
le hem gereq: konde aangetoond werden dat sulx dewaarheijt was, dat als
dan wel mogt Lijsen dat in handen vanden fiscaal wierd overgegeven,
waar op hem door meerm: sijn Edelheijt in substantie was geandwoort
dat is het selfde Jij moet uijt de bediening en als gij uw ontslag
net versoekt sal ik uw voormatroos na boord zenden,
dog anders kunt gij verseekert sijn dat ik uw weder een
goede bediening sal geeven,
off de gereq: op den 6: decemb:r 1740. door
segt dat met de jnlandse officieren
bij sijn Edelheijt ontboden is, alwaar hem de geweesen gouverneur generaal
van sijn Edele is belast geen ordres als die van Valkenier niet beloft is geen ande„
hem tepareeren, en bevolen het selve de re ordres te observeeren als van hem
Jnlandse officieren ook aanteseggen gelijk alleen,
ook heeft nagekomen.
12.
door wat oorsaak,
off hij sijn ontslag bekomen heeft
behouders qualiteijt Engagie,
14
10.
11
13.
segt ja
mit"
NL-HaNA_1.04.02_2555_0540.xml,"14
segt Ja
segt ja en ook van niemand als sijn
Edelheijt onder ontfangen te hebben,
segt niets anders teweeten
wat de gereq: desen aangaande
meer welt te leggen,
off den gereq: bereijd is sijne gegevene
responsiven met Eede gestand te doen„
Aldus opgesteld bij mij onderge¬
tekende Batavia den 1„en xber 1742.
(was getekend:) N: Iongsma
Op alle welke artl: en vraagpoincten den geinterrogeerden,
verklaarde na waarheijt geandwoort te hebben en geschi„
den het selve inde raad Camer van gem: rade ter presentie
als in margine /was getekend:) F:s de Roij /tersijde stond:/
ons present (was getekend) I: Pompe van meerder voort
en C: Koenad (lagerstond:) Toirconde getekend:)
P:r Haksteen asj:t gesw: Clercq —
gecollationeerd En accordeert
Batavia den 3:e decemb: 1742.
heeft,
off de gereq: zulx ook gedaan
HSaksteen
d : Gestr Clreq
15
16."
NL-HaNA_1.04.02_2555_0541.xml,l
NL-HaNA_1.04.02_2555_0542.xml,No. 74
NL-HaNA_1.04.02_2555_0543.xml,"340
Op heeden den 1:' xber: 1742.
Segt die dewelke door
hem gerequireerde ge„
Articulen en vraag
Compareerde voor heeren.
Commissarissen uijt den agtb: poincten omme
teels Batavia m:r Jacob als nu ter requisitie
raad van Iustitie des Cas„
Pompe van meerdervoort van de heer mr. Nicolaes
Jongsma prointerim
en Carel koenad benevens
advocaat fiscaal
mij Pieter Haksteen
adj:t geswooren Clerq van
van nederlands in„
welgem: haer agtb:s de ge„
„dia rat: off: en ten
„interrogeerden hier bij be„
overstaan van hee„
„sijden genoemt dewelke in„
„gevolge het dispositieff
van den 24„en der gepasseerde ren commissarissen
maand op de onderstaande uijt den agtb: raad
van Iustitie deses Cas„
art: geExtraheerd uijt die
den 12:' novemb:r laastleeden „teels Categorise be„
gene dewelke door hem op
andwoort te werden
beandwoort sijn als nu
door Anthonij Isaac
nader zijnde gehoort daer
Cassa secretaris van
op sodanig geandwoort
heeft als in margine der
selve aangeteekent staet het Eerw: Collegie van
heeren Scheepenen deser
Steede. —
waer na toe hij gerequi„
„gatorien &:a /: namentlijk
„eerde dezelve interro„
„ligt sijn gebragt te
verte
verte
12."
NL-HaNA_1.04.02_2555_0544.xml,"beandwoort
segt sulx nooijt gesegt
te hebben.
dewelke ter requisitie
hebben aan het huijs van
van den gewesen gouver„
de heer m„r willem
„neur generael Valckenier
vincent helvetius
gepasseert en gerecolleert
mitsgaders door den ge„
requireerde ter secretarije
geligt zijn:) gebragt heeft
13.
Of de gerequireerde de
„ heeft
selve niet gebragt „ aan
het huijs en aan de per„
soon van m„r willem
vincent Helvetius
14.
Of de gereqde. ten opzigte
van de actens dewelke selfs
niet geligt heeft tegens
de voorsz: Eerste Clercq
Eversoon niet gezegt
heeft dezelve te moeten
brengen ten huijse van
de heer Helvetius
15."
NL-HaNA_1.04.02_2555_0545.xml,"342
segt hem wel Doorte„
off de gereqde de voorschree¬
staan dat Eenige uijthan„
ven actens voor en al
„den van de heer m„r Willem
eer deselve gerecolleert
vincent zelvetius heeft
zijn ontfangen heeft uijt
ontfangen, dog niet posi„
„tieff te kunnen Leggen off handen van den gewesen
alle de actens van gem: gouverneur generael dan
heer Helvetius heeft wel ijmand anders. —
gekreegen.—
op welke art: den gereq: als nu verklaarde
na waarheijt geandwoort te hebben onder
presentatie van het selve ten allen tijden
met Eede gestand te sullen doen (was getekent
A: I: Cassa /tersijde stont:/ ons present als
Commissarissen /:was getekent:/ I: Pompe van
Meerdervoort en C„l koenad /:lagerstond:/
Toirconde /:was getekent:/ P„r Haksteen
adj:t gesw: Clerq: —
g'dollationeerd en accordeert
Batavia Den. 3:' xber: 1742.
Hbaksteen
adv„: Gesev: Clercq
15.
G"
NL-HaNA_1.04.02_2555_0546.xml,No. 75
NL-HaNA_1.04.02_2555_0547.xml,"343
op heeden den 1:e Decemb: 1742
Artiuiten en Vraag„
segt niet te weten dat er
gedaan is, seekerlijk om ten behoeve vanden gewesen
Compareerde voor heeren Com„
missen uijt den agtb: raad van
Iustitie des casteels batavia
Poincten omme als nu
m:r Iacob Pompe van meerdervoort;
en Carel Koenad benevens mij
Ter Requisitie vande
Pieter Haksteen adj:t gesw: Clerk
van wel gem: haer agtb: te gem„ heer M:r Nicolaas
„terrogeerden hier besijden gen:t—
dewelke ingevolge het dispositie Jongsma Prointerim
van den 24:' der gepasseerde maend
op de onderstaende artl: geextra„ advocaat Fiscaal—
heert uijt die geene dewelke door
hem op den 17:' 9ber: laastleeden van nederlands —
beont woord sijn als nu nader
India Rat: off: en ten
sijnde gehoort daar op soda„
„nig geantwoord heeft als in
overstaan van heeren
margine derselve aangetee
Commiss: uijt den
agtb: Raad van Iu„
stitie deses Casteels
Categorise beand„
woord te werden door
Paul Fredrik Eversoon
ondercoopman in„
Dienst der Comp: en
gesW: Clerk van boven
gemelte Rade. —
artl: 3.
of de voorsz: afgave /:nament„
versoek aanden raad toe„ lijk der gerecolleerde actens
reeden
gouverneur
ee
kent staat; —"
NL-HaNA_1.04.02_2555_0548.xml,"schiet.
beandwoort
reeden het Een politicq recol„ gouverneur generael adriaan
:lement is genoemt geworden, valckenier:/ geschied is met
nademaal andersintsinge„ voor kennisse vanden raad dan
:valle het Een beeediging ad wel van den Ed: heer president„
:perpetuam rei memoriam
of bij forma van Enqueste
voletudinair was geweest
als dan uijt hoofde van Een dispositief en vervolgens met
voor kennis van den raad Copia der beeedigde stucken ter„
secretarie volgens het gewoon gebruijk hadde moeten blij„
ven, het welk bij het notulair dispositief waer bij het re„
:collement metde benoming van politicq geaccordeert
is niet is verstaan, sulx is het ook dat er geen Copijen ter se„
:cretarie hebben kunnen of mogen gehouden werden,
der
en dien volgens de afgave daor gem: actens ook niet met
voorkennis van den president nog vanden raad ge„
segt om dat het een politiq soo niet wat beweeg rede„
recollement genoemt en of qualificatie den
gereq: gehad heeft omdaer
was, en dat er niet ver„
staan is Copia van temoe toe te komen. —
ten blijven, heeft den gein„
terrogeerden alle de ge„
recolleerde stucken op het moment wanneer
maar beeedigt waren ter ordre van sijn Edelheijd
valkenier aan den procureur Cassa dog meest aan de heer
Helvetius afgegeven
off den gereq:n dan ten
minsten geen Copijen van
de actens off dies recollementen
gehouden
4.
5"
NL-HaNA_1.04.02_2555_0549.xml,"345
op welke art: den geinterrogeerde als
nu verklaarde na waarheijd geandwoort
te hebben onder aanneeming van het selve
des gerequireerd werdende met Eede gestant
te sullen doen /:was geteekent:/ P:s P:k versoon
1742 /:ter sijde stont / ontpresent als Commiss:
/:was geteekent:/ J: Pompe van meerdervoort
en C:l Koenad /:onderstont:/ Toirconde
(:was geteekent:/ P Haksteen adj Gesucting
Gecoltationeert & accordeert
Batavia den 3 xber: 1742
gehouden heeft. —
P Haksteen
reg
Ed J: Gesw: Clercq"
NL-HaNA_1.04.02_2555_0550.xml,No. 176
NL-HaNA_1.04.02_2555_0551.xml,"376
op heeden den 1:e Decemb:r 1742.
Compareerde voor heeren Commiss: Articulen en Vraag„
uijt den agtb: raad van Iustitie
des casteels batavia m:r Iacob Poinchen omme als nu
Pompe van meerdervoort, en
ter Requisitie vande
Carel Koenad benevens mij
Pieter Haksteen adj:t gesw:
heer M:r Nicolaas Iongsma
:clerk van wel gem: haer agtb:
Prointerim advocaat
de geinterrogeerden hier besijden
genoemt dewelke ingevolge het
Fiscaal van neder„
dispositief vanden 24:' der gepasseer„
de maand op de onderstaende artl: lands India Rat: off:
geExtraheert uijt die geene dewel„
ke door hem op den 17:' 9ber: laast„ en ten overstaan van
leeden beantwoord sijn als nu
nader sijnde gehoort daar op soo „ Heeren Commiss: uijt
„danig geantwoort heeft als
den agtb: Raad van
in margine derselve aange„
teekent staat;—
Iustitie deses casteels
Categorise Beand„
woort te werden—
door m:r: Willem
Cras Procureur alhier,
artl: 2.
segt ten delen uijt handen van uijt houden van wie hij gereq:
den secrets: van het eerw: col„ de voorsz: actens /: te weten die
legie van heeren schepenen door hem van wegen de gewe„
anthonij Isaac Cassa, en ten Een gouverneur generael
:delen uijt handen vand' heer adriaan valckenier aan hee„
m:r Willem Vincent Helvetius: ren Commiss:s uijt desen rade
gepresenteert en overgegeven
heeft:/ alvorens hadde ont„
fange.—
of hij deselve niet heeft
beantwoord.
ontfangen.
3."
NL-HaNA_1.04.02_2555_0552.xml,"segt sulx niet teweeten.
op welke artl: den geinterrogeerden als nu ver„
=klaarde na waerheijd geandwoort te hebben
onder presentatie van het selve ten allen tijden
met Eede gestand te doen, was getekent, W:
Cras, ter sijde stond, ons present als Commiss:
was getekent, I: Pompe van meerdervoort, en
C:l Koenad, lagerstond, toirconde, getekent
P:r Haksteen adj:t gesw: clerk. —
gecollationeert en accordeert
Batavia den 3 xber 1742
of hem egter niet bekent is
in wiens houden de gerecolleer„
di
:de interrogatorien de gekome
sijn en op wat swijse
ontfangen vanden thans gegij„
„selden m:r Willem Vincent Helve„
„tius.—
Haksleen
Adv„ Gesw: Clercq
10."
NL-HaNA_1.04.02_2555_0553.xml,
NL-HaNA_1.04.02_2555_0554.xml,No: 77.
NL-HaNA_1.04.02_2555_0555.xml,"348
Aan den Wel Edelen heer
M:r Iacob Lakeman
Raad Extra ordinaris van
Nederlands India En
President;-
De verdere heeren leeden
in den agtb: raad van Iu„
stibie deses Casteels item
De heeren geassumeerde
leeden indesen;
den ondergetekende commissarisssen uijt desen
raade hebbende Eer uwel Edele en agtb: te„
rapporteeren dat in gevolge het notulair
besluijt van welgem: rade de dato 23:
Iulij laastleeden voor ons op den 1. 2. 5. en
6:' deser gecompareerd sijn de persoonen
van henrij abbis, Elisabeth anna van driel,
fortuijn van boegis, november van bengalen,
Levinus de heere, Paulus van den bogaart,
andries Retting, adam quinus, Ian
Jurgens, albert Steensma, Jan Clement,
adolph hendrik Julius Weerman, Johannes
oorts, Ian Jko, souw soeseeng, adriaen
Jubbels, en lim Ghoanko dewelke
ter requisitie van d' heer m:r Nicolaas
Jongsma pro interim advocaat fiscael
van nederlands India op Eenige articu„
len en vraag poincten hebben gehoort
ende dertien eerst gen: persoonen inspe„
cie na het massocreeren da e
Mitsg:s
Door."
NL-HaNA_1.04.02_2555_0556.xml,"der Chineesen soo inde beijde boeijens in het chinees
hospitael als elders, mitsgaders de verderen
persoonen nopens de primative oorsaak
der Chinees revolte, als mede wanneer de
eerste op votting dier natie sijn aanvang
heeft genomen en hoedanige mishandelin
:gen en Extorsien deselve sijn aan gedaan
geworden; wanneer door voorn: persoo
:nen daar op soodanig is geandwoort als bi
de daar, van belegde actens komt te const
ren, en waer aen oms met veel Eerbied
refereeren, waermede verblijve, onde
stond, wel Ed: heeren agtb: heeren, lager
uwel Ed: agtb: onderdanige dienaaren
was getekent/ was getekent Jacob van
Denbosch, I: C: Duquesne, en P=s
Haksteen adj:t gesw: Clerk, tersijde
stond, batavia den 10:' october 1742. —
Gecollationeert en accord:t
Batavia den 3:' xber: 1742.
Haksteen
ad„e Gesewe:Clercq."
NL-HaNA_1.04.02_2555_0557.xml,
NL-HaNA_1.04.02_2555_0558.xml,No: 78
NL-HaNA_1.04.02_2555_0559.xml,"350
Aan den wel Edelen
h„r m„r Jacob Lakeman
raad Extraordinaris van of
nederlands india en prae„
„sident;
Mitsgaders
De verdere Heeren
leeden in den agtb: Raad
van Justitie dezes Cas„
teels item de Heeren
geassumeerde Leeden
in deezen.
De ondergeteekende Commissarissen
uijt dezen rade hebben de Eer uwel Edele
en agtb: terapporteeren dat ingevolge
het notulair besluijt van welgem:
rade de dato 23:' Iulij laastleeden voor
ons op den 9. 1. 12. en 13. dezer gecompareert
sijn de perzoonen van Lim Touko,
Lim Hiensaij queliamko, Tsoekilt„
„ko Jan van Niel, Bartholomeus
visscher, Ian fredrik Ribalt en
Jacobus Ribalt, dewelke ter requi„
„sitie van de Heer m„r Nicolaas
Jongsma prointerim advocaat fis„
„cael van nederlands india op Eenige
verte
E:
-
-"
NL-HaNA_1.04.02_2555_0560.xml,"articulen en vraagt poincten hebben
gehoort, ende vier eerstgen: inspecie na
primitive oorsaek der chineese revol
als mede wanneer de Eerste opvatting
dier natie sijn aan vang heeft genoomen
en hoedanige mishandelingen en Exta
sien deselve sijn aangedaan gewerden
mitsg„s de laastgenoemde persoonen wegen
het kooper en verkoopen van ampten,
wanneer door voorn: persoonen daer op
soodanig is geandwoort als bij de daerva
belegde actens komt te consteeren en
waer aan ons met veel Eerbied refereere
sijnde nogtans door Bartholomeus
visscher gesustineert op Eenige hem
voor gehoudene en bij de acte geanno¬
teert staande vraage ongehouden
te weesen om te antwoorden gelijk door
geciteerde heer prointerim advocaat
fiscael aan ons ook Eenige vrage /de„
„welke dese versellen:/ sijn opgeven
ten Eijnde de gemelte Bartholomeus
visscher daer opte hooren dan dewijl
dezelve te speciaal oordeelden heb¬
„ben wij het Een en ander adrese„
rendeum gehouden waar mede verblijve
verte"
NL-HaNA_1.04.02_2555_0561.xml,"752
/onderstond/ wel Edele Heer en agtb:
heeren /lagerstond/ uwel Edele agtb:
onderdanige Dienaaren /was getekent/
T: v: Reverhorst, E: C: Lanius en
P„r Haksteen adj:t gesw: clerq:/was
Tersij der stont Batavia den 18:' octb: 1742.
g'collationeerd en accordeert
Bat:a den 3„e xber: 1742
Haksteen
Edd„e Gesw: Clercq"
NL-HaNA_1.04.02_2555_0562.xml,No: 79
NL-HaNA_1.04.02_2555_0563.xml,"353
Aan den wel Edelen
heer m„r Jacob Lakeman
Raed Extraordinaris
van nederlands india
en praesident
mitsgd„s
Deverdere heeren lee„
„den in den agtbaren
Raed van Justitie
dezes Casteels item
de heeren geassumeerde
leeden in dezen. —
Wel Edele Heer en agtb: Heeren
De ondergeteekende Commissarissen
uijt dezen raade hebbende Eer uwel
Edelen en agtbaeren te rapporteeren
dat ingevolge het notulair besluijt
van welgemelte rade de dato 23:' Iulij
laastleeden voor ons op den 12. 13. en 17.
deser gecompareert sijn de persoon
van Abraham van dinter Johan
van visvliet, Anthonij Isaac
Cassa, M„r willem Cras, Paul
fredrik Overzoon, Iacob Nebbens,
Isaac debie, Abraham Abeleven,
verte„
G
--"
NL-HaNA_1.04.02_2555_0564.xml,No: 79
NL-HaNA_1.04.02_2555_0565.xml,"353
Aan den wel Edelen
heer m„r Jacob Lakeman
Raed Extraordinaris
van nederlands india
en praesident
mitsgd„s
De verdere heeren lee„
den in den agtbaren
Raed van Justitie
dezes Casteels item
de heeren geassumeerde
leeden in dezen.
Wel Edele Heer en agtb: Heeren
De ondergeteekende Commissarissen
uijt dezen raade hebbende Eer uwel
Edelen en agtbaeren te rapporteeren
dat ingevolge het notulair besluijt
van welgemelte rade de dato 23:' Iulij
laastleeden voor ons op den 12. 13. en 17.
deser gecompareert sijn de persoon
van Abraham van dinter Johan
van visvliet, Anthonij Isaac
Cassa, M„r willem Cras, Paul
fredrik Overzoon, Iacob Nebbens,
Isaac debie, Abraham Abeleven,
verte„"
NL-HaNA_1.04.02_2555_0566.xml,"Rijnhard Johannes Wiltens, gerar
van westreenen Joan gideon Looten
Henrij Muijlman, Engelbertus
franciscus Le Boucq en Iacob
kool dewelke wij ter requisitie van
de Heer m„r Nicolaes Iongsma
prointerim advocaat fiscael van
nederlands india rat: off: op Eenige
articulen en vraagpoincten hebben
gehoort ende vijff Eerst genoemde
onder anderen in substantie wie den
autheur is geweest van alle die ver„
klaringen interrogatorien Etca dewelk
voor de twee Eerst gen„de als notarissen
ter requisitie van den gewesen gou„
„verneur generael Adriaan valckenier
sijn belegt soomede door wien haar
deselve sijn inhandigt geworden, en
aan wien gemelte agtens nadat deselve
waren gerecolleert weeder overgegeven
sijn, item Jacob Nebbens, en Isaac
de Bie wie dat geconcipieert heeft
sodanig een seer groote in omstandig
brieff als aan de Edele hoog agtb:
heeren majores afgesonden is en gecon„
tineert heeft diverse klagten over
den thans geëligeerd hoog Edelen
verte"
NL-HaNA_1.04.02_2555_0567.xml,"355
heer gouverneur generael Gustaaff
willem van Imhoff, mitsg:s Abraham
Abeleven wegens het masacreeren van een
chinees dewelke Eenige dagen insijn
wooning verborgen was geweest, en
Eijndelijk nog voorn„e Abeleven met
en benevens dezes laastgenoemde per„
„soonen wegens het koopen en ver„
koopen van ampten te dezer steeden,
wanneer door voorn: geinterrogeerd„s
daerop sodanig is geantwoort als bij
de daervan belegde actens komt te
consteeren en waar aan ons met de
meeste Eerbied gedragen; sijnde nogthans
door Abraham Abeleven, Joan gideon
Looten, Henrij Muijlman, en gerard
van Westreenen gesustineert op
eenige hun voor gehoudene en bij
de actens geannoteert staende
vragen ongehouden te sijn om te
andwoorden, gelijk ook door Anthonij
Jsaac Cassa op het 12. 13. 14. en 15. artl:
doorm„r Willem Cras op het 2. 3. 10 en 11.
artl: en door Paul fredrik Ever„
„soon op het 3. 4. en 5. artl: der door
hun beantwoorde interrogatorien
verte"
NL-HaNA_1.04.02_2555_0568.xml,"wierde gesustineerd niet verpligt
te sijn dezelve te beantwoorden als
relatie hebbende tot den Eerste sijn
gewesene ende Twee volgende hunne
presente bedieningen, het welke dan
ten opsigte van de drie laestgende
persoonen bij ons ad referendumis
gehouden, waar mede verblijve (onder
/stond/ wel Edele Heer en agtb: Heeren
/lagerstond/ uwel Edele agtb: onder„
„danige dienaeren /was getekend/ R:
Stapel, R: C: vonglan en P„l
Haksteen adjt: gesw: clerq:/ tersijde
„stond/ Batavia den 24:' novemb:r 1742.
Gecollationeerd en accord:t:
Batavid den 3:' xber: 1742.
Haksleen
ad V. Gestr Clarq"
NL-HaNA_1.04.02_2555_0569.xml,42
NL-HaNA_1.04.02_2555_0570.xml,No. 80.
NL-HaNA_1.04.02_2555_0571.xml,"Donderdag Den 1: November 1742. —
Present den Edelen heere President, Item
De heeren Raden en geassumeerde leeden In desen
Door den heer Willem Maurits Bruijnink
voor ende van wegens den gegijselde deses raads
m:r Willem vincent Helvetius op gisteren inde
ordinarie vergadering verkeerdelijk overgege„
ven dog althans indese bij een komst overge„
bragt sijnde seker request verseld van een
onge authentiseert versoek door ofte van we
:gen gem: helvetius op den 12:' der gepasseerde
maand aan haer hoog Ed:s gepresenteert,
item het daar op gebesoigneerde en geresol
„veerde in rade van India op den 19:' daar
aan strekkende het versoek aandesen
rade tot recusatie van den Ed: heerepre
„sident m:r Iacob Lakeman soo indersake van
gem: Helvetius als indie vanden gew: heere
gouverneur Generael adriaen valckenier,
zoo wierd nadat het Een en ander opgelesen
en door den heere president aengenomen
was sig dier wegens ten noosten te sullen
verklaren, verstaan het selve in tusschen
onder de heeren leeden telaten rondgaan
en hier van dese aantekening te houden
onderstond/ in kennisse van mij, was
getekent, G:s Schuijlenburg secrets:,
geextraheert uijt het memoriael
vanden agtb: raad van Justitie
deses Casteels en accordeert
Batavia datum ut sepra
Hansteen
Advt Gesw: Cbrel
357"
NL-HaNA_1.04.02_2555_0572.xml,
NL-HaNA_1.04.02_2555_0573.xml,
NL-HaNA_1.04.02_2555_0574.xml,No: 81
NL-HaNA_1.04.02_2555_0575.xml,"358
Woensdag den 7„e 9ber: 1742. Present
de heeren Raaden en g'assumeerde Leeden
in desen.
Goordenheer Willem Maurits Bruijnink is op den 31:e 8ber: laest„
leeden voor Ende van wegens den gegijselde m:r Willem Vincent
Helvetius overgegeven het navolgende request Endaar nevens over„
gelegt Een ongedutentiseert versoekt door ofte vanwegen den gegijselde
op den 12:e der gepasseerde maand aan haar hoog Edelens gepresenteerd item
het daar op gebesoigneerde Engeresolveerde in de raade van jndia op den
19:' daar aan; versoekende als in't Eijnde van't selve request,
Aan den Ed: Agtbaren
heer m„r Jacob Lakeman
raad Extra ordinaris van
Nederlands India en president
mitsg:s
Aan de verdere agtb: heeren
Raaden van Iustitie des Cas„
teels Batavia
Edele en Agtbaare Heeren
de thans in sijne wooninge gegijsselde raad Ordinaris van
Justitie m:r Willem Vincent helvetius geeft met
alle
uy"
NL-HaNA_1.04.02_2555_0576.xml,"alle verschuldigde Eerbied aan u E: agtb: te kennen,
dat hij zupp:t op vrijdag den 12:' J:o leeden negendagen nae zijn
gijselinge sig bij het hier nevens leggende request heeft ged„
dresseert gehad aan de hooge regeeringe deser landen.
Dat hij zupp:t bij het selve request met alle Eerbied
alternative heeft verzogt
Dat de Ed: heer raad extra ordinaris van nederlands Jndie
en president van desen agtb: raade m:r Jacob Laken
om redenen aldaar inhet breede geallegeerd of sig selve
geliefde ter Excuseeren
van wel door haar hoog Edelens mogte werden geordonn
sig van d Crimineele proceduuren tegens den geweesen heer
gouverneur generaal Adriaan Valkenier den Zui
en andere door den heer pro- interim advocaet fiscaal m:r
Nicolaas Iongsma geEntameert bonthouden,
Mitsg:s dat haar hoog Edelens den Evengem: heer proi
terim advocaet fiscaal al mede om redenen invoors:
request te beoogen van sijne bekomene commissie met
adspect op dese zaeke geliefde teontslaan„
En een min gepassioneerden heer officier in desselvs pela
aan te stellen.
Onder reserve van alle verdere gronden en sustenuen
de heer Valckenier meerm:t indertijde soude mogen he
ofte willen voeren ontrent sijn regt tot recusatie in
Dat dese des zupp=s voors: requeste bij haar hoog edel
vandat gewigt is geoordeelt geweest,"
NL-HaNA_1.04.02_2555_0577.xml,"360
omme daar op niet verder te disponeeren dan wanneer
het zelve onder de hoog Edeleheeren raden van nederlands
Jndia ter resumptie was rondt geweest,
Dat het voorm: des supp:s request op Vrijdag den 19:' octob:
eerst weder in haar hoog Edelens vergaderinge is binnen
gekomen.
Dat haar hoog Edelens als doe daar over gedelibereert
hebbende blijkens het ten desen geannexeerde Extra uijt de
notul vanhet gebesoigneerde En geresolveerde in raade
van Jndia hebbende goed gevonden en verstaan
/:Niet tegenstaande de redenen bij gezegde request ge„
allegeerd
Om welke de zupp:t vermeende in dese zaek ge„
noodsaekt teweesen.
Zig niet bij de ordinaire Justitie maar bij haar hoog Edelens
tot het doen van voors:. versoeken tevervoegen:)
Een zupp:t (:des geraeden vindende :/ tot recusatie van
gem: edelen heer president Lakeman tedoen addresseeren
aanden regter alhier als den ordinairen weg,
En daer toe te gebruijken middelen van regten,
sonder dat het daar hoog Edelens heeft behaagd nopens de
door den zupp:t versogte recusatie vanden pro- interim advocaet
fiscaal de heer m:r Nicolaas Iongsma tot nog toe
(:soo vere den zupp:t bewust is/ Eenig finaal besluijt
tenemen,
Dat den Zupp:t op donderdag den 25:' Joleeden des
na middags van dit gevenereerd besluijt der hoog indiasche
regeeringe"
NL-HaNA_1.04.02_2555_0578.xml,"regeeringe Eerst Communicatie hebbende Erlang,
Niet voorheeden in staet is kunnen geraeken om sijn
gesustineerd recusatie tegens gem: Ed: heer raad extra ord:s
van nederlands Jndia en president van uEd: agtb: m:r Jacob
Lakeman indesen raede te kunnen doen voordragen
Dat de supp:t het selve als nu met alle Eerbiedighij
is doende.
En op deselve invoors:z sijn aan de hoog Jndiasche regeeringe
gepresenteerde request gededuceerd fundamenten seer
ootmoedig nogma als is versoekende;
Dat meergem: Ed: heer president m:r Iacob
Lakeman of sig zelve van dese zaeke gelieve de Excu
seeren,
of wel dat het uEd: agtb: behaagen mag sijn Ed: daar van
bij Justitueel besluijt te recuseeren, /onderstond/ 'twelk
in h
V:s helvetius (tersijde
doende &:a (was getekend:) W:m
stond) Exhibitum in rade van justitie den 31:e october 1742.
Den Raad gehoord, Engesien hebbende
de belangen vanden edele heerep resident
m:r Jacob Lakeman en als nu disponeer
de op het versoek vande gegijselde m=r
Willem Vincent helvelius bij voorschreeven
requeste gedaan, ontsegt het selve versoek en
verstalt dienvolgende dat gemelde Edele
heer m:r Iacob Lakeman soo inder zake
van
da"
NL-HaNA_1.04.02_2555_0579.xml,"362
van hem Helvetius als in die van den gewesen
heere gouverneur generaal Andriaan
Valckenier als regter sal blijven Noteeren /onderstond)
Jnkennisse van mij / was getekend) J„s Schuijlenburg
secrets:
geEExtraheert uijt het memoriaal van den agtb:
raad van Justitie deses casteels en accordeert,
zit nddet
Batavia den 23„e Nov: 1742.
E
Haksteen
Eadj Gesw Clercq"
NL-HaNA_1.04.02_2555_0580.xml,
NL-HaNA_1.04.02_2555_0581.xml,
NL-HaNA_1.04.02_2555_0582.xml,No: 82
NL-HaNA_1.04.02_2555_0583.xml,"363
agtb: Heer Iohannes Rheedens
Hoog Edele gebiedende Heeren
gouverneur Generael.
Aan den Hoog Edelen Groot
De verdere Edele Heeren
Radden van Nederlands
India;
Geeft met alle verschuldigde agting te kennen
m:r Willem Vincent Helvetius zoo voorsig selven,
als inqualiteijt van mede gemagtigde en behuuwd
broeder vanden geweesen heere gouverneur ge„
„nerael adriaen Valckenier: dat het de Edele hoog agtb:
heeren 17. representeerende de generale oostindische
—.
Comp: heeft kunnen behoogen
bij twee â drie gererde letteren indesen Iaare uijt
patria ter deser hoofd plaetse aangebragt te or„
:donneeren
—.
Omme tegens den voorgem: heer Valckenier en
eenige andere ontrent verscheijde speciaele voor
geschreeve poincten tedoen inquireeren
En /:desnoods:/ deselve daar over crimineel te doen,
actioneeren voor den agtb: raad van Iustitie
deses casteels batavia.
Dat daar en boven door wel gem: Ed: hoog agtb:
heeren 17. nopens de constitutie der voorsz: geregts
hof alverder is bevoolen geworden.
soodanige heeren leeden uijt gem: roede te Excu„
:seeren als zig /: volgens gedagten van hoog gem:
gebieders:/ suspect en partijdig soude hebben gemaekt
Door.
En"
NL-HaNA_1.04.02_2555_0584.xml,"Door het accordeeren van seker versoek uijt den naem
van den meerm: heer Valckenier inden Iaare 1740.
gedaan. —
sonder dat aan deselve geExcuseerden alvoorens
permissie om sig nopens hunne gegevene advijsen
te verantwoorden is verleend geworden
dat ingevolge deser beveelen uw hoog Edelens
op den. . . . Iulij 1742. hebben gelieven Een
besluijt te nemen
omme uijt meer geciteerde agtb: raade van Justitie
te Excuseeren d' heeren enm:rs Bernard Jacob Della„
:faille Pieter Willem Lammens; Theodorus—
PolijCarpus Woijt, en Ian Blocqueau, —
Mitsgaders inderselver plaets tere assumeeren
de heeren Edert Christoffel Lanius, Carel Rudolff
van glan, Ian Cornelis Duquesne, en Carel Koenad;
dat wijders bij wel gem: Ed: agtb: heeren 17. aen
geschreven is geworden om in plaets van
den advocaet fiscael m:r Cornelis Phillips—
die al mede is geordonneert provisioneel te
werden gesuspendeert, Eenen anderen officier
prointerim aan te stellen
gelijk dan ook onlangs doartoe is genomi„
„neerd de geweese secretaris van het Eerw: Colle„
:gie van heeren schepenen deser stede de heer
m:r Nicolaas Iongsma. —
dat hier op door gem: prointerim fiscoel
diverse persoonen tot Een en sestig stux sijn geci„
„teert om getuijgenis der waerheijt te geven
En ook bij gem: raade van Iustitie de geor„
:donneerde in quisitorien bijderhand genomen
alles in Een tijd dat demeer geciteerde heer
Valckenier doorsiekt nog aan Cabo de goede hoop
is moeten verblijven
En daardoor verhindert omme sijne belangens
hier tegens te kunnen inbrengen
als mede de suppl:t door dies absentie buijten
stoot is gebleven hier tegens voor desselvs intrest.
tot nog toe noebehooren te konnen vigileeren
Dat."
NL-HaNA_1.04.02_2555_0585.xml,"365
Dat intusschen door den suppl:t is ontwoerd dat on„
:der dese voors: Enquesten almede eenige werden
gevonden waardoor hij suppl:t als een medeplig„
tige vanden gem: heer Valckenier te boek gesteld
soude werden.
En waar op de prointerim heer officier van sints
soude wesen hem suppl:t in regten aantespree„
ken. —
gelijk dan ook tendien Eijnde op woensdagh
den 3:' october Jongstleden op seker versoek
van in carceratie aanden voorsz heer officier
bij haer agtb: is verleend gijselinge op den persoon
van den suppliant. —
En hij onder opsigt van Een deurw: en clercq is ge„
:steld in sijn Eijgene wooninge buijten acces
van menschen
Egter met toelating vandes suppl:t bloedvrien„
:den om bij hem suppl:t te mogen komen
dat hier door de suppl:t genoodsaekt word omme
soo wel voorsig selven als voor het intrest
van den meergen: sijnen behuwd broeder
sig tot uw hoog Edelens te keeren
-
En ingevolge van sekere clausule vervat
in uw hoog Edelens besluijt nopens die Excu„
:satie de dato. . . Iulij 1742. —
waarbij aanparthijen insgelijx is opengelaten
hun regt van recusatie tegens de overige raaden
van Justitie;
aan uw hoog Edelens in allen Eerbied voor
te dragen sijne (:soo hij sig verbeeld:) regtmatige
swarigheeden en prejuditie. —
welke hij suppl:t soo wel als de heer Valckenier
meerm: te wagten heeft
soo van d'Ed:e heer raad Extraordinaris vanne„
:derlands India en president vanden agtb:
raad van Iustitie m:r Iacob Lokeman
als vanden prointerim aangestelden heer
fiscael m:r Nicolaas Iongsma. —
die nagedagten van den suppliant
sigh.
naem.
1740.
dwijsen
voorens—
delens
stitie
la„
neeren
dolff
Koenad;
17. aen
va
lips
te
officier
Colle¬
geci„
geor„
goede
de hoop
langens
ijten
intrest.
n
en
-"
NL-HaNA_1.04.02_2555_0586.xml,"sigh omtrent dese soek en dedaar in betrocken
werdende persoonen soodanig van tijt tot tijt
hebben komen te uijten en gedragen.
dat men dese heeren /:onder reverentie:/ met
ruijm soo veel reeden voor suspect en parthijdighe
sal moeten aansien.—
als die heeren raden van Iustitie die reets
sijn geExcuseert geworden om het accor„
:deeren van Een versoek door d' heer Valckenier
bevoorens gedaan. —
dat ten dien Eijnde aan uw hoog Edelens (:onder
protestatie van het te alle geerne alleen
ter defensie, en verre van alle Jujurien tewillen
voordragen:) door den suppl:t sal moeten wer„
:den gededuceerd. —
sonder dat egter de suppl:t soo door sijne gij„
„selinge als de obsentie vanden heer Valckenier
mitsgaders het gebrek van acces op de
respective secretarien voor als nog instaat
is dese notoiren en meest aan Een ijgelijk be„
:kende waarheeden met denoodige muni„
„menten te bekragtigen. —
dat door den geweese gouverneur generael
adriaen Valckenier (:soo als de suppl:t
door sijn Ed: selver is onderrigt:/ nae neder„
:land sijnde gesonden enmede genomen ver„
scheijde actens en stucken.
waar uijt nopens den voorsz Ed: heer president
op de aankomste van den E: heer Valckenier
en sijne papieren ter defentie sal konnen blij„
dat sijn Ed: in den Iare 1740. is geweest een
aan klager en beschuldige vanden heer
Valckenier over dese en geene saeken die
door heen als gouverneur generael onge„
qualificeert soude wesen ondernomen,
dat daar en boven gem: heer Valckenier
bij sijne doleantien aande hoog Ed: agtb:
heeren 17:' den welgem: Ed: heer Lakeman
„ken. —
heeft.
-"
NL-HaNA_1.04.02_2555_0587.xml,"367
heeft beschuldigt en aangeklaagd over ongehoor„
„saemheijt parthijschap tegens sijnen hoog gebieder
en Eenige verdere faieten
dat alverder nopens sekere opgegevene
en thans ondersogt werdende crimineel
poinct namentl: het ombrengen der chineesen
indes E: Comp: boeijen door gem: geweese gou„
„verneur generael Valckenier enden geweese
advocaat fiscael m:r Cornelis Phillips werd
gesustineerd Eene volkomene approbatie en
goedkkeuringe van den gem: Ed.:s heer Lakeman,
waar door zijn Ed: notoir soo niet mede
responsabel ten minste inder tijd daar over
als getuijge sal dienen te werden aangesproo„
„ken en ondervragd. —
En dus niet sonder verwarringe en selver absur„
diteijt van nu af aan kan blijven besoigneeren
en voirteeren over Eene crimineele gerigtssoeke,
Jn welke sijn Ed: aanklagen, mede beschuldigde,
en getuijge sal komen te werden
waarbij uE: hoog Ed:s gelieven in consideratie
tenemen. —
dat de Ed: heer Lakeman is Een volmagt soo
van den hoog Edelen g'Eligeerden heer gouverneur
generael gustaaff Willem van Imhoff als van
den gewesen Ed: heer raad ordinaris van neder„
:lands India m:r Isaac van Schinnen
ontrent welke heeren hunne opsendinge
en arresteeringe de geweese heer gouverneur
generael Valckenier sig Iustitueel al mede
sal moeten verantwoorden; —
dat nog daer en boven door gem: heer
Lakeman in die qualiteijt van volmagt nev:s
andere sijne mede volmogten aanden agtb:
raad van Iustitie sijn gepresenteert twee
requesten (:die ter secretarije van gem:
agtb: raade sijn te vinden:) omme ten faveu„
le van wel gem: hoog Ed: heer van Imhoff
te obtineeren arrest opde goederen van
gem:"
NL-HaNA_1.04.02_2555_0588.xml,"gemelte heer Valckenier. —
dat in voors: requesten door gem: Edelen heer
Lakeman reeds geheel en alsijn gedoend en ver
:oordeeld de behandelingen van den heer
Iaa met soodanige Epithetels en couleuren
afgebeeld, die door niemand kunnen werden
geopperd als door porthijdige en passieuse ge
:moederen.
buijten en behalven menigvuldige son
:glante expressien, door gem: Ed: heer lakeman
inde raadkamer van Iustitie in presentie
van den suppl:t en op andere plaetsen nu
en dan geuijt. —
Moetende den suppl:t nog verder aangaende
den Ed: heer Lakeman ten sijnen opsigte aan uw
hoog Ed:s in consideratie brengen
dat zedert den Iaare 1734. tusschen welgem:
Edele heer Lakeman enden supp:t is ontstaan
eene bittere haat en verwijdering over de ter
dier tijd geventileerd werdende proceduuren
tegens den Ed: heer geweese raadorinaar en
Ceijlons gouverneur stephanus versluijs C: S:
waarinne gem: Ed: heer Lokeman als officier
fungeerende ter diertijt heeft kunnen goedvinden
den suppl:t en twee andere raeden van Iustitie
op eene hardewijse bij eene remonstratie aan
uw hoog Ed:s gepresenteert en ter secretarije
berustende als partijdige regters en circum„
„venteurs vande overige leeden van Iustitie
ten toon testellen. —
waarop de suppl:t en gem: tweeleeden vonden
raad sig uijt nood weer hebbende moeten
ver antwoorden.
Niet hebbende kunnen menageeren
den gem: Ed: heer Lakeman mede scherp aen te
Valcknier. —
tosten. —
welk een en ander van die gewoone uijt„
werkinge is geweest dat zedert dien tijd geene
assapiatien."
NL-HaNA_1.04.02_2555_0589.xml,"369
assopiatie maar veel eer meer en meer hootelijke
verwijderingen tusschen gem: Ed: heer Jacob
Lakeman enden suppl:t sijn opgekomen
om alle welke redenen en meer andere die
de geweese heer gouverneur Generael Valckenier
in der tijt soude kunnen allegeeren, en ten desen
gereserveerd moeten werden gelaten, de suppl=t
vermeend regtmatige redenen te hebben tot voor„
koming vanmenschelijke passien en swakhee„
den waar aan alle stervelingen sijn onder„
worpen.
den gem: Ed: heer Lakeman als regter en
president vanden raad van Justitie inder„
:soeke van meerm: heer Valckenier en den
suppl:t temoeten recuseeren.
wapt nu aan belangd den prointerim aen„
gestelden heer advocaet fiscoel m:r Nicolaes
Iongsma geeft sig den suppl:t d' Eere uw hoog
Edelens voor te dragen. —
-
dat het aon uw hoog Ed:s meest alle bekent
is. —.
Dat de heer geweese gouverneur generael
Adriaan Volckenier in den Iaere 1741. over
denselven klagtig is gevallen aan uw
hoog Ed:s met sulke sufficante redenen
dat uw hoog Edelens geenswarigheijt heb„
ben gemaakt denselven te ontsetten
van het doe ter tijd door sijn E: waerge„
nomen werdende ampt van secretaris
van het Eerw: Collegie van heeren schepe„
„nen deser stede batavia. —
En voordragt van gem: heer gouverneur
generael denselven als fiscael over de
provintien van banda aan testellen
dat den heer Iongsma het selve diclinee„
lende almeede op voordragt van gem:
heer gouverneur generael bij uw hoog Ed:
is geresolveert. —
den.
-"
NL-HaNA_1.04.02_2555_0590.xml,"Denselven als sig ontreckende den dienst van
d' E: Comp: op te senden na nederland. —
dat alverder de geweese gouverneur generael
Valckenier ten laste van gem: heer Iongsma
(:volgens het geene door den heer Valckenier
aanden suppl:t is bekent gemaekt en ver„
:thoond:) heeft mede genomen eenige attestatien;
waar uijt blijkt dat denselven sig seer
oneerbiedig heeft gedragen tegens sijnen
opper gebieder gem: heer Valckenier
aan wien hij egter ter dier tijd alle gehoor„
„saemheijt en reverentie volgens Eed
en pligt was verschuldigt.
opfundament van welk gededuceerde
den suppliant vermeend. —
dat dese heer officier almede veel te parthij
„dig en gepassioneerd moet werden aange„
sien. —
om soo min de verdere proceduuren
als dereeds onderneemenden questen
die soo wel ten voordeele als nadeele
van de geaccuseerdens behoorden en moe„
ten werden gedaan, te beleggen tegens
den heer valckenier meerm: C:S:.
temeer als in bedenkinge werd genomen
dat op het beleggen der Enquesten het geheele
gebouweEener Crimineele actie is steu„
„
:nende. —
En dat ook (:soo als aan den suppliant
dikwils is te vooren gekomen (:om die re„
:denen de Ed: hoog agtb: heeren 17. bij schrij„
vens na herwaarts hun ongenoegen
voortijds hebben gelieven te betuijgen,
dat men alhier inde crimineele proce„
duuren tegens den heer geweese Extra ordina„
ris raad van India en Ceijlons gouverneur
Petrus vuijst het ampt van advocaet fiscoel
hadde."
NL-HaNA_1.04.02_2555_0591.xml,"371
hadde laten waerneemen door den doenmaals
ordinairen heer officier m:r Isaac van Schinne
„ten
die door gem: m:r Petrus Vuijst „ tijde van
sijn directeursschap in bengalen van patna
na batavia was gesonden.
En daar om alleen door haer Ed: hoog
agtb: geoordeeld wierd
de in Een officier en aanklager vereijschte
onpardigheijt niet wel te sullen kunnen
gebruijken. —
al waaromme den suppl:t vermeend seer
sufficante redenen te hebben van onge„
rustheijd en vrees. —
omme soo min van den Ed: heer raad
Extra ordinair van nederlands India en
president vanden raad van Iustitie
m:r Iacob Lakeman als vanden gem:
heer prointerim officier m:r Nicolaas
Iongsma te konnen ofte mogen ver„
wagten;
de nodige moderatheijt onseijdigheijt
en na vorschinge vander geaccuseerdens
onschult in dese soek. —
En vind sig diend halven genoodsaekt
omdaer omtrent uw hoog Edelens
regtmatige voorsorge en dispositie
te suppliceeren.
Nademaal het uijt het excuseeren
der vier boven geciteerde raaden van
Iustitie door uw hoog Ed: op speciale
ordre der hoog Ed: agtb: heeren 17:en poli„
ticq beslooten klaer blijkt
dat de Excusatie der heeren regteren
in deese saake door haer Ed: hoog agtb:
aan uw hoog Edelens alleen gedele„
geerd en gedefereert. —
Gelijk"
NL-HaNA_1.04.02_2555_0592.xml,"Gelijk mede aanden suppliant door Eenen
onbekenden uijt het vaderland nu onlangs
is geadviceerd.
dat in de Eerste veel geEerde missive doorde
Ed: hoog agtb: heeren 17:en over dese soek herwaerts
gesonden met uijtdruckelijke woorden
is geordonneerd.
dat uw hoog Edelens allen sullen moeten
oordeelen welke regters over de soeken
vanden gewesen heer gouverneur gene„
roel Valckenier C:S: konde werden toege„
laten. —
weshalven de suppl:t op het neederig
ste is versoekende
dat gem: Ed: heer president m:r Jacob
Lakeman of sig selven vande soek ge„
lieven te Excuseeren.
In gevolge het geene bij Hugose Groot
in sijne verantwoordinge vande wettelijke
regeeringe van holland Etc:a in het 15. Capitt:n fol:o
Mihi 151. uijt marcus Iull. Cicero De evat: Cap: quod=
suspect 3. guast. 29. is te leesen.
dat de regters ook die ordinaris sijn bemer
„kende, dat parthije haer reformideerd, al„
waer het ook uijt ligte oorsoeke, gewoon
sijn, haer te Excuseeren. —
of wel dat het uw hoog Edelens behoogen
mag den welgem: Ed: heer Lakeman
bij onwilligheijt te ordonneeren sig van
dese saak ende gevolge vandien om ree„
:denen voors te onthouden. —
En ontrent den meergeciteerde heer prom„
terim advocaat fiscaal m:r Nicolaas
Iongsma den selven van sijne bekomene
commissie met aspect op dese saeke te ontstaan
En Een min gepassioneerden officier in
desselvs plaats aan te stellen.
tot"
NL-HaNA_1.04.02_2555_0593.xml,"343
tot weiringe van alle praejudicien en be
swoernissen vanden suppliant en den absen„
ten heer geweese gouverneur generael adriaen
Valckenier en andere dese saek aangaande
Mitsgaders aan dese twee heeren intusschen
te gebieden om tot de aankomste alhier van„
den dikgeciteerden heer adrien Valckenier
dan wel tot de finaele dispositie van uw
hoog Edelens op dit des suppl:ts nedrig
versoek sig bij provisie met dese zaeke
in geenendeele te bemoeijen /onderstondt
'twelk doende /:was getekent/ W:m V:s Helvetius,
ter sijde stond/ Exhibitum in raade van
india den 12:' october 1742.
Gecollationeert & accordeert
Batavia den 1 xber: 1742
Haksteen
Adv„t Gesw: Clercq
.
ƒ"
NL-HaNA_1.04.02_2555_0594.xml,No: 83
NL-HaNA_1.04.02_2555_0595.xml,"374
Vrijdag Den 19:' october A:o 1742.
Exxtract uijt De Notulen
onder de heeren raden ter resumtie rond geweest,
en althans weder ingekomen sijnde het request
van m:r Willem Vincent Helvetius vermelt ter
notul van den 12:' Courant, so wierd over de
daar bij gedane versoeken tot recusatie van
den heer m:r Iacob Lakeman, en den prointerim
advocaat fistael m:r Nicolaas Iongsma, so in„
sijne als de saaken van desselvs aanbehuwt
broeder den gewesen heer gouverneur generael
adiaan Valckenier, geraisonneert sijnde goed„
gevonden en verstaan gem: Helvetius sig des
geraden vindende tot recusatie van gem:
heer president Lakeman te doen ardresseeren
aanden regter alhier als den ordinairen weg,
en daartoe te gebrijken middelen van regten
onderstond/ accordeert/ was getekent, P:s H:s V:n D:n
Parra secrets:;
Gecollationeert en accordeert
Batavia Den 50 9ber: 1742
van het gebesoigneerde en
geresolveerde in Raad van Jndia
Haksteen
Advrn Gesw: Clercq
op"
NL-HaNA_1.04.02_2555_0596.xml,
NL-HaNA_1.04.02_2555_0597.xml,
NL-HaNA_1.04.02_2555_0598.xml,No: 84
NL-HaNA_1.04.02_2555_0599.xml,"375
Agtbare Heelen. —
Korte Deductie, overgegeven
aan de Presente Heeren Raden,
en geassumeerde Leeden in desen,
door den Raad Extraordinair
van India, en President vanden
Agtb: Raad van Iustitie deses
Casteels, op ende Iegens zeker
Request van Recusatie door
den gegijselden Mr: Willem
vincent Helvetuus, soo voor
sig selvs, als voor het interest
van sijn behuwt swager den
Heere gewesen gouverneur
generael Adriaen Valckenier,
aan desen Raade overgegeven,
en Ingediendt.
Dew onder getekende president van den agtb:
raad van Justitie deses casteels, gelesen en ge„
resumeert hebbende, het voorsz: request, bene„
vens de middelen van nog Een gelijk versoek
aande hooge regeeringe deser lande, op den 12=e
october bevoorens overgegeven, dog aldaar
van de hand gewesen, sal voor off in het gene„
raal ten desen aanmerken, dat tot fundament
van dit versoek voor het grootste gedeelte, we„
:derom sijn geEmploijeert deselve middelen,
en redenen, welke bereijts bij de recusatie van
den heer stapel als ongefundeert bij den raad
van Justitie sijn gerejecteerd geworden, en moet
verders."
NL-HaNA_1.04.02_2555_0600.xml,"verders bij dese betuijgen, dat hoe gaarn hij inden
ne te lige tijden wel wenschte ontslagen te sijn
van het behandelen deser hatelijke saak, al ee
sigh niet gevoeglijk ontdoen kan van Een
post, waar aan hij sig bij Eede solemneelijk
heeft verbonden, en waarin hij bij sijne laa
promotie door de heeren „ meesters nog is gecon
firmeert geworden, niet tegenstaende desel
van alles volkomen geinformeert sijn
geweest, want het kan den ondergetekende
en uw agtb:s niet onbekent sijn, hoe lastig
en verdrietig het is crimineele proceduu
ren te behandelen, voornamentlijk wan
neer deselve moeten ondernoemen w
:den tegens persoonen, dewelke aan aansie
:nelijke familien geallieert sijn, dan wel
alhier telande de hoogste digniteijten beklee
hebben: en hier van dan ook al aanstonds een
wesentlijk bevatting gekregen hebbende, soo
:dra den heer gewesen gouverneur generael
adriaen Valckenier op speciale ordre der
heeren meesters crimineel moest geactio„
„neert werden, soo heeft de ondergetekend
tot preventie van alle quaadaardige insi„
:mulatien, en om van alle opspraak
bevrijd te sijn, al vroegtijdig, en wel voor
en al eer omtrent die proceduuren iets
in het werk gestelt wierd, aan de present
sijnde heeren raaden voorgedragen, dat hij
een mede gemagtigde van sijn edelheijd
den nieuw aangestelden heere generael
van Imhoff was, mitsgaders dat benev:s
drie andere heeren raaden, eenipe papieren
na het vaderland aan de heeren meesters geson„
:den had, en uijt dien hoofde in overweginge
gaf, of sulks ook souden kunnen uijt„
maken redenen, waerom hij over dese
geordonneerde proceduuren niet soude
kunnen."
NL-HaNA_1.04.02_2555_0601.xml,"377
kunnen sitten, en daar op door die heeren ver„
staan sijnde, van te moeten blijven noteeren,
sal de ondergetekende ten opsigte van die po„
initen sig niet verder behoeven, inte laten
maar sig als nog gedragen aan het daar bij ter
neder gestelde, ende decisie seer gaarn aan uw
agtb: overlaten, onder dese bijvoeginge dat
sonder contradictie van den heere Valckenier,
en selvs met volkomen aven van den
recusant over drie versoeken van den
eerst gemelde gedisponeert heeft, gelijk
sulks ter secretarie kan nagegaan
werden. —
de ondergetekende sal dan niet eens aanroe„
ren de aanstotelijke, en in decente in sinnu
latien, die bij het voorsz: versoek aande
hooge regeringe ten nadeele der heeren en
meesters, en sijn persoon gemaakt sijn,
maarten belange vande beschuldigingen
dewelke de heere Valckenier tegens hem
van ongehoorsaemheijd en partijschap
soude hebben ingebragt, noteeren, dat
hij moet verklaaren voor als nogh niet
te weten, waer in deselve bestaan, maer
hij is wel gerust en versekert, dat hem
niet fundament niets sal kunnen
werden ten laste gelegt, mitsgaders dat
deselve bij examinatie van al soo weij„
nig valeur sullen werden gevonden,
als alle de andere, dewelke tot nog toe
in het ligt gebragt sijn, ten ware voor
ongehoorsaemheijd, en parthijdigheijd
kan gerekent werden, dat de ondergete„„
„kende niet heeft kunnen treeden inde
sentimenten van gem: heere Valckenier,
veel mintoestem men off approbeeren
de behandelingen, welke voor, en na
den 6:' december van den Iaare 1740. door
denselven gehouden sijn, en hij wil
wel
de"
NL-HaNA_1.04.02_2555_0602.xml,"welgaarn aan uw agtb:s over weginge en oor
deel overlaten, of dit poinct voor een wettig
reden van recusatie moetende doorgaan
niet wel haast een Expedient soude wer„
:den, om alle regters te recuseeren, en dus
de Iustitie te illudeeren, dat Immers
de absurditeijt selvs is. —
dat al verder de ondergetekende soude hebben
geapprobeerd het ombrengen der Chineesen
in 's Comp:s boeijen, en dier wegens soo niet
responsabel ten minsten na de sustenue
vanden recusant als getuijgen moeten
werden aangesprooken, is een stelling
die hem wat onbegrijpelijk te vooren
komt, wijl dat stuk sonder sijne voor„
kennis uijtgevoert, en hem niet voor„
daags daeraan ter ooren gekomen sijnde
alleen in het rijden nade vergadering
van den heer phillips als ter loops daar
van kennisse gekregen heeft, en het welk
door den onder getekende beantwoord
sijnde van sulks gehoort te hebben, met
eenige weijnige woorden meer, soo ver
meend hij dat daar uijt in geenendeele
kan getrokken werden, dat hij aande
Executie vandat stuk sijne approbatie
gegeven heeft, wijl hij het tegendeel bij menig
vuldige gelegentheden in presentie van
menschen getoond, en selvs na het vader
:land geschreven heeft, wel is waar dat
de ondergetekende het selve als een gedoe„
ne saak met stil swijgen heeft gepasseert,
en ook moeten passeeren, om redenen
die genoeg bekent sijn, buijten en behalven
hij wel gaarne aan uw agtb: oordeel wilde
gedefereert laten, of hij in sijn amptal iets
gedaan, of gesegt hebbende, naderhand—
als getuijgen geEmploijeert sal kunnen
of mogen werden, 'twelk de ondergetekende
vermeend."
NL-HaNA_1.04.02_2555_0603.xml,"379
vermeend dat tegens alle reden soude aanloo„
pen, en ook nergens inde wereld practicabel
is.
voor het overige is het een waarheijd, en het
kan blijken, dat door hem benevens de andere
gemagtigdens op speciale ordre vanden
heere van Imhoff sijn gepresenteert tweere
queesten, omme te hebben arrest op de goe„
:deren van den heere Valckenier, en dat
tot fundament vandat versoek sijn
gebruijkt soodanige bewoordingen,
als met de natuur en het gewigt der saa„
„ke over een quamen, mitsgaders ten
hoogsten nootsakelijk waren, om de
informaliteijt aante toonen, en het welk
ook indiervoegen bij de heeren meesters
begrepenis, als sij het boek stellen met
denaam van bnorme behandelingen,
de ondergetekende wil eijndelijk wel advou„
eeren, dat hij de behandelingen vanden
heere Valckenier met sijne ware bena„
:mingen genoemt heeft, en ook altoos
met een bijsondere Ergernisse aange„
daan is geweest, wanneer het voorge„
vallene op den 6:' december met het
verdere als een gequalificeert stuk
te boek gestelt, en in sijn presentie
staende gehouden wierd, vermeenende
al soo wel bevoegt te sijn, als andere
om na omstandigheden van saken
sodanige expressien, en bewoordingen
temogen gebruijken, als met der eijgen„
:schop van deselve over een komen: hier
mede dus kortelijk de poincten die tot
den heere Valckenier betrekking hebben
afgeloopen sijnde, sal hij aan uw agtb:
penetrant oordeel gaaren overlaten,
of het ooijt gebleken is, dat uijt het
dispuut
t,"
NL-HaNA_1.04.02_2555_0604.xml,"dispunt vanden Iaare 1734. soo een haat
en verwijdering gesproten is, als den recu„
:sant thans tot fundament van sijne sust
:nue komt voor te wenden, immers
hij heeft nooijt geleert, dat verschillende
opinien, en ijver om deselve voorte staan
soodanige persooneele vijandschap kun„
nen verwekken, en dieshalven sal hij
tot betragtinge der kortheijt seer gerust
van dit poinct afscheijden, en aan uw
agtb: overlaten, of het selve van die con„
„sideratie thans kon wesen, als men
het selve tragt te debiteeren
Eijndelijk kan de ondergetekende niet na„
laten sig te gedragen aan een notul van
den 11:' december 1741. in raade van Iustitie
gehouden, bij occasie dat er Eenige woorde
wisselingen over de behandelingen van
den heer Valckenier voor vielen, wanneer
de Excepient voorde eerstemaal niet
de sustenue van recusatie voorden
dag gekomen sijnde, bij raade verstaen is,
deselve ongefundeert te sijn, en dat hij sal
kunnen blijven sitten en vouteeren, en
hij neemt verder de vrijheijd tot slot dese
sig te beroepen op de kennisse van uw agtb:
of hij inde behandeling van alle dese
sooke niet altoos met de uijterste mo„
:deratie is te werk gegaan, en dieshalven
sal hij in overweginge geven, of alle het
voorenstaende voldoende is, om Een Emi„
„nent regter in Een crimineele zaak
te recuseeren, daar volgens de opinien der
doctoren al vrij veel toe vereijscht werd, als
onder andere bijden heer Voet Lib: 15. Fib: 1. N:o 47.
daar hij segt quam vis mietero frivolis ineptisge suspi„
cionum Causis, quas subinde veld Calummiose veltemere„
opponi."
NL-HaNA_1.04.02_2555_0605.xml,"381
opponi Contingit haud indulgen dim sit, Cum potius-
credenden dum videaturillos, qui ob singularem
industriam et gravitatem, explorata Iuratagfide
obstricti ad Iudicandum munus evecti sunt, —
non ita facile levibusve de Causis a recto deviatie„
„ros Iustitia tramite ac contra animi sui reli„
:gionem sententiam dicturos, dog niet tegenstaende
al het vooren ter nedergestelde, dewijl partijen
den ondergetekende schijnen te reformideeren
wil hij seer gaarn opfundament van het gealle„
:geerde Hugo de groot sig selvs excuseeren, bij
aldien uw agtb: sulks mogte koomen goed
tevinden, dog soo sulks tegens sijnen wensch
mogte uijt vallen, mitsgaders dat dit versoek
van recusatie wierde gerejecteert, soo heeft
de onder getekende die regtmatige verwag„
:ting, dat hij in sijn Caracter sal werden ge„
prolegeert tegens de insultes, die op Een on„
wettige wijse daartegens, mitsgaders tot
klijnagting, en sub versie van dit opper„
:gerigtshoff verder souden mogen werden
geintenteert en ondernomen /onderstond)
'twelk doende Etc:a /was getekent, I: Lakeman,
ter sijde stond/ Exhibitum den 7:' november 1742.
Gecollationeert en accordeert
Batavia den 30 9ber: 1742
Haksteen
adrt Gjesw Clercq
der
als
1.
N:o: 47.
pi„
temere
m
su
k"
NL-HaNA_1.04.02_2555_0606.xml,No: 85
NL-HaNA_1.04.02_2555_0607.xml,"382
Maandag Den 11:' December 1741.
Presentibus om nibus Dempto in desen
D' Hee Helvetius;—
ter occagie heden bij desen rade wierd geresumeert
de notul van dato 6:' deser maand nopens het ge„
vordert requisit bij besluijt van haer hoog Ed:s,
de Edele hoge regeringe deser landen van den eersten
bevoorens, soo heeft de heer m:r Theodorus van
Reverhorst gesustineert ende leden in Consi„
:deratie gegeven of niet tot voor koming van
nodelose hacquetten en hevige debatten die over
dese materie niet alleen bereets maar ook op
heden nog waren voor gevallen en nog verder
te wagten stonde, den heer m:r Willem Vincent
Helvetius soo om de namaagschap met den
gerepatrieerden heere gouverneur generael
adriaen Valckenier alsom meer andere rede„
:nen vermits bij alle dispositien en notulen
in dese soeke gevallen sig altoos geExcuseert
heeft van het geeven van sijn E:s votum, ook
niet onder het adviseeren de leden haer vrijheijd
behoorde te laten en sig te absenteeren verkla„
rende gem: heer van Reverhorst als dan des te be„
:ter instaat tesijn om sijn E:s gevoelen te kunnen
uijtten, waer op gem: heer helvetius insgelijx
gesustineert en aandesen rade in consideratie
gegeven heeft, of den Edelen heere president
m:r Iacob Lakeman dan niet mede behoorde
buijten testoon en geExcuseert te werden
van desselfs advis in dese zaeke, terwijl sijn Ed.
volmagt van den heere gustaaff Willem
van Imhoff gebleven was. —
soo wierd na rijpe over weging van het nodige bij
desen rade verstaan, d' heer m:r Willem Vincent,
Helvetius van sijn E:s advis indersake vanden
gerepatrieerden heere gouverneur generael
adriaen Valckenier niet alleen verder te Ex„
„cuseeren, maar ook sijn E: te versoeken sig
onder het adviseeren dies wegen te willen
absenteeren en desen rade vrijheijd telaten
daer"
NL-HaNA_1.04.02_2555_0608.xml,"daer over te kunnen oordeelen soodanig als in„
:goeder Iustitie sal werden bevonden te behooren
dog den Edelen heere president m:r Iacob Lakeman
in dese sake te laten voteeren en present blijven
behalven in sake door sijn Ed: uijt noeme
van sijn principael eenig versoek bij desen
rade mogt komen te doen, onderstond, inkam
:nisse van mij, was getekent G:s Schuijlenburg
secrets:, lagerstond, geExtraheert uijt het me
:moriael vanden agtb: raad van Iustitie deses
Casteels en accordeert, batavia den 5:' 9ber: 1742.
was getekent, P:r Haksteen adj:t gesw: (Clerk
Gecollationeert en accordeert,
Batavia den 30 9ber 1742
Hbansden
Adv„r Gesw: Clercq"
NL-HaNA_1.04.02_2555_0609.xml,an
NL-HaNA_1.04.02_2555_0610.xml,No. 86
NL-HaNA_1.04.02_2555_0611.xml,"384
Woensdag den 11„' Julij 1742
Present den Edelen heere president, en
de verdere heeren Leeden m:r Jacob van
Den Bosch, m:r Theodorus van Re„
verhorst, m„r Reijnier Stapel, m„r
Jacob pompe van meerdervoort, en
m:r Philippus Rochus Kien.
Door den Edelen heer president m:r Iacob
Lakeman in raade overgebragt zijnde, een
Extract uijt het secreet schrijvens vande
Edele hoog agtb: heeren seventhienen van dato
13:' december: 1741. aan de Edele hooge rege„
„ringe deser landen gerigt, en op gisteren
aan gem: Edele heere presidente ter hande
gesteld na welkers resumptie door wel gem:
hier president aan de presente heeren, alvorens
de introductie van de geassumeerde Leeden
wierd voorgedragen, dat terwijl sijn Ed:
mede volmagt gebleven was van den
g'eligeerden heere gouverneur generaal
gustaaff willem van Jmhoff, item van d' heer
m„r Jsaac van schinne, mitsg:s nevens Eenige
andere heeren Leeden der hooge regeeringe hadde
ondertekend en aan haar Edele hoog agtb:
^ overgesonden seekere twee geschriften soo nopens het
vallen
Januarij 1741. voorged op
in de maand
den 6:' xber: 1740. in rade van india, als tot
justificatie van haar Edeles gehoudene
Canduiter"
NL-HaNA_1.04.02_2555_0612.xml,"Conduite als Commissarissen aan de respective
poorten deser stad of de heeren Leeden ook
vermeende dat sijn Ed:s daar om in de saeke
van de gewesene gouverneur generaal
Adriaan Valckenier met de gevolge en
aankleve van dien ook soude moeten werden
g'Excuseert om in deselve niet Levoteeren:
Zoo is nadat zulx in rijpe overweging ge„
„nomen, en in omvrage was gebragte bij de pae„
„sente heeren leeden verstaan, nadien bij het
voormelte secreet schrijvens van haar Ed:s
hoog agtb: dier wegens geen mentie nog Eenige
swaerigheeden werd gevonden dierhalven sijn
Edele ook voor als nog niet te kunnen ex„
cuseeren /:onderstond:/ in kennisse van mij
/:was getekend:/ g„s Schuijlenburg secret:s
/:lager:/ g'Extraheert uijt het memoriael van
den agtb: raad van Justitie deses Casteels en
accordeert, Batavia datum ut supra
/:was getekend:/ P„r Haksteen adj: gesw: Clercq
G'colcationeerden accordeert
Batavia den 30„e 9ber: 1742
Haksteen
Ad V: Geswv: Clercq"
NL-HaNA_1.04.02_2555_0613.xml,
NL-HaNA_1.04.02_2555_0614.xml,No. 87
NL-HaNA_1.04.02_2555_0615.xml,"Oosfangen p:r het
Schip Knappenhoff
Orginele missive door den praesident en leden van den
Raad van Justitie, aan de Vergadering der heren
17:e in dato 7 Jann: 1743.
o:
Een Extract uijt de notulen
van het gebesoigneerde, en ge„
„resolveerde in raede van india
de dato 26:' 9ber: 1742. . . . . . . N:o 8.
Een dispositieff van den agtb:
raad van Justitie des Casteels
Batavia de dato 1:e' xber: 1742.
Een d:o van dato 13:' _:o _:o „ 3.
Een notul gehouden in boven
gem: rade de dato 13:' xber: 1742. „ 4:
Een d:o de dato
Een Extract uijt de notullen
van het gebesoigneerde en
geresolveerde in rade van
india de dato 27:' novemb:r 1742
„ 6.
„ 5.
„ 2.
aal
Register Der nevens
gaende papieren concerneer„
de de zake van den gewesen
Een
8
„ _:o _:o
dingh
2rn. besen"
NL-HaNA_1.04.02_2555_0616.xml,
NL-HaNA_1.04.02_2555_0617.xml,"Oodtfangen p:r het
Schip Knappenhoff
gaende papieren concerneer„
de de zake van den gewesen
Heere gouverneur generael
Adriaan Valckenier
Originele missive door den praesident en leden van den
Raad van Justitie, aan de Vergadering der heren
17:e in dato 7 Jann: 1743.
17e
Een Extract uijt de notulen
van het gebesoigneerde en ge„
„resolveerde in raede van india
de dato 26:' 9ber: 1742. - . . . . . . N:o 1.
Register der nevens
Een dispositieff van den agtb:
raad van Justitie des Casteels
Batavia de dato 1:e xber: 1742.
Een d:o van dato 13:' _:o _:o „ 3.
Een notul gehouden in boven
gem: rade de dato 13:' xber: 1742.
Een d:o de dato
Een Extract uijt de notullen
van het gebesoigneerde en
geresolveerde in rade van
india de dato 27:' novemb:r 1742
„ 6.
„ 4:
Een
„ 2.
„ 5.
„ _:o _:o"
NL-HaNA_1.04.02_2555_0618.xml,"heere gouverneur generael
Adriaan Valckenier aan
haar hoog Ed=s gepresenteert - - . . N:o 7.
Een requdst door den geweesen
Eenige interrogatorien ne„
„vens het gem: request overge„
„legt. . - - - - - - -
Een notul in wel gem: trade
gehouden van dato 13:' 7ber: 1742.
Een schriftelijk raport door
heeren commissarissen aan
den raad gedaan ged:t als Even
Een notul van dato als boven
Een dispositieff bij den raad
geslagen in dato 27:' xber: 1743.
Een notulair dispositieff van
Evengem: datum betreffende
de gedecerneerde gijseling
op de persoon van ferdinan„
dus de roij - - - - - - - - „ 13.
Een notul ten selven dage
in raede gehouden con„
cerneerende der Even gem: deroij „ 14.
„ 12.
„ 11.
„ 10.
Een
„ 8.
„ 9."
NL-HaNA_1.04.02_2555_0619.xml,"Een notul van den 5:' Jann: 1743 N:o 15:
Een _:o „ „ „ _:o _:o
„ 16.
Een dispositieff in wel gem: rade
van justitie geslagen van
beantwoorde articulen van
den gegijselde en gesuspen deer„
„de advocaet fiscaal m:r
dato als boven - - - - - - - „. 17.
Cornelis phillips. . . . . . „ 18.
Aldus Geregistreert
Batavia Den 5„e Janu„j 1743.
Haksteen
Ad JCh Gesw: Clercq"
NL-HaNA_1.04.02_2555_0620.xml,Register
NL-HaNA_1.04.02_2555_0621.xml,"386
Patria.
Aan de Edele Hoog Agbre Heeren Bewindhebberen,
sustre vergadering van de seventhienen Gecommitteerd,
„senteerende de Generale Vereenigde Nederlandsche Geoc„
„troyeerde Oost Jndische Compagnie, ter Praesidiale Camer.
Tot
Amsterdam:
Wel Edele Hoog Agtbare, Wijse, Voorsie„
„niege, en seer Genereuse Heeren;
Na dat wij bij onse missive, onder dato den eersten
december anno passato de eere hebben gehad uw
Edele Hoog Agtbare ter communicatie te brengen,
al"
NL-HaNA_1.04.02_2555_0622.xml,"vSlingelandt
den   ae 172"
NL-HaNA_1.04.02_2555_0623.xml,"386
Patria.
Aan de Edele Hoog Agtbare Heeren Bewindhebberen,
Ter illustre vergadering van de seventhienen Gecommitteerd,
Repraesenteerende de Generale Vereenigde Nederlandsche Geoc„
„troijeerde OostJndische Compagnie, ter Praesidiale Camer.
Tot
Amsterdam:
Wel Edele Hoog Agtbare, Wijse, Voorsie„
„niege , en seer Genereuse Heeren;
Na dat wij bij onse missive, onder dato den eersten
december anno passato de eere hebben gehad uw
Edele Hoog Agtbare ter communicatie te brengen,
al"
NL-HaNA_1.04.02_2555_0624.xml,"al het geene tot die tijd omtrent de zake van
den gewesen heere Gouverneur Generaal Adri„
aan Valckenier was voorgevallen, zoo neemen
wij thans weder de vrijheijd uw Edele Hoog
Agtbare bij desen voor te dragen, hoe dat wij,
gelijk reets bij voormelte onse letteren is bedeelt,
hadde verleend incarceratie op den persoon van
den gemelte gewese heere Gouverneur Generaal
Adriaan Valckenier, omme op de punt de Ro„
„bijn dusdanig bij provisie te verblijven, buijten
acces van imand, en dat daar van aan de Edele
hooge Regeeringe was kennisse gegeven, zoo was
het dat ons bij een overgebragt besluijt van
haar hoog Edelens, in dato 26:' November passato
wierd ter kennisse gebragt, dat het selve was aen„
„genomen voor communicatie, en dat de nodige
ordres zoude werden gestelt; om aan niemand
acces bij gemelte heere Gewese Gouverneur ge„
neraal Adriaan Valckenier te verleenen.
En is verder door den Pro interim advocaat
fiscaal bij een schriftelijk versoek, op den eersten
december voormeld aan ons versogt gijseling op
den"
NL-HaNA_1.04.02_2555_0625.xml,"388
den persoon van Pasquaal Andriesz: dan het
welk wij na genomene resumptie der stucken,
niet over ons hebbe kunne verkrijgen, om het
selve te accordeeren, nadien daar toe uijt de ge„
„suppediteerde enqueste, geen de minste fundament
wierd gevonden, zulx wij dat versoek hebben ont„
„segt. —
zoo als wij ook op den 13:' daar aan, dog voor als nog
hebben afgeslagen het versoek van den oud secreta„
gest
„ris van haar hoog Edelens Willem Maurits
Bruijnink, om te mogen hebben acces bij sijn
behuwd broeder den voormelte heere gewesen
gouverneur generaal Adriaan Valckenier na„
„dien zulks als te ontijdig; en tegens de manier
van procedeeren wierd geoordeelt te strijden; zoo
als ook ten selven dage op een mondeling versoek
uijt naam van den heer Raad Extraordinaris
Nicolaas Crul ten dien eijnde al mede gerigt,
wierd verstaan niet te disponeeren.
Bij ons eenige dagen te vooren overgebragt, en
op voormelte 13:' december ter lecture bij der
hand genomen zijnde, een Extract besluijt van
haar hoog Edelens, van den 27:' November
bevoorens"
NL-HaNA_1.04.02_2555_0626.xml,"bevoorens, benevens het request door voormelte
gewesen heere gouverneur Generaal Adriaan
Valckenier ter obtenue van Veniam agendi,
tegen den President van desen Raade aldaar gepre„
„senteert, verselt van eenige concept articulen, om„
„me daar op sijn Edele te hooren, mitsgaders de dis„
„positie dien aangaande in dit seldsaam geval, aan
desen Raade, door haar hoog Edelens gedefereert, en
overgegeven zijnde, zoo hebben wij niet kunnen
treeden, om daar over te jugeeren, maar wierd bij
besluijt desen annex goed gevonden daar op niet te
disponeeren, en deselve papieren te laten leggen. —
dat al wijders op voormelte 13:' december door Com„
„missarissen ter enqueste aan ons zijnde overgegeven
hun schriftelijk rapport, bij het welke den Raad
quam te blijken, dat onder andere den Land-drost
Justinus Vinck op het eerste articul der hem
voorgehoudene vraagpoincten, hadde gesustineert on„
„gehouden te zijn, daar op te andwoorden, en op het
20=en gerespondeert, dat hij op het aldaar gevraagde
niet positieff konde antwoorden, onder een flaauw
voorwendsel, dat hem zulx door lankheijt van tijd
ontschoten"
NL-HaNA_1.04.02_2555_0627.xml,"390
ontschoten zoude wesen, dat daar op den pro inte„
rim advocaat fiscaal hadde versogt, dat geciteer„
„de Justinus Vinck mogte werden gecondemneert,
deselve articulen duijdelijker te beandwoorden, dog
Commissarissen zulks genomen hebbende ad refe„
rendum aan desen Raade; zoo wierd bij ons goed
gevonden, het versoek van den pro interim advocaat
fiscaal te ontseggen, egter niet te min hem vrij„
„heijd te laten, daar omtrent sodanige nadere articu„
„len ter elucidatie over te leggen, als raadsaam
mogte oordeelen, ter welkers occasie al met eenen
door hem Pro interien advocaat fiscaal wierd
voorgedragen, hoe den oud Commissaris Ferdinan„
„dus De Roij, die sig op de aan hem gedane vragen,
articul 4. op een singuliere, en speculative wijse
hadde geExpliceert, en gesustineert daar niet vol„
„doende op te kunnen antwoorden, vermits het tus„
„schen vier oogen gepasseert, en hij oversulx buijten
staat was, om het selve te probeeren, toonende tef„
&
„fens, wel daar toe bereijdwilligheijt, indien konde
werden gesecureert, om dierwegens niet te werden
agterhaalt, met versoek van gemelte pro interim
advocaet
a"
NL-HaNA_1.04.02_2555_0628.xml,"advocaat fiscaal, dat geciteerde De Roij mogte
werden geindemneert, omme de voorschreven vra„
„gen met gerustheijt te kunnen beantwoorden,
dog welk versoek bij ons is gehouden in advis voor
als nogh. —
de enqueste genoegsaam meest afgeloopen, en door
den President aan den Raad in consideratie gege
„ven zijnde, off men den pro interim advocaat fis„
„caal niet behoorde te injungeeren, sekere peremp„
„toire tijd, omme met de zaken der gegijseldens
mr: Willem Vincent Helvetius, en M:r: Corne¬
„lis Phillips, item die van den gedetineerden gewe„
„sen heere Gouverneur Generaal Adriaan Valc„
„kenier, ten eijnde hun respective op articulen ider
apart te hooren, voort te gaan; 't welk dan ook als
plausibel geoordeelt, en na dat het declaratoir
van den pro interim advocaat fiscaal hier over
was ingenomen, zoo hebben wij bij besluijt van
den 13:e december, goed gevonden gehad, in zoo verre
de twee eerstgemelte quam te betreffen, het selve
zoo dra doenlijk te laten voortgang nemen, nadien
deselve al van den 3:' October waren in gijseling
gesteld
06
divoer"
NL-HaNA_1.04.02_2555_0629.xml,"392
gesteld, dog ten reguarde van den gedetineerde ge„
„wesen heere Gouverneur generaal Valckenier
om de geallegeerde redenen, van den pro interim
advocaat fiscaal te supercedeeren.
dat al wijders ingevolge het voorsz: besluijt, op den
27:' december daar aan, aan ons door den pro in„
„terim advocaat fiscaal, wierde geExhibeert eenige
opgestelde articulen, en vraagpoincten, en versogt dat
de gegijselde M:r Cornelis Phillips, daar op mogte
werden gecondemneert na waarheijt te antwoorden,
zoo hebben wij na dies exacte resumptie het ge„
„daan versoek van den pro interim advocaat fis„
„caal geaccordeert, uijt kragte van welke condem„
„natie gemelte Phillips op den 29:' daar aan deselve
op het stadhuijs als de ordinaire plaats zijnde, ten
overstaan van Commissarissen heeft beandwoord
sodanig als dies copia authenticq hier bezijden leg„
„gende, komt aan te wijsen. —
Zijnde ook den gegijselde M:r Willem Vincent
Helvetius ingevolge ons appoinctement van den
5:e deser gecondemneert, op de geExhibeerde articulen —
van den pro interim advocaat fiscaal, na dat
deselve"
NL-HaNA_1.04.02_2555_0630.xml,"deselve bij ons exact waren geresumeert, cathagorise,
en na waarheijt te antwoorden, met welk dan ook
binnen weijnige dagen, sal werden voortgegaan. —
Na dat wij te meermalen gesproken, en op den 27:'
december voormelt, eijndelijk bij der hand genomen
hadden, de enquesten, die door den pro interim ad„
„vocaat fiscaal, aan desen Raade waren gesuppedi„
„teert, en daar te neffens te kennen gegeven, dat
schoon hem de mesusen, en knevelarijen der gewese
gecommitteerde, tot, en over de zaken der inlanderen,
Ferdinandus De Roij daar bij te laste gelegt, seer
waarscheijnelijk, en moraliter waeragtig voor qua„
„men, hij sig egter voor als nog niet bevoegd hadde ge„
„oordeelt eenig versoek tot incarceratie of gijseling in
's heeren boeijen tegen denselven te doen, om redenen
dat seer veele getuijgen deponeerde de audita ofte
in propria Causa, en veeltijds niet sonder schijnbare
passie, en dat boven dien meermelte De Roij geen„
„sints voor suspectus de fuga ('t welke gem: pro
interim advocaat fiscaal vermeende een requisit
tot diergelijke versoeke te wesen) konde werden ge„
„houden, met versoek al egter om redenen hem daar
toe
Gelvenk
106
200"
NL-HaNA_1.04.02_2555_0631.xml,"394
toe permoveerende, hem te munieeren met onse ordre,
omtrent denselven Ferdinandus De Roij, die volgens
de stucken ons quam te blijken, dat beschuldigt wierd,
van extorsien, knevelarijen, en andere vuijle bedrijven,
meer, ten tijde van sijn commissioriaat gepleegt, en
door sijn bediendens ter ordre van hem, met behulp van
eenige inlanders, hier en daar werkstellig gemaekt, en
uijtgevoert, waar uijt waarschijnelijk in veele opsigte
zoude kunnen werden toegeschreven, het ongenoegen, en
mogelijk de primitive oorsaak van den opstand der
chineesen in den jaare 1740. ten minste voor zoo verre
uijt de lecture der stucken, die bereets aan uw Edele
Hoog Agtbare zijn afgesonden, ons tans is voorgeko„
„men, zoo hebben wij ten dage voormeld, hier over
rijpelijk delibereerende, ons in gemoede verpligt gevonden,
ex officio te decerneeren gijseling op den persoon van
gemelte Ferdinandus De Roij, om in gijseling in
's heeren boeijen overgebragt te werden, tot nader dis„
„positie, en zulks buijten acces van een iegelijk, en
verders den pro interim advocaat fiscaal geordon„
„neert, den vaandrig Christiaan Lodewijk knabe,
de burgers Daniel, en Carolus Neijmans, de oppassers
Salim, en Hadje, die bij denselven De Roij hadde
dienst"
NL-HaNA_1.04.02_2555_0632.xml,"dienst gedaan, dewelke alle bij de enqueste opgegeven,
„ niet
dog nog „ geinterrogeert waren, soo dra doenlijk te
hooren, en voorts van haar hoog Edelens te versoeken,
en aan desen Raade te suppediteeren, alle sodanige rap„
„porten, off berigten, als door denselven De Roij als
Commissaris der inlanderen, aan de Edele hooge Re„
„geeringe, dan wel aan den gewesene heere Gouver„
„neur Generaal Adriaan Valckenier mogte zijn
overgegeven, met de besluijten daar op gevallen, con„
„cernerende de opgevattene, in de ketting geklonckene,
en naderhand gelargeerde chineesen, en Eijndelijk
gemelte Pro interim advocaat fiscaal geinjungeert
hier omtrent sijn ampt en pligt te betragten, en
versoeken aan desen Raade te doen, als na regten,
en practijcque gebruijkelijk zij, en mogte bevinden
te behooren. —
Buijten het welke jegenwoordig ons niets meer
van eenige waardige remarque voorkomende,
zullen wij de eer hebben, na uw Edele Hoog
Agtbare persoonen, en familien de bescherminge
Godes aanbevoolen te laten, ons met het uijt„
„terste respect te onderschrijven, gelijk wij
betuijgen."
NL-HaNA_1.04.02_2555_0633.xml,"396
Roenad.
secret
betuijgen waarlijk te zijn. —
Wel Edele Hoog Agtbare, wijse, Voorsie„
niege, en seer Genereuse Heeren;
Uw Edele Hoog Agtbare, Onderda„
„nige, en Gehoorsame Dienaren,
Lakman
Jacob van den Bosch:
J:V: Reverhorst
R Stapel
onge van Meutewan
P: R: Kuen
ancus
R: C: von Glan.
Batavia
Den 7:' Januarij 1743.
Edugut
J chuijlenbu
G
en"
NL-HaNA_1.04.02_2555_0634.xml,
NL-HaNA_1.04.02_2555_0635.xml,"397
397
Saturdag den 5„e Jann: 1743.
present den Edele heere prasident item de
heeren Raden en g'assumeerde Leeden in desen
Door den Edele heer president m:r Jacob Lakeman is
op heeden in raade overgebragt het na volgende
js verstaen voor Communicatie aan te nemen
een ingebragte notul van den agtb: raad van
Justitie van hedigen datum, en de nodige ordres
testellen om aen niemand acces bij den gew:
heer gouverneur generael Adriaen Valckenier
te verleenen /:onderstond:/ accordeert /: was
getekend:/ P:s A:s v„n D=n Parra DeCret:s
zoo is na resumptie van dien verstaen 't selve in't memoriael
van desen raede te doen insekeeren /:onderstond:/ mij present
secret: s
/:was getekend:/ g:s Schuijlenburg
g'Extraheerd uijt het memoriael van
den agtb: raad van Justitie deses
Casteels en accordeert
Batavia datum utsupra.
Vaendag den 26:' 9ber A„o 1742.
Extract uijt de Notuben
van het gebesoigneerde gere„
solveerde in rade van india
aksteen
adv„t Gesw: Clercq
op"
NL-HaNA_1.04.02_2555_0636.xml,
NL-HaNA_1.04.02_2555_0637.xml,
NL-HaNA_1.04.02_2555_0638.xml,No: 1
NL-HaNA_1.04.02_2555_0639.xml,"398
door denh:r perointerin ad volaet fiscaal m:r Nicolaas Jongsman sopheeden
aanden raad gepresenteert het navolgende request endaar neevens overgelegt
destucken daar bij vermelt versoekende als in 't Eijnde van't selve
request.
geeft u Ed: agtb: reverentelijk te kennen w=t
Nicolaas Iongsma prointerim advacaat fiscaal
van nederlands jndia dat het niet alleen bij de geheele
Bataviase wereld en uEd: agtb: niet onbekent is dat den
gouverneur generaal Adriaan Valckenier zig dagelijx
in conferentien besig gehouden heeft met de bekende
Pasqual andries: maar ook dat de laaste sig gemesteert
heeft om voordese en geene het Een off ander lucra„
tieff ampt te bekoomen en te handelen, gelijk dat niet
duijster afteneemen is uijt de hier nevens gevoegde
imerrogatorien beandwoord bij de nots:) Vis vliet de hoop„
benevens
De Agtb: heeren raaden
en geassumeerde leeden indesen
Aan den Wel Edele heer heer
m:r Iacob Lakeman raadec tra
ord:s van nederlands India en presi
dent.
Saturdag den Eerste December 1742. Present
den Edelen heere president Jtem de heeren raden Enge„
assumeerde Leeden indeesen.
lieden"
NL-HaNA_1.04.02_2555_0640.xml,"lieden Ferdinandus de Roij en abraham Abbeleven
ende ondercoopman Reijnier harmens:) en vermits het
point van ampt verkoopen speciaal doorde heeren
meesters ter ondersoek gedemandeert en hij Pasqual
andries:) bovendien seer suspect is wegens sijne vantijd
tot tijd gesogte Eloignement in het perhuijsen, als het
bende eerst even buijten dese stad vervolgens op de weg van
Angiol gewoond en zig nu al met er woon begeeven
na Janjongpriek van waar hij seer faciel soude
kunnen exhapeeren tot groot nadeel van Justitie
die de supp:t vermeent door het missen van sijn persoon
omtrend de zaken van gem: gewesene gouverneur gene„
raal extra ordinair groot zoude wesen om alle
welke reedenen et quod melius sit praevenire
quam post vulneratain causem remeduim
quardie, gelijk daar van al een staaltje inden
geoufugeerde halkenberg van Cabo degoede
hoog mede een confident vangem: valkenier
betuijgt
tevoorschijn is gekoomen, soo bijt den ondergeteken„
de het een en ander niet langer voor sijn reek:
tedurven houden temeer omdat de gem: Pasqual
Andries: in alleen gevallen een vil subject
vie subject en van een seer geringe en swarte extrac„
tie is uijt dien hoofde sig addresseerende dan uEd:
agtb: met versoek dat aanhem werde geaccordeert
gijsseling op de persoon van meergem: Pasqual
andrits
6"
NL-HaNA_1.04.02_2555_0641.xml,"400
Andries:) onderstond) quo Facto &=a was gete„
kend N Jongsma. —
Den raad het bovenstaande request ende
daar neevens overgeleg de stukken niet aan„
dagt hebbende geresumeert ontsegt de versogte
gijseling onderstond jn kennisse van mij was.
getekend, G:s Schuijlenburg secrets:)
eve
Geextraheert uijt de Crimineele vlle
van den agtb: raad van Justitie
deses Casteels & accordeert
Batavia datum utsupra
baksteen
Ed„le Gesw: Clercq"
NL-HaNA_1.04.02_2555_0642.xml,No: 2
NL-HaNA_1.04.02_2555_0643.xml,"401
Donderdag den 13„e december 1742. Present
den Ed: heer president item de heeren raaden
en g'assumeerde leeden indeesen—
door den procureur olij is voor ende van wegens den h„r zupp:t aan den raad ge„
presenteerd het navolgende request versoekende als in't eijnde van het selve
Aan den Edelen heere m=r
Iacob Lakeman raad Extra
ord:s van Nederlands India
en president.
mitsg:s
De verdere heeren Leeden in
den agtb: raad van Justitie
deses Casteels.
Edele heer en agtb: Heeren
geeft met alle nederigs respect te kennen
Wilhelm Maurits Bruijnink oud secretaris
van haer hoog Edelens de Edele hooge regering deserlan„
den hoe dat sijn zupp:s behuwt broeder adriaan
Valckenier afgegaene gouverneur generaal vandese
lande thans op deses casteelspunt Robeijn inhegtenis
gesteld en door veele indispositie comt te vevallen sooda„
nig dat hij menschelijke hulpe ten uijtersten benodigt
heeft en nademaal sijn hoog Ed: aldaar is geplaats
souden"
NL-HaNA_1.04.02_2555_0644.xml,"sonder acces van andere, soo werd hij supp:t genood„
saekt van sig demoedelijk te addresseeren tot uwel
Edele en agtb: onderdanigs versoekende dat uwel
Edele en agtbaer aen hem supp:t goet gunstelijk ge„
lieven te verleenen acces tot en bij gemelte sijnen
behuwt broeder alleen maer om den susfelven in
sijne jndispositie temogen adsisteren /onderstond:)
quofacto h: was getekend/ Ioh: I: olij ter zijde stons
gepresenteerd fatavia den 1:e xber 1742.—
denh:r pwinterin adv:t fiscaal op het bovenstaande versoek
gehoort sijnde concludeert tot ontsegging van het selve als
zijnde ontijdig en strijdende tegens de manier van procederen
Den raad gehoort hebbende het gesustineerde van
den h:r per interin advocaat fiscaal en disponeerende op
het vorenstaande versoek ontsegt het selve voor als nog
onderstond/ jn kennisse van mij (was getekend:)
G:s schuijlenburg secrets:
g'extaaheert uijt de requestrol van
den agtb: raad van Justitie deses cast=ls
en accordeert
Batavia datum ut supra. -
Iaksteen
Ed :lGoese Clrcx"
NL-HaNA_1.04.02_2555_0645.xml,
NL-HaNA_1.04.02_2555_0646.xml,No 31
NL-HaNA_1.04.02_2555_0647.xml,"402
Donderdag den 13„en xber: 1742.
Present den Edelen heere president
item de heeren Raaden en geas„
„sumeerde Leeden in desen
heeden door den Ed: heer President m„r
Jacob Lakeman uijt name van den
wel Edele heer raed Extra ordinaris van
india Nicolaas Crul aan dezen raede
versogt zijnde dat aan gem: Ed: heer Crulacces
en toegang mogte werden verleent tot den
gedetineerden en geweesen heere gouver„
„neur generaal Adriaan valckenier
vermits zijn tegenswoordige indispositie,
en daer op den heer prointerim advocaat
fiscaal m„r Nicolaes Iongsma gehoort
en bij dezelve gesustineerd sijnde dat uit in
het voorsz: versoek als ontijdig en seer
absurd in geenen deele konde werden
gecondescendeert. —
soo is nadeliberatie van't nodige
bij dezen raede verstaan op het gedaan
versoek van den Ed: heer Crul niet te
disponeeren /:onderstond:/ in kennisse van
mij /:was getekent:/ g:s schuijlenburg secrets:
Geextraheert uijt het memoriaal
van den agtb: raad van Justitie
deses Casteels en accordeert
Batavia datum ut supra
Haksteen
Adrk Gesw: Clercq"
NL-HaNA_1.04.02_2555_0648.xml,"90ari05t0
ee"
NL-HaNA_1.04.02_2555_0649.xml,
NL-HaNA_1.04.02_2555_0650.xml,No: 4
NL-HaNA_1.04.02_2555_0651.xml,"404
Donderdag den 13„en xber: 1742.
present de heeren raeden ende
g'assumeerde Leeden dempto
in dezen den Edele heer presidt.
Heeden bij dezen raede bij der
hand genomen zijnde een alhier
overgebragt Extract. uijt de no„
„tulen van het gebesoingneerde en
geresolveerde inraede van india
op den 27„en der gepasseerde
maand november benevens Een
request door den geweesen heere
gouverneur generael adriaan
valkenier aan haer hoog Edel:s
gepresenteert ter obtinue van
veniam agendi tegens den Edele
heere president m„r Jacob Lake„
„man en Eenige interrogatorien
omme daer op zijn Ed: te hooren
en teffens door de heer m„r Jacob
van den bosch als voor sittend
lid in dezen in omvraage gebragt
zijnde hoedanig men daer mede
verte"
NL-HaNA_1.04.02_2555_0652.xml,"zoude handelen zoo is na over„
„weging van het nodige verstaen
daer op niet te disponeeren maer
dezelve papieren te laaten leggenen
daer van deze aantekening Te
houden. /onderstond/ in kennisse
van mij /:was getekend:/
Schuijlenburg secrets:—
G'Extraheert uijt het
memoriael van den
agtb: raed van Justitie
asteels
dezes
en accordeert:
-
Batavia datum ut supra
Maksteen
ds: Gestr: Clrck"
NL-HaNA_1.04.02_2555_0653.xml,
NL-HaNA_1.04.02_2555_0654.xml,No. 5
NL-HaNA_1.04.02_2555_0655.xml,"406
Dingsdag den 27:' November A„o 1742.
door den oud Eerste secretaris desese regeringe Willem
Maurits Bruijninck aan dese tafel voor en van
Wegen den gewesen heer gouverneur generaal Adriaan
Valckenier een requeste gepresenteerd en daar benevens,
Overgelegt zijnde Een Jnterragatorie met versoek ter
Erlanginge van Venia agendi tegens den heer raad
extra ord:s en president in den agtb: raad van Justitie
deses Casteels m:r Iacob Lakeman ten Eijnde sijn
Ed:s doorgem: raade temogen dagvaerden tot het geven
van getuijgenisse der waarheijd mitsg:s naresumptie
vandat een en ander in aanmerkinge wesende genomen
dat het gem: versoek en wel voornamentlijk de voorm:
draagpoincten schijnen geschikt en uijt gedagt te sijn
omme door dat middel diverse andere leden deser ver„
gaderinge stux wijse den Eene voor enden anderen na
indier voegen enten fine voorm: almede teciteeren waar
door dese regeeringe aan verder ten Eenemaal buijten
staat zoude werden gesteld tot het nemen van zodanige
ten als somtijds hoogh
nooig enve saarie, van gem: nier Valckenier zouden
moeten werden g'arresteerd; so is schoon het voorn:
't gebesoigneerde en geresolveerde
in rade van India. —
Extract uijt de Notulen van
versoek
op"
NL-HaNA_1.04.02_2555_0656.xml,No. 5
NL-HaNA_1.04.02_2555_0657.xml,"406
Dingsdag den 27:' November A„o 1742.
door den oud Eerste secretaris desese regeringe Willem
Maurits Bruijninck aan dese tafel voor en van
Wegen den gewesen heer gouverneur generaal Adriaan
Valckenier een requeste gepresenteerd en daar benevens,
Overgelegt zijnde Een Jnterragatorie met versoek ter
Erlanginge van Venia agendi tegens den heer raad
extra ord:s en president in den agtb: raad van Justitie
deses Casteels m:r Iacob Lakeman ten Eijnde sijn
Ed:s voorgem: raade temogen dag vaerden tot het geven
van getuijgenisse der waarheijd mitsg:s naresumptie
vandat een en ander in aanmerkinge wesende genomen
dat het gem: versoek en wel voornamentlijk de voorm:
draagpoincten schijnen geschikt en uijt gedagt te sijn
omme door dat middel diverse andere leden deser ver„
gaderinge stux wijse den Eene voor enden anderen na
indier voegen en ten fine voorm: almede teciteeren waar
door dese regeeringe aan verder ten Eenemaal buijten
staat zoude werden gesteld tot het nemen van zodanige
politicque dispositien en besluijten als somtijds hoogh
nodig inde saake vangem: hier Valckenier zouden
moeten werden g'arresteerd; so is schoon het voorn:
't gebesoigneerde en geresolveerde
in rade van India. —
Extract uijt de Notulen van
versoek
1
op"
NL-HaNA_1.04.02_2555_0658.xml,"versoek van Veniaagende wel en ten regte aan de setadel
is gedaan gelijk dese vergadering dan ook expresse„
lijk verstaat dat geene versoeken van Venia agendi
tegens Eenig Lid ofleeden deser Regeringe sullen
mogen gedaan werden dan aen dese tafel veel minder
deselve aan imand wie hij ook zij geaccordeert buij„
ten uijt druckelijke qualificatie van dese vergaderinge,
des onvermindert uijt Consideratie bij voors:) inter„
rogatorie Eenige dragen ter nedergesteld staen die wel
gem: heer Lakeman niet als lid deser regeringe
maar Enkeld als president van ged: Iustitieelen raade
sijn Concernerende goed gevonden en geresolveerd het voorn:
versoek om Venia agendi door dese kier en speciael
indit geval sonder Eenige deminste consequentie voor
het aanstaande terenvoijeeren aanden voorm: raad van
Justitie omme door deselve daar omtrend gedaan
en gehandelt tewerden als haar agtb:s zullen ver„
menen. te behoren /onderstond/ Accordeert was getekend/
P: a: 1t: parra secutg: —
gecollationeerd en Accordeert
Batavia den 28 december 1742.
IbakHeer
d „r Gysav. Clercq"
NL-HaNA_1.04.02_2555_0659.xml,
NL-HaNA_1.04.02_2555_0660.xml,No. 6.
NL-HaNA_1.04.02_2555_0661.xml,"408
Johannes Theedens
Gouverneur generaal
'Edele Heeren raden
van nederlands india
Hoog Edele gebiedende Heeren
Geeft met vereijschte agtinge te kennen
de thans op een der punten: dezes, Casteels
in militair arrest sittende gewese gou„
verneur generael Adriaan valckenier
dat hij tot defensie welke hij in
sijne saeke staad te doen ten hoogsten
benodigt heeft de getuijgenisse van
den Edelen heer m„r Iacob Lakeman
raed Extraordinaris van nederlands
india en president van den agtb=ren
raed van Iustitie des Casteels Bat:a
Blijkens de heer nevens tot u hoog
Edelens speculatie gevoegde interroga„
„toiren
dat hij suppliant tot Constrainte
van gem: Edelen heer Lakeman den
selven ter b'antwoordinge van die
interrogatorien genoodsaekt sal
en
groot agtbaeren Heere
Aan den Hoog Edelen
verte
-
ƒ"
NL-HaNA_1.04.02_2555_0662.xml,"wesen te Convenieeren voor den
agtb: raed van Justitie voorngent:
dat sulx alhier omtrent leden
der hooge indiasche regeeringe niet
en vermagte geschieden sonder prae„
„alabel versoek van venia agendi
aan u hoog Edelens daer toe te heb„
„ben gedaan.
Om welke reden de zuppliant
sig is addresseerende tot u hoog
Edelens met versoek.
dat het u hoog Edelens behaegen
6
mag aan den supp: veniam agendi
ten Eijnde voorsz: tegens gem: Edelen
heer Lakeman te verleenen /onder„
„stond:/ 't welk doende &:a /:was. getekent)
A„n valckenier /:lagerstond:/ accord:t
/:was getekent:/ J„s A„ns gerlag E: g: Clerq
Gecollationeerd en Accordeert
Batavia den 8:' Janu: 1742
Haksteen
d W: Gepr: Clercq
9
63
6"
NL-HaNA_1.04.02_2555_0663.xml,
NL-HaNA_1.04.02_2555_0664.xml,No: 7.
NL-HaNA_1.04.02_2555_0665.xml,"410
Jnterrogatorien omme daar
op ter requisitie van den gewesen
Heer gouverneur generaal
Adriaan Valckenier gehoord
en ondervraagt te werden de
Edele heer m:r Jacob Lakeman
Raed extra ordinaris van neder„
lands India en president vanden
agtb: raed van Iustitie des Cas„
teels Batavia. —
of sijn wel Ed: op saturdag den 8:
8ber: vande jaare 1740. bij besluijt
der hooge jndiasche regeringe niet
en is geplaetst geworden aan de uijt„
tregtsepoort deserstad batavia niet en
benevens den doenmaligen Edelen heer
raed ordinaris van nederlands jndia
m:r Isaac vanschinne, omme als
Commissarissen aan gem: poort de vijan„
delijke aanvallen der rebellerende
Chineesen afteweeren
of sijn Edele op dingsdag smorgens
den W1:' niet vandaer na sijne wooninge
is gereden met Eene charret en ver„
arc: 1.
volgens
2."
NL-HaNA_1.04.02_2555_0666.xml,"volgens de tijgers gragt langs na het
Casteel om de vergaderinge der hooge
regeringe bijtewooren.
of sijn Edele komende voordewoo„
ninge van den advoc aet fiscaal
m:r Cornelis phillips op Evengen:
gragt digt bij het casteel staande
door denselven Phillips niet is opge„
houden en aangesproken wegens seker
vergster op de boven voor kamer van
sijn wel Ed: ledig huijs naast de
deur van hem fiscaal dat dien nagt
was open geraekt en het zenden
van Jongens met de sleutels derwaerts
tot visitatie.
of bij die reu Contra vervolgens
door Evengen: advocaat fiscaal mede
aan zijn Edele geene Communi„
catie is gegeven van de ordre die hij
daags bevorens van den requirant
met voorkennisse van Eenige
raaden van jndia hadde ontfangen
omme tot voorkominge van brand
stigtinge en andere nadelige toeval„
len, de geduurende de rebellie in
de
3."
NL-HaNA_1.04.02_2555_0667.xml,"412
de boeijen gebragte chineesen aan Een
kant tehelpen. —
of gem: advocaet fiscaal Phillips
aan sijn Edele niet alverder op dien
tijd heeft verslag gedaen, hoe hij dese
last gedeeltelijk hadde doen executeeren
door sijn bedienden in 's Comp:s boeijen.
En voor soo veel d' burger boeijen betroff
hij advocaat fiscaal sijne bekome ordre
hadde gecommuniceert aen den terdier
tijd op het stadhuijs dewagt houdende
Edele heer collonel der burgerije en
raad ordinaris van nederlands jndia
Elias de Haase. —
mitsgaders dat door gem: Edele
heer de Haeze de verdere uijtvoeringe
van dese Commissie in de burgerboeijen
was aenbevolen geworden aan den bal„
lieuw deser steede Pieter Bokesteijn,
Hofde Edele heer gerequireerde dit des
fiscaal verhael indecharret sittende
en met sijne handen kin op sijn rotting
Leunende
lomende, hebbende aengehoord aan gem:
advocaat
6."
NL-HaNA_1.04.02_2555_0668.xml,"advacaat fiscaal niet en heeft gevraagt
met dese of diergelijke woorden, in
substantie hoe hielden sij /: namentlijk
dechineesen/ sig of wat sijden sij.
of daar op door den advocaet fiscaal
meerm: aan den Edelen heer gereq:
is ten andwoord gegeven: dat / buijten twee
die Eenige woorden in 't maleijts gespro„
ken hadden welke in het hollandsch
daarop uijt quamen dat de een versogte
nog ene steek temogen hebben. en de
ander als ene bedreijginge uijtriep de
Chineesen sijn nog niet alle dood door
geen een van haer alle het geringste
was gekikt geveert of gerept. —
10.
Hofde Edeleheer gereq: daar over al
grimlachende niet met het hooft
heeft geschut met bijvoeginge van dese
ofte diergelijke woorden; Jaar het is
een hart en obstinaat volk, zij geven
nergens om, dat hebbe ik gesien, en onder„
vonden.
off de Edeleheer gerequireerde daar
op niet is vande deur van meerm: advoc=t
ficarl
g.
11."
NL-HaNA_1.04.02_2555_0669.xml,"414
fiscaal Phillips afgereeden
sonder Eenige de minste teijkeren van
misnoegen, qualijk nemen of disappro„
batie op dientijd daar omtrend te hebben
laten blijken.
of ook de Edele heer gerequireerde
ontrend dese zake naderhand het sij in
vergadering van haar hoog Edelens
het sij en rade van Justitie Eenige
doleantien heeft doen aantekenen
ofter Eenige deminste propositie ge„
om na dit werk als eene ongepermit„
teerde saake ondersoek tedoen.
En of de Edele hier gerequireerde op
die tijd niet in gemoede overtuijgt is
geweest dat om reden van onse geringe
magt van Europeanen alhier; het
oogen schijnelijk gevaar van stad land
en volk; de groote overmagt der
rebellen, de aen allen sijden door
de chineesen geperpetreerde brandstig ka„
gen en continueerende attacques van
buijten, het ombrengen der Chineesen
met een goed oogmerk was onder„
nomen. —
14
12.
13."
NL-HaNA_1.04.02_2555_0670.xml,"Verders werd de Edele heer gereq:
gevr: of sijn Edele bij het opsenden
der drie bekende Edele heeren ordina„
ris raden van india niet nevens de
Edele heeren raden ordinaris Rochus
Pasques de chavonnes, Elias„
Guilliot en m:r Nicolaas Van
D Berendregt in't particulier Eene
ampele brieff afschriftelijk vertoog
tegens des requirants gedoentens na
nederland heeft afgesonden. —
En daar bij den requirant over ver„
scheijde saaken en wel speciaal over
gem: opsendinge aandewel Edele
hoog agtb: heeren seventhienen heeft
aangeklaagd.
Een of gem: schriftuur van doleantie niet
is afgegaen onder de bewaringe van
den tans hoog Edelen heer geiligeerde
gouverneur generaal Gustaav
Willem van Imhoff,
Laatstelijk werd de Edele heer gere„
quireerde gevraagd off hij be„
reijd is sijne gegevene responsiven
der
14.
15.
—
16.
17."
NL-HaNA_1.04.02_2555_0671.xml,"416
(:des noods:) met solemneelen Eede
tebekragtigen.
Gecollationeert & accordeert
Batavia den 8 Jann: 1743
Haksteen
ad: J: Gesw: Carcq"
NL-HaNA_1.04.02_2555_0672.xml,No: 8.
NL-HaNA_1.04.02_2555_0673.xml,"417
Donderdag Den 13:' Decemb:r 1742.
Present den Edelen heer praesident Item de heeren
Raaden en geassumeerde Leeden indesen.
Op heeden door heeren Commissarissen ter Enqueste
m:r Iacob Pompe van meerdervoort, en Karel Coenat
aan desen raade zijnde overgegeven zeker berigt, waar
bij onder andere quam te Consteeren dat den heer Justinus
vinck drossaert den bataviase ommelanden voor haar
agtb: gecompareert was, omme ter requisitie vanden
heer pro interim advocaet fiscaal m:r Nicolaes Jongsma
te beantwoorden Eenige articul en vraagpoincten,
den selven als doen hadde gesustiteert op het Eerste
articul den voorgehoudene vragen ongehouden te zijn
te antwoorden en op het 20:' artl: gerespondeert dat hij op
het gevraagde niet positieff konde antwoorden, alzoo
het hem door de bankheijt des tijds ontschooten was, dat
daar op gem: heer pao interim advocaet fiscaal zulx
niet voldoende tevooren zynde gekoomen aangem: heeren
commissarissen hadde versogt dat geciteerde heer
Sustinus vinck mogte werden gecondemneert deselve
articulen duijdelijken te beantwoorden 't welk
haar agtb: hadde gehouden af referendum, soo is na
overweging van het nodige bij desen raede verstaan het
versoek door den heer proiijterim advocaet fiscaal aan
heeren Commissarissen gedaen, te ontseggen, dogh egter
niet temin zijn E: verheijt telaaten daar ontrent
sodanige nadere articulen tot Elucidatie
overteleggen, als raadsaem mogte oordeelen, zijnde te
deser occagie door gem: heer prointemin advocaet
fiscaal"
NL-HaNA_1.04.02_2555_0674.xml,"fiscaal versogt dat vermits den oud commissaris
der inlanderen Ferdinandus De Roij almede op de
aan hem gedaene vraegen artl: 4. op Een singuliere
en speculative wijse sigh hadde. g'Expliceert,
en gesustineert daar niet voldoende op te kunnen ant„
woorden, vermits het tussehen vier oogen voorgevallen
zijnde oversulks buijten staat zoude zijnen blij„
ven om het selve te probeeren dog dat ingevalld
hij konde werden gesecureert om dierwegens nooijt
van iemand agterhaalt tsullen werden als dan
bereijd te zijn, en aannaam om onder Eede een op
regte op gave dierwegens te doen, dat den selve de roij
mogte werden gesecureert omme met gerustheijt
de voors: vraegen te kunnen beantwoorden;
Zoo is verstaan voor jegenwoordig daar omtren
nog niets in't werke te stellen, maar het selve
voor als nogte houden in advis /:onderstont in
kennisse van mij /:was getekend:/ J„s Schuijlenburg
secuets:
G'Extraleerd uijt het memoriael
van den agtb: raad van justitie
deses Casteels en accordeert
Bataviadatum ut supra
Haksteen
Adv„ Geste: Care
G"
NL-HaNA_1.04.02_2555_0675.xml,
NL-HaNA_1.04.02_2555_0676.xml,"9.
No"
NL-HaNA_1.04.02_2555_0677.xml,"44149
Aan den wel Edelen
Wel Edele Heer en agtb: heeren
de ondergeteekende Commissarissen
uijt desen rade hebbende Eer uwel
Edele een agtb: terapporteeren dat
ingevolge het notulair besluijt van
welgem: rade de dato 23:' Iulij laest„
„leeden voor ons op den 26: en 27=en
novemb:r laestleeden item p=mo de„
„ser gecompareert sijnde persoonen
Ian george Crummel, frans adolph
Deverdere heeren
leeden in den agtb:
raad van Justitie
deses Casteels item
de geassumeerde leeden
in desen.
benevens
heer m:r Jacob Lakeman
Raad Extra ordinaris
van nederlands india
en president
van
20
dellewondt
8
opens
val li
eee
doo
-"
NL-HaNA_1.04.02_2555_0678.xml,"van Haarsolte, Jan van oosten Risti¬
nus vink, achmat Babandam,
Mochamet sale, soeta wangsa,
ferdinandus de roij, Rijnier harmens
anthonij Isaac Cassa, Paul fredrik
Eversoon, en mr Willem Cras, dewelke
wij ter requisitie van de heer m:r Nico
„laas Iongsma prointerim advo„
caet fiscael van nederlands
india rat: off: op Eenige vraegpoincten
hebben gehoort, ende vier Eerst genoemde
onder anderen off sij op den 6=en xber: 1740.
guen positive ordre hebben gehad om
geene beveelen dan die van den gewese„
„ne heere gouverneur generael adriaan
valkenier, en die van de majoor duurve
tepareeren item de vierde off wel
Justinus vink niet en benevens de
5: 6: en 7. geinterrog: nade primitive
oorspronk der chineese revolte als
mede wanneer de eerste opvatting
diernatie sijn aenvang heeft geno„
men; item de 8 en 9 geinterrog:t onder
meer andere poincten wegens het
koopen en verkoopen van ampten
te dezer steede en Eijndelijk de drie
et"
NL-HaNA_1.04.02_2555_0679.xml,"421
laest gem: op sodanig art: als waer op
na waerheijd te andwoorden bij dis„
„positieff van den 24=en der gepasseerde
maend sijn gecondemneert; als wan„
„neer door voorn: geinterrogeerdens
daerop sodanig is geandwoort als bij
de daer van belegde actens komt
te constueren, en waeraen ons —
met de meeste Eerbied gedragen
dan nademael door ferdinandus
de roij het 4. art: van sijne interro„
gatorien seer singulier is beand„
„voort ien wel met de volgiende
woorden segt te sustineeren daer
niet voldoende op te kunnen
andwoorden vermits het tusschen
vier oogen voorgevallen zijnde over
sulx buijten staat is en blijft om
het selve te probeeren dog ingevalle
hij gereg: konde werde gesecureert
om dier wegens nooijt van imand
agterhaald te sullen werden als
dan bereijd is en aenneemt om
onder Ende een op regte opgave
dierwegens te doen soo hebben wij
het selve tot speculatie van
verte"
NL-HaNA_1.04.02_2555_0680.xml,"uEd: agtb: alhier geinsereert
daeren boven soo is nog door den
ae
geinterrogeeerden Justinus vink-
nadat gesustineert had op het 1. art:
ongehouden te sijn om te andwoorden,
op het 20: art: gerespondeert, sulx niet
positieff te kunnen seggen alsoo
het hem door langheijt des tijds
ontschoten is, dog het selve boven
gem: heer prointerim advocaet
fiscael niet voldoende sijnde
voorgekoomen soo versogte sijn
E: dat gem: Justinus vink mogte
laet
werde gecondemneert op het „ gem:
art: nawaerheijt Cathegorise te
andwoorden het welk bij ons adrefe„
„rendum is gehouden; waermede ver„
blijve /onderstond/ wel Edele heer en
agtb: h=ren /:lager:/ uwel Edele agtb: onderda„
„nige dienaren /:was getek:t:/ I: pompe van
meerdervoort C„s koenad en P„r Haksteen
adj:t gesw: clerq: ter sijde stond bat:a den 13:'
decemb:r 1742. —
g'collationeerd en accordeert
Batavia den 3:' Jann: 1743.
Ed „t Gesw:
Clercq
Maksteen"
NL-HaNA_1.04.02_2555_0681.xml,1
NL-HaNA_1.04.02_2555_0682.xml,No. 10.
NL-HaNA_1.04.02_2555_0683.xml,"423
Sonderdag den 13:' December 1742.
Present den Edelen heere Prasident item De heeren
Raden en g'assumeerde Leeden in Desen.
Als nu door den Edele heere president m:r
Iacob Lakeman desen rade in consideratie gegeven
sijnde, dat nademael de enqueste tans genoegsaem meest
waren affgelopen off den heer prointerim advocaet fiscaal
niet behoorden tewerden geinjungeert binnen zekere pe„
„remptoire tijd voort tegaen met de gegijseldens m:r
Willem Vincent Helvetius en m:r Cornelis phillips
mitsg:s den gedetineerden geweese heere gouverneur
generael Adriaan valckenier, ten Eijnde hun
op artl: te horen, als zijnde de twee Eerste gen: al
van den 3:' october in gijseling gestelt geweest en daer
op gehoord wesende gem: pro interime advocaet fiscaal zoo
heeft sijn E: verklaerd dat ten reguarde van de twee
Eerst gem: wel in staat tans was te beginnen, in dien
desen rade maer gelievde het selve te injungeeren, dog
dat tot nog toe daar mede niet voortgevaren was om rede„
„nen door veele hinderpalen haar agtb: bekent; belet was,
en in specie om dat bij haar hoog Edelens de recusatie
door voorm: Helvetius ten reguarde van hem
en genoemde geweese heere gouverneur generael
Adriaan valckenier aldaar versogt, hoe wel ten
benemale absurd en ongefundeerd, nog met was aff ge„
„doen dat ook sijn E: ten op sigte van den laest gemelte
boven dien sustineerde daar mede voor als nog niet
te kunnen voortgaen, nadien met de te verwagt wer„
dende schepen verscheijde papieren stonden overtekomen
welke
-"
NL-HaNA_1.04.02_2555_0684.xml,"welke syn E: vermeende dat tot dese zaeke relatieffen en
van veel blucidatie en noodsakelijkheijt soude sijn, wan„
„neer na overweging van het nodige wierd verstaen den heer pro
interum advocaet fiscaal te injungeeren omme soodra
hem doenlijk is met het horen op artl: van de voorm:
gegijseldens voort te gaen, dog het eerste met m:r Cornelis
Phillips, en sulx alhier op het Badhuijs als zijnde
de ordinaris plaats sullende gemelte Phillips door
den Eerste deurw:r deses raads daar toe afgehaalt en onder
desselvs op sigt boven gebragt werden, wanneer al verder
is goed gevonden commissarissen voor wien zij gegijsel„
„dens sullen werden gehoort, te qualificeeren ingevalle
het beantwoorden der antl: meer dan een halve dag mogte
aanlopen, de voors: gegijseldens als dan gedurende het
horen en Examineeren, instricte gijseling ten huijse van
den cipier te doen gaen, en te laten verblijven, dog ten op sigte
van den gedetineerde geweese heere gouverneur generael
Adriaan valckenier om de geallegeerde redenen van
dent heer promnterim advocaet fiscaal voor als nog te
supersederen /:onderstond:/ in kennisse van mij /:was
getekend:/ J„s Schuijlenburg secrets. —
G'Extraheerd uijt het memoriael
van den agtb: raad van Justitie deses
Casteels en accordeert:
Batavia datum ut supra
Haksteen
Ed„e Gesw: Clercq"
NL-HaNA_1.04.02_2555_0685.xml,
NL-HaNA_1.04.02_2555_0686.xml,N:o 11.
NL-HaNA_1.04.02_2555_0687.xml,"425
Donderdag den 27:' decemb„r 1742.
present den Edelen heer president
item de heeren Raden en geassumeerde
leeden in dezen. —
den pro interim advocaat fiscaal van
india Exhibeert hier nevens ingevolge de
notule van dezen rade de dato 13:' dezes
Enige opgestelde articulen en vraagpoincten
met versoek dat den thans g'gijzelden en
gesuspendeerden advocaat fiscaal m„r
Cornelis Phillips mag werden geordonnt:
en des noods gecondemneert om daar op
na waerheijt te antwoorden
Den Raad de geExhibeerde articulen
met aandagt hebbende: geresumeert con„
„demneerd den gegijselde m„r Cornelis
Phillips op deselve ten overstaan van
commissarissen uijt dezen rade Cathagorise
en na waerheijt te andwoorden
/:onderstond:/ in kennisse van mij /was
getekent/ g„s schuijlenburg secrets:—
Geextraheert uijt de Crimineele
rolle van den agtb: raad van Justitie
deses Casteels en accordeert
Batavia datum ut Supra
Eaksteen
Ad „. Gesw: Clercq"
NL-HaNA_1.04.02_2555_0688.xml,N:o 11.
NL-HaNA_1.04.02_2555_0689.xml,"425
Donderdag den 27:' decemb„r 1742.
present den Edelen heer president
item de heeren Raden en geassumeerde
leeden in dezen. —
den pro interim advocaat fiscaal van
india Exhibeert hier nevens ingevolge de
notule van dezen rade de dato 13: dezes
Enige opgestelde articulen en vraagpoincten
met versoek dat den thans g'gijzelden en
gesuspendeerden advocaat fiscaal m„r
Cornelis Phillips mag werden geordonn:
en des noods gecondemneert om daar op
na waerheijt te antwoorden
Den Raad de geExhibeerde articulen
met aandagt hebbende: geresumeert con„
„demneerd den gegijselde m„r Cornelis
Phillips op deselve ten overstaan van
commissarissen uijt dezen rade Cathagorise
„
en na waerheijt te andwoorden
/:onderstond:/ in kennisse van mij /was
getekent/ g„s schuijlenburg secrets:—
Geextraheert uijt de Crimineele
rolle van den agtb: raad van Justitie
deses Casteels en accordeert
Batavia datum ut Supra
Eaksteen
Ad V: Gesw: Clercq"
NL-HaNA_1.04.02_2555_0690.xml,
NL-HaNA_1.04.02_2555_0691.xml,
NL-HaNA_1.04.02_2555_0692.xml,N:o: 12
NL-HaNA_1.04.02_2555_0693.xml,"426
Donderdag den 27„' 7ber: 1742
Present den Edelen heer president
item de heeren Raden en g'assumeerde
Leeden in desen.
Bij den hand genomen en Exactelijk geresumeerd
zijnde de enquesten door den pro interim advocaet
fiscaal m:r Nicolaes Iongsma eenige tijd geleeden
aan desen rade gesuppediteert met versoek onder ande„
„ren na dies resumptie hem te munieeren met
derselver order omtrent den oud commissaris der
inlanderen ferdinandus de roij die beschuldigt
werd van Extorsien, knevelarije, en andere vuijle
bedrijven meer, soo is na dat hier over rijpelijk
gedelibereert en het een en ander met aandagt
overwogen was bij desen rade goedgevonden rede„
„cerneeren gijseling op den persoon van voorm:
ferdinandus de roij omme door den deurw.:r
Nicolaes Smit alhier in gijseling gebragt te
werden tot nader dispositie en sulx buijten acces
van ben. ggelijk /:onderstond:/ in kennisse van
mij /:was getekend:/ g„s Schuijlenburg secret:
Geextraheert uijt de Crimineele
rocte van den agtb: raad van
Justitie deses Casteels & accordeert
Batavia datum ut supra
Haksteen
Adj„s G Sw: Clercq
O"
NL-HaNA_1.04.02_2555_0694.xml,
NL-HaNA_1.04.02_2555_0695.xml,
NL-HaNA_1.04.02_2555_0696.xml,No: 13
NL-HaNA_1.04.02_2555_0697.xml,"427
Donderdag den 27„en xber: 1742.
Present den Edelen heere presidt:
item de heeren Raden en geassu„
„meerde Leeden in dezen.
Als nu ter resumtie bij der hand geno„
men en Exactelijk na gegaan zijnde de
door den heer prointerim advocaat fis„
cael te meer malen gesuppediteerde
beandwoorde vraag poincten van de Chi„
„neesen Tan hiko, souw soeseeng, Lim
thoanko en den gew: Commiss:s over de
saken der Jnlanderen adriaan
subbels item die van de Chineesen Lim
Tsouwko Lim hiensaij, queliamko
en Soeki-Etka, mitsg:s die van den
heer Landdrost Justinus Vink
admat Babandam, mochamat
salé en soeta wangsa, gevende hij
prointerim advocaat fiscaal teffens
te kennen dat schoon hem de mesusen
en knevebarijen der gew: gecomm: tot
en over de saken der inlanderen
ferdinandus De roij daar bij te
laste gelegt seer waarscheijnelijk
en moraliter waaragtig voorquamen,
hij sig Egter voor als nog niet bevoegd
hadde geoordeelt Eenig versoek tot in„
„carceratie off gijseling in 's heeren
19
verte"
NL-HaNA_1.04.02_2555_0698.xml,"boeijen tegen den selven te doen om
redenen dat seer veele getuijgen de„
„poneerde de audita ofte inpropria
causa, en veeltijds niet sonder schijn„
„bare passie en dat boven dien meermelte
de roij geensints voor suspectus de Suga
/:'t welke gem: prointerim advocaat
fiscaal vermeende Een requisit tot
diergelijke versoeke te wesen, konde
werden gehouden met versoek al Egter
om redenen hem daar toe permoveerende
dat desen rade na dies resumtie hem
met derselver ordre gelievde te mu„
nieeren hoedanig omtrent den oud Com„
„missaris der inlanderen ferdinandus
de Roij voorm: sal komen te handelen
en bij die gelegentheijd bij deselve en
queste ontwaard zijnde de Extorsien,
knevelarijen, en andere grove misdrij¬
ven ten tijde van sijn Commissioriaet
gepleegt en door sijn bedientens ter
ordre van hem met behulp van Eenige
inlanders hier en daer werkstellig
gemaekt en uijtgevoerd; waer uijt
waerschijnelijk in veele opsigte Soude
konnen werden toegesz: het ongenoegen
en mogelijk de primitive oorsaek van
den opstand der Chineesen in dien—
Jare 1740; soo is nadat hier over —
verte"
NL-HaNA_1.04.02_2555_0699.xml,"429.
rijpelijk gedelibereert en het een en
ander met veel aandagt overwogen
mitsg:s bij dezen rade Exofficio goed
gevonden was op den persoon van
voorm: ferdinandus de Roij te
decerneeren gijseling, omme door
den deurw: Nicolaas Smith alhier
in 's heeren boeijen ingijseling overge„
„bragt te werden tot nader dispositie
buijten acces van Een ijgelijk verders
nodig geoordeelt den heer prointerim
advocaat fiscaal te ordonneeren den
vaandrig Christiaan Lodewijk Knabe,
de burgers Daniel en Carolus neij¬
„mans, de oppassers van gem: Commiss:s
de Roij in name Salem enhadje
alle bij de voorsz: beandwoorde vraag¬
„poincten op gegeven soodra doenlijk
Exactelijk te hooren, en voorts van
haar hoog Edelens te versoeken:
en aan dezen rade te suppediteeren
alle sodanige rapporten off berigten
als door voorm: de roij aan de Edele
hooge regeering dan wel aan den
gesv: heere gouverneur Generael
adriaan Valckenier mogte sijn
overgegeven met de besluijten daar
op gevallen, Concerneerende de opgevatte
in"
NL-HaNA_1.04.02_2555_0700.xml,"in de ketting geklonkene en naaderhand
gelargeerde Chineesen, en verders hier
omtrend sodanig sijn E: ampt en
pligt te betragten en versoeken aen
dezen rade te doen als na regten
en practijcque gebruijkelijk sij en
bevinden sal te behooren. /onder„
stond:/ in kennisse van mij /:was
getekend/ g:s Schuijlenburg secrets.
G'Extrakeert uijt de Caemen Wolle
van den Agtb: Raa vau va
Justitie deses Casteels
en accordeert
Batavia datum ut supra
Haksteen"
NL-HaNA_1.04.02_2555_0701.xml,
NL-HaNA_1.04.02_2555_0702.xml,No: 14.
NL-HaNA_1.04.02_2555_0703.xml,"431
Saturdag Den 5„' Janu„j 1743.
Present den Edelen heere president
item de heeren Raden en g'assumeerde
Leeden in desen.
Heeden voorde Eerste maal in dit nieuwe Jaar
dese vergadering bij den anderen geconvoceert, en
door de Edele heer president m:r Iacob Lakeman
in omvrage gebragt sijnde off men alvorens tot
Eenige zaken te treeden, niet zoude dienen
afteleggen den bedvan purge welke in, de oude
blaffert op folio 17. te vinden en Jaerlijx in de
ordinaire vergadering bij den president en beeden
nade ordre wierd gepresteert
Soo is naoverweging van het nodige het selve
als noodsakelijk geoordeelt, en daer op door de
heeren leeden in handen van den Ed: heere prae„
sident en wederom door sijn Edele in handen
van het voorsittent lid de heer m:r Iacob van
den bosch ten selven hed van purge sijnde
afgelegt is verstaen daar van dese aentekening
te houden. /:onderstond:/ in kennisse van mij /:was
getekend:/ g„s Schuijlenburg secret:s
Geextraheert uijt het memoriaal
van den agtb: raad van Justitie
deses Casteels en accordeert
Batavia dature ut supra
Haksteen
Ed e„ Gesw: Clercq
Erij"
NL-HaNA_1.04.02_2555_0704.xml,
NL-HaNA_1.04.02_2555_0705.xml,
NL-HaNA_1.04.02_2555_0706.xml,N:o 13
NL-HaNA_1.04.02_2555_0707.xml,"432
Saturdag Den 7„en Janu„rj 1743.
Present den Edelen heere prasident item
de heeren Raden en g'assumeerde Leeden
in desen.
Saturdag Den 29„' xber 1742.
Present heeren Commissarissen m:r Jacob
van den Bosch, en m.:r phillippus Rochus
Kien.
den gegijselde en gesuspendeerde advocaet
fiscaal m:r Cornelis phillips op heeden voor
den in den hoofde deses gemelte heeren commissarissen
uijt den agtb: raad van Justitie deses Casteels comparee„
„rende ten fine ingevolge het dispositieff van wel gem:
haar agtb: de dato 27:' deser op eenige artl: en
vraagpoincten te werden gehoort soo heeft
sijn E: aangenomen aan het voorm: geEerde
dispositieff te sullen obedieeren onder Expresse
betuijging en protestatie nogtans van daar
door op eeniger hande wijse te litis contesteeren
maar dat alle exceptien defensien en wheeren
van regten gereserveert hiel waar van verstaen
is dese aentekening te werden gehouden
/:onderstond:/ in kennisse van mij /:was
Door heeren Commissarissen m:r Iacob van den Bosch, en
m:r Phillips Roehus kien is op heeden in rade overgebragt
de navolgende notul.
gestkeend/"
NL-HaNA_1.04.02_2555_0708.xml,N:o: 13
NL-HaNA_1.04.02_2555_0709.xml,"432
Saturdag Den 7„' Janu„ij 1743.
Present den Edelen heere prasident item
de heeren Raden en g'assumeerde Leeden
in desen.
Saturdag Den 29„' xber 1742.
Present heeren Commissarissen m:r Jacob
van den Bosch, en m:r phillippus Rochus
Kien.
den gegijselde en gesuspendeerde advocaet
fiscaal m:r Cornelis phillips op heeden voor
den in den hoofde deses gemelte heeren commissarissen
uijt den agtb: raad van Justitie deses Casteels comparee„
„rende ten fine ingevolge het dispositieff van wel gem:
haar agtb: de dato 27:' deser op eenige artl: en
vraagpoincten te werden gehoort soo heeft
sijn E: aangenomen aan het voorm: geEerde
dispositieff te sullen obedieeren onder Expresse
betuijging en protestatie nogtans van daar
door op eeniger hande wijse te litis contesteeren
maar dat alle exceptien defensien en wheeren
van regten gereserveert hiel waar van verstaen
is dese aentekening te werden gehouden
/:onderstond:/ in kennisse van mij /:was
Door heeren Commissarissen m:r Iacob van den Bosch, en
m:r Phillips Roehus kien is op heeden in rade overgebragt
de navolgende notul.
getekeend/"
NL-HaNA_1.04.02_2555_0710.xml,"getekend:/
Hakster adj: gesw: CElenc
Na welkers resumptie verstaen is deselve voor Communicatie
aentenemen en in de Crimineele rolle deses raads te doen
insereeren. /:onderstond:/ in kennisse van mij /:was getekent)
J„s Schuijlenburg secret:s
Geextraheert uijt de Crimineele ro
van den agtb: raad van Justitie dese
Casteels en accordeert
Batavia datum ut Luyna
Haksteen
ad„t Gesw: Clercq"
NL-HaNA_1.04.02_2555_0711.xml,
NL-HaNA_1.04.02_2555_0712.xml,No: 10.
NL-HaNA_1.04.02_2555_0713.xml,"434
Saturdag den 5„e Ianu=ij 1743.
Present den Edelen heere praesident ipem
de heeren Raden en g'assumeerde Leeden in
desen.
Den prointerim advocaet fiscaal van india exhi„
beert hier nevens ingevolge de notulen van desen
rade de dato 13:' xber: anno passato eenige op gestelden
articulen en vraagpoincten met versoek
dat den thans gegijselden m:r Willem Vincent
Helvetius mag werden geordonneert en des
noods gecondemneert om daerop na waerheijt
te andwoorden.
Den Raad de g'Exhibeerde articulen
met aandagt hebbende geresumeerd Condem„
„neert den gegijselden m:r willem Vincent
Helvetius op deselve ten overstaan van
commissarissen uijt desen rade Cathagorise
en na waerheijt te andwoorden /:onderstond
in kennisse van mij /:was getekend:/ g„
Schuijlenburg Secrets:
Geextraheert uijt de Crimineele
rolle vanden agtb: raad van Justitie
deses Casteels en accordeert
Batavia datum int supra
H:Paksteen
Ad J: Gese Clerck
O"
NL-HaNA_1.04.02_2555_0714.xml,
NL-HaNA_1.04.02_2555_0715.xml,
NL-HaNA_1.04.02_2555_0716.xml,N„o 17.
NL-HaNA_1.04.02_2555_0717.xml,"435
Op Heeden den 29:' decemb:r 1742 Articulen, en Vraag
poincten omme daer op ter
Compareerde voor heeren Commissarissen uijt
Requisitie van m:r Nicolaes
den agtb: raad van Justitie des Casteels
Batavia m:r Iacob van den Bosch, en
m:r Phillippus Roehus Kien benevens Iongsma pro interim ad„
vocaat Fiscaal van india
mij Pieter Hakstem adj:t gesw: Clercq
Rat: off: req:t en ten overstaen
van wel gem: haar agtb: den hier besijden
genoemde m=r Cornelis Phillips gesus„
van heeren commissarissen
pendeert advocaet fiscaal van india
uijt den agtb: Raad van Justitie
thans 's heeren gegijselde dewelke inge„
„volge het dispositief van Evengenoemde deses casteels gehoort en onder„
rade de dato 27:' deser op de onderstaende vraagt te werden M:r Cornelis
articulen naaukeurig zijnde gehoort
Phillips gesuspendeert
daer op zodanig geantwoort heeft als in
margine van ider „ vraagpoincten aenge, advocaat fiscaal van india„
de
thans 'sheeren gegijselde en gereq:
tekend staat
den gereq: segt niet te hebben geweeten
dat de chineesen in de boeijen gevangen
laten voor dat de Copier den 9:e october een
en ander mael het gevaer voor oogen
heeft gestelt door de veel-heijd van dien
waer van er tot 60. à 70. off meer in Een
planke off bamboese hok het welk
niet anders was gedekt als met oude
riggelsen pannen van boven, gevangen Laten en kel met een touw om de
armen, dat hij gegijselde dat pericul volgens sijn pligt al aanstonds off
bij de Eerste gelegentheijd en spiciael den selvde 9. des sondag savonds
aende gouverneur generaal ter kennisse hebbende gebragt daer op heeft
tot andwoort gekreegen dat sijn hoog Edele des wegens met zijn bij hebbende
haen zoude spreeken en hem geq: wel nader laten weeten wat daar omtrent
Raden
te doen, dat hij gevraegde vervolg:s des morgens den 10:' daar aan in het
casteels ontbooden zijnde van sijn hoog Edelheijt valkenier uijt name
Twee hondert en in dedertig chineesen
laaten massacreeren een getal van
Off de gegijselde en gerep:d op den 10:' cob: 1740
niet gegaen is in 'sComp:s boeijen en
aldaar in sijn tegenwoordigth:d door
sijne substitutien en kaffers heeft
artl: 1.
van"
NL-HaNA_1.04.02_2555_0718.xml,"van zijn Ed: en van zijn bij hebbende rade ordre heeft gekregen om de
chineesen in de bolijen op de stilfte wijse van kant tedoen maken, tot
behoud van het stadh:s en van het geener in en op was, en om uijt name
aan
als boven die ordre ook na den bailliuw Bokesteijn bekent tema
voor sooverre de burger bolijen betroff, dat hij geq: sijne geweldigers
ontboden hebbende met een van deselve sijne twee lijff caffers en
Een lijfjongen is geen gaen na het huijs vanden Ed: heer president
m:r Iacob Lakeman om sijn Ed: van de bekomene erfst ten overdl
kennis te geeven dog tot andwoort heeft ontfangen dat sijn Ed: niet
thuijs maar op zijn wagt was, wanneer de geq: met sijne politicque
commissie die geen uijtstel lijden kon maar waar in periculum in mor
was, is gegaan nade Cipiers woning alwaar hij de voors: ordres uijt nam
als vooren aan sijne geweldigers heeft overgegeven dewelke deselve door
hunne Caffers hebbe laten executeeren, sijnde hij gereg: intusschen
de Cipiers wooning geweest ertoff en aan gegaen, en somtijds er ook
Leeve
wel bij geseeten, dog het nette getal vande om het selve gebragte Chin
„sen niet teweeten, nog ook wie deselve sijn geweest, of waer van
daan gekomen waren
beantwoort met arth: 1.
als van zijn bij hebbende raden
antwoord als op artl: 1. op de ordre Off de Gegijselde dies tijds soo tegen
gegeven soo uijt naam van sijn hoog Edele, de justitie niet gesegt heeft dat hij
sulx liet doen ter ordre van den
gewesen gouverneur generael
Adriaan Vaeckenier
O
vanden heer gouverneur generaal, de cipier als andere sceppoosten van
Door welke persoon ofte persoonen
hem gegijselde daar toe ordre of
qualificatie gegeven is.
4:
2.
3.
A
wo"
NL-HaNA_1.04.02_2555_0719.xml,"437
Segt Jacaes booren
vervalt
Segt mondeling gelijk „ ordres in die, soo ja off deselve mondeling Hof
tijd gegeven sijn soo veel hem gereg: schriftelijk is geweest
bekent is, sijnde het doenmaels
ook geen tijd om schriftelijke ordres te requireeren, daar de halve staat
genoegsaem in debrant stond, ende vijanden van buijten aan val deeden,
mitsg:s door trompette geklank wiert uijt geroepen dat Een ijder sig op
peene des doods op sijn beschijden plaats aanstonds moeste begeven,
en segt verders dat sijn Edelh:t valckenier die mondeling gegevene
e
last nooijt heeft, ontkend, maar selvs van sijn gereq: een verklaringe
dierwegens gereq:t, dien hij op sijn versoek ook gegeven en beEedigt heeft.
Jn gevalle schriftelijk over den heeren
commissarissen versogt deselve den
gegijselden aftevorderen
off de gegijselde die ordre ontfangen
segt als op ortl: 1. aan het huijs
hebbende daar van ten Eersten ken„
van den Ed: heer president te sijn ge„
weest maar sijn EEd: niet gevonden nisse gegeven heeft aan den Ed:
te hebben, dog dat hij sijn Ed: des heer president en raaden van
justitie deses Casteels.
anderen daags smorgens voor
sijn geq:e wooning in de charet
tegen
sittende onder anderen daar van
van
dat hij kennisse heeft gegeven ter occagie hij sijn Ed: hadde staende gehouden
den om kenniesse tegeven dat 'er een vengster in des Ed: heer ledige
woning alder naest heem gegijselde op de boven voor de kamer
des nagts waps op en geraekt, ende gegijselde versogt dat de jongens
met desleutees mogte komen om te ondersoeken hoedanig sulx was
off de Gegijselde inderdaat van gem:
valckenier daartoe ordre gekregen
toe
„alle
heeft.
4.
7."
NL-HaNA_1.04.02_2555_0720.xml,"vervalt.
eantwoord met artl: 7. en
zoo meen waerom zulx niet
toe gekomen, na welk de geq: voors:) zijne ordres en dies uijtvoering
ook heeft verhaall en daer op door sijn Ed: niet anders tot andwoort
bekomen als wat seijden deselve, en hoe hielden zij sig, dat hij
gereq: gesegt hebbende dat 'er maar twee bij sijn weeten Eenige
weijnige woorden gesprooken hadde welkens sin met Een aan sijn
Ed: heeft op gegeven, zijn Ed: daer op repliceerde ja het is een
hard en obstinaat volk, dat heb ik gesien, of diergelijke woorden
in substantie, segt voorts dat hij aan de raden van Justitie er
gen kennisse van konde geven dewijl er Een gedeelte van nade schepen
op de rhee, de andere verstrooijt of in andere dienst beesig waeren,
ende justitie soo wel als de gods dienst dies tijds stil stond buijten
en behalven dat het ook geen zaken waren die d' raad als doen nog
concerneerde, sijnde het ondersoek na de rebellie en dies ontheuren
Eerst den 18:' daar aan volgende heeren ondeenenisseesen scheepen ont„
„trocken en aan den raad overgeweesen.
dat ook met die last niet konde gedaan heeft
gesammelt worden, en dat in dien
'er in midders een ongeluk gebeurd was zulx heem gereg:t geimpu„
teert en voor zijn reecq: geloopen soude hebben
segt neen de brieeiuw boofersteijn off de gegijselde ten dage voors:
diengeheelen dog niet gesien nog aan den geweesen baulliu pieters
Bookesteijn uijt name van gem:
gesprooken te hebben, maar dat
volckenier mede niet geordon„
van de Cipier Retting van daan
komende hij gereg: direct is neert en aangesegt heeft alle
10.
zoo ja wat als dan daar op
gedaan en geresolveert is
gegaen
de
8.
g.
.
g"
NL-HaNA_1.04.02_2555_0721.xml,"439
gegaen na het bordes van het stad„ de Chineesen in de burgers boeijven,
huijs bij den Ed: heer Collonel dehase insgelijx te doen massacoeeren
die aldaar op de wagt was aan
wien hij zijne last uijt name „ op artl: 1. heeft bekent gemaekt
als
en dewelke daer op aenstonds door den Coopman en doenmaels
administrateurs van het kijser maguasijn van oord den bailliu
heeft laten aanseggen aenstonds in de burger boeijen te komen aldaer te be„
ginnen en voort te gaen met Een Exploict gelijk in sComp:s boeijen
was geschiet waer toe sijn geq: geweldigers en Coffers nog sijn gepres„
geworden Even nadat hij gereq: na het casteels was gegaen om aen
te
sijn Edelheijt rapport te doen
Segt te gelooven van ja maar er niet
present of omtrent te sijn geweest
segt haar niet geordonneert te heb„ of de gegijselde daer toe zijne sub„
ben maar dat deselve daer toe gepresistituten en Cafbers niet gegeven heeft
sprekt sijn soo hem geq: onderrigt
is door zijn volk en dat sij ook doenmaels elkanderen uijt haar
selvs geadsisteerden daer het nodig was.
Off de Gegijselde ten tijde voors:
segt niet te hebben geweeten dat 'er
impotente Chineesen aan 't huijs vande niet geordonneert heeft de impotente
stads meester sijn geweest en er oversulx chineesen aen het huijs van den
geen order toe te hebben kunnen geven stadsmeester temascacreeren
wanneer de gegijselde door zijne
segt hem gerel: niet voortestaen dat
geweldigers daar van rapport gekregen heeft
hem 'er iets va reete van is gesegt
als nu Eenige maenden geleden wanneer gehoort
heeft dat 't ter ordre vande bailliuw was geschiet.
of zulx ook niet geschiet is
153
11.
12.
13.
14."
NL-HaNA_1.04.02_2555_0722.xml,"staan
vervalt
vervalt
vervalt
vervalt
gedaan en gesegt is dat al daar agt
stuks gemassacreert waeren
16.
of de gereg: hier toe almede ordre
van den voors: gouverneur gene„
nael gehad heeft
segt heem gereq: sulx niet voorte, of hem zulx dien Eijgenste dogh niet
Jngevalle schriftelijk werdende
heeren Commissarissen versogt den
selven van de gegijselde aftevorderen
Jngevalle de gregijselde deses ordres
niet van gemelte valckenier ge„
kreegen heeft werd hij gevraegt van
wie en waerom dese massacoen
uijtgevoert heeft.
of de gegijselde dese ordre en het
voornemen om voors:) impotenten
te massacreren almede ter
kennisse van den Ed: heer president
of dese agtb: raeden gebragte heeft
of niet.
zoo meen waerom zulx
niet geschiet is.
20.
b'antwoord en vervolt
21
15.
17.
18.
19."
NL-HaNA_1.04.02_2555_0723.xml,"21.
441
off de gegijselde niet bekent is dat
segt ja in zaken die de justitie
concerneeren dog dat hij ado:t fiss: Een advocaet fiscaal directel: sor„
van nederlands india zijnde ook teerd onder de ordres aande
president en raad van Justitie
diverse ordres aan de hooge re„
„geringe ontfangst dewelke tot
de justitie wt gehooren en daar ook geen kennis van behoeft gegeeven
niet
teworden en dat in tijden vande troubles hij gereq: soo wel als alle
sComp:s dienaren en burgers alle politicque militaire en burgerlijke
functien heeft moeten waerneemen als een onderdaan die getrou„
wigheijt gesworen heeft niet alleen aan haar hoog mogende ende
E: Comp: maar ook aan den gouverneur generaal ende raden
van india waar onder mede behoort voors: last omtrent op gevatte
rebellen die gedeeltelijk alvegtende bij troupen van 10. en 20.
in gebragt, gedeeltelijk uijt haar brandende huijsen door dese en
geene leevindig opgepakt waren, en soo in de boeijen zijn gekomen;
P: S: en dat hij in alle gevalle de ordres hem bij sulke
omstandigheden doar of uijt name van zijn oppergebieders
en souverainen in dese landen gegeven na alle regten
gehouden is te agtervolgen, en sulx ook sine dolomalo
sonder quader trouwe en absque delinquendi animo
gedaan te hebben, en sig te hebben verbeelt dat erselvs
recompens oververdienden, boven en behalven dat ook
nooijt hij gereq: door de regeering er over is aengesprooken
of geroepen, dat ook nog de Ed: heer president of Eenig
lid van den raad in de vergadering er van heeft gerept„
ofer iets van laten aentekenen soo min als den kerken
raad woijt heeft gedagt dat er quaad aan was gedaan,
hebbende selvs de predikanten vande publicque
predikstoelen en inde Conversatien ja in gedrukte
leer reedenen de massacre in't generael aangesien
als ons Eenigste middel an ontkominge, waer door
de stad"
NL-HaNA_1.04.02_2555_0724.xml,"worden
Segt dien avond met abeleven
de staden Colonie behouden is, die zoo lange van binnen niet desuijvent
en gerust was, tegens die van buijten niet konde gedefendeert
segt Neen maar dat den Coopman wijders werd de gegijselde gevraagte
Abeleven uijt het Casteel komende of den Coopman abraham Abeleven
hem heeft bekend gemaekt dat er op den 11:' october voorsz niet bij hem
gekomen is en versogt heeft zekere
Een Chinees in sijn stal verborgen
Chineese die hij in sijn huijs gesal„
was dat hij geg:e hem daar op heeft
voorgesteld het gevaar van brand in veert en verborgen hadde onder de be„
dat blok en geen chinees daar met ge„„ scherminge van de Comp:s te accepteeren
rustheijt te kunnen dulden, dat ook de
coetfiers met de swaerte jongens om brand voortekomen rond om patrouilleerde
en dat ingevalle die van wel het ander gemeen volk mogt ontdekken dat er een
Chinees in sijn stal was hij somtijds daar door molesten zoude kunnen krijgen
weshalven hij hem ried denselven Chinees telaten loopen off aan de caffers
overtegeeven wanneer hij gegijselde ordre soude geven dat hij nade bolijen
wierd gebragt.
23.
Met het voorige artl: beantwoord wat de gegijselde daer op geantwoord
heeft.
Beantwoort
in zijn stal te sijn gegaan.
off de Gegijselde terwijl voors
Abeleven en desselvs huijsvrouw
„van hem
aan het huijs „ gegijselde waeren sigh
niet vervoegt heeft in de wooningh van
gesegde abeleven.
Of niet gezegt heeft dat sulx niet
mogte geschieden en dat hij Abeleven
best soude doen den gemelte chinees
maar uijt zijn huijs te zetten
25.
22.
26
-
24."
NL-HaNA_1.04.02_2555_0725.xml,"26.
443
Zegt Neen.
off de gegyselde daer op mede met
sigt dat A beleven de raad van
Een pistool niet geschooten heeft
den geg: om de Chinees aande Coffers
overtigeven niet heeft willen volgen,
om dat hij bedugt was dat de caffers denselven mogte ontweldigt worden,
En hij dus door de Coffers off door andere mogte mishandelt werden, met bij
volging dat hij wel ordre soude stellen dat 'er geen gevaer voor die
chinees tedugten was, dat hij Abeleven daar op van hem gegijselde af„
gegaan en Eenige tijd daar na wederom gekomen zijnde gesegt heeft
daar is nu geen swarigheijt meer voor hem, of diergelijke woorden
in substantie, versoekende den geg: mede in desselvs stal tegaan al„
waar hij den Chinees gekrust heeft vinden leggen stel togen, en steuren,
dat hij geg: gevraagt hebbende hoe men dat steuren nog konde hooren
en waerom men hem waar niet in't geheel uijt sijn lijden hielp, dat
daar op Een swarte jongens nader gegijselde pistool het welk bij in
die tijd altoos tot defensie bij sig had; getast hebbende, en den geg: heet 3:
selve in hauden van de swarte jongen niet betrouwende, het selve
ter sijden den Chinees heeft Las geschooten sodanig dat het kogeltje
nog terug gestuijft is tegens het been van Een daar bij staende swarte
jongen.
P: S: Zeggende verders dat wanneer hij geg: met
Abeleven nadestal waas gaende dese hem geq: verhaalde
dat sijne jongens den Chinees in het op klimmen van
de trap na boven met de kris hadde gestoken, waerop
de Chinees nog hadde gezegt, waar om handelt gij
soo met mijn. —
off die Chinees doen aldood was dan
segt dat denselven te sul togen zeijde
Off bij gegijselde aldaar geen ordre
gegeven heeft den voors: chinees
dood testeken ofte schieten.
niets.
29.
de
ord
6
28.
27."
NL-HaNA_1.04.02_2555_0726.xml,"29.
verpalt
segt aanstonds te sijn heen gegaan, sonder Off hij gegijselde heet doode en vermoorde
lichaam niet in deburg wal heeft
teweeten wat 'er mede gedaan is en 'er
geen, onder toegegeeven te hebben.
doen smijten.
30.
Door welke persoonen zulx geschied
off hij gegijselde 't zelve geschied sijnde
segt met A beleven tesamen nade
stal te sijn gegaan en gesamentl: ook niet wederom na sijn eijgen wao„
weder terug gekeert te sijn, mitsg:s ning gegaan is, en aldaar tegens
soo hem geg: voorstaet met elkanderen abeleven niet gesegt heeft dat de
Chinees al dood gestoken en ge„
dien avond nog g'Eeten te hebben.
schooten was.
segt geen wreedheijt begaen te hebben, wat hem gegijselde tot die wreedh:t
bewoogen heeft.
en al had hij in die toe stand op de
chinees geschooten, en geraekt, sulx
eenlijk maar uijt compassie soude sijn geweest, om hem uijt sijn lijden te helpen.
33.
gegeven sijn nog daar toe ontboden
te sijn geworden.
1740. ten dage of daags daer aen
als sijn hoog Edelheijt den heere
gustaeff Willem Baron van
Imhoff c: S: nog raad ordinaris
genomen
sijnde in arrest gekomen is:) alleen
dan wel met en beneffens meer andere
officieren geen speciale laste
van den gouverneur generael
Valckenier gekreegen heeft
om niemants ordre als de sijne teobedieenen
segt dat aan hem geg: nooijt sulke ordres Off de gereq: niet op den 6:' of 7. xber:
34:
55
is.
31.
32.
Seg"
NL-HaNA_1.04.02_2555_0727.xml,"34.
445
off de Gegijselde zulx ook aange„
vervalt gedeeltelijk, en sigt verders
vervalt
valt
vervalt
geen ordres boven gem: heeren ra„
lopende ooijt ontfangen te hebben
Off hem gereq: voor de dagh van
sogt Neen nooijt voor dat het arrest
voors: arrest door geseijde gouverneur
geschiet is, daer iets van te hebben
geweeten, en doen hij het saggesehir„ generael daar omtrend geen ordre
den sijn Eijgen oogen „ naaulijx of kennisse gegeven is.
konde gelooven, en dat hij nog voor,
nog na, nog met raad, nog met daad, nog schieftelijk, nog woordelijk,
„direct„
nog door zijn selvs, nog door andere „ off in direct daar in het geringst 3:
part off deel heeft gehad. —
segt Neen nooijt tevooren, en dat na
dato het door Een ijgelijk is gesien
van hem geg: gekomen.
Off hij gereq: ten minsten daer
van niets geweeten heeft ofte
de mede gegijselde m:r willem
Vincent Helvetius of ijmand
anders.
en geweeten, en soo ook ten kennisse verstaen gekreegen heeft door
Zoo Ia waer in bestaen heeft
38.
off de Gegijselde deselve ook
uijtgevoert heeft
36.
waar in alle deselve bestaan
hebben
nomen heeft in dien tijd, en off daar
nae ook Eenige ordres ontfangen
heeft.
40.
35.
37.
39.
een
dere
pen."
NL-HaNA_1.04.02_2555_0728.xml,"48.
te hebben.
arrest„
segt niet meer als niet andere heeren, off de gereq: al Egter niet moek
en op andere tijden, dat selvs ook
bekennen dat hij omtrent die
des geg: vrouw heel siek was
tijd extra ordinaire grote en
gelijk deselve ook op den 12:' xber: is
dagelijxe omme gang gehad heeft
met gemelte Gelvetius.
41.
overleeden.
segt Neen maar heen na dato wel
een gedeelte van zekere brieff
na het vaderland voorgeleesen
segt van het Eerste niet te hebben
kunnen oordeelen, en nopens het
verder gevraegde neen.
wat de brieven en substantie
segt de voorgelesene periodes te beheelen
Eenige korte redenen en de heer Valckenier
behelsen
hadde tot het doen van het dan van het
Aldus bij mij opgesteld
Batavia Den 27:' xber: 1742.
/:was getekend:/ N:s Iongsma
43.
off hij Helvetius sig zelven
daer mede niet Extra ordinair
gekittelt. ende gegijselde te
kennen gegeven heeft dat hij
doar de hand mede in had.
off dezelve hem gegijselde
niet op zekere tijd heeft ge„
communiceert de brieven door
den gouverneur generaal
valckenier na het vaderland
gesonden over het gedrag vande
drie gearresteerde Edele heeren
42."
NL-HaNA_1.04.02_2555_0729.xml,"447
op alle welke artl: de gereq: en geg: verklaerde
na waerheijt geantwoort te hebben, en geschieden
het selve in de raad camer van boven gem:
rade ter presentie als in margine /:was getekend/
Corn:s Phillips /: ter zeijde stond:/ ons present als
commissarissen /:was getekend:/ Iacob van den bosch„
en P: R: Kien /:lagerstond:/ Toirconde getekeend
P:r Haksteen atj:t gesw: Clarcq.
G: collationeerd en accordeert
Batavia den 8:' Januarij 1743.
Hbaksleen
Ed„s Gesw: Clercq
E"
NL-HaNA_1.04.02_2555_0730.xml,
NL-HaNA_1.04.02_2555_0731.xml,
NL-HaNA_1.04.02_2555_0732.xml,"De andwoorde articulen
den Gegijselde en gesuspendere
odv:t fiscaal Wr Corn:s Phillips
door
No: 18."
NL-HaNA_1.04.02_2555_0733.xml,"gaende papieren concernee„
„rende de zaake van den gewe„
„sen heere gouverneur generaal
Adriaan valckenier C: S:
Originele missive door den praesident en de leden
van den Raad van Justitie des Casteels batavia, aan
e
gesz: in dato 27 maart 1743
de Vergadering van t
Notul gehouden in rade van
Iustitie des casteels batavia
de dato 5:e Januarij 1743 en het. . N:o 1.
req:t waer van in gem: notul werd gemeld. - -
Een dispositieff van dato 9. '
Register der nevens
Ianuarij 1743 - - - - - - . „ 2.
beandwoorde en gerecolleerde
1. van den geq: m:r Willem
Commiss: in
de dato 7. Janu: deses
en den 9. daar aan overgebragt - - - „
Een recollements acte van
den geg: m. r Cornelis Phillips
de dato 14. Janu: laastleeden - - „ 5.
Een notul gehouden bij heeren
Commiss:s van dato 14. ' Ianu
en den 19. daar aan overgebragt. „
Een Extract uijt de netulen
van het gebesoigneerde en gere„
solveerde in rade van India
de dato 18. december 1742.
Tweed:o van dato 15:' Jann: 1743 - - - „ 8. 9.
. „ 3.
2
3: bezending
6.
-. „ 1."
NL-HaNA_1.04.02_2555_0734.xml,"Deandwoorde articulen
den Gegijselde en gesuspenderde
adv:t fiscaal W: Corn:s Phillips
door
No: 18."
NL-HaNA_1.04.02_2555_0735.xml,"Register der nevens
gaende papieren concernee„
„rende de zaake van den gewe„
„sen heere gouverneur generaal
Adriaan valckenier C: S:
Originele missive door den praesident en de leden
van den Raad van Justitie des Casteels batavia, aan
de Vergadering van 17e: gesz: in dato 27 maart 1743
Notul gehouden in rade van
Iustitie des casteels batavia
de dato 5:e Januarij 1743 en het. . N:o 1.
req:t waer van in gem: notul werd gemeld. - -
Een dispositieff van dato 9. '
beandwoorde en gerecolleerde
art: van den geg: m:r Willem
vincent helvelius - - - - - - -„ 3.
Ianuarij 1743 - - - - - - - „ 2.
Notul gehouden bij heeren
Commiss:s uijt wel gem: rade
de dato 7. Janu: deses Jaars
en den 9. daar aan overgebragt - - - „
Een recollements acte van
den geg: m. r Cornelis Phillips
de dato 14. ' Ianu: laastleeden - - „ 5.
Een notul gehouden bij heeren
Commiss:s van dato 19. ' Ianu
en den 19. daar aan overgebragt
Een Extract uijt de netulen
van het gebesoigneerde en gere„
solveerde in rade van India
de dato 18. december 1742.
Tweed:o van dato 15:' Jann: 1743 - - - „ 8. 9.
- - „ 1.
-
4.
6.
„"
NL-HaNA_1.04.02_2555_0736.xml,"Een dispositieff van desen rade
de dato 19. Janu: laestleeden
waar bij de versogte incarceratie
op de persoon van m:r willem
vincent helvetius voor als
nog is ontsegt - - - - - „ N:o 10.
Een register der stucken nev:s
versoek overgelegt - - - - - - „ 11.
beandwoorde art: door de heer
Ian hendrik van panhuys: C: s. . . „ 12.
_„o door Christiaan lodewijk
knabe C: S:
drie dispositiven bij desen rade
geslagen de dato 6. ' febr: deses
Jaars - - - - - - - . „ 14. 15. 16.
beandwoorde art: door den
gewesen Commissaris der
inlanderen ferdinandus de
Roij - - - - - - - - - - „ 17.
_„o door eenen Bailjaert „ 18.
drie dispositiven op den 4. '
maart daar aanvolgende
bij desen rade geslagen
„ 13.
Twee notuls gehouden in
Rade van Iustitie de dato
4. maart even gem: - - - - „ 22. 23.
Een motul gehouden bij heeren
Commiss:s uijt den rade van
Justitie de dato 5:' maart daar
aan volgende en het daar agter
staende dispositieff ten
selve dage geslagen
„ 19. 20. 21.
-
- „ 24."
NL-HaNA_1.04.02_2555_0737.xml,"hem Notul gehouden bij heeren Commiss:
uijt den raad van den 6. maart deses
No: 25.
Jaars - - - - - –
beandwoorde en gerecolleerde arti„
„culen van den heere gewesene gouver„
„neur generaal adriaan Valkenier „ 26.
„bij heeren commiess Justitie
Een notul gehouden uijtrhade van„
de dato 9. ' maart 1743. - - - - - „ 27.
Een notul gehouden bij heeren Commiss:
de dato 18. der even gem: maant maer't
en den 25. daar aan overgebragt in
rade van Justitie - - - - - „. 28.
vijff dispositiven by wel gem: rade
geslagen in dato 25. maart deses
jaars - - . . . . . . „ 29. 30. 3132 en 38.
twee notuls op even gem: datum in
# rade van Justitie gehouden - - - „ 34. 35.
Een dispositieff bij desen rade
geslagen de dato 27. maart deses
Jaars - – – – – – - – „ 36.
het contra versoek door den
pro interim advacaat fiscaal
gedaan met de daar agterstaende
Aldus Geregistereert
Batavia den 27„e maart 1743.
dispositieff - - - - - - - „ 37.
Gansteen
ƒ
Ads„s Gesr: Clereq"
NL-HaNA_1.04.02_2555_0738.xml,Register
NL-HaNA_1.04.02_2555_0739.xml,"448
Lama
Aan de Edele Hoog Agtb: Heeren Bewindhebberen,
Ter illustre Vergadering van de seventhienen Gecommitteerd,
Repraesenteerende de Generale VerEenigde Nederlandse Geoctroijeer„
„de Oost Indische Compagnie ter Prasidiale Camer,
Amsterdam;
Wel Edele Hoog Agtbare, Wijse,
Voorsienige, en seer Genereuse Heeren.
In vertrouwe dat onse Laaste Eerbiedige Let„
„teren van dato 7:' Januarij Laastleden, bij
Tot
uw"
NL-HaNA_1.04.02_2555_0740.xml,Register
NL-HaNA_1.04.02_2555_0741.xml,"448
Lama
Aan de Edele Hoog Agtb: Heeren Bewindhebberen,
Ter illustre Vergadering van de seventhienen Gecommitteerd,
Repraesenteerende de Generale VerEenigde Nederlandse Geoctroijeer„
„de OostIndische Compagnie ter Praesidiale Camer„
Amsterdam;
Wel Edele Hoog Agtbare, Wijse,
Voorsienige, en seer Genereuse Heeren.
In vertrouwe dat onse Laaste Eerbiedige Let„
„teren van dato 7:' Januarij Laastleden, bij
Tot
uw"
NL-HaNA_1.04.02_2555_0742.xml,"uw Edele Hoog Agtbare te sijner tijd
zullen wesen ontfangen; zoo zullen ons tans
daar aan met veel eerbied gedragen, uijt
welkers inhoud onder anderen uw Edele
Hoog Agtbare sal zijn gebleken, hoe dat
binnen weijnige dagen stond voortgang te
nemen de beandwoording door den gegijselde
Mr: Willem Vincent Helvetius op de ar„
„ticulen die aan ons kort bevoorens ter lec„
„ture, en approbatie door den pro interim ad„
vocaat fiscaal waren geExhibeert, ten ver„
„volge van het welke wij ons verpligt vinden
thans uw Edele Hoog Agtb: te bedeelen, dat
gemelte Helvetius de hem voorgehoudene
articulen ten overstaan van Commissaris„
„sen uijt onsen Raade sodanig heeft beandwoord,
als dies copia hier nevens leggende Uw Edele
Hoog Agtbare des behagende sal komen aen
te wijsen, dog bij welcke occagie hij aan Com„
„missarissen betuijgt heeft gehad, wel bereijt te
wesen, aan het voormelte dispositieff te obedieeren,
maer
57"
NL-HaNA_1.04.02_2555_0743.xml,"450
maar aan haar Hoog Edelens een versoek
hadde gedaan, zoo tot recusatie van den heere
Praesident, als van den pro interim advo„
„caat fiscaal m:r Nicolaas Iongsma,
omtrent welke laaste hij Helvetius tot nog
toe geen het minste besluijt ontwaard hadde,
dierhalven in consideratie quam te geven, of
daar uijt in der tijt niet een nulliteijt zoude
kunnen voortvloeijen, sustineerende verders
dat sijne bereijtwilligheijd om te respondeeren
in geenendeele zoude kunnen of mogen praeju„
„dicieeren de Exceptien die den gewesen Gouver„
„neur Generaal Adriaan Valckenier
zoude mogen proponeeren, en eijndelijk dat
dewijl hem de woorden van het mandament
waar bij geinjungeert was, geen goederen te
veralieneeren, vergeten waren, en hij penningen
benodigt zoude hebben tot het doen van sijn
menage, versogt, dat hem oversulx eenlijk de
dispositie van geciteerde mandament eens
mogte"
NL-HaNA_1.04.02_2555_0744.xml,"mogte werden voorgelesen, ten fine sig daar
na te kunnen reguleeren, wanneer al het
voorenstaande door voormelte Commissarissen
zijnde gehouden ad referendum, is bij den
Raad het selve eenlijk aangenomen voor
communicatie. —
dat wijders door den burger Pieter in
den Haag als Oom van den gegijselde Fer„
dinandus De Roij, zoo voor hem, desselvs huijs„
„vrouw, als ook uijt name van de huijsvrouw van
gemelte De Roij, op den 5:' Ianuarij, aan ons
zijnde gepresenteert seker Request, en daar bij
versogt acces, en toegang bij gemelte De Roij,
hebben wij na genome resumptie van het selve
Request bevonden, dat dies middelen contineer„
„de verscheijde sugillatien, inpudente, aanstotelij„
„ke, en leesive Expressien, even of wij tegens
het regt, en de billikheijt ten reguarde van
hem De Roij hadde te werk gegaan, zoo
hebben wij ons genootsaakt gevonden, in
plaats"
NL-HaNA_1.04.02_2555_0745.xml,"452
plaats van op dat versoek te disponeeren,
het selve door den secretaris deses Raads te
doen scheuren, en voor sijn voeten te werpen,
mitsgaders hem in den Haag te condemnee„
„ren in een boete van Twee Hondert Rd=s
ten behoeve van onse kamer, en wijders gein„
„terdiceert van sig ooijt te onderstaan, weder
diergelijke schandeleuse requesten in te dienen,
op peene, dat bij contraventie tegen hem vrij
rigoureuser mesures zoude werden genomen,
na het welk op den 9:' daar aan door geci„
„teerde in den Haag aan ons wierd gepre„
senteert, een ander diergelijk, dog vrij beter
geschikt versoek, het geen wij dan ook ten
voormelte dage hebben geaccordeert, en aan
deselve het versogte acces verleend; wanneer
naderhand gemelte De Roij na voorgaen„
„de resumptie, en condemnatie mede op arti„
„culen gehoort zijnde, deselve zodanig heeft be„
„antwoord, als de copia desen annex komt uijt
te"
NL-HaNA_1.04.02_2555_0746.xml,"te wijsen, zijnde nog ter requisitie van den
pro interim advocaat fiscaal ingevolge ons
speciaal geordonneerde, ten sijnen opsigte soda
„nigen enqueste belegt, en informatien inge„
„wonnen, als desen in copia tot speculatie
van uw Edele Hoog Agtbare al mede ver„
„sellen.
Na 't welk al verder door voorsz: De Roij
op den 4:' deser maand, aan ons is gepresen„
„teert seecker Request, en daar bij versogt dat
aan hem mogte worden verleend copia van
voorsz: sijn beandwoorde vraagpoincten, en
daar en boven dat uijt sijne gijseling simpelijk
dan wel onder belofte, en handtastinge van
des gerequireerd werdende, ten allen tijden we
„derom in persoon te zullen compareeren, ofte
op sodanige cautie, of borgtogt, als desen Raade
zoude goed vinden, mogte werden gerelaxeert
op welk versoek bij ons gedisponeert zijnde,
hebben wij aan denselven eenelijk het eerste
Lid
een
5"
NL-HaNA_1.04.02_2555_0747.xml,"454
lid, namentlijk copia van sijn beantwoorde
articulen geaccordeert, en het verder ver„
„sogte ontsegt, als te proematuur, niet tegen„
„staande den pro interim advocaat fiscaal op
het voorsz: versoek gehoord zijnde, quam
te declareeren in het tweede lid te weten
de relaxatie der gegijselde mede wel te kun„
„nen consenteeren, wanneer bij die occagie
den pro interim advocaat fiscaal niet al„
„leen onse bevreemding dierwegens wierd te
kennen gegeven, maar ook met eenen serieu„
„selijk gerecommandeert ten reguarde der
zake van hem De Roij sijn ampt, en
pligt te betragten. —
Zijnde wijders door voormelte De Roij op
den 25:' deser, weder aan ons op nieuw ver„
„sogt, dat hij mogte werden ontslagen uijt sijne
gijseling, immers ende ten minsten uijt 's
Comp=s boeijen, in desselvs wooning in gijseling
verplaast, op welk versoek den pro interim
advocaat"
NL-HaNA_1.04.02_2555_0748.xml,"advocaat fiscaal sig hebbende gedeclareert,
wierd het selve ontsegt, en gepersisteert bij
ons dispositieff van den 4:' deser. —
verders hebben wij nevens een besluijt van
haar hoog Edelens van dato 15:e Ianuarij, op
den 19:e daar aan, ingevolge den teneur van
uw Edele Hoog Agtbare geEerd aanschrijven,
van den 13:' december 1741. aan handen gekregen
de twee secreete brieven door den gewesen heere
gouverneur Generaal Adriaan Valckenier
aan uw Edele Hoog Agtbare afgesonden, na
welkers genome resumptie bij ons wierd ver„
„staan deselve te intrageeren aan den pro in„
„terim advocaat fiscaal, ten eijnde daer van
sodanig gebruijk te maken, als amptshalven
zoude nodig oordeelen. —
Ten welken dage al mede bij ons overgebragt is,
een Extract van het geresolveerde in Raade
van Jndia, in dato 15:e Januarij, waar bij den
gegijselde M:r Willem Vincent Helvetius.
d gijs=e
met
3a
1"
NL-HaNA_1.04.02_2555_0749.xml,"456
met sijn gedane versoek tot recusatie van
den prointerim advocaat fiscaal, zoo in
de zaake van hem, als in die van den gewesen
heere Gouverneur Generaal Adriaan
Valckenier aan desen Raade is gerenvoijeert,
en aan ons de dispositie dierwegens overgelaten,
dogh waar omtrent tot nog toe geen verder,
of nader instantie aan ons gedaan is, maer
wel integendeel op voormelte datum door
den pro interim advocaat fiscaal, die op
&
fundament van eenige nader ingewonne stuc„
„ken, met een ampel versoek is voor den dag
gekomen, en daar bij op nieuw geinsteert tot
incarceratie van de gegijselde M:r Willem
gijse
Vincent Stelvetius, mitsgaders tot arrest
inventarisatie, en sequestratie op desselvs goe„
„deren, dogh al het welke voor als nog door
ons ontsegt is geworden; gelijk wij ook op
den 25:e deser, op een nader versoek van gem:
pro interim advocaat fiscaal, ten selven
eijnde
1
—
„
e
3e
9
2
van"
NL-HaNA_1.04.02_2555_0750.xml,"t eijnde gerigt, de incarciratie met dies ge„
„volgen hebben ontsegt voor als nog, en geper„
„sisteert bij het dispositieff van den 19:e Ianu„
„arij voormelt, om dat ons geen nadere bewijsen
ter beswaarnisse van gemelte Helvetius
waren te vooren gekomen.
wanneer al verder door haar hoog Edelens bij
Extract uijt derselver geEerd besluijt van dato
18:' december 1742. ons ter communicatie is
gebragt, dat de renten op het capitaal van
seven en Vijftigh Duijsend Rijxdaalders, door
den gewesen heere Gouverneur Generaal
Adriaan Valckenier bij de ECompagnie tot
securiteit van de gevallene belasting gelaten,
was verstaan te doen cesseeren, en de bereeds
uijtgekeerde intressen: door de gemagtigdens
9
van den gewesene heere Gouv:r gener: Valcke„
„nier ongeprejudiceert ons verleend arrest,
te doen remboursseeren in 's Comp=s cassa. —
dat wijders na dat de gegijseldens M:r Willem
Vincent
5
d
23
-
d
.
00
2"
NL-HaNA_1.04.02_2555_0751.xml,"458
Vincent Helvetius, en M:r: Cornelis
Phillips hunne beantwoorde articulen
hadde gerecolleert, en dat de laast gemelde sig
hadde beroepen op de getuijgenis van den oud
Coopman Ian Van Oort ten opsigte van
„de ordres die den gewesen heer Raad ordina„
„ris Elias De Haze aan den doenmaligen
bailliuw Pieter Bokestijn dies tijds zoude
hebben gegeven, omtrent het massacreeren der
chineesen in de burger boeijen alhier, zoo
heeft den pro interim advocaat fiscaal ge„
„melte van Oordt dierwegens op interroga„
„torien doen hooren, ten eijnde de waarheijd daer
van te ontdecken, dewelke dan ook sodanig heeft
geantwoord, als daar bij des gelievende kan
werden nagegaan, gaande dese enqueste al
mede tot speculatie van uw Edele Hoog
Agtbare over. —
Nog moeten wij al verder uw Edele Hoog
Agtbare communiceeren, hoe dat door onsen
Praesident
2
3
1
ƒ.
t"
NL-HaNA_1.04.02_2555_0752.xml,"President, op den 8:e februarij laastleden bij
ons is overgebragt de bijlaagen, bestaande in
drie deelen, gehoorende tot de secreete brieven
van datis 8:e Januarij, en 25:' Maart 1741. door
den gewesen heere Gouverneur Generaal
Adriaan Valckenier aan uw Edele Hoog
Agtbare afgesonden, wanneer wij deselve al mede
aan den pro interim advocaat fiscaal heb„
„ben overgegeven, en heeft zulks zoo ten opsigte
van de secreete brieven, als dese bijlagen niet
eerder kunnen geschieden, door de laate aan„
„komst van het schip Goidschalksoord, waar
mede deselve papieren waren herwaarts gesonden:
door Juff=r Catharina Colijns weduwe van
de heer M:r Isaac Massis, aan ons bij re„
queste versogt zijnde, te mogen hebben acces„
en toegang tot haaren schoonzoon den gede„
„tineerden gewesen heere Gouverneur Generael
Adriaan Valckenier, zoo hebben wij zulx
dan ook het selve aan haar geaccordeert, zoo
als
-"
NL-HaNA_1.04.02_2555_0753.xml,"460
als wij ook op het gedaan versoek van den
gegijselde m:r Willem Vincent Helvetius
als billik hebben toegestaan copia, zoo van
het mandament van gijseling, als dat van
interdictie, mitsgaders van de articulen waer
op denselven was gehoord, met de responsiven
door hem gegijselde daar op gegeven, waar na of
op den 4:' deser, den voormelte heer Adriaan
Valckenier op eenige articulen, en vraagpo„
„nicten van den pro interim advocaat fiscaal,
na dat deselve bij ons exact waren geresumeert,
is gecondemneert, omme daar op ten overstaen
van Commissarissen uijt onsen Raade catha„
gorice te antwoorden, dogh zoo als zulks daegs
daar aan zoude voortgang nemen, en dat hem
gedetineerde het voorsz: appoinctement van den
Raad was te verstaan gegeven, zoo heeft hij
betuijgt, dat wel genegen was te antwoorden,
mits daar door in sijn regt niet wierd ver„
„kort, nadien vermeende onder de Raad
van"
NL-HaNA_1.04.02_2555_0754.xml,"van staten te sorteeren, uijt hoofde van
Amsterdamse ouders, en wel van de sodanige
die over de 2. â 300 jaaren Regenten van
gemelte stadt zijn geweest, afkomstig was,
sustineerende alvoorens te antwoorden, dat het
: voorenstaande eerst door desen Raade behoorde
te werden gedecideert, en op fundament van
dien expresselijk weijgerende te antwoorden, wel
„ke geproponeerde Exceptie door Commissarissen
ad referendum genomen, en in Raade overge„
„bragt zijnde, zoo wierd bij dispositief van den 5:e
deser verstaan, dat gedane hooger beroep te rejec„
„teeren, en den heer gedetineerde verklaard al„
„hier te wesen voor sijn eenige en competente
Regter, dierhalven gepersisteert bij ons disposi„
„tieff van daags bevoorens, en mitsdien hem ge„
„condemneert als nog op de geExhibeerde articu
„len cathagorise te antwoorden, welk disposi„
„tieff den heer gedetineerde voorgelesen, en teffens
te verstaan gegeven zijnde, dat desen Raade
bij
is"
NL-HaNA_1.04.02_2555_0755.xml,"462
bij haar geslage appoinctement van den 4:'
deser persisteerde, zoo verklaarde denselven
daar bij ten hoogsten sig beswaard te vinden,
dog nademaal hij gedetineerde genootsaakt
wierd, om op articulen te antwoorden, hij
zulks dan ook zoude doen, onder expresse
protestatie nogtans van daar door in geenen
deelen te litiscontesteeren, maar te willen
blijven in sijn geheel, en behoudens alle excep„
„tien, defensien, en wheeren van regten, die hij
in der tijd zoude willen, of mogen doen propo„
„neeren, en daar op de voorschreven articulen
en vraagpoincten beandwoord, mitsgaders op
den 18:e deser behoorlijk gerecolleert, gelijk uw
Edele Hoog Agtbare in alle sijn omstandighe„
„en overgaande art=len
„den des behagende uijt de gehoudene notulen zul„
„len konnen nagaan; zijnde na dat de beandwoor„
ding was afgeloopen, door hem gedetineerde ver„
„sogt copia van gemelte articulen, en sijne daer
op gegevene antwoorden, mitsgaders ook van
het"
NL-HaNA_1.04.02_2555_0756.xml,"het dispositieff van den 5:' bevoorens, ten dee„
„rende het gerejecteerde hooger beroep, en
wijders dat aan hem wegens sijne indisposi„
„tie mogte werden gepermitteert een procu„
„reur te gebruijken, om sijne defensie te doen,
dan welke versoeken bij Commissarissen zijn„
„de genomen ad Referendum, wierd op den
25:' deser, bij ons verstaan de twee eerstgemelde
versoeken te accordeeren, en het laaste voor
als nog te ontseggen, na dat alvoorens ten
selven dage op een versoek van den pro interim
advocaat fiscaal, omme op eenige der beandi„
„woorde, en gerecolleerde articulen, den heer ge„
„detineerde nader, en cathagorise te doen ant„
„woorden, was ontsegt geworden
En hebben wij aan den heer Willem Mau„
„rits Bruijnink, die aan ons bij Requeste
versogt hadde, te mogen hebben acces bij desselvs
behuuwd broeder den gedetineerde gewesen heere
Gouverneur Generaal Adriaan Valckenier
voor"
NL-HaNA_1.04.02_2555_0757.xml,"4649
voor zodanige tijd, als desen Raade zoude
gelieven te accordeeren, na dat den pro inte„
„rim advocaat fiscaal daer in hadde gecon„
„senteert, het selve geaccordeert, tot nader dis„
positie, en zoo mede aan den heer Raad Extra„
„ordinaris Nicolaas Crul, als een mede
generale gemagtigde van den gedetineerde
heer Adriaan Valckenier, vermits den
pro interim advocaat fiscaal daar niets
tegen hadde, geaccordeert, en gepermitteerd, dat
den gegijselde m:r Willem Vincent
Helvetius, als een mede gemagtigde van
gemelte heer Valckenier, aan sijn Ed:e in qua„
„lite voorsz: zoude overgeven, alle sodanige obli„
„gatien, en schuld brieven, als onder hem Helve„
„tius ten voordeele van gemelte heer Valcke„
„nier, en ten laste van diverse chineesen be„
„rustende waren.
Eijndelijk vinden wij ons nog verpligt ter ken„
„nisse van uw Edele Hoog Agtb: te brengen,
hoe"
NL-HaNA_1.04.02_2555_0758.xml,"hoe dat van wegen den gegijselde, en gesuspendeer„
„de advocaat fiscaal M:r Cornelis Phillips
op den 25:' deser, aan ons is gepresenteert gewor„
„den, seker ampel Request, in sig vervattende
diverse onderscheijdene versoeken, en opgevult met
veele aanstotelijke bewoordinge, en notoire on„
„waarheden, welke Request, wij op het ver„
„soek van den pro interim advocaat fiscaal,
in desselvs handen hebbende gestelt, omme daer
op binne korte sig te declareeren, zoo heeft den
„selve op den 27: daar aan sig schriftelijk gede„
„clareert, en teffens een contra versoek gedaan,
tendeerende tot incarceratie van de persoon van
gem: M:r Cornelis Phillips, mitsg:s inventarisa
„tie, en sequestratie van desselvs goederen, wanneer
wij eenlijk aan hem gegijselde hebben geaccordeert
copia van sijne beandwoorde articulen, en
het daer agter staande Recollement, item copia
van de mandamenten van gijseling, en interdictie
tegens het veralieneeren van desselvs goederen, —
mitsg=s"
NL-HaNA_1.04.02_2555_0759.xml,"466
mitsgaders van het appoinctement, waar bij hij
gegijselde is gecondemneert, op de voorsz: arti„
culen cathagorise te antwoorden, en de
verdere door hem gedane versoeken, niet
alleen ontsegt, maar hem teffens geinterdi„
„ceert van diergelijke aanstotelijke Requesten
weder in te dienen, gelijk wij ook voor als nog
hebben ontsegt de contra versoeken door den pro
interim advocaat fiscaal, ten reguarde van
hem gegijselde gedaan. —
En nademaal wij thans niet meer of
anders uw Edele Hoog Agtbare desent„
„halven hebben te bedeelen, zoo zullen wij
in 't welneemen desen besluijte, en
uw Edele Hoog Agtbare persoonen
nevens Compagnies dierbare belangen
beveelen onder Godes bescherming, en
betuijgen dat wij met het uijterste
respect"
NL-HaNA_1.04.02_2555_0760.xml,"Batavia
desen 27:' Maart 1743.
Lakeman
Jacob van den Bosch.
J: V: Keverhouien
R Stapel
J: Compe van Meedernor
Barius
d
O:
Kien
JVcuijtent
Uw Edele Hoog Agbare Onderda„
„nige, en Gehoorsame Dienaren,
respect zullen blijven.
Wel Edele Hoog Agtbare, Wijse,
Voorsienige, en Seer Genereuse Heeren
oenad.
G"
NL-HaNA_1.04.02_2555_0761.xml,
NL-HaNA_1.04.02_2555_0762.xml,
NL-HaNA_1.04.02_2555_0763.xml,
NL-HaNA_1.04.02_2555_0764.xml,
NL-HaNA_1.04.02_2555_0765.xml,"4168
Saturdag den 5„en Januarij 1743.
Present den Edelen heere President Item de
heeren Raden en geassumeerde leden in desen
heden door den burger Pieter Ingenhaag soo uijt
naeme van maria Bas huijsvrouw van den Coop„
man en gew: Commissaris tot de saken der inlander
ferdinandus de Roij als uijt de naem van Ingenhaag
en sijn huijsvrouw Susanna maurits aan desen
raade gepresenteerd en ondertekent zynde zeker
request en in't eijnde van dien verzogt dat sij bij
den selven ferdinandus de Roij die alhier in 's heeren
boeijen gegijselt was mogte werden vergunt vrij acces
en toegang dog bevonden zijnde dat het selve request
onder anderen Contineerde verscheijde sngillatien
Inputdente aanstotelijke en casive expressien, even
als of desen raede: tegens het regt en de billik„
„heijt ten reguarde van de gedecerneerde gij se„
„ling van gem: de Roij hadden te werk gegaen
soo is om eenmael alsulke vuijlaardige onder
neminge den pas afte snijden, ende voor den
aanstaende te weeren verstaen in plaats van op
het selve reg:t te disponeeren het selve door
den secretaris deses raads nadat daer van al„
voorens Copia autenticq illico sal wesen gemaekt
C„r Pieter
te doen scheuren en voor de voeten van hem „ Ingen
haag tewerpen mitsgaders gem: Peter Ingenhaag
over het presenteeren van dien in een boete van
twee hondert rd:s ten behoeve van dese Camer te
verte."
NL-HaNA_1.04.02_2555_0766.xml,"condemneeren, met interdictie van zig oijt te
onderstaen diergelijke schandaleuse requesten weder
in te dienen, op pane dat desen raede bij contraventie
tegens hem Ingenhaag vrij regoureuser mesures
sal komen teneemen / onderstond in kennisse van
mij /was getekent/ G:s Schuijlenburg secrets
g'Extraheert uijt het memoriaal
van den agtb: raade van Iustitie
deses Casteels en accordeert
Batavia den 1„e april 1743.
Haksteen
ad Wr Gesw: Clercq"
NL-HaNA_1.04.02_2555_0767.xml,"70
M:r Iacob Lakeman
raad Extra ordinaris van
nederlands India en president
benevens.
de verdere heeren leeden in den
agtb: raad van Iustitie deses
casteels
Aan den Edelen heere
Edele Heer en Agtb: Heeren
geeven aan u Ed: agtb: met diep schuldig Eerbied te
kennen maria Bax huijsvrouw en Susanna mouris
mitsgaders Pieter Ingenkaag behuuwd moeij en
oom van den Coopman en gewesene Commissarissot
de saken van den inlander ferdinandus de Roij
dat de supp:t tot haer en uytspreekelijke droefheijd
hebben moeten verneemen dat er door uEd agtb:
op den 27. der jongst afgewekene maand niet
alleen gijseling op den persoon van den supp:t voorm: man
en neeff verleend maar sulx ook op den 29. daar aan
„volgende in den vroegen morgenstond g'exploicteerd
is geworden waer in den selven tot heeden is continu„
„eerende, sonder dat erimand bij hem mag werden
ten
gelaten, dan aangesien de supp=ten de reedenen van
dien niet kunnen penetreeren, maar schoon sulx op
de aan klagten en beschuldiging van den een off den
andere quaad willige mogte wesen gedecerneert off
besloten, sig des niet te min ten vollen overtuijgt
en"
NL-HaNA_1.04.02_2555_0768.xml,"en gepersuadeert houden dat derselver meergem:
man en neff' sig aan geene de minste mis daad schuldig
heeft gemaakt welke sulke behandeling men swijge
diergelijkt strikte gevangenisse. dien hem veel ligt
binnen wijnig tijden wel te grave soude kunnen
doen d'alen komt te meriteeren, soo syn de supp. t sig
bij desen aan u Ed: agtb: addresseerende met oodmoedig
versoek dat bij derselver veel gemelte man en neeff
vrij acces en toegang mag werden verleend / onderstond
Twelk doende &.a / was geteekent/ Pieter Jngenhaag
ter zeyde stond gepresenteert den 5 Januarij 1743.
lager gecollationeert en accordeert met dies principael
het welk volgens notulaer besluijt van hedigen
datum is gescheurt geworden batavia den 5:' Jann 1743
was getekent P: haksteen adj:t gesw: clercq
gecollationeert en accordeert
batavia den 1. ' april 1743.
Hbaksleen
ad„e Gesw: Clercq
ƒ"
NL-HaNA_1.04.02_2555_0769.xml,743
NL-HaNA_1.04.02_2555_0770.xml,
NL-HaNA_1.04.02_2555_0771.xml,
NL-HaNA_1.04.02_2555_0772.xml,No: 1
NL-HaNA_1.04.02_2555_0773.xml,"472
Woensdagh Den 9=en Januarij Anno 1743,
Present den Ed: heere preesident item de heeren
raden en geassumeerde Leeden in deesen
door de Zupp: is aan den raad gepresenteert het navolgende request met
versoek als in't Eijnde vandien
Aan den Edelen Heere H
Iacob Lakeman raad Extraor„
dinaris van nederlands Jndia
en Praesident
Benevens
De verdere Heeren Leeden
van den Achtb: raad van Justi„
„tie deses Casteels —
Edelen Heere en Achtb: Heeren
Maria Base huijsvrouw,/ en Susanna mauris,
mitsgaders Pieter ingenhaag, behuwt oom en
moeij vanden coopm: en oud gecommitteerde
tot de zaeken van den inlander ferdinand de
Roij, geven aan uEd: en achtb: op het Eerbiedigste
te kennen, dat haar Even gem: man en neeff
op den 29. ' der Jongst gepasseerde maand ter ordre
van uEd: en achtb: binnen 's E: comp:s boeijen
in gijseling gebragt en aldaar tot heeden buijten
acces gebleven zijnde/ de zuppl: als zijne naaste
vrinden en maagen wel gaarne wenschten
een"
NL-HaNA_1.04.02_2555_0774.xml,"een vrij acces en toegang tot den zelven tie hebben
alwaar omme zij zig dan bij desen tot uEd: en
achtb: zijn keerende, met zeer ootmoedig versoek
en bede ten Eijnde uEd: en achtb: de goetheid ge„
lieven te hebben, haar zupp:t te permitteeren omme
derzelver meergenoemde man en neeff in zijne
voors: gyseling te besoeken, en dus aan haar een
vreij acces en toegang bij denzelven te verleenen
onderstond/:'T welk doende &:a was Getekent
Pieter ingenhaagh. /
Den Raad disponeerende op het bovenstaen
de versoek verleend aan de slupp=tn ter
behoorlijker tijd acces en toegang bij hun
man en met den ins' heeren boeijen
gegijselde ferdinandus deroij / onder„
„stond in kennisse van mij was getekent:/
J:s Schuijlenburg secrets:
Geextraheert uijt d' requst rol
van den agtb=r raad van Justitie
deses casteels en accordeert
Batavia - den Eersten april 1743
Hbaksteen
Ad C: Gesw: Clercq"
NL-HaNA_1.04.02_2555_0775.xml,
NL-HaNA_1.04.02_2555_0776.xml,"No. 2
„"
NL-HaNA_1.04.02_2555_0777.xml,"474
Articulen en vraag„
op heeden den 7„e Ianuarij
1743. Compareerde voorheeren Commis„ poincten opgesteld door
sarissen uijt den agtb: raad van Justitie M„r Nicolaas Iongsma Pro.
des Casteels Batavia m:r Theodo„ Interim advocaat fiscaal
„ van Jndia
ris van Reverhorst en m:r Reijnie,„ ral:n off: requirant en ten over„
stapel benevens mij Pieter hak„ staan van heeren Commissaris„
steen adj:t gesw: clercq van wel gem: sen uijt den agtb: raad van
Iustitie deses Casteels Gehoord
haar agtb:s den hier besijden genoemd
en ondervraagt te werden
m:r Willem Vincenthelvetius
dewelke ingevolge het dispositieff van M:r Willem Vincent hel„
dato 5: deser op de onderstaande articulen detius, ordinaris Lid in
naaukeurig sijnde gehoord daarop so„ den agtbaren Raad van
danig geandwoort heeft als besijden Iustitie deses Casteels
ider vraag poinct aangeteekend staat, thans 'Rheeren gegijselde
en gerequireerde. -
segt des sondags smorgens in destad off de gegijselde op maandag
gekomen te sijn en sig op stonds na den 10: october 1740. niet geweest is
het casteel te hebben begeeven alwaar in't Casteel bij de persoon vanden
tot woensdag daar aanverbleeven is gewesen en thans gedetineerd gou„
sulx dagelijx gedurende die tijd bij verneur generaal Adriaan
sijn Edelheijt Valckenier is geweest Valckenier. —
en meest 'smiddags bij sijn Edelheijt geleten
off hij gegijselde aldaar dien mid„
Legt Ja,
dag
heeft. /
2."
NL-HaNA_1.04.02_2555_0778.xml,"Jan
segt diverse persoonen, en onder deselve wie daar meer present zijn geweest
soo hem geg: best voorstaat den saban„
dhaar stoesak dog niet regt teweeten off denselven stoesak op dien dag
„wel daags daar aan erpresent is geweest. —
segt dat ged:e Munnix den 10:
off dies tijds den thans overleden
Nicolaas Munnix aldaar
off 11. october in het Casteel heeft
gesien, nadat hij geg: bij sijn Edelheijt niet bij hem gegijselde gekomen is,
Valkenier het middagmaal gehou„
den hadde en sulx te sijn geweest voor dewooning van den Chirurgijn generaal
hackenberg. —
segt des middags den 10: off 11. bij sijn off hij gegijselde met voors:
Edelheijt gehelen hebbende, sig ver„hackenberg en munnix dien selven
volgens aande wooning van den chirm„ dag des nademiddags niet uijt dewoo„
gijn generaal Hackenberg heeft ning vanden gouverneur generaal
den
na beneden gegaan En gekomen is bij de
begeeven, alwaar gevonden heeft den
even genoemde munnix, henrij
Coopman Henrij abbis.
Abbis, enden doenmaligenoud opper„
Coopman Marten Weier werdende den geg: nevens Hackenberg
ook gevolgt door den sabandhaer Zacheus Hoesak. —
gedeeltelijk beantwoord, en niet voorte, waar ter plaatse gem: abbes aldaar
dag niet gegeten heeft in compagnie
van Gerrit Hackenberg en meer
andere. .
gereslate
3.
6."
NL-HaNA_1.04.02_2555_0779.xml,"476
sijn geweest. —
segt ja, en ook marten Weier, na off de gegijsel de met voors:
Hackenberg abbis eumunne
dat alvoorens door H ackenberg
aan nicolaas Munnix was ben niet uijt het casteel gegaan zijn.
kent gemaakt seekere Commissie aan
den sabandhaer Zachus stoesak door sijn hoog Edelheijt Valckenier
gegeeven en die door gem: munnix was opsig genomen met hackenberg
uijt tevoeren, waar toe den geinterrog: zijnde als doen een pijp tadacq
gaan hooken bij den baas uijt de wapenkamer Winter twee â driemaal
bevorens was versogt om nevens abbis en gem: Weier mede tegaan,
dog sulx Eerst had gewijgert, en op tegenwerping dat die weijgering
uijt vrees geschiede omlangs straat tedurven gaan, Eijndelijk sig daar
toe hadde laten persuadeeren,
beantwoort,
den geg: refereert sig aan sijne twee Jngevalle Munnix niet mede
laast gegevene antwoorden, en voegt uijt het casteel gegaan off gekomen
hier bij dat Weier uijt het casteel is werd gevraagt off dezelve niet on„
komende van hem geg: was afgeraekt, derwegen bij de gegijselde C:s: gekomen
sonder teweeten waar hij sig na toe is en waar ter plaatse: —
heeft begeeven, en dat munnix
uijt het casteel gaande hem geg: en bij hebbend geselschap was voor„
gegaan,
wie al mede incompagnie van hem
gegijselde geweest zijn.
staan dat er men persoonen present gerescontreerd heeft en wie daar
present waren. —
5
7.
00"
NL-HaNA_1.04.02_2555_0780.xml,"10:
te Executeeren. —
den geinterrog: segt dat den 10: offst. Tot wat eijnde en waar na toe de
october smiddags bij sijn Edelheijt Val„ gegijselde c:s: uijt het casteel gegaen
kenier Vetende, na demaaltijd zijn.
Hackenberg met gem sijne Edelheijt
in stilte heeft sien spreeken, dat daar op door sijn Edelheijt Valckenier aan
den sabandhaer Lacheus stoesak is order gegeven om na het chinees
hospitaal te gaan, en aldaar te verneemen van den binnen regent
Liefhoud off ingem: hospitaal niet sig waren op houdende Eenige
gemaakte sieken en moute paijen off andere Chineesen, die niet
brande off andere brutaliteijten ongemakken soude kunnen veroorsaken,
en bij aldien die sig aldaar mogten ophouden dat gem: binnen regent
die soude hebben opstraat tejagen, dat den sabandhaar stoesak
daar op heeft versogt van die commissie temogen wesen g'Excuseert wijl hij
sig uijt vreese niet instaat bevond deselve uijt tevoeren, dat door Hackenberg
is voor geslagen om dese commissie aan munnix die hij wist dat bij hem inde
agter buurt sal op tedragen als zijnde vice precis van boedel meesteren /: waar
vanden saband haer president was:/ en uijt dien hoofde daar toe denaaste was,
dat daar op den gegijselde na antwoord van sijn Edelheijt Valckenier dat het
goed was, met Hackenberg nade agter buurt sijn gegaan en kort daar
„den sabandhaar is gevolgt, dat in gem: agterbuurt gekomen zijnde door
op door „ Hackenberg de voors: Commissie aan Munnix is voorgeslagen,
E
en door den gegijselde nevens Zacheusstoesak betuijgt, waar te sijn dat
sijn Edelheijt Valckenier die commissie off ordre gegeven hadde, soo was
door Munnix aangenomen de gem: ordre nev:s hackenberg uijt tevoeren,
en waar op de gem: twee persoonen hem geg: nevens abbisen Weier ver„
sogt hebbende om mede te gaan, en hij gegijselde neevens voorm: abbisen
Weier sulx Eenige malen geweijgert hebbende, Eijndelijk gesamentl:
uijt het casteel na het chinees hospitaal sijn gegaen omde voorm: commissie
11"
NL-HaNA_1.04.02_2555_0781.xml,"11.
178
beantwoord
beantwoord
segt sulx niet teweeten, en ook niet off de binnen regent ook omtrend
te gelooven dat sulx waarkan sijn, dewijl de middag niet gewaerschouwt is ge„
van gedagten is dat dat sijn Edelheijt worden dat de gegijselde met en
Valckenier er niet eerder om heeft ge„ benevens Munnix en Eenige ande„
dagt als doen met hackenberg dien, re aldaar snamiddags zoude komen,
wegens gespaoken heeft. —
segt niet door hem geg:, en niet tewee„ off de gegijselde C: S: niet onderwe„
ten water door de andere is gedaan, gen dese en gene aangeroepen en mede
maar wel dat er van tijds tot tijd Eenig genomen hebben. —
volk is mede gevolgt, gelijk in die tijden en omstandigheden seer gemeen was,
segt sulx niet teweeten als Eenlijk welke persoonen die geweest
voor soo verre hem geg: voorstaat een schrij, zijn.
ver off bediende van minnux
segt Ja dat Hackenberg twee onder, off daar onder niet Eenige opper en
meester sijn gevolgt dog niet teweeten onder meesters sijn geweest.
off gem: hackenberg deselve dierwegens
heeft aangesproken. —
Zoo ja tot wat eijnde.
13.
off de intentie in het voorneemen
niet was om na het chineese hospi„
taal te gaan.
12.
14.
15
16."
NL-HaNA_1.04.02_2555_0782.xml,"vervalt,
segt neen, en ook niet teweeten dat off de gegijselde met en benevens Eenige
en imand met liefloud apart is gegaen van dat geselschap zoo dra in't chine„
maar dat inde galderij sijn verbleeven, seholpitaal kwamen niet apard ge„
lei
alwaar munix de boven gerepte commis, gaan is en gesprooken heeft met
sie aan liefhoud heeft bekend gemaekt, den binnen regent Liefhoud.
het welk door hem geg: is geanvoueert
en dat abbis daar bij off omtrend moet sijn geweest,
vervalt gedeeltelijk, en voor het verdere zoo niet wil daar dan present
niet teweeten off de gem: ondermeesterser sijn geweest.
ook niet bij en present sijn geweest. —
segt dat heeft door Liefhoud was
wat daar tusschen Liefhoud
gesegt op de boodschap die hem door
ende gegijselde mitsg:s de andere
Munnix was gedaan geen swarigheijt
van sijn geselschap voor gevallen is,
temaeken waar op door munnix en hem
gegijselde was geandwoort dat het dan wel was en hij weeten moest wat hem
tedoen stonde waar op hij geg: c: s: hebben willen heen gaan dog door den binnen
regent sijn versogt Een pijp tabaca terooken en Een sluijtje bier te
drinken het welk ook is geschied en onder verscheijde discoersen over de
doenmalige toestaand van saken nopens het chinees timult door den binnen
regent aan hem geg: C: s: is gevraagt off de Chineesen die in het hospitaal
dat.
„waaren niet eens wilde sien, en door hem geg: als nooijt bevoorens in huijs
off die conferentie niet geweest is tus„
schien hem gerequireerde, munnip,
hackenberg, en liethoud,
geweest
17.
18.
19.
20."
NL-HaNA_1.04.02_2555_0783.xml,"480
geweest sulx aangenomen sijnde, soo, waaren hij geg: C: s: gesamentl:j inde zare
gegaan alwaar dat volk huijs houden na een moment aldaar verbleeven
„alwaar
te sijn na agteren gegaan „ de dolhuijsjes stonden, welkers Eendige bewon„
ders van buijten door detralien gesien hebben, na het welk weder in het
voorhuijs sijn gaan sitten rooken, waar op door den binnen regent uijt sijn eijgen
motieff sonder dat 'er vande chineesen meer gesproken wierd, is gesegt met dese
off diergelijke woorden en substantie, dat als hij sig wel bedagt verscheijde
knappen van Chineesen in het huijs waaren die hem spels soude konnen ma„
ken, wanneer door munnix is geantwoord dat als dan de order die hij mun„
nix hem uijt naam van sijn Edelheijt hadde gebragt konde volgen, op
welk seggen hij binnen regent met sijn Eijgen volk 't sijn mandadoors
off slaven Eenige Chineesen uijt desaal heeft laten haalen en nabuij„
ten doen Jagen, sijnde deselve hem geg: c:s: als in het voorhuijs sitten„
de gepasseert, dog alvoorens deselve nog alle buijten gejaagt waren
sijnd de Eersteijt komende door Eenig bij den anderen vergadert volk
dood geslagen en gestoken geworden, als wanneer hij geg: C: s: zijn op„
gestaan en na buijten gegaan omdaar natesien, wanneer er nogal van
tijd tot tijd meer chineesen buijten het huijs werden gebragt off gejaagt de
welke daar ook soo als de Eerste door de vergaderde menschen sijn gemassa„
creert geworden. —
„gemak
waren gekomen om de Chineesen te
massacreeren.
andere ook niet te hebben kunnen merken, segt en bekent hebben dat aldaar
gesegt nog gedagt te hebben, en sulx vande diestijds aan Liefhoud niet ge„
segt geensints voor sig selvs sulx nog Off de gegijselde ende andere
22
21."
NL-HaNA_1.04.02_2555_0784.xml,"vervalt
22.
segt meen maar dat door Lieflond off hij onder andere niet seijde dat daar
Eerst was geandwoort geen swarigh:t te voor instonden dat van die menschen
maken gelijk beereets in het antw:d van niets tedugten off tevresen was.
artl: 20: genoteerd staat.
25.
segt op de wijse en met die omstandig„ off al Egter de Chineesen niet
te voorschijn gebragt en vervolg=s
heeden gelijk op artl: 20: is gesegt;
gemassacreert sijn. —
26.
segt Een ontbloot geweir in de hand off de gegijselde met en bene„
gehad te hebben het welk geweest is een vens Hackenberg Munnix
stekaad, het welk hem Eenige tijd be„ en meer andere hunne zijdge„
vorens door den baillieuw bokesteijn weiren diestijds niet ontbloot hebben,
was verheet, en dat hij geg: dessatir„
dags avonds doen uijt de thuijn gekomen is mede van buijten genomen heeft,
sijnde het selve door hem geq: van die tijd of aan althoos op den arm gedragen
en indiervoegen met Een pijp tabacq in de mond'er bij gestaan te hebben, en wel
dat
tegelooven tot Hackenberg en Munnix almede met ontbloot gewar
het hebben aangesien, maar sulx met geen seekerheijt bekunnen seggen.
segt buijten het voorm: ste kaad dat van wat zijdgeweir de gegijselde
diestijds voorsien is geweest,
ontbloot op den arm heeft gehad een
waar in zulx bestaan heeft.
off Liefhoud daar tegens niet
veel in tebrengen had. —
23.
houwertje
28
vervalt
t
24.
27."
NL-HaNA_1.04.02_2555_0785.xml,"482
vervalt
houwertje met Eenbaarsteene gevest op zeijde te hebben gedragen.
segt net teweeten wat dorandere is ge, off hij gegijselde en de andere met hun
daar, maar heijliglijk te verklaren dat geen voors: ontbloot zijd geweiren niet verscheij=
stoot, steek, nog houw aan de chineesen heeft dene wonden steken enhouwen aan diverse
toegebragt, hebbende hij geg: selvs Eenige Chineesen toegebragt hebben. —
van het gemeene volk dewelke de chineese
nog diverse steeken na hun dood gaven, dierwegens bekeeren, en door mouvementen te
kennen gegeven dat sulx soude nalaten. —
sulx
segt niet teweeten door welk volk is ge„ off deselve vervolgens niet affgemaekt
schiet, gelijk dat boven waarts bereets heeft zijn door Europees slaven en andere
volk
beantwoord. -
den geg: segt nog ordernog qualificatie wie hem gegijselde order off qua„
„
ontfangen nog uijt voering gedaen te heb„lificatie tot het doen off helpen uijt
ben gehad, maar Eenlijk als een toe sienderen te voeren van voorsz massacie gegeven heeft,
hebben bij geweest, en en sig niet verder mede
benoeijt te hebben als bij de vorige gegevene antwoorden op articulen 7: 10: 20: en 28.
staat g'Expresseert.
Beantwoord,
off zulx geschied is door boven gemelden
geweesen gouverneur generaal adriaan
Valckenier. —
off daar bij ook heeren van de hoge
regeringe present waren. —
32.
29.
93
28.
05
31"
NL-HaNA_1.04.02_2555_0786.xml,"33.
wie dezelve geweest zijn.
vervalt
vervalt
te hebben. —
segt er sig niet verder als boven is ge„ om wat redenen de gegijselde
segt mede gemesteert te hebben, en niet zig met zulke saken en ordres
gemesteert heeft.
teweeten dat in die omstandigheeden
van tijden dierwegens het minste heeft
36.
segt sulx op die tijd niet geweeten tehed„ hoe veel Chinees en diestijd in gem:
ben nog in't Jaar 174: off 1742. tot de hospitaal gemassacreert zijn. —
daar
maand meij incluijs, den niet na vernomen
te hebben, als hebbende niet kunnen bespeuren dat over dese zaake 't sij bij de
hooge indiase regeering, 't sij bij den agtb: raad van Justitie Eenige injuisitie
soud
nodig wierde geoordeelt, maar in demaand Junij 1742. nade aangekomene
n
vaderlandse tijdinge„ tehebben vernomen dat er 31. stux Chineesen inhet
vorsz geval op straad voor het Chinees hospitaal sijnomgebragt,
37.
segt soo verre hem geg: voorgeko„ off daar onder niet geweest sijn
men is deselve alle gaende, staande, en verscheijde zieke impotenten oude
en weerlose personen. —
gesond te sijn geweest,
segt daar niets vangesien nog bespeud off 'er onder anderen omtrend het
massacreren tusschen twee chineesen
zijnde vader en zoon niet Een droevig
34.
ordre schriftelijk off
mondeling is geweest,
35.
Off de voors:
en
6
gepeneert,
38"
NL-HaNA_1.04.02_2555_0787.xml,"484
vervalt
segt op die tijd niet tehebben weesen on„ off de Sinneloose en de dood zieka
dersoeken wat chineesen en waren buijten en kranke daar van egter niet ver„
gedreeven alsoo sulx den binnen regentschoort zijn.
incuribeerden dog inde maand meij
1742. almede gehoort tehebben dat de zieke na het Eijland purmerent
waren gebragt, en niet teweeten off gehoort te hebben off de dolle in het huijs
gebleeven danwel waardeselve belend zijn. —
den geq: ontkend wel expresselijk dat off dit laeste niet gescheed is op voor
sodanig een voorspraak door Liefhoud spraak van Liefloud.
soude sijn gedaan maar persisteerd als
tie
nog bij sijn op artl: 20 gegevene antwoord.
ene
het
vervalt
segt vandaar gegaan te sijn bened:s waar na toe de gegijselde
de andere na het casteel excepto C: S: na de gedaene massacre
abbis en ook tetwijffelen off minnix gegaen zijn.—
wel mede is gegaan.
Een off deselve andersints niet
al mede zoude gemassacreert
en vermoord zijn geweest
waar in zulx bestond,
40.
en medelijdens waardig spectalel
geweest is.
44
39.
42.
43.
de"
NL-HaNA_1.04.02_2555_0788.xml,"44.
wie, er
segt niet uijt het hospitaal maar Off de voorgem: persoonen alle te
vande straad alwaar hadde staan kijken zamen met de geg: uijt het hospitaal
na het casteel gegaen te sijn excepto als na het casteel gegaan zijn:
bij het voorgaende andwoord is gesegt
raport van gedaan is,
segt den 2: xber: 1740. door Een helm: off de gegijselde geen kennisse en weten„
van dien te sijn geroepen bij sijn Edelheijt schap gehad heeft van het voornemen
Valckenier, wanneer ook des avonds van den gewesen gouverneur generaal
om vijff uuren aldaar is gekomen en sijn Adriaan Valckenier nopens
Edelheijt gevonden in Een toestand van het arresteren der drie ordinaris raaden
te
deuijterste chagrijn en disperatie, waar van Jndia op den 6: december 1740.
op aan sijn Edelheijt hadde gevr: wat 'er
aanscheelden wanneer hem geg: hadde geantwoord dat hij seer wierde ge„
molesteert en geturbeert in sijn ampt van gouverneur generaal door Een„
geheeren raden van jndia die het soo verre hadde gebragt dat andere
haar alle volgden en dat men van sints was om hem na 't vaderl=d
optesenden onder betuijginge dat hij sulx niet langer konde afwagten
maarselver van sints was omhet die gene tedoen die sulx tegens
hem voornemens mogte wesen, dat gem: sijn Edelheijt hem geg: daar
Degeg: segt er niet van gesprooken off van het Een en ander geen rap„
tehebben, en ook niet teweeten off, en door port aan de gewesen gouverneur
generaal Adriaan Valkenier
gebragt heebben. —
zoo niet werd gevraagt wie als dan
zijn-sweegs gegaan is.
46.
45.
bij
beantwoord.
47.
bij
al"
NL-HaNA_1.04.02_2555_0789.xml,"486
bij al verder declareerde dat hij op denaast komende dingodag vier
heeren wilde in arrest neemen, teweeten den thans g'Eligeerd gouverneur
generaal van Imhoff, de Edele heeren raden ord:s De Haze
„den
en van schinne en doenmaligen extra ordinaris raad Nicolaas
van Berendregt, dat hij geg: hem daar op hebbende tegens geworpen
dat hem sulx niet konde aanraden maar ter contrarie dat hij sig
gelievde tebedaren, en daar van af te sien alsoo meerder en ander expedient te
hebben waar doorde Zaken weder in een goede plooij soude kunnen werden
geschikt het welk hier in zoude bestaan dat hij den volgende ver„
gaderings dag inpersoon gelievden invergadering te verschijnen daar uijt
hij sig 'tsedert den 8: november hadde geabsenteerd, en aan de heeren vande regee„
ring sijne reedenen vandoliantien op het kragtigste voor testellen, met her in„
vering vanden Eed die sij bij het aanvangen vanhare bedieninge speciaal
aanden persoon van hunne gouverneur generaal hadde gedaen, en dan te
sien off sulx niet soude kunnen helpen, dat sijn Edelheijt Valckenier seer veel
tegens des geq: propositie heeft tegen geworpen, dog Eijndelijk dien avond
van sijn Eerste voornemen desisteerende desgeq: voorstel hadde g'Emplec„
teerd, waar op den Ed: heer Crul sig hadde laten aandienen en hij geg: dns na
huijs is gedaan indie gedagten dat die buij over soude weesen. —
gedeeltelijk beantwoord, en segt verders waar indie kennisse bestaan heeft,
dat hem op die Eerstgem: rencontre
door sijn Edelheijt Valckenier was versogt terwijl hij sig door aandoening niet
hij geg: daar op sondags morgens met het gesegde opstel bij hem is gekomen
en hem in een groote tranquiliteijt vindende, van gedagten was dat
instaat bevond sulx selvs uijt tevoeren op testellen sodanige poincten van
doleantien als hem teffens door gem: sijn Edelheijt wierden op gegeven, dat
dierwegens
ier
48.
de"
NL-HaNA_1.04.02_2555_0790.xml,"den gegeven.
„dierwegens niet meer gedagt maar dat die buij was overgewaijt, dog
seer verwondert te hebben staan kijker dat hij hem geg:, Jnmediaat bij
sijn aankomst toevoegden sijn geg: voorslag van vrijdags hans gantsch tever„
werpen, en dat hij reets alles in gereedheijt hadde laten brengen om sijn Com
trarie voornemen uijt tevoeren, om redenen doenmael geallegeert en betj
de afgegaane brieven na het vaderland bekend gesteld, dat hij geq: daar
op sijn Edelh:t Valckenier hebbende gerepliceert dat als sijn voor„
nemen daar omtrend onveranderlijk was, sijn geg: afgevordert opste
van sijne doleantien niet tot niet konde strekken als voorsoo verre
de op tellingen depoincten dier doleantier aangong, waar op sijn Edl
heijt hem geg: het selve Egter heeft afgevordert, en na door leesen te hebben
heeft gesegt sulx wel tesullen verschikken, dog dat hij liever hadde dat sulx
door hem geg: wierd gedaan, en dat hij geg: het selve ook sodanig aan sijn
s huijs heeft verandert als sijn meerm: Edelheijt sulx begeerden, hebbende
hem het selve des maendags 'smorgens omtrend halff Elff off elff uuren wederge
bragt, wanneer sijn Edelheijt hem teffens liet sien de ordres door hem aan de masoor
gegeven zonder verder wegens die zaak voor derselver uijt voering kennis
te hebben gehad.
segt gelijk so Even geandwoort heek off hij gegijselde niet is de aucteur en
door hem geg: Eenige poincten van dole„ op stellen 't sij in't geheel, dan wel voor
autien te sijn op gesteld, en naderhand gel: Een gedeelte, van't despoticq geschrift
voren gesegt verandert, dog niet teweeten of zoo genaamt manifest dat diestijds
dat sodanig Een naam van de spoticq in de vergadering van haar hoog Edelens
geschrieft off mani best aan't selve kan wer„ onder het gedruijsch der wapenen op ge„
lesen is. —
50.
4
49."
NL-HaNA_1.04.02_2555_0791.xml,"50.
488
segt sulx all eenig op gesteld te hebben zoo niet wie het zelve dan op gesteede
nadat hem door sijn Edelheijt Valckenier off daar toe geholpen heeft,
was gesegt hoedanig sulx wil de hebben sonder
dat daar jmand anders mede te doen gehad off van geweeten heeft, ten minsten voor
soo verre hem geg: betreft.
segt 'er niet bekommert over tesijn ge„ off de gegijselde dien zelven morgen
weest dewijl hij geg: wel wist uijt ordres niet zeer bekommert geweest is over den
die hij gesien hadde, dat sodanig een bekom„ uijtslag van die ongehoorde onderneminge,
mering onnodig was,
segt des morgens, buijten en nadesselvs waar en op welke plaatsen de gegij„
sijn
thuijn tesijden gereeden, en ook des voor selde zig dien dag bevonden heeft,
demiddags omtrend halff thien weder inde stad
tesijn gekomen, en sig te hebben begeeven aandewooning vande heer Lammens
alwaer de heer Woijt vond. —
53.
segt in geselschap van de heer blocquau Jnwiens geselschap. —
54.
segt ja Een soopje â drie tehebben ge„ off hij uijt bekommeringe dien mor„
dronken, dog met uijt bekommering maar genstond met diverse soopjes en
om die geene dewelke bekommert schee„ meer als na gewoonte gedronken
nen nu en dan geselschap tehouden inhet heeft. —
drinken. —
vervalt
Zoo de gegijselde nergens van geweeten
heeft werd hij gevraagt waerom als
dan
51.
52.
55."
NL-HaNA_1.04.02_2555_0792.xml,"om
segt na dat het selve arrest is gedaan off de gegijselde sig naderhand niet
geweest en ter ordre van den gouverneir ge„veel moeijte gegeven heeft omden
nerael doordemend van secretaris otto gem: gouverneur generaal met raad
aande heeren was aan gesegt sig gereed en daad te adsisteren om ware het moge„
temoeten maken tot het vertrek na nederlijk het voors: onvettig arrest gaed
land. met der Eerst vertrekkende scheepen temaken.
door den generaal Valckenier eerst te hebben bekomen
opening van drie brieven den Eersten afgesonden ult:o october bevorens aande
heer majours, neffens Een speciale verdediging omtrend de geordonneerde
belasting op de coffij en suijker, de tweede vanden selvden datum
aan sijn Ed: swager de heer hop afgesonden, en de derde vande Eerste
xber: aande heeren seventhienen gecarteerd, dat verder door gem: sijn
Edelheijt verschijde resolutien attestatien en andere dacimenten met die
brieven afgesonden aanden geg: sijn vertoond, mitsg:s mondeling opgegeven
seer veele omstandigheeden met versoek om uijt alle het vorengem
op testellen Een brieff aande heeren 17:, invier poincten bestaande in
welkers Eerste moeste werden vervat de reedenen van Doleantien
reets in de vorige brieven geallegeert en die er vervolgens nog waren
bij gevoegt in het tweede Een narratie factie van het arrest, in het derde
de qualificatie omsodanig Een actie indie omstandigheeden uijt tevoeren,
en ten vierden een solutie omtrend Eenige ontdekte objectien waar
toe hij verklaarde door menigvuldige occupatien niet instaad te
sijn, nog sijne secretarissen nog clercquen niet te vertrouwen, en dat
den geinterrogeerde het selve heeft aangenomen om uijt tevoeren soo veel
hij kon, redenen sijn Edelheijt Eersdeels sijn geq: gouverneur generaal
dan so extra ordinair enpeine was.
was
56.
en"
NL-HaNA_1.04.02_2555_0793.xml,"490
segt neer
was, en anderdeels om dat hij sijn behuuwd broeder was, sonder dat
het nodig is geweest voorden geinterrog: dierwegens veel andere moeij
te tedoen als het Enkel op stellen wijl het geen actie was die
hem geg: maar den gouverneur generaal te verantwoorden stond. —
segt tot Een off twee de poincten teheb„ off hij gegijselde tendien Eijnde onder
ben opgesteld, en sulx oversaken die hem andere niet op gesteld heeft diverse
ed
de opgave
geq: bekent waren waar van hij opgen Jnterrogatorien, verklaringe en vraag„
in het klad heeft geconcipieert, en dus „ poincten om daar op de getuijgen
voor Notaris en getuijgen te doen horen
danig aan sijn Edelheijt overgegeven,
en attesteren,
segt niet opgesteld maar de poincten en off hij gegijselde onder andere
van opgegeven te hebben, aan sijn de Jnsinuatie beantwoord bij de heer
Bernhard Iacob dellafaille
Ed:t Valckenier;
en de Eerwaarde Wagardus niet
eijgenhandig geconcipieerd off op gesteld
heeft,
off hij gegijselde al mede ten fine
als boven met verscheijdene getuij„
gen opgezogt en aan de notarissen
op gegeven heeft.
segt niet teweeten dat er sodanig off de gegijselde niet is de opstellen
een concept Jnterrogatorien is geweest, der vraagpoincten dewelke aan
en ook geen acte opgesteld te hebben de zogenaemde lieffhebbers der waer
dewelke
heijt
57.
58.
59.
60."
NL-HaNA_1.04.02_2555_0794.xml,"Segt neen
gegeven,
dewelke door gulden arm c:s:
soude sijn beandwoort,
off de gegijselde Zig niet speci„
segt sig nooijt bemoeijt te hebben tot
het opsoeken van getuijgen veel min aal bemoeijt heeft met het opsoe„
deselve gepersuadeert te hebben om na ken en persuadeeren van getuijgen
de sinlijkheijd van sijn edelheijt val„ tot dese laest gem: vraagpoincten,
Kenier te antwoorden,
off de gegijselde ook met een goed
segt Eenige wijnige minuten die
sijn Ed:s Valckenier hem geg: toegesen„ gedeelte der minut off concept
den hadde aan de notaris van dinter jnterrogatorien en insinuatien aande
te hebben geintrageert maar niet aan notarissen van dinter en Visvliet
de notaris Visvliet voor sooverre hem dan wel aanwie van beijden geintra„
geerd heeft,
geg: thans voorstaad/
segt ja een versoek tot belediging van de off de gegijselde zig alverder niet
gev:e stukken te hebben op gesteld en aan bemoeijt heeft met versoeken tot
den doenmaligen procureur Cassa over het laten beEedigen voor heeren Com„
missarissen van gem: Jnterrogatorien,
te
ti
P: S: segt bij naderherdinking
En off hij gegijselde met Een goed
gedeelte van die liefhebbers aande
notaris Abraham van dinter
gesubministreerd heeft,
heijd voorgehouden en door de com„
mandeur guldenarm c:s: beand„
woord. zijn,
niet
61.
62.
63.
64."
NL-HaNA_1.04.02_2555_0795.xml,"492
niet positieff teweeten off het selvs heeft opgesteld dan wel Eenlijk
aan den procureur Cassa de Jngredienten op gegeven, dog omtrend die
twijfelagtigheijt, niet behaald tewillen sijn, alsoo hem sulx door langheijd
des tijds ontschoten is. —
off ten dien fine niet Eijgenhandigt
op gesteld heeft een request
66.
segt dat erdoor Cassa een versoekt off het voors: request doorden
tot belediging is ingedient, en ook het doenmaliger procureur anthonij
naast dat hem geg: thans te binnen Isaac Cassa niet uijt gesz: en
schiet te gelooven dat het dorcassa ingediend is,
selvs is opgesteld uijt de poincten die hij geq: hem
heeft op gegeven;
segt Ja Alle
off de zelve b'eedigt sijnde door
segt deselve van den gesw: clercq
E versoon uijt naam van sijn Edelh:t de gegijselde op eijgener auctoriteijt
Valckenier afgevordert en ontfangen en ook op de naam van den gewesen
te hebben, als hebbende die aangesien als eer„ gouverneur generaal Adriaan
tificatien die alhier niet behoevden te ver„Valckenier met aff gevordert
blijven en noodsakelijk aande heeren17:e en ook ontfangen zijn vanden
68.
off hij gegijselde deactens die
gerecolleert souden werden
niet Eijgenhandig aan gem:
Cassa en aan de procureur Cras
over gegeven heeft,
65
beantwoort
moesten
gesworen
67.
08"
NL-HaNA_1.04.02_2555_0796.xml,"segt niet teweeten dat daar toe Een
wie den gegijselde magt off qualifica„
magt off qualificatie nodig was ook tie gegeven heeft om sulx tedoen,
ert geen magt toegebruijkt maar deselve
Eenlijk afgevraagt te hebben uijt naam van sijn Edelheijt Valckenier
in beleefde termen,
segt om dat sijn hoog Ed:t Valckenier hoe dat de gegijselde zelvs Een ord=s
sulx ordonneerde, en om dat ook als nog lid van desen rade zijnde heeft kunnen
oordeelt dat deselve geligt moestewer op sig nemen om gemelte gerecolleerde
den om in nederland te kunnen werden
stukken op de voors:) wijse magtig tewerden,
geEmploieert, en ook dat hij geg: indat
geval niet anders aangesien heeft kunnen werden als Een particulier, boven
en behalven dat die geene dewelke deselve heeft afgegeven moest weeten
off daar Een misdaad in resideerden off niet.
segt sig nooijt net secretarieele off hem niet volkomen bekent is dat
behandelingen bemoeijt te hebben en over bij desen rade in viridi observantia is
sulx niet teweeten off en sodanig een dat nooijt Eenige gerecolleerde
corrupteele alhieringebruijkt is, dog ver„ stukken vande secretarije mogen
meent te sullen kunnen aantonen dat er werden affgegeven als op voorgaand
Een contrarie order van legt buij„ verzoek en met voorkennisse van desen
ten en behalven dat het bij andere raad.,
regt banken, ook anders practicabel is,
70.
69.
gesworen clercq Paul Fredrik
Eversoon.
moesten werden afgesonden.
72
71.
160"
NL-HaNA_1.04.02_2555_0797.xml,"72.
494
En sulx geschied zijnde dat er
segt sig daar nooijt mede bemoeijt
te hebben off van horen spreeken in die 10: als dan nog authentijcq copien ter
jaaren tijd dat als lid inden raad secretarije moeten gelaten werden,
van Justitie heeft geseeten behalven in
het begin van't jaar 1742. , wanneer de hoogeregeering de bovengem: documenten
van den raad van Justitie heeft gerequireerd. —
ca„
sigt over het gedrag van de heere van off de gegijselde niet heeft opgesteld
Imhoff en andere heere vande rege„ of te helpen opstellen de brieven die
ring geschreeven te hebben bij Een brieff de voors: geweesen gouverneur generael
gelijk bevorens gesegt, door hem geg: op na het vaderland zo aande heeren
gestelden dewelke in twee partijen aan majores als andere personen van
de heeren 17:e /1s afgegaen, als gedeeltel: rang gezonden heeft over het boven
den 10: Febr: en gedeeltelijk in maart gem: arrest en het gedragencondrutes
1741. in welke tijd den thans geEligeert van sijn hoog Edelheijt den heere
gouverneur generaal van Jmhoff nog Gustaaff Willem Baron
Van Imhoff en andere heeren,
ord:s raad van Jusia was. —
segt deselve nooijt als daar tegenstrijden, zoo ja wat redenen hij daar toe
de aangesin te hebben en sulx als nog gehad heeft terwijl hij gegijselde
te sustineeren te weeten in sodanige genoegsaam kundig was, en konde
omstandigheeden van tijden en zaken als weeten dat de gehoudene Conduitie
van gemelte Valckenier (informeelen
sig doenmaals quamen op te doen. —
strijdig was tegens den Eed en tegens
's Compagnies ordres en instructie.
Zoo meen hoe dat het dan mogelijk is
dat
73.
74.
75.
vervalt."
NL-HaNA_1.04.02_2555_0798.xml,"t tieele neen.
wat dezelve in Substantie behel
segt sulx onmogelijk te kunnen
opgeeven maar sig dien aangaende te re„sen. —
fereeren tot de brieff selvs, voegende hier nog bij dat er bij de documenten
veel meer poincten bekent staan, als er van inde brieff mentie werdg
off de gereq: niet bewust is dat de
segt zeekerlijk aan het huijs van sijn
voorschreeven brieven onder de directie
g' Edelheijt Valckenier. —
van Enen Isaac de Bia door
Eenige Jnlandse clercquen geschr: sijn„
sigt somtijds en wel Een periode off de gereq: die brieven niet aan Eenige
van voorgeleesen te hebben aan menschen zijner speciaelste vrinden gecommi
die bij hem geq: quamen het welk twee ruceert heeft,
off drie maal geschied soude sijn,
beantwoord ten opsigte van Eenige zoo al niet de brieven. off ten minst
periodes, en belangende het substan„ net Eenige periades dan wel
het substantiele. —
segt te geloven dat aan d' heer m:r
Aan wie en welke personen daar
78.
Aan wie en welke personen die
brieven gesz: zijn. —
dat sijn gegijseldes Eijgenhandig
geschrift inhet minut gevonden is,
76.
segt niet anders als aan de heere 7:e
Cornelis.
van
maakt,
9
79. -.
80
81.
77."
NL-HaNA_1.04.02_2555_0799.xml,"496
Cornelis Phillips de heer
van visie off openinge gedaan heeft,
Blocquau, de heer Roos, van
der meij, en aan Duureveld en Eenige periodes van heeft voorgeleesen,
dog sulx te sijn geweest lang na het vertrek van de scheepen daar deselve
brieff mede was afgegaan, alsoo deselve bevorens volgens ordre van sijn
Edelheijt heeft moeten secreteeren.
off ziex onder andere niet ge„
segt belangende De heer m„r Ber„
schied is aan de heer Bernard Jacob
nard Iacob dellafaille
nooijt, en ten opsigte van de heer Phillips de Glafaille, ende thans mede
gegijselden m:r Cornelis phillips,
beandwoort
be antwoord
Zoo niet aan beijde off niet
aan een van beijde en wie,
84.
wat daar op door gemelte
segt niet teweeten wat discoersen
daar overgevoert sijn alsoo sulx hem door persoon off persoonen gezegt is,
langheijd des tijds ontschoten is,
Aldus opgesteld bij mij
Batavia den 5„e Ianuarij
1743. /: was getekend) N:s Iongsma,
den gegijselde verklaarde
Op alle welke artc:
na waarheijd geantwoord tehebben ongeschieden
het selve inde raad kamer van boven gem:
83.
agtb
82."
NL-HaNA_1.04.02_2555_0800.xml,"agtb: rade ter presentie als in margine /: was
getekend/ W:m V: helvetius ter sijde stond/ ons present
was getekend:) J: V: Reverhorst en R: Stapel
lagerstond:) Toirconde getekend P:r haksteen
adjunct geswaore Clercq.
Gecollationeerd En accordeert
Batavia den 30 Januarij 1743.
bansteen
Ed Je Gesw: Clercq
Compareerde voor heeren Commissarissen uijt den agtb: raad van
Justitie des Casteels batavia mr Theodorus van Reverhorst,
en m: Reimerstapel benevens mij Pieter haksteen adj:t gesw:
clercq van wel gem: haar agtb: den gegyselde en gereq: in de
voorenstaande interrog: gem: dewelke op dies inhoude en syne door
op gegevene responsiven weder aandagtelijk zynde gehoort
bleeff daar bij persisteren met de navolgende ampliatie en alteratie
als eerstelijk op artl: 1: alwaar amplieert dat 'tsedert het laast
van 't Jaar 1736. den geinterrog: heeft gewoont gehad in desselvs thuijn
op jacatra, komende op sijn best een a twee maal des weeks in't
Casteel bij den gouverneur generaal adriaan Valkenier, dat hij in
deselve thuijn verbleeven is tot den 8. october, wanneer smorgens
baven tannabang bij de suykermolen pannagorang de eerste slaij teg:s
de rebellige Chineesen was geschiet dat den geinterrog: daar op
des avonds soekende sijn retracte te neemen in de stad in sijn woning
staande op de groote revier doen ten tyd bewoont werdende door
de heer Iean blocquau gekomen is voor de nieuw poort deser stad
vindende alles in repenroer, mitsgaders de chineesen hoorende
en sien de attacqueeren de stad in de zuijder voorstad en siende
een sterke brand die den geinterrog: vermeenden binnen de stad te
Op Heeden den 14„e Januarij 1743.
wesen
E"
NL-HaNA_1.04.02_2555_0801.xml,"498
weesen, waar ontdaan synde hadde hy gesogt na een goed
hem komende en was geraakt in de thuijn van de heer schepen
trabe alwaer hij sterk sesthien Europianen die nagt heeft afge„
„wagt den uijtslag derden gantschen nagt geduurt hebbende
woede der Chineesen, dat hij des morgens van daarmet syn Charet
weder gereeden zijnde na de nieuwpoort, deselve als nog heeft
gesloten gevonden en op het openen gewagt tot omtrent negen
uuren, wanneer hem door den oud schepen Thornton is ge„
„waarschout dat wanneer hij binnen wilde wesen de water
poort van 'tcasteel open was, dat daar op derwaerts is geree„
den hebbende in de charet twee geladene pistoolen een d:o
snaphaen mitsg:s op de zijde een houwer en in de hand een
steekaad, dat in't casteel gekomen zijnde hij geg: sijn coetsier
na huijs op de groote revier gesonden hadde met gem snaphaen
en pistoolen en het overige geweir bij hem heeft gehouden
mitsgaders in't casteel veel gevlugte vrouwen en geborgen
goederen vindende ook aldaar is verbleeven tot de tijd als op
art: 1. gesegt
Amplieert wijders op art: 10. om dat de chineesen tsedert sondag
smiddags al met branden waren besig geweest
altereert verder apart: 20. dat niet hij gegijselde den binnen
regent hadde geantwoort dat het wel was maar wel
munnix in presentie van hem geg: en dat hij sig daar niet
verder mede heeft bemoeijt als reets is gesegt.
Amplieert voorts op art: 24. dato doar liefhoud uijt eijgen
motieff naderhand de bij art 20. geposeerde swarigheijd is
geapperd
op art: 35. als hebbende vermeend dat de gegevene ordre in
die ongelukkige tijds omstandigheeden geen andere oogmerk
konde hebben als het behouwd van de colomie en alle die geene
die als wel meenende daar in waaren
art. 36. sonder in het nette getal behaalt te willen zijn
art 41. dat liefhoud in tegendeel de geheele directie sig aan„
gemagtigt ende uijtvoering op sig genomen heeft.
opart 48. agter dewoorden bekent gesteld, dat toen ook nog
tegens sijn Ed:t Valkenier hadde gesegt ingevalle hij bleeff
persisteeren bij het door hem geg: afgeraden voorneemen hy het
selve niet wilde laten executeeren in de vergaderzaal maar
dat"
NL-HaNA_1.04.02_2555_0802.xml,"dat het dan oirbaarder soude weesen om die heeren bij hem aparte
te laten roepen en haar dus het arrest aan te seggen, dag dat sijn
Ed:s daar niet heeft willen na luijsteren, als seggende hem daar
in te veel obstaculen voor te komen en dat hij met de majoor
duuirvelt alles tot sijn contrarie voorgenomen uijtvoering
hadde besteld.
art: 50 voor soo verre den geq: bekent is
_:o 56. agter het woord mondeling / ook schriftelijk en op het
selvde art: in plaats moet werden vervat syn vervat
seggende vervolgens ort: 71. wel te weeten dat er dikwils
versoeken dierwegens bij den raad sijn gedaan, dog niet te
weeten dat er een ordre by den raad legd om geen beEedigde papieren aan=
„litiganten aftegeven en dat ook in dit extraordinaris geval men sig
na sulke ordres soo deselve er mogten wesen niet heeft kunnen
schikken werdende door den geg: de voorenstaende vergadering
opart: 71. gemaekt, om dat bij de eerste ondervoging het ge„
vraagde met wel heeft verstaen gehad.
amplieert al verder apart 74. en voornamentlijk niet
in dien het voorgeeven van syn Ed:t volkenier dat men
syn persoon wilde uijt de regeering werpen en na nederland
senden ten vollen beweesen sal kunnen werden waar omtrest
gem: syn Ed:t den geinterrag: absolut versekering heeft
gedaan hem sulx door een lid van de regeering de heer
schagen selvs mondeling, te sijn gecommuniceert en dat
hij in staat soude wesen sulx volkomen te bewijsen, dog dat
den geg: naderhand dat bewijs bij het op stellen van de brieff:
niet ten vollen heeft gevonden maar eenlijk op gemaekte
argumenten te steumen en gefundeert te sijn betuijgende
den geg: dat nopens de gegevene ordres in schikkin g omtrent
de militie bij hem geg: geen de pensie nagenoegen te
hebben kunnen werden gevonden en sulks ook dikwils
syn Ed:t valkenier naderhand te hebben gesegt=
op art: 77. amplieert den geg: dat er ook eenige poincten in„
de brieff sijn gebragt op speciale ordre van syn Ed: dog tegens
des geg: sin alsoo deselve ter saeke niets waeren doende
dog dat de geg: de geheele brieff volkomen na de sinlyjkh:t
op"
NL-HaNA_1.04.02_2555_0803.xml,"500
op gave, en goed vinden van sijn Ed:t valkemer heeft op
gesteld Jtem na den inhoude van de bevorens door sijn Ed:
afgesondene en boven bereets gespecificeerde brieven, en
Eyndelijk op art 81 sig nader expliceerende na het vertrek
van de thee schepen, daar het laaste gedeelte der papieren
mede sijn afgegaen. /was getekent/ W:m V=n Helvetius
vt
u
ter seyde stond ons present als Commiss:s was getekend
I: V: Reverhorst, en R: Stapel / onderstond Toirconde
/was getekend/ P: Haksteen adj:t gesw: clercq
gecollationeert en accordeert
Batavia den 1„e april 1743.
Haksteen
adr„ Gesw: Clercq"
NL-HaNA_1.04.02_2555_0804.xml,No: 3.
NL-HaNA_1.04.02_2555_0805.xml,"501
Present den Edelen Heere Praesident,
item de Heren Raden en Geassumeerde
leeden indesen
Woensdag den 9 Januarij 1743
Door heeren Commissarissen M:r Theodorus van Reverhorst
en M:r Reijnier Stapel, op heden in Rade overgegeven sijnde
de navolgende notul
Maandag den 7:' Januarij 1743 present
de heeren Commissarissen, m:r Theodorus
van Reverhorst, en m:r Reijnier Stapel
Den gegijselde M:r Willem vincent Halvetius
op heeden voor den in den hoofde deses gemelte
heeren Commissarissen uijt den Agtb: Raed
van Justitie deses Casteels Compareerende,
ten fine ingevolge het dispositief van welgem:
haar Agtb:s de dato 5:' deser op eenige articu„
len en vraagpoincten te werden gehoort, soo
heeft sijn E: betuijgt wel bereijd te sijn aanhet
voornoemde geEerde dispositief te obedieeren,
dan dewijl aan haar hoog Edelens een versoek
hadde gedaan, tendeerende soo tot recusatie van
den Edelen Heere Praesident M:r Jacob
Lakeman als van den pro interim Advo„
taet"
NL-HaNA_1.04.02_2555_0806.xml,"Caet Fiscael mr. Nicolaes Jongsma, omtrent
welke eerstgem: namentlijk den Ed:' heere Pre„
sident de dispositie daer over bij meergem:
Rade genomen hadde gesien, dog belangende d
gesustineerde recusatie tegens den prointerin
Advocaet Fiscael dierwegens hadde hij Hel:
vitius nog geen het minste besluijt ontwaer
dast
en „ dierhalven haer Agtb:s in Consideratie off
daer uijt in dertijl met een nulliteijt soude kin
nen voortvloeijen; sustineerende verders dat
sijne bereijdwilligheijd om te respondeeren in
geenen deele soude kunnen of mogen praje
dicieeren de Exceptien die den gewesen Gou„
verneur Generael Adriaan Valckenier
soude mogen proponeeren; en eijndelijk versogt
meerm: m:r Willem vincent Helvetius
dat dewijl hem dewoorden van het mandament
waer bij Geinsunigeert was geen goederen „ vera¬
lieneeren vergeeten waren, en hij penn: beno¬
digt soude hebben tot het doen van sijn me„
nage, dat hem oversulx eenlijk de dispositie
van geciteerde mandament eens mogte wer„
den voorgelesen, ten fine sig daar na te
kunnen reguleeren, wanneer bij haer Agtb:
verstaan is, niet tegenstaande d gegevene
Consideratien de beantwoording der articul
sijn voortgang te laten nemen, mitsgaders
het"
NL-HaNA_1.04.02_2555_0807.xml,"503
het versogte van m:r Willem Vincent Hel„
vetius ad referendum te houden, en van het
bovenstaende dese notul te Coucheeren
om den Raed te dienen voor rapport;
/:onderstond:/ Inkennisse van mij /: getekent
P: Haksteen adj:t gesw: Clercq.
Soo is na lecture verstaan deselve voor Communi„
catie aan te nemen. /:onderstond:/ Jnkennis„
se van mij /:getekent G:s Schuijlenburg secrets:
G'Extraheert uijt het memoriael
van den agtb: Raed van Justitie
deses Casteels, en accordeert:
Batavia den 1: April 1743.
baksteen
nd„n Geswe: Cleveq
-
.
.
.
.
:"
NL-HaNA_1.04.02_2555_0808.xml,No: 4
NL-HaNA_1.04.02_2555_0809.xml,"504
Op Heeden den 14„en Januarij 1743.
Compareerde voor heeren Commissarissen uijt den agtb:
raad van Iustitie des Casteels batavia m:r Theodorus
van Reverhorst en m:r Rijnier Stapel benevens mij
Pieter haksteen adj:t gesw: clercq van wel gem: haer agtb:
den gegijselde en gereq: hier bovenwaarts genoemt dewelke op den
in houde van de bovenstaande interragatorien en sijne daerop
gegevene responsiven naaukeurig gehoort synde bleeff daarbij
persisteeren met de volgende ampliatien nogthans als op artl:
7. dat het ook geen gevangenen van de Iustitie maar krygs„
„gevangenen rebellen, en gevangenen van de regeering waaren
op artl: 27. dat selvs eenige tijd na der hand gem: abeleven onder
andere discoersen heeft verhaalt dat men hem gerailleert hadde
dat hij een Chinees onder pretext van deselve te bergen door sijn
jongens hadde laten van kant maken waarop door den geg:
hem doenmaals is te gemoed gevoerd dat hij hadde moeten
zijn geg: raad volgen om de Chinees aan de caffers overtegeven
wanneer het nog te besien soude hebben gestaan, off hij niet wel
in de boeijen geraakt off en ontsnapt zoude weesen, en dat men
ten minsten als dan hem er doen niet mede soude hebben
kunnen plagen
voegende op artl: 32. nog daar bij dat na dat des sondags
smorgens de generale massacre het sij sonder off met last
was begonnen en ondernomen, het vervolgens aan niemant als
een misdaat is gereekent de overgebleevene ende hier en daer
sig verscholen hebbende Chineesen om het leeven te brengen
gelijk door alderhande menschen selvs in't gesigt van per„
soonen van de eerste rang en van heeren leeden van den raad in puni is
geschiet, za dat selvste sijner tijd /als het nodig weesen sal/ sal
blijken dat op den gevraagde 11. 8ber: bij de Edele hooge indiasche re„
geering is beslooten niet alleen alle swervende soldaten matroo„
„sen en ambagts gesellen op de gevoeglijkste wijse door haare
eijgen officieren op haere posten te doen trekken, maar ook aan ider
gemeene voor haer goed gedrag by dese gelegentheijt een premie toe te
leggen van ses ducatons en de officieren dubbeld /was getekent
corn„s Phillips, ter zeijde stond ons present
als"
NL-HaNA_1.04.02_2555_0810.xml,"als Commissarissen was getekent:/ F: v: Reverhorst,
en R: Stapel /onderstond:/ Toirconde was getekent
P: Haksteen adj:t gesw: clercq
gecollationeert en accordeert
Batavia den 29. ' maart 1743.
aksteen
AdW„s Gesw: Clercq
3"
NL-HaNA_1.04.02_2555_0811.xml,
NL-HaNA_1.04.02_2555_0812.xml,No: 5
NL-HaNA_1.04.02_2555_0813.xml,"506
Saturdag Den 19: Januarij 1743. Present den
Edelen heere president Item de heeren raden en
geassumeerde Leeden in deesen, door heeren Comm:
M:r Theodorus van Reverhorst en M:r rijnier
stapel is op heeden in Raden overgebragt de navol„
gende notul
Maandag den 14=en Januarij 1743, present
de heeren Commissarissen m:r Theodorus van
Reverhorst, en M:r Rijnier Stapel,
Na dat op heeden door den gegijsel de m:r Willem
vincent Helvetius, waren gerecolleert sodanige
art: en vraagpoincten als door den selven op
den 7. ' deser ten overstaen van den in den hoofde
dezes genoemde heeren Commissarissen zijn
beandwoord / soo versogte sijn E: te mogen hebben
copia soo van het request waar op den heer
prointerim advocaat fiscaal de gijseling
op desselvs persoon was geaccordeert, als van
de art: ende sijne daar op gegevene responsiven,
fondeerende desselvs versoek op de unanime
leer van alle criminalisten ende Constante
practijcq voor alle geregts hoven in
obervantie, en speciaal van den hogen rade van
holland Zeeland en westvriesland en vanden
agtb: raed van Justitie dezes casteels, sig wijders
tot een grondslag van dit versoek refereerende
tot de leere van m:r Pieter Borst in sijn trac„
taat van crimineele zaaken tit, 5. n:o 49. in
medio"
NL-HaNA_1.04.02_2555_0814.xml,"medig en n:o 75. in medio item tot 7. n:o 9. 11. 12. 13. 14
15. 16. 17. 18. 19. 20. 22. en 23. en tit: 9. n:o 5:
't welk dan bij haar agtb:s genomen zijnde in de
liberatie soo is verstaen meeemelte m:r Willem
Vincent Helvetius met desselvs gedaen versoek
te renvoijeeren aan wel gemelte agtb: raed van
Justitie dezes casteels, mitsgaders hier van dese
aenteekening te werden gesouden /onderstond/
/jnkennisse van mij was Getekend I:r Haksteen„
adj:t gesw: clercq
zoo is nadies resumptie verstaan het selve
te houden voor gecommuniceert /onderstond Jn
kennisse van mij was getekend:/ G:s Schuijlenburg
secrets:
Geextrareert uyt het memoriaal
van den agtb: raad van Justitie
deses Catteer & accordeert
batavia datum ut supra
baksteen
d HE Geser Clercq"
NL-HaNA_1.04.02_2555_0815.xml,
NL-HaNA_1.04.02_2555_0816.xml,No: 6.
NL-HaNA_1.04.02_2555_0817.xml,"508
Saturdag Den 19:' Januarij 1743.
Present den Edelen heere president item
De heeren raden en geassumeerde Leeden
Indesen
Door den Edelen heere president is op heden in ra de over
gebragt het navolgende
Dingsdag Den 18:' Decemb:r 1742.
wijders wierd goed gevonden en verstaan
derenten op soodanige 57000. rd:s als door
den gewesen heer gouverneur generael
Adriaan Valckenier bij de Comp:e
sijn gelaten geworden tot securiteijt
voor de op sijn Ed: ter resolutie van
den 29:' augustus 1740. gevallene be
lasting, te doen cosseeren op even gem
datum, en de bereeds uijt gekeerde
intressen op dat capitaal door de
gemagtigdens van gem: heer Valcken
ongeprejudiceert het arrest vande
raad van Iustitie deses Casteels te do
Extract uijt De notulen
van het gebesoigneerde en
geresolveerde in rade van
Jndia. —
vert
-
op"
NL-HaNA_1.04.02_2555_0818.xml,"rembourseeren in Comp: Cossa mitsgad:s
uijt aan merkinge van het aangesz: door
de hoog Edele heeren seventhienen bij Let
„teren van den 21:' april deses Jaars ƒ168493:
12: 8:-, of het bedragen van ged:e belas„
„ting uijt voorm: montant voor de Comp:
bij de boeken te doen innemen, ende
obligatien nopens voorm: capitaal ver„
leent te doen intrecken, item deselve
ten dien eijnde te doen restitueeren / onder„
stond, accordeert, was getekent P:s A:s V: d:r
v dr
Parra secrets:, —
Soo is nadies resumptie verstaan deselve
in het memoriaal van desen rade te doen
insereeren /onderstond/ in kennisse van mij
was getekent, G:s Schuijlenburg secrets:;
GeExtraheert uijt het memo„
riael van den agtb: raad van
Justitie deses Casteels en
accordeert;
Batavia datum ut supra„
Htaksteen
adv„te Gesw: Clrcq
1"
NL-HaNA_1.04.02_2555_0819.xml,
NL-HaNA_1.04.02_2555_0820.xml,
NL-HaNA_1.04.02_2555_0821.xml,"510
Saturdag den 19„en Janu: 1743.
Present den Edelen Heere president Stemde
heeren Raden en geassumeerde Leeden in deesen
Door den Ed: heere president is op heeden in raede overgebragt
het navolgende
Vervolgens wierd goed gevonden de twee
secreete brieven door den geweesen heer
gouverneur generael Adriaan valckenier
aan de hoog Edele heeren seventhienen gecarteerd
en door welgem: haer Ed: hoog agtb: benevens
de daarbij gehorende bijlagen weder herwaerts
geschikt navolgens den teneur van derselver
aanschrijvens vanden 13: xber: 1741. overte
„geven aanden agtb: raad van Justitie deses
casteels (onderstond:) accordeert /was gete„
„kend:) P:s A:s v:n d:r Parra secrets:s
Soo is nadies resumptie en na dat de daer inne vermelde
twee secrete brieven bij desen raade afgeleesen waren verstaen
deselve aanden heer prointerum advocaet fiscael m:r
Nicolaas Iongsma te doen afgeeven mitsg.:s het boven„
Dingsdag den 15: Januarij 1743. —
Extract uijt de notulen van
het gebesoigneerde en geresolveerde
in Raade van India
„staende
op."
NL-HaNA_1.04.02_2555_0822.xml,"staende Extract in't memoriael deeses
raads te doen insereren (:onderstond:) in ken
van mij (:was getekend:) G:s Schuijlenburg sev
g'Extraheert uijt het memoria
van den agtb: raad van Justitie
deses Casteels en accordeert
Batavia datum utsupra
baksteen
H: Gesur Clercq
Ad"
NL-HaNA_1.04.02_2555_0823.xml,
NL-HaNA_1.04.02_2555_0824.xml,No: 8
NL-HaNA_1.04.02_2555_0825.xml,"512
Saturdag den 19 Ianuar: 1743
present den Ed: Heere President, item de Heeren
Raaden en geassumeerde Leeden in deesen.
Door den Ed: Heer Rresident
is op heeden in Raade overge=
bragt het navolgende.
Dingsdag den 15 Januarii A=o 1743.
Ter sessie van den 19 8br d' ad. pass=o uijtgestelt zijnde
gebleven de dispositie op het tweede Lid van de ge=
dane instantie door het thans gegeijseld ordinair
Lid in den Agtb: raad van Iustitie deses Casteels
M=r Willem Vincent Helvetids tot
recusatie van den pro interim Advocaat Fiscaal M=r
Nicolaas Jongsma, so in de sake van hem selven
als sijnen aanbehuwt broeder den gew: Heer Gouver=
=neur Generaal Adriaan Valkenier, zo wierd
als nu goed gevonden en verstaan gem: Helvetius
zig ten dien eijnde te laten addresseeren aan voorm:
raade, en aan deselve de dispositie dierweegens over
te laaten.
Onder stond Accordeert, en was geteekend
P. van der Parre secret:
Zo, is na dies resumptie verstaan het zelve in 't memoriaal
van deesen raade te doen insereeren.
Onder stond: In kennisse van mij, en was geteekend
G. Schuijlenburg secrets.
Geextraheert uijt het memoriaal
Extract uijt de notuln van 't ge=
besoigneerde en geresolveerde in
Rade van India.
„
op
van"
NL-HaNA_1.04.02_2555_0826.xml,"van den agtb: raad van Justitie
deses Casteels en accordeert
Batavia datum ut supra
E
baksteen
ad„n Gesw: Clerce"
NL-HaNA_1.04.02_2555_0827.xml,
NL-HaNA_1.04.02_2555_0828.xml,N:o 9
NL-HaNA_1.04.02_2555_0829.xml,"514
Saturdag den 19:' Ianu: 1743.
Present den Edelen heere prasident, item de heeren
Raden en geassumeerde Leeden in desen.
Door den hier pro interim advocaet fiscaal m:r Nicolaes Jongsma
is op heeden aan den raad gepresenteert het navolgende request
en daer nevens overgelegt een register met verscheijde stucken
versoekende als in 't Eijnde van het selve request
Aan den Edelen Heere
M:r Jacob Lakeman
Raad Extra ordinaris van ne„
„derlands india en praesident
Mitsg„s
Deverdere Heeren en g'assu„
meerde Leeden van den agtb:
Raad van Iustitie des Casteels
Batavia.
Edele Heer en Agtb: Heeren
den proimterim advocaet fiscaal van nederlands india
m:r Nicolaes Iongsma vertoont hier nevens
ten register sub N:o 1. en 2. zekere acte van gijselinge
en daer nevens gevoegde dispositieff in dato 3:' october
des gepasseerden Jaars mitsgaders verscheijdene
door
-"
NL-HaNA_1.04.02_2555_0830.xml,"door den Coopman Henrij Abbis E:s: beantwoord
articulen en vraagpoincten van den 2:e derselver ma
met N:o 3. waer bij en volgens welke m:r willem
vincent helvetius ordinaris lis in boven ged:
rade onder op zigt van een deurwaerder en cl
bij provisie in desselvs wooninge in gijseling ge
en wijders aan deselve geinterdiceert is om
geene goederen en papieren te alieneren bij zad
„nige panaliteijt als VEd: en agtb: verstaen zullen
te behooren, dat vervolgens ter requisitie van
den ondergetekende den gem: m:r willem
vincent helvetius op Eenige geadmitteerde
„poincten hier nevens met N:o 4. gehoord en de
denselven beantwoord mitsg:s gerecolleert zijnde
het allezints is komen te blijken dat verre daar
„daan
van „ dat ijets wesentlijks tot zijn verschonninge
zoude hebben weten in tebrengen, ter contrarie
nog boven dien schuldig is bevonden aen sodanige
ongehoorde en pernicieuse andere crimina, als
bij Lecture bevonden en in't vervolg deses Eenigsi
gementioneert staan te werden: wel is waar dat
deselve het Eere poinct van de harrible en ten
hemel, omwrake schreeuwende massacre in't
Chineese hospitaal ten reguarde zoo wel vande
zaak als van zijn persoon heeft tragten te bewis
pelen onder voorwending dat hij quasi niet als
op het versoek of liever uijtdaging en verwijti
van andere die reeds dood of fugitieff zijn,
als of hij gegijselde bang was, zig daer bij bevon
en niet anders als ben otiosus spectator geeere
gedragen"
NL-HaNA_1.04.02_2555_0831.xml,"516
gedragen hadde; dog 't welke ten Eenemael onwaer„
scheijnelijk en ook inder daad onwaeragtig is, on„
waerscheijnelijk om dat niet te geloven is dat
Hackenberg of munnix die quansuijs dese trotte„
„ringe en uijtdaging zouden gedaen hebben, de
hardiesse zouden durven gebruijken om diergelijke
Expressien te uijtten tegens den gegijselden als ben
persoon zijnde van zoo veel hoger qualiteijt als
zijlieden, een behuwt broeder confident en
iignon van den regerenden gouverneur generaal
een
en boven dien genoegsaam harde en van naturel
om dese snaken veel een met impertineur antwoord
ofte zetten als daar in te bewilligen; boven en be„
halven dat de gegijselde zelvs moet bekennen
dat hij present is geweest wanneer de gouverneur
generaal de ordre tot het Ledigmaken van het
voors: hospitaal heeft gegeven, dat hij genoegsaem
in compagnie van hackenberg en den sjabandhaer
die sijn bangigheijt openhertig beleed in de agter
buurt van het casteel gegaen en gekomen is
bij die geene die volgens voorgeven van de ge„
gijselde commissie soude moeten moeten uijtvoeren,
onwaeragtig is ook het voorgeven dat hij gegijselde
niets tot het massacreren gecontribeert heeft
aengesien het contrarie uijt de interrogatorien
van abbis O: s: geblijkt en Luce nieridiana
clarius bewesen werd dat hij gegijselde /:die egter
moet bekennen dat met een ontblood stekaad
in de hand daer bij gestaen heeft:/ al meede Chineesen
gestoken"
NL-HaNA_1.04.02_2555_0832.xml,"gestoken en gequest heeft om nu niet te zeggen, hoe
onwaer en gefabriceert de antwoorden zijn wegens
eenige circumstantien als voorwendende onder
anderen dat den overleeden binnen regente Liefhout
quasi niet op de gegeve ordres maar op de propositie
en consideratie van munnix aen hem gedaen geen
de minste swarigheijt had gemaekt over sijne onder
horige chinesen maar dat hij onder het roken van
Een pijptabak hem nader bedenkende swarigheijt
gemaakt hadde, vervolgens door sijn Eijgen volk
de chineesen doen voor den dag komen en also
ter slagt bank overgeven, daar het gem: interroga
torien van abbis E: S: ter contrarie geblijkt dat
men niet zien konde wie van drien den gegijseld
Hackenberg of munnix de meeste commando
voerde dat Liefhoud in de Eerste op slag en bij de
aenkomst van deselve zeer ontsteld geworden en
vervolgens also gebleven is, dat hij door de heeren
geordonneert is de Chineesen voor den dag te laten
komen en dat hij Liefhoud die buijten twijffel het
hair te berge geresen, het hart niet medelijden over
sijne huijsgenoten en met gramschap over de
voorgenome wreedheijt aan gedaen geweest is, hadde
gezigt en gejammert, als je de menschen dan
wiet vermoorden zaat haar dan buijten
het huijs brengen, want ik kan het niet
zien, en dan kunnen de menschen zien
hoe het in sijn werk gaat, maar hier van stappe
aengesien de voors: bewijsen alvoorlange VEd. en agtb
Z"
NL-HaNA_1.04.02_2555_0833.xml,"518
zo kragtig en valide zijn te voren gekomen dat
deselve op versoek van de ondergetekende daerop bij
provisie gijseling in de Eijge wooning /:buijten twijf„
fel meer uijt consideratie van de qualiteijt die
deselve tot nog toe bekleed als van de misdaden
die bedreven had:/ hebben gelieven te decreteren,
en in plaetse van dien buijten alle twijffel wel een
corporele apprehensie soude sijn geaccordeert
in dien de verdere crimina als doen zoduijdelijk
bewesen als thans te voorschijn gekomen waren
so door de vaderlandse papieren als des gegijsel„
dens eijgen confessie behelsende onder andere, dat
hij niet alleen geweest is coussius en een veritable
complice van het doemen swaerdigste schelm„
stuk en de allerhoogste magtschending dewelke op
de 6:' xber: 1740. door den thans gedetineerde gouver„
„neur generaal adriaan valckenier uijtgevoert
is tot irreparable lasie en nadeel van de illustre
vergaderinge van haar hoog Edelens, van den
aller dier boersten persoon van de nu al voor
lange geëligeerden gouverneur generaal den
heere gustaaff Willem Baron van Jmhoff
en sijn Edelheijts lot genoten, ja selvs
tot Een bijna totale ondergang van dese koste„
lijke colonie altoos gehoude en ook waerlijk zijnde
het dierbaerste juweel aen de verEenigde neder„
landsen staat, in welk voors: schelmstuk als
uijt de Camerhang der responsiven geblijkt en
van"
NL-HaNA_1.04.02_2555_0834.xml,"van wegens de bekende incapalisheijt en zelvs
cruelle Lafhertigheijt van gem: adriaan valc„
kenier aftenemen is / nooijt soude uijtgevoert zijn
geweest sonder de adjude en het zeer maliteur dog
geensints in capabel naturel van desen gegijselden
en van den eer eed en godvergeten sergeant majoor
Hendrik Duurvelk, die door een voor de Justitie
ontijdige dood de regtvaerdige straff der wereldlijke
regter ontdoken is men swijge nu maar van het Lo„
genaemde manifest of despotijcq geschrift dat door
den gegijselder volgens Eijgen bekentenis op gesteld
is met bewustheijt tot wat Eijnde en't welke de
gewesen gouverneur generaal adriaan Valckenier
in de vergaderinge van haar hoog Edelens op dien fatalen
en vreeselijke 6:' xber onder het gedruijs der wapenen heeft
doen op leesen tot een voorspel van zijne voorgenomen
en doemenswaerdig arrest, of zal het ook Nodig zijn
uijt artl: 5h et segg der voorsz interrogatorien VEd: agtb:
te binnen te brengen het concipieeren door den gegijselde van
Een menigte poincten dienende tot vraagpoincten en insinuatie
aan de geintinudeerde gemeente met Een woord de gehele
maniace en uijtvoeringe van alles dat Eenige schijn
van wettigheijt konde geven aan de aller onwettigste actie
des werelds. dog den ondergetekende kan met geen stil
swijgen voorbijgaen het alder verfoeijelijkste en straf„
waerdigste bedrijff van den gegijselde geperpetreert door
het concipieeren van sekere secrete brieff in twee
volumes aan de heere majores gecarteerte quansuijs
op versoek van sijnen gouverneur generaal en behuwt
broeder"
NL-HaNA_1.04.02_2555_0835.xml,"520
broeder even Eens als of het versoeken tot het moede plegen
van Een misdaad vrijwillig geaccepteert en uijtgevoert
Eenige verschoninge konde medebrengen! Een brieff Edele
heer en agtb: heeren die zodanig op gevult is met hand„
tastelijke Leugenen atrocissime in jurien, schendige
Lasteringe, calumnieuse en godvergetene expressien
en dat wel ten principalen ten laste van Een
persoon die gelijk de geheele wereld bekent is inden
hoogste graad het contrarie gemetiteert hadde in
zoo verre dat het onbegrijpelijk is, hoe het alles in
de hersenen van ben boosaerdig mensch die niet, ten
„heeft
Eenemael door de Catan bestiert en geregeert wierd „ kin„
nen gepractiseert werden, en in gevalle het niet
Nodig was om Een van de corpora delicti voor hande
tehouden zo behoorde deselve missive nade opinie van
de ondergetekende bijde aller Eerste gelegentheijd door de
bul op een schavot met den vuure vernielt te werden
ter betoninge en afbeeldinge wat dies opsteelen en
ondertebenaer in tijd en wijlen te verwagten hebben
dog de ondergetekende fiscaal als niet in staat zijnde
het schendig caracter en overgeven godloos gemoet vande
gegijselde zo als uijt die brieff koomt te Consteeren voor
het geduijsentste gedeelte ofte schilderen zal de vrijheijtt
gebruijke VEd: en agtb: aan de Lectuure van dien
te renvoijeeren en wijders op fundament van het
geallegeerde te verklaren dat hij zig eed een en amptshal„
ven ver pligt gevonden heeft on ot voorkoming van 't
ontgoen van Een „ o verdiende straffe ziig aan VEd: en agtb:
wederom te addresseeren met gedienstig versoek dat
aan"
NL-HaNA_1.04.02_2555_0836.xml,"aan hem als mi in carceratie inplaetse van gijselinge
op de persoon van gem: m:r willem vincen't helvetius
mitsg:s arrest inventarsatie en sequestratie op sijne
goedere mag werden verleent /:onderstond:/ G: F:s &:a
/was getekend:/ N:s Iongsma /: ter seijde stond:/
ingedient den 19. ' Januarij 1743.
Den Raad het bovenstaende versoek ende
stucken daer nevens overgelegt met aandagte
geresumeert, en voorts op alles wel geleth
hebbende, ontsegt het selve versoek voor
als nog /:onderstond:/ in kennisse van mij
/:was getekend:/ g:s Schuijlenburg: Secrets:
Geextraheert uijt de Crimineele holle
van den agtb: raad van Justitie
deses Casteels & accordeert
Batavia den 28 maart 1743
baksteen
Adve„ Gesw: Clercl
N 10"
NL-HaNA_1.04.02_2555_0837.xml,"522
de stukken
zijn weder
geligt
Register der stukken
Nevens versoek overgelegt en
aan den agtb: raad van Iustitie
deses Casteels overgegeven —
M„r Nicolaas Iongsma Pro
Interim advocaat Fiscaal van
Nederlands India rat: off: req:t
contra„
M„r Willem Vincent Helvetius
Rhans gegijselde—
Eerstelijk dit register der stukken
gemerkt - - - - - - - - - - - - - 8b
ten tweeden een acte van gijseling
op den 3. october des gepasseerden
Jaars op de persoonen van m=r
Willem Vincent Helvetius en mr.
cornelis Phillips verleent met - - - N:o 1.
ten derden een acte van Jnterdictie
op boven gem: persoonen omme
geene van haare goederen &:a te
veralieneeren - - - - - - - - - - „ 2.
ten vierden eenig articulen en vraeg
poincten beandwoord bij den
coopman Henrij Abbes C: S: - - - - „ 3.
Door
L"
NL-HaNA_1.04.02_2555_0838.xml,"Laastelijk eenige articulen beand„
woort bij den boven gem: m=r
Willem Vincent Helvetius en op
den 14. deser voor heeren commissaris„
„sen uijt desen raade gerecolleert
met - - - - - - - - - - - - - - N:o 4.
Aldus geregistreert en in Judicio geExhibeert
Batavia Den 19 Ianuarij 1743. /:was getekend/
N: Iongsma
D
Gecollationeert en accordeert
Batavia Den 1. ' april A„o 1743. —
baksteen
Adv„ Geswr: Clercc
E"
NL-HaNA_1.04.02_2555_0839.xml,
NL-HaNA_1.04.02_2555_0840.xml,No: 11.
NL-HaNA_1.04.02_2555_0841.xml,"524
Op Heeden den 26:' Januarij 1743.
Articulen en draagpoinc„
nig een ordergekregen tehebben
—.
vervalt
vervalte
Compareerde voor heeren commissarissen ten op gesteld omme daer op ter
uijt den agtb: raad van Justitie des Casteels Requisitie van m:r Nicolaes
Batavia m:r Phillippus Roehus Kien,
Iongsma prointerim advocaet
en Ian Cornelis Diuquesne benevens mij
fiscaal van nederlands Jndia
Pieter Haksteen adj:t geswoore clercq
Rat: off: en ten overstaan van
van wel gem: agtb: raede den water fisc:l
Heeren Commissarissen uijt
de heer m:r Jan Hendrik van pan„
huijs en den oud coopman Ian van den agtb: Raad van Iustitie deses
bord dewelke ingevolge het disposi„ casteels gehoort en ondervraagt,
tieff van den. 26:' deser.
-
Tewerden. De heer m:r Ian
op de onderstaende vraagpoincten
Hendrik van panhuijs; water
naaukeurig gehoort zijnde daer op
fiscaal, en Ian van oord oud„
zoodanig geandwoort hebben als besijden
coopman ten dienste der E: Comp:
ider antl: aangetekend staat
„
segt Neer direct nog indirect soda„
Eerstelijk werd de heer gereg: van
panhuijs gevraegt of zijn E: in de
maand van october 1740. op den 9:' dan
wel na dato geen order gekregen heeft
van den gewesen gouverneur generael
Adriaan valckenier om de Chineesen
te doen te helpen of te laten massacreren
wie aldaer vande mede officieren
presente zijn geweest en die ordre mede
ontfangen hebben
jn welken voegen de heer gereq:
zulx heeft laten uijtvoeren
1.
2.
3."
NL-HaNA_1.04.02_2555_0842.xml,"segt dat zijn Edelheijt valckenier
vervalte
t
vervalt
vervalt
segt sulx niet teweeten
Off de heer gereq: voor het arresteeren
hem daer van geen de minste voor„
der drie boele heeren raaden ordinaris ver
kennis heeft gegeven selvs voor dies
op den 6:' xber: desselver jaars dierwegen
uijtvoering van imand en te hebben
geen notificatie of communicatie
hooren overspreeken en ook geen ordres
mitsg:s ordres van den gem: Adriaan
ontfangen te hebben
valckenier ontfangen heeft
gereq: niet te zijn gegeeven
segt neen sodanig ordre aanhemd off de heer gereq: op den selver dag dan
wel nadato geen ordre gekregen
heeft om niemants ordre als die van
o
de voors: gouverneur generael te
pareeren
door wie en op wat tijd en bij welke
occasie hem heer gereg: die ordre
gegeven is.
wie daerop meede present zijn
geweest.
off de heer gereq: niet bekent is
wie van de meede heeren officieren
den advocaet fiscaal den baulliuw
of land-drast sodanig ordre ge„
kregen hebbe specialijk den
zond-drost.
waer inne deselve hebben bestaan
10.
4:
5.
7.
8."
NL-HaNA_1.04.02_2555_0843.xml,"10.
526
vervalt
vervalt
vervalt
zegt zulx niet teweeten
segt wel bij den Ed. heer D' Haze Nu werd de gereq: van oord gevaargt
op het stadhuijs te sijn geweest sonder of hij op den 10:' october 1740. ook geweest
nogtans de precisen dag teweeten. en is in presentie van den Edelen heer
Elias de Haze bij occasie dat
van het massacreren den chineesen
niets teweeten nog van te hebben
aldaer aen den thans overleeden heer
Pieter Boolkesteijn baieliuw deser
hooren spreeken
soede ordres gegeven wierden tot
het doen of laten massacreren van
alle de Chineesen inde burgers off
vrijmans boeijen zittende. —
off de Gereq: ook bekent is door
wien off van wien zodanige ordre
ofgevloeijt is.
off de thans gesuspendeerde advo„
caet fiscaal m:r Cornelis phillips
met die ordre niet uijtname van
de gewesen gouverneur generael
Adriaan Valckenier voor
den dag gekomen is. —
14.
off de hier gereq: deselve heeft agter„
volgt
waerinne voors: ordre heeft bestaen
15.
11.
12.
13."
NL-HaNA_1.04.02_2555_0844.xml,"15.
wooning
dat het wel was.
Segt Neen
off hij deselve ordre bij wegen van
segt wel gesien te hebben dat de heer
Phillips met den Edelen heer de
commissie dan wel communicatie
haze heeft gediscoureert dog dat
of hij descours aan gem: heere de
hij gereq: niet heeft gehoort waer
hoeze genotificeert en bekent
gemaekt heeft.
oversulx is geweest.
Den gereq: segt dat sig op her stath:s of den gereq: daer op gesonden is
naden voors: heer bailliuw Boocke„
bevindende als doen voor soo
verre best voorstaat door den steijn.
Edele heer dehaze was belast
nade brieliuw Boockesteijn te gaan en hem aen teseggen dat hij moeste
doen het geen den advocaet fiscaal hadde gedaen waer op de heer
Phillips dien er present stond tegens hem gereq: hadde gesegt hebt
gij het wel verstaan, hij denoteerende daar mede den baulliuw moet
doen als ik gedaen hebbe.
den gereq: segt aen zijn E:s zoo joe waer ter plaetse deselve
was.
wat boodschap de gereq: aen den zelven
het Eerste bereets beantwoord en sigt
op heet laeste gedeelte van de vrage dat gebragt en wat andwoort bekomen
den baieleuw hem geandwoort hadde heeft.
Beantwoord
door wiens ordre deselve boodschap
geschied is. —
off hij gereq: hem niet aengesegt heeft
dat hij alle de chineesen inde
burgers boeijen moeste mossacaeren
18.
21.
16.
17.
19.
20."
NL-HaNA_1.04.02_2555_0845.xml,"21.
528
beantwoord
vervalt
bereets gegevene andwoorden
gevraagt
fereert segt als nog tot sijne boven „ is in waerheijt bestaat
werdde gereg: gevraegt of hem
dan niet bekent is dat meergem:
phillips de ordre tot het massacoeren
der Chineesen uijt name van meer„
gem: Adriaan Valckenier
de voors:) heer bailliuw aengesegt
heeft
segt sulx niet teweeten en re„ Sa dit alles niet in volgen als
op wat wijze zulks geschied is
23.
den heer gereq: van panhuijs segt hem niets twat de Gereq: desen aengaen de
men
dien aengaende bekent te sijn —
meer bekent is.
den gereq: van oord segt hem niets
anders bekent te sijn
den heer gereq: van panhuijssigtje off de gereq: bereijd zijn dese
hunne gegevene beantwoordinge
de gereq: van oord segt Jan
met solemnele hedet bevesti„
gen
25.
22.
of de boodschap geschied is ter
ordre vande heer de haeze en
m:r Cornelis phillips tesamen
dan wel van Een van beijde
en van wie.
aldus
ocke„
te
24."
NL-HaNA_1.04.02_2555_0846.xml,"Batavia den 26: Jan
/:was getekend:/ N„s Iongsma
op alle welke artl: en vraagpoincten de gereq: verklaar
na waerheijt geandwoort te hebben en geschilden het
selve in de raad Camer van bovengem: rade ter pre„
sentie als in margine /:was getekend:/ I:n H„k v:n Joanh
en I: v: oord: /:ter seijde stond:/ ons present /:was geteken
P:r R:s Kien, en I:n C:s Duquesne /lager 't oirconde
/:was getekend:/ P=r Haksteen. adj:t gesw: Clercq
G'collationeert en accordeert
Batavia den 25. Maart. 1743.
Aldus opgesteld bij mij
baksteen.
d : Gepr: Clerce
en
&
—„"
NL-HaNA_1.04.02_2555_0847.xml,
NL-HaNA_1.04.02_2555_0848.xml,No: 12.
NL-HaNA_1.04.02_2555_0849.xml,"530
hooren seggen. —
Compareerde voor heeren Commissarissen uijt poincten opgesteld omme
den agtb: raad van justitie descasteels daar op ter Requisitie van
Batavia m:r Philippus Rochus M:r Nicolaas Iongsma
kien en Ian Cornelis Auquesne pro interim advocaat fiscaal
beievens mij Pieter Haksteen adj:t van Nederlands Rat: off:
gesw: clercq van wel gem: haar agtb:s en ten Overstaan van heeren
de hier besijden genoemd gereg:s excepto Commissarissen uijt den Agtb:
daniel Neijmans die niet is ge„raad van Justitie deses
„gehoort
Compareert welke presente gereq: inge Casteels „ en ondervraagt te
volge het dispositieff van den 9: deser op Werden Christiaan Lodewijk
de onderstaande vraagpoincten naau Knabe vaendrig ten dienste
kunrig gehoort zijnde daar op zoo der E: Comp: en Commandant
„danig geandwoort hebben als besijden op Meester Cornelis Daniel
Neijmans en Carolus Neijmans
ider articul aangetekend staat: —
beijde burgers mitsg:s
Salim en
Hadje oppassers van den ge„
Committeerde tot en over de
Zaaken der inderlanderen,
opheeden den 26:e Ianuarij 1743. /: Articulen en Vraag„
sulx niet gesien maar wel te hebben daniel Neijmans en Carolus
Neijmans ider afsonderlijk gevr:
of hun lieden niet bekent is dat
Eerstelijk werden de gerequireerd:s
Carolus heijmans segt Christiaan Lodewijk Knabe
aril: 1.
in't
den gereq: Knabesegt ja
1
0"
NL-HaNA_1.04.02_2555_0850.xml,"in't begin van het jaar 1740. bij ofte
omtrend de post meester Cornelis niet
verscheijdene Chineesen sijn op gevat,
2.ƒ
den gereq: Knabe segt sulx niet tweeten zoo jae hoe
veel in getal.
Carolus Neijmans segt te hebben
hooren seggen dat er Eeaparthij sijn op gevat sonder het netie getal teweeten. —
3.
den gereq: Knabe segt sulx niet teweeten welck
slagh van chineesen deselve
Carolus Neijmans segt waren suspecte vagebonden of ordor
sulx niet teweeten
ken menschen. —
4.
den gereg: Knabe sigt neer
Off hun gerequireerdens daar van
Carolus neijmans segt neer ook Eenige bekent waaren.
5.
den gereq: Knabe segt sulx niet teweeten door wie of door welke persoo
Carolus Neijmans segt te nen gemelte Chindesen op gevat sijn
hebben hooren verhalen dat door de pa„
Criille van de comm: deroij de Chinesen opgevat waeren.
den gereg: Knabe segt sulx niet teweeten
off het zelve niet geschied is door oppa„
op het vorige artl: door Carolus
sers van den doenmaeligen gecommit„
Neijmans beantwoord,
teerde tot en over de zaeken der
Jnlanderen Ferdinandus der oij
den gereq: Knabe segt sulx niet teweeten Dan wel of zulx geschied is
beantwoord door Carolus Heijmans door gewapende inlanders
„
6.
7."
NL-HaNA_1.04.02_2555_0851.xml,"8
532
an gereg: Knabe segt sulx niet teweeten door wiens ordre
Carolus Neijmans segt sulx niet te
weeten,
denr gereax: Knabe sigt sulx niet teweten off het zelve niet geschied is ter
vervalt ten opsigte van Carolus Neij„ ordre van gemelte Deroij,
mans.
den gereq: Knabe segt sulx niet teweeten waar die opgevatte Chineesen
Carolus reijmans segt sulx belend zijn.
„
dont
niet teweeten.
van den gereq: Knabe segt sulx niet teweeten off en met Een gedeelte voor geld
Carolus Neijmans segt sulx niet gelargeert zijn geworden. —
teweeten.
hoe veel jder van dezelve heeft
vervalt ten opsigte van Knabe
d:o Carolus Neij„ moeten betalen. —
_:o
man
13.
vervalt Een opsigte van Knabe en aan wie of aan wiens ordre.
pa
Carolus Neijmans.
den gereq: Knabe segt sulx niet tewee„ Off zij niet veel geld hebben moeten
deroij
ten Carolus neijmans segt sulx niet betalen. ter oorzaeke hunne beur„
teweeten.—
sen wel gespekt waren. —
12.
14."
NL-HaNA_1.04.02_2555_0852.xml,"15.
Salim segt ja.
adse als boven,
den gereg: salim segt ja
veertig stux. —
den gereq: knabe segt sulx niet teweeten off den gemelte gecommitteerde de
als boven ten opsigte van Carolus
roij door Eenen Kle Baroe
Neijmans.
daar van niet geinformeert was.
den gereg: Knabe segt het geene hem be„ op waet wijse de gerequireerdens alle
wist is opgegeven te hebben,
het voorenstaende weeten ter ter kennisse
Carolus Neijmanssegt sulx van chineesen is gekomen. —
die doenmaals op sijn land woorden gehoort
te hebben. —
den gereg: Knabe segt neen.
Carolus neijmans ut supra.
den gereq: Knabe segt ja
1
Carolus neijmans segt ja.
nu werden de gerequireerdens salim
en adje ook jder afsonderlijk getr:
of sij ten tijde vanden gewesen ge„
committeerde van de zaeken der
inlander Ferdinandus deroij
niet geweest zijn op passers ofte
dienaers. —
20.
off hun lieden niet bekent is dat er
adje d:o d:o dertig off ten tijde van gemelte deroij en specia„
En off hun gereg:s desen aangaende
ook iets meer bekent is.
18.
off de gerequireerdens het hier vooren
beantwoorde bereijt sijn des gerequird
werdende met eede te confirmeeren,
lijk/
e
„ „
19.
1
16."
NL-HaNA_1.04.02_2555_0853.xml,"534
salem segt op acassij en andere plaatsen zoo jae waar ter plaetse zulx ge„
daar omtrend adje segt op bacassij endat schied is.
sij langs de zee weg daar na toesijn gegaan,
salem segt ja
adje als boven
salem sigt omtrend twintig off dertig hoeveel chineesen er wel opgevat
stux en daar onder Eenige Jnlanders,
sijn.
adje sigt na sijn best onthoud dertig â veertig.
24.
door salem beantwoort
Op wiens ordre.
adje segt ter ordre van de Comm:s deroij
25.
salem segt omdat deselve geen briefjes op welke pretext.
of pascen hadden
o
adje als boven.
salem segt sulx niet te weeten
_:o d:o _:o
adje _:o
salem segt haar niet uijt de huijsen nog off Een niet veele uijt haare huijsen
26½.
26.
off er niet veele zeer ordentelijke
Chineesen order geweest sijn.
22.
off het zelve niet
speciael voorge„
vallen is omtrent Bacassij,
lijk in't begin van 1740. inpresentie
van hun gerequireerdens en door het volk
van capitain Babandam Een mee„
nigte chineesen op gevat sijn,
off
21.
23.
6 den"
NL-HaNA_1.04.02_2555_0854.xml,"salem segt ja.
suijkermolens maar op de weg gevalte off molens gehaalt en op gevat sijn,
hebben.
adje sigt niet uijt de suijkenuwens, maar deselve uijt haare huijsen gehaart ten daan
27.
waar na toe die opgevatte chineesen
gebragt sijn,
27½.
salem segt deselve indeijser boeijens op wat wijse deselve gevlingelt off
gesloten en dus met een praauw steedewaerts geborden waaren.
gebragt te hebben,
adje als boven.
off dezelve niet inde campongs
adje segt ja dat deselve nadecam„ vande inlandse Capitains gebragt sijn„
pong ter ordre vande Comm:s gebragt
sijn door de patrouille dog niet door hem gereq:t
salem segt inde campongs van
babandam en mochamet sali
adje als boven,
salem segt sulx niet teweeten
adje als boven,
salem segt sulx niet teweeten nog
off het zelve niet omtrend de meeste
gehoort tehebben. —
geschied is door het betaelen van E„
nige ducatons.
adje ad jdem,
30.
op wat wijse daar wederom uijt
geraekt sijn. —
31.
Jn welke Campongs,
Salem segt bij de comm:s de roij
adje als boven.
32
0
29.
28."
NL-HaNA_1.04.02_2555_0855.xml,"32.
556
salem sigt sulx niet teweeten
adje als boven.
salem segt sulx niet tewieten en ook off die gene die niet betalen konden
niet gehoord te hebben dat er chineesen inde al schoon goede Chineesen niet inde
ketting geklonken sijn.
ketting geklonken en naderhand weder„
adje segt sulx niet teweeten,
om gelargeert sijn,
34.
op wat wijse
vervalt ten opsigte van Salem
_:o „ _:o adje,
den gemq: salem segt dat deselve twee off de gem: gecommitteerde niet veele
en drie dagen in de s Commissaris blok heb„ van die chineesen in sijn blok gesloo„
ben geseeten niet in 't blok dat de Comm:s ten en daar jnne zeer lange gehou„
in sijn theijn maar in de blokken die gem: den heeft.—
Commn:s inde campongs vande Jnlanders heeft,
adje segt wel teweeten dat deselve in het blok in decampongs sijn gebragt
dog niet teweeten hoelange daar in gebleeven sijn,
salem segt sulx niet teweeten
adje als boven. —
op wat manier dezelve daar we„
derom uijt gekomen. - sijn
37.
Salem segt ja om dat deselve al„ off ten tijde voorschreeven teweeten
mede van geen pascer voorsien waaren
inhet begin van 1740. mede ter presen„
tie van hun gerequireerdens en andere
oppassers met Een groot getal prau„
wen niet der selver voerders aengehouden
sijn. —.
Adje als boven.
1
33.
aan wien of aen wiens ordre die
betalinge geschieden.
38
ijn
0
36."
NL-HaNA_1.04.02_2555_0856.xml,"38
Salem segt hij gereq: benev:s adje wie van hun mede oppassers daar
ende overleden soon vanden cap: baban bij tegenwoordig sijn geweest. —
dam geadsisteerd met de patrouille,
Adje segt hij alleen van de roppassers verselt van cap:n Babandam sijn
soon ende exatrouiele,
Salem segt na sijn gissing vier â hoeveel praauw voerdees en praau„
vijff praauwen en thien voerders,
wen,
adse segt een parma Jan eennegen persoonen,
ƒ
1
40.
Een wiens ordre zulx geschied is,
41./
1
off het zelve niet geschied is ter ordre
Van Deeroij
42
salem segt om dat deselve geen passen op wat pretext en om wat reeden die
aengehoudinge is geschied,
adje als boven,
waer nae toe die menschen en die
Salem segt dat de vaertuijgen daar
terplaatse verbleeven ende voerders in vaertuijgjes gebragt en gevoert sijn,
het bloek van de Comm: in desselvs thuijm
gebragt sijn-
adje segt dat de persoonen bij de Commissaris sijn gebragt en dat deselve
op stonds door voorspraak van sijn maakkers dewelke voorgaff dat de
geene die het vaartuijg toequam sijne meff was weder gelargeert syn. —
43.
salem sigt ter ordre van de Comm:s
adje als boven. —
beantwoord ten opsigte van Sallim
beantwoord door adje,
v
„
44
hadden,
„"
NL-HaNA_1.04.02_2555_0857.xml,"44
538
adje als boven
Salem sigt sulx niet teweeten maar op wat wijse wederom gelar„
tegeloopen dat sij op Een dag dat hij geme: g'eert..
guineerd vrij was ontslagen sijn,
adje beantwoort,
was
1
salem segt sulx niet gesien te hebben off sij daar voor geen geld hebben
adje Cegt neen.
moeten betalen. —
aan„
46.
hoeveel.
pas
vervalt
is,
vervaelt.
15
ordre
Salem segt neen niets.
adje als boven;
salem segt sulx uijt toecontenue van op wat wijse de gereq:s alle
sijn antwoorden te sullen blijken,
het voorenstaande bekent is
adje als boven,
geworden.
Salem segt Ja,
En off sij al het voorenstaande
bereijd zijn met solemneele eede te be„
vestigen. —
Aldus opgesteld bij mij
Batavia den 26„e Januarij 1743
/:was getekend:) N: Iongsina
50.
Off de gereg:s desen aangaende
iets meer bekent is.
48
47.
aan wie off aan wiens ordre, —
op
_o.
49."
NL-HaNA_1.04.02_2555_0858.xml,"op alle welke artieulen Invraagpointen de gereq:t
verklaren na waarheijt te hebben geantwoort en geschieden
het selve in de raad Camer van boven gem: agtb: rade ter
presentie als in margine /was getekend:) C: L: Knabe
en C:s Neijmans nog getekend:) met twee handmerke waer
bij gesch: stond gesteld bij: Salim en adje /ter zeijde stomp
ons present was getekent:) P: R: Kiert en I: CAuquesne
lager Toirconde (getekend:) P:s Jaksteen adj:t gesw:
clercq. —
Gecollationeerd en accordeert
Batavia den 20„e Februarij 17
bansteen
Ad . Gesr: Clercq
&
g
5
9p
17
5
ge
h"
NL-HaNA_1.04.02_2555_0859.xml,
NL-HaNA_1.04.02_2555_0860.xml,No: 13
NL-HaNA_1.04.02_2555_0861.xml,"540
Woensdag den 8„e Februarij 1743. Present
den Ed: heere president de heeren raden en geassumeer„
de Leeden in desen dempto de heer Vonglan als.
in Commissie naa Cheribon sijnde,
Voorden demrw: deses raads Nicolaas Smit is uijt naam Ende van weegens
„den gegijselde m:r Willem Vincent Helvetius aanden raad overgegeven
het navolgende request,
Aan den Edelen agtbaeren
heer m:r Jacob Lakeman raad
extra ordinair van Nederlands
India en president,
benevens
een
De agtb:re Heeren Raaden
van Iustitie des Casteels
Batavia
Leen
Edele en Agtbaare Heeren
geeft reverentelijk te kennen M:r Willem Vincent
helvetius raad ordinaris van Justitie des Casteels bat:a
thans gegijselde
dat hij supp:t ter requisitie van den heer m:r Nicolaas
Iongsma pro-interim advocaat fiscaal van nederlands
india ingevolge van seker uEd: en agtb: appoinctement doorde
agtb: heeren Commissaris m:r Theodorus van reverhorst
en m:r Reijnier Stapel op den 7:e Januarij jongst afgewe„
ken"
NL-HaNA_1.04.02_2555_0862.xml,"ken is gehoord op Eenige interogatorien articulen,
En naa daar op Cathagorice tehebben geantwoord op den 14 de
voor deselve wel gem: heeren Commissarissen in tegenswoordigh:d
van den voorn: heer pro- interim advocaat fiscaal is gereevee:
dat hij supp:t naa het afloopen van gem:de recollement heeft
versogt temogen hebben Copia soo van het request waarop
aanden heerp winter in advocaat fiscaal gijsseling op des
supp: persoon is verleend als vande voors: interrogatorien
en gegevene responsiven,
op fundament van Eenige regtsgeleerd heeden en vaste reg
len der alomme vigeerende practijke. —
dat wel gemelde heeren Commissarissen op des Juff:r versoek
delibererende hebben goed gevonden den Zupp:t aante seggen,
het voors: versoek temoeten doen aanden raade. —
dat de Juff:t daarop is van sins geworden het selve
versoek soolang uijt te stellen tot tijd enwijlen de heer geweest
gouverneur generaal Valckenier mede mogtewesen gehoord
op articulen.
Jnverbeeldinge dat daar door veele positiven doorden
hupp:r bij sijne antwoorden opgegeven souden werden geverifi„
eerd,
dog dat hij supp:t niet vernemende van het voorschreeven
examen van gem: heer Valckenier,
En met redenen bedugt werdende dat de heer prointiein
advacaat fiscaal mogte kunnen goed vinden ten principale
tegens den zupp:t Eener eijsch uijt tebrengen,
sig als nu genoodsaakt vind het voorstaande versoek
sonder"
NL-HaNA_1.04.02_2555_0863.xml,"542
sonder langer uijt stel aen desen agtb:r na de te doen,
en daar toe onder wel duijdinge van uEd: agtb: te allegeren
de leere vanden vermaarden heer m:r Pieter Bort,
Gevinden in sijn traclaat van Crimineele saeken tit: 5:
n:o 49. in medio.
alwaar hij Eerst voor afhebbende laten gaan dat voor
het examen vanden geaccuseerden geene copia werd verleend
nog van het mandament oofte versoek van den advocaet
fiscaal nog van de articulen, voorts daar bij voegd,
dog naa dat de ged:e is gehoord op articulen kan den sel„
ven sulx versoekende geen copia van het mandament
werden gewijgerd.
En in n:o 75. in med: werd noopens d' Articulen en res„
ponsiven gevonden. Eene decisie van denhove provinciaal
van holland waar bij werd geordonneert,
dat na voltrocke examen den ged:e gegeven sal wer„
den copia vande voors: articulen en responsiven bij den
ged:e tedoen
vervolgens werd dereden aquiteijd en noodsaakelijk„
heijd van het voorenstaende doordien selven Bort
seer omstandig aangewesen,
Eerst in n:o 9. vanden 7: tit: van gem: traclaat alwaer
gevonden werd.
Dat mede sodanig praalabel hooren op Articulen
somwijlen ook wel Eenigsins komt teredundeeren tot
voordeel van den ged:e selver.
alsoo deselve door de hopien vande arll: hem bij den pro
cureur"
NL-HaNA_1.04.02_2555_0864.xml,"cureur generaal voorgehouden ende responsiven bij hem daar
op gegeven kennis bekoomt van het geene hem ten laste sal
werden gelegt alvoorens tegens hem daar over eijsch werd gedoen,
En n:o 11. waarom ook soodanig versoek vanden ged:e in
persoon alvoorens te hooren op artl: niet en werd vande sijde van
den ged:e gecontradiceerd. —
maar bij den procureur van den ged:e deselve ged:e present in't
selve versoek geconsenteerd. —
mits dat den ged:e op deselve artl: gehoord sijnde en daar op heb„
bende geantwoord sal hebben binnen 24: uuren na dat hij sal
wesen gehoord Copia van deselve articulen ende van sijne res„
ponsiven daarop gedaan.
N:o 12. welke restrictie en limitatie meede grootelijks
sijne reden heeft,
moetende aen die geene die alsoo op articulen sijn gehend
gegeven werden Copia van deselve articulen en vande ant„
woorden ofte responsiven bij haar daar op gegeven,
op dat sij souden mogen weeten en pertinentelijk sien,
of en tot hoeverre toe sij het deliet hebben geconfesseerd,
omme vervolgens hun daar naa in hunne defensie te
reguleeren,
en bij onder te kunnen aenwijsen,
dat sij het delict hun ten lasten gelegt gens niet en heb„
ben geconfesseerd,
of anders dat de officier de responsiven verder
duijd dan behoord,
dat die niet en kunnen werden gedevideert,
dat
vlingelandt"
NL-HaNA_1.04.02_2555_0865.xml,"544
dat geene extraordinaire procedinren kunnen plaats
hebben,
En soo voorts,
Om al het welke dan te kunnen doen de responsiven
met de articulen en interrogatorien daar sij opstaen nood„
saakelijk moeten werden geconfereerd,
Vermits anders de regte sin of meninge vande antwoorden
niet wel en kan werden verstaan,
En afschoon door denselven heer Bort in artl: 13.
eene voor den hove van holland geinsurpeerde Contrarie prac„
lijk (: waarbij alleen copia vande responsiven en niet vande
vraagpoincten Eenige malen is geaccordeerd:) werd aenge„
hoeld:)
soo haalt hij ook in de volgende nmmers 14: 15: 16: 17. 18. 19.
en 20 dereden vande onbillijkheijd dierpraclijke duijdelijk
duijdelijk aan.
met speciale op tellinge van diverse gewijsedens vanden
hoogen raad,
waar door de voorgenoemde decisien vanden hove sijnte
niet gedaan en gecorrigeerd.
Enkan mede geersins aan het versoek van den suff:t
Eenige hindernisse doen,
dat de voors: passagien alleen spreeken van ged:t inper„
soon en niet van gevangens of gegijseldens,
wijl Eerstelijk nergens werd gevonden dat het selve
ontrend gevangens afgegijseldens werd verboden
Ten tweeden werden alle die inpersoon om op articulen
gehoord
van
in't"
NL-HaNA_1.04.02_2555_0866.xml,"gehoord te werden sijn gedagvaerd gedinnrende het hooren
op articulen gegijseld.
en dus met den Zupp:t ejusden conditionis,
Ten derden soo is deselve redenen militeerende voor alle
de drie voors: geaccuseerdens.
naamentlijk dat sij alle soo wel de gevangens en gegijse
dens als de simpelijk ged:te inpersoon werdende gehouden en
nog waerlijk sijnde in een extra ordinair proces gevolglijks de
selve aquiteijt en het selve regt omtrend haar lieden stant
moet grijpen,
dog om alle tevijfelingen wegte nemen soo sal maar met
attentie moeten werden ingesien het reeds geciteerde 20:
numer van den Even aangehaalden tit: 7. alwaar gem:
heer Bort sulx met duijdelijke woorden mede omtrend
gevangens komt teleaaren. —
Ende billijkheijd daar van klaar voor oogen te stellen,
wanneer hij na gedaane Citatie der voors: gewijsdens van
den hoogen raade segt,
en dient tot justificatie vande voors: sententien vanden
hogen raade onder andere meede,
dat sonder de articulen ofte interrogatoren uijt de nes.
ponsiven alleen nauwelijks Jmmers niet volkomentlijk en sulx
naa behooren kan werden geweeten wat eijgendlijk is
gerespondeerd veel min wat dat is gevraagd en waartoe
sulx dient,
voornamentlijk soo wanneer (:gelijk men nu veeclijss
siet gebeuren:) de responsioen werden gesteld in simpele terme
met"
NL-HaNA_1.04.02_2555_0867.xml,"546
met dewoorden van jaa, neen of diergelijke sonder te
repeteeren het gund by de articulen werd gebraagd,
sulx dat teregt gesegt kanwoorden dat gelijk aen
niemand sijne defensie kan benomen werden.
Enwel voor al niet in Crimineele saaken,
als sijnde ordinaarie van grooter gewigt en gevolge dan
decivile,
alsoo mede niemant (:NB: dat hier door de heer Bort
indistincte en sonder Eenig onderscheijd werd gesprooken:)
de jnterrogatorien daar op hij gehoord is en kunnen werden
gewijgerd.
als bestaende daar in Eene gedeelte van sijne detensie,
waar omme ook bij den heer Hugo de groot en sijne
apologia Cap: 6: ontrend het eijnde is genoteerd,
en door illustre exempele bewesen,
dat in dese landen selvs ten tijden van den hertog van alba
(:wiens violente s proceduuren alomme sijn bekend:) aan
de gev.:s (:en geensins alleen aenged:ts inpersoon:) de
articulen van hunne beschuldiginge sijn terhandegesteld
behalven dat het weijgeren der articulen ook nergens
anders kan toestrecken. —
dan om de geactuseerden (: wederom Jmners een generaal
woord:) te blindhoeken,
het welke met Eene sincere administratie der justitie
en insonderheijd in cas Crimineele niet en quadreerd en z:
Temeer alsoo volgens het 21. nummer de procureur genel:
ook geen regt matig intrest heeft dat den ged:e niet mede
volge
."
NL-HaNA_1.04.02_2555_0868.xml,"volge copia vande artieulen na dat daar op is geantwoord,
alsoo denselven op de gedaane confessie regt versoekende
daar aan niets is gelegen
Dat de ged:e ook visie en copie heeft vande articulen
daarop dat hij is gehoord en heeft geantwoord,
En niet goed vindende extra ordinair te procederen,
Jn ordinario professu alles moet werden aandenselven gecom„
minuceerd,
alvoorens daar op Eenig het minste reguard genomen kan
werden,
waar uijt dan naa des sufp:s meering klaar en Evident
blijkt dat selver aangevangens endus veel meer aan hem
suff:r die alleen maar in sijn huijs is gegijseld de versogte copia
niet moet werden gewijgerd.
Te meer als men de door Bord geallegeerde passagie
van hugo De groot insiende Cap: 16: van sijne apologie fol:
mihi in quarto 157. versu hoe konnen dusdanige etc:a sal
bevinden:
dat aan deegraven van Egmond en hoorn (: schoon gev:
„de
over het „ liet van majesteijts schennisse:) ter tijde van de
albaensche regering sijn terhanden gesteld de articulen
van haare beschuldiginge,
Engegeven Competenten tijd om daar Jegens schrifte
lijk in testellen haar defensie.
die men nog huijdendaags kan lesen.
mitsgaaders toegelaaten schriften en beschijden tot haar
ontlastinge over te geven. —
t
het"
NL-HaNA_1.04.02_2555_0869.xml,"548
het welke sonder bekominge van copia der interrogato„
rien en responsiven niet wel tedoen is. —
De supp:t vertrouwt verder niet dat hem dit versoek
sal werden. bedisputeerd,
Omme reden hij alvoorens te antwoorden het selve
niet en heeft gedaan,
en door soodanig versuijm tans soude scheijne telaat op
tekomen,
naa dien dese reden tenvollen kan werden gevonden te sijn
geenerveert bij meerder geciteerde Pieter Bort Eod:
tract:sen tit 7. N:o 23.
waertoe de Juff:r tot vermijdinge van verdere extensie
sig onder reverentie is refererende,
En op fundament van het geene tendesen is gedediceerd
sig seer Eerbiediglijk kerende tot desen Eedelen agtb: raade,
met versoek dat door uEd: en agtb:rs aan hem Juff:r mag
werden geaccordeert Copia soo van het request ende versoe„
ken tot obtenue van gijselinge mitsg:s van interdictie
omtrend het veralieneren van goederen en papieren dan wel
andersins often anderen fine door den heer prointerim adr:
#
fiscaal op en ontrund den supf:t gedaan
als van de interrogatorien waar op den supp:t is gehoort
en van de responsiven door hem supp:t daar op gegeven, en
gerecolleerd /:onderstond:) het welk doende Etc:a / was
getekend:) W:m V:t helvetius (:tersijde stond/ ex hibitum
in raade van justitie den 6:e Februarij 1743.
Een leer pro- interim advacaat discaal m:r Nicolaas Iongsma
op"
NL-HaNA_1.04.02_2555_0870.xml,"op het bovenstaande versoek gehoort sijnde sustineerden sijn
E: dat het selve voor als nog behoorden 'tewerden gehouden in
advis om redenen den heere geweesene gouverneur generaal
adriaan Valckenier nog niet op artl: gehoort en dese zaek„
daar mede geconcatineert is,
Den Raad op het bovengem: versoek dispo„
neerende accordeert aanden gegijselde m:r Willem Vincent
helvetius copia soo vande versoeken tot oblenue van
gijseling op desselvs persoon als van interdictie omtrendhet
veralieneeren sijnen goederen en papieren met de daar op ge„
vallene dispositiven mitsg:s copia van de articulen met des
gegijseldens daar op gegevene responsiven /onderstond/ Jn
kennisse van mij /was getekend/ G:s Schuylenburg Segen
geExtraheert uijt de reqies rolle
vanden agtbaare raad van justitie
deses casteels en accordeert
Batavia datum ut supra
Hbaksteen
Adve: Geswv: Clercq
e   g nrtie
ti
5"
NL-HaNA_1.04.02_2555_0871.xml,
NL-HaNA_1.04.02_2555_0872.xml,No: 14.
NL-HaNA_1.04.02_2555_0873.xml,"550
Woensdag Den 6=e februarij 1743 Present
den Edelen haere president Jtem de heereen Raden
en geassumeerde Leeden in deesen zijnde den heer
vonglan in Commissie na Cheribon vertrokken
Door den ord:r Clercq Adriaan oostdijk is voor ende van
wegens de zupp=te aanden raad gepresenteerd het onderstaende
request met versoek als int' eijnde vandien
Aan den Edelen agtb: Heer
Ab:r Jacob Lakeman raad
Extraordinair van nederlands
Jndia en president
Mitsgad:s
Aan de verdere agtbaarre
heeren raden van Justitie
des Casteels Batavia
Edele, en Agtbare Heeren.
Geeft seer reverentelijk te kennen Catharina
Colijns wed:e wijlen m:r Jsaac massis, alhier
woonagtig, hoe zij zuppliante nu al een
geruijmen tijd aan den andere vernomen
hebbende de swake lighaams gesteldheijd van
haar behuuwt soon, den gewesene heer gouver
„neur generael van nederlands inder
Adriaan valckenier, en uijt hoofde van
dien haar is keerende tot uwel Edele
agtbaarhedens, met reverentelijk versoek
haar"
NL-HaNA_1.04.02_2555_0874.xml,"haar zuppliante mag werden vergunt, vrij
acces tot gem: haar besuuwt soon /onderstond)
T welk doen de H:
Den Raad disponeerende op het boven
gem: versoek, accordeert het selve soo als
het legt /onderstond in kennisse van mij
/was Getekend:/ G:s Schuijlenburg secrets:
Geextrareert uijt de request rolle
van den agtb: raad van Justitie
deses Casteels & accorteert
Batavia datum ut supra
Haksteen
ad V„: G sw: Clercq"
NL-HaNA_1.04.02_2555_0875.xml,"der
ij
stond"
NL-HaNA_1.04.02_2555_0876.xml,No: 15.
NL-HaNA_1.04.02_2555_0877.xml,"552
present den Ed: Heere President, item de Heeren
Raaden en geassumeerde Leeden in desen, dempto
d' Heer van Glaan, als in Commissie na Cheri=
bon vertrokken zijnde.
Woensdag den 6 Februarij 1743.
Den pro interim Advocaat Fiscaal van India
M=rt Nicolaas Iongsma exhibeert hiernevens
aan UEd: en agtb: met schuldige eerbiedigheit diverse ar=
„ticulen en Vraag poincten in datis 5. b. 11. 12. Octob: 26
en 27 9br: 1742. en. . . - - - Januar: 1743 beantw=d bij Ian
Mo. e. s. Adriaan Dubbels c. s. Lim Tsouko
c. s. Schamat Babandam i. s. d' Heere
Justinus Vink, en Knabe c. s. en op funda„
„ment van dien eenige door hem Fiscaal opgestelde arti=
„culen en vraagpoincten, om daarop gehoort en ondervraagt
te werden de thans gegijselde Coopman en Oud gecom¬
„mitteerde tot en over de zaken van den Inlander
Ferdinandus de Roij, versoekende dat UEd
en agtb: deselve art: gelieven te approbeeren en te admittee¬
ren, mitsgaders gemelde de Roij te condemneeren en
„ daarop cathegorie te antwoorden.
Den Raad de geexhibeerde articulen met
aandagt hebbende geresumeert, condemneert den
gegijselde Ferdinandus de Roij op de=
selve ten overstaan van Commissarissen uijt
desen raade Cathegorie te andwoorden.
Onder stond in kennisse van mij, en was geteekend
G: Schuijlenburg, secret:
Geextraheert uijt het memoriaal
van"
NL-HaNA_1.04.02_2555_0878.xml,"van den agtb: rard van Justitie
deses Cestee & accordeert
Batavia datum ut supra
daksteen
Ad J Gese: Clercq"
NL-HaNA_1.04.02_2555_0879.xml,
NL-HaNA_1.04.02_2555_0880.xml,No: 16.
NL-HaNA_1.04.02_2555_0881.xml,"554
segt Ja. —
op heeden den 7: Februarij 1743.
Viliculen en vraag„
den gegijselde segt Neen
Compareerde voor heeren Commiss:s
uijt den agtb: raad van Iustitie des
Casteels batavia m:r Iacob Pompe: Poincten op gesteld door
van meerdervoort, en Evert Christoffel
Lanius benevens mij Pieter
M:r Nicolaas Iongsma
Haksteen adj:t gesw: Clerk van wel
Prointerim advocaat
gem: haer agtb: den hier besijden gen:d
Ferdinandus De Roij dewelke inge„ Friscaal van India Rat: off:
„volge het dispositief van gisteren op
Requirant omme ten
de onderstaende articulen naau„
keurig sijnde gehoort, daarop sooda„
overstaan van Heeren
nig geandwoord heeft als besijden
ider vraag poinct aangeteekent Commiss: uijt den agtb:
Raad van Justie deses—
Casteels gehoord en on„
:dervraagt te werden
Ferdinandus De Roij-
Koopman in dienst der E:
Comp: 'sheeren gegijselde
en gerequireerde. -
staat;—
Eerstelijk werd de gegijselde
gevraegt of hij voormaels ook
niet geweest is ondercoopman
en adj: vanden gecommitteerde
tot en over desoeken vande in„
:lander en sulx ten tijde vanden
thans Edelen heer raad Extra„
:ordinaris Nicolaas Crul, en
den burger adriaen Iubbels.
of hem gegijselde dan ook niet
P: S: segt als nu dat soo hem bekent is dat de Chineesen
artl: 1.
best.
die
8
2."
NL-HaNA_1.04.02_2555_0882.xml,"beste voorstaat dat deselve
die na de suijker moolens en bo„
sJaarlijx een nieuw briefje
„venlanden gingen woonen eens
vooral en soo lang deselve gecom
mitteede in officio bleef een per„
„missie briefje moesten hebben
zegt
moeste hebben.
den gegijselde segt Ja. —
den gijselde segt Neen
5.
segt neen voor soo verre hem soo niet of niet ten minste
best voorstaat; sijnde het geven een en deselve Chineesen twee„
van briefjes althoos door Een: mael in sijn tijd briefjes hebben
moeten betaelen
hoeveel voor Jder van die brief„
soo aan sijne praede cesseurs
als aen hem gegijselde betaalt
en wiens haude sulx gedaan
wierde. —
segt dat het selve door alle sijne volgens welke order of reglemen
predecesseurs in dier voegen ge„ die betaling gevordert en gegester
practiseert is, en dat bovendien den is. —
doenmaligen adj:t sibens dat brief„
:jes geld van d' Ed: Crul die te dier„
tijd Commissaris was geobtineert heeft
segt twaalf stuijvers aande
of de gegijselde naderhand selvs
gecommitt:s werdende de chi„
:neesen niet twee en meer maal
's jaars briefjes heeft doen aan
nemen en betaelen
of het selve bij den gecommitt:d
niet wierde getekent.
clerk gedaan.
Clerk. —
6.
.-
7:
4.
3."
NL-HaNA_1.04.02_2555_0883.xml,"556
vervalt. —
vervalt
gevervalt.
segt sulx nooijt gedaan te hebben of den gegijselden niet al in den
beginne van sijn bedieninge—
alle bedenkelijke moeijte heeft
aan gewent om de Chineesen
nieuwe briefjes bij hem te doen
hoelen omdaardoor sijn beurs
temaken
op wat wijse sulx uijtgevoert
segt sulx niet gedaan te hebben of de gegijselde den gewesen
Captn: der chineesen niet
gepersuadeert heeft het
becken telaeten roud—
slaan en die natie aldus
aan te seggen dat sij sig bij
de nieuwe Commissaris
moesten vervoegen om
-
nieuwe briefjes te erlangen
of de Chineesen dewelke
die briefjes ontfingen alle voor„
sien waren van oude danwel
of er ook onder waren
die nog nooijt briefjes gehad
hadden. —
12:
of de oude briefjes overgegeven
wel
wierden dan onder de chineesen
verbleven
1
13.
segt dat subbels hem er of des gegijseldes praedecesseurs
nooijt
den
8.
g.
10.
11.
-"
NL-HaNA_1.04.02_2555_0884.xml,"gevallen is. —
vervalt.
segt Neen.
vervalt.
nooijt over heeft gesprooken den bovengemelte subbels niet
en ook dier wegens niet kunnen geprotesteert heeft tegens dese
spreeken dewijl het nooijt voor„ nieuwe en ongehoorde manier
om briefjes te debiteeren
vervalt. -
16.
segt dat dit gevraagde met
hoeveel geld dat wel inde
relatie op de voorgaande
:eerste ses maanden bedragen
artl: vervalt, dog dat 'smaen„ heeft.
:delijks het geld vondpassen
of briefjes soo voor Javanen
als Chineesen bedragen heeft tusschen de 40. en 50. rd=s
of de gegijselde naauwlijx ses-ge
maenden geExpireert sijnde
niet door sijn volck uijt de
bovenlanden terugh heeft doen
vorderen de gedistribueerde
briefjes.
om wat Reedenen en
op welk praetext sulx
geschiede
of op het voorsz: becken geslag
alle de chineesen van de bo„
venlouden niet genootsaekt
sijn geweest briefjes te hoelen
waar ter plaatse en in wiens
presentie dat voorgevallen is
14.
15.
17.
18.
-
19.
-
te"
NL-HaNA_1.04.02_2555_0885.xml,"558
vervalt. —
vervalt. —
vervalt. -
vervalt. —
den gegijselde segt diestijds of kort na het te rug geven
geen order tot het opvatten van die briefjes door den
gegijselde aan sijn volk
van chineesen gegeven te„
(:hebben en vervalt het eerste geen ordre gegevenis om een
menigte van Chineesen
gedeelte van dese vrage
op te vatten.—
24.
of daar onder selvs de soodani„
ge niet geweest sijn wiens
briefjes onder hem gegijsel„
:de berustende waren
25.
segt nooijt de briefjes of dieselve Chineesen niet
vervalt. —
23.
En alsoo occasie te hebben om
deselve als niet voorsien
sijnde van briefjes te doen
opvatten.
22.
of ter contrarie door den gegij„
selden niet gepractiseert is
om die menschen in het nahoo„
pen en verlegentheit te„
brengen.
21.
20.
waar dog die veranderinge
in bestond of bestaan heeft
of het niet geschiede op pretext
dat deselve verandert moesten
werden.
tr.
Eenige
19.
1"
NL-HaNA_1.04.02_2555_0886.xml,"58
vervalt. —
vervalt. —
vervalt. -
te hebben laten afvorderen eenige ducatons hebben ma
en oversulx geen geldont„ spendeeren om hunne een
mn: fangen te kunnen hebben
betaelde briefjes weder te
om deselve te restitueeren
:krijgen en op vrije voeten
te geraaken.
26.
of die geene die de Eerste dag
losraakten geen ses, det
:de en volgende dage vier, dr
soo ma rato ducatons hebbe
moeten geven
ver
27.
of de gegijselde die penn: selv
ontfang dan wel door Een
ander leit ontfangen
28.
of hij daartoe niet gebruijk
heeft sijne schrijver, en Eene
zeekere Khee baroe.
29.
den gegijselde dese Kheebaroe
algebruijkt heeft.
segt hem in geen affaires tot wat zoeken en affaires ver
of de gegijselden denselven niet ver
gebruijkt heeft om allerleije ex
actien en knevelarijen voor
hem te verrigten
of niet op sekeren tijd den oude
Chinees Lim Tsouko hem gegijsel
gebruijkt te hebben
segt Neen
vervalt. —
aengesproken
ge
-
30.
31."
NL-HaNA_1.04.02_2555_0887.xml,"560
vervalt. -
vervalt. —
aengesprooken heeft over drie
Chineesen van sijn kennis wiens
briefjes in voegen als vooren
onder hem gegijselde berusten„
:de en welke selvs in't blok
geslooten waren.
of Lim Tsouko dies tijds tegen
hem gegijselde niet gesegt
heeft dat het seer onreedelijk
was deselve aen te houden
33.
of de gegijselde daarop sijn
clerk of schrijver niet geor„
:donneert heeft na die briefjes
tesoeken. —
34.
35.
of die briefjes niet gevonden
en door den gegijselden aen
Lim Isouko niet overhandigt
sijn.
of de gegijselde hem Lim Tsouko
niet belast heeft om er drie
ducatons quasi tot een ver„
valletje van de oppassers voor
te betaelen. —
of Lim Touko sulx ook
37.
36.
legt de schrijver Ioseph genaemt
hoe die clerk of schrijver ge„
sijn geweest, en dat denselven
noemt en waar woonagtig
is;—
overleden is. —
vervalt.
vervalt. —
vervalt. —
niet
32.
1
roe"
NL-HaNA_1.04.02_2555_0888.xml,"vervalt.
vervalt. —
gewesene gouverneur ge„
nerael Valckenier
segt dat volgens gewoonte of die op vatting met ter ordre
desselvs oppassers met depa„
van hem gegijselde door sijn
trouilli of inlandse mili„
oppassers met adsistentie van
„:taire mede gegeven heeft, de inlandse militaire geschied
en dat de patrouille de ordre is.
ge kregen heeft van sijn Edel„
„heijt Valckenier
den gegijselde segt te hebben of 'er bij die op vatting niet
horen verhalen dat een een seeker Chinees terwijl
Chinees uijt bevreestheijd in het water meende te vlug„
in't water gesprongen: ten met Een setstok met
sijnde verdronken is, dog een ijsere punt van agte„
niet gehoort te hebben ren door sijn lichaam
42.
41.
nieuwjaar was niet een Extra
:ordinair getal chineesen op
baccassij en vandaar neder
waerts tot aan Tan Jongpriok
op gevat sijn.
segt Ja, dog dat die opvatting- of 'er in het begin van't Jaar
geschiet is ter order vanden 1740. ten tijde het der Chineesen
40.
39.
of dit alles niet voorgevalle
is inden Iaare 1739.
En of den gereq: het voorsz: geli
niet selvs in sijn sak gestoken
of sig toegeEijgent heeft
:
niet heeft moeten doen
dat
gestooken.
38."
NL-HaNA_1.04.02_2555_0889.xml,"562.
segt Neen
vervalt. —
dat deselve met een set stok gestooken en aldus verdron„
gestooken soude sijn geweest: ken is
segt de naam van de Chinees hoe de naem van die Chinees
niet te weten en hem vandat en de gene die sulx gedaen
voorval ook geen rapport heeft geweest is
te zijn gedaan. —
segt het eerste gedeelte niet of hij niet genaemt is sonhoenko
teweeten, en vervalt ten op„ ende dader niet jmant van
:sigte van het verder gevraag,„ sijn gegijselde volk geweest
ar
li
is, en wie. —
/:de:o
segt sulx niet te weeten
segt de doen maliegie
of soodanige op vottinge
48.
wat hem gegijselde daar
toe bewoogen heeft;—
47.
of de gegijselde gemelte Londe
:drost niet van ter sijden
onder anderen door intercessie
vande gerepatrieerde augustus
Wolff gedisponeert heeft om
daar na geen ondersoek
te doen.—
46.
of daar over geen beklag
gedaan is aanden lande drost
45.
44.
43.
op.
als.
gel
ken
valle
tre"
NL-HaNA_1.04.02_2555_0890.xml,"vat sijn. —
gevoegt waren. —
segt Neen. —
opvatting ter ordre van als hier boven gemelt staet
sijn Edelheijd te sijn gedaan vervolgens niet onderno
men en ter ordre van den
en niet positief te weeten
gegijselde uijt gevoert is op de
waer de chineesen al opge
landen nader aendestadleg„
gende en inspecie op Tsilingsing
op het land vande molenaer
Iswa hobeseeng, en limbiokseeng
jalias Tiekoes. —
49.
of deselve Chineesen niet
over al op gevat en selvs—
uijt haere huijsen enmoolens
gehaelt sijn
sol
of veele van die opgevatte.
Chineesen niet aen een
lange bomboes ofstok met
de armen uijt gespreijt, en
andere wederom gevleugelt den
na beneden gebragt sijn
dis
of niet gebragt sijn bijden
53.
52.
segt sok hem best voorstaat waar na toe deselve gebragt
dat deselve inde Compongs sijn.
gebragt sijn
segt te gelooven van Ja. —
segt sulx niet te weeten
segt door de patrouille
of sulx niet geschied is door
waarbij desselvs oppassers
des gegijseldes oppassers en de
invoegen als voren gem:e inlandse patrouille
-
51.
54.
50.
in
dan
de
b
heij
gegijselde. —"
NL-HaNA_1.04.02_2555_0891.xml,"54.
5649
heijd. —
segt dat deselve ter ordre wat ordre en schikking den ge„
van sijn Edelheijd valckenier: gijselde als doen ontrent
inde Compongs sijn geplaats die op gevatte gegeven en ge„
endat hij gegijselde dier„:maekt heeft;—
opde
wegens geen schikking ge„
maekt heeft. —
beantwoord.
56.
soo hem best voorstaat
Jn welke compongs werd—
inde Compongs van baban„
de gegijselde gevraagt om
specifice op te geven
„dam, mochamiet salé en
soeta wangsa. —
beantwoord.
58.
gelt den gegijselde segt tot nader tot wat eijnde die menschen
dispositie van sijn Edel„ daar geplaatst sijn,
segt ter ordre van sijn op wat wijse daar weder„
om uijt gekomen off
hoog Edelheijd. —
gelargeert sijn.
59.
of 'er niet een gedeelte ge„
plaats sijn inde Compongs
van babandam, van
mochamat salé, en op—
mangadoea. —
of hij gegijselde deselve niet
heeft doen plaetsen inde
blocken vande Campongs
der inlandsche Capitains
60.
et
s—
en
ragt
57.
-
55."
NL-HaNA_1.04.02_2555_0892.xml,"te hebben. —
vervalt. —
vervalt. —
segt nooijt iets van deselve ofsulx niet geschied is mits
gevordert of ontfangen betalende aen hem gegijselde
of sijn ordre
segt dat kheebaroe nooijt of de voorsz: kheebaroe te regte
genaemt lisionko die penn:
iets voorsijn gegijselde—
niet voor den gegijselden
reek: van die menschen
en ter sijner ordre ontfangen
ontfangen heeft.—
heeft; —
vervalt:—
de gegijselde segt soo hembast of deselve niet eerst inde Com„
voorstaat dat alle de inde„ Jongs, of burgers boeijen
Campongs geplaaste Chin=en dan in de ketting geslagen
ter ordre van sijn Edelheijd wierden.
gesamentlijk na het quar
tier sijn gebragt;—
66.
segt
in gegijselden niet positief of sulx niet geschieden
65.
64.
hoe het ging met die gene die
niet konden off wilden be„
taalen
of het niet geweest is ses, vier,
Drie ducatons narato dat schie„
:lijk of langsaam op vrije voe„
ten geraekten.
63.
62.
hoe veel ider der gelargeerde
heeft moeten betaelen
te.
op.
d
60.
61."
NL-HaNA_1.04.02_2555_0893.xml,"566
als boven. —
segt Neen
te kunnen opgeeven afsoo„ op aenbrengen en rapportee
„danig een rapport aan sijn :ren vande gegijselde aende
heer gouverneur Generael dat
Edelheijd valckenier heeft
gedaan. —
het land-loopers en vagabon
:den waren.
segt niet te weeten of het of er vande voorsz: op gevatte
:
volk van khee chiampang is menigte net elf stux van
het volck van khee Chiampang
geweest, en refereert sig wij„
„ders aan desselvs gegevene dat lot hebben moeten on„
:der gaan. —
andwoord op artl: 65. —
segt hem daar niets van
voor testaan. —
of deselve al egter niet door
voorspraek van dese en gene
Chineesen en het presentee„
ren van Een requestoen
de hooge regeringe deser landen
gelargeert sijn;-
69.
of die largatie niet geschied
is opbewijsen dat het orden„
telijke Chineesen en niets
minder als land-loopers
en vagabonden waren
70.
of de gegijselde danniet—
moet bekennen dat niet
alleen door sijn ordre orden„
:telijke Chineesen opgevat
waren maer ookdat door
hem dier wegens een on
waaragtig rapport gedoen
67.
is.
gte
de
68."
NL-HaNA_1.04.02_2555_0894.xml,"den gegijselde segt Ja—
segt hem niet voor testaan
Jn gevalle de gegijselde al„
dat er elf Chineesen gelar„
mogte staende houden hier
e:geert sijn en sig oversulx
omtrent niet misdoen te heb
daar over niet misnoegt
ben waerom hij dan soo
te hebben kunnen tooren
misnoegt is geweest over
delargatie van de Elf per
:soonen.
:len tesijn;
segt omdat „ gegijselde door om wat reedenen sulx ge„
Captn: soeta wangsa wierd: schied is. —
gerapporteert dat gem: Lim
Siocko wierd gesuspecteert
een moord begaan te hebben
74.
of 'er vande suijkermoolen
van Lim Tsouko in meij of
Iunij 1740. niet afgebragt
en bij den gegijselden ge„
:bragt is desselfs moolenaer
Lim Tiocko.
73.
72.
segt sulx nooijt voorgeval, En waerom hij dan aen meer
gemelte Lim Tsouwko sulx
soo significant te kennen
gegeven heeft niet te seggen
ofte vragen Durff gij houd
requesten aan sijn hoog
Edelheijt praesenteeren
is aende hooge regeringe dan wel
aan sijn hoog Edelheijd.
75.
71.
segt
.
„hem"
NL-HaNA_1.04.02_2555_0895.xml,"75.
5648
dan webeantwoord. —
segt Neen. —
vervalt. —
vervalt. —
segt dat Lim Isouko hem of de gesegde Lim Tsouko met
gegijselde versogt heeft voorn: den gegijselde overdat geval
6
Lim Tiocko weder te largeeren sprekende hem niet van het
dog dat hij gegijselde hem sulx contrarie overtuijgd heeft,
hadde gewijgert alsoo sijn
Edelheijd daar eerst berigt vandoen moest. —
per
of het niet geweest is den
Iavaensen Capitain van
de mangadoea. —
of er niet te kennen gege„
ven is hoe veel geld door
80.
wie daar toe van hem gegij„
8„
selde geEmploijeert is.—
78.
of de gegijselde niet Jmant
van ter sijden gesonden heeft
bij Lim Tsouko om desen te„
raaden dat hij het voors
geval met hem gegijselde
moeste afmaken; —
77
76.
of het niet geweest is op Een
frivool pretext dat er Een
Iavaan door denselven
molenaer soude wesen
vermoord. —
vervalt. —
voor.
r
en
en
80
.
79."
NL-HaNA_1.04.02_2555_0896.xml,"vervalt. —
vervalt. —
segt Ja. —
Edelheijd.
of het niet geExprimeert is
op een Hondert Ducatons.
of Lim Tsouko sulx niet
absoluit geweijgert en gesegt
heeft dat als sijn molenaar
schuldig was niet doorgeld
vrij gekogt moeste werden
83.
of de voorsz: molenaar
al egter niet gelargeert is
84.
segt ter ordre van sijn op wot wijse. —
of het niet geschied is door het
praesenteeren van Eenre
:quest door Lim Tsouko aen
sijn Edelheijd.
86.
85.
ze
segt voornoemde Tsouko of door de gegijselde den ge„
ge
niet in sijn thuijn ontbo„melte Isouko over dat geval
:den veel min daar qualijk niet bij hem in de thuijn
besegent te hebben, en dat ontboden en door hem
gemelte Lim Tsouko en zijn vrouwqualijk
den gegijselde segt Ja. —
voor moeste betaelt werden
bejegent
81.
82.
a
:be
3
na"
NL-HaNA_1.04.02_2555_0897.xml,"580
vervalt. —
na het presenteeren vandat bejegent is. —
request, nooijt meer in sijn
huijs of thuijn geweest is. —
.
den gegijselde segt Ja hem sulx
of de gegijselde niet bekent
bij een Extract uijt de resolu„t is dat Er inde maand Iulij 1740.
door haer hoog Edelens geor„
:tien van haer hoog Edelens be„
:donneert is om swerwers
:kent gemaakt te sijn. —
inland lopende Chineesen
op te vatten.—
89.
of ter contrarie door sijn
segt niet te weeten dat er
gegijseldes volk en oppassers
ordentelijke chineesen „ opge„
geadsisteert met de balijers
vat, en dat hem dierwegens
niet allerleije ordentelijke
nooijt Jmand is klagtig ge„
Chineesen soo uijt demoolens
vollen. —
als huijsen gehaelt en aan
gepakt sijn
90.
segt diergelijke ordres niet wat reeden hij gegijselde ge„
:had heeft om soodanige or„
gegeven te hebben. —
dres te geven.
91.
segt nooijt geweeten te hebben En soo hij gegijselde almogte
88.
of de gegijselde onder andere
niet gesegt heeft Iouwhoud
sij hebt nu voor de tweedemael
requesten aan sijn hoog Edel
„heijt gepresenteert wagt
maar ik sal u wel hebben
87.
dat.
ontkennen
1
-
t"
NL-HaNA_1.04.02_2555_0898.xml,"dat sijne oppassers sig inde
ontkennen dier gelijke ordre degt
op vatting soude hebben te hebben gegeven werd deselse
te buijten gegaan alsoo 'er gevraegt waer om als dan het
nooijt Jmond over bij hem selve met goede oogen aenge
gegijselde heeft geklaagt: sien en sulx in sijn volk
gestraft heeft of doen straffe
92.
of er onder de opgevatte chi
:neesen ook geen vijf persoo„
:nen hoorende onder Lim
Tsouko geweest sijn
93.
of die vijf ook niet gelargeer
sijn en op wat wijse
94.
segt hem niet voortestaan of het selve niet geschied is te
dat er chineesen door voor„ ordre en versoeke van d' Edele
:spraak van d'Edele heer
heer De Haeze. —
De Haeze gelargeert soude
den gegijselde segt door
nooijt van gehoort te heb„
om wat reedenen hij gegijsel
96.
of hem gegijselde niet gerapp
„teert is dat door sijn volk
per
de chineesen op de vlugt gege
:dreven ende overgebleven der
vrouwen en kinderen
en
handelt waren. —
95.
vervalt. —
segt sulx niet te weeten
segt.
sulx.
sijn; —
51
ben. —
1 vervalt. en
bebe"
NL-HaNA_1.04.02_2555_0899.xml,"572
segt hem daar niets van
vervalt. —
ondre sigt hem nooijt dier wegens sulx niet gestuijt heeft ten
minsten daar over niet klag„
desel klogten gedaan te sijn. —
:tig gevallen is. —
97.
egt daar niet van te weeten of hem gegijselde tenminsten
niet bekent is geworden
dat soodanige opvatting een
groote verboestheit verle„
:gentheit en misnoegen
in die natie veroorsaekt
heeft. —
98.
0
of hem gegijselde ook nogh
niet bekent is dat de chinees
Lim Thoanko onder de opge„
vatte Chineesen geweest en
ook door hem gegijselde ge„
:largeert is. —
99.
1
2
of hij gegijselde daarvoor
iets getrokken heeft en hoe
veel. —
100.
soo neen afgemelte Lim
vervalt, en sigt wijders wel
Thoanko dan op voorspraak
gehoort te hebben dat er on
van eenige inlanders gelar„
verder de op gevatte chineesen
geert is; —
en is geweest dewelke door
Deman marta wangsa gelar
geert is, onder aenneeming om dier wegens met hem
gegijselde te sullen spreeken, gelijk door hem ook was na„
gekomen, en gesegt dat het een ordentel: chinees. en Een chinees
gijselijk van hem was, dog de naem van gem: chin:s hem gegijselde niet
bekent te sijn.—
geer
voor testaan. —
102.
do
het
straffe
„
1
-
-
1.
5
„
ulx"
NL-HaNA_1.04.02_2555_0900.xml,"102.
vervalt.—
vervalt. —
segt hem daar niets van
voor te staan. —
segt hem niet voorte staan
wijders werd de gegijselde
dat aldaar chineesen sijn op
nog gevraagt of ter ordre
gevat, en ook sodanig een order
van hem in't begin van het
Iaar 1740. bij of ontrent
niet gegeeven te hebben.
de post meester Cornelis
verscheijdene Chineesen
opgevat sijn
105.
of die opvattinge niet ge„
:schied is door sijn gegijselde
oppassers en inlandse patrouil
106.
waar die chineesen ge
bragt en belend sijn
107.
of er met een gedeelte
voor geld gelargeert
sijn
vervolt. —
segt sulx niet te weeten
104.
103.
door wat middelen en op wat
wijse dat ondersoek agter ge„
bleven is; —
ver
of door gemelte Lim Thoanko
dier wegens aan sijn Edelheijt
niet gedoleert en deselve aen
de land drost gerenvoijeert
is ter ondersoekinge
108.
:le.
„"
NL-HaNA_1.04.02_2555_0901.xml,"108.
5729
niet
segt hem sulx „ voortestaan
vervalt. —
segt dier wegens nooijt met of de meergemelte Khebaroe
ko
rheebaroe gesproken te hebben, hem gegijselde niet geinfor„
ijt
en ook nooijt een chinees of: meert hadde van het ver„
chineesen voorgeldgelar„ mogen dier chineesen
geert te hebben. —
wat
vervalt.
of ten tijde voorsz: door gemelte
oppassers en speciael door salim„
en adje net een menigte praeu„
wen, en praauw voerders
aenhaelt en gevat sijn
111.
segt nooijt geen order tot het of sulx niet geschied is ter
aanhalen van praeuwen ordre van hem gegijselde
roui
of het op pakken van dies
voerders gegeven te hebben
vervalt. —
vervalt. —
114.
of het ook geschied is
113.
of wat pretext sulx ge„
schied is. —
hoeveel praeuwen, en hoe
veel voerders in 't getal er
geweest sijn.
112.
110.
En of zij daarom met een
excessive ofte extraordinai„
re betalinge voor hunne
largatie hebben moeten
doen. —
109.
op."
NL-HaNA_1.04.02_2555_0902.xml,"vervalt. -
vervalt. —
117.
segt Ja dat alle inlanders of de inlanders of Javaenen
die na boven willen gaen ook van passen moeste voor
het sij te water of te land: sien sijn
van passen moeten voor„
-
sien sijn. —
den gegijselde segt dat aande hoedikmaels in't Jaar ten
inlanders die naboven tijde van hem gegijselde
gaan en daarom versoe„
en ten tijde sijner voorsaeten
ken passen werden gegeven,
P: S: segt dat er ook veele
sijn die in stilte vertrekken sonder een pas te koomen
..
119.
hoeveel voor Jder pas of
briefje betaelt wierde
120.
segt Geen qualificatie waar uijt die qualificatie
maer sulx een oude usantie te sijn geblijkt dat er voordiergelijk
segt twaelf stuijvers
116.
hoeveel geld daarvoor en
aen wien betaelt hebben
115.
op wat wijse deselve weder„
om gelargeert sijn
op praetext dat geen passen of
briefjes hadden. —
P: S:
briefjes
te halen. —
118."
NL-HaNA_1.04.02_2555_0903.xml,"576
S: S: segt als nu selvs te geloven briefjes moest betaelt werden
dot er een onder segt dat alle
inlanders na de bovenlanden
gaande van passen voorsien moeten sijn; —
Aldus bij mij opgesteld —
Batavia den 6:' Februarij 1743.
was getekent, N: Iongsma;—
op alle welke articulen en vroogpoincten den
gegijselde verklaerde na waarheijd geand„
woord te hebben, en geschieden het selve inde
raad Camer van bovengem: raade ter presen„
:tie als in margine, was getekent, F:s De Roij—
ter sijde stond, ons present, was getekent, I:
Pompe van meerdervoort, en E: E: Lanius, Lager
't oirconde, getekent, P:r Haksteen as J:t gesw: Clerk,
Gecollationeert en accordeert,
Batavia den 28 maert anno 1743.
bij recollement gepersisteert.
D: Haksteen
Ad Jk. Geswv: Clercq
weder„
n
en
voor
fjes"
NL-HaNA_1.04.02_2555_0904.xml,No: 17
NL-HaNA_1.04.02_2555_0905.xml,"„den
Op heeden 16„e februarij 1743.
Articulen en draagpoinc„
Compareerde voor heeren Commissarissen uijt ten opgesteld omme daarop
den agtb: raad van Justitie des casteels ter Requistie van m:r Nicolaes
Batavia m:r Iacob Pompe van
Iongsma prointerim advocaat
Meerdervoort en Jan Cornelis
fiscaal van nederlands India
Auquesne benevens mij Pieter
rat: off: en ten overstaan van
1
Haksteen adj:t gesw: Clercq van wel heeren Commissarissen uijt den
gem: haar agtb:s den gereg:s Bailjaart agtb: raad van Iustitie deses
„gehoort
hier besijden genoemt dewelke op de onderstaen, Casteel „ en ondervraagt
„voormaals
de artieulen naaukurig gehoord zijnde daar te werden Bailjaert „ oppas„
„ge
op sodanig geantwoort heeft, als in margine sers van de geweesen „ com„
„tot de
van ider Artl: aangeteekend staad,
mitteerden „ zaeken der Jnlan„
deren.
Eerstelijk werd de gereq: gevraegt
dienaar te sijn geweest, maar den gevraegde of hij ten tijde vanden geweesen ge„
deroij wel te kennen En hem ook somtijds committeerde vande zaken der inlan„
op desselvs request wel visch h:a besorgt te deren Ferdinandus deroij niet ge„
weest is oppasser off dienaar.
hebben.
segt dat Eenige tijd voorde chineese oorlog
off hem niet bekent is dat er ten
de patrouille bij hem gereq: op Tsilinsing tijde van gemelte deroij en specialijk
is komen vernagten dewelke seijde ter
in't begin van 1740. inpresentie van
ordre van de Commissaris na boven gesonden hem gereq:se en door het volck van
tesijn om chineesen op te vatten, dog dat Capitain Babandam Een meenigte
hij gereq: niet mede is gegaen, voegende Chineesen op gevat zijn. —
op speciale gedane afvraging hier nog
den gereq: segt nog desselvs oppasser nog
tartl:
bij
3.
571
2."
NL-HaNA_1.04.02_2555_0906.xml,"wij, dat doenmaals als chineesen die opgevat waeren bij sig hadde, dewelkvg
inde chineese praauw daarde patrouille medegekomen was verbleven, en daer
indoor Eenige vande patroinier bewaakt sijn, sonder dat hij gereq: weet
in
off deselve indat vaartuijg gebonden off eijsers gesloten geweest sijn. —
segt sulx niet teweeten alsoo er niet
zoo ja waer ter plaetse zulx
present is geweest.
geschied is. —
sigt sulx niet gesien, maar wel teheb, off het zelve niet speciael is voor
ben hooren zeggen;
gevallen omtrend bacassie,
segt sulx niet teweeten maar tenlij, hoe veel Chineesen en wel op gevatsi
den depatrouille op Thilinsing was
hadde deselve na sijn gissing ses â seven opgevat,
op het 2. art: beantwoort,
segt te hebben hoorenseggen dat de geene
dewelke geen briefjes vande commiss:
hadden, op gevat wierden;
segt sulx niet teweeten,
segt te hebben, horenseggen dat deselve offer niet veele uijt haere huijsen
nog uijt haar huijsen nog molens ge„ off molens gehaelt en op gevat
haalt, maar op deweg opgevat sijn,
sijn.
offer niet veele zeer ordentelijke
Chineesen ondergeweest
sijn
ver
op wiens ordre. —
7.
op welke pretext. —
5"
NL-HaNA_1.04.02_2555_0907.xml,"10
579
vervalt
vervalt
atvan
welke segt gesien te hebben dat 'er veele opge„ waer na toe die op gevaste Chinee„
vatte Chineesen bij de commissaris sijn sen gebragt zijn. —
daer
gebragt, en sulx bij occagie dat denselven oesters bij
gem: Commissaris bragt.
aff
segt gesian te hebben dat deselve als na„ off wat wijse deselve gevleugelt
gewoonte gebleugelt waaren„
off gebonden
waeren.
voor segt sulx niet teweeten nog gesien te heb„ off deselve niet inde ampongs
van de inlandse capitains gebragt
sijn. —
vervalt, en segt verders niet teweeten, off het selve niet omtrend demeeste
nog gehoort te hebben dat er Chineesen geschied is door het betaelen van
Eenige ducatons. —
voorgeld gelargeert sijn. —
16.
aan wien of aan wiens ordre
die betalinge geschieden,
sigt sulx niet teweeten; nog daar niets off die geene die niet betalen konde
alschoon goede Chineesen niet inde
„gehoort te hebben.
ketting geklonken en naderhand weder
17.
13.
Jnwelke ampongs.
14.
op wat wijse daer wederom uijt
geraekt zijn.
15
vervalt
11.
om
ben.
12."
NL-HaNA_1.04.02_2555_0908.xml,"vervalt
segt sulx niet teweeten
vervalt
segt sulx niet teweeten
als voren.
19.
off de gem: gecommitteerde niet
van de chineesen in sijn blok geslooten
en daer inne zeer lange gehouden heeft,
20.
op wat manier deselve daer wederom
uijt gekomen zijn.
21.
segt dat ten tijde daen de patrouilee off ten tijde voors: teweeten in't begin
gelijk voorwaarts is gesegt op Tsilinsing van 1740. mede ter presentie van hem
aanquam, als doen door haer Eenige praau„ gereq: en andere oppassers met Een
wen enderselver voerders aangehouden sijn groot getal praauwen met dersel„
om reedenen deselve geen pascen hadden vervoerders aangehouden is,
22.
sigt dat de oppassers Salem en
wie van zijn mede oppassers daer bij
Gadje er present sijn geweest,
tegenwoordig is geweest.
23.
segt twee praauwen, en twee voerders; hoeveel praauw voerders en praau„
wen,
24.
Ten wiens ordre zulx geschied is,
25
off het selve niet geschied is ter ordre
van deroij. —
om gelargeert zijn,
18.
op wat wijse.
26
ƒ"
NL-HaNA_1.04.02_2555_0909.xml,"26.
581
vervalt,
vervalt
om dat deselve van geen pascen voor„ op wat pretext en om wat reden
sien waeren,
die aanhoudinge is geschied,
segt de praauwen op 't silinsing te sijn waar natoe die menschen en die paer„
blijven leggen en het volk steedewaerts tuijgjes gebragt en gevoort sijn,
gebragt tesijn sonder nog thans teweeten bij wien„
28.
segt niet teweeten dat deselve vast gen op wat wijse wederom gelargeert,
om
houden en ook niet dat deselve weder gelar„
geert sijn.
vervalt,
segt niets anders teweeten
segt soo als uijt de contenue van sijne gege„ op wat wijse de gereq: alle het
voorenstaende bekent is geworden
vene responsiven komt teblijken,
34.
En off hij al het vorenstaende
bereijts is met solemneele Eede
te bevestigen.
Legt Ja,
31.
aan wien of aan wiens ordre
32.
desen aengaende iets
off de gereq:
meer bekent is.
33.
hoeveel.
29.
off sij daar voor geen geld hebben
9
moeten betaelen.
30.
aldus
27.
„
„"
NL-HaNA_1.04.02_2555_0910.xml,"Op alle welke artl: en vraag poincten den gereq: van
klaarde na waarheijt te hebben geantwoord en geschieden
het selve inde raad Camer van boven gem: rade ter presen„
tie als in margine /: was getekend/ met Een handmerk
waar bij gesch: stond /:gesteld bij Bailjaart ter zeijde
stond / ons present was getekend:) I: Pompe van meerder„
voort en I: CAuquesne lager Toirconde getekend:)
P:r Haksteen adj:t gesw: Clercq
Gecollationeerd En accordeert
Batavia den 29:' maert 1743.
Aldus opgesteld bij mij onde
getekende Bataviaden
16„e februarij 1743 /: was geteken
N: Iongsma.
Haksteen
d H Gesere Clercq"
NL-HaNA_1.04.02_2555_0911.xml,
NL-HaNA_1.04.02_2555_0912.xml,No: 18.
NL-HaNA_1.04.02_2555_0913.xml,"583
Maandag den 4 Maart 1743.
Rol. Arch.
2447
Ed: Heere President, Item de Heeren Raa„
neerde Leeden in deesen zijnde de Heer van Glan
nae Cheribon:
Cerim Advocaat Fiscaal van India M=r Nicolaes
Exhibeert hier nevens aan uEd: en Agtb: eenige
gestelde articulen en vraeg poincten met versoek
mogen geadmitteert en den gewesen en thans
en Gouverneur Generaal van India Adri„
lkenier gecondemneert werden om daar op Caste„
„hooren.
3
-
436
Raad de geexhibeerde articulen geresu„
mitsg=s art 113. 114. het laaste gedeelte van
Jtem 285 en 286 hebbende geroijeert, Condemneert
detineerde Heere gewesen Gouverneur Gene„
Adriaan Valkenier op de verdere articulen
verstaan van Heeren Commissarissen uijt desen
de Categorice te antwoorden /:Onderstond:/ In„
„isse van mij /:was get:/ G=s Schuijlenburg sec=s
Geextraheert uijt de Crimineele rolle
van den agtb: raad van Justitie
deses Casteels en accordeert
Batavia datum ut supra
Maksteen
Ad„l Gesuwr Clercq
ƒ"
NL-HaNA_1.04.02_2555_0914.xml,No: 18.
NL-HaNA_1.04.02_2555_0915.xml,"583
Maendag den 4 Maart 1743.
Praesent den Ed: Heere President, Item de Heeren Raa„
den en Geassumeerde Leeden in deesen zijnde de Heer van Glan¬
in Commissie nae Cheribon:
van India Mr. Nicolaes
Den pro interim Adva
uEd: en Agtb: eenige
Iongsma Exhibeert
Kol. Arch.
reg poincten met versoek
door hem opgestelde
den gewesen en thans
2447
dat de selve mogen„
aal van India Adri„
gedetineerden Gou„
t werden om daar op Caste„
aan Valkenie
goriee te hooren
Den R
meert mate
284. Jtem
den gedetin
raal Ad
ten overst.
Raade Co
kennisse
„traheert uijt de Crimineele rolle
Jon den agtb: raad van Justitie
deses Casteels en accordeert
Batavia datum ut supra
„hebeerde articulen geresu„
114. het laaste gedeelte van
hbbende geroijeert, Condemneert
„gewesen Gouverneur Gene„
Eenier op de verdere articulen
„en Commissarissen uijt desen
intwoorden /:Onderstond:/ In„
asget:/ G=s Schuijlenburg sec=s
Haksteen
Ad „: Gesur Clercq
ƒ"
NL-HaNA_1.04.02_2555_0916.xml,No: 18.
NL-HaNA_1.04.02_2555_0917.xml,"583
Maendag den 4. Maart 1743.
Praesent den Ed: Heere President, Item de Heeren Raa„
den en Geassumeerde Leeden, in deesen zijnde de Heer van Glan¬
in Commissie nae Cheribon:—
Den pro interim Advocaat Fiscaal van India m=r Nicolaes
Iongsma Exhibeert hier nevens aan uEd: en Agtb: eenige
door hem opgestelde articulen en vraeg poincten met versoek
dat de selve mogen geadmitteert en den gewesen en thans
gedetineerden Gouverneur Generaal van India Adri„
:aan Valkenier gecondemneert werden om daar op Caste„
:goriee te hooren.
Den Raad de geexhibeerde articulen geresu„
=meert mitsg=s art 113. 114. het laaste gedeelte van
284. Jtem 285 en 286 hebbende geroijeert, Condemneert
den gedetineerde Heere gewesen Gouverneur Gene„
„raal Adriaan Valkenier op de verdere articulen
ten overstaan van Heeren Commissarissen uijt desen
Raade Categorice te antwoorden /:Onderstond:/ In„
kennisse van mij /:was get:/ G=s Schuijlenburg sec=s
Geextraheert uijt de Crimineele rolle
van den agtb: raad van Justitie
deses Casteels en accordeert
Batavia datum ut supra
Haksteen
Adv„r Gesw: Clercq
ƒ"
NL-HaNA_1.04.02_2555_0918.xml,
NL-HaNA_1.04.02_2555_0919.xml,
NL-HaNA_1.04.02_2555_0920.xml,No: 19.
NL-HaNA_1.04.02_2555_0921.xml,"584
Maandag den 4„' maart 1743,
present den Edele heere president
item de heeren raden en geassumeerde
leeden in desen, zijnde de heer
vonglan in Commissie na cheribon,
door den gegijselde is aen den raed gepresenteerd, het navol„
„gende request met versoek als in 't eijnde vandien. —
Aan den Edelen heere
M„r Jacob Lakeman
raad Extraordinair van
nederlands india en
president.
De Verdere Heeren
leden van den agtb:
raed van Iustitie de„
ses Casteels. —
Edelen heer en Agtb„r Heeren,
Ferdinandus de Roij coopman
in dienst van de EComp:, geeft aen uEd: en
agtb: met diep schuldig respect te kennen,
dat hij suppliant op den 27„' xber des Jongst af
gewekene Jaars ter ordre van uEd: en agtb:
binnen 's Ecomp: boeijen in gijseling gebragt
wesende nu onlangs ter requisitie van den
heer prointerim advocaet fiscael van
Mitsgaders
india"
NL-HaNA_1.04.02_2555_0922.xml,"india m:r Nicolaes Jongsma ten overstaen
van heeren commissarissen uijt desen agtb:
raade, noopens verscheijde poincten en saken
welke hij zuppliant soo uijt voormalige gerug„
ten als uijt de voorgehoudene articulen moet
vast stellen dat sijne vijanden enkel en alleen
versonnen, en uijt gestroijt hebben, omme
was het mogelijk hem suppliant ongeluckig
te doen worden, en uEd: en agtb: salva reve„
rentia een verkeerd denkbeeld ten lasten
van hem te doen op vatten:) op een menigte
articulen en vraagpoincten gehoord is
geworden, welke hij zuppliant vertrouwt
dat niet alleen noijt nog in eeuwigheijt den
regter ten genoegen sullen konnen worden
aengetoond ende bewesen, maar daer en boven
ook dat uEd: en agtb: ende de gheele weereld bij
een nauwkeurige Examinatie en lectuu„
„re derselve op stonds van sijn onschuld aen
het hem telast gelegde, mitsgaders van de
onwaerheijd, verdigte uijt strooijselen
en van nooijt gedagte veel min gepleegde
wan bedrijven overtuijgt sullen staen,
alwaar omme hij zuppliant dan de vrij„
heijd neemt sig bij desen tot uEd: en agtb:
tekeeren met ootmoedig versoek en beede,
ten Eijnde het van uEd: en agtb: welbehagen
mag sijn, omme hem ten sijnen redelijk
costen niet alleen teverleenen Copia van
voors: beantwoorde vraeg poincten/ maer
hem daer en boven ook uijt sijne voor hem
penibele"
NL-HaNA_1.04.02_2555_0923.xml,"586
penibele gijseling simpelijk dan wel onder
belofte en handtastinge van des gerequireerd
wordende ten allen tijden wederom in per„
soon te compareeren ofte op sodanigen cau„
„tie en borgtogt als uEd: en agtb: mogten gelieven
goet tevinden, te relaxeeren ende te ontslaen
ten eijnde den zuppliant instaat werden
gesteld, om niet alleen sijne huijsselijke
en noodwendige affaires, die tans door de
beklagelijke staat en srwaare ziekte van
sijn swakke huijsvrouw ten eenemael staen
verwaarloost te werden, nabehooren te
kunnen waarnemen, maar ook om sig
soo veel beter ten genoegen van uEd: en
agtb: te kunnen decken en verdedigen
tegens sodanige beschuldiginge ofte
bewijsen als den heer prointerim advoc:t
fiscael, ter sijner tijd mogte goedvinden
te produceeren, en die hij suppliant
steunende op gerustheijt sijnes gemoeds
van herten wenst dat hoe eer hoe liever
mogen ten voorscheijn komen /onder„
stond/ 'Twelk Doende &a /was getek=t
F:s D: Roij. —
Den Raad op het boven gem:
twee leedig versoek disponeerende
accordeert het eerste lid verleent
dienvolgende aen den gegijselde
Copia"
NL-HaNA_1.04.02_2555_0924.xml,"Copia van sijne beandwoorde, vraeg„
„poincten, en ontsegt het verder
versogte als te prematuur /onderstond)
inkennisse van mij /was getekend/
g„s Schuijlenburg, secrets. —
Geextraheert uijt de requst rolle
van den agtb: raad van Justitie
deses Casteels en accordeert
Batavia datum ut supra
baksteen
dd H„ Gesr: Clercq"
NL-HaNA_1.04.02_2555_0925.xml,2
NL-HaNA_1.04.02_2555_0926.xml,No. 20.
NL-HaNA_1.04.02_2555_0927.xml,"588
Maendag Den 4=e Maart 1743:—
Present Den Edelen heere president
Item de heeren Raden en geassu„
„meerde Leeden in desen zijnde
De Heer van Glan in commissie na
Cherebon.
Door den deurwaarder deses Raads Nicolaas
Smit is voorende van wegens den gegeijselde
Aan Den Raad overgegeven het navolgende
Request. —
Aan Den Edelen
Agbaren heer Mr.
Jacob Lakeman
Raad Extraordinair
van Nederlands Jndia
en President
Benevens
De Agbaare heeren
Raden van Justitie
Des Casteels Batavia
Edele."
NL-HaNA_1.04.02_2555_0928.xml,"Edele Agbaare Heeren
De supp:t op den 6:' der gepasseerde Maand
Februarij aan uEd: Agt: bij Requeste ver„
„sogt hebbende
Copie onder andere van de Jnterrogatori„
en waar op hij supp:t ter requisitie van
den heer Prointerim Advocaat fiscaal
van Jndia M:r Nicolaas Jongsma
is gehoord,
Mitsgaders van de Responsiven
door hem supp:t daar op gegeven en
Gerecoleerd; Is daar tegens door den
welgem:e heer Prointerim Advocaat
Fiscaal geene andere contradictie gedaan
Dan alleen eene Exceptie van úijtstel
voor als nog geproponeerd
En door uE: Agt: des niet tegenstaande
het versoek van den supp:t geaccordeerd
sonder Eenige restrictie ofte uijt sor„
deringe
Egter heeft hij suppl:t bij het ontfangen
der geaccordeerde afschriften bevonden
Dat daar bij alleen te vinden waaren
sijne Responsiven op den 7:' Januarij
Jongstleden gegeven. —
sonder"
NL-HaNA_1.04.02_2555_0929.xml,"590
sonder de ampliatien restrictien en alte„
ratien op den 14:e dito bij recolement
door hem supp:t gemaakt
welke egter wel voornamentlijk het
wesendlijke van sijne gegevene antwoor„
„den komen te bevatten
En die uEd: en Agt: aan den supp:t bij
derselver geërde appoinctement mede
(:soo den supp:t te voornkomt:) hebben
toegestaan,
Ten minsten op sijn supp:t speciaal
versoek niet geweijgerd
Weshalven de supp:t sig met alle
eerbied nogmaals is keerende tot
uEd: Agt:
En versoekende dat aan hem suppl:t
als nog mag werden gegeven Copie
van voorschreve sijne Ampliatien
restrictien, en alteratien op den 14='
Januarij 1743. bij recolement door hem
supp:t gemaakt /:onderstond:/ 'T welk
Doende &c:a /:was getekend:/ W:m V:t
Helvetius /:ter sijde stond:/ Exhibitum
in Rade van Justitie den 4:' maart 1743.
Den heer prointerim advocaat Fiscaal op het
versoek gehoort sijnde concludeert tot
ontsegging van 't selve als tegens depractijcq
hier."
NL-HaNA_1.04.02_2555_0930.xml,"Den Raad op het boven gemelde
versoek disponeerende accordeert aen
den gegijselde H:r Willem Vincent
Helvetius Copia van Sijne ampliatien
restrictien en alteratien als op den
14:' Januarij 1743. bij Recollement door
hem gegeijselde sijn gemaakt /:onderstond:/
In kennisse van mij /:was getekend:/ G=s
Schuijlenburg secretaris. —
G' Extraheerd uijd de request
Rolle van den Agtb: raad
van Justitie deses Casteels
en accordeert
Batavia Datum utsupra
hier te lande strijdig.
Haksteen
W„ GeperClrcq"
NL-HaNA_1.04.02_2555_0931.xml,
NL-HaNA_1.04.02_2555_0932.xml,"Den Raad op het boven gemelde
versoek disponeerende accordeert aen
den gegijselde H:r Willem Vincent
Helvetius Copia van Sijne ampliatien
restrictien en alteratien als op den
14:' Januarij 1743. bij Recollement door
hem gegeijselde sijn gemaakt /:onderstond:)
In kennisse van mij /:was getekend:/ G=s
Schuijlenburg secretaris. —
G'Extraheerd uijd de request
Rolle van den Agtb: raad
van Justitie deses Casteels
en accordeert
Batavia Datum utsupra
hier te lande strijdig.
Haksteen
D. H: Geser Clercq
2"
NL-HaNA_1.04.02_2555_0933.xml,
NL-HaNA_1.04.02_2555_0934.xml,No 21.
NL-HaNA_1.04.02_2555_0935.xml,"592
Maandag den 4. ' Maart A„o 1743. —
Present den Edelen heere President Item de heeren
Raden en geadsumeerde Leeden indeesen, zijnde den
heer van glan in Commissie na Cheribon.
ter occagie van het gepresenteerde request der gegijselde
Ferdinandus de Roij door den heer prointerim advocaet
fiscaal gedeclareert zijnde dat sijn E: ten opsigte van
het Eerste lid van dat versoek consenteerde en verders als
profijtelijk quam te accepteeren de aangebodene borgtogt
voor dis gegijseldens persoon indier voegen als bij het tweede
lid van dat versoek breder staat uijtgedrukt soo is onaange„
sien het selve declaratoir desen rade vrij speculatieff vreemd
te vooren kwam verstaan op het laaste geen reguard te
slaan en dien volgende het tweede Lid van het versoek van
de gegijselde de Roij te ontseggen als te prematuur zijnde
dog teffens gemelte heer prointerim advocaat fiscaal se„
rieuslijk te recommandeeren zijn ampt en pligt omtrent
de saeke van hem De Roij te betragten /:onderstond:/ in
kennisse van mij /:was getekend:/ G„s Schuijlenburg secretaris
9 Extraheert uijt het memoriaal van
den agtb: raad van Iustitie deses
Casteels en accordeert
Batavia datum ut supra
6
Haksteen
ad„s Gesw: Clercq"
NL-HaNA_1.04.02_2555_0936.xml,
NL-HaNA_1.04.02_2555_0937.xml,
NL-HaNA_1.04.02_2555_0938.xml,No. 22.
NL-HaNA_1.04.02_2555_0939.xml,"593
Maandag den 4:' Maart a=o 1743.
Present den Edelen heere President
Item de heeren Raden en geassumeerde
Leeden in desen zijnde de heer Vonglan
In Commissie na Cheribon. —
den gedetineerden gewesen heere gouverneur ge„
„neraal Adriaan Valkenier op heden bij desen
rade zijnde gecondemneert om op de door den
heer prointerin advocaat fiscaal geExhibeerde
artl: cathagorische te antwoorden, soo wierd
teffens vermits de bekende indispositie van
gemelte heere Valkenier, goed gevonden voor
de twee oudste Leden in desen de heeren
m:r Iacob van den Bosch, en m:r Theodorus
van Reverhorst de beandwoording van gem:
articulen bij den gedetineerden op de punt
de Robijn morgen sijn voortgang telaten
neemen, en hier van dese aantekening te„
„houden /onderstond/ In kennisse van mij
/was getekent/ G:s Schuijlenburg secrets:
geextraheert uijt het memoriael
van den agtb: raad van justitie
deses casteels en accordeert
Batavia datum ut supra. —
Haksleen
d „ Geswv: Clercq"
NL-HaNA_1.04.02_2555_0940.xml,No 22.
NL-HaNA_1.04.02_2555_0941.xml,"543
Maandag den 4:' Maart a=o 1743.
Present den Edelen heere President
Item de heeren Raden en geassumeerde
Leeden in desen zijnde de heer Vonglan
In Commissie na Cheribon. —
den gedetineerden gewesen heere gouverneur ge„
„neraal Adriaan Valkenier op heden bij desen
rade zijnde gecondemneert om op de door den
heer prointerin advocaat fiscaal geExhibeerde
artl: cathagorische te antwoorden, soo wierd
teffens vermits de bekende indispositie van
gemelte heere Valkenier, goed gevonden voor
de twee oudste Leden in desen de heeren
m:r Iacob van den Bosch, en m:r Theodorus
van Reverhorst de beandwoording van gem:
articulen bij den gedetineerden op de punt
de Robijn morgen sijn voortgang telaten
neemen, en hier van dese aantekening te„
„houden /onderstond/ In kennisse van mij
/was getekent/ G:s Schuijlenburg secrets:
geextraheert uijt het memoriael
van den agtb: raad van justitie
deses casteels en accordeert
Batavia datum ut supra.
Haksleen
d Gest Clercq"
NL-HaNA_1.04.02_2555_0942.xml,
NL-HaNA_1.04.02_2555_0943.xml,
NL-HaNA_1.04.02_2555_0944.xml,No: 23.
NL-HaNA_1.04.02_2555_0945.xml,"594
Dingsdag den 5:' maart 1743.
Present den Edelen Heere Prasident,
item de heeren Raden, en Geassumeerde Leeden
indesen, sijnde de heer von Glan in Commissie na
Cheribon
door de na te noemene heeren Commissarissen is op heden in Rade
overgebragt de volgende Notul
Dingsdag den 5:' Maart 1743. present de hee„
ren Commissarissen van den Bosch, en van Reverhoust
voormelte heeren Commissarissen nevens de heer Proin„
terim Advocaat Fiscaal m:r Nicolaas Iongsma
en secretaris, ingevolge het besluijt van gisteren sig
„ heere
vervoegt hebbende bij den ^ gewese Gouverneur Generael
Adriaan Valckenier thans gedetineerde, ten
eijnde hem op de geExhibeerde articulen ter requi„
sitie van gem: heer Pro interim Advocaat fiscael
te hooren, soo betuijgde den gedetineerde, dat wel is
genegen te antwoorden op de articulen hem voorte
houden, mits daar door in sijn regt niet wierd
verkort, nadien hij gedetineerden vermeent onder
de Raad van staten te sorteeren, uijt hoofde
van Amsterdamse ouders, en wel van de soodanige
die over de twee a drie hondert jaaren Regenten van
gem: stad sijn geweest, afkomstig is, waarop
heeren Commissarissen willende voortgaan met het
voorhouden der articulen, soo sustineerden de
gedetineerde alvoorens te antwoorden dat het vooren„
staande Eerst door den Raad behoorde te werden
gedecideert, en op fundament vandien wel expres„
selijk weijgerde te antwoorden
Den
—."
NL-HaNA_1.04.02_2555_0946.xml,"Den heer pro intermm Adveret fiscal sustieede dat
den gedetineerde behoorde te andwoorden, vermits
denselven voor den Raed van Iustitie alhier als sijnen
Competenten Ragter, boven dien nog, volgens speci„
ale ordre der heeren en Meesters met voorkennis
en Communicatie van haar Hoog Mogende moet
werden te regt gesteld, en door gem: Rade bereets
tot de beantwoording gecondemneert is
Parthijen persisteeren, en versoeken dispositie
waar op bij voorm: heeren Commissarissen
is verstaan het een en ander te nemen ad refe„
rendum /:onderstond:/ Inkennisse van mij
/:was getekent:/ G:s Schuijlenburg secretsz:
Den Raad rapecteert het gedane
hooger beroep, verklaart den heer gede
tineerden alhier te wesen voor sijn eenige
en Competenten Regter, persisteert dier„
halven bij het dispositief van gisteren bij
desen Rade gevelt, Condemneert mits dien
den heer gedetineerden als nog op de ge¬
Exhibeerde articulen Categorice te ante„
woorden. /:onderstond:/ Jnkennisse van
mij /:getekent:/ G:s Schuijlenburg secreta
G' Extraheert uijt het memoriael
van den Agtb: Raed van Justitie desel
Casteels en accordeert:
Batavia datum ut supra
baksteen
EdV„ Gesur
Clevcq
F"
NL-HaNA_1.04.02_2555_0947.xml,
NL-HaNA_1.04.02_2555_0948.xml,No. 24.
NL-HaNA_1.04.02_2555_0949.xml,"Woensdag den 6„' Maart 1743
present de Heeren Commissarissen Mr. Jacob
van den Bosch, en Mr. Theodorus van
Reverhorst.
Na dat op heeden den gedetineerden Heere ge=
wesene Gouverneur Generaal Adriaan Val¬
kenier was voorgelesen en aangesegt, dat den raad
=van Justitie niet tegenstaande sijne geproponeer
de exceptie als nog bij haar geslagen dispositieff van
den 4e: deser bleef persisteeren, en hem Heer Gedeten. over¬
sulx hadde gecondemneert op de geexhibeerde art:
van den pro interim. Advocaat Fiscaal Mr. N:1c0¬
laas Hongsma cathegorice t'andwoorden, zoo ver=
klaarden gem: Heere Valkenier daar bij ten hoogsten
sig beswaard te vinden, dog nademaal hij genoodsaakt
wierd om op art: te moeten antwoorden, hij zulx dan
ook zoude doen onder expresse protestatie nogthans
van daar door in geenen deese te litis contesteeren,
maar te willen blijven in sijn geheel en behoudens
alle exceptien, defensien en weeren van regten
die hij Heer Gestctin=de in den tijd soude willen of mo=
=gen doen proponeeren.
Onder stond, in kennisse van mij, en was
geteekent G: Schuijlenburg, Secretaris—
Geextraheert uijt het memoriael van den agtb:
raad van Justitie deses Casteels, t' accordeert
Batavia datum nt Supra
:
Ad ijsepeClercq
baksteen
1
„
596"
NL-HaNA_1.04.02_2555_0950.xml,
NL-HaNA_1.04.02_2555_0951.xml,
NL-HaNA_1.04.02_2555_0952.xml,No. 23.
NL-HaNA_1.04.02_2555_0953.xml,"59
597
op huijden den 6. 7. 8 en9:' maert 1743.
maand meij. —
segt in het Iaar 1737. inde Eerstelijk werd de gedeti„
segt tot sijn vertrek met
het schip amsterdam
uijt den agtb: raad van Iustitie des
Casteels batavia M:r Iacob van
omme daar op ter Requi„
den Bosch, en M:r Theodorus
van Reverhorst, benevens mij„ sitie van den ondergete„
gijsbertus Schuijlenburgsecrets:
van welgem: rade den hier besij „ Kende Prointerim advo„
/:den gen: adriaan Valckenier
gew: gouverneur generael van: Caat Fiscaal M:r Nicolaas
nederlands India thanssheeren
gedetineerde dewelke ingevolge
het dispositief van dato 4:' deser Iongsma gehoord en
op de onderstaende articulen
ondervraagt te werden
naaukeurig sijnde gehoord
daar op soodanig geandwoord Adriaan Valckenier,
heeft als besijden jder vraag„
poinct aengetekent staat gewesen gouverneur
generael van Neder„
lands India, 's heeren
gedetineerde. —
Compareerde voor heeren Commiss: Vrticulen en vraagpoincten,
artl: 1.
neerde gevraegt wanneer
hij gouverneur generael
van India geworden is. —
Hoelange in die qualiteijt
2.
geregeert heeft.
3."
NL-HaNA_1.04.02_2555_0954.xml,"segt niet anders dan sijn voor of hij geduurende sijne rege
3.
segt niemand niet
sijn vrinden te helpen
tijd niet ontrent het begev
van meest alle insonderheij
favorabele bedieningen
soo hier als op buijten Comp„
„:toiren sijn sin heeft weeten
te krijgen en daar mede
voorsien heeft de soodanige
die hem maar goeddagte:
saten gedaan te hebben om ringe eExcept de aller laest
wie den gedetineerde tot
het ontfangen van geschen„
„ken of penningen gebruijkt
en geEmploijeert heeft
of hij daartoe meest altoos
segt pasquael andriesz: over
sijn huijselijke saken na sekere swarten inlander
het overlijden van Diogo genaemt pasquael andriesz;
segt hier op niet anders te„
of de gedetineerde niet moet
„kunnen antw: dandat bekennen en in sijn Consien„
hem sulx sal moeten aen„ tie meer als genoeg overtuijd
is dat hij voor een meenigt
bedieningen considerabele
geschenken en sommas
bedongen en getrocken heeft
:getoond werden
gebruijkt.
en
4.
5.
6."
NL-HaNA_1.04.02_2555_0955.xml,"599
599
segt als vooren
gebruijkt te hebben dog hool en een, en andermaal den
naauwelijks te kennen burger Kool niet gebruijkt
nodien maer weijnige reij heeft.
sen bij hem is geweest. —
vervalt. —
den aangetoond.
wijse onder andere niet
considerable sommas ge„
nooten heeft vanden overle„
:den en tot gouverneur
van Cormandel aengestelde
heer gosewein Maire enden
gewesen gecommitteerde
tot en overdesoeken vande
in lander Ferdinandus
Deroij mitsgaders een me„
:nigte andere in soo verre
dat het selve hier telande
rugtbaar en selfs in het
vaderland verspreijd is.
segt dat het selve moet wer„ of hij gedetineerde op die
hoe veel van jder vande
selve getrocken
heeft!
op wat wijse sulx in sijn
werk heeft gegaan
10.
7.
8."
NL-HaNA_1.04.02_2555_0956.xml,"10.
van sijn dood. —
niet te weeten.
vervalt. —
van Ja. —
vervolt. —
:nig voorstaat als de uur
segt als op het voorgaende of deselve niet 'savonds tus„
artl: van het een en ander: schen ses en seven uuren
door Kool in't Casteel en
vervolgens door den hofmees„
:ter kleijn na binnen bij
de gedetineerde gebragt
sijn.
12.
hoe veel contanten inde
:selve geweest sijn
segt soo hem voorstaat of de heer Maire voor dat
na de kust konde vertrec„
„ken hier op batavia niet
overleeden is.
14.
of den gedetineerde die —
penningen gehouden of —
11.
:deren niet door intercessie
van voorsz: Kool voor het gou„
vernement van Cormandel
twee berottingde kelders met
contanten ontfangen heeft.
segt dat sulx hem soo weij„ of hij gedetineerde onder an„
gerembourseert
v
13.
d"
NL-HaNA_1.04.02_2555_0957.xml,"601
vervalt. —
segt in geenen deelen maer voorts werd de gedetineerde
hem belast te hebben naden gevraagt of hij op den 10=e
„
heere president te gaan october aan den thans ge„
en daar van kennisse te ge„ gijselden en gesuspendeerde
„ven en ook naderhand- advocaat fiscael m:r Corne„
sulx horende seer daerover: lis Phillips niet geordon„
„
aen gedaan is geweest dat: meert heeft alle de Chineesen
d'heer phillips sooprema„ in 's Comp:s boeijen telaaten
tuur geweest is om een massacreren!
saak van die aan gelegent„
heijd so subit te laeten
uijt voeren. —
segt wel aan Phillipsge„ alsmede of door gemelte
ordonneert te hebben phillips aenden bailliuw
den heere president De Bookesteijn uijt naeme
Haze doar van kennisse van hem gedetineerde
te geven dog geen ordre niet heeft laaten ordon„
tot het mossocreeren neeren sulx mede inde
der Chineesen gegeven burger boeijen telaeten
16.
op wal wijse sulx geschied
en waar in bestaen heeft.
gerembourseert dan wel der
voor een douceur aen des„
selfs fomilje gedaen heeft.
15.
verrigten
r
te.
17."
NL-HaNA_1.04.02_2555_0958.xml,"vervalt. —
vervalt.
vervalt.
tineerde voorstaat
te hebben soo als hem gedeverrigten
segt daer toe geen ordre of de gedetineerde die ordre
op eijgene auctoriteijt dan
gegeven te hebben.
wel volgens besluijt van
de hooge regeringe gegeven
heeft.
19.
Jn gevalle de gedetineerde
het laeste mogte komen te„
seggen werd deselve gevraagt
volgens welke besluijt
en bij welke Ed: heeren
raaden sulx geschied is. —
soo den gedetineerde op
Eijgener auctoriteijt het selve
geordonneert heeft werd hij
gevraagd om wat reede„
nen sulx gedaan heeft.
21.
of hij die ordre aenden adv:
fiscoel mondeling of
20.
schriftel:
-
18.
E
1"
NL-HaNA_1.04.02_2555_0959.xml,"603
voor te staan. —
vervalt. —
vervalt. —
25.
vervolt en soo sulx mogt soo Joe wat besluijt daer
geschied sijn het selve bij de op genomen is.
resolutien kan blijken
segt bij ouagie dat hem of den gedetineerde alme„
wierd gerapporteert dat de op den 10:' of 11. diermaand
er Eenige rebelleerende geen ordre gegeven heeft
Chineesen halvsieken de chineesen in het hospi„
en halv gesonden waer tael te doen van kont brengen.
26.
soo niet om wat redenen
24.
En of hij gedetineerde daer
van ook verslag inde ver„
„gaderinge gedaan heeft.
23.
22.
segt hem hier van niets of den gemelte fiscael en
bailliuw aanden gedetineer„
:de dier wegens geen rapport
en op welke wijse gedaan heb„
ben.
schriftelijk gegeven heeft:
door.
1
-"
NL-HaNA_1.04.02_2555_0960.xml,"beantwoord.
voor men bedugt was in het Chineese hospitael waren
hij gedetineerde den sabandhaer als president van boedel
„meesteren te diertijl sijnde heeft laten roepen en hem
geordonneert soodanige rebelleerende Chineesen uijt het
selve hospitael te Jagen, soo als hem gedetineerde
voorstaat. —
reets beantwoord. —
segt soo als hem voorstaat of sulx niet geschied is aen
den thans gegijselden m=r
aanstoesak. —
Willem Vincent helvetius,
desabandhoer stoesak,
en den fugitiven gerrit
Hackenberg;
soo niet aan alle aan wie
vande selve.
31.
segt hem sulx onmogelijk Jn wiens presentie
30.
29.
aan wien hij gedetineerde
die ordre gegeven heeft.
28.
geschieden. —
bereets beantwoord. — op wat wijse sulx soude
27.
te sijn
die.
v"
NL-HaNA_1.04.02_2555_0961.xml,"605
te sijn dat te onthouden die ordre al gegeven is.
segt ter reguarde vande ordre En waer in die ordre en uijt„
reets te sijn beantwoord en voeringe eijgentlijk bestaan
vande uijt voering niet tewee, heeft!
ten nog daer van geen geheu„
gen te hebben.
segt daar van niet teweeten of het selve al egter niet
door de overleeden Nicolaas
Munniks in plaatse van
stoesak mitsgaders Helvetius,
en Hackenberg uijtgevoert
is.
segt hem sulx doorlankheijd of de gedetineerde die ordre
van tijd ontschoten te sijn op prive auctoriteijt dan wel
en natijds gelegentheijd en met voorkennis of volgens
natuur der sake te werk besluijt vande hooge regee„
ringe gegeven heeft.
gegaan heeft gehad. —
vervalt. —
36.
gedeeltelijk beantwoord dog ingevalle op Eijgene
van wat tijd of datum
het selve besluijt is.
35.
34.
33.
32.
en.
auctoriteijt
ren
el"
NL-HaNA_1.04.02_2555_0962.xml,"vervalt.
en vervalt tendeelen
vervalt nadien alleen En waar om die arme en sie„
maar ordre tot het weg. : kelijke menschen van kant
Iagen der chineesen gege„ moesten geholpen werden:
segt sulx te gelooven dog of gemelte persoonen den
het selve na woorheijd- wel een van allen den gedeseg
niet te konnen seggen: tineerde daar van geen
rapport gedaan heeft.
39.
segt sulx onmogelijk En of hij gedetineerde, dier
niet te konnen seggen wegens geen verslag inde
dog dat hij selve bij dereso„ vergaderinge gedaan heeft:
:lutien sal moeten blijken
ten waere het selve maer
voorcommunicatie aengenomen en niet aenge„
P:S:
tekent was.
41.
soo hoe wat besluijt
40.
soo niet om welke reedenen
38.
37.
auctoriteijt werd hij gedetineer
„de gevraagt wat hem bewogen
heeft sulx tedoen.
ven heeft.
-
tie
b
—
daer"
NL-HaNA_1.04.02_2555_0963.xml,"607
ebeantwoordd
vervalt —
segt Ja en dat sulx bij deze„ of hem gedetineerde niet
solutien staat aengehaelt bewust is dat hij op den 9:'
dier maand 'smorgens vroeg
soo hem best voorstaat
in vergaderinge gepropo„
„neert en ook geadviseert
heeft om alle de chineesen
inde stad tedoen in assacreren.
43.
segt sulx alles bij deresolu„ of het contrarie ingevolge
tien dier wegens te sullen het advis vande doenimali„
blijken en egter wel te„ ge Ed: heer raad ordinaris
weten dat er een contrarie van Imhoff door alle de
resolutie te weten om de leeden niet gestemt en
Chineesen niet te massa„ beslooten is.
creeren genomen is —
ier
P: S: soo hem best voorstaat
segt nooijt volgens debe„ of al egter hij gedetineerde
wijsen die den gedetineerde kort na het scheijden dier„
vergaderinge geen ordre
daar van heeft. —
gegeven heeft tot het
massacreren der chinee„
:sen indestad.
45.
wie hem gedetineerde sulx
44.
42.
daar op genomen is.
geraden
gen"
NL-HaNA_1.04.02_2555_0964.xml,"vervalt. -
vervalt. -
vervalt. -
vervalt. —
geraden of tot het neemen
van sulken importanten
besluijt mede geholpen heeft
46.
dan wel of hij gedetineerde
sulx al mede op eijgene auc„
toriteijt gedaan heeft.
47.
om wat reedenen.
aan wie die ordre gegeven
heeft.
of het niet geweest is oen:
den sergiant majoor Duurvelt
50.
3
of hij gedetineerde niet aen
segt aan niemand wie
51
deselve dan wel aan wien
het ook mogte wesen eeni„
162
„ge ordre gegeven te hebben het mogte wesen geordon„
„neert heeft om vrij willigers
uijt het casteel te laaten trec„
_
:ken tot het massacreren
der chineesen.
segt om derevolte dier zooden gedetineerde almogte
matrosen
ontkennen
48.
ro
51."
NL-HaNA_1.04.02_2555_0965.xml,"609
segt sekerlijk met sijn voor of hij ten minsten niet moet
kennis sulx te sijn geschied bekennen dat deselve niet
om in voegen als voren de sonder voor kennis van hem
revolte der matrosen te belet„ gedetineerde uijt het Casteel
heeft kunnen of mogen
:ten en te stuijten
trekken.
vervalt door het vorige of hij gedetineerde geen rap„
beandw: nadien der uijterij: port ontfangen heeft van het
ten dien eijnde niet uijt getrok„ executeeren van dese sijne
ordre om namentlijk door
:ken is. —
deruijterij de Chineesen tela„
:ten massacreren.
segt hem sulx niet voor te„ En of hij gedetineerde smor„
en
staan, en sulx ook niet te:gens om elf uuren geen
kunnen geloven nadien ordre heeft gegeven met het
„
alle sijn gedetineerdens — mossacreren der Chineesen
eschickingen sijn geweest te supersederen en daarvan
tres„
na de resolutien vande
rapport ontfangende vanden
hooge regeering. —
lieutenant weerman den ovo
aan denselven niet geordon„
neert heeft met het massa„
W„
:creren voort te vaaren.
54.
52.
matrosen aan het vierkant ontkennen daartoe geen ordre
en elders te beletten. — te hebben gegeven werd gevroegt
waerom deruijterij dien mor„
:gen en ten dien Eijnde heeft
doen uijt trecken:
55.
elt
53."
NL-HaNA_1.04.02_2555_0966.xml,"tesijn. —
blijken.
segt Ja. —
segt Ja te dier tijd sterken de„ of 'er op den 17. der maand octo„
„botten daar over geweest: ber in vergaderinge van haer sol
Edelens met seer groote debat„
:ten geweest sijn over het mas„
:socreren der chineesen en
in sonderheit die gene die daar
toe ordre mogte hebben gegeven
3e
segt sulx wel te konnen sijn of als doen den Edelen heere
dog het selve met geen seker„ raad ordinaris van Imhoff
heijd te konnen seggen. - niet bij een schriftelijk advis
verklaard heeft dat sijn Ed:
aande Eerste beginselen der
do
destructie van die natie en te
voor al niet aan de ijsselijke
massacre inde stad nogh
deel nog verandwoordinge
wilde hebben.
segt hem sulx voort testaen Waardat na sijn Ed: ver„
en dat het selve bij dere„
mogen de fotale omstan„
solutien sal kunnen: digheeden wilde helpen re„
:dresseeren.
of deselve als doen mede niet
heeft geproponeert een gene„
role amnestie.
segt sulx niet te konnen of het selve niet met een
parigheijt
55.
56.
w
57.
58.
seggen.)"
NL-HaNA_1.04.02_2555_0967.xml,"611
to„ seggen en hetselve bij de re„parigheijt van stemmen, ex„
:cept die vande gedetineerde
haer ssolutien te moeten blijken
beslooten is.
te kunnen seggen. —
„segt wanneer hem sulx waarinne dogh die volable
gerequireerd werd het selve bewijsen bestaan ofte
te sullen bewijsen en geen vinden sijn!
gequalificeerd of eenig
ander dienaar eenige ordre
in desen sake gegeven te hebben als volgens de besluijten
der hooge regeering. —
segt nooijt ordre tot de ma„ of den gedetineerde als doen
:sacre inde stad gegeven niet voor gewend heeft
maar het advis der dat de heeren den directeur
63.
62.
resolutie niet bekent ge„
:stelt is dat hij met valable
bewijsen konde aentoonen
dat nooijt tegens het be
:sluijt der regeeringe had„
de aengegaan.
segt te gelooven van Ja of de gedetineerde als doen
dog het selve niet positieff niet gesegt heeft en ook bij
61.
60.
segt sulx wel te konnen als mede dat men demassa„
:cre der Chineesen soude laaten
voor reek: van die geene die
:se geordonneert had.
nev:s
generael
„
en
wesen. —
ee
t
ƒ"
NL-HaNA_1.04.02_2555_0968.xml,"64.
ven van Ja.
nevenstaende heeren Inge„
generael schaghen, van
:nomen te hebben nopens- Berendregt, Nolthenius, en
de ordre aan den fiscoel phillips van aerden op den 9:' dierm:r
gegeven, soo hem best voor„ na het scheijden der verga„
deringe haere toesteemin„
:ge door toe hadden gegeven.
of hij gedetineerde sigh dier„
wegens niet quam te beroe„
„pen op de eersten secretaris.
65.
segt Ja. dog daar op ten andw: ofgemelte heeren sulx niet
expresselijk kwanen te ont„
te hebben gegeven dat sij —
sulx met Eede sullen: kennen en te verklaren
moeten sterken indertijd daer aen part nog deel ofte
seggende wijders dit voren, ooijt een besluijt genomen
staende van den secrets: te hebben
bij wegen van rapport ont„
fangen te hebben die hij gede„
„tineerde als Een beeedigt
man heeft moeten gelooven
segt met geen sekerheijd- of de heer van aerden niet
hier op te kunnen antw: specialijk en na waer„
dog hem voortestaan:heijt betuijgde dat selvs—
dat ten tijde den fiscoel dies tijds niet alhier maer
phillips de ordre nopens op Tanabang present
66.
segt sulx niet te kunnen
seggen maar wel te gelo„
de
was.
:staat. —
:
a
3
1"
NL-HaNA_1.04.02_2555_0969.xml,"613
te hebben. —
de boeijen heeft gekegen. was geweest.
d'heer van aerden op de voorsael
is geweest. —
vervalt vermitsal het En of deselve oversulx niet
vorige geandw: eenig sijn quam aen te toonen sijn alibi
relatie heeft opde ordre ende onmogelijkheijd om
aan den fiscoel phillips ge„ bij de geordonneerde massa„
:geven nopens de boeijen: Cre des sondags morgens
maar niet op demassacre praesent te kunnen sijn
in destad waer toe nooijt geweest.
eenige ordre heeft gegeven
segt sulx wel te konnen we„ of daar op de gem: vierhee„
:sen en daar van dan ook ren niet gesamentl: tegens
aantekening sal wesen het voorgeven vanden
gedetineerden protesteer„
„den en versogten dat den
secretaris sig staende
vergaderinge daerover
mogte verklaren.
gehouden. —
gedaan en in substantie
onder andere verklaart
heeft dat hij mahet scheijden
vande vergadering in
qualiteijt als Capitain
segt hier van geen geheugen of deselve sulx ook niet
69.
68.
67.
der
r"
NL-HaNA_1.04.02_2555_0970.xml,"te hebben.
geheugen te hebben. —
dat hij secretaris doar Eene„
segt sulx wel te kunnen
lijk gevonden hadde de heeren
wesen dog daar van geen
den directeur generael en
seker geheugen te hebben
van Berendregt.
segt sulx op sig selve waar dat den gedetineerde betuijgd
te wesen en daar over gro„
hadde verleegen en radeloos
telijx verlegien te sijn geweest te sijn over de berigten van het
moorden der chineesen en
roverijen in destad!
3e
segt daer van geen geheugen of gemelte secretaris alver„
der niet verklaerde dat den
gedetineerde aen gemelte twee
heeren onder Een versoek
omme daar over onder haer
Ed:s maar Een besluijt tenee„
:men teffens quam voorte„
dragen of men de massacre
der chineesen maer soude
laeten voortgaan.
3
als vooren daarvan geen dan wel hoe dat haer Edelens
meenden dat men indese droevige
omstandig heden soude handelen
73.
der pennisten sig begeven
hadde bij den gedetineerde
70.
71.
72.
e
74."
NL-HaNA_1.04.02_2555_0971.xml,"74.
615
segt als vooren
dat daar op door gemelte heere
segt sulx wel te kunnen
wesen dog het selve met geen van Berendregt verklaerd
„moetende
sekerheid te weeten „ dit alles was geworden in een saek
van soo veel gewigt en aen„
bij de resolutien blijken
gelegentheit en regt draads
strijdende tegens het besluijt
vandien morgen ingeenen
deele sijn stem te kunnen
geven.
x
segt dat het wel kan waar afgedagte secretaris verder
„neerde /:na de heeren vanden
anderen gescheijden waren:/
hem geordonneert hadde dient
wegen een propositie of
voorstel ten papier te brengen
om daer op de heeren leeden
haer advis te versoeken.
weesen dog daar van geen vast niet verklaerde dat gedeti„
dat voorsz: papier wel opge
„
:stelt maer niet rond geson
:den was.
segt als vooren en soo het of als doen op het versoek
versoek gedaan is het selve vande voorsz: vier heeren
ook sekerlijk sal geschied sijn, niet verstaan is van dat
gedeclareerde door den secrets.
aantekeninge te houden.
ijgd
oos
geheugen te hebben
76.
8
15.
77.
78."
NL-HaNA_1.04.02_2555_0972.xml,"te hebben.
segt Ja in diervoegen omtrent, of den gedetineerde nogolverder
om dat sijn Ed: den onder
segt Ja en dat dat inderdaat
koopman van der brugghen
soo is geschied wanneer te„
selve op den 9:' d:o bij hem ge„
diertijd daer bij gevoegt
de tineerde hadde gesonden
heeft verwondert te sijn dat
om te vragen of den gede„
den heer van Jmhoff soo
schielijk van sentiment tineerde niet inclineerde
daar omtrent verandert aen alle vrij willigers per„
:missie te geven om de chi„
„neesen te massacreren
en dat het hoogtijd was.
80.
segt Ja, sodanig in substantie of den gedetineerde alverder
niet betuijgde dat gemelte
van der Brugghen uijt noe„
:me als booven gesegt
hadde dat de heer van Jmhoff
soude wesen berigt door
Chineese vrouwen dat de
Chineesen maer wagtende
waren na het groote sein
om van binnen en van
buijten aen te vallen
79.
gedetineerde geen betuijginge
gedaan is dat alschoon sulx
tot geen besluijt gekomen
was gelijk hij vermeend hadde
het den heere van Imhoff
niet onbewust konde wesen.
segt hier van geen kennisse of al verder diestijds door den
niet
was. —
81.
78."
NL-HaNA_1.04.02_2555_0973.xml,"617
segt Ja. —
niet betuijgde dat sulx temeer
was gebleken door het schielijk
nasenden van sijn Ed:s oppasser
om aen gem: van der brugghen
teseggen dat sijn Edele ver„
:andert was van sentiment
en dat vermeende dat het
beeter was men de Chineesen
maar soude oppakken en
na de oude scheepen op derheede
senden.
of den heere van Imhoff tegen
al het geen inde vier vooren„
staende articulen gemelt
staet niet nadrukkelijk
kwam te protesteeren, en
sijn edele verwonderinge
te betuijgen dat de gedeti„
„neerde soodanigen bood„
:schap voor sijn Edele reek:
quame testellen.
83.
segt sulx met geen seker„ dewijl deselve boodschap door
gemelte van der Brugghen
heijd te kunnen seggen
uijt naeme van den gedeti„
„neerde aen sijn Edele was
gedaan
84.
segt door geen sekere gehel, dat hij heere van Imhoff
niet konde begrijpen dat
gen van te hebben
82.
de
:"
NL-HaNA_1.04.02_2555_0974.xml,"segt alsvorens geen geheugen
van te hebben
de gedetineerde een Iongeling
die of door confusie of door
overmaet van drankten
eenemael buijten het Centrum
was geraekt en de stad op en
neer liep heeft kunnen ac„
:cepteeren tot eersoek waer„
inne gem: heere verklaerde
niemant anders te kennen
dande secretarissen deser ver
„gaderinge om de advisen
der heeren op te halen
of gemelte heere van Jmhoff
dies tijds al mede niet ver„
:klaerde dat men dan ook
wel eens soude mogen vragen
door wiens ordre demassacre
in de boeijens, en het chinee„
:se hospitael is geschied.
86.
of op dit laeste doorden gede„
„tineerde niet stil geswegen
en op het eerste niet gesegt
is te kunnen aentooren
dat voorsz: boodschap door
van der brugghen in praesen
tie van verscheijde menschen
was gedaen
segt hier op met seker„ of het voorenstaende van
„heijt niet te kunnen artl: 63. tot artl: 86. inclusive
87.
segt alsvoren en soo hem
best voorstaat over die
soeke sooveel raison ne„
„menten niet te sijn gevoert
antw:
ook
85."
NL-HaNA_1.04.02_2555_0975.xml,"619
gen te hebben
antw: vermits hem sulx ook niet inder daad voorge„
door lankheijd van tijd ont„vallen en door de secretaris
schoten is en ook doortusschen Cluijsenaer in concept ge
„1
bragt was —.
komende siektens —
gehad hebbende indispositie
ontschoten is. —
nen seggen nadien hem sulx selve resumerende dan
segt sulx niet positive te kun„ En of de gedetineerde het
secretaris Cluijsenaer niet
bij sig ontboden en gesegt
heeft, wel secretaris wat
is dat! die resolutie, deno„
„teerende daarmede de voor„
schreeven periodes, is ten
eenemael tot nadeel van
mij ingesteld!
door lankheijd van tijd en wel nadies resumptie den
89.
segt als voren en daer om„ of hij gedetineerde daer bij
trent een secrets: temoeten voegende en seggende desoek
gelooven indien als een is soo niet gepasseert teffens
eerlijk man en onder Eede niet geordonneert heeft
sulx quam te seggen
daer in verandering met
het roijeeren van de voorsz:
perioden temaken.
90.
heeft moeten obedieeren
niet tegenstaende denselve
den gedetineerde hadde
overtuijgd dat het terne„
:der gestelde inde resolutie
segt hier van Geen gehen of desecretaris sulx niet
88.
in
de
en
er„
„
.."
NL-HaNA_1.04.02_2555_0976.xml,"segt als voren
segt als voren en hier
van niet te weten
:tien.
in der daad contineerde het
geen er voorgevallen en
besloten was.
91.
of deselve niet versogte
dat de gedetineerde sulx dan
eijgenhaudig geliefde te
doen.
of de gedetineerde daerop
niet belopst heeft het selve
uijt de resolutie te laten
onder het uijtten derwor„
:den secretaris het sijn maer
questieuse soeken die tot
het besluijt niet en dienen
93.
segt hem niet voortestaan wie de gedetineerde gequa„
ooijt eenige naamwaerdige lificeert heeft sulke we„
veranderinge inderesolu„sentlijke en prejudicia„
tien gemaekt te hebben, bleveranderinge of costre„
en soo er al eenige kleene ringe inde resolutien van
verandering is gemaekt de vergadering temaken!
het selve meest door de secre„
„tarissen heeft laten doen
of de gedetineerde sig
segt sulx te sullen kon
zedert den 8:e 9ber: tot den
6:' xber: 1740. niet uijt
men blijken bij de resolu„
92.
d. o
„
94.
he"
NL-HaNA_1.04.02_2555_0977.xml,"621
vervalt. —
Jngevalle het laeste werd
gevraegd waer indat onge„
noegen of die redenen dan
bestaan hebben.
97.
segt niet te kunnen seggen, of hij gedetineerde in die tus„
of sulx indie tusschen tijd ge„schen tijd dan wel van te voo„
daan heeft dan wel vante ren niet gemediteert heeft
vooren, maar wel teweten om diverse heeren en in son„
dat hij sulx gedaan heeft derheijt den doenmaligen
om dat het beter is voorte„ raad ordinaris en thans tot
komen dan voorgekomen gouverneur generael geEli„
te worden gelijk sulx inder: geer den heere Gustaaff Willem
tijd uijt de bewijsen blijken van Imhoff uijt de hoge rege„
sal. —
„ringe te zetten te arresteeren
en na het vaderland te ver„
senden.
98.
segt die heeren selvs door wie de gedetineerde dit
96.
95.
de vergaderinge vande hooge
regeringe deser landen geab„
senteert heeft.
segt geensints uijt ongenoegen of het selve geschied is om ree„
maar om wesenth: indispositie: denen van sekere voorgewend
indispositie ofte ongemakken
van bloedvinnen en steen„
:puijsten dan wel uijt ongenoe„
:ge of uijt andere insigten
:
haer.
Concept."
NL-HaNA_1.04.02_2555_0978.xml,"seggen. —
segt aande majoor Duurvelt soo den gedetineerde segt
daar van selvs den aucteur
segt
en uijtvinder „ sijn werd hij
gevraegd aen wien hij het selve
voorde uijt voeringe gecom„
„minuceert en mede gedeelt
heeft.
segt het eerste beantwoort of hij sulx onder andere niet
te hebben en op het tweede bekent gemaekt heeft aende
Ia als sijn swager sijnde majoor Duurvelt, en m=r
daar wel over gesproken Willem Vincent Helvetius—
segt sulx niet te kunnen hoe veel tijd voorde uijt„
voeringe.
102.
En bij welke occasien
103.
of hij onder anderen op vrij
se
dag den 2:' december 'savonds
segt sulx niet teweten
segt sulx niet teweten
101.
100.
99:
haer gehoudene conduites concept eerst ingedagten
gebragt heeft.
ten.
te hebben
-
gg
6
-"
NL-HaNA_1.04.02_2555_0979.xml,"623
zegt Ja
segt sulx wel te konnen we„ of er dies tijds tusschen hun
sen dog daar van geen geheu beijde consideratien voor
en tegen dese Extra ordinai
gen te hebben. —
re en treprise gevallen
en geoppert sijn.
105.
waer in het selve heeft
bestaan.
of de geseijde m:r Willem
vincent Helvetius ook
niet aengenomen heeft
eenige poincten dan wel
een geschrift op te stellen.
107.
segt sulx sekerlijk op sijn of sulx geschied is op eijgen
gedetineerdens versoek aenbiedienge dan wel op ver„
tesullen sijn geschied. —: soek van den gedetineerd
segt wel waer te kunnen of de gedetineerde dies tijds
vrij
wesen dat daar over ook van gedagten is verondert
vonds
108.
106.
vervalt
104.
ten 5. uuren daer over niet
ontbooden en gesprooken
heeft met m:r Willem Vincent
Helvetius.
eenige
om.
-
6
.
8
-
-"
NL-HaNA_1.04.02_2555_0980.xml,"seggen. —
vervalt. —
voor te staan.
eenige raisonnementen om het arrest op Een andere
sijn gevoert dog sulx niet wijse namentlijk buijten de
geen sekerheijd te konnen vergaderinge te doen
segt hem daar van niet
111.
segt indien d' heer Crul
of er dies tijds tusschen hun
der geweest is sulx wel te„ beijde overdat sujet niet
hebben konnen waar gesproken is.
wesen dog daarvan geen
geheugen te hebben.
vervalt. —
112.
waar in sulx bestaen heeft:
113.
of gemelte heer Erulpen
of er dien selven avond bij
„niet
hem gedetineerde geko
:men is en alsoo de presentie
van Helvetius vervangen
heeft de Edele heer Nicolaas
crul rood Extra ordinaris
van India.
110.
waer om dan veranderd
en het alles ergste verko„
ren
109.
gedeti:e
5
ƒ
."
NL-HaNA_1.04.02_2555_0981.xml,"625
segt sulx niet net te kon
nen seggen. —
gedetineerde sijn voornemen
af of aengeroeden heeft.
114.
op wwat wijse sulx geschied is
wanneer de voorschreven
m:r Willem Vincent Helvetius
wederom bij den gedetineer„
:de gekomen is en het gereg:
of beloofde papier gebragt
heeft.
116.
segt Ja het geschrift dat in of het selve geschrift
vergadering opgelesen niet geweest het soo genoem„
is door sijn swager Helvetius: de manifest of te Despotijcq
te sijn gebragt dog de nette geschrift dat den 6:' xber:
tijd niet te weten. —
in vergaderinge van haer
hoog Ed:s ter ordre vonden
gedetineerde in presentie
van gewopende monschap
opgelesen is.
117.
segt hier van niet te ge„ of het selve niet eenigsints
(:heugen enhem sulx door verandert en door m:r
den tijd ontschoten te sijn Willem Vincent Helvetius
3 maandags morgens niet
wederom gebragt is.
118.
bij
ris
115."
NL-HaNA_1.04.02_2555_0982.xml,"118.
vervalt.
segt sulx niet te konnen wie al van dat geschrift
seggen dog te gelooven voor af lectura en kennis
gehad heeft.
120.
segt aan niemand dan aan wie de gedetineerde
denoodwendige ordres al
aanden majoor
gegeven heeft ter uijtvoe„
ringe van het arrest.
121:
Het eerste beandwoort of het selve onder anderen
en op het tweede met geen niet gedaan heeft aende
sekerheijd iets te kunnen overleden majoor
Duurvelt, en Capitain
Mulder:
122.
segt dat dat die ordres waer in die ordres albe„
hebben bestaan gehad: stonde!
datse haer moeste gereet
houden tot nader ordre
123.
segt om sulke dingen niet specialijk wat hun lie„
eens gedagt te hebben: den eijgentlijk te doen soude
119.
waer in de veranderinge be„
staan heeft
staen
niemand
-
seggen. —
-
E
he
:"
NL-HaNA_1.04.02_2555_0983.xml,"629
1
segt de ordres aande majoor of die ordres niet geweest
gegeven schriftelijk te sijn sijn schriftelijk
geweest.
segt Ja. —
segt hem hier van niet of er dien morgen voor
voor te staan en sulx met de vergaderinge niet ver„
geen sekerheijt te kunnen schijdene heeren vande
seggen dog wel te weten hooge regeringe bijden
gedetineerde geweest
alvorens het geExcuteerd
en gekomen sijn.
is met geen heeren vande
hooge regeringe dierweg:s
gesproken te hebben
-
P: S: segt in plaats van wel teweten, niet te geloven
beandwoord. —
of hij gedetineerde als doen
van sijn voornemen
127.
126.
of den gedetineerde sig ver„
volgens niet in gereedheijt
gebragt heeft om op dings„
:dag den 6:' xber: 1740. nade„
ordinaire vergaderinge
te begeven
125.
124.
staen ingevalle het vooraf
uijt gelekt of resistentie
gebruijkt was.
aen.
be„"
NL-HaNA_1.04.02_2555_0984.xml,"vervalt.
vervalt.
vervalt. —
segt op het tweede Ja en of de gedetineerde ook in
Comp: van een of ander
op het eerste sulx niet te„
van de gem: heere niet in„
kunnen seggen
:de vergadersaal gekomen
is en sijn plaetse genomen
heeft
segt dat sulx bij dere solu„ of de vergaderinge niet
compleet is geweest, Ex
cept de heeren Dugusne„
tie moet blijken
132.
131.
wie de selve heeren sijn
geweest
-:
130.
of deselve hem gedetineerde
sulx niet afgeroeden heb„
ben
129.
128.
soo hoe aen wien en waer
in sulx bestond!
aende een of ander van de hee„
ren niet ijet wes heeft laeten
blijken ofte kennen gegeven.
en"
NL-HaNA_1.04.02_2555_0985.xml,"629
segt Ja nadat aldesaken of de klocke 9. uuren na het
waren aff gelopen en het afloopen van eenige ordi„
geen vergadering meer: naire soeken en het hooren
van versoekers de gedeti„
„neerde niet een kleijn
briefje geschreven en
gesonden heeft aende
mojoor Duurvelt
was. —
segt woordelijk Gaet wat dat briefje in sub„
Tougang maer volgens-:stantie behelsde
affsproek bevoorens—
reets beandwoord. —
segt Ja dog de nette quan„ of daar op ook im mediaat
„titeijt dermanschap niet inde vergadersaal niet
gekomen is de overleden
Cap:n Mulder met 36. â 40.
granadiers agter sigh
teweten. —
of het niet contineerde
de ordre om immediaat
de geworpende manschap
in en buijten de vergader„
:saal te senden.
136.
135.
134.
133.
en van Berendregt!
137.
eer
nde
2"
NL-HaNA_1.04.02_2555_0986.xml,"segt Ja. —
of segt Ja. —
3e
ti
segt sulx met Ia nog neen of die granadiers alle niet
te kunnen beandw: maer gewapend en voorsien wan
daar toe geen speciale or„ met granaten patroon
:dre gegeven te hebben
:sen eenige schooten scherp
ende bajonetten op de sna
phanen
138.
of deselve sigte ter ordre en
op Commando vande gedesegt
tineerde niet rondom dee
heeren der hooge regeringe
moesten scharen en deselv
dus insluijten
139.
of de gedetineerde daarop
sig niet geuijt en in substan
tie te kennen gegeven
heeft dat de heeren sig niet
behoefden te intimidee
ren ofte ontstelle en dat
wel souden hooren wat
het was:
bij
140.
of de gedetineerde daero
segt Ja dog omtrent het
laaste sulx met geen seker„ uijt sak niet gehaelt heef
„heijt te kunnen seggen maer het voorschreven door
wel te gelooven, omdat het
mr: Willem Vincent helvetie
aan geen ander heeft konnen
opgesteld dog door hem sel
toe betrouwen.
gecopieerd geschrift
141.
be
:
legt
-
137."
NL-HaNA_1.04.02_2555_0987.xml,"141.
631
bij de resolutien. —
degt Ja. —
mer niet behaelt te willen
segt Ja en dat daar op door of den gedetineerde dat ge„
de de heer van Imhoff met een schrift ten tijde voorsz: —
geseer gestoord gelaet aan den niet aende secretaris otto„
secretaris wierd gesegt laat overhandigt heeft en door
het hem selvs leesen. — deselve in presentie van
boven gem: gewopende
granadiers laten opleesen.
143.
of sulx geschied wesende
den gedetineerde het woord
niet met veel heevigheijt
op gevat en van de beijde
secretarissen niet op haer
Eed gevergt heeft te verkla„
„len wat al secrete besluij
„ten oversijn persoon en
geduurende sijn absentie
genomen waren.
144.
of hem gedetineerde sulx
niet uijt het hoofd gebragt
segt sulx te moeten blijken
142.
eijgentlijk dies afschrift
niet door den gedetineerde
tot een bijlage onder N:o 64.
van sijne secrete brief aen
de heeren majoores geson
:denis.
degt Ja dog in de nette nom of het selve geschrift of
en
en
op
bstan
met
dee
dat"
NL-HaNA_1.04.02_2555_0988.xml,"onder andere niet quam
te seggen dat het een schelm
was die den gedetineerde sulx
in het hoofd gebragt hadde.
segt te geloven van Ja. – En of de heer Nolthenius
of de gedetineerde denselven
heer Nolthenius doar op niet
brusq bejegent en belast
heeft te swijgen of sulketael
niet te voeren
147.
of al egter alle de notulen
van het geresolveerde in
dien tijd niet voorden dag
moesten gehaelt werden
148.
segt wel te geloven van of er dies tijds niet een spe„
Ia dog door lankheijt van ciael debot geweest is over
tijd dit hem ontschoten de notulen, van den 2=e
te sijn end' majoorgeor„ december concernerende/ e
segt Ja. —
segt wel gesegt te hebben
tegen d' heer nolthenius
dat hem sulke tael daer
niet en volgde.
146.
145.
en door gem: secretarissen
mitsgaders diverse Edele
heeren raden gesegt is dat er
geen secrete resolutien geno„
men waren.
donneert.
de.
:"
NL-HaNA_1.04.02_2555_0989.xml,"633
segt Ja. —
donneert te hebben sig te in„ de clandestine en onder
„
formeeren, na het gedragtt handsche informatien door
v
der heeren  Commiss: den majoor ten laste van
aande poorten en meer Eenige leeden ingewonnen.
andere saken als doar
toe als gouverneur gene„
rael bij missive der heeren m:r gequalificeerd geweest
sijnde.
segt doleantien dog niet wat er al over die verkla„
te weten waren eijgentlj:ringe gesegt en gesproken
heeft bestaan. —
geen vergadering meer
was. —
of de gedetineerde daer op
segt Ja aan de heeren Com„
niet quam te vragen waer
de sleutels vande poorten
waren.
missarissen.
152.
of hem als gouverneur
generael sulx niet bekent was.
151:
scheijdene leeden niet gedo„
leert wierde wegens het
geweld dat de vergaderin„
ge aen gedaen wierde.
segt Ja dog dat er doen of er intusschen door ver„
150.
153.
is.
149.
1
l
er"
NL-HaNA_1.04.02_2555_0990.xml,"153.
:staat.
buijten. —
dan wel onder de heeren
aan haer huijsen waren
selve onder de capitains— dan quam te vragen.
segt omdat niet wist of de„ En soo ja waerom daer nae
segt Ja soo hem best voor „ of daar op niet een helm
„baer dier geordonneert heeft
de capitains van de poorten
te roepen om de sleutels
binnen te brengen.
155.
segt hem hier van niet of deselve helmbardier.
niet onverrigter soeke terug
voor te staan dog sulx
quam en te kennen gaf
kan wel waar wesen
dat het Casteel geslooten
en de brug opgehaelt was
156.
segt Ja. tot voorkoming of dit sluijten der poorten
van alle confusien van
en op haelen der bruggen
almede niet ter ordre van
hem gedetineerde geschied
was.
segt Ja na alle gedagten of doar op door de gedetineer„
:de geen ordre gegeven is desen
helmbaerdier telaten
passeeren
157.
154.
158."
NL-HaNA_1.04.02_2555_0991.xml,"635
158.
met veel moderatie
segt alles geschied te sijn
of hij gedetineerde deselve
segt Ja dogmaar gesegt
te hebben datse soude opstaen daar op niet het arrest
en nade naaste vertrek aengesegt en toegeduwt
zael gaan en van geen heeft dat maar konden
opstaen.
toeduwen te weten
segt sulx wel te konnen of deselve sulx niet ge
„
sijn dog daar van geen weijgert en onder ander
gesegt hebben dat sij die —
geheugen te hebben
plaats van hem gedetineerde
niet gekregen hadden, maer
van haere heeren en meesters
er dat sij haer gaerne debe„
sluijten vande vergade
„
„ring en geensints de dispo„
:tijcque beveelen vanden
gedetineerde wilden
onderwerpen.
161.
segt ingeenen deelen maer of daer op niet eene een pa„
alleen de heeren die het rige protestatie van alle
160.
159.
of indie tusschen tijd de gede„
„tineerde niet vehement
uijt gevaren is tegens de Ede„
„le heeren van Imhoff, de Haze,
en van schinne deselve uijt„
makende voor belhamels
opaoer en Complotmakers
en wat dies meer sij.
arrest.
d. .
ae
-.
ten
van
hild
ineer„
desen
was.
en
0
fo
terug"
NL-HaNA_1.04.02_2555_0992.xml,"arrest is aangesegt.
gevoegt is.
bewoording niet behaelt
te willen sijn.
gebruijkt
vervalt. —
segt neen alsoo de ordres van of hem gedetineerde niet be„
d' E: Comp: het mede brengen: kent was dat alle persoonen
dat den generael daartoe
in vergaderinge insonderheijt
inde hoogste vergaderinge van
den Landen sittende ofdaer
nae toe of daer uijt gaende vol„
:gens alle regten en reeden
net arrestabel sijn
163. 164.
het selve niet beandwoord heeft
niet te seggen dat hij alles voor
sijne reek: nam dat hij alles—
wel verandwoorden konde
en alles wel verantwoorden
soude als capitain generael
segt Ja dog inde eijgentlijk of de gedetineerde al egter
segt hem daervan niets of daar op al wederom door de
heere van Imhoff niet toege„
snaouwt wierde dat de andere /:
heeren om sijnent wille on„
:gelukkig waren!
voor te staan en diergel: gedetineerde aen den edelen
expressien niet te hebben
soo het selve alwaer was
werd gedetineerde gevraegt
166.
165.
162.
de leeden overgeweld ongelijk„
en het schenden vande vrijheijt
der vergaderinge gedaan
is.
hoe.
:"
NL-HaNA_1.04.02_2555_0993.xml,"637
segt Ja. —
segt Ga
segt sulx bevoorens aleens waerom hij gedetineerde
te hebben geproponeert en sig dan aan gematigt heeft
dat de heeren daartoe om „ deselve anders als op deselve
willig waren geweest en natuurlijke wijse te ver„
om soo veel meer magt, nietigen..
de
te hebben om hem uijt de
regeering te zetten en doar
(:om sulx op de voorsz: wijse te hebben moeten doen
segt ja en sulx pligteli: te„ of hij gedetineerde dit alles
sijn geweest alschoon zijn niet tegenstaende de heeren
qualijk hadde gedaan gelijk leeden sonder onderscheijd
ook wel is geschied. —. niet bedankt heeft voor
170.
169.
of die commissien niet vol„
gens een besluijt vande ge
heele vergaderinge gedecer„
„neert waren:
168.
of soo dra de sleutels van
de poorten kwame door de
gedetineerde niet verklaert
wierde dat hij de commissien
aande poorten quame inte„
trekken.
167.
hoedat sijn woede dan soo verre
en tot ongelukkige persoonen
konde Extendeeren.
d."
NL-HaNA_1.04.02_2555_0994.xml,"verhinderen.
segt te geloven van Ja
s. dog niet uijt de vergadering
maar uijt de vergader
segt Ja. —
als mede dat de militie
segt gesegt te hebben dat
sijne resistentie moeste in cas van oppositie doer
maer op in vallen konde
174.
segt sulx wel te kunnen of er alvoorens de gedetineer„
waer wesen dog geen pro„ de uijt de vergader soel raekte
tegens het een en ander en
„testatie gehoord te hebben.
insonderheijt dit laeste van
de meeste leeden niet gepro„
testeert wierde
En dese en gene hem gedetineerde
zegt Ja te geloven d' heer
173.
of hij als doen met eene geen
ordre gaf dat alle de heeren
leeden konde heen gaen except
de drie gearresteerdens.
172.
of den gedetineerde daer op
geen ininen om uijt de verga„
deringe te gaan gemaekt
en geordonneert heeft dat
militaire volk te laeten
aftreeden
171.
de getrouwe diensten in die da„
:gen voor't welwesen van het
algemeen gepresteert
:
gheedens.
niet
d Zael.
-
175:
-
:"
NL-HaNA_1.04.02_2555_0995.xml,"639
eerde
heedens, d' heer van Aerden, niet getragt te hebben te weder„
da„
en d'heer directeur schaghen houden en waere het moge„
:lijk ter neder te setten.
P: s: segt als nu de vroge niet
ter deegens verstaan te hebben
en soo als hem voorstaat
in het uijtgaan door geen heer opgehouden nog aenge„
sprooken te sijn. —
ga„
of al egter den gedetineerde
segt Eenelijk nade golde„
niet door gedrongen is en
rije gegaan tesijn.
sig inde galderije van sijn
wooning begeven heeft.
segt Ja volgens het gebruijk of der selver toegang niet
door vier helmbaerdiers
en met carrocter van een
gewopend met de geladene
gouverneur generael
pistoolen bewaard wierde.
over een komende
segt Ja dog in denaam
178.
En of er almede geen gra„
van den officier niet be„ nadiers vande deur von„
haelt te willen sijn. — de vergaderzoel tot aen
de puije gerangeert stonden
endaar van den beginne
af aen gestaen hadden on„
:der de Commando vande
lieutenant Hemmingson
179.
segt Ja uijt de vergaderzoel of eenige tijd daernae de Edele
heeren.
176.
177."
NL-HaNA_1.04.02_2555_0996.xml,"segt Ja. —
beandwoord.
heeren den directeur generael
schaghen, Thedens, van schuchte„
len, en van Aerden niet uijt
de vergaderinge gecommit
„teert en bij den gedetineerde
ter audientie aengedient
sijn.
of hij gedetineerde deselve
niet gerefuseert, en Een weij„
:nig daer nae alleen den
eerst genoemde geadmitteerd
heeft!
segt omdat er niet goeds wat reeden de gedetineerde
g
tot het weijgeren vansulk
instak en geen redres in„
eene aensienelijke deputatie
gehad heeft.
temaken was. —
segt parthij sal dat seggen En of het niet tegen alle
regt reeden en billijkheijt
is vande Executie te
beginnen
maar hij niet
183.
of het niet geweest is om
dat hij in gemoede overtuijgd
was niet instaat tesijn
om sijne gedoentens goed
temaken.
182.
180.
184.
181.
60
r"
NL-HaNA_1.04.02_2555_0997.xml,"184.
641
te praten
segt omdat een genoeg was om wat redenen hij dan
en dat die vier heeren teveel Iuijst den eersten alleen heeft
raisonnement makende willen spreeken.
daar door hem te veel con„
fusie soude veroorsaken
nademael wel bewust was wat boodschap het selve
soude wesen. —
segt na hem best voorstaat En waer in desselvs bood„
om de heeren te relaxeeren schap of commissie bestaen
en van sijn ordre af testop„ heeft!
j„
pen. —
segt sulx niet te konnen wat den gedetineerde
doen omdat desoeke te verre denselven daer op ten and„
woord gegeven heeft.
de
gekomen was. —
segt neen niemendalen of den gedetineerde hem
:testaan. —
segt neen en sulx te gek
te wesen om daar van
of deselve onder andere
hierinne niet bestonden
dat de drie heeren een acte
moesten teekenen dat aen
het hun ten laste gelegde
188.
heeft het voorstellen van
eenige harde impertinente
en voor eerlijke lieden
schandelijke conditien
hem hier van niets voor„ als doen niet onderwonden
187.
186.
185.
schuldig
rd
be
tie
.
90"
NL-HaNA_1.04.02_2555_0998.xml,"segt Ja. —
d' heeren. —
segt sulx niet te weten
en door geen remarque
190.
segt sulx ook niet teweten wat daar diestijds voorge„
en ontschoten tesijn
vallen is.
191.
of deselve onder andere niet
versogt heeft dat de drie ge
arresteerde heeren ten min„
„sten op haer woord inhaer
huijsen mogten gaen!
192.
segt Ja op het versoek of den gedetineerde sulx
van de heer schaghen en almede niet absolut ge„
weijgert en Eenelijk geper„
„mitteert heeft het arrest
in de huijsen vande gear„
„resteerdens in plaetse van
op de bolwerken des Casteels
193.
segt daertoe geen speciale als mede dat deselve niet
of de gemelte heer schaghen
niet voor de tweedemaal
opgeslagen te hebben bij hem gedetineerde geko„
„menis.
189.
schuldig waren
vragen.
anders
-
5"
NL-HaNA_1.04.02_2555_0999.xml,"643
vragen gedaan en sulx een anders als met militie voor
en agter haere koetsen of
militaire ordre geweest
rijtuijgen souden werden
te sijn
geconvoijeert.
194.
segt Ja met relatie op het En vervolgens op deselve
wijse met schildwagten
vorige andwoord. —
„ voor,
en agter haere huijsen be„
waakt soude werden.
195.
segt sulx wel waar te kon„ of vervolgens den Edele
nen wesen dog hier van heer Rhedens niet eens
en de Edele heer Crul nog
niet
:geen sekere geheugen
niet twee moelen bij hem
te hebben. —
gedetineerde gegoenis.
196.
en tusschen beijde voor„
gevallen en gesproo„
kenis.
segt sulx onmogelijk wat er als doen 'telkens
197. 198.
segt sulx in sijn gedagten of de gedetineerde als doen
niet gehad te hebben ten nog niet even onversette„
minsten soo hem voor„lijk was en onder andere
staat en alles met veel seijde dat het hem speet
te konnen seggen
moderatie
dat,
5"
NL-HaNA_1.04.02_2555_1000.xml,"178.
„heijd. —
boven. —
ben.
moderatie behandelt dat soo verre gekomen was
te hebben natijds gelegent, om het arrest inde huijsen
te permitteeren en dat hij
gedetineerde voor zijn reek:
nam
segt neen en voorts als Iadat in gevalle en iets—
te verantwoorden viel, hij
gedetineerd nu dog sooveel
op sijn reek: hadde dat het
er niets meertoe doen soude.
200.
segt diergelijk gedagten dat hij gedetineerde geen ver„
niet gehad en soo veel discou„gadering erkende en ver
:sen net eens gevoerd te heb„
meende dat hij de heeren
een bij sonder genade bewe„
:sen hadde met Een mili„
„tair arrest in de huijs en te„
vergunnen
201.
segt dat sulx wel waer kan of de gedetineerde een weijnig
wesen dog met geen seker daar nae niet is gaen eeten
:heijt sulx te konnen seggen en vervolgens op sijn bed of
heef
pl
kooij gaen leggen terwijl alle
de Leeden inde vergaderzael
nog bleven
202..
799.
i"
NL-HaNA_1.04.02_2555_1001.xml,"202.
645
utsupra. —
segt sulx niet te weten maer wie met den gedetineerde
te gelooven sijn ord=e gasten dies tijds het middagmael ge„
houden heeft.
als hackenberg.
te hebben.
„ een
segt hier van geen kennisse of „ der secretarissen niet om„
trent 4. uuren des namiddags
uijt naeme der vergaderinge
bij hem gedetineerde geko„
:men is en aen gebooden heeft
dat de geheele regeeringe be„
reijd was bij den gedetineerde
te komen en dat dan de drie
heeren de noordige sotisfactie
souden geven op het gene
waren op hij vermeenen
mogte verongelijkt tesijn
204.
dan wel in gevalle de drie
gearresteerde heeren niet
wilde spreeken de overige ver
:sogten bij hem gedetineerde
te konnen.—
205.
segt alleen maar voorte of hij gedetineerde op het eerste
staan dat wel eens gesegt niet geandwoord heeft dat
heeft gehad dat alle die com„ sulx onnodig en op het tweede
plimenten onnodig waaren: dat niemant wilde hooren
en dat 'er niets te spreeken
viel. —
g
203.
206.
as
k:
„1.
lle"
NL-HaNA_1.04.02_2555_1002.xml,"206.
segt Ja. —
segt Ja. —
te sijn. —
of hem gedetineerde na ver
loop van seer weijnig tijds als het
doen niet gerapporteert of
berigt is dat alle de heeren
leeden na huijs gegaan, en
de drie gearresteerde aldaar
gebleven waren
„per
of daar op den majoor Duurvelt
de gem: drie heeren ter ordre
van hem gedetineerde niet
de facto in arrest genomen
en sulx aengesegt ende deegens seg
afgeeijscht heeft.
208.
segt Ja ende de genssien de rot„ of de selve Duurvelt hem
tings te hebben komen over gedetineerde door van
geven dog van geen verdere geen rapport gedaan heeft
omstandigheden teweten en in welke omstandig„
heeden.
209.
segt sulx hem ontschoten of hij Duurvelt diestijds niet
gevraagt heeft of hij de drie
Edele heeren Immediaat
de degens soude afnemen
dan wel laeten behouden
tot dat het thuijs geconvoij
eert waren
207.
210."
NL-HaNA_1.04.02_2555_1003.xml,"647
210.
gens hegt Ja. —
segt Ja. —
alshet vorige artl:—
segt Ja. —
of den gedetineerde al egter
onder het laeten doen van
de groetenisse aende gearres„
„teerde heeren niet heeft laten
aanbieden om liever
bij avond als bij dog na
huijs gebragt te worden
213.
of de gearresteerde heeren
het selve niet gedeclineert
en geresolveert hebben
liever bijdag en in't aensien
van de geheele wereld te„
vertrekken.
214.
segt sulx niet te weten dog of deselve uijt het Casteels
wel waer te konnen sijn gaande in arrest en sonder
maar daar toe geen ordre zijd geweir al egter
het militair houneur
gegeven te hebben. —
212.
of sulx ook niet geschied
is en deselve doorden gede„
tineerde niet na het vader„
:land gesonden sijn
211.
heeft deselve Im mediaat af„
tevorderen.
„pervalt met relatie tot of de gedetineerde geordonneert
niet
lt"
NL-HaNA_1.04.02_2555_1004.xml,"vervalt. —
konnen seggen
segt hem sulx voortestaan
segt met militie dog het
getael niet te weeten
segt sulx niet speciael te„ of de gearresteerde heeren
omtrent een uur ofwat
meer thuijs sijnde geweest
de gedetineerde niet door Een
Capitain heeft laten verbie„
den allerleije occes except
van vrouwen bij der selver
huijsvrouwen
218.
En of de gedetineerde ook
niet op dien en volgende
re
dag aen alle officieren so
van de Iustitie als europi„
:aanse en inlandse militie
geordonneert heeft of doen
ordonneren om voortaen
geen andere ordre als de sijne
te obedieeren
217.
of gem: drie heeren na haer
huijsen rijpende ijder niet
ge esccerteert is geweest
met een officier en 24:
man.
216.
om Wat redenen den gedeti„
„neerde sulx nog heeft laeten
doen. —
215.
niet aengedaan is.
219.
-.
:
De
:"
NL-HaNA_1.04.02_2555_1005.xml,"219.
649
segt Ja.
segt Ja.
segt Ja. —
of de gedetineerde vervolgens
niet geordonneert heeft
de huijsen der Edele heeren
arrestanten met 24. man
namentl: twaalf voor en
twaalf agter te bezetten
Endeselve 'sonderen daags
door den secretaris otto laten
aanseggen om sig te prepareren
tot het vertrek nederland, in
Een militair arrest en sulx
met de eerste vertrekkende
scheepen.
of de gedetineerde in het
vervolg niet eenig occes van
vrienden en goede bekenden
heeft geaccordeert. —
222.
segt sulx niet ingetrocken of deselve sulx niet weder„
maar wel de menoge ge„ om ingetrokken heeft.
recomandeert te hebben
223.
beantwoord de menage op wat pretext en om welke
te hebben gecommandeert reedenen.
om dat sulx te laatende
nagt geschiede het selve aanstotelijk was. —
221.
220.
224.
de
ti„
haer
ende
24.
n
Een
e„
ver
ook
o
de
so
opi„
tie
e"
NL-HaNA_1.04.02_2555_1006.xml,"segt Ja. —
224.
te hebben.
segt Ja. —
225.
segt sulx wel gehoord gehad of deselve door tegens niet
seer sterk hebben geprotes„
teert.
226.
of al egter de gedetineerde
va
sulx niet bij speciaele ordon„
„nantie belast heeft aen
de gecommitteerde tot het
branden der kisten
227.
segt Ia dog van geen protest of de gedetineerde tegens het
te weten en het een het ander protest vande vergaderinge
indato 15:' xber: 1740. sig niet
te hebben moeten volgen
aen gematigt heeft op eijgen
auctoriteijt en risico degagie
der heeren gearresteerde
van den 6:' derselver maart
te doen afschrijven en
Cesseeren
Se
of den gedetineerde eenige dagen
daer nae door gem: secretaris
niet heeft laeten aen seggen
en bekend, maken dat geen
meerder bagagie na het
vaderland soude mogen
medevoeren als inden jaare
1731. aande opent bodem hee„
ren raaden Extra ord:s van
se
Jndia geaccordeert was na„
„mentlijk maer drie kisten
228."
NL-HaNA_1.04.02_2555_1007.xml,"651
segt Ja. —
segt Ja. —
segt neen dog nadat den con„ of deselve al egter niet op
„mandeur hem hadde gerappon„ den 12:' daer aen onder een
sten:teert dat het goed en voarbaer militair escorte hebben
weir was als doen gesegt moeten vertrekken niet
te hebben dat hij sijn gang soude tegenstaende het geen sins—
voorboor weer was en niet
gaan. —
sonder leevens gevoer konde
geschieden en ook geschied
is.
segt Ja dog inde bewoording of de gedetineerde niet aen
de
van schip heeren niet behaelt de respective schippers onder
tewillen sijn en bovendien de bij gevoegde swijdige namen
mondeling wel Ernstig- van schip heeren bij schrifteljk
aan de schippers gerecomman„ ordonnantie belast heeft
„deert te hebben alle discretie deselve geduurende de geheele
te beruijken omtrent heeren reijse inde Cajuijt of schippers
van dien rang.
kamer in arrest te houden
met een of twee schildwagten
voorde deur.
don„
als mede om de gearresteer„
:de in het vaderland over„
te geven aan de Edele groot
agtb: heeren seventhienen
of derselver geeerde ordres.
231.
230.
229.
of den gedetineerde het vertrek
deser heeren vastgestelt hebbende
op den 10:' Januarij 1741. sulx niet
wegens onstuijnigheijt van
het weir belet is.
232.
dagen
t
„
te
het
et
gagie
t
228."
NL-HaNA_1.04.02_2555_1008.xml,"segt Ja.—
232.
segt Ja. —
segt Ja. —
segt Ja. —
of al mede volgens deselve
schriftelijke ordonnantien
aandie schippers of die het ge„
:sog bij absentie of overlijden
mogten voeren belast is op
pane vande hoogste indigna„
:tie om de gearresteerde ner„
:gens aende wal of uijt de ka„
:mer van arrest te laten
gaan
al was het ook dat hun lieden
sulx versogt of geordonneert
wierde het sij ook bij wege
van belofte of drijgementen
door wie ofte van wat
rang of qualiteijt sulx
ook mogte geschieden.
235.
of daar bij almede om soo
veel te beeter het arrest
te doen onderhouden niet
belast is een sergant twee
Corporaels, ende 12. soldaten
234.
233:
En aan Jder der schippers ter
bestellinge mede overgeven
derselver resp: zijd geweiren
in een lang werpig kasje be
schreven aan hoog gemelte
heeren seven thienen
tot.
-:
segt"
NL-HaNA_1.04.02_2555_1009.xml,"653
segt Ja. -
segt Ja. —
tot escorte mede gegeven
te houden vrij van scheeps
togt en wagt
236.
of den gedetineerde boven
dit alles met een secrete
ordre gegeven heeft aende
schippers Bastiaen Rol
Commanderende den boden
adrichem, en waerop de
Edele heer van Imhoff was
237.
segt sulx wel te konnen of die ordre niet mede brag„
wesen dog door omtrent te om de coob de goede hoop
niet behaelt te willen sijn des daer toe kons siende
alsoo het selve uijt de ordon voorbij te stevenen na s:t
nantie sal moeten blijken Helena en vandaar nae
aande heeren m:s over„ nederland:
gesonden.
En of den gedetineerde
dit niet belast heeft niet
tegenstaende in raade van
India op den 30:' xber: 1740.
contrarie sijn voorstel
beslooten was om vol„
:gens oud gebruijkt dat
schip gelijk mede de vier
andere scheepen de coob
te laeten aendoen.
238.
239."
NL-HaNA_1.04.02_2555_1010.xml,"239.
beandwoort.
segt Ja. —
segt om dat hij gedetineerde wat redenen hem gedetineerde
gerugten hadde dat ingevalle bewogen hebben om Eerst
iets in vergaderinge te brengen
d' heer van Imhoff aan de Coob
en aldus te erkennen dat
komende daar soude ver„
toe ven tot tijding kreeg dat tot derselver deliberatie be„
hoorde en egter het contrarie
tot gouverneur generael
was aangestelt en danwe „ van het geresolveerde omtrent
:der herw:ts soude komen het schip adrichem op Een
Clandestine wijse ter Exe„
hij tot voorkoming van
„cutie te doen stellen
veele onvoorsiene in Con„
venienten en onheijlen
die daar uijt soude hebben
konnen voortkomen sulx gedaan heeft gehad. —
240.
welke particuliere insigten
de gedetineerde tot dese
extra ordinaire ordre ge
had heeft.
of het geweest is uijt
vreese of pretext dat de
heere van Ianhoff op de Caab
soude blijven
242.
wie hem gedetineerde
sulx wijs gemaakt of
gesegt heeft
segt sulx niet teweten
241.
ve
243."
NL-HaNA_1.04.02_2555_1011.xml,"243.
655
vervalt. —
te sijn. —
vervalt.
segt dat het gesegt word, en wijders werd gedetineerde
de intentie niet geweest gevraegt of hij volgens af„
te sijn om de vergadering: spraek en comminucatie
soo seer te ontbloten maer aan sijn swager M:r Willem
de voornoemste genomen vincent helvetius niet
van voornemen is geweest
e hebben
„
boven en behalven de drie
opgesonden een of meer
heeren in voegen als voo„
ren met geweld uijt de
regeering te ligten en na
het vaderland tesenden.
244.
wie het selve al geeweest
sijn
245.
of het onder anderen niet
segt sulx niet geschied te sijn
geweest is den Edelen heere
P: S: en hem ook ontschoten
van Berendregt doenmaels
raad Extra ordinaris.
vervalt. —
of het niet agter gebleven
is bij occosie dat denselven
op den 6:' xber: niet in
247.
246.
om wat redenen sulx geen
voortgang gehad heeft.
vergadering
:
er"
NL-HaNA_1.04.02_2555_1012.xml,"vervalt. —
lopen. —
segt om rust in desselfs wat Eijgentlijk de voor
regeering te hebben en dat: naemste beweeg redenen
alles niet inde was soude geweest sijn tot het uijt voe„
ren van voorsz: arrest, en
het geen daer verder op
gevolgt is.
250.
of het inderdoot niet ge
segt niet minder als dat
weest is een, quaadoordige
Jalousie, haat, en nijdigheijt
251.
niet seer onverdragelijk
is
te vooren is gekomen dat
da
den Edelen heer van Jmhoff
seer veel credit had en sijne
advisen gevolgt wierden
contrarie de popositien en
advisen vonden gedetineer„
:de uijt oorsaeke dat de ver„
„gaderinge doorgaens veel
plausibeler en ten diensten
segt niet minder als dat En of hem gedetineerde
en nooijt groots op sijn
advis geweest te sijn
249.
248.
wat redenen dese laest gen:
heer gedetineerde daertoe
gegeven, had.
vergaderinge gekomen was:
van"
NL-HaNA_1.04.02_2555_1013.xml,"657
hij
t
s
of den gedetineerde niet
segt wel sekerlijk alle
redenen te hebben gealle„ ter contrarie allerleije prae„
geert omsulx te onder texten voor gewend heeft
op welke sijne extraordi
stennen.
naire onder neminge soude
steunen. —
segt niet te weten sulx
of hij onder anderen niet
gepretexteert maar dat
geproetexteert heeft dat men
sij het wel gedagt hebben hem de gouverneurs staf
wilde ontwringen.
254.
den
segt uijt het vorige geandw: hoe dog, gedetineerde sulx
sulx te blijken endat het in de gedagten gekomen
„sschip
adrichem daer d' h:r is dan wel wie hem het selve
d
dan Imhoff mede vertroc„ wijs gemaekt heeft.
:ken is buijten weten van
hem gedetineerde aengelegt
is geworden met intentie om hem gedetineerde
daermede na 't vaderland te senden.
segt sulx niet te weten. of onder andere den gere„
patrieer de heer directeur
schaghen daartoe door dis„
Coersen geen aenleijdinge
255.
253.
252.
vande E: Comp: voorrdeeliger
te vooren quamen.
gegeven.
5
208
r"
NL-HaNA_1.04.02_2555_1014.xml,"vervalt. —
nen wesen. —
vervalt ten opsigte vande of het niet was het voorsz:
pretext van de gedetineerde
voorenstaende vrage
na 't vaderland met het
schip adrichent te senden
258.
of hem gedetineerde niet
segt niet minder als dat
en buijten sijn kennis en ten contrarie bewust was
dat voorsz: schip op het advis
voor kennis te sijn geschied
van den commondeur
guldenarm en met oppro„
=batie van hem gedetineerde segt
aen gelegt was tot depesche
der papieren die met de twee
voorgaende scheepen niet
in gereedheit hadde kunnen
komen.
259.
van adrichem ten fine
als vooren selvs niet bij het
geleijd briefje dat met
de twee reeds van de rheede
vertrokkene scheepen aen d'hee„
„ren majores nog gedepecheerd
segt dat sulx soude kon„ of het vroeger depechere
257.
gegeven heeft.
256.
waar in het selve bestond.
3e
is.
ze"
NL-HaNA_1.04.02_2555_1015.xml,"659
segt als nu nog minder.
segt Ja. —
segt niet minder als dat en ook
of den gedetineerde al kort
geen chimeras geweest te sijn
na het arresteeren der drie
maar wel Een wesentl: soek
Edele heeren raden niet
overtuijgt is geweest,
dat het op senden van sijn gede
„tineerde persoon na het va„
derland en wat dies meerdaer
toe behoort op sijn best geno„
:men enkel phantomes en
Chimeraps sijn geweest, en
aan de quaadaerdigheijt hun
geboorte verschuldigt sijn:
261.
tenminsten of hij daer van
als nu nog niet ingemoede
overtuijgd is.
of hij gedetineerde niet seer
wel weet de form en wesent„
lijkheijt der regeringe hier
te lande bestaat inden Gou„
verneur generael en ses
raeden
of het selve ook niet altoos
em in voorige tijden staende
gehouden heeft.
263.
262.
segt Ga. —
bekend gemaekt is.
260.
264.
pro¬
-
5"
NL-HaNA_1.04.02_2555_1016.xml,"264.
segt neen Geensints. —
„rie dicteeren.
265.
En of hij in alle gevalle
segt neen om dat de ordres
sulx niet aende Iustitie
vande heeren m:rs Contra„
hadde moeten overloeten
266.
waer om sulx niet geschied
is.
267.
Jngevalle en al nasijn
segt doar in sijn specula„
tie gehad te hebben en het gedetineerde opinie sooveel
selve niet inde vergade„ periculum in mora was
„ring heeft konnen geschie„ dat politicquelijk moeste
geschieden waerom sulx
:den omdat het meer tot
sijn laste soude geweest sijn
dan niet aende vergaderinge
van haer hoog Edelens
voorgedragen heeft.
268.
of hij sulx niet nagelaten
_
heeft om dat sijn soek onge„
fundeert en van bewijsen
gedestitueert daarin niet
door gegaan soude heb„
en
-
segt sulx meer te wesen
als hij weet. —
beantwoord.
of hij dan niet moet bekennen
dat hij een soek van dat gewigt
als het arrest en dies gevolgen
alleen niet heeft mogen
uijt voeren.
269.
h
e
De
7"
NL-HaNA_1.04.02_2555_1017.xml,"269.
661
segt Ja na datse reets van te
voren toegesegt waren
segt meen niet minder als dat En of hij door dit alles niet
nog het een nog het ander moet bekennen dat hij een
sijnde de vrijheijd niet verkragt seer onwettig saak uijt gevoert
nadien het geen vergadering de regeringe geschonden dies
vrijheijt verkragt en alsoo
meer was. —
tegens Eed en pligt aangegaen
heeft.
segt Ja. —
door wie de brieven opgestelt
segt door hem en sijn
-
hulp sijnde Een clerk sijn!
of assistent. —
segt sulx nu niet teweten wat deselve in substantie
behelsden.
274.
segt Ja het eene met het ander of niet onder anderen
273.
272.
den
wijders werd gedetineerde
gevraegt of hij niet bevoorens
het arrest ofte wel op ultimo
october, en 1: december aen
de heeren majoores heeft
gesonden twee seer omstondi„
:ge brieven.
271.
270.
of hij gedetineerde selvs de
soo genoemde bewijsen niet
na het arresteeren eerst in
gewonnen heeft.
contineerden"
NL-HaNA_1.04.02_2555_1018.xml,"segt Ja. —
segt Ja. —
segt sekerlijk. —
segt Ja.
En of deselve brieven niet
eijgentlijk als voorloopers
hebben gedient van't geene
er naderhand opgevolgt
is te weeten het op senden
van de heere van Imhoff C: s
277.
En of deselve niet speci„
:alijk ingerigt sijn om de ge„
moederen der heeren majoo„
„res waare het mogelijk
te praepareren tot het geen
te
den gedetineerde geintentio„
„neert was door het arrest
als andersints uijt te voeren.
ze
of den gedetineerde almede
net behulp van geseijde
Aelvetius met een meenigte
interragatorien, insinuatien
en attestatien heeft ingewonnen
278.
276.
275.
Mitsgaders diverse dolian„
tien ten nadeele vande drie
gearresteerde en meer anders
heeren van de regeering.
contineerden een speciaele
verdeeding nopens de belasting
der coffij boonen.
279."
NL-HaNA_1.04.02_2555_1019.xml,"279.
66
ƒ
huijs. —
na de ordre dog niet quan„
„ring. —
goeder trouwe
segt te gelooven door sijn wie de Insinuatie ofte
swager helvetius die haem in interrogatorien dewelke
tingh
dit gevoel behulpsaam is aan de liefhebbers de waerh:t
dan wel aen alle die gene
geweest. —
die genegen waaren ter liefde
der waerheijt te getuijgen voor„
gehouden sijn, en dewelke
door Guldenarm, Hackenberg,
Duurvelt, gouwaband, Mun„
„niks, Los, en meer diergelijke„
soort beandwoord sijn op„
gestelt heeft.
280.
of hij gedetineerde deselve
en questen niet aenden raed
van Iustitie heeft doen
versoeken om deselve te
„
doen beeedigen quansuijs
op Een politique wijse
281.
regt gansch niet strijdig te sijn of het selve niet strijdig is
tegen de ordre van de rege„ tegens de proctijcq en ver„
:gens anders toe gediend—
heeft als om de gearres„
„teerde heeren soo veel doen„
lijk hare defensien afte„
snijden.
282.
segt dat verbodgeschiedte of dat middel namentlijk
sijn sonder arg off list enter tot af snijdinge der defensien
ook door den gedetineerde
segt sulx geschied te sijn
niet
3:
-
-"
NL-HaNA_1.04.02_2555_1020.xml,"beantwoord.
segt hier van niet teweten of dat voorsz: versoek van
en dat sulx de heeren beter beeediging al egter bij
sullen weeten als hij - meerderheit van stem
men niet geaccordeert
en door gedrongen is.
285.
of denselve niet geweest sijnde
raaden van Iustitie Dellafaille,
Lammens, Woit, Blocqua,
van riel ende beijde officieren
indertijd.
of hem gedetineerde ook niet
bekent is dat deselve persoo„
nen daar over suspect en
paatijdig verklaart en
286.
284.
soo niet werd gedetineer„
:de gevraagd waaron hij
als dan soodanigen inter„
:dict gedaan heeft
283.
niet insonderheit in't werk
gesteld is door een verbod
aende notarissen om geen
actiens ten behoeve der ge„
:arresteerde heeren te passee„
ren
no
3"
NL-HaNA_1.04.02_2555_1021.xml,"665
segt Ja. —
„ve te willenstaan
segt sulx wel waer te konnen of den gedetineerde ook nader„
wesen dog hier op niet positi, hand door gem: m:r Willem
vincent helvetius niet heeft
doen opstellen een seer omstan„
„dige briev aende heeren seven„
:tienen bestaende in 2. deelen
en 1750. articulen en gedag
tekent 8: Ianuarij en 25. maert
1741. -
segt na alle gedagten Ja- of hij gedetineerde deselve
niet getekent en dus voor
de sijne erkent heeft.
289.
of de gedetineerde bij occasie
dat hem selve met dies bij
laegen bestaende in drie
deelen bij desen vertoont
werden als nog niet er„
:kent voor de sijne en de
naem tekeninge onder de
bijde delen van voorschre„
ven briev en het inven„
taris net middelen
staende.
288.
287.
in sooverre van het regters
ampt gesimoveert sijn volgens
ordre der heeren meesters.
290."
NL-HaNA_1.04.02_2555_1022.xml,"290.
tewesen.
segt niet minder als dat
gemeene te hebben
lijk desselvs op steller sig
niet verleedigt heeft om
in geemelte missive op de
allerschendigste wijse en
met uijtgekipte epithetes
te blameren de persoonen
van de meergem: Edele
heeren gearresteerde en
insonderheijt die vanden
heere van Imhoff en meer
andere heeren raden van
Jndien.
segt sulx hem onbekent of de gedetineerde of eijgen„
of hij gedetineerde nu niet
moet belijden dat daar in
niet alleen onwaeragtige
maarselvs onwaarschijne
lijkhe, Ia onmogelijke soeken
gesteld sijn
292.
is om waer het mogelijk
eenige schijn van wettigheijt
aan een quade saekte geven!
Aldus opgestelt bij mij
Batavia den 28:' Februarij 1743.
Was Getekent, N:s Iongsma„—
segt het contrarie vandien of sulx alles niet geschied
op alle welke vorenstaende vragen den gede„
tineerde verklaerd na waerheijd beste
291.
gewesen.
-
-."
NL-HaNA_1.04.02_2555_1023.xml,"667
geweten en soo verre sijn swacke gesteldheijd
van sijn sieke lighaem heeft toegelaten, geand„
woord te hebben,
dat aldus passeerde op de punt de Robijn
in des E: Comp:s woning ten overstaan en
ter presentie als in margine, was getekent,
A:n Valckenier, ter sijde stond, ons present
„
was getekent; Iacob van Den Bosch, en
I: V: Reverhorst, Lagerstond, 'toirconde
en getekent, G:s Schuijlenburg secrets:;
Gecollationeert en accordeert,
Batavia Den 26:' Maert 1743
Saksteen
Adv„ Gesr: Clercq
Op huyden den 18 maart 1743
Compareerde voor de ondergesz: heeren
Commissarissen uijt den agtb: raad
van Justitie deses Casteels, den heer
gedetineerden inde vorenstaande art:
en vraagpoincten nader gemelt, dewelke op
deselve en sijne daar opgegevene responsiven
weder
E"
NL-HaNA_1.04.02_2555_1024.xml,"weder aandagtelyk zijnde gehoort bleeff
daar bij persisteeren met dese ampliatie
nogthans dat hij gedetrreerden als nu segt
op ar:t 26 uijt bedugting van brandstigting
„ 33 naderhaud sulx wel gehoort te hebben
„ 34 segt als nu dat tot viergelijke zake
is gequalificeert geweest soo hem best
voorstaat, mits ten naasten vergadering
rapport daar van te doen /:geteekent:/
A:n Valkenier /:in morgine :/ ons present
(geteekent/ Jacob van den Bosch en
J: V: Reverhoust /:lager / Toirconde
(:getekent:/ G:s Schuijlenburg secrets:)
Gecollationeert & accordeert
batavia den 1:' april 1743
JHbaksteen
dd„k Gesur Clercy"
NL-HaNA_1.04.02_2555_1025.xml,
NL-HaNA_1.04.02_2555_1026.xml,
NL-HaNA_1.04.02_2555_1027.xml,
NL-HaNA_1.04.02_2555_1028.xml,N:o 26.
NL-HaNA_1.04.02_2555_1029.xml,"669
Saturdag den 9„e Maart 1743.
Present de heeren van den Bosch en van
Reverhorst.
Na dat den gedetineerde heer gew: gouverneur generaal
Adriaan Valkenier, hadde beantwoord de articulen ter
requisitie van den heer prointerim advocaat fiscaal
m: Nicolaas Iongsma. zoo heeft den selve versogt daer
van te mogen hebben Copia mitsgaders ook van het dis„
„positieff van den 5„e deser waer bij desselvs gedane hoger
beroep is gereject:d wanneer bij haar agtb: wierd verstaen
't selve te neemen ad referendum /onderstond / in kennisse van
mij was getekent / g:s Schuijlenburg secretaris
g'Extraheert uijt het memoriaal van
den agtb: raad van Iustitie deses
Casteels en accordeert
Batavia den 29:' maart 1743.
Wbansleen
Adv„t Gesw: Cler
ƒ"
NL-HaNA_1.04.02_2555_1030.xml,"4
1"
NL-HaNA_1.04.02_2555_1031.xml,
NL-HaNA_1.04.02_2555_1032.xml,No. 27
NL-HaNA_1.04.02_2555_1033.xml,"670
Maandag Den 25=en Maart 1743.
Present Den Ed: heere President
Jtem de heeren Raden en geassu„
„meerde leeden in desen Excepto
De heer Kien door Indispositie
en de heer Vonglan als sijnde
in Commissie na Cheribon
Door d'ondertenomene heeren Commissarissen op
heden zijnde overgegeven De onderstaande notul
Maandag Den 18=e Maart 1743.
Present De Heeren Commissarissen
van Den Bosch en Reverhorst
Den Gedetineerden Gewesen heere Gouverneur
Generaal Adriaan Valckenier
gerecolert hebbende soodanig art:l en vraeg„
„poincten als door denzelven op den 6: 7:' 8:'
en 9:' deser tenoverstaen van den in den
hoofde deses genoemde heeren Commiss=n
zijn beandwoord, soo versogte Gem: heere
Valckenier te mogen Erlangen Copia
soo van zijne geproponeerd hooger beroep
aan de Raad van staten ende daar opgevallene
dispositie"
NL-HaNA_1.04.02_2555_1034.xml,"Dispositie, als van de articulen en vraeg
poincten, sijne daar op gegevene res„
„ponsiven, en daar agterstaende recolle„
„ment, mitsgaders dat aen hem wegens
zijne indispositie mogte werden geper„
„mitteerd Een procureur te gebruijken
omme sijne defensie te doen welke
versoeken bij haar agtbaarheedens
genomen zijnde in deliberatie soo is
verstaen deselve te neemen adreferen„
dum /:onderstond:/ In kennisse van mij
/:was getekend:/
p:s Schuijlenburg secret=s
Zoo is nadies resumtie gelet
sijnde op de versoeken
van den gedetineerde Heer Adriaan
Valckenier daar bij vervat, mitsg=s
gehoord hebbende het declaratoir
van den heer Pro-Interim Ad vo„
caet Fiscael verstaen de Twee Eerst
gem: versoeken te accordeeren en dien
volgende aen hem te verleenen Copia
zoo van zijn geproponeerde hooger
beroep aende raad van staaten ende
daar op gevallene dispositie als vande articulen en vraagpoincten zijne/
daer op gegevene responsiven en
het daer agterstaende recollement
dog."
NL-HaNA_1.04.02_2555_1035.xml,"672
dog het verder gedaen versoek te ontseggen
voor als nog /:onderstond:/ In kennisse
van mij /:was getekend:/ G=s Schuijlenburg
secretaris. —
Ge Extraheerd uijt het Me„
Agtb:
morial van den
Raad van Justitie de„
„ses Casteels en accordeert
Batavia Datum utsupra
Haksteen
Ad V: Gesw: Clercq
t"
NL-HaNA_1.04.02_2555_1036.xml,No: 28.
NL-HaNA_1.04.02_2555_1037.xml,"673
673
Maandag den 25: Maart 1743
present den Ed: heere president Jtem de
heeren Raden en geassumeerde Leeden in
desen zijnde de heer Kien absent door
Jndispositie ende heer von Glans in
Commissie na Cheribon
door den keer pronterim advocaat fiscaal M:r
Nicolaas Jongsma is op heeden aan den raad gepre„
senteert het navolgende request en daar nevens
overgelegt het dispositioeff daarbij vermelt
:
9:
versoekende als in't eijnde van't selve request
Aan den Edelen Jeere
Mr. Jacob Lakeman
raad Extra ordr van nederlands
Jndia en president.
mitsg:s
de verdere Jeeren en geas¬
sumeerde Leeden van den —
:
agtb: raad van Justitie
des Casteels Batavia
Edele heer en agtbare Heeren
den pro interim advocaat fiscaal van
Judia"
NL-HaNA_1.04.02_2555_1038.xml,"Jndia nr. Nicolaas Jongsma (: in herereale
de reedenen en middelen geallegeert hij het
hier nevens vertondt request en door agter
staande dispoklieff van uEd en agtb:
in dato 19 Jann: deses Jaars waar bij sijn twee
versoek van marceratie op de persoon mit sij
arrest inventarisatie en sequestratie op de
goederen van den thans gegijselden m„r Willem
Vincent selvetius ontsegt is voor als
nog, neemt de vrijheijd bij desen met
schuldpligtige Eerbied te kennen te geenen
dat hij volgens sijn geringe kennis en wete
schap geene reedenen tot voorsz p:s ontsegging
heeft kunnen bevroeden ten ware uEd en
agtb: daar toe mogte gepermoveert sin
omdat deselve dies tijds vande bewuste n
sive opgesteld door den geg: en gesonden door de
gewesene Gouverneur Generaal adriaan
Valkenier aande heeren Majores geen volke
lecture gehad hadde, dan wel omdat de
laastgem: als doen nog niet gehoord en med
in"
NL-HaNA_1.04.02_2555_1039.xml,"675
in confesso was, van het deelgeroodschap en het trampeeren
vande geg:e in en ontrent het ondernomen en op den 6 xber:
1740 op eene ongehoorde wijse uijtgevoerde arrest, van drie
ord: Leeden uijt de representative souverainen deser Landen
&:a En aangesien die beijde reedenen soo vermeend werd
thans cesseeren enden gegijselden hian en moet geconsidereert
„weren tanquam de Criminibus attrocassimis convictus
et confessus, soo wind der rat:t off: vertoonden sig genecessi„
teert het voors: versoek in alle sijne deele te vernieuwen
e als nu volgens de Leere van Corpz: pv: Cr: gr: 111
W:s 39. 90 en 41 op gem: m:r willem Vinieurt Gelvetius weder„
om te versoeken miorcerate mitsgaders arrest inventari„
59
satie en sequestratie sijner goederen (:onderstont:) Jus facto
(:was geteekent) N:s Jongsma (:te: sijne kent) Jngedinti„
Batavia den 25 maart 1743
Den Raad op het berangene versoek disponeerende 9.
ontsegt het selve voor als nog en persiswat„
bij het dispoktieff van dese Rade vander to:
19 Jann: laastleeden (:en derstent:) Jnkennisse
van mij. (:was geteekent:) G:s schuijlenborg
s outs
Gextraheert uijt de Crimineele
rolle van den agtb: raad van Justitie
deses Casteels en accordeert
Batavia den 25. Maart 1743
baksteen
dd„k Geser Clenq
en"
NL-HaNA_1.04.02_2555_1040.xml,No: 29.
NL-HaNA_1.04.02_2555_1041.xml,"676
Maandag den 25en Maart 1743
present den Edelen Heere president Item
de heeren Raeden en Geassumeerde Leeden in
deesen excepto de heer Kien door Indis„
positie ende heer Vonglan in Commissie
na Cheribon.
Den Pre interim advocaat Fiscaal van Nee¬
:derlands India M=r Nicolaas Iongsma
vertoond hier neeven aan uEd: en agtb: met ver„
schuldigde eerbied de Artelen: door den gewesen
Gouverneur Gen: Adriaan Valkenier thans
's heere gedetineerde op den 6. 7. 8. en 9 deser be„
antwoord dog op zodanige wijse, dat de selve
op verre na niet voldaan heeft aan het disposi„
lijff van desen raade in dato 4=e bevoorens hier ne„
vens annex en Continerende een Condemnatie om
daar op Categorice dat is volgens Bort Tit 9.
N=o 6 en 7. en de ordre op de stijl van Procederen
art: 13 slegtelijk bij Iae off neen, waar van
uEd: agtb: 't Contrarie sullen vinden en art:ls 3,
4,8, 9, 62, 84, 85, 88, 89, 90, 91, 92, 93, 97,
98, 99, 107, 119, 122, 135, 137, 143, 158, 160, 203, 204
243, 244, 245, 246, 247, 248, 254, 255, 256, 257, 267,
272, en 290; soo dat den bovengem: fiscaal zig be„
voegd en genecessiteert vind bij desen gansch ernstigh
en Eerbiediglijk te versoeken dat uEd: Agtb:
op fondament soo wel van haar voorgem: disposi„
tijff als van de stijl en manier van proeed: den
gedetineerden gelieven te Condemneeren en te or„
donneren op de in deesen gespecificeerde artten:
nader"
NL-HaNA_1.04.02_2555_1042.xml,"nader en als nog bategorice te antwoorden—
Den Raad de G'Exhibeerde beantwor
:de en gerecolleerde artten: met aandagt
hebbende geresumeert en disponeerde op het
boven staande versoek ontsegt het selve
/:onderstond:/ In kennisse, van mij /was
get:/ G=s Schuijlenburg- secretaris.
Geextraheert uijt de Criminele halle
van den Agtb: raad van Justatie
deses Casveels en accordeert
Batavia datum ut Supra„
Hbaksteen
Ad„s Gesw: Clercq
ƒ"
NL-HaNA_1.04.02_2555_1043.xml,
NL-HaNA_1.04.02_2555_1044.xml,No: 30.
NL-HaNA_1.04.02_2555_1045.xml,"678
Maandag Den 25=en Maart 1743. —
Present Den Edelen heere President
Jtem de heeren Raden en geassumeerde
Leeden in desen sijnde De heer Kien
absent door Indispositie en de heer
Vanglan in commissie na Cheribon
Door den supp:t is aan den Raad gepresenteert het
Navolgende Regust met versoek als in 't eijnde van
dien
Mitsgaders
De verdere heeren leeden
in Den agtb: Raad van
Justitie deses Casteels
Edelen Heere en Agtb: heeren
Den in 's E: Comp:s boeijen gegijselt sitterde
coopman en gewesen gecommitteerde tot
Aan den Edelen heere
M:r Jacob Lakeman
Raad Extra ordinair van
Nederlands India en
President
En"
NL-HaNA_1.04.02_2555_1046.xml,"en overde saken van den inlander Ferdinand
De Roij, vind hem al wederomme tot sijn
smertelijk leedwesen verpligt ende ge„
„noodsaekt uEd: en Agtb: in allen eerbied
voortedragen ende ter kennisse te brengen
dat sijn huijsvrouw Maria Bax, sig de
desastres calamiteijten en ongevallen
van den zupp:t 't sedert sijne detensie
op een Extra ordinaire wijse ter herten
genomen en aangetrocken hebbende daar
door voor een wijle tijds bereeds in een
quijnende siekte is vervallen, welke van
dage te dage meer en meer toe neemende
den zupp:t en sijne familie met de graotse
reden voorswaarder en droeviger gevol„
„gen doet vreesen: alwaer omme hij zupp:t
sig dan bij desen andermale tot uEd: en
Agtb:s is keerende met oodmoedig versoek
en beede dat uEd: en Agtb: sig over des
suppts. arme en bedrukte vrouwen
kind ontfermend hem zupp:t soo alniet
navolgens sijn voorig gedaen versoek
uijt de gijseling gelieven te relaxeeren
immers ende ten minsten den selven
uijt 's E: Comp:s boeijen en in sijn huijs
in gijseling te verplaatsen, op dat den
zup:t"
NL-HaNA_1.04.02_2555_1047.xml,"680
Zupp:t daar door in staad mag geraeken
sijne siekte en kranke huijsvrouw de
verEijschte hulpe en bijstand te doen
Mitsgaders deselve in haare droefheijt
soo veel mogelijk op te beuren en ver„
ders sijne huijselijke saeken naer behoo„
„ren gade teslaen /:onderstond:/ 'T welk
Doende &:a /:was getekend:/ F:s D: Roij:
Den Raad op het boven gem: versoek„
disponeerende ontsegt het selve voor
als nog en persisteert bij het disposi„
tieff van desen Rade van den Vierden
deser maand /:onderstond:/ In kennisse
van mij /:was getekend:/ G:s Schuijlenburg
secretaris. —
G'Extraheerd uijt de Request
Rolle van den agtb: Raad
van Justitie deses Casteels
en accordeert. —
Batavia datum ut supra
Haksteen
Adr: Gesw: Clercq"
NL-HaNA_1.04.02_2555_1048.xml,No: 31.
NL-HaNA_1.04.02_2555_1049.xml,"681
Maandag Den 25=en Maart 1743: present den
Ed: heere president Jtem de heeren raden en geassu„
„meerde leden in desen zijnde d' heer sien absent
door indispositie en de heer vonglan in Commissie
na Cheribon
Door den procureur olij is voor ende van wegens den heer suppliant
aan den raad gepresenteert het onderstaande request en versogt
als in 't Eijnde van dien
Aan den Wel Edelen heere M=r
Iacob Lakeman raad Extra„
„ordinair van nederlands
India, en Preesident,
Benevens
De verdere heeren Leden inden
Edelen Agtbaren raad van
Justitie deses Casteels
Wel Edelen heere en Agtb: heeren
Geeft met alle respect tekennen Willem maurits
Bruijninck oud Eerste secrets, van haar hoog Edel=ns
de Edele hooge Jndiase regering deser landen dat des
suppliantes behuwt broeder Adriaan Valckenier
afgegaen gouverneur generaal thans op deses
casteels punt Robijn in arrest gestelt, door
successive indispositien zoodanig komt te verval
„len, dat hij debehulpsame hand van andere ten
uijttersten"
NL-HaNA_1.04.02_2555_1050.xml,"uijttersten benoodight heeft ende zijn hoog Edelh=
aldaer zonder acces van andere zijnde geplaets,
zoo werd hij zuppliant om vooren geallu„
„geerde redenen genoodsaekt van zigh de moe
„diglijk te addresseeren tot uwel Edele en agtb:
nogmaels onderdanigst versoekende, dat
uwel Edele en agtb: aan bem supp=: goet
gunstiglijk gelieven te verleenen acces
voor zoodanigen tijd als uwel Edeleen
agtb: zullen gelieven te accordeeren
Eenelijk en alleen maar om zijnen voorsz
behuwt broeder in zijn Ellendigen staet
te ondersteunen ende behulpsame hand
te verleenen, waar op hij suppliant
uwel Edele en agtb: favorable dispositie
is implorerende :/ onderstond quo facto A:o
was getekent:/ J:s J: olij ter zijde stond gepre„
senteert den 25=en maert a:o 1743.
den heer prointerim advocaet fiscaal m:r nicolaa
Jongsma op het vorenstaande versoek geboort zijnde
consenteert int selve
Den Raad op het bovenstaande versoek
disponeerende accordeert het selve, verleent
dienvolgende aan den zuppliant acces
bij"
NL-HaNA_1.04.02_2555_1051.xml,"683
bij den geditineerden gewesene heere gouverneur
generael Adriaan Valckenier en zulx tot
nader dispositie :/onderstond:/ in kennisse van mij
was Getekent:/ G:s Schuijlenburg secrets:
Geextraheert uijt d' request
rolle vanden agtb: raed van
Justitie deses casteels en accord:t
Batavia datum ut suppla,
Dtaksteen
AdW: Geswr: Clercq
E
inde"
NL-HaNA_1.04.02_2555_1052.xml,No: 32.
NL-HaNA_1.04.02_2555_1053.xml,"684
Maandag den 25 Maart 1743.
present den Wel Edelen Heere President, item
de Heeren Raaden en geassumeerde Leeden
in desen, sijnde de Heer Kien absent door indispo¬
sitie, en de Heer Von Glan in Commissie na Cheribon
Van wegen den WelEd: Heere Suppl: is op heeden aan den
Raad gepresenteert het navolgende Request, met versoek
als in 't eijnde van dien.
Aan den Edelen Heere
Mr. Jacob Lakeman
Raad Extraordinair van Needer=
lands India en President
Benevens
De verdere Heeren Leeden
van den agtb: raad van Iu=
stitie dezes Casteels.
Edelen Heere en agtbaare Heeren.
Geeft aan UEd: en agtb: met verschuldigt respecit te ken=
nen Nicolaas Crul, raad Extraordinair van Nee=
derlands India, en Colonel van de Bataviase burge=
rije, dat den Heere Oud Gouverneur Generaal van
India Adriaan Valkenier voor desselfs ver=
trest van hier in den Iaare 1741. den Suppliant ne=
vens de Heeren Mr. Willem Vincent Helvetius
en Johannes van der Linde heeft geconstitueert
tot desselfs generale gemagtigdens, ten eijnde alle
zijn Ed: saken en affaires alhier te verrigten en
waar te neemen, mitsgaders teffens daarbij den
suppt. tot Cassa-houder en bovengen. Heer Helve=
tius"
NL-HaNA_1.04.02_2555_1054.xml,"tius tot bewaarder der chartres en papieren benoem
ende aangestelt, uijt welken hoofde den suppl: dan
ook wel de gedemandeerde Administratie der ingesta
mene penningen, en meergem: Heer Helvetius die de
voormelte Chartres en papieren hebben bekomen en da
lange behouden. Dan aangesien veelgemelte Heer
Helvetius tsedert ter ordre van desen agtb: raade in dez
selfs huijs in arrest off gijselinge is gezet, met interdutt
omme iets uijt sijn huijs te vervreemden ofte de maan
eeren, en er verscheijde obligatien en schuldbrieven ten
behoeve van bovengem: Heere Oud gouverneur General
Valkenier en ten laste van diverse Chineesen onder den
selven zijn berustende, welke den Supp=t om het regt van
sijn evengem: Principaal soo met het institueeren
van actie op de insolvente boedels van dees en geenen
der debiteuren, waar toe den Suppt. bereeds in sijn voorsz:
qualiteijt gedagvaart is, als andersins waar te neemen,
soo word hij genoodsaakt sig bij deesen aan VEdC: en agtb:
te addresseeren met eerbiedig versoek ten eijnde bovengm
Heer Helvetius mag worden gepermitteert, dan wel
gequalificeert alle de obligatien en schuldbrieven, welke
onder sijn E. in voors: qualiteijt ten voordeele van opge=
melte Heer Oud Gouverneur generaal en ten laste van
diverse Chineesen berustende zijn, aan hem q9 Suppt. aff
Onder stond Quo facto &=a, en was geteekend B. V.
Vliet, op sijde stond: gepresenteerd den 6 Maart 1743.
Den pro interim Advocaat Fiscaal Mr Nicolaas
Jongsma op het bovenstaande gehoord zijnde, conlem
teert in 't versogte.
te geven"
NL-HaNA_1.04.02_2555_1055.xml,"686
Den Raad op het bovenstaande versoek dispo=
neerende accordeert het zelve, qualificeert en
permitteert dienvolgende den gegijselde M=r
Willem Vincent Helvetuus als een mede
gemagtigde zijnde van den gedetineerden geweesen
ne Heere Gouverneur Generaal Adriaan
Valkenier alle sodanige obligatien en schuld brie¬
ven, als onder hem gegs. in voors: qualiteijt ten
voordeele van gemten Heere Adriaan Valkenier
en ten laste van diverse Chineesen berustende
sijn, aan den WelEdelen Heer qq Suppt. aftegeeven
Onder stond: In kennisse van mij, en was
geteekend G: Schuijlenburg secretr:
G'extraheert uijt de Request:-
rolle van den agtb: raad van Justitie
deses Casteels & accordeert
Batavia datum ut Sapra
Hbaksteen
Ad' esre Clercq
an
der
elk
1743.
conle"
NL-HaNA_1.04.02_2555_1056.xml,"Request
Suppl:
den Edelen Heer Nicolaas
Crull.
No: 33."
NL-HaNA_1.04.02_2555_1057.xml,"687
Maandag Den 25: maart A:o 1743
Present den wel Edelen heere Praesident Item de
heeren raden en geassumeerde leeden in Desen zijnde
de heer Kien absent door Jndispositie ende heer
Vonglan in Commissiena Cheribon
heden door den gegijselde Ferdinandus De roij, sijnde
gepresenteert Een request en daar bij versogt dat hij mogte
werden ontslagen uijt sijne gijseling immers ende
ten minsten uijt sComp: boeijen in desselvs woning in
gijseling verplaast, soo heeft daar op den heer prointerim
advocaat fiscael gesustineert onder Eerbiedige correctie
dat hij om redenen hem daar toe moveerende en desen
rade bekend de vrijheijd quam te gebruijken om nopens
het voorsz: versoek der gegijselde desen rade haar g'Eerde
dispositie soude affwagten van welk, vorenstaande
wierd goed gevonden dese aantekening te houden, onder„
stond in kennisse van mij was geteekent G:s Schuijlenburg secret:
4' Extraheert uijt het memorial van den agtb:
raad van Justitie deses Casteels en accordert
batavia Den 1 april anno 1743
baksteen
E Adj„ Gesw: Clercq"
NL-HaNA_1.04.02_2555_1058.xml,
NL-HaNA_1.04.02_2555_1059.xml,
NL-HaNA_1.04.02_2555_1060.xml,No: 34.
NL-HaNA_1.04.02_2555_1061.xml,"688
Maandag den 25„e Maart 1743.
Present den Edelen heere president item de heeren
Raden en g'assumeerde Leeden in desen Excepto
de hier Kien door indispositie sijnde de heer vonglaen
incommissie na cheribon.
van wegen den gegijselde en gesuspendeerden advocaet
fiscaal m:r Cornelis phillips heden aan desen raade gepre„
senteerte zijnde seker ampel request in sig vervattende diverse
onderscheijdene versoeken en op gevult met veele aanstotelijk
bewoordinge en notoir en waerheeden soo is nadat den heer
prointerim advocaet fiscaal hier op was gehoord verstaan,
het selve op zijn versoek testellen in zijn handen om
dier wegens ten spoedigste sig te declareeren /:onderstond:/
in kennisse van mij /:was Getekend:/ G„s Schuijlenburg selret:
t'Extrabeerd uijt het memoriael van
den agtb: raad van Justitie deses Casteels
en accordeert
Batavia datum ut supra
JHaksteen
Ad d„ Geser Clercq"
NL-HaNA_1.04.02_2555_1062.xml,"S133
123
N138
1750
0
B
1100
8
voir
eet neg
106
8
1
1
1
5
1
1"
NL-HaNA_1.04.02_2555_1063.xml,
NL-HaNA_1.04.02_2555_1064.xml,No: 35
NL-HaNA_1.04.02_2555_1065.xml,"689
Woensdag den 27:' Maart 1743
Present den Edelen Heere Praesident, item de
heeren Raden en Geassumeerde Leden in desen
excepto de Heer Kien door indispositie, en de
heer von Glan in Commissie na Cheribon
Van wegen den suppliant is op den 25: deser aan den Raed gepre„
senteert het navolgende request en versogt als in 't eijnde van dien
Aan den Edelen Heer
M: Jacob Lakeman
Raed extra ordinaris van In¬
dia, en President
mitsgaders
De verdere Heeren Leeden
in den Agtb: Raed van
Iustitie deses Casteels
Edelen en Agtbare Heeren!
Gaft reverentlijk te kennen M:r Cornelis Ril„
lips, bevorens ordinaris Lid in desen Agtb:
Rade, dog naderhand buijten sijn weten of toedoen
tegen sijne zin en inelinatie den 17: november
1738. uijt het vaderland aanbeschreven als verko„
ren en aangestelt tot Advocaat Fiscael van
India, dat hij suppliant volslagen en onbewust
van
1"
NL-HaNA_1.04.02_2555_1066.xml,"van eenig Crimen, Jaselfs van een sceleris amimus
ofte van de minste intentie delinquendi sijne gehe¬
le levenstijt door, tot sijne innerlijke sielssmerffte
en sonder te mogen weten waarom ofte waar over
op den 11:' Julij des gepasseerden jaars heeft moeten
hooren de aansegginge, dat hij uijt ordre der Edele
hoog agtb: heeren Majores in Patria van sijn
ampt of Fiscalaat bij provisie wierde gesuspen„
deert, de water fiscaal van Panhuijs het selve
in middels soude waarnemen en de suppliant ten
spoedigsten van de daer toe specterende papieren een
behoorlijk transport moeste in gereetheijd brengen,
gelijk dese overdragt door hem aan Mr: Nicolaes
Jongsma, die eerst een week daar na of den 18.
d:o pro interim in sijne plaatse aangestelt, en den
19 beeedigt was, al den 24. derselver maand is geschied
en volbragt gewerden, schoon de notul van desselfs
electie den suppliant, daar om gevraagt hebbende,
voor als d wierde en tot heden toe blijft gerefu„
seert: dat hij suppliant, geen heller of penning,
revenue ofte inkomen, nogte eenen enkelend uijt
Intressen te trekken hebbende, ende doen mede van
encolumenten en kostwinninge berooft sijn, een
geruijmen tijt van drie maanden ii agt dagen dus
van den hogen boom af terende, gelopen en onderen
tusschen alles waar uijt de quaadaardigheijd deser
bedorvene eeuwe eenig fenijn soude mogen Zuijgen
soigneuselijk geeviteert, ja om die reden selfs sig
van sijne onnodige rijtuijgen en paarden niet ontdaen
nemaar ook de favorable en hem sterk aangeraden
werdende propositie van buijten in sijns vrouwe -verhoo„
moeders"
NL-HaNA_1.04.02_2555_1067.xml,"6e94
moeders thuijn welke ledig stonde en een lageabel
huijs, stal en wagenhuijs hadde voor niet te gaan
woonen, cordatelijk van de hand gewesen heeft gehad
Alsoo hij dan teffens sijne meubilen, daar genoegsaam
alleen sijn Capitaal in Consisteert, gedeeltelijk soude
hebben moeten verkopen en te gelde maken ofte elders
doen bewaren, welk een en ander hij voorsag door onbe„
zuijsde animeuse menschen, die gemenelijk in eens
anderens verdriet inwendig sig verheugen, en het
selve soo veel doenelijk doorgaans soeken te aggraveren
op het vuijlaardigste geinterpreteert te sullen werden
dat of wel mits dien absolutelijk vertrouwt wierde
geene aanleijdinge, schijn of grond tot eenig nadelig
vermoeden te practiseeren of overgebleven wesen
en de suppliant ook bij niemant gereputeert was ofte
ergens door gehouden konde werden voor capabel
om te willen sijne persoon met de vlugt de Justitie
onttrekken en sijne goederen en papieren malafide
versteken, nochte insgelijks voor soo omnosel ofte
tot dat hij, sulx oijt in den zin gehad hebbende,
een rond vierdendeel jaars, en meer soo veele daer
toe bequame gelegentheden, als er mogelijk wel
sijn geweest, soude negligeeren, over het hooft laten
waijen en alles even tranquiel afwagten; dit te
samen evenwel den prointerim officier geensints
heeft kunnen beletten om den 3: october laastleden
nadat den tweeden dag bevoorens de eerste getuijgen
pas waren ondervraagt, seer schielijk en hals over
kop /:wegens ijetwes, dat over twee jaren gebeurt,
bij een jgelijk bekend, dog door geen moeder ziel
ƒ:2.
voor qualijk gedaan aangesien was :/ in weerwil
van
inus
gehe„
agen
en
ser
gen
ders
schoo.
de"
NL-HaNA_1.04.02_2555_1068.xml,"van het unaniem gevoelen aller Rechtsinnige
schrijvers, te vinden bij Bort in sijn tractaat van
Crimineele zaken p:r 2: tit: 5. n:o 3. 5. 14. 15. 16. en 43.
te doen opkomen met diverse sanglante, mitsg:s
eer en Crediet in den hoogsten graat sugillerende
versoeken, sonder dat het den suppliant heeft mogen
gebeuren dat provisien van dien aart hem slegts een„
maal voorgehouden sijn gewerden, wanneer appa„
rentelijk wel souden wesen gepraevenieert de twee
daer op gevolgde en voor den suppliant onherstelbaer
fatale dispositiven of apostillen deses Raeds van den
selven 3 october, die soo heet alsse van den rooster
quamen hem, denkende met sijne familie het mid„
dagmaal te gaan houden, vrij wat plotselijk sijn
geinsinueert, de appeteit tot andervoetsel wel heest
aan alle deeden verdwijnen en volgens welkers
teneur hij (:sonder, op sijne instantige requisitie
Copia, visie, of lecture daer van en van de schrifte„
„lijke voordragten waar op die waren gevallen en gede„
cerneert ofte selfs /:niet tegenstaande de heere
van genoemde Bort dicto tractatie Criminali
2. deel. rit: 5. n:o 48:/ tot sijne narigtinge en ob„
servantie, afschrift van de Exploicten te mogen
erlangen, het welk alles, na gedane relaas, mede
voor als nog wierde ontsegt en gedenegeert :/ op„
stonts is in sijne wooninge, buijten eenig acces
anders als van bloedvrinden, in gijselinge genomen,
door een Deurwaarder en Clercq binnens huijs,
item twee dagen later ook door een Soldaat als
Santinel voor de deur bewaart, ende hem de
alienatie"
NL-HaNA_1.04.02_2555_1069.xml,"643
alienatie sijner goederen en /:N: B: papieren gein„
terdiceert, even of hij bereijds geconvinceert stonde
de abominabelste schelmstucken geperpetreert,
ofte als een Landverrader heijmelijke corresponden
tien met vijanden gehouden te hebben, mitsgaders
daerom in't geheel verder niet te betrouwen ware¬
ende sijne manuscripten selfs versekert en door
snuffelt behoorden te werden: dat de suppliant
in verscheijde onbeschrijfelijke geactumuleerde
triste circumstantien, rijkelijk sufficient om den
allerhardvogtigsten: van Chagrijn te Consumeeren,
voor eerst wederom op vijff dagen na drie andere
volle maanden heeft moeten sitten suchten, en sijne
gulde vrijheijd ontberen, sijnde niet eerder dan den
29. december jongst afgeweken, door een suppoost
van uwEd: en Agtb: in sijne wagen geaccompag„
neert, na het stadhuijs gehaeld om op articulen te
antwoorden, waar toe hij, hoe zeer maer een gegij„
selde, more solito in auditus, soo wel als tot deselve
ve Gijselinge buijten eenige Citatie /:welke nogtans
volgens Gemelden Bort tract: crim: p: 2.
tit: 5. n:o 7. et D: D:, ibi adductos, sonder nulli„
teijt niet onderlaten en kan werden, etiamsi de„
lictum fuerit notorium :/ en sulx met af„
suijdinge der faculteijt van dien aangaande door
versetten, mitsen of reserven sijne belangen te
hebben kunnen voorstellen, de planissimo al
was gecondemneert: dat hij suppliant niet on„
kundig van sommiger gevoelen, dat men door soo
danig reppondeeren telle quelle in Judicem
Consenteren
tie
de"
NL-HaNA_1.04.02_2555_1070.xml,"Consenteren, en sig omtrent de sake selve inlaten
soude, ende niet te min alle toegangen om dese„
consequentie te kunnen afsluijten, speciaal in sijne
ignorantie en onsekerheijd waar op n off waar
over hij stonde te werden geinterrogeert, voor hem
toegesloten vindende, als ene eenige Tescource
adjuris sui conservationem wel heeft getragt,
te emploijeeren het middel van op de eerste vrage
te doen dicteren, dat de voorsch: sententie, hoe die
ook zij, daer leggende, hij notoir moeste obedienen
en het selve ook intrepidelijk na waarheijd doen
zoude, behoudens nogtans alle Exceptien en defen„
sien, ende onder expresse protestatie van hier
door niet te willen verstaan werden enigen Bech¬
ter erkent ofte de minste actus van litis contes„
tatie gepleegt te hebben nopens het principale
werk, t welk hij nog niet en wiste waer in ge„
legen wesen soude, alsoo min als wie daer inne¬
het zij als getuijgen off andersints geconcerneert
raken mochte; dog dat hem selfs dit forte en
ferme gecontradiceert en, na een poos te hebben
buijten gestaan; ook al in barba is afgeslagen
onder denunciatie, dat er een separaat aante
keningetje van stonde te werden gehouden, t gunt
hij nooijt heeft gesien nogte seggen kan of het er
is, wat dies contenue sijn, ofte in welke bewoon„
dingen sulx geconcipieert wesen mag: dat het op„
gemelde examen dan voortgegaan en afgelopen
sijnde, de suppliant door het geseldschap als boven
na sijne wooninge gereconduiseert, en den 14:'
Januarij"
NL-HaNA_1.04.02_2555_1071.xml,"695
Januarij deses jaars, of sestien dagen daar aan
wederom van het eijgenste honorabel eescorte na
de Raedkamer en finito opera, te rug gebragt
is gewerden, wanneer hem de meergewaagde po„
ineten met het van sijne sijde op deselve respectivelijk
ter nedergestelde bij wege van recollement nader
sijn voorgelegt, sonder dat ter dier tijt heeren
Commissarissen (:die simpelijk offreerden bij den
Raed te insteren ten eijnde drie a vier Juffrouwen, des
noods een notaris en getuijgen tot sijne sieke en
doodswakke Ega mogte werden toegelaten: / voor
het overige begeerden eenige verdere speciale, den
suppliant of sijne zaak betreffende, versoeken
te doen aantekenen, omme in de forme van een
notul of rapport sijnent wegen UEd: en Agtb:
te werden voorgedragen, renvoijeerende hem
daer mede direct na de vergaderinge selve: dat
de suppliant mits dien op even genarreerde wijse
verhoort en gerecolleert sijnde, maar nog niet
kunnende beseffen, waar in ofte waar uijt men
sijn pretens wan bedrijff soude poogen te stellen
doen bestaan ofte halen om sijn verdrietig arrest
verder te willen proteaheeren, mitsgaders sig
imaginerende dat er geene redenen van het ge„
prohibeerde liberbesoek meer resteerden, nog te
sijne goederen etc: als aan niemand wegens knevla„
rijen off afperssingen, veel weijniger aan dE: Comp:
voor eenig te kort gekomene off onwettig in haar
E: prajudicie gepercipieerde verbonden wesende,
langer konden werden belemmert, vervolgens
met geen ander vooruijtsigt heeft geleeft dan dat
of
t
arij"
NL-HaNA_1.04.02_2555_1072.xml,"of in sijne parthije ten minsten een greintje ceasuiaet
soude huijsvesten om de door sijn toedoen geaffligeerde
pro re nata weder ten spoedigsten te supleveren,
ofte uEd: en Agtb:, die alles buijten of agter den sup„
pliant om geaccordeert en besloten hadden, hem
suppliant ook ex officio, quod bonus Judex imper¬
titur etiam non rogatus wel soude hebben op vrije
voeten gestelt en van sijne beswaarnissen ontheft
soo ras haar E: E: uijt de bloote nalesinge sijner
gequalificeerde, gecircumscribeerde en ons plitsbare
Confessie ware gebleken, dat door hem bij de hagche„
lijke conjuncturen van october 1740. niets was gedaan
ter quadertrouwe, doleuselijk of met bedoelinge van
te pecceren, maar alleen ten besten van stad, mede
Christenen en Colonie, ende voorts uijt kragte der be„
komene ordres welke geadvoueert sijn, ad suffici„
entiam schriftelijk Consteren en die hij na alle Rech„
ten, bij uijtstek in dit land van subordinatie en de
saken, soo als doenmaels, geschapen staande, konde,
mogte, en ook noodsaekelijk moeste parëren; dog
dat bij den suppliant dien geexpecteerden uijtslag sijner
gerepte alternative hope nog digt bij de drie conseluti„
ve nieuwe maanden sijnde verbeid, maar geene daer
na sweemende demarches ofte bewegingen, nogte
eenigen voortgang met hem ontwaart werdende, en
de eenvoudige idee selfs in sijne herfsenen niet wil„
lende vallen dat uwEd: en Agtb: sijne geheele de„
fensie, ofte het Recht, 't welk door hem nog nimmer
is of heeft kunnen werden geallegeert en waar uijt
hij sig in staat bevind opportuno tempore et loco
aan te tonen"
NL-HaNA_1.04.02_2555_1073.xml,"69
697
aan te tonen nergens in gesondigt te hebben, bij avan
ce soodanig ten sijnen nadeelen souden interpreteren
en decideeren, dat er nopens hem al datelijk soude
werden gesupponeert en gefixeert een deliet van die
natuur om sijne persoon te mogen bij Continuatie
„
detineeren en met extraordinaire proceduuren
aan boord komen /: als 't diametro strijdig met
de doctrine der gerenomineerdste Criminalisten
en daer onder van bovengeciteerden Bort in sijn meer„
gemeld tract: crim: parte 2. , tit: 7 n:o 40. tot 47.
inoluijs, nec non n:o 51. bs 66. en 67, gevende van het
een en het andere de redenen tit: 8. n:o 9. en 12. in fine,
tit: 9. , W:o 25. 26. 43. en 45, juncto dicto tit 7. n:o 38. in
medio, versu: maar en vermagetc::) hij suppliant door
de onophoudelijke Jnstigatie sijner vermaagschap ten
en de verbintenisse, welke op hem als een ijverig, en
welmenend huijsvader is leggende, ten langen laatsten
gedrongen werd sijn best te doen om de totale met
groote schreden aannaderende ruine en in den grond
helpinge van sig selven, sijne onbesproke wederhelfte
en onnosel kint met alle vermogens te ontworste„
gen, de daar toe aangelegde beginselen weder van sijnen
hals quijt te raken, en de verdere prostitutie van
sijn verkregen aansien, soo veel in hem is, voor te
komen
C
Alwaaromme de suppliant sig keert tot desen
Agtb: Raade, reverentelijk versoekende vooreerst:
ontslag uijt sijne voorsz: Gijselinge, welke, na een
praecedent suspens van drie maanden al zedert
den 3: october des voorleden jaars met dies annexen
geduurt
ht
eerde
setuti„
d
t
en
en
-
-"
NL-HaNA_1.04.02_2555_1074.xml,"geduurt heeft; wijders: opheffinge der doenmaels
mede geconcedeerde nophen empechementen, soo
nopens het vrij actes bij en tot hem, als ten respecte
sijner goederen en papieren; en ten derden: uwEd: en
Agtb:s ordres aan den prointerim Advocaat Fis„
caal M:r Nicolaas Iongsma om, ijetwes op den
suppliant vermeijnende te seggen te hebben, sijne actie
des wegens te institueeren ordinario modo bij simple
dagvaardinge, op dat hij suppliant daer tegens sijne
defensie per procuratorem doen en van eene per
soneele Comparitie op de publicque rolle bevreijd
blijven mag, het welk /:teste laudato Bortio: tract:
Crem: p: 2. tet: 5. n:o 44. 45. 47. 74. en 75. z:o loco,
„passin
alibiquee:/ bij den Rade Provinciael en Ho„
„gen Rade in Holland dikwils is geemploreert
en toegestaan ob dignitatem accusatoreur, ad
evitandam citationis personalis in famiam
/: apud bonos saltem et graves viros:/, Cupus
notee nunquan ita in posterum tolli possumt,
quin remaneant quadam reliquia ut cica„
trices sanatorum: vulnerum; mitsgaders eijn„
delijk: Copia authenticq der notul van voornoemde
Jongsma 's verkiesinge, item van alle de vorderinge
reqúesten en libellen, tegens of in opsigte vanden
suppliant gedaan, gepresenteert en ingedient met
de successive des aangaande gevallene gehoudene dis¬
„positiven, appostillen, decreeten, appoinctementen,
aantekeningen en dies exploicten of executien, als
mede van des suppliants reserve en protest ten tijde
doen hij moeste andwoorden, gelijk ook van de
articulen"
NL-HaNA_1.04.02_2555_1075.xml,"699
articulen en poincten, welke hem suppliant sijn
gevraagt en desselfs hier op toegepaste responsiven
soodanig hij die in het eerst gegeven en vervolgens
bij recollement geamplieert heeft; als kunnende
sulke afschriften /: Juxta eundem: Bortium pra„
fato tract: Crim: pag: 2. tit: 5, n:o 49. tit: 7, a
no 11. ad 23 in Clusive, en n:o 71, ac etiam tit: 9.
n:o 28. et ubique ab es allatos Auctores:/ aan
niemand, soo dra hij verhoort„ en gerecolleert is,
langer werden Redisputeert ofte geweijgert.
/:onderstond:/ quo facto etc: /:getekent:/ Corn:s
Phillips. /:ter zijde stond:/ G' Exhibeert den
25:' maart 1743. —
Den Raad als nu op het bovengem: ver„
soek disponeerende verleent aan den gegijsel„
de M:r Cornelis Phillips Copias, soo
van sijne beantwoorde en gerecolleerde articu„
len, als van de mandamenten van Gijseling en
interdictie tegens het veralieneren sijner
goederen, mitsgaders van het appoinctement
waar bij hij gegijselde is gecondemneert op
de voorsch: articulen Categorice te antwoorden,
Ontsegt het verder versogte, en inter„
diceert wijders den Gegijselde in den
aanstaande diergelijke aanstotelijke re„
questen weder in te dienen. /:onderstond/
In kennisse van mij /:getekent:/
G:s Schuijlenburg
te"
NL-HaNA_1.04.02_2555_1076.xml,"J:s Schuijlenburg Secrets:—
G'Extraheert uijt de request rolle
van den Agtb: Raed van Justitie
deses Casteels en accordeert:
Batavia datum ut supra
Jtansteen
Adss. Gesw: Clercq"
NL-HaNA_1.04.02_2555_1077.xml,
NL-HaNA_1.04.02_2555_1078.xml,No: 36.
NL-HaNA_1.04.02_2555_1079.xml,"701
woensdag Den 27:' Maart 1743.
Present Den Edelen heere President item
de heeren raden en geassumeerde Leeden in
desen Excepto de heer Kien door Indispositie
sijnde d' heer Vonglan in commissie na
Cheribon
Heden ingevolge het notulair besluijt
van den 25:' deser ingekomen sijnde het
schriftelijk declaratoir van den heer pro„
interim advocaat fiscaal m:r Nicolaas
Iongsma op ende Jegens het request door
den gegijselde m:r Cornelis Phillips
op den 25:' deser voorm: aandesen rade gepre„
senteert en teffens daar bij eenige contra
versoeken in het Eijnde van het selve declara„
:toir door gemelte heer proiiterim advocaat
fiscael m:r Nicolaas Iongsma sijn„e gedaen
Den prointerim advocaat fiscael van India
op het bovenstaende request gehoord sijnde segt,
dat hij, alvoorens sig op de menigte der versoe
:ken aan het Eijnde vandien gedaan te verkla„
ren, uEd: en agtb: ter kennisse moet brengen
dat hem, buijten en behalven diverse bespot„
„telijke en seer mal applicable uijt drukkin„
:gen en raisonnementen, het selve request
niet alleen ten reguarde van hem fiscael, maer
selvs ook ten opsigte van uEd: en agtb:s soo in de
:cent soo sugillant en soo calummeus te
vooren koomt, dat het versoek voor eenige
weijnige Jaaren door den fameusen Ioan
De Mauregnault aandesen rade gepresen
„teert, E't quod notandum ten principalen
den persoon vanden supp: diestijds nog ord:s Lid
in desen raade, en volgens secure tijding aen
gestelde advocaat fiscael tot desselvs imperti„
„nent doelwit hebbende, en doorden scherpregter
in sijn presentie aanstucken gescheurt, daer
bij niet eens te passe koomt, soo als dat uijt
de.
:"
NL-HaNA_1.04.02_2555_1080.xml,No: 36.
NL-HaNA_1.04.02_2555_1081.xml,"701
Woensdag Den 27:' Maart 1743.
Present Den Edelen heere President item
de heeren raden en geassumeerde Leeden in
desen Excepto de heer Kien door Indispositie
sijnde d' heer Vonglan incommissie na
Cheribon.
Heden ingevolge het notulair besluijt
van den 25:' deser ingekomen sijnde het
schriftelijk declaratoir van den heer pro„
interim advocaat fiscaal m:r Nicolaas
Iongsma op ende Jegens het request door
den gegijselde m:r Cornelis Phillips
op den 25:' deser voorm: aandesen rade gepre„
senteert en teffens daar bij Eenige contra
versoeken in het Eijnde van het selve declara„
:toir door gemelte heer promterim advocaat
fiscael m:r Nicolaas Iongsma sijn„e gedaen
Den prointerim advocaat fiscael van India
op het bovenstaende request gehoord sijnde segt,
dat hij, alvoorens sig op de menigte der versoe„
:ken aan het Eijnde vandien gedaan te verkla„
ren, uEd: en agtb: ter kennisse moet brengen
dat hem, buijten en behalven diverse bespot„
„telijke en seer mal applicable uijt drukkin„
:gen en raisonnementen, het selve request
niet alleen ten reguarde van hem fiscoel, maer
selvs ook ten opsigte van uEd: en agtb: soo in de
:cent soo sugillant en soo calumneus te
vooren koomt, dat het versoek voor eenige
weijnige Jaaren door den fameusen Ioan
De Mauregnault aandesen rade gepresen
„teert, E't quod notandum ten principalen
den persoon vanden supp: diestijds nog ord:s Lid
in desen raade, en volgens secure tijding aen„
gestelde advocaat fiscael tot desselvs imperti„
„nent doelwit hebbende, en doorden scherpregter
in sijn presentie aanstucken gescheurt, daer
bij niet eens te passe koomt, soo als dat uijt
de."
NL-HaNA_1.04.02_2555_1082.xml,"de archiven ter secretarie berustende soude kunnen
consteeren, sonder dat het nodig sal wesen om te
treden tot een detail van al het aenstotelijke en
malitieuse van desen tot nog toe na gedagten
vande vertoonde veel te gratieus ofte discreet
behaudeliden ge gijselden, kunnende alleen en
onder andere tot een staaltje of twee dienen, het
gene in't begin van desesde bladsijde, verbisson„
:der dat ter dier tijd heeren Commissarissen &:a op een
gansch leuge nagtige en choquante wijse, en voor„
een weijnig verder verbis ofte in sijn partij &c=a
ten nadeele van des rat: off: vertoonder Eeven
Fatsoen en met een openbare in simulatie
wegens uEd: en agtb: pligt versuijm ten requeste
ter nedergesteld is, om alle welke en meer ree
:denen den gem: fistael niet twijffelt, of uEd: en
agtb: sullen tot defensie van haere personen enin„
:desen gehoudene conduites met het uijtterste re„
:sentiment en indignotie aengedaen, enmede
geinclineert sijn, om den vertoonder insijn
teeder en moeijlijk ampt door haer selve aen hem
op een seer honorabele wijse gedefereert tegens
de in sultes van den gegijselde kragt dadig en Ex„
emplaerlijk mainctineeren, voorts denselven
gegijselden straffen, corrigeeren of muliteren,
mitsgaders over de ingredienten van het requeest
soodanig disponeeren als verstaan sullen te be„
:hooren,.
bndies alles onvermindert ingevalle uEd:
agtb: des niet tegenstaende op de versoeken sou„
:den gelieven te disponeeren soo concludeert
den prointerie fiscael tot ontsegginge vande
drie eerste, en ten reguarde van het laeste of vier„
:de versoek, als contineerende diverse poincten
verklaert hij eenelijk in de copiële afgave
der beandwoorde articulen en vraag poinc„
„ten, als mede vandes supp:t soo genoemde
reserve en protest te consenteeren, dog sustineert
dat het verdere als te generaal en sonder spe„
cifique opgave absolut behoorde ontsegt
te werden: wijders contra versoek doende op
fundament vande redenen enmiddelen
bij nevens gaande dispositiven van gijseling
en"
NL-HaNA_1.04.02_2555_1083.xml,"763
en interdictie mitsgaders de beandwoorde en ge„
recolleerde articulen door de gew: gouverneur
generael Adriaan Valckenier waarbij deselve
Expres ontkent aan de gijselde ordre tot de cruel„
:le massacre in de boeijen gegeven te hebben
item de door de gijselde insgelijx zedert sijne
gijselinge beandwoorden en gerecolleerde
vraagpoincten, waarbij deselve nopens de
voorsz: massoere in confesso is soo versoekt de
prointerim fiscoel als nog corporeele appre„
:hensie en in corceratie op de persoon, mitsg:s
inventarisatie en sequestratie op de goede
goederen vandesen gegijselde
Soo is nadies exacte resumptie en overweging—
van het nodige bij desen rade verstaen deselve Con„
:tra versoeken te ontseggen voor als nog, onder„
stond / inkennisse van mij, was getekent, G=s
Schuijlenburg secrets:; —
Geextraheert uijt de Crimineele
rolle vanden agtb: raad van
Justitie deses Casteels & accordeert
Batavia datum ut Sopra
E
J: baksteen
ad„n Gesw: L berief
J
.
-"
NL-HaNA_1.04.02_2555_1084.xml,No: 37.
NL-HaNA_1.04.02_2555_1085.xml,
NL-HaNA_1.04.02_2555_1086.xml,
NL-HaNA_1.04.02_2555_1087.xml,
NL-HaNA_1.04.02_2555_1088.xml,
NL-HaNA_1.04.02_2555_1089.xml,
NL-HaNA_1.04.02_2555_1090.xml,
