filename,text
NL-HaNA_1.04.02_3142_0001.xml,
NL-HaNA_1.04.02_3142_0002.xml,
NL-HaNA_1.04.02_3142_0003.xml,
NL-HaNA_1.04.02_3142_0004.xml,Co
NL-HaNA_1.04.02_3142_0005.xml,"Sesde Deel
2035. a 2039 Aankomende brieven van Iaffenapatnam zeedert
1 May tot 19 Octobr. 1765.
2040 „ 2044 afgaande brieven naer Iaffenapatnam zeedert d
8 July tot 28 Decbr. 1765
„ 2052 Aankoomende brieven van Galen zeedert, april
tot 24 Decbr. 1765.
„ 2061 afgaande Brieven na Galen zeedert 30 Jan: tot 23 Decb:r 1765
2062 „ 2074 aenkomende brieven van manaer zeedert 29 xb:r 1764 tot 24 xb:r 1765.
„ 207 9 vr afgaande brieven na manaer zeedert 12 8b:r tot 18 Decb:r 1765
„ 2119 Aankomende brieven van mature zedert 2 Jan: tot 27 xb=r 1765
„ 2139 afgaende brieven na Mature zeedert 5 Jan: tot 23 xb=r 1765
„ 2144 Aankomende brieven van Chappetti, zeedert 22 maert tot 3 xb=r 1755
„ 2146 Afgaende Brieven na kalpetty zeedert 27 Maert tot 30 xbr 1765
„ 2281 Aankomende brieven van Tutucoryn Zedert 21 April tot 22 xbr: 1765
„ 2288 afgaande brieven na Tutucoryn zeedert 31 May tot 15 Decb:r 1765
„ 2297 D=o brieven na Kilhare zedert 5 Jan: tot 18 Octob=r 1765
„ 2306 Aankomende brieven van Cochim zedert 24 xbr 1764 tot 25 8br 1765
afgaande brief na Cochim in dato 12 Jan: 1765
2308 „ 2334 aenkomende brieven van Trinconomale zeedert 15 xbr 1764
tot 20 8br 1765.
2335. „ 2339 afgaande brieven van Trinconomale zeedert 31 Jan
tot 25 8br: 1765
„ 2355 Aankomende brieven van nagapatnam zeedert 18
febr. tot 22 Decbr: 1765
„ 2362 Afgaande brieven naer nagapatnam zeedert 10 April
tot 10 Octobr 1765.
Register der Brieven en Papie¬
ren overgekomen van Ceylon
2045
2053
2075
2080
2120
2140
2145
2147
2282
2289
2298
2307
„
2340
2356
Cole L s
1766"
NL-HaNA_1.04.02_3142_0006.xml,
NL-HaNA_1.04.02_3142_0007.xml,
NL-HaNA_1.04.02_3142_0008.xml,
NL-HaNA_1.04.02_3142_0009.xml,6 Cailons Ob„r 1766
NL-HaNA_1.04.02_3142_0010.xml,
NL-HaNA_1.04.02_3142_0011.xml,
NL-HaNA_1.04.02_3142_0012.xml,
NL-HaNA_1.04.02_3142_0013.xml,"6 Ceyl=s bb=r
Aangekoomene Brieven
Jan
Jafsenapatnam
No
No 6."
NL-HaNA_1.04.02_3142_0014.xml,
NL-HaNA_1.04.02_3142_0015.xml,
NL-HaNA_1.04.02_3142_0016.xml,
NL-HaNA_1.04.02_3142_0017.xml,"2035
Kolombo.
Aan DE: Achtbaare Heeren.
Anthonij Mooijaert en
Marten Rein.
Kommandeurs van de commandementen
Iaffanapatnam en Candia
Benevens DE:s Leden van het geheime Committe
E: Achtbaare Gebiedende
Heeren
Van Trinkonomale bij brieve van 49=e
April onderregt zijnde dat den ge„
vlugten kandiasen vorst zig in
een Bosch te welletje op een berg zoude
onthouden en g'intentioneerd weezen,
zendelingen na de Cust Cormandel te
depecheeren zo hebben niet kunnen afzijn
maar van onze pligt g'agt uw achtb:
onder toezending van de hier nevens ge„
voegde Copia van gemelte Missive daer
van vereischte kennisse te geeven met
bijvoeging"
NL-HaNA_1.04.02_3142_0018.xml,
NL-HaNA_1.04.02_3142_0019.xml,"2035
Kolombo.
Aan DE: Achtbaare Heeren.
Anthonij Mooijaert en
Marten Rein.
Kommandeurs van de commandementen
Iaffanapatnam en Candia
Benevens DE:s Leden van het geheime Committe
E: Achtbaare Gebiedende
Heeren
Van Trinkonomale bij brieve van 29=e
April onderregt zijnde dat den ge„
vlugten kandiasen vorst zig in
een Bosch te welletje op een berg zoude
onthouden en g'intentioneerd weezen,
zendelingen na de Cust Cormandel te
depecheeren zo hebben niet kunnen afzijn
maar van onze pligt g'agt uw achtb:
onder toezending van de hier nevens ge„
voegde Copia van gemelte Missive daer
van vereischte kennisse te geeven met
bijvoeging"
NL-HaNA_1.04.02_3142_0020.xml,"bijvoeging dat op den ontfangst dier
Missive na de onderhoorige posten bij
herhaalinge gelast hebben een wakend
oog zo wel op de aankomende als ver„
trekkende perzoonen tehouden en daer
door ook alle Correspondentie voor te
koomen of te agterhaelen.
waarmede de Eere hebben, ons tenoemen
onderstond E: Achtbare Gebiedende
Heeren uw E: Achtbaaren onderdae„
nige en Gehoorzame Dienaeren was
getekend N:n A: Lebek H Hoger„
waerd J: Herthum M: van Hek A:
wierman J: Panneel en C: f: Schreu
der in margine Jassanapatnam den
1. ' Maij Anno 1765. —.
Den tijd mids het doorstaan der Z: w:
mousson verscheenen zijnde om de be
kruijsing bootsen punto pedro
tot Jrinkonomale langs de wan„
lliasse staanden te laaten doen zoo
om aen die kant alle smokkelarijen
te beletten als een wakend oog te hou„
den op de beweeginge van het kan„
Aen als vooren
„diasche"
NL-HaNA_1.04.02_3142_0021.xml,"2036
Kandiasche Hof ter zaake van het
geen de tuinkonomaelse bediendens
bij hun secreet schrijven van 19=e April
bezijden
Jongst Leeden waar van bij deezen onze
aparte letteren van 1=e Maij de Eege
hebben gehad uwel Edele Agtbare kopia
te doen geworden supponeeren zoo neemen
1„ Achtb: g'eerde qualificatie te versoeken tot
de vrijheid uwE: het Emploij daar toe
van twee der te of omstreeks Manaer
kruijsende 5. Patjallangs gelijk wij dan
alverder ons onderwinden ter zaake
van ons soben Guarnisoen ende van
Manschaypen ontbloote posten Aripo
en elders uw E: agtb: in submissie voor
beslaan of het kommando dus lange
te Palemanaer leggende om te beletten
dat van het Rammenadewarams Hof
ten dienste vanden kandiasen vorst geene
den bij kilkareese Missive van 13. Maert
waer vande Manaerse Bediendens uw E:
agtbare kopia hebben toegezonden ver„
melde manschappen daer omstreeks
eenige landinge komen tedoen nu wijl
in deeze mousson daer ten plaatse een
bot lagerwal en als het waere aen
die"
NL-HaNA_1.04.02_3142_0022.xml,"die kant een landig onmogelijk is
te doen niet zoude kunnen worden
ingetrokken temeer daer door de sware
kosten der meerdere verstrekking aen
de gedetacheerdens zullen cesseeren en
de Manschappen en de Guarnisoenen
waer dog digte bij dewerken zijn be„
vuijd blijven van de ongemakken en
te dugtene ziektens die wanneer de re„
gentijd hun op dat vlakke veed waer
gedatakeerd leggen mogte verrassen
zeker hun te beurte zal vallen wij doen
in hoope van welduijding dien voorslag
ue zoo verre als geen nader tijding
van kilkare nopens het zig als toen
daar versprijde en den resident
Keunneman ter ooren gekoomen
gerugt ontvangen hebbende veron„
derstellen dat het zelve zedert wede„
nom zal verdweenen weezen en uit
hoofde deswakke bezetting van de
guarnisoen zo hier als te Ma„
naer ons daar toe noodzaekt dog
laaten de decisie aan het wijzere
oordeel van uw E: agtb: die van na
bij"
NL-HaNA_1.04.02_3142_0023.xml,"2037
bij zullen onderrigt weezen gede„
fereerd om ons dien aangaande met
derzelver g'eerde ordre te munieeren
Terwijl voor het overige d' eere heb„
ben ons met alle hoogagting te
noemen /:onderstond:/ als vooren
getekend, A: Lebeck H: Hogerwaerd
J: Herthum M: van Hek A wier„
man I: Panneel en O: F: Schreu„
„der in margine:/ Iaffanapatnam
den 4. Junij Anno 1765.
wij vereerd hebbende goedgevonden in
den ontvangst van uw Edele agtbare
aparte Missive de dato 8:' deezer zoo
diene daar op dat bij arrive van de vol
gens den inhoud van gedagte Missive op
marsch zijnde Sipaaijs ten eersten de
zonder meer alhier beschijdene eene
Comp=e gelijke krijgers dat heen zal
laeten vertrecken med daer bij ge„
hoorende officiers E=na terwijl de
Eere hebbe met alle hoog agting mij
tenoemen /:onderstond:/ als vooren ge
tekend:/ A: Lebeck in margine: Jaf„
fenapatnam
Aan als vooren."
NL-HaNA_1.04.02_3142_0024.xml,"fanapatnam Den 23: ' Julij A„o 1765.
Aan alsvooren.
Bij secreet besluijt van 2. ' deezer gere
solveerd hebbende tot de gewoone Jacr
lijkse bekruising b'oosten punto pe„
dro tot trinkonomale langs de wau
nisse stranden twee der te ofomstreeks
Manaer kruijsende vijf patjallangs
t' emploijeeren aan d' eene kant wijl
de zuijd weste mousson al lang door
staat en dus de beste tijd is op de sluij„
kers te passen die uit debogt en de
overwal gaerne hun Cours aan die kant
neemen en aan de andere zijde om een
wakend oog tehouden op de door de Jani„
Canomaelse bediendens bij hun secreet
schrijven van 19=e april Jongstleeden
bezijden onze aparte letteren van 1. Maij
daar aan uwel Edele Agtbare inkopia
toegezonden en waar van ook onse sub
misse van 4. ' Junij mentie maakt
verontstelde beweeging van het Candi„
ase hof zo hebben de eers uwel Edele
agtbare daar van schuldpligtigste ver
slag tedoen in hoope dat dit ons be„
„sluit"
NL-HaNA_1.04.02_3142_0025.xml,"2038
Colombo
sluit zo wel als dat zedert voorsch:e
twee patjallings ten gem: fine op ont„
boden hebben de g'eerde goedkeuring van
hoogst dezelve zal koomen weg te draegen
temeer die bekruijsinge gelijk gezegd
jaarlijx zelfs met het begin dezer Mousson
of wanneer dezelve daar toe maar eenig„
sints gelegentheid heeft willen geeven is
geschiet
Terwijl voor het overige d'eere hebben ons niet
alle hoog agting tenoemen onderstond
als vooren /:getekend A: Lebeck H: Ho„
gerwaard I: Herthum M: van Hek
L: v: d: Spar I: wierman I: Panneel
en E: F Schreuder /:in margine Jassa„
napatnam den 7. ' Aug„o A„o 1765.
Aan den wel Edelen Groot Agtb: heer
M„r Jman Willem Falck
Gouverneur en Directeur van het Eijland
ceilon en dies onderhorigheeden
op den ontvangst van uwel Edele Groot
Wel Edele Groot Agtbare
Hoog Gebiedende Heere.
agtbare"
NL-HaNA_1.04.02_3142_0026.xml,"agtbare gevenereerde brief sub 2. deser aen 't
Manaers opperhoofd schorer geschreeven
en door deezen in Copia mij onder geleide
letteren van 15. daar aan neffens de daar bij
geciteerde bijlaagen toegezonden heb ten
eersten ter verideling van het daer bij ge„
melde oogeerk der Candianen onder dit
resort alle bedenkelijke ordre gesteld en
de patchallangs de baak en vreede die van
de kruijspost tusschen Punto Pedoo en
Trinkonomale volgens opbiedinge terug
gekomen zijn mede geprojecteerd ter be„
kruijzinge der door uwel Edele Groot
agtbare bij gemelde missive aangewee„
zene plaaatzen mitsgaders ten dien be„
lange 't gedagte Manaerse opperhoofd
de schikkinge opgedraegen en aenbevolen
door dewelken inmiddels de patchallangs
de Bestendigheid en toezigt neffens een
kruijs thonijs d' eerste om te Pezale en
de laaste te Jallemanaer tekruissen be„
reets zijn g'emploijeert waer van mij ver
pligt vinde uwel Edele groot Agtbare
verslag tedoen met verdere Eerbiedinge
note dat langs de staanden al omme
bij"
NL-HaNA_1.04.02_3142_0027.xml,"2039
bij Biljet op swaare en na exigentie van
zaeken lijf en leven straffe inhereerende
de op dat stuk zijnde ordres verbooden heb„
iemand na de overwal met hunne Thonijs
of vaartuigen tevervoeren zoo ook dat uit
ons Guarnisoen eenige Europeese en si„
paijse Manschappen ter versterking der in„
landse krijgers na het strand omtrend Jlle
pecauwe heb gedetacheerd ten eijnde niet alleen
het zelve te bewaeken en de landinge aen den
boord der wannij ten eenemael te beletten
maer daer omstreekes de passagie voor de
kandiasche zendelingen aftesuijden en ver„
ders bij de werken te zijn zoo aan die kant
of elders mogten worden gerequireerd
Jn eerbiedig vertrouwen dat deeze genomene
maat-regulen de g'eerde goedkeuringe van Iuwel
Edele Groot achtbare zullen wegdraegen heb
de Eere met alle verschuldigde hoog agting
te zijn /:onderstond:/ wel Edele Groot agtb:
Hoog Gebiedende Here uwel Edele Groot
achtbare onderdanige en Gehoorzame Die„
naer was getekend A: Mooijaert in
margine Jaffanapatnam den 19=e october
Anio 1765.
Akkordeert
Jdan Hemtous
E: k: van't
Jch: Kommelle"
NL-HaNA_1.04.02_3142_0028.xml,
NL-HaNA_1.04.02_3142_0029.xml,
NL-HaNA_1.04.02_3142_0030.xml,
NL-HaNA_1.04.02_3142_0031.xml,"Afgegaane Brieven naar
H
Taffena
W"
NL-HaNA_1.04.02_3142_0032.xml,
NL-HaNA_1.04.02_3142_0033.xml,
NL-HaNA_1.04.02_3142_0034.xml,
NL-HaNA_1.04.02_3142_0035.xml,"2041
Jafsana Patnam
Aan den opperkoopman en Dessave
D' E. Noel Anthonij Lebeck:
als Prointerim waarneemende het
kommandement aldaar.
Eerzame Diskreete en
Bijzondere Goede vrind.
sij hebben heeden van hier overland naar derwaarts
laeten marcheeren, de twee komp: sipalis bij inleggende
korte sterkte vermeld, waar bij tevens genoteert staet
wat aen gagie &:a genooten hebben, en de manaerse
bediendens gelast eene komp: daar van aantehouden
en in dies plaatse, de bij hem bescheidene komp: si„
„pahis ten spoedigsten herwaards te zenden mitsg:s
de andere verder ten uwent te laeten voortmarcheeren,
uE: moet bij arrive van dien dezelven aldaer aanhou„
„den en in dies steede ten allereersten herwaards
laten komen de starkste komp: sipahis van de
twee"
NL-HaNA_1.04.02_3142_0036.xml,"Manhafte voorzienige Diskreete
twee ten uwen kommandemente bescheiden nevens
de daer bij gehoorende officieren
waarmede na groete blijve /:onderstond:/ Eerzame Dis„
„kreete en Bijzondere Goede vrind uE: Goede vrind
/:was getekent:/ A„ Mooijaart /:in margine:/
kolombo Den 8. ' Julij anno 1765
Jassana - Patnam
Aan den Heer Kommandeur
Anthonij Mooijaart
van de Residenten te kilkare berecht ontvangen hebben„
„de, dat twee kandiasche - zendelingen in Moorsche
kleeding vermomt met een inlandsch vaartuig te
Naoer aangekoomen waeren zo dient dit tot
een bewijs dat er slegt opgepast word; wes„
„halven we onze ordre bij missive van den 10=e
deezer om vlijtig te kruissen en op alle suspekte
vreemdelingen een wakend oog te houden op
het krachtigst inhareeren, uwE: tot dat einde
qualificeerende bij publikatie en affixie van
biljetten een praemie van 500: rd:s te belooven
aan"
NL-HaNA_1.04.02_3142_0037.xml,"2042
aan de geenen die dergelijken kandiasche zen„
„delingen achter haalen en aangeeven zodaenig
dat in onze hande valle„
waarmede na groete blijve /:onderstont:/ Manhaf„
„te voorzinige Diskreete, uE: Goede vrind /:getek:/
Im: will: Falck /:inmargine:/ kolombo den 23:' 7ber
A„o 1765
Aan als vooren
uwE: word gelast den oproer van zout naer
de booven landen ten allerscharpsten te
beletten: tot dat einde dienen de Lascorijns
posten aan de Iagerboom en wedeltivoe
verdubbeld en strikte ordres gestelt te worden,
datze voornaemelijk ter eerstgem: plaatze
volstrekt, geen korl zout moeten laaten passee„
„ren.
Naar andere plaatsen moet ook niet meer
zout vervoert worden, dan tot nooddruft
der gemeente, waar van wel Expresselijk
gesekludeert zijn de vijandige wanniassen
en naturelle kandiaenen.
ook moet de posthouder van Arripo
tot dat einde door Laskorijns sterk laeten
patrouilleeren, en des noods met sipahis
van Manaer geassisteert worden:
Voorts"
NL-HaNA_1.04.02_3142_0038.xml,"geciteerde brief
„del Afgaande
naar Manaar
voorts verwachte van uwE: eene notitie van
de genootene gagie &: door de sipahis die
bij uwE: bescheiden geweest zijn sedert den dag
hunner komste aldaer
waarmede na groete blijve /:onderstond:/
als vooren /getekent:/ I: w: Falck /: inmar„
„gine:/ kolombo den 26: 7ber: 1765
Aan als vooren
uit neevens gaande kopij missive aen de Manaer„
„se bediendens zullen uE: onze intentie nopens
NBde in deezen het insluiten en bekruissen der Zeehavens
is in de bon van den Kattaseuver en het aanhaelen
en arresteeren van desselfs vaartuigen, goe„
te vinden en „deren en onderdaenen in't breede zien en
ged:t 24 gber we laeten deezen dienen om uE: aente beveelen
tot bevordering van dit ons oogmerk alles
te kontribueren wat in uE: vermoogens is
mitsg:s tot dat einde 1: â 2: weerbaere vaer„
„tuigen zoo als uwh: best aenhanden hebben
naer de bogt van Tondij te zenden, met
zodanige ordres als in de bijlaegen voor
de kruissers van manaer zijn voorgeschreeven
waermede na vrindelijke groete blijve /:onder„
„stont:/ als vooren Ter ordonnandie &: /:getekent:/
Joan
1765."
NL-HaNA_1.04.02_3142_0039.xml,"2043
Ioan Gerrard van Angelbeek, sekretaris
/:in margine:/ kolombo den 25. ' 9ber: A:o 1765
Iaffanapatnam, en Manaar
Aan den heer kommandeur
Anthonij Mooijaart
En Het opperhoofd den onderkoopman
Ian willem Schorer
Neevens den Raad
Op de ontvangene nadere tijding van de overisal
hebben wij goedgevonden te resilieeren van onze
bij brieve van den 24: deeser aan uE: gegeeve„
„ne ordre net betrekking tot den Teuversen
dienvolgende zal deselve moeten blijven
buiten Exckutie, doch bereeds g'Exekuseert
zijnde, gelasten we mits deezen om de
perzoonen en goederen die uit kragte van
dien mogten weezen g'arresteert ten eers„
„ten vrij te laeten, in de kruissers te rug
te roepen, zoo ze al vertrokken mogten
weezen
Manhafte voorzienige Diskreete
Goede vrinden.
waarmede"
NL-HaNA_1.04.02_3142_0040.xml,"Waarmede na groete blijve /:onderstont / als
vooren /:geteekent/ Im: will: Falek I: I:
Feber I:n J: van Angelbeek, A Moens en
I: H: Borwater /:inmargine:/ kolombo
den 28:' 7ber: 1765. /:lager:/ P: S: de kilkareese Resident
keunemans heeft over manaar aan den eerst getek: een
brief gesz: in dato 23. ' dezer aan welks spoedige en veilige
bestelling veel geleegen legt: waar toe uE: bij deesen worden
Safrena
gerekommandeert, indien die brief: op ontvangst
deses niet reets dit heen was afgesonden
Aan de Afgaande en Aankoomende kommandeurs
Anthonij Mooijaart en
Noel Anthonij Lebeck
Met ult.:o Ianuarij moeten de 2: komp:
sipahis die op Manaar en Iafvena gar„
„nizoen houden, worden afgedankt
en gezorgd voor hun transport naar
Nagapatnam na dat hun een halve
maand reisgeld zal weezen uitgereikt
Daar en teegen mogen uE: van de siparis,
die de Lieutenant Cetanche aangeworven
heeft en welker laetste transport tegen
dien tijd bij uE: te verwagten is, eene of
twee komp:, des benodigd zijnde aen„
Manhafte voorzienige
Diskreete.
„houden"
NL-HaNA_1.04.02_3142_0041.xml,"2044
„houden, hoewel het mij voorkomt, dat
eene kompanie voor manaer genoeg
zij, wijl nu de militairen van alle Patjal„
„langs kunnen worden geligt.
Ik ben na groete /:onderstont:/ als voor en
Per ordonnantie &: /:geteekent:/ I: G: van
Angelbeek sekretaris /:in margine:/
kolombo den 28:' December A. o 1765
Akkordeert
Tommis temoous
E: k: vant
ph: Kommitte"
NL-HaNA_1.04.02_3142_0042.xml,
NL-HaNA_1.04.02_3142_0043.xml,"Aangekoomene Brieven
van
Ja
2045"
NL-HaNA_1.04.02_3142_0044.xml,
NL-HaNA_1.04.02_3142_0045.xml,
NL-HaNA_1.04.02_3142_0046.xml,
NL-HaNA_1.04.02_3142_0047.xml,"2045
Colombo.
Aan den wel Edelen Gestr: Groot Achtb: Heer.
Lubbert Jan van Eck.
Raed Extraordinair van India Gouverneur
en Directeur des Eijlands Ceijlon met
dies onderhoorigheeden.
Wel Edele Gestr: Groot
Achtb: Hoog Gebiedende
Heer
uw wel Edele Gestr: Groot agtb: veel ge„
eerde ordre en aanschrijven vervat bij
brieve van 28:' Maert Iongstleeden ten
belange van het in gereedheid brengen van
het schep schoonzigt om op de nadere
ordre van hoogst dezelve na Malakka
te konnen steevenen zal ik niet man„
queeren met alle mogelijke spoed en
schuldige secretisse te observeeren.
Terwijl met alle veneratie de Ter heb van
/:onderstond:/ wel Edele Gestrenge
tezijn
Achtbare Hoog Gebiedende Heer
Groot
uwel Edele Gestrenge Groot achtbare
zeer."
NL-HaNA_1.04.02_3142_0048.xml,"zeer Gehoorzaeme en trouwschuldige Die¬
naer /:was getekend:/ A: Samland /:in
margine:/ Gale den 1. April A„o 1765.
Colombo
Aan den E: Heer Iassenas Commanceur
Anthonij Mooijaert
En DE=s Leeden tans uitmakende den
Sekreeten Raed Aldaer
Mij g'informeert hebbende na het getal of
de hoeveelheid der koelijs dewelke in de
Districten van Gale en Mature zouden
konnen bij den anderen gebragt worden
om te zijner tijd tekomen dienen berig„
te tans uE: E: vrage dien aengaende dat
Mature daer van opgegeven heeft eene ge„
gifte quantiteijd van drie a vier honderd
koppen daer onder alle zoorten van
dienstbaeren begrijpende die tot koelijs
diensten konnen worden geprest mitsgad=s
die van het gaelsch district op dezelve
wijze min of meer Een hondert stuks
dier volkeren.
Maer dewijl mij niets direct bekend
is weegens de onderwerping der Colom„
E: Heer en Bijzonder
Goede vrinden.
Corle"
NL-HaNA_1.04.02_3142_0049.xml,"2047
corle aen de komp=e veel min van de om„
standigheeden der zelve of wat tot dierge„
lijke Importante bestellinge verder onge„
twijfelt zal en moet behooren zo moet
ik betuigen naer herhaelde overdenkingen
daer toe te hebben besteld niet in staet te zijn
in een stuk van zo grote aengelegendheid
mij tot het een of ander bij ud: in beden„
kelijkheid gesteld dat is, of tot het stellen
van hoofden over die bovengem: landstreeke
uit sComp=s eige oude Jnlandsche bedien
„dens of tot het kontinueeren van die de„
welke hen met de voorsz: Colonna Corle
teffens onderworpen hebben te verklaren
nopens dien te adviseeren of aengaende
de verdere requisiten op de gis middelen
te beraemen en aen de hand te geeven.
voor het overige hebbe het aengeschreevene
tot het laten afdanken van zekere on„
der den Modliaer Tillekeratne son„
teerende en bij uw EE: verder onnoodig
g' oordeelde Inlandsche krijgers in de
Matureesche Dessavonijs bij Extract
uit uwer E:E: gem: aenschrijven aen den
E: Dessave bekend gemaekt ten van
zijn"
NL-HaNA_1.04.02_3142_0050.xml,"zijn E: verstaen de gemelte afdankinge
daer op ook dadelijk geschied te zijn
Hiermede hebbe de Eere van na min„
zauw Groete te blijven /:onderstond:/
E: Heer en Bijzondere Goede vrinden
uw EE: Dienstwillige vriend /:was ge„
A: Samlant /:in margine
tekend
Gale den 5. ' Iunij Anno 1765.
Aan als Vooren.
Op den ontvangst van uwer E: E: brief van
den 1=e dezer heb ik niet gemancqueert
daadelijk en met de kragtigste aenbeveel
gen om op de volkomenste weijze te„
voldoen aen het requisit daer bij vervat
zo aen den E: dessave De Lij als den op„
ziender den Gale- Korle Stroebe op te drae„
gen de spoedige t' samenbrenging en be„
zorging van coelijs en draegbeesten ten
dienste der aenstaende Expeditie na kan„
dia mitsgaders zovan den Eenen als
van den anderen beijde hunne Serieuse
belofte en toezegginge bekomen van
niets te zullen naalaten om daer aen
met alhier vermoogen op het Spoe
tragten tevoldoen ullende
digste
ook"
NL-HaNA_1.04.02_3142_0051.xml,"2048
ook niet in gebreeke zijn om dezelve
daer toe nader op het kragtigst aente
zetten.
hiermede hebbe d' Eer van naer min„
zame groete te blijven /:onderstond/
A: Samlantz
als vooren /:getekend:/
en margine Pale den 6. ' Iulij A=o
Aan als vooren.
Jk heb op den ontvang van uEE: brief
van den 20. ' dezer alle uit denkelijkee
ordre besteld om aen zoo veel oeli„
ammers en dat met de allermeeste
spoed te geraken als immers moge
lijk zal konnen zijn, zijnde de
hoofden dier volkeren alhier en
in het land werwaerts op de voor
gaende gerugten van diergelijke offvat
tingen van dienstbaren te Costij en
Mooren
elders niets partijen
de vlugt genoomen hadden en
Etc=a
daaglijks doen op de aen hen
nog
ernstige
bestelde recommandatien zonder
ouderscheid daer toe met alle ver„
„mogen
1765."
NL-HaNA_1.04.02_3142_0052.xml,"mogen beezig gelijk ook DE: Dessave
in het Matureesche tot al het mogelijke
belofte doet of schoon de meeste die de
voorgaende aptogt hebben g'assisteerd aen
die kant ziek zijn en tot zulken
verzaemeling van volkeren wijd en zijde
hun ophoudende wel wat tijd nodig
zal zijn.
voorts is de g'Eischte partij draegbeed
ten zo uit het Matureesche als hier
Ruin voldaen en uit de singaleesche
dienstbaren ook successive gezonden zoo
veele manschappen als met de uitterste
moeite tot nog te verkrijgen zijn
geweest blijkens inleggende lijste en
waermeede ook zonder vertoeven
word voortgevaeren, zullende in dien
immers doenlijk konde zijn om boven
dien nog meer verpligtelingen magtig
te konnen worden daer toe ook alles
gecontribueert en niets nagelaeten won„
den hoewel daer toe als gezegt tijd en
uitstel voor al behoord het geen op
uwer E: E: nadere vraege alzoo men
zig daer in niet bevalen kan in ant„
woord"
NL-HaNA_1.04.02_3142_0053.xml,"2049
Colombo.
woord diene
hiermeede zal ik naer minzaee groete ver
blijven /:onderstond:/ als vooren /:getekend/
A: Samlant /:in margune:/ Gale den 25. en
Julij Anno 1765. nu
Aan den wel Edelen Gestrengen Groot Achtb: Heer
M„r Iman Willem Falck
Gouverneur en Directeur van het Eijland
Ceilon met dies onderhorigheeden
Wel Edele Gestrenge Groot
Achtbare Hoog Gebiedende
Heere!
De Eere gehad hebbende te ontfangen uwel
Edele gestrenge groot agtbare secreete
aparte letteren van 19 hujus diene daer
op in Eerbied dat ten Eersten zo wel
aan den Lieutenant Hansz: te Pittigelle„
als den post houdenen Sergeant te
Bentotte het nodige aangeschreeven
en gelaste hebbe tot het wel Executeeren
van uwel Edele Gestrenge groot agtbare
besluit en ordre daar bij vervat niet
twijffelende of het een en ander zal be
„hoorlijk"
NL-HaNA_1.04.02_3142_0054.xml,"Aan als Vooren.
hoorlijk ge Executeert worden, hoewel de
Eerstgem: officier Hansz: wijnige
dagen tijds nodig hebben zal om te ge
lijk met zijne opbraak ook van daer
mede teneemen en op Bentotte te be„
stellen de overige provisien kruijt
loot E:a die ginder aan handen hebben
mogte, terwijl ook intusschen door
den opziender der corle stroebbe
een Randjes Lascorijns in gereedheid
gebragt word om onder een Euro
peesch Corporaal derwaerts gezan
den en geplaatst teworden.
Ik neeme de vrijheid van met diep reveren„
tie tezijn Onderstond wel Edele Gestrenge
Groot agtbare Hoog gebiedende Heere uwel
Edele Gestrenge Groot Agtbare onderdanige
en Gehoorzame Dienaer was getekend
A: Samlant in margine Gale den
22. Augusto Anno 1765. —
Drie pakken met goederen voor
militaire monteerings nevens uwel
Edele Gestrenge Groot Achtbare
zeer gerespecteerde van 26. Aug=s
over"
NL-HaNA_1.04.02_3142_0055.xml,"2050.
Aan als Vooren.
over Land aan mij besteld zijnde heb ik
niet gemanqueerd dezelve ongeopend
daadlijk aan den Commanderend Capi
taie Franken ten zijner verandwoor„
ding telaaten bestellen en afgeeven
Jk heb de Eere bij deeze Eerbiedige Com„
municatie met het uiterste respect onder„
danigst temogen zijn /:onderstond/ als
vooren /:Getekend/ Asamlant en mar
quie Gale den 13:' 7ber: Anno 1765.
Ik heb de Eere gehad te ontfangen uwer
wel Edele Gestr: groot Achtbare ge
venereerde missive van den 6: ' dezer
waar op onderdanigst berigte dat
daadelijk ordres gesteld het tot het
in gereedheid brengen van al het
nodige ter berging en huijsvesting van
het te Bentotte volgens hoogst der„
zelver g'eerd goed vinden aantekome„
ne Coelis inlandsche militie om al„
daer post tevatten ik heb voorts de eene
van met het diepste ontzag onderda„
nigst te zijn onderstond als vooren
getekend A: Samlant in margine
Gale"
NL-HaNA_1.04.02_3142_0056.xml,"Aen als vooren.
uwel Edele Gestrenge Groot agtbare
g'eerd aanschrijven ten belange der
repatrieerende vrienden zo wel als
van de daar toe ook gelicentieerde
drie onder officieren der militie zal
ik niet manqueeren behoorlijk te
observeeren neeme de Eere hier bij
tedoen neverente bedeelinge dat de
g'ordonneerde wagthuizen en loge
mentenr te Bentotte volgens berigt
der opzienders Stroebbe vervaer„
digt en gereed zijn terborging van
de aldaer verwagt wordende Jn„
landsche militaire post vatting
hiermede neem ik de vrijheijd van met
diepe Eerbiedigheijd temogen zijn /on„
der stond als vooren getekend A: sam„
land /:in margine Gale den 16:' 8ber: 1765:
Aan als vooren.
Ik hebbe de Eere gehad den zeer gevene„
reerden brief van uwel Edele Gestrenge
Groot agtbare vervattende ordre tot het
zenden van den volgens bijgevoegde lijste
Gale den 8. ' oktober Anno 1765.
1
gerequireerde"
NL-HaNA_1.04.02_3142_0057.xml,"2057
gerequireerde parthijen Coelijs uit de
districten deses Commandements wel
te ontfangen en waer op nedrigst and„
„diene
woordende, dat de ordres tot het benij
ken en volbrengen van dat requisit
door mij daadelijk afgevaerdigd met
allen Ernst en nadauk aan den E:
Dessave te Mature en op zienden der
Gale korle opgedraegen mitsgaders
door die beide terbehoorlijke nako„
ning zoo veel immers mogelijk
aangenoomen zijn hebbende ik zo van
Mature als uit het gaalsch district
intusschen ook berigten bekoomen dat
niets goede parthijen dien dienst baren
ingereedheid komen om eerlange na Cos
tij temarcheeren Jk hoope en wensche
alzo zeer hertlijk dat door Eene volko„
ene voldoening deezer gerequireerde vol„
keren aan uwel Edele Gestrenge groot
agtb: genoegen mogen toegebragt wan„
den En neeme de vrijheid van met alle
veneratie onderdanigst te zijn /:onder„
stond als vooren /:getekend:/ A: Samlant
in margine Gale den 17:' December A„o 1765
Aan"
NL-HaNA_1.04.02_3142_0058.xml,"Aan als Vooren.
Jk heb de Eer onderdanigst te antwoor
den op uwel Edele Gestrenge groot
achtbare zeer gevenereerde van 21. dezer
dat aan den E: Majoor Medelen het
believen van hoogst dezelve om zig ten
spoedigsten derwaerts te begeven hebbe
aangekondigt en door zijn Ed=e ook ter
observantie is aangenoomen zullende
tot transport van den zelven nog
konnen dienen de 25. koppen tot ac„
completteering van de door uwel Edele
Gestaenge Groot agtbare uit de Gale
Corle g'Eischt 480. dienstbare nog
maer resteerende alzo volgens ont„
fange bedelinge van den opziender der
gem: Gale Corle daer van 455. koppen
reets Bentotte gepasseert en de reijze
derwaerts voortgezet hebben.
voorts neeme de vrijheid aan uwel Edele
Gestr: Groot agtb: tepresenteeren de
Naem rolle der oostersche militairen
onder den Capitain Boeang Man„
gadoea zodanig dezelve van Tangale
afgevaardigt en gisteren alhier ge„
„arriveerd"
NL-HaNA_1.04.02_3142_0059.xml,"2052
arriveerd zijn om ingevolge van hoogst
der zelver ordre bij brieve dit heen van
den 9. Courant tot nader ordre
in dit guarnisoen dienst tedoen en
hier mede met diepe reverentie en Eer
biedigheid mij tenoemen /:onderstond
als vooren getekend A: Samlandt
in margine Gale den 24. xber anno
1765. _
Akkordeert
Joannes HAmtout
E: k: van't
geh: kommitte"
NL-HaNA_1.04.02_3142_0060.xml,
NL-HaNA_1.04.02_3142_0061.xml,
NL-HaNA_1.04.02_3142_0062.xml,11=8
NL-HaNA_1.04.02_3142_0063.xml,"Afgegaane Brieven voor
Sase
No
N9
9
2053"
NL-HaNA_1.04.02_3142_0064.xml,
NL-HaNA_1.04.02_3142_0065.xml,
NL-HaNA_1.04.02_3142_0066.xml,
NL-HaNA_1.04.02_3142_0067.xml,"sekreet
2053
Tale
Aan Den Heer Commandeur
Abraham Samlant
Manhafte voorzienige
Diskreete!
Het inleggend briefje aan den Commissaris van
de arreek willem van Damast Limberger,
„gericht, dient ten aller eersten aen den zel„
„ven afgegeeven, dog reets vertrokken zijnde
weeder dit heen gezonden te worden.
waarmede na groete blijve /:onderstont:/ Man„
„hafte voorzienige Diskreete uE: Goede
„vrind /:was getekent:/ M: Rein /:in margine:/
Kolombo Den 30:' Januarij A„o 1765:
Aan als vooren.
Het Jnleggend pacquet van 't Geheime
kommitte alhier aan Haar Hoog Edelheedens
gerigt, zal zo 't schip Lekkerland van daer
nog"
NL-HaNA_1.04.02_3142_0068.xml,"nog niet vertrokken is, aen dies overleeden
^ afgegeeven
als een zodanig pacquet dienen dog in kon„
„trarie geval, te rug gezonden te worden
waarmede na groete blijve /:onderstont:/
als vooren /:getekent:/ M: Rein /:in margine
Kolombo Den 31:' Januarij anno 1765
Aan als vooren
Dewijl men in de maanden Iulij en augusto
aanstaande, alle koelis, die maar bij een te brengen
zijn, nodich zal hebben tot dienst van een
generaele Expeditie, die tegens dien tijd staet
ondernoomen te worden zo hebben we ons bij
deezen vroeg tydig bij uE. willen erkondigen
na 't getal der koelis, die in het Distrikt
van Tale en de Cassaronije
van Mature daer toe zoude kunnen bij een
gebragt worden ten einde onze verdere maet„
„regelen daer na te kunnen neemen..
Dewijl de operatien in gem Dessavonije en aen„
„grenzende konings landen, tans vermoedelijk
reets zullen gecesseerd zijn, of anders moeten
gestoekt worden, en dus het in dienst
houden der Jnlandsche krijgers, onder
Sillekeratne Modliaer maar onnoodige
kosten"
NL-HaNA_1.04.02_3142_0069.xml,"2055
kosten zouden veroorzaeken, zo gelieve uE:
Den Dessave De Lij te gelasten, dezelven
ten eersten, of met het laeste deezer
maend af te danken, Dat de kolonna
korle zich aen de E: komp: onderworpen
heeft, zal d: E: De sij voornoemd reets
aan uE. bedeelt hebben. zijn E: heeft teffens
de propositie gedaen over dezelven eenen
Adigaer of ander aen zienelijke Hoofden
uit onze oude en vertrouwde Jnlandsche Hoof„
„den aen te stellen, Doch wij nijgen tot
een tegenstrijdige meening, en oordeelen,
het beter te zijn, de Hoofden, die zich
met dezelven onderworpen hebben, in hunne
posten te laeten blijven, om dat het niet
alleen deezen zoude hart vallen, eenen
vreemdeling, boven het hoofd te zien, maer
ook de gemeente ongaerne onder vreem„
„delingen willen staen
wij hebben dus ook reets praeallabel aen
den E: Dessave geschreeven d' oude Hoofden
bij provisie te laeten kontinueeren,
Dan dewijl het een stuk van groote
aangelegenheid is, dat op de Jnlandsche
Regeering"
NL-HaNA_1.04.02_3142_0070.xml,"Regeering deezer nieuwe onderdaen en zulke
ordres beraemd worden, die hen onze.
heerschappije kunnen aengenaem en
preferabel maeken, te meer om dat
andere korles, bespeurende, dat ze, door
de komp: tot hunnen opperHeere kiezende,
hunne konditie verbeeteren kunnen, daer
door aengezet zullen worden, het voor„
„beeld der kolonnasche volkeren te volgen;
zo hebben wij goed gedacht in deezen te
requireeren uE: advis, nopens de aenstel„
„ling van eenen Adigaer of Maha Modliaer
uit onze oude hoofden, en nopens de
verdere middelen, die uE: oordeelen mogte
dienstig te kunnen zijn, om den nieuwen
onderdaenen 'skomp:s Regeering smaekelijk
te maeken.
waarmede na minzaeme groete blijven /:on„
„derstont:/ Manhafte voorzienige Diskreete
Heer, en Bijzondere goede vrind ! VE: Bijzon„
„dere goede vrinden /:was getekent:/ D:l
Burnat, I:n G:s van Angelbeek en A„n Moens
/:in margine:/ kolombo Den 22. ' April
Anno 1765.
Aan"
NL-HaNA_1.04.02_3142_0071.xml,"2056
Aan als vooren
wij laeten deezen eenelijk dienen om van ginter
te requireeren een der patroon vaetjes met
kruis voeten en de daer toe gehoorende, kap
Die de E: Majoor Medeler ten dienste der voorige
kampagne heeft laeten maeken ten einde
alhier tot een monster „ strekken.
waarmede nae vrindelijke groete seer gaerne
„onderstont, als vooren
blijven, /:was getekent:/ A: Mooijaart, I: I:
Feber, D: Burnat en A: Moens /:in margine
Kolombo Den 20:' Maij anno 1765.
Aan als vooren
Dewijl wij tot nu toe geen andwoord bekoomen
hebben op ons schrijvens van den 22:
april Jongstl: niet teegenstaende dies in„
„houd van het uiterste belangh is, zoo
veronderstellen wij, dat het zelve dan wel
uE: rescriptie daar op niet te recht gekoo„
„men is en zenden mits dien een kopie
daer van met last, om daer „ ten spoe„
„digsten 't andwoorden, of in dien reets
beantwoord zijn mogte, ons een duplikaet
of kopij van dat andwoord toekoomen
te"
NL-HaNA_1.04.02_3142_0072.xml,"te laeten
waermede na groete blijve /:onderstont:/
en /getekent:/ als vooren /:in margine:/
Kolombo Den 3. ' Junij anno 1765
Aan als vooren
Dewijl we om goede reedenen beslooten hebben
de krijgs operatien teegens de vijanden
zoo veel mogelijk te verhaesten, en noch
in deeze maend te beginnen, waer toe
wij niets zoo noodig hebben, als een genoeg„
„zaem getal koelis en draagbeesten, zoo
diend deeze nader, om uE: op 't nadruk„
„kelijkst te demandeeren, om alle dienst„
„baeren die in UE: kommandement maer
bij een te brengen zijn, successive en zoo
spoedig als doenelijk is, onder hunne aen„
„zienelijkste hoofden herwaerts te zen aen
met hunne Naemlijsten, in vertrouwen
dat ons ten allerminsten uit Gale en
Mature 1500: fluce, Inlanders die schoon
alle geen koel is, echter ingeval van
nood, tot leger diensten verplicht zijn
zullen kunnen bezorgt worden; en
dat"
NL-HaNA_1.04.02_3142_0073.xml,"2057
dat uE: in deezen zijne uitterste poogingen
zal aenwenden tot verdere bevordering en
eindelijk bereiking van het oogmerk onzer
Heeren Principaelen, gelijk wij ook vijff of ses
hondert draegbeesten verwachten al moest
uE: 6: rd:s voor 't stuk betaelen
Waarmede na groete blijve /:onderstont:/ als
vooren /:getekent:/ A: Mooijaart, I: I: Feber
I: P: van Angelbeek en A Moens /:in mar„
„gine:/ kolombo Den 1. ' Julij anno 1765
Aan als vooren.
Dewijl wij door de nonopdaging der van
de kuste kormandel verzochte koelis
ten dienste der reets begonne Expeditie
in geen geringe verleegenheid gebragt
zijn, om de noodige bagagien &=a tot den
train gehoorende te laeten dragen,
zoo diend deeze ten principaelen uE:
met nadruk en seer vrindelijk mitsg:s
niet min ernstig aenterekommandee„
„ren; alle moorse oeliammers, die
onder uE. kommandement t' huis
„hooren op den ontvangst deezes
herwaerts"
NL-HaNA_1.04.02_3142_0074.xml,"herwaarts te zenden, sonder van hun eenige
exceptie, als van reets drie inaenden tijd
hun verplichten dienst gedaen te hebben ent
te admitteeren, gemerkt dezelve ten
eersten vervallen moet, als men, hun ijder
'smaends 2: rd:s en een parra rijst of in
steede van rijst een ropij toegevoegd, dat
uE: hun dan ook toezeggen kan, gelijk
wij ook van uE: vigilantie en lust tot
het algemeene wel zijn onzer Heeren
en Meesteren verwachten; dat uE: zich
in de huishoudinge aldaer, mits de
absentie der gem: dienstelingen of schoon
bekrompen echter zodanig behelpen zal,
dat het werk ginter zijn voortgang blijft
behouden.
ook verwachten wij van uE: te verstaen, of uE.
so uit het Gaelse kommandement als de
Matureese Dessavonij ons noch zoude kunnen
gerieven met 500: dienstbaeren almede ten
dienste der voorm: ten aller uittersten
noodzaekelijke Expeditie; terwijl anders
de so voordeelig en allesints door de
Maatschappije gemaekte reputatieuse
beginselen"
NL-HaNA_1.04.02_3142_0075.xml,"2058
beginselen gestremt en in haeren loop
gestuit zouden kunnen worden, als over„
„den
„bekend zijnde, dat het behouden van kon„
„tinueelen overhand over de singaleese natie
ons niet dan voordeelig is, en het kon„
„trarie ons niet alleen tot agterdeel
strekt maar zelfs in sommige gevallen
irre parabel is
Waarmede na groete blijve. /onderstont:/
als vooren /:getekent:/ A: Mooijaart,
I: I: Feber en D: Burnat /:in margine:/
kolombo Den 20:' Iulij A„o 1765
Aan als vooren
Het Hoofd der Mooren van kaliture, seka„
„die Markair oedoema libbe Markair
heeft last in het Gaalsche distriks op te
zoeken en herwaarts te brengen de onder
hem bescheidene Mooren, die deezer dagen
derwaarts de wijk genoomen hebben,
om daer door van den optocht naer
Kandia bevrijd te blijven; waer toe
hem dus vrijheid gelaeten en zelfs
de behulpzaeme hand gebooden moet worden.
Met"
NL-HaNA_1.04.02_3142_0076.xml,"Met het begin der naast aenstaande weke
staet de optocht daedelijk ondernoomen te
worden, dus vertrouwen we, dat uE zijne
uitterste pogingen zal aenwenden, om mo„
buiten de singaleesche koelijs, zoo veel
oeliammers uit de Mooren toe tezenden, als
mogelijk is; en daarmede alle spoed zal maaken
Waarmede na groete blijven /:onderstont:/
als vooren /:was getekent:/ A: Blooijaert
I: I: Feber, D: Burnat en I: G: van Angel„
„beek /:in margine:/ kolombo Den 24:'
Julij A„o 1765:
Aan als vooren
Ter sessie van den 16. ' deser beslooten zijnde
de Militaire detachementen van Bentotte
en Pittigelle, als overvloedig geoordeelt mor„
„dende te ligten en aldaer eenelijk een
onder officier en ettelijke Lascorijns te laeten
post houden, mitsgaders een der twee
posten gindere of Amblamgoode die
mede te missen schynt, in 't geheel
optebreeken, zo word uwE: daer van ken„
nis gegeven en bij deezen aenbevoolen,
een"
NL-HaNA_1.04.02_3142_0077.xml,"2057
een van de laastgem: posten; die uwE: oor„
„deelen zal, gevoegelijkst gemist te kunnen
worden, in te trekken, den onder offi„
„cier, die daar geleegen heeft met eenige
Lascorijns naer Pittigelle te zenden, om
daar voortaen post te houden met ordre
aan den Lieutenant Hanssen om met zijn
volk herwaart te marcheeren, mitsgaders
den sergeant die te Bentotte bescheiden
is, te gelasten de sipahis naer Mature, en
de Europeeschen dit heen te laeten marchee„
„ren in welker plaats uwE: eene Laskouijns
wacht leggen moet.
D'onderofficieren te Pittigelle posthoudende,
moet, bij ontmoeting van eenige zwarig„
„heeden, die spoedig redres vereisschen zich
aen het Hoofd van kaliture addresseeren.
die last heeft, hem te assisteeren.
Waarmede na groete blijve /:onderstont:/ Man„
„hafte voorzienige Diskreete VE: Goede
vrind /:was getekent:/ Im: Will: Falck
/:in margine:/ kolombo Den 19.:' Augus„
„to anno 1765
Aen"
NL-HaNA_1.04.02_3142_0078.xml,"Aan als vooren
Aan als vooren
Silro het 'skomp:s paerd; dat door den Heer
Hugel, gew: Majoor van een france vaij Cour„
van hier mede genoomen tot heeden aldaar
verbleeven is, zo zal uE: het zelve nevens
't zadel &:a en zo er buiten dat aldaer noch
meer dier gelijke rijdieren door deeze of geene
officiers bij het pas af repasseeren mogte
agter gelaten weezen, ten eersten herwaards
dienen te zenden.
waarmede naer groete blijve /:onderstont/
Manhafte, voorzienige, Diskreete, uE:
goede vrind /:Ter ordonnantie van den
wel Edelen groot agtb: Heer M=r
I:man willem Falck, gouverneur
en Dierekteur van het Eijland Ceijlon met
s
dies onderhoorigheeden /:getekent:/ F:s
Reintous E: k van 't geheime kommitte
/:in margine:/ kolombo den 24. ' aug„ 1765
Wiernevens bekomt uE een pak, waer
in goed is voor 200: Militaire monteerin„
„gen. uE: moet het zelve ongeopend
aen
&"
NL-HaNA_1.04.02_3142_0079.xml,"2860.
Aan als Vooren
Aan als vooren
aen den kapitain kommandant aldaer Fran„
„ken ter zijner verandwoording afgeeven.
Waarmede nae groete blijve /:onderstont:/
Terordonnantie en /:getekent:/ als vooren.
/:in margine:/ kolombo Den 26:' augusto
Anno 1765
Dewijl ik voorneemens ben te Bentotte
200: koppen Inlandsche milicie te plaatze„
zoo word uE: daar van bij deesen in tijds
kennisse gegeeven, ten einde de noodige
ordres te expedieren tot het spoedig
ingereedheid brengen der noodige lijf„
„berginge
Ik ben na minzame groete /:onderstond:/
als vooren /:getekent:/ Iman willem Falck
/:in margine:/ kolombo den 6: 8ber: A. o 1765
Indien de Lieutenant Chavron van Mature
mogt aangekoomen zijn, en noch te Tale
bevinden moet dezelve tot nadere ordre
blijven en zijnen dienst in uw E: Garnizoen
verrichten.
waartoe"
NL-HaNA_1.04.02_3142_0080.xml,"waar toe deeze alleen gericht zijnde blijve
na groete /:onderstont:/ Als vooren /:getek:„
Im: will: Falck /:in margine:/ Kolombo den
25:' 8ber: A:o 165:
Hierneevens bekomt uE: een Lijst van het
getal der koelis in de daar bij vermelde korles,
alle onder 't Vaelsch kommandement en de des„
„savonije van mature geleegen woonachtig: de„
„zelven moeten teegen den 20:e of uitterlijk 25
deeser sonder mancquement hier zijn, dus uw E:
op 't nadrukkelijkst gelast word daar over als
een zaek van zeer groot belang, sonder
interuptie te zorgen, en op, zicht deses de
uitschrijvinge 'er van te doen, met deeze
bijgevoegde expresse aankundiging dat we
hunne betaalinge van 2: rd:s en 1: parra
rijst of insteede van rijs 30: stv:s 'smaends
niet meer bij partijen maar man voor
man zullen laeten volgen, op dat we ons
gerust kunnen stellen dat die rechtig
geschiede.
'T is bekent genoeg, dat het benoodigde getal
uit de Eigentlijke koelis niet zal kunnen
Aan als vooren
gevonden"
NL-HaNA_1.04.02_3142_0081.xml,"2061
gevonden worden, weshalven men de verdere
laage geslagten, Jagereros, Tamblinjeros, Raet„
„jes, Porrewettekareassen, enz: te baat zal
moeten neemen, onder expresse aankondiging
aan de hoofden, dat de omwilligen onder
hen, zonder oogluiking, met depontement, en
zwaerder, naer bevinding van zaeken, zullen
worden gestraft.
Bij de Jaalsche koelis moeten een Modliaer
en een korael, en bij die van mature twee
Modliaers en twee koraels, afkoomen,
met de koelis, van Whier verantwoording
het wegloopen zal afhangen en zullen ze
met den dag van hunne komste alhier
worden betaeld
Waermede na vrindelijke groete blijve
/:onderstont:/ als vooren /:getekent:/ M:s
Im: will Falck /:in margine:/ kolombo
den 6: december 1765.
Aan als vooren
De Mandareesche kapitain Sembang staet
naer Sale te koomen, om de kompanier
zijner landsgenooten, die volgens mijnen
voorigen van den 9: ' dezer van mature
staet
tal"
NL-HaNA_1.04.02_3142_0082.xml,"staet te koomen over te neemen en herwaerds
te geleiden: en moet dan de kapitain Boan„
„banga weder naer Mature om de vakante
kompanie van Siedin overtenoemen.
Om den Lieutenant van de herwaards ont„
„boodene kompanie geen gelegenheid te gee„
„ven tot dezelfde opstokerijen tegen kapit:
Sembang, als hij teegen Boanbanga
berokkend heeft, zal uwE: hem moeten
aankondigen om op Sale te blijven, ten
einde met het souratsche lijwaet schip
naer Batavia te vertrekken, en uE: kan
hem laeten in arrest neemen op de minste
suspicie van disobedientie
Twintig nieuw geworvene Mallabaersche sipahis
voor de kompanie van sjeub: Mahmoet
staen door Gale naer hunne kompanie,
op Mature garnisoen houdende te vertrek„
„ken, en om 't Gaalsche Garnizoen te soula„
„geeren, gaet tans ordre naer Mature om
desipahis van Michiel Rau bij uE: in gaani„
„zoen te zenden tot nader ordre
waarmede na groete blijve /:onderstont:/ als
vooren /:getekent:/ Im: will: Falck /inmargi„
„ne:/ kolonbo den 23. ' xber: 1765.
-
5
JAkkordegrt
Joann Rerntous
E: k: van't
Ech: Kommitte"
NL-HaNA_1.04.02_3142_0083.xml,"Aangekoomene Brieven
Van
Manaar"
NL-HaNA_1.04.02_3142_0084.xml,
NL-HaNA_1.04.02_3142_0085.xml,
NL-HaNA_1.04.02_3142_0086.xml,
NL-HaNA_1.04.02_3142_0087.xml,"2062
Molombo.
Aan den wel Edelen Groot Achtbaeren Heer
Lubbert Jan Baron van Eck
Raad Extraordinair van Nederlands India
Gouverneur en directeur van het Eijland ceijlon
/met dies onderhorigheeden.
Edele Groot Achtbare
Hoog Gebiedende Heere.
Jnleggende kilkarese missive zo eeven voor
uwel Edele Groot achtbare bekomen heb„
bende omme ten allerspoedigsten getrans„
porteert te werden zo hebbe d' Eere het
zelve per brengster dezes onderdanigst
te verrigten.
waarmede met alle verschuldigde
Eerbied en hoog agting blijve /:onder
wel Edele Groot achtbare
stond:/
Gebiedende Heere Uwel
Hoog
Groot Agtbare Onderdani„
Edele
„gen"
NL-HaNA_1.04.02_3142_0088.xml,"gen en Gehoorsamen Dienaer (:was ge¬
tekent / I: W: Schover /:in margine:/
Manaer Den 29. ' xber: Anno 1764. —
Aan als vooren
Heb d eer uwel Edele Groot achtbare zeer
nedrigst kennisse te geven dat op gisteren
over den land wegh onder Escorte van
een sergeant een korporael en 12. ge„
meene Europesen benevens 20 koppen si„
pahis en 2. Lascorijns naer Putulang
geschikt zijn 332. p=s draegbesten als
210. p=s busselfs en 122. ossen met 83.
begerlijders of opgisteren over gem: die„
ren namelijk tot 4. stux een man
voorts dat wat moeijte ook aangewend
hebbe omme het gerequireerde getal bij
den anderen tebrengen het voor mij
onmogelijk geweest is wegens de nabij
heit van de wannij werwaerds de over
zijdse inwoonderen op de minste gerug„
ten van te zullen worden opgevat en
tot eenigh Extra diensten gebruijkt
met vhee en al retireeren, voorwen„
dende tot het opdoen van Nelij tot
zald koorn genoodzaekt waeren ge„
„weest."
NL-HaNA_1.04.02_3142_0089.xml,"2061
zig derwaerts te begeeven, gelijk tanst
„weest
door zulken bedrijf met meer volk dan de
voorm: 83. man zo op dit Eijland als de
drie overzijdse provintien hebbe kunnen
verkrijgen.
belangende de op gem: beesten noteere meede
onderdanigst dat dezelve in huur geno„
men werdende meerder zullen komen
te kosten als bij weege van inkoop, heb„
bende daar omme van Eijgenaers dezelve
overgenoomen, om naer bekomene hoog
g'eerde qualificatie van uwel Edele
groot agtbare, de waerde naer gewoonte
te voldoen, vertrouwe dat uwel Edele
groot agtbare het selve net gunstige
goedkeuringe zal gelieven te bekroo„
„nen.
wijders gebruijke de vrijheid uwel Edele
groot achtbare eerbiedigst te verthoogen
dat de patchialangs tot nog toe niet
buiten den drempel van de rievier ge
bragt zijn, door het ongemeen laeg
geteij in dit Jaer, dewijl de vloet aen
de mond van de nievier niet meer
dan 3. a 3½. voeten water geven
en
„"
NL-HaNA_1.04.02_3142_0090.xml,"en de gem: Patchiallangs 5 a 5. ½. voe„
ten zonder ballast diep gaen en om
dezelve tedoen ligten hebbe demasten
doen uitzetten, dogh daer meede ook
niets gevordert gehad, blijvende dezelve
dus bij demond van de Rivier
bij na hoog en droog op de plaeten„
van welk een en onder uw wel
Edele Groot achtbare onderdanige
kennisse geeve teffens dat mits
..
de gedagte vaertuijgen tot nog toe
om de voorwaerds gem:
reeden
niet in zee tebrengen
zijn, ge„
weest op uwel Edele Groot agtb:
g'eerde goedkeuringe goed
hoog
gedagt hebbe alle de Manaer„
se kruijs tonijs met het begin
van demaend Januarij aenstaen
de naer Kilkarre te zenden, ten
einde dezelve daar om streex
naer het goedvinden van de re„
sident: keunman geplaatst
tewerden"
NL-HaNA_1.04.02_3142_0091.xml,"2062
Aan als vooren.
tewerden; en also de doortogt van vreemde
thonijs met geweld teverhinderen, waer
toe buiten het ordinair volk nogh twee
man behoorlijk met Ammonitie
voorzien stellen zal en alles obser
veeren wat ten nutte van uwel
Edele Groot agtbare heijlzaem oog„
merk strecken mag
waermede dese besluijtende verbidde:
uwel Edele Groot achtbare hoog g'agt
perzoon in de bescherminge des alder„
hoogsten en blijve met alle verschuldig
de hoog agting en diep, Eerbied
/:onderstond:/ als vooren /:Getekend:/
I: W: Schoren. /:in margine:/ Manaer
Den 28. xber: Anno 1764. —.
Bij uwel Edele Groot agtbare gereve„
rendeert schrijvens van den 12. Janu„
arij J=o Leeden tot mijn hertelijke liet
weezen gezien hebbende uwel Edele
Groot achtbare ongenoegen omtrent
de kruijs patchiallangs dewelke bij
den"
NL-HaNA_1.04.02_3142_0092.xml,"de mont van het revier gebragt zijnde
aldaar gelegen hebben om bij occagie
van hoog water dat aen deze kant niet
dan bij tijden van volle en nieuwe
in aen tijd geeft over den drempel ge
bragt tewerden, ten eijnde de bekruij„
singe naer uwel Edele Groot agtbare
hoog g'acht bevel tedoen gade slaen, 't
welk egter niet heeft konnen gelucken„
wat moeijte ook daer toe aangewend
hebbe.
En dat dezelve aen de grond hadde laeten
zitten is onder gunstige welduijden, aen
uwel Edele groot agtbare qualijk aen„
gediend, dewijl ged=e vaertuijgen wel zou„
der masten in 't rivier gelegen hebben
om dus waar het mogelijk door de
brandings over den drempel sodanig
overgebragt tewerden, het welk Egter
niet heeft konnen gelucken en al
pogingen daer toe vrugte
„le mijne
p.
loos geweest zijnde, zo hebbe alle de
zelve laeten terug komen om naer
de noord kant dezes Eijlands te
zenden"
NL-HaNA_1.04.02_3142_0093.xml,"2063
zenden, ten Eijnde op de uitkomende vaer„
„tuijgen uit theuverse stranden langs het
Eijland Catjedivoe tot op de hoogte van
het Eijland Delft een wakend oog te„
houden, tot nader hoog g'eerde last van
uwel Edele Groot achtbare.
In steede van gem: patchiallangs hebbe
vier kruijsthonijs naer kilkare geschikt,
om aldaer na de ordre van den resi„
dent Keuneman optepassen, zijnde die
vijfde thonij als van ouds langs d' Adam
„buug tot aan het zo genaemde H: rivier
bij pambe bescheijden.
voor bidde uwel Edele Groot achtbare
te gelooven, dat gem: vaertuijgen noijt
op het drooge gezeeten veel min occa„
gie ontmoet hebben, om eenig na„
deel te erlangen.
Het welke onderdanig verzeekering
de Hooge Eere hebbe uwel Edele Groot
achtbare in de bewaring van Godt
almagtigh teverbidden en met alle
verschuldigde hoog agting te blijven
/:onderstond:/"
NL-HaNA_1.04.02_3142_0094.xml,"onderstond als vooren /:getekend:/ J: I:
Schorer /:in margine Manaere den 10.
februarij anno 1765. —.
Aan Alsvooren.
Jnleggende missive benevens de daer bij ge„
hoorende ola van kilkare bekoomen,
hebben de Eer uw wel Edele Groot agtb:
met veel Eerbied te presenteeren wijders
gebruijken de onderdanige vrijheit
uwel Edele Groot Achtbare met de
gelukkige verovering van het kan„
diase Rijk zeer Eerbiedigst te gra
tuleeren, onder nedrige beede en wen„
schen dat God Almagtig uwel Edele
Groot agtbare dierbaer perzoon al„
verder gelieft te zeegenen met alle
heijlgeluk en voorspoed en ten dien
Eijnde alle uwel Edele Groot agtbare
besluijten en anderneeminge niet ge
luckige gevolgen tewillen betroonen
waermede de Eere hebben van met alle
verschuldigde hoog agting en diepen
/:onderstond/ als
eerbied te blijven
G: Bohne en C:
Getekend:/
vooren
Ennes."
NL-HaNA_1.04.02_3142_0095.xml,"2064
Aan als vooren
6de
Ennes /:in margine:/ Manaer den 18.
Maart anno 1765. —.
Het afschrift van het nader bekomen schrij
vens van den Resident tekilkare hebbe
de eer uw wel Edele Groot agtbare nevens
deezen onderdanigst te presenteeren en teffens
te berigten dat de Engelse twee mastighe chi„
aloup, waer van bij gem: kilkareese brief
mentie gemaekt werd, tans omtrend
de Eijlanden Delft, ielje de Gale en twee
gebroeders zigh laet zien, doende dezelve
aldaer niet dan over en weder zeijlen
tot in de bogt tondij toen gemelte chia„
loup is nu ses dagen geleeden aende
oost Hoek van het Eijland delft her„
waerts afquam met zijn bodemtje gezien
en bevonden Rijkelijk met swarte volk
beladen te zijn
en op het oog wel naar mar„
rewassen
gelieken, van welke tijding nodigh
oordeele uw wel Edele Groot Agtbare
nedrigst kennisse te geeven,
meede
ook"
NL-HaNA_1.04.02_3142_0096.xml,"ook dat den E: E: Agtb: heer Commandeur
van Jasfanap:e herwaerds gesonden heeft
den vaendrig Goede om in de fortresse al„
hier te blijven militeeren, den zelven Hebbe
naer t allemanaer als Hoofd van het al
daer tans leggende Detachement bestaen
de in 80. Man Europesen en sixatis
te ageeren, en van daer herwaerds terug
geroepen, den vaendrig Bohne ten Eijnd
het guarnizoen binnen de fortresse te
kommandeeren, verhoope dat het zelven
van uw wel Edele Groot achtbare goed
keuringe zal bevonden werden.
Wijders gebruijke denedrige vrijheijt uw
wel Edele Groot achtbare van herten en
met behoorlijke Eerbied te guatuleeren
net de zeer geluckige verovering van het
kandiaze Rijk wenschende dat den al
mogenden
uw wel Edele Grootachtbare
duabaer perzoon althoos bijstaen magh
en bewaren voor alle tegenspoeden en daer
benevens
.
.
ƒ"
NL-HaNA_1.04.02_3142_0097.xml,"2065
benevens zeegenen met volmaekte gesontheid
en alle vergenoegingen, ten eijnde alle uw
wel Edele Groot Agtbare onderneemingen
verders met geluckige progressen mogen
agtervolgd en bekroond werden.
Middelerwijlen uw wel Edele Groot agtbare
noch nedrigst berigtende dat op begeerte
van den E: E: agtb: Heer kommandeur voor
Eenige daegen na Jassanapatnam mijbegee
ven hebbende, dus op den 29:' der Iongst
gepasseerde maend weder terug gekoomen
ben.
waermede met alle verschuldigde Hoog
agting en Eerbied blijve /:onderstond wel
Edele Groot agtbare Hoog Gebiedende Heere
V wel Edele Groot Agtbare onderdanigen
Ten Gehoorsamen Dienaere /:getekend/
:
..
J: W: Schoren
/:in margine Manaer
ƒ
den 3. April 1765. —
0000
Kolombo."
NL-HaNA_1.04.02_3142_0098.xml,"Kolombo
Aan De E: E: Agtbaere Heeren
Anthonij
Mooijaert en
Marten Rein kommandeur van de Koningrijke
en Jaffanapatnam en kandia mitsgaders prae„
sidenten en DE: Leeden van het Geheime Kommitte
aldaer.
Bij denevensgaende Kopia Kilkareese brief
gedateerd 12:' dezer uw E: E: agtb: zullende
koomen teblijken de movementen die de
aanhangeren van den uit het Hof van
kandia gevlugte koning aan het Ra„
manadewaramse Hof op nieuw bequi
nen temaeken, zoo gebruijks de vrijheid de„
zelve pligt schuldigst te bedeelen en teffens
aentebieden eene van gedagte kilkare be„
komene missive, tot welk een en ander
dezen nedrigst gerigt zijnde zoo hebbe
de Eere overigens van met veel agting
E: E: Achtbaare Gedb:e Heeren
deezen"
NL-HaNA_1.04.02_3142_0099.xml,"2066
deezen te onderschrijven /:onderstond:/ E: E: agtb:
Gebiedende Heeren Uw E: E: Agtbaerens on„
derdanige en Gehoorsamen Dienaer was
Getekend:/ I: W: Schorer /:in margine Manaer
den 17. ' Maij Anno 1765. —.
Aan als vooren
de siparis bestaende in twee komp=s, vermelt
bij uw E: E: agtbare gerespecteerde letteren van
den 8. dezer, dewelke overland zomeede 28.
koppen die per inlands vaertuijg van daer
naer herwaerds vertrokken zijn, zijn alhier
g'arriveerd, hebbende daer van de komp=e voor
Jassenapatnam geschikt, op gisteren na gem: Com
mandement de reijse overland doen ondernee„
men, staende op Morgen de voorm: 28. kappen
vermits er veele zieken en swacken daer onder
zijn, per thonij naer Jassenapatnam voort„
gezonden tewerden mitsgaders soodaa de„
nog manqueerende 40 koppen, benevens hunne
kapitain van Costi alhier g'arriveerd zullen
zijn, derwaerds laeten voortmarcheeren
en dus lange alhier geleegene komp=e tot
welk een en ander uw EE: agtbare nedrigst
kennisse tegeeven deezen Eenelijk gerigt
zijnde; So hebbe overigens de Eer van niet„
alle hoog agting te blijven /:onderstond:/
als vooren Getekend:/ J: w: Schorer /:in mar„
Anginell"
NL-HaNA_1.04.02_3142_0100.xml,"Anno 1765
gine:/ Manaer den 24. Iulij
Aan als vooren
„deelen
Eenelijk diend„ om uw: EE: agtbare in alle
eerbied kennisse te geven, dat, na het Expe„
dieeren van de alhier geweest zijnde Sipa„
his naer â: costi/ onder op en toezigt
van een bequaem soldaet, als dailmeester
mij van Jassanapatnam toegezonden
is brenger dezes zijnde den Corporael
Johannes Lijgt van Sterrenbergh om
als dailmeester meede te gaen, zo als uw
E: E: agtbare het zelve blijken zal, bij het
nevens leggend afschrift des briefs ten
dien einde bekoomen
over zulx hebbe op de gunstige approbatie van
uw E: E: agtbare gem: soldaet als een tael
kundige bij het voorm: Corps Sipahis
gelaeten, omme naer overgaeve van dezel
ve manschappen naer uw EE: agtbare
g'eerd behaegen hem weder herwaerds
geschikt dan wel â costi aengehouden
tewerden.
Waermede met alle hoog agting en
diep"
NL-HaNA_1.04.02_3142_0101.xml,"2067
Colombo.
diep respect blijve /:onderstond/ als vooren
Getekend:/ J: W: Schover /:in margine:/
Manaar den 31. Julij Anno 1765
De chipahis vermelt bij uwel Edele agtb:
g'eerd schrijvens van den 29. Julij pass„o
bestaande in 1. kapitain, 1. vaendrigh,
2. sergeants, 3. Corporaals en 33. ge„
meenen alhier gearriveerd zijnde, zoo
hebbe de een het selve eerbiedigst tewel„
den en teffens dat ik met alle verschul
digde hoog agtingh en eerbeed blijve on„
derstond als vooren /:getekend/ I: w: Scho„
rer in margine Manaer den 17. Au„
gusto A„o 1765.
Aan als vooren.
Aan den wel Edelen Groot Agtb: Heer
M„r Jman willem Falck
Gouverneur en Directeur Des Eijlands
ceilon en dies onderhorigheiden
De Kilkareese bediendens uitweijsens haer
Wel Edele Groot Agtb:
Hoog Gebiedende Heer
schrijven"
NL-HaNA_1.04.02_3142_0102.xml,"dezen in Copia meede nedrigst versellende
herwaards gecommuniceerd hebbende
dat eenige kandiaenen in moors gewaed
met een inlands vaartuig te Nacoer
waeren aangekomen en vervolgens met
behulp van den tansjoersen vorst mits
gaders de Rijkskanselier van den Theu„
ver eenige kuijgstroeppen zogten
te bemagtigen omme met dezelve
op pezale en tallemanaer item de
bogt moedenpatten Illipe Car„
re dewelke de westerboord der
wannij is aantelanden zo agter
ons verpligt uwel Edele Groot
agtb daer van Eerbiedigst kennisse
gevende ootmoedigst te verzoeken
om door uwel Edele Groot agtbare
zorge g'assisteerd temogen worden
met een Comp=e goede Sipahis dan
wel Maleijers alzo de alhier zo wel
als teJaffenapatnaers bescheiden
leggende siparis meesterdeels ziek
swak en impotent zijn en met
deselve geen de minste tegenstand
in Cas van nood gedaen kan worden.
waarmede
e"
NL-HaNA_1.04.02_3142_0103.xml,"2068
Aan als vooren.
waarmede met alle Eerbied en hoogagting
blijven onderstond wel Edele Groot Agtb:
Hoog Gebiedende Heere uwel Edele Groot
Achtbare onderdanige en Gehoorsame
Dienaeren was Getekeend A: Mooij
aert en J: w: Schorer in margine
Manaer Den 13. ' 7ber: A„o 1765.
Het geordonneerde door uwel Edele
Groot achtbare bij hoog gerespecteer
de circulair schrijvens van den 19=e 7ber
Jongsleden belangende de bekruijsing
en bewaking der stranden hier om
streeks tot tegengang en belet van
den overvaert van krijgsvoek van de
overwal naar beilon werd alhier
stipt waargenomen somede ook
opgepast dat geene vreemdelingen
zonder passen over en weder pas„
seeren het zelve bij deezen uwel Ede„
le groot achtbare pligschuldigst
en met de vereijschte eerbiedig„
heit kennis geevende noteere ver„
der insgelijks dat wat moeite
ook aanwende echter niet er„
„vaeren"
NL-HaNA_1.04.02_3142_0104.xml,"„vaeren kan hoedanig desendelingen van
den kandiasen koning op de overwal
aankomen en welken weg zij daer toe
kiezen dog volgens bekomene schrij„
vens van kilkare door de hulpe mij„
cier spions hebbe verstaan dat gemelte
zendelingen zig als Jaffenapatnameiers
hun hebben vertoont gehad gelijk uwel
Edele Groot agtbare sulx des behagende
zal koomen te blijken bij het Transport
ola deesen nedrigst accompagneerende
Wijders geeve bij deezen uwel Edele groot
agtbare nog Eerbiedigst kennisse dat
de bekanisinge tans werden waarge„
ecomen van de adamsbrug en talle
manaer langs de noord zijde van dit
Eijland door de patchialang de bester
digheid en vijf thonijs mitsgad=s de wes„
ter boord van de wannij tot poincorijen
toe niet de patchialangs het haasje en
toesigt benevens een Jaffanapatnamse
thonij zijnde den ondertekender in dat
vertrouwen dat daer om streeg geene ge„
legentheeden op doen of weezen zullen
voor eenige vijandelijke aanvaer van thouijs
en"
NL-HaNA_1.04.02_3142_0105.xml,"2069
Aan Alsvooren.
in volk van de overwal zonder Sig
in het oog en handen onser kruijssers
teloopen
Waarmede met alle Eerbied en hoog ag„
„ting blijve onderstond /: als vooren /:ge„
tekend:/ I: W: Schorer in margine Ma
naer den 3. 8ber: Anno 1765.
de Camatjees ten getalle van 120. koppen
onder op en toezigt van een Europeese
Corporael op heeden van Jaffenapatnae
alhier eerst dus naer een reijze van 11:—
dagen aangekomen zijnde vertrecken
tans naar derwaards over den Land„
wegh hebbende aan dezelve op versoek
van gem: Corporaal twintig Rd=s
tot het kopen van mondkost alhier
laaten verstrecken tot welken nedri„
ge Communikatie deezen in alle
eerbeed rigtende zo hebbe overigens
de hooge eer uwel Edele Groot agtbare
in Godes bewaeringe teverbidden en
met alle hoog agting en die peschuldig
respect te blijven /:onderstond, als voo„
ven getekend J: W: Schover in marc„
gine Memaer den 27. 7ber: A„o 1765.
Aan
houijs:s"
NL-HaNA_1.04.02_3142_0106.xml,"Aan Als Vooren.
de Camaties ten getalle van 120. koppen
onder op en toezigt van een Europeese
Corporaal op heeden van Jaffenapatnam
alhier eerst dus naer een reijse van 11.
dagen aangekoomen zijnde vertrecken
tans naar denwaards over den landweg
hebbende aan de zelve op versoek van
gem: corporaal twintigh rd=s tot het
kopen van mondkost alhier laten ver
strecken tot welker nedrige Commu„
nikatie dezen in alle Eerbied rigtende
zo hebbe overigens de hooge Eere uwel
Edele Groot agtb: in Godes bewaering
teverbidden en met alle hoogagting
en diep schuldig vespekt te blijven
/:onderstond als vooren /:getekend:/ J:
W: Schorer in margine/ Manaer
den 27. ' 7ber: Anno 1765.
Aan als vooren!
Het geordoneeerde door uwel Edele
Groot agtbare bij hoog g'eerde Mis„
sive de dato 23. september Jongstl:
hebbe ten eersten volgens gehouden is
DE: Agtb: heer Jaffanapatnams
Kommandeur
E"
NL-HaNA_1.04.02_3142_0107.xml,"2070
Kommandeur Anthonij Mooij
„aart, verthoogd gehad en daer op
bekoomen hebbende het Biljet waer
bij naer uwel Edele Groot Achtbare
hoog gerespekteerd bevel aan de geene
die eenige kandiase zendelingen ag„
terhaalen en opbrengen Een premie
van vyfhondert Rd=s beloofd is zoo
hebbe het zelve alhier zoo wel als op
de buiten posten van wedelel tuwa
af tot aan Modergammo toe lae„
ten publiceeren en affigeeren en
inzelvervoegen daar om staelp doen
verbieden den opvoer van zout naer
de boven landen zullende tot naer„
kominge van dien alle mogelijke zoo
ge en olijt aanwenden ende wagt
posten verdubbelen zo dra de LasC=s
die van het opgemelte Commandement
ten dienste der buijte posten moeten
geschikt werden zullen opgedaagd
zijn.
voorts hebbe d' eer uwel Edele Agtbare
met veel eerbied bezijden deezes te pae„
senteeren de gerequireerde Notitie van
verstrekte.
aen"
NL-HaNA_1.04.02_3142_0108.xml,"verstrekte gagie als anderzints aen de
bescheiden.
alhier bezijden geweest zijnde sipahis
en daar bij teffens ook nedrigst temel
den dat zo wel ter deser plaetse als in
't distrikt van Mantotte Nana„
than en Moeselij wel toegesien werden
dat er geen vreemdelingen of suspekte
perzoonen daar om streex passeeren
waarmede desen besluitende verbidde uwel
Edele groot agtbare dierbaar perzoon in
de beschereninge des aller hoogsten en
blijve met alle verschuldigde hoog„
agting en eerbied /:onderstond:/ als
J: W: Schorer in
vooren getekend:/
margine Manaer den 14. ' 8ber: 1765:
Aan als vooren.
Naar volgens uwel Edele Groot agtbare
hoog gerespecteerde last bij g'eerde lette
ven van den 11:e deser zal ik niet
manqueeren om den moor Segoe
abdul kader alhier wel in het oog
tehouden en hem ter vertrek naar
Elders buijten dit Eijland niet per
mitteeren
Terwijl overigens de Eerehebbe van met
alle"
NL-HaNA_1.04.02_3142_0109.xml,"2071
alle verschuldigde hoogh agtingh te blijven
/:onderstond als vooren getekend J: W:
schorer in margine Manaer den 28. '
8ber: anno 1765. —
Van als vooren.
De Moor Segoe Abdul kader vermelt bij
uw wel Edele groot achtbare hoog ge
11
respecteerde missive van den '18=e
8ber: pass=o op den 29. der Jongst ge
passeerde Maend alhier aangewee„
zen hebbende seker meede Moooge
naemt Mira Lebbe nevens een kleen
Jangen die met een licentie briefje on„
der andere barquiers overland van
Costi dit heen aangekomen is ten ver„
trek naer de overwal met betuijging
dat deesen van de Hofs grooten der„
waards geschikt word om bij Pal„
koebere oedeaar zig te begeeven
soo hebbe den zelven ten eersten in ver
sekeringe doen neemen ten einde bij
bequame en secuur occagie naer
à Costij tezenden gelijk denzelven, ook
onder uwel Edele groot agtbare gun
stigh welduijden met de Chialoup
De"
NL-HaNA_1.04.02_3142_0110.xml,"De Nagelboom transporteeren zal
overmits in brenger deses dewelke
genoegsaam met de oedepittijse die„
ven volladen zijnde geen secuur berg„
plaatse voor den selven gevonden
hebbe.
Terwijl hier bij onderdanigst tot specu„
latie van uwel Edele groot agtbare
voege het declaratoir daat voorm: ge
auresteerde Moor Mira Lebbe al„
hier verleend heeft gehad benevens zijn
meede gebragte licentie briefje van
daer.
aarmede voorts de onderdanige vrijheit
gebruijke uwel Edele Groot Agtb:
in Godes bewaringe teverbidden en
met alle verschuldigde hoog agting
en diep gespeckt teblijven /:onder„
stond / als vooren /:getekend: I: W:
Schover /:in margine:/ Manaer
den 11=e 9ber: Anno 1765.
Aan als Vooren.
De moor voormelt bij mijne
nedrige
Boors
E"
NL-HaNA_1.04.02_3142_0111.xml,"2072
nedrige letteren de dato 11. dezer in naame
Mira Lebbe zende tans per brengster
deeses zijnde de Chialoup de Nagelboom
over en noteere voorts Eerbiedig dat den
moor segoe abdul kader wien uwel
Edele groot agtbare behaagt heeft dit
heen te zenden ter aanwijsinge van de
over en weder passeerende kandianen
tot zijn onderhout en nodig sustens agt
stuijvers 'sdaags insteert mitsgaders
dat daar op om de nootsakelijkh:t
en op het gedane kragtig verzoek door
den zelven inwijlen en tot dat uwel
Edele groot Achtbare zal gelieven
te behaagen mij met de noodige ordre
dien aangaande teververen aan hem
hebbe laeten verstrecken vier Stuu=s
sdaags, vertrouwende dat het zelve
met uwel Edele groot Achtbare
gunstige approbatie zal bekroond
werden
Terwijl overigens de Eere hebbe van met
alle verschuldigde hoog achting en diep
respect te blijven onderstond als vooreen
getekend I: W: Schorer in margine:/
Manaer"
NL-HaNA_1.04.02_3142_0112.xml,"Manaer den 26. ' 9ber: A„o 1765.
Aan als Vooren.
Tot eerbiedige bekentmaaking van den
ontvangst van uwel Edele Groot agtbare
hoog gerespekteerde missive missive
van den 28. ' der Jongst gepasseerde
maend 9ber: dezen onderdanigst dienen
de so noteeren pligtschuldigt dat we
de daar bij gegeve last en opzigte van
de theuverse tot ons narigt zullen
neemen gelijk de daer benevens be„
komene missive voor Jaffanap: ten
eersten over den Landweg dat hem voor
geschikt mitsgaders de kilkareese
briev waar van uwel Edele groot
agtbare bij opgem: hoog g'Eerde let„
teren behaagt heeft temelden op den
ontvangst derzelve dat geweest is
den 28:' 9ber: pass=o meede over„
land naer a Costij gezonden hebben
wij vertrouwen dat die reets rigtig
haare bestelling zal hebben Erlangd
Waermede"
NL-HaNA_1.04.02_3142_0113.xml,"2073
waarmede de hooge eerd hebben van
met alle verschuldigde hoogagting
en Eerbied te blijven /:onderstond als
vooren Getekend I: W: Schorer in
margine Manaer den 9. ' xber: 1765.
Aan als vooren.
Eerbiedigst b'antwoordende uwel Edele
Groot Achtbare hoog gerespecteerde
brieven van den 2. en 5. deeser zegge on„
danigst dat niet manqueeren zal alle
mogelijke vlijt aantewenden om de
bij het bekomen translaet vermeld
staande kustelingen alhier te agterhal
„len hebbende daer toe reets alle pro„
cautien gebruikt
voorts belangende de duijkers die uwel Ed=e
groot agtbare bij derzelver hoog geach„
te vroegere letteren van dato 3. 7ber:
deeses Jaers behaagd heeft mij te re„
Commandeeren om die klaer tehouden
melde reverentelijk dat dezelve op den
ontfangst van gem: gereverendeerde
letteren bij den anderen hebbe ver„
gaderd en afgewagt gehad uwel Edele
Groot
gd"
NL-HaNA_1.04.02_3142_0114.xml,"Groot agtbare nader bevel vermits bij ge„
dagte requisit geen ordre gevonden hebbe om
die naar derwaarts teschikken, des hebbe
de eere tans p=r het vaartuigh van
den burger Johannes Speldewinde
of te zenden ses bequaame Parrewase
duikers biddende ootmoedigst mij
derwegen gunstig gelieve teverschoonen
also niet eerder dan bij hoog gem: brie
ven van den 5: deeser tot het opzenden
van dezelve qualificatie bekoomen hebbe
Terwijl al verder de vrijheit gebruike uwel
Edele Groot Achtbare teffens hier bij
nedrigst teverzeekeren dat noijt al„
hier brieven voor uwel Edele Groot Agtb:
ontfangende lang opgehouden werd
maar wel ten eersten met allen spord
verder addresse verleend gelijk allee
de kilkareese brieven zoo spoedig mo„
gelijk voortgesonden zoo als uwel
Edele Groot Achtbare nopens 't af„
zenden van die van den 23. ' 9ber: pass=o
reets bijsComp=s missive van den 9.
dezer meede eerbiedigh vertooght is.
Daarmede dezen te besluiten en overigens
met"
NL-HaNA_1.04.02_3142_0115.xml,"2074
met alle hooge agting en diep respect
mij tenoemen onderstond als vooren
getekend J: W: Schorer in margine
Manaer den 24. Decembers A„o 1765.
Akporbeert
Joannis Hamnbous
E: k: van't
geh: Kommitte"
NL-HaNA_1.04.02_3142_0116.xml,
NL-HaNA_1.04.02_3142_0117.xml,
NL-HaNA_1.04.02_3142_0118.xml,"No
-
33"
NL-HaNA_1.04.02_3142_0119.xml,"2075
Afgegaane Brieven naar
Manaar
No
A
No. 11
1."
NL-HaNA_1.04.02_3142_0120.xml,
NL-HaNA_1.04.02_3142_0121.xml,
NL-HaNA_1.04.02_3142_0122.xml,
NL-HaNA_1.04.02_3142_0123.xml,"20755
W: Lahaar
Aan het opperhoofd den onderkoopman
Jan Willem Schorer
Goeden Vrint
Deezen diend eenelijk om van uE: te vernee„t
„men hoe het geleegen is, met de aldaer
te vindene kruispatjallangs, namentlijk
of deselve nog niet vlot zijn en dus niet haast
konnen gebruikt worden, met last, om zoo
dra mogelijk een van de zelve dit heen dan
wel direkt na Tutukorijn te senden, werwaerds
wij deselve tog van hier zouden, moeten laten
vertrekken, als daar voor eenigen tijd noo„
„dig zijnde
waarmede na groete blijve /:onderstont:/ Goeden
vrind, uE: Goeden vrind /:was getekent:/ M„r Rein
/:in margine:/ kolombo den 12:' Februarij 1765
Aan"
NL-HaNA_1.04.02_3142_0124.xml,"Aan als vooren
Hierneevens bekomt uE: een kopia korte sterkte
van twee kompanien Sipahis die heeden morgen
van hier overland naar derwaarts vertrokken
zijn, waer bij in fine aangetoont word, wat
aen gagie &: genooten hebben, uE: moet eene
komp: daer van aenhouden en in diesplaetse
de bij uE: bescheidene komp: sipahis nevens
hunne officieren ten allereersten herwaerts
laeten koomen mitsg:s de als dan noch
overschietende komp: naer Iaccanapatnam
laeten voortmarcheeren, werwaerds uE: needens
leggende missieve moet depecheeren, waer
bij aen die bediendens van deeze onze schik„
„king kennis gegeeven is, met Last, om
laest gem: komp: insgelijks aldaer aentehou„
„den en de grootste komp der daer aen„
„weezende sipahis in dies steede dit
heen te zenden.
Waarmede na groete blijve /:onderstont:/
als vooren /:getekent:/ A„ij Mooijaert /:in„
„margine:/ Kolombo den 8:' Iulij A:o 1765
Aan als vooren"
NL-HaNA_1.04.02_3142_0125.xml,"2077
Aan als vooren
Dient tot kommunikatie dat op eergis„
„teren van hier per inlands vaartuig naer
uE. Hoofdij vertrokken zijn, om aldaer
bescheiden te weesen en dienst te doen,
1: kapitain, 1: vaendrig, 2: serjants, 3: kor„
„poraels, en 33:' gemeene Lipahis, nader blij„
„kende bij de korte sterkte desen geinklo„
„seerd, die aentoond wat aen onderhoud al„
„hier alhier genooten hebben en uE: toege„
„sonden word ten einde uE: te zijn tot na„ ten
„richt
Waarmede verblijve /:onderstond:/ Goede
vrind, uE: Goede vrind /:getek:/ A„n Mooijaert
/:in margine:/ kolombo den 29.:' Iulij
Anno 1765:
Aan als Vooren
De Lieutenant militair Letanche ver„
„trekt van hier over uE: Hoofdije en Iac„
„sena in kommissie naer Nagapatnam.
Hij zal van daer den Europeesen dril
„meester Iohan Simon met zich nee„
„men, die uE: dan moet laeten volgen
nevens
12"
NL-HaNA_1.04.02_3142_0126.xml,"nevens een moorse adjudant Adraman
en schrijver Maleappa, welke van hier mede
gaen, hier van moet uE: aen de bediendens
van Taffena teffens kennis geeven.
Waarmede na groete blijve /:onderstont:/
Goede vrind. uE: Goede vrind /:getekent:/
Iman willem Palck /:in margine:/
kolombo den 9. ' 7ber: A„o 1765—
Aan als Vooren
van de Residenten te kilkare berecht ontvan„
„gen hebbende dat twee kandiasche zendelingen
in Moorsche kleding vermoent met een in„
„landsch vaertuig te Naoer aangekoomen
waeren zo dient dit tot een bewijs dat 'er
slegt opgepast word, weshalven we onze
ordre bij missive van den 10:' deezer om
vlijtig te kruissen en op alle suspekte
vreemdelingen een wakend oog te houden
op het krachtigst inhoreeren, uE: tot
dat einde qualificeerende bij publikatie
en affektie van biljetten een premie van
vijf Hondert rd:s te belooven aen de geenen
die dergelijken kandiasche zendelingen
achter haalen en aangeeven zodanig dat
in onze handen valle.
Waarmede"
NL-HaNA_1.04.02_3142_0127.xml,"2078
waarmede na groete blijve /:onderstont:/ als„
„vooren /:geteekent:) Im: will: Falck /: in
„margine:/ kolombo den 23:' 7ber: 1765.
Aan als vooren
uE word gelast den opvoer van zout naer de
boven landen ten allerscharpsten te beletten: tot
dat einde dienen de laskorijns posten aan de
Iagerboom en wedeltwoe verdubbeld en strikte
ordres gesteld te worden, datze voornaemelijk
ter eerstgem: plaatse volstrekt, geen korl zout
moeten laeten passeeren. –. Naar andere plaetsen
moet ook niet meer zout vervoert worden, dan
tot nooddruft der gemeente, waer dan wel
expresselijk gesekludeert zijn de vijandige
wanniassen en naturelle kandiaanen. –. Ook
moet de posthouder van Araipo tot dat
einde door Lascorijns sterk laeten pattrouil„
„leeren en des noods met sipahis van
Manaer g'assisteerd worden
voorts verwachte van uw E: eene notitie van
de genootene gagie E: door de sipalis die
bij uwE: bescheiden geweest zijn sedert den
dag hunner komste aldaer.
waarmede na groete blijde /:onderstont:/ als voor en
/:getekent:/
en"
NL-HaNA_1.04.02_3142_0128.xml,"/:getekent:/ Im: will: Falck /:inmargine:/
kolombo den 26: 7ber: 1765.
Aan als vooren
Het geen ik uw E: Iongst wegens het door slippen
van kandiasche zendelingen geschreeven hebbe
word bij neevens leggende kopij missiven en
Relaes bevestigt. bij 't laetste papier blijkt teffens
dat ze over uw E: Eiland hunnen wegh: gevonden
hebben en bij den brief kan uwE: zien dat
hun toeleg zij, de Hulpstroepen, dieze te
erlangen hoopen, te, Pesale en Calmanaer
als mede de bosst van Moedanpatte en
Illiepokarre t'ontscheepen.
uwE: word derhalven bij deesen ernstig gelast
aldaar niet alleen goede wacht te laeten
houden maer ook voor Pesale een der kruis
patjallangs en eene kruis tonij te leggen
en de overige kruisvaertuigen, zoo lange
de mousson zulx gedoogen wil, benoor„
„den Manaer te laeten, kruissen op
en aanzoodaenige plaetsen als uw E:
dienstig oordeelen zal, om dit toeleg te
veriedelen moetende uwE: teffens kopij
van deesen brief en voorm: twee bijlaegen
ten spoedigsten naer Iaffanapatnam
zenden"
NL-HaNA_1.04.02_3142_0129.xml,"2079
zenden, om tot narecht voor de Ministers aldaer
te dienen.
Ook diend uwE: een nauwkeurig onderzoek aen te
stellen, of er zulke persoonen, als 't Relaes
opgeeft, met draegossen uit de wannij overge„
„koomen zijn, en mij van 't geen uwE: daer
van mogt komen te blijken, nauwkeurig
berecht geeven.
waarmede na groete blijve /:onderstont:/ als vooren
/:getekent:/ Im: will: Falck /:in margine:/ kolom„
„bo den 2. ' 8ber: 1765
Aan als Vooren
De Moor Segoe Abdul kadis van wien uw E:
deeser daegen een Relaes toegesonden hebben
vaert tans over om de kandiasche zendelingen
bij hunne te rugge komste aan te wijzen.
Inmiddels moet uwE: dien knaep voor al in 't
oog houden, also hij geheel niet te vertrouwen
is, en mogelijk niet te goed zijn zoude bij
de eerste geleegenheid naer d' overwal door te
slippen
Waarmede na groete blijve /:onderstont:/ als vooren
/:getekent:/ Im: will Falck /:in margine:/
kolombo den 12 8ber: Anno 1765
Aan
0"
NL-HaNA_1.04.02_3142_0130.xml,"Aan als vooren
Mits de op d' overwal door den kattateurer
gemoveerde onlusten hebben wij noodig g'oor=
„deelt, om alle vaartuigen, goederen, effekten
en onderdaenen van denzelven, die te achter„
„haalen mogten weezen, in beslagh te neemen
en g'arresteert te houden, en gelasten uE:
overzulx mitsdeezen, aen dit ons oogmerk
op alle mogelijke wijze te voldoen, inzonder„
„heid de vaartuigen Goederen of onderdaenen
van den Teuder, die zich onder uwE: bestek„
mocht bevinden te arresteeren mitsg:s
zoo wanneer de drie kruispatjallangs van
Iaffanapatnam reets mogte aangekoomen zijn„
daar van twee na d' overwal te zenden, om op
alle vaartuigen van den Teuver, of de wille
naer zijne havens hebbende te kruissen, en
dezelven met het volk daer op t' arresteeren,
doch de goederen ten eersten te verzegelen
en onder bewaarder hand te neemen hier van
moeten zelfs geen visschers vaartuigen uit ge„
„zondert zijn, Doch die van elders met onse pas„
„sen mogten koomen, moeten zonder verder
molest terugge geweezen worden indien de
Pantjallangs noch benoorden Adamsbrug
zwerven moeten uE: aan twee van dezelven
Zodaenige"
NL-HaNA_1.04.02_3142_0131.xml,"2088
zodanige ordres met een tonij toezenden. de
darde Pantjallang moet uE: tot de bekrui„
„sing van onzeeige kusten laeten dienen
Neevensgaende brief moet door uE: op de best
voegende wijze naer Tutukorijn besorgt worden,
en dat soo spoedig als mogelijk is.
Ook gelasten we uE: zich naar de ge„
„steldheid der zaeke te kilkare terkon„
„digen en ons van 't geen uE: gedaar
worden, ten eersten berecht te geeven.
Het mede Lid onzer vergadering D' E: Pieter
Liebert schmidt en 't opperhoofd te Tutukorijn
D' E: Devos zijn tot de Direktie deeser affai„
„re expres gekommitteerd, en teffens gein„
„strueerd, om ingevalle de Teuver behoor„
„lijke satisfaktie geven mogte, uwE: aen
te schrijven, om deeze bekruissing te staeken
en de vaartuigen etc: die intusschen mogten
agterhaeld zijn, t' ontslaen; waer aen uw E:
dus zullen hebben te voldoen.
waarmede na groete blijve /:onderstont:/
als vooren /:geteekent:/ Im: willem Falck
I: I: Feber, I: G: van Angelbeek en A. Moens
/:in margine:/ kolombo den 24: 9ber: 1765
Aan
a"
NL-HaNA_1.04.02_3142_0132.xml,"Aan als vooren
Het talmt te lang met de patjallangs, wij hoopen
echter, dat ze met het veranderde weer van deeze
quartier maan door de engte van Pambe zul„
„len geraekt weezen; waer toe uwE: desnoods
nogmaels gelast worden, met iteratie van onze
„gem:
bij missive van den 10: deeser.
gegeeven
ordre. En wijl de vaartuigen wel eens zullen
dienen gekalfaet en aen derzelver toigj voor„
„zien te worden, moeten er twee van die het
meest gebrekkelijk zijn, naer kolombo af„
„koomen, om verholpen te worden, terwijl
hunne maets het werk der bekruisinge
waerneemen kunnen
waarmede na groete blijve /:onderstont:/ als„
„vooren, ter ordonnancie E: /:getekent:/
I„n J„s van Angelbeek, sekretaris /:inmargine
kolombo den 18:' xber: 1767.
Akkordeert
E: k: van't
geh: kommette
Joann Reinbous"
NL-HaNA_1.04.02_3142_0133.xml,
NL-HaNA_1.04.02_3142_0134.xml,No
NL-HaNA_1.04.02_3142_0135.xml,"2081
Aangekoomene Brieven
Van
Mature"
NL-HaNA_1.04.02_3142_0136.xml,
NL-HaNA_1.04.02_3142_0137.xml,
NL-HaNA_1.04.02_3142_0138.xml,
NL-HaNA_1.04.02_3142_0139.xml,"2000
TKolombo.
Aan den wel Edelen Groot achtb Hoog Gebiedende Heer.
Lubbert Jan Baron van Eck.
Raed Extraordinair van Nederlands India
Gouverneur en Directeur van het Eijland Ceijlon
en dies onderhorigheeden.
Wel Edele Groot Achtbaere
Hoog Gebiedende Heere!
Vermits volgens de successive ingekomene berig„
ten der spions uit de collona-coule der dessave
nae Putulang was vertrokken, en de volkeren
in gem: corle zoo wel als altacolan vergae„
dert werden om meede nae derwaerts ver„
voert teworden, zoo hebbe d' Eere uwel Edele
groot agtbare zulks eerbiedig ter kennisse
tebrengen en teffens ter dispositie voor te draegen
eene propositie van den Corael van cattoene
welke betuijgt dat dewijlen hij lange Jae„
ven net der woon in gem: Corle is geweest
de inwoonderen gaerne zig aen sijne beveele
zouden onderwerpen temeer sij lieden alle
tegen zin in den oorlog hadden en veel meer
om nae Puttulang of elders buiten hun
district den kooning tegen de komp=e te
„helpen."
NL-HaNA_1.04.02_3142_0140.xml,"neerd na de waluwe begeeven en daer eenige
tijd blijven resideeren en de post polwatte
met 50. sipahis besetten den luijtenant van
Den berg met zijn detachement weeder plaet„
sen aen de walue om den inland in het
oog tehouden en hun alle exceptie beneemen„
die anders zouden kunnen voorwenden, hooge
zulks bij uwel Edele Groot agtbare aprobatie
zal vinden, zoo wel, tot deese als tot de Expeditie
in de Colonna Corle zal alle mijnen wer
en vigilantie aenwenden om spoedig en
zigtig uit te voeren den prijs die uwel
Edele Groot achtb: daer op steld is mij zoo
over aengenaem dat ik met hooge Eerbied
blijven /:onderstond:/ als vooren /:Getekend
A: De Lij /:in margine:/
Mature den 8.
A„o 1765.
Januarij
Aan Als vooren.
De corael van catoene weeder op ontbooden
oppert swaerigheeden Egter zal tragten door
W.
een togtje na catoene die te doen verdwijnen
De Laskouijns onder den Modliaer Disanai
ke zijn hier op gisteren avont aengekomen
en heeden die den gale korle na dat zij wat
uitgemust de zieken teegen gesonde verruijlt
item"
NL-HaNA_1.04.02_3142_0141.xml,"2084
item coelijs vergadert en ook eenige trom
geveetschappen patroonen E=na van Gale ar„
riveere zal uiterlijk sondag of maendag de
mars aanneemen en vervolgens beloove heij„
liglijk alles aentewenden om uwel Edele
groot agtbare aangeboorne Edelmoedige
gunste te gewinnen
Recommandeere mij in dezelve en blijve met
veneratie /:onderstond:/ als vooren /:getekend/
A: I: De Lij /:in margine:/ Mature Den
14. Januarij Anno 1765.
volgens mijne belofte zoo zijn voor 't grootste
gedeelte de swarigheeden door den Corael
g'opperd verdweenen hij is met 25. Maleijers
onder een officier van die natie zijn eijge
twee Randjes Laskorijns en nog een parthije
van opgeworve Jnlanderen op den 19=e na
wallalgodde gemarcheerd possessie van de
gravet genoomen de bewaerders alle hebbe
vlugt genoomen verwagte nader advis als
wanneer niet omitteeren zal uwel Edele
agtb: te bedeelen den corael proponeert
om een Commando hem na tezenden
op dat hij met vreugde verder kan op
rukken
Aan Als vooren.
ouder"
NL-HaNA_1.04.02_3142_0142.xml,"Onder uw wel Edele Groot agtbare hooge apr
batie ben ik van gevoelen
zijnde meede
het advis van den Capitain Billefelt om
op wallalgodde een aerde redout te doen
opwerpen en daer 60. Maleijers en 40. Euro
peese te plaetsen om deesen Corael te
ondersteunen ten minsten om hem aentemo
dige den opmaas met ijver te doen voortgaen
welke Manschappen men wel kan vinden
uit het corpus te Jangale, alsoo dat
zo ras de inlandse arme en het delache
ment aen de waluwe geplaats zoo
considerabel niet behoeft teweezen en
des noods zoude men acuras door een
sergeant Corp=ls en 12. gem: kunnen be„
het laeten en deese volkeren doen op„
rukken na de Moraua Korle om aldaer
ook een beweging tedoen om den Corael
te ondersteunen of eigentlijk om de kande
anen deschrik op het Lijf tejaegen dat
zonder resistentie bij de welmeenen de
overgaen en zig aen dE: komp te onder
werpen.
desannas die in de Colonne Corle hebbe
laeten publiceeren hebbe de Eerd en Ca
fext."
NL-HaNA_1.04.02_3142_0143.xml,"2085
Aan als vooren.
„sept: deese te doen verzellen.
Morgen ogtend gaet de inlandse Armé
op Mars zullende ik met het Euro„
peeze detachementen hun kort op de hie
len volgen zijnde tot mijn leetweesen
al al een en twintig Lascorijns en vier
Coelijs der Gale Carles gedrost den Agtb:
heer Commandeur is daer kennisse
van gegeeven met verzoek andere in
dies plaats te besorgen en de vlugtende
tedoen opvatten en ten Exempel van an„
dere tedoen staaffen.
Jn hoope en verlange van spoedige res„
chriptie hebbe de hooge Eere van met
nedrigheijt te blijven /:onderstond:/ als
vooren getekend A: D Lij in margine
Mature den 20. ' Januarij anno 1765.
op den 22.' na mijn laaste schrijven het
inlands korps van Mature vertrokken
heeft mij daar afgewagt tot den 23. wanneer
gezamentlijk van dikwelle opgebroken
en heden op Tangale arriveere van voor„
neemen, na dat ik met den kapitain Bille
veld zal hebben geaboucheerd geprojecteerde
Rijse
0
tmd
gaen
vee
che
dat
der
ebbe
Ca"
NL-HaNA_1.04.02_3142_0144.xml,"Rijse te vervolgen ondertussen na daar
G
alles geschikt te hebben mij ten allerspoe„
digste na Catoene begeeven verlangende on„
dertussen na antwoorde op mijne Eerbie„
dige laatst voorm: van den 22„:te wier Dup:
deeze eerbiedig verzelt.
gelijk ik needrig nog melde dat den gem: Ka„
pitain zoo wel als den Modliaar van Catoene
raporteeren dat gem: Modliaer de
onderwerping der Colonne Corles inwoon
deren verschijde dagen te vergeefs in ge
wagt had vervolgens een doap in brand
had gestooken en dat daar op de Jnwoon„
deren gezaamentlijk aan hem olassen
hadden gezonden en kort daer op ook
ses dorpen met hunne Hoofden bij hem
hadden gevoegt en zig aan D E: Comp=e
onderworpen en alle getrouwheidt aan dE:
Comp=e en hem Modliaar belooft.
Dat gem: Modliaan, ook den Modliaer van
Madoeanwile had laten uitnodigen dat dezelve
wel belooft had bij hem overtekomen maer
dat door spions vernoomen had gem: Ma„
doeanwilse Modliaar ondertussen een ola
aan den dessave van sassregam hadde geschree„
ve"
NL-HaNA_1.04.02_3142_0145.xml,"2086.
vs om zich met hem te conjungeeren en den
Catoens Modliaar te doen delogeeren uit dien
hoofden Jmploreerd den Catoens Modliaer
om een ligt Commando Javaenen bij de 25.
reeds geleeverde om den Madoeauwilse Mod„
haer opte zoeken en hem gevange teneemen
Nader bekoomd berigt van gem: Modliaer
zelve derweegen dat verschijde Hoofde Mohan
dirams en mindere met alle inwoonderen
zig bij hem gevoegt hebben onder belofte
in alle vriendschap met hem Modliaen
en goede getrouwigheid aan dE: Comp=e
voortaan tewillen weezen zodat nu geen
secours meer van noden hadde.
wijders hebbe tot mijn uitterste genoege d'
Eere uw wel Edele Groot agtbare te Meeden
dat de wassers en vissers inwoonderen
aan de overzijde van de waluwe mij heb„
ben doen weeten door afgezondene dat
zij zich aanstonds zoo ras mij Dessave
daar zal verthoone met ijver zullen on„
der werpen met aanhalinge van Eenige
louanges over de gerugte van mijn regt
matig bestuur en zagtzinnige geaert
heid waar door zij zeggen temeer over„
gehaalt"
NL-HaNA_1.04.02_3142_0146.xml,"Aan als Vooren
gehaalt te zijn en wijders deeze niets bijtevoe„
gen. als zullende van andere zaeke na uit„
gang den Expeditie bij wijse van Raport uw
wel Edele Groot Achtbare van berigt dienen
moetende egter ingevalle terme hier aanha„
len men wel kan zien geen Dessave in vier
of 5. Jaaren in het land geweest egter de
„moed niet verlooren geeve als uw wel Edele
Groot Agtbaere protextie hebbe alles in
een gewenschte staad te herstellen, waer
over hoope zelve Mondeling uw wel Edele
Groot Agtbaere meede te onderhouden zoo
als vooren genoteerd hebbe na gedaane
Expeditie —
Eijndelijk hebbe desene gehad te ontfange
uw wel Edele Groot Agtbare Missive
van den 17. Janu: en blijve overigens net
de hoogste agtinge /:onderstond:/ wel Edele
Groot Achtbaare Hoog Gebiedende
Heere uwel Edele Groot Agtb: Gants
onderdanige en Gehoorsame Dienaer
/:was Getekend:/ A„s Delij /:in margine
Tangale den 24. Januarij Anno 1765.
Even na het afsenden van mijne nedrige
van"
NL-HaNA_1.04.02_3142_0147.xml,"2087
van gisteren zoo hebbe de Eer uw wel Edele
Groot Agtbare brieve van den 22. te ontfange
in welke rescriptie Eerbiedig nooteere dat gien
de minste rescriptie veel min andere Lascorijns
en ooelijs van den E: E: Agtb heer Commandeur
hebbe bekoome
dat heeden nam: 2. uuren vertrek na Mara„
cadde waar den E: Capitain billevelt hebbe gein
viteerd om heeden avond teweezen of zoo om
Eenige redene merkelijk zijn E: praesentie al„
daar benodigde, mij de weet telaaten doen, als
wanneer na Catoene heden nagt zoude door
marcheeren om zijn E: advis over den inhoude
van uwel Edele Groot agtbare geserd schrijven
inteneemen zal niet afweezen van uw wel Ed=e
Groot Agtbare recommandatie steets met bedagt
zaamheid en goed overleg te Executeeren en van
de minste omstande verslag doen ben egter
van voorneemen op morgen de Inlandse vol„
kere na de waluwe tezenden en hun over„
morgen ogtend tevolgen zijnde de ruste
huizen volgens mijne gegeevene last reets
vervaerdigt
Overigens na toewensch van alle goede
successe en onderdanige groete blijve
/onderstond:/
200
ge
ts
naer
gin
1765.
ige
„"
NL-HaNA_1.04.02_3142_0148.xml,"Aan als Vooren.
gehaalt te zijn en wijders deeze niets bijtevoe„
gen. als zullende van andere zaeke na uit de
gang den Expeditie bij wijse van Raport uwo„
wel Edele Groot Achtbare van berigt dien„
moetende egter ingevalle terme hier aanha„r
len men wel kan zien geen Dessave in vie
of 5. Jaaren in het land geweest egter de
„moed niet verlooren geeve als uw wel Ed:
Groot Agtbaere protextie hebbe alles in
10
een gewenschte staad te herstellen, waer
over hoope zelve Mandeling uw wel Ede
Groot Agtbaere meede te onderhouden zo
1
als vooren genoteerd hebbe na gedaane
en
Expeditie—
Eijndelijk hebbe de Eere gehad te ontfang
Rieek
uw wel Edele Groot Agtbare Missive
van den 17. ' Janu: en blijve overigens ne„
de hoogste agtinge /:onderstond:/ wel Edel
Groot Achtbaare Hoog Gebiedende
Heere uwel Edele Groot Agtb: Ganf=e
oo
onderdanige en Gehoorsame Dienac„
/:was Getekend:/ A„s Delij /:in margin„
Tangale den 24.:' Januarij Anno 174en
Even na het afsenden van mijne ne drigtn
van
le"
NL-HaNA_1.04.02_3142_0149.xml,"2087
van gisteren zoo hebbe de Eer uw wel Edele
Groot Agtbare brieve van den 22. te ontfange
in welke rescriptie Eerbiedig nooteere dat geen
de minste rescriptie veel min andere Lascorijns
en ooelijs van den E: E: Agtb heer Commandeur
hebbe bekoome
dat heeden nam:e 2. uuren vertrek na Mara„
cadde waar den E: Capitain billevelt hebbe gein
viteerd om heeden avond teweezen of zoo om
Eenige redene merkelijk zijn E: praesentie al„
daar benodigde, mij de weet telaaten doen, als
wanneer na Catoene heden nagt zoude door
marcheeren om zijn E: advis over den inhoude
van uwel Edele Groot agtbare geserd schrijven
inteneemen zal niet afweezen van uw wel Ed=e
Groot Agtbare recommandatie steets met bedagt
zaamheid en goed overleg te Executeeren en van
de minste omstande verslag doen ben egter
van voorneemen op morgen de Inlandse vol„
kene na de waluwe tezenden en hun over„
morgen ogtend tevolgen zijnde de ruste
huizen volgens mijne gegeevene last reets
vervaerdigt.
Overigens na toewensch van alle goede
successe en onderdanige groete blijve
/onderstond:/
„
daig"
NL-HaNA_1.04.02_3142_0150.xml,"Aan als Vooren
onderstond wel Edele Groot Achtbaere Hoog
Gebiedende Heere uw wel Edele Groot
Achtb: aller onderdanigste en gehoorsa„
me Dienaer /:was getekend:/ A: De Lij
in margine:/ Tangale den 25: ' Ianuarij
1765. P: S: Twee requesten van een Javaen
se officier en een onder officier versellen de
se ter Dispositie
Gisteren alhier g'arriveerd hebbe de Eere zulks
te bedeelen het besluijt bij te zaamen„
koomst met den Capitain DE: Billefelt
in mijne voorige Eerbiedige vermelt is
om wallalgodde te paggeren zo en hout
werken digte bij zijn, en den braeven Lui„
tenant ter Smitte daar in Commando te
plaatsen met den vaandrig Rottiers, in„
tussen heeft den Coraal al eens slaags ge„
weest maar na ander halve uur op Ee„
kandere gevuurt te hebben zijn dejavaenen
en op ingegaan en de vijanden verjaagt
zonder van onse zijde geblesseerde te betroo„
Den corael wagt alleen na meerder secourt
en zijn geene de minste swaerigheeden, of
alzoo
men"
NL-HaNA_1.04.02_3142_0151.xml,"2068
alzoo wallalgodde zo dE: Comp=e een fron„
tier redout of vesting wilt hebben vrij be„
ter is geleegen als Catoene zijnde de gantse
Colonna die de Morrua als omringt,
een kostelijk lant zoo in gezaaij als dien
heerlijken renkbast Cannel waare te wen„
schen DE: Comp=e deeze provintie bij sluij
ten van vreede kon bekoomen aangaende
de inlandse Anme morge staad dezel
„ve de Waluwe te passeeren en haer
Camp te betrekken ten eijnde nade
bagagie overgezet te hebben voor te
rukken, ondertussen heeft den Mod
liaar mij gedeclareert zijn verzoek
niet om den vaandrig Oosterman
was geweest maar wel om den lui
tenant van den Bergh, zoo hebbe on„
der uw wel Edele Groot Achtbare hoog
gunstig welbehaagen zijn versoek ge
accordeert, temeer om dat den Lui„
tenant van den Berg zelfs daar toe
inclineerde en zijn E: Moderaet hu„
meur beeter schikt tot zoo een pan„
thij als dat van den vaendrig oost„
man welke laaste aan de walue
als.
de
felt
s
agt
ge¬
„
te
de
zoo
„
te
„"
NL-HaNA_1.04.02_3142_0152.xml,"als een gants huijshoudelijk en geschikt of„
ficier hebbe geplaats ten Eijnde den Luite„
nant van den Berg ijts benodigende spoe
dig mag bekoomee.
Ik neeme de vrijheid om gem: officieren bij ge
leegentheijd van een Militaire promotie
in uwel Edele Groot agtbare gunste en
goede gedagte te recommandeeren gelijk
meede Eerbidig meede een eenig sergean td
zig vrijwillig tot de Expeditie heeft aan„
gebooden gent Abraham Blommert
een flux traijman en goed soldaet ik bid
de ootmoedigste wel Edele Groot Agtb:
gelieve hem met den rang van vaendrig
te vereeren gelijk ook den Javaanse ser„
geant Abdul Rantpatoea kan, dewijl
geen een tot den Mars bequaamen van„
drig bij de detachementen te vinden is,
en dezelve op verzoek van den L=t van den
Berg mede gegaen gelijk gebrek aen
onder officieren mij de vrijheit doet neem en
verschijde braaveluiden voorte draegen
bij nevensgaande Lijste bekent versoekende
gunstig nieuwe actens na volgens de quali„
teijten daer bij vermelt
zoo Even koomt den Modliceaa Dissanaike
mij"
NL-HaNA_1.04.02_3142_0153.xml,"2089
Aan als vooren.
mij zegge op Moogen zijne posten bij
de zoutpannen zal uitzetten
Hebbe overigens de Eere van met ver Schuldigde
hoog agting te zijn /:onderstond:/ wel Edele
Groot Achtbaere Hoog Gebiedende Heere
uw wel Edele Groot Achtbare on
derdanige en gehoorsame Dienaer /:was
getekend:/ A:s DeLij in margine
waeuwe den 30. ' Januarij 1765. —.
Na mijn Eerbiedig advis van den 30:' Ja„
nuarij zoo is den Ed=e Manhaften lui„
tenant van Den Bergh met de Europa„
sen en Maleijers item de Jnlandse
Armé onder den Modliaar Don
Simon wickremeratne Disanaijke
den 31. de Rivier De waluwe gepasseert
en bevinden zig in een goeden staat digte
bij Mahalewaij te Hambantotte alle
de vlugt genoomen egter dezelve hebben
laeten weeten op heeden bij haer te zullen
koomen gemelden Luiten=t prijst zeer den
Modliaer over de Liefde en hulpe die hij
aan de Europeese en oosterse Militie be„
wijst
Ik neeme.
Spoe
de
en
aike
8"
NL-HaNA_1.04.02_3142_0154.xml,"Ik neeme de vrijheit gem: luijtenants tot
eenig avancement te recommandeere Jn
uw wel Edele Groot agtbare hooge gunste
op dat daar door zijnen ijver en Courag
mag opgewakkerd werden.
Vier uwe ook gesloote een brief van zijn
E: aan uw wel Edele Groot agtbare ge„
rigt gelijk ook bijvoege eene Generale
korte sterkte waar uit blijkens de
Anne in het geheel bestaad uit 992.
koppen buiten een Considerabele
aantal van Coelijs.
S Maandag morge zal mij na Catoe
ne begeeve, kunnende uw wel Edele
Groot Agtb: van daar geen aan een
geschakelt Raport doen alsoo de
brieve van den E: Capiteijn Billefelt
en den vaendrig fremke met de olassen
van den Modliaar niet accordeeren
Egter is alles stil en het detachement
reeds op Catoene vergadert, krijgende
ik ola op olas van den Modliaer van
Madoeanwile die nog niet tot dE: Comp=e
is overgekomen maar zig heevig over de
Coraal Modliaar van Catoene beklaagt
83:"
NL-HaNA_1.04.02_3142_0155.xml,"2090
NB: om dat deezen, korael de vader en vriende
van deezen konings Modliaar heeft agter„
haalt en op Catoene in Arest gebragt, tef„
fens verzoek doende een ander Modliaar
aldaar om Eenige frivole Exectie, E dog
dewijle dezen Madoeanwilse modliaer
niet alleen den E: Capitain van Borne
maar voorleden Jaar den E: Capit:n Medelen
heeft bedroogen met belofte zonder tot
daaden tekoomen, zoo dunkt mij dat
men zig na zijne Caprices of wille niet
behoeft te stooren maar den Conael
van Catoene aangespoort om voortevaeren
in zijnen ijver waar toe ook den E: Capi„
tain Billefelt hebbe gelast item om de ge
vange op de beleefste wijze te houden, wit
linne een apartentent en al het benodig
de te bezorgen en van sComp=s welmenent„
heid verzeekeren ook hun denoodige onder„
houdinge besorgende tevens hem te doen be„
„waken.
Gelijk almeede den Modliaar van Madoe
auwile hebbe aangeschreeve zo wel als
aan den Cap=n billevelt en vaendrig fran
ke als er Differenten waeren en den Mod
liaar van Madoeanville zig bij den Co„
„rael
klaagt"
NL-HaNA_1.04.02_3142_0156.xml,"Aan als vooren.
„ael niet wilde voegen hij zig dan bij den
Modliaer Manamperie kou aangeeven
in de Marrua Corle die reeds ordere had
hem in scomp=s bescherming overteneemen
Denke dat alle historieelen van die natuur
zullen cesseeren zoo ras mij op Catoene en
wallalgodde bevonde waer toe immers
allen spoet zal maken hebbende reeds
getast een pagger alhier aenteleggen
immers zoo beknopt als mogelijk
voor 100. a 150. man en zal niet om„
mitteeren bij nadere nouvelles uwel
Edele groot agtbare die te bedeelen
Blijve dus ondertoewensch van alle progres
sen met de hoogste Eerbied /wel Edele
Groot Agtbare. Hoog Gebiedende Heere
uw wel Edele Groot achtbare onder„
danige en gehoorzame Dienaer was
getek:d/ A: Delij in margine Wa„
luve den 2. febr: 1764.
Hebbe de hoge eere uw wel Edele Groot
agtb met vergenoege te communiceere
den E: Capitain Billevelt na wallal„
godde is opgerukt om de paggen te
Effectueeren
E"
NL-HaNA_1.04.02_3142_0157.xml,"2091
Effectueeren zijnde werkelijk beezig om
de bossen aftekappen
ses doopen hebben sig aan dE: komp=s onder„
worpen maer den zogen: Modliaer van
Madoeanwile schijnt niet te zullen bijbooo„
men als met gewelt wanneer met den E:
Capitain Billevelt zal hebben geaboucheerd
dat hoope mooge of overmorge te zijn zal
men zien den vogel zelfs te knippen en
zijn Eijge rest.
De post de waluwe is geplaatst den oficier
aldaer is in alles behoorlijk schriftelijk
geinstineert zoo ook den luitenant
van den Bergh in het Panoase zijn E:
bevind zig een mijl van Mahalewarij
bij het dorp; heeft deinwoonderen
vriendelijk ingevolge van een Ianuas
ola door mij getekent laaten noo„
digen maar deselve houden zig
met belofte van bijtekoomen in
de bosschen schuil uit vreeze voor quade
behandelinge, roverijen en brutali„
teiten die zij zeggen van het komman
do onder den Capitain van den Borne te hebben
gelieden in de voorige Expeditie egter had
zije
wa„
o
en"
NL-HaNA_1.04.02_3142_0158.xml,"zijn E: haar van het tegendeel verseke„
ning gedaen, en gewiste belofte bekoomen
binnen en a 2. dagen zig zoude onderwor„
pen
ook Raparteerd gem: Luitenant de gerug
ten waeren den dessave van oewe en een
Bitmerale niet ver van Magamme
niet wel een magt van tien duijzen man
zig bevond en dat hij luitenant met den
Modliaar Disanaike van voorneemen wac
ren onder Godes hulpe hem Dessave op te zoeken
en slag televeren en wijders die zig niet qua„
men te onderwerpen te vermoorden alles te baan
den en blaaken om de schrik daer in tekrijgen
ten dien Einde stond de Arme opgisteren mor„
gen optebreeken ondertussen hebbe zijn E gere„
commandeert wat Materiaals Gasten na Ma„
ture tot de fortifikatie in de ketting te bet„
sorgen waar aen niet twijffele of zijne: zal
zulks wel besorgen temeer ik oogenblikkelijk
tijdinge ontfange aende waluwe te Canailjes
zijn opgebragt ten dien Eijnde als zijnde met
waepenen inde hant geattrappeert.
voor den P=le assistend Johannes Grijn van Gale
in Expeditie met den luitenant vanden Bergh
verzoeke"
NL-HaNA_1.04.02_3142_0159.xml,"2092
verzoeke ootmoedig acte als assistend met ƒ 20
a ƒ 24. alzoo den zelve een vigilant nugter
Jongman en pennist is ook vrijwillig geso„
lisiteerd om de Expeditie bijtewoonen
Na uw wel Edele Groot Agtbare regeering en
voorneemens in Godes hoede te hebben aen„
bevoolen zo blijve met hooge Eerbied on„
derstond wel Edele Groot Achtbaere Hoog
Gebiedende Heere uw wel Edele Groot agt„
baere Gants onderdanige en Gehoorsame
Dienaer getekend :/ A: De Lij in margine
Maracadde den 8„e Febr: 1765.
den spoed waarmede ik gaarne uw
wel Edele Groot Achtbare de Nouvelles
en voor al goede wil doen toekomen be„
letten mij den inhoude van twee brie„
ve in telijven waerom deeze laete ver„
zellen van de twee Copias brief als
een van den E: kapitain Billevelt
van wallalgodde en een d=o van den
luitenant van den Bergh uit Magam„
me aan wiens inhoude mij nedrige
refereere
Alleen segge over de propositie van
Aan als Vooren.
den"
NL-HaNA_1.04.02_3142_0160.xml,"den Modliaar met den E: kapitain
Billeveld morge staa te spreeken en hoo„
pe dat zoo een Camp teegen den Dessa„
ve van sassaegam gewaagd word zulks
gelukkig zal reusseeren en zoo het al
qualijk uitvrele zal men egter zorgen
in defentie te blijve
wijders hebbe de Eere te communiceere na
alles hier in ordere gebragt te hebbe stad
tevertrekke over Berlepannetotte Acaras„
se en Mature in Jangale en weder na de
waluwe en zulk alles in den meesten in
vertrouwe mijne brieve van den 25. ' en
30. Januarij 2. en 8. februarij wel bij uEd=e
groot agtbare zullen zijn bestelt
zal niet af zijn steeds te toone de attentie
die hebbe om uw wel Edele groot agtbare
te kunnen behaage als zijnde met hoog
ontzag /:onderstond:/ wel Edele Groot
achtbare hoog Gebiedende Heere uw
wel Edele Groot achtbare gants onder
danige en Gehoorzauw Dienaer was
getekend:/ A: DeLij in margine
Cattoene den 9=e februarij 1765.
Aaen"
NL-HaNA_1.04.02_3142_0161.xml,"2093
om den Corael te ondersteunen of Eijgent„
lijk om de Candianen de schrik op het
lijff tejaagen om zonder resistentie bij de
wel meenende overtegaen en zig aen d'E:
komp=e te onderwerpen.
Colonna Corle hebbe
de samias die in de
laeten publiceeren hebbe de Eere inconcept
deeze te doen versellen.
Morgen ogtend gaat de inlandse arme op
mars zullende ik met het Europeese
detachement hun kort op de hielen volgen
zijnde tot mijn leedweesen al een en twintig
Lascorijns en vier Coelijs der Gale korle
gedrost den agtb: heer Commandeur is daer
kennisse van gegeeven met verzoek andere
in dus plaets tebesorgen en de vlugtende
te doen opvatten en ten Exempel van andere
te doen straffen.
In hoope en verlange van spoedige ressrip„
tie hebbe de hooge eere van met nedrig„
„heid te blijve /:onderstond:/ als vooren /:ge„
tekend:/ A: de Lij in margine:/ Mature
den 22. Januarij Anno 1765.
Aan als vooren.
Na het afgaen van mijne nedrige van den
g.' zoo heeft men berigt gekreegen dat
den
uEd=o
tie
den"
NL-HaNA_1.04.02_3142_0162.xml,"den dessave van suffregam in de Colonna
is gekoomen met een groote magt
waer bij zig den Modliaer van Madoe
anwille heeft gevoegt zoo dat de projec„
ten van den Modliaer teevens met zijn
courage zijn geEijndigt, egter heeft dee
broeder en stief vader van den Modl=
van Madoeauwile opgelegt aengehaelt
bij mijne nedrige van den 2. februarij
die na Mature hebbe laeten vervoeren
en gevange houden
den capitain Billevelt wierd dus door
verscheijde spians gewaerschouwt dat
den dessave hem zoude overvallen en
masacreeren zijn E: mij daer van ken„
nis geevende zond een Commando van
60. Man onder den vaendrig baron
van ugterist benevens een lb: kanon
met al zijn toebehooren aen zijn E: met
de ligte maen dat zonder iets te ont„
moeten op wallalgodde arriveerde en
weeder zoodanig in het Camp te Catoene
te rug quamen en zeedert net als ge„
nugten vernoomen zullende de pagger van
aerde."
NL-HaNA_1.04.02_3142_0163.xml,"2094
aarde en boshout teegen ult:o deeser in de„
fensie weezen.
de onmogelijkheid om iets verder met hoop van
goed succes te onderneemen doet daer bij bepaelen
te meer in aansien neemende de wynige magt als
slegte constitutie zoo van Europeese en voor als
Javaense Militie waer van veele nog laboreeren
ook
aen de jaliputse ziekte en onder dewelke „ nog
veele malcontenten over te goed behoudene gagie
en ook een geheele partij door 't amphioen
schuijven onbequaem en als levende dood sijn en
niet een staet een mars te doen als zijnde van
gevoelen den Jnwoonder wanneer zien Ereest
is men zig op wallalgodde vast steld wel
door de tijd alle zullen bijkoomen.
op 't requisit van dE: van den Bergh is hem
op uwel Edele Groot agtbare qualificatie
om op oede Malgamme post tevatten 1. Europ:
sergeant en 18. Europ=s als Maleijers gezonden
met nota geen volk meermoet Eijsschen of
verwachten te meer zijn E: en den modliaer
Disanaijke aentethoonen hooger op niets voor
deeligs voor dE: Comp=e en voor de volkeren
niets als een zekeren dood weegen ziekte
te bekoomen is
In antwoorde op uwel Edele groot achtbare
secreete Missive van den 13. februarij abusive
door den E: E: agtb: heer Commandeur te Gale
opengebrooke.
a
f
arij
ren
a
ge„
van
ls"
NL-HaNA_1.04.02_3142_0164.xml,"opengebrooke en mij sodanig benevens een
Communicatie briefken toegesonden zegge
Eerbiedig het bovenstaende aen de intentie van
de bedenkinge voldoet aengaende wallalgodde
en denbee, onder welduijdinge het goed zoude
weezen DE: van den Bergh met zijn inlandse
armee tussen magamie ende waluwe dan
wel Magamme zelfs een pager op wierp met
wooninge en berg plaetse voor Provisie en
aldaer vertoefde zijnde in een dag en staed om
optebreeken en bij de post waluwe tot secours en
op tangale in twee daege tedienen kunnende
in het tweede geval op Magamme tweet aand„
jes van de braetste Lascarijns een goed Sergeant
en 18. gem: post houden
wijders hebbe de Eere te bedelen dat in steede mij„
ne voiage over de berlepanne totte genoome
hebbe over wallaemoele hackman na Ma„
ture en van daer over acuras na beale panne
totte, gedeubee op morgen te vertrekken men
heeft de post aldaer alleen Marsveerdig
gelaeten om dat den E: Kapitain Billevelt
van gevoelen door de onbequaeme weegen
langs de Morrua korle niets te ondernee„
„men was.
uit het een en ander zult uwel Edele Groot
achtbare zien dat men in een deselve posi„
tils is als voor de Expeditie Excepto dat„
pollatte"
NL-HaNA_1.04.02_3142_0165.xml,"2095
pollatte zoo wel als accuras gedeeltelijk met
sipais is beset maer in teegendeel onse
frontire Catoene en walice Considerabel
versterkt, zullende ik tragten te zorgen
niets bij die detachement gebreekt, zullende
mij steeds bij omtrend de een of ander
bevinden om alles in ordre en Goede
subordinantie tehouden.
Het overige in uwel Edele Groot agtbare Mis„
sive vermelt zal mij strekke tot rigtsnoer„
verwagte op 't hier inne genoteerde ge„
en
deerde aprobatie ofte beveelen en hebbe ten
d' Eere van met verschuldigde Eerbied te rrt
blijven /:onderstond:/ als vooren Getekend en
A: De Lij /:in margine Mature den 17.'
febr: Anno 1765.
Aan als vooren
zoo ogenblikkelijk ontfang tijdinge dat den
gepasseerden sergeant en 12. gem: benee„
vens 1. arraetje 2. cang=s en 24. Lascorijns te
oedemalegamme op den 17. van Smor„
gens 7. tot 9. uuren zijn geatekkeert. ge„
meede serg=t de vijanden heeft op de
vlugt gedreeven een oosterling dood ge„
schooten en 1: gequest, des namiddags
weeder was geataqueert met zodanig
een overmagt dat genootzaekt is
geweest
e
van
e
de
t
om
en
ocos
aand„
geant
de
e
wij„
u
„
panne
men
dig
velt
gen
e„
t
posi„
dat
„
0"
NL-HaNA_1.04.02_3142_0166.xml,"geweest de vlugt teneemen en zig na dewa„
luwe te retireeren alles omstandig te beoo„
„gen bij relaes Aan de waluwe door gem:e
sergeant op den 18 deeser verleent, welke
de Eere hebbe hier neevens tevoegen.
Den E: Luiten=t van den Bergh ra„
porteerd almeede zulks en vraagt ordre. ik
hebbe gem: luitenant bevoolen zig na de
walue te retineeren, zijnde altoos in
staad om stroop parthijen uittesenden
en het gantsche land te ontrnsten
op wallalgodde is alles thans stil en voor
al na dat den vaendrig nottiers de Cau„
dianen met een Detachement heeft ag„
tervolgt en op de vlugt gedreeven en 6.
swaere gequeste agterhaelt, die door de
Maleijers zijn gekrist geworden.
den kapitain Billefelt 't kommando aldaer
aen den Lieutenant ter Smitte overgegeeven
is op Catoene geretourneert
Jk staa morgen ogtend, met den dag na
Jangale en waluwe te vertrekken en zal
d' Eere hebben uwel Edele Groot achtbare
van daer nader Raport tedoen, temeer
dien Sergeant anders braef Soldaet
van insentie ben nader te ondervrage
Hebbe:"
NL-HaNA_1.04.02_3142_0167.xml,"2096
Aan als
Hebbe overigens de eers van met de meeste
hoog agting te blijve /:onderstond:/ als vooren
getekend:/ A: D: Lij /:in margine Mature
den 19=e februarij anno 1765. —.
vooren.
volgens mijn gedane advis van den 19=e deezer zoo ben
op de geswinste Maniere na de Waluwe vertrokken
en daar alles in een goede ordre en depagger
pak en woninge bij na op de helft vervaerdigt
gevonden zijnde den L=t van den Bergh aldaer
met een Detachement om met mij te spreeken
van over waluwe gearriveerd, welk rapport
met zijne onderhebbende op het gerugt van
de verlaeting van oedemalegamme en Ra„
part van het daar op uitgesondene klijn De„
tachement van Magamme met geheele macht
tezijn opgebrooken en de verloore rijst en Nelij
weeder te hebben gevonden en na de vijanden op
de vlugt gedreeven te hebben vervolgens verder
walue waerds opgemarcheert van intentie
na mij te hebben gesprooken weder opteman
„cheeren
Den sergeant Gradolf tot reedene van
verschoning bij gebragt hebbende dat
zijne patroone voor het grootse gedeel
te
a„
beoo„
voor
Cou„
9„
de
daen
en
na
en zal
tbare
mer
t
ge
ebbe"
NL-HaNA_1.04.02_3142_0168.xml,"te verschooten waeren en wel, eenige over
om zig na de waluwe maer niet genoeg-
om zig na dE: Luitenant van Den Bergh
na Magamme te retineeren temeer ten
wegh met singaleeze beset was en de arraetje
Cangaens en Lascorijns zig praepareerde om de
vlugt teneemen en ook werkelijk eenige reeds
gevlugt waeren derhalve na verhoor van de
Maleijers hebbe gem: sergeant ten scharpste
gereprocheerd, waaromme niet eerder zijne re„
traite na Magamme hadde genoome na de
ordere hen van dE: van den Bergh gegeeven, vervol
gens hem vermaand atenten teweezen inden ver„
volge en dat zijne begaend faute alleen wierde
gepasseerd door voorspraeke van den Luitenant
van Den Bergh en Raidt en de vaandrigt oos„
terman en Horneij vervolgens hem met gem:
Luitenant van Den Bergh weeder doen
vertrekken.
Gen: Luitenant van den Bergh is instructie ge„
geeven zoo dat vertrouwe de 4 a 5. doupen
over waluwe wel zullen bij blijven en men
altoos door Patrailjes verzeekerd kunnen
zijn van de soutpannen.
en luitenant van den Bergh klaagt zeer over de
vlugt"
NL-HaNA_1.04.02_3142_0169.xml,"2097
vlugt van de Lascarijens, heeden zijn er agt
gekuipt die naer Mature zal laeten afvoe
ren en ten Exempel van andere in de ketting
klinken om aen de gemeene werken te an„
beiden gelijk ook 1 singalens en twee d=o wij„
ven zijnde betaapt op die verij van patroanen
bij de oosterlinge te Catoene
Raporteere wijders dat na attacque der Can„
dianen een Detachement op wallalgodde
den 22. deezer onder den Lieutenant ten Smitte
met dezelve is slaags geweest verscheijde
Candiaanen zijn gesneuveld en dies den
voerder den kop van den romp afgehouden
zijn van onze zijde Een Corporaal swaer
en gem: ligt geblesseerd bekoomen.
Op den voorslag van den E: kapitain Billeveld
is een agt dagen wagt van 1. Europ: officier
1 d=o sergeant 1. Corporaal en 12. gem: 1.
sergeant 2. Corporaals en 12. gem: oosterlinge
tezaamen 30. koppen op den wallalgodde weg
bij het 2=e rusthuis of ambelan geplaats.
Na afloop van dit Nedrig Rapport zoo
zal op den inhoude van uwel Edele Groot
achtbare hoog G'eerde Missive van den 19=den
alleen antwoorden dat mij noit raporten
zijn
ol
de
er"
NL-HaNA_1.04.02_3142_0170.xml,"De
zijn gedaan van den staad der volkeren,
en dat daar om volgens pligt na dat mij
het gezagh opgedraegen was daer na bij de
Commandante hebbe geinformeert en na welk
onderzoek egter onder „ geheele hoop nog wel die
Capabel zijn om ijts meede te onderneemen
hebbe gevonden maer de restrictie om van uw
wel Edele Groot achtbare of gale geen secours
te kunnen krijgen heeft mij bij het pagge„
ven van wallalgodde bepaalt als meede
mij genodsaekt verdere redene big tevoege
Malcantente over te goed hebbende gagie
zijn geene Europeezen maar wel Maleijent
en wel principael op Cattoene waar zij
in aanweezen mij in huijs hebben bestormd
egter met beloften hun haar tegemoed heb„
bende te zullen bezorgen bevreedigt.
De lijst van die volkeren hebbe deEere hier
nevens tevoege.
De ijverloosheid van den Consumptie boek„
houder dan wel soldij bediendens te Gale
is oorzake van dit alles alzo dezelve
op eene Colombose soldij Memorie gedag„
teekent in Januarij 1764. denkelijk nog„
niet thhebben geandwoord of de lijste verae
versonden"
NL-HaNA_1.04.02_3142_0171.xml,"2098
verzonden van de Comp=e van kapitain Brahim
of Brain bij verkorting was van intentie
mij bij den E: E: agtb: heer Commandeur te Gale
te addresseeren maar de tijd zulx niet hebbende
gedoogt zal men spoedig aan uwel Edele Groot
agtbare ordre bij Circulaire Missive van den
19=e februarij mij zoo ogenblikkelijk terhan
de gekoomen voldoen
waarmede deeze met de hoogste Eerbied sluite
en blijve /:onderstond/ wel Edele Groot achtbare
Hoog Gebiedende Heer uw wel Edele
Groot Achtbare Gants Onderdaanige en
Gehoorsame Dienaar /:was Getekend:/
A: DeLij in margine Rane den 24. fe„
bruarij 1765. lager/ P: S:/ de naam Lijste
hier in vermelt op Gangale verbleven
zal uw wel Edele Groot Achtbare
nader spoedig doen toekoomen.
De speciale Lijst van de oosterlinge bij
mijn nedrige Missive van gisteren voege
hier nevens en Communiceere eerbie
dig den ontvang van uw wel Edele
Groot achtbare missive van den 22 =e
zal de ordres daer in vervat observeeren
Aan als vooren.
staende"
NL-HaNA_1.04.02_3142_0172.xml,"staande de zaaken over de waluwe
ook op walcalgoddewel Ecepto, dat
van waluwe degaalse Lassarijns
meest alle gevlugt zijn
dies naem Rolle zal na Gale ver„
zenden en ondertusschen het getal sup
pleeren zijnde nu zeedert twee dae
gen den weg na Wallalgodde veijlig
hebbe de Eere van na onderdani
ge groete te blijve /:onderstond
wel Edele Groot achtbare Hoog Gebee„
den de Heere uw wel Edele Groot
achtbare Gants onderdanige en Ge„
hoorsame Dienaere /:was getekend:/
A: DeLij in margine Tangale den 25. '
februarij anno 1765. —.
Aan als vooren
Hebbe de hooge Eere uw wel Edele
Groot agtbare te communiceeren dat
eergisteren alhier uit 't veld bengere
tourneerd en oogenblikkelijk tijding
bekoome den Madliaar van Madoe
anwile twee man aan den Luitenant
ter smitte na dat den vaandrig Rot„
„tiers"
NL-HaNA_1.04.02_3142_0173.xml,"2099
„tiers Negen Batterijen hadden vero„
vert en verbaant gesonden heeft
als een vidaan van Magarau Arepoe
en een kangaan van Coembroegamme
met Communicatie als dat den dessavi
van sassoegam welk onder half uur
van wallalgodde met zijn magt zou
de geleegen hebben uit order van den
koning den 26:' 'savonds met zijn
volk na kandia was opgerukt voorm
Modliaar Communiceert tevens aen
den lieutenant ter Smitte als dat hij
op den 27.:' niet zijn bij hebbende man„
schappen voor hem zoude ver„
schijnen am zig tot de komp=e: te be„
geeven alle het welke uwel Edele
Groot agtbare nader kan beoogen
bij kopia Missive hier in Eerbied
nevens gevoegt.
Van over waluwe hebbe geene nadeelige
tijdinge bekoomen zijnde den Lieute„
nant van den Bergh gecampeerd
te Meddegamme bij de groote sout„
pan preepareerende om zich
een"
NL-HaNA_1.04.02_3142_0174.xml,"Aan als vooren.
een retranchem:t of pagger te for
meeren.
Hebbe voorts de Eere van met
verschuldigde Hoog agting te blijve
/:onderstond:/ als vooren getekend/
A: Delij /:in margine:/ Ma„
ture den Eersten Maert Anno
1765.
als een gelukkig gevolg van de progresse
en overwinninge van uwel Edele groot
achtb: in het Rijk van Kandia
waarmede uwel Edele Groot agtbare
reverentelijk filisiteere is aantemer
ke dat op gisteren avont voor mij
zijn geparesseert den Modliaar der
Colonna - Coale Madoeawile Ekenaijke
wisesoendere abekan.
Den vidaan van koemboeroegamme en
Modliaan van Kittelebocke Abese ge„
re wirewardenne.
Den Modliaer van wijerigamme siri„
wardinne Alhakon.
den Geweezen Conael van Niendegamme
Ratnaike"
NL-HaNA_1.04.02_3142_0175.xml,"2100
Ratnaike.
den gew:te Korael van Empeliepittie palegamme
genaemt Goddewille.
den Mohandiram van Erre paroegamme Ekenaike
Jinnekon
den mohandiram van Andoeloegamime genaemt
Dissanaike Appoehami
den gew: Mohandiram van Pananioere gen:t
Allehakon Appoehaii
den gew: korael van dapenegamme, Aberatne
wijesoendere Appoehamij van het dorp Boe„
loetere gamme zijnde met ged=e hoofden aen„
gekomen 65. koppen als meede nog een gantse
partij Majoraels en Laskorijns op kattoene
voor den E: kapitain Billefelt koomen
paresseeren en daer na geretourneert na
hunne waondor pen.
zal dezelve alle hier aenhoude tot uwel Edele
groot agtbare beveele ontfange nae of
deeze hoofden zal laeten doen den het van
getrouwigheid aen d' Edele Comp=e en ijder
in zijne bediening continueeren en of
het niet goed zoude weezen over haer
aantestellen eene Maha Modliaer of Adigaer
uit onze beste en trauwste hoofden waer
toe wel zoude te praefereere zijn den pre
zenten Modliaer den Marruakorle Don
Abel Abejesoendere Manamperie wel„
ke ten dien Einde de vrijheid nieuw te
recommandeeren
k"
NL-HaNA_1.04.02_3142_0176.xml,"recommandeeren, te meer zij hoofden ge„
zamentlijk declareeren minmer niet te
kunnen sorteeren onder den Modeiaer
fairfax van Catoene alsoo die hunne die„
naer is geweest en van gemeene Extractie
de overzijde van de waluwe is nog onrustig
koomende zeer wijnige inwoonderen bij
zijnde wirewille haer versaamelplaets van
waer de Grootte hoop al eens zijn ver„
Jaegt met agterlaeting van twee dooden
en 5. gevange die na herwaerds staen: ge
souden teworden om onder uwel Edele Groot
achtbare aprobatie benevens onse gedroste
en opgevatte Lascarijns in de ketting, aende
fortifikatie arbeiden.
waermede na gehoorsaeme en onderdaenige
groete blijve /:onderstond:/ als vooren /:Ge„
tekend:/ A: de Lij /:in margine:/ Mature
den 5. Maert Anno 1765. —.
Agte van mijn pligt uwel Edele Groot
agtbare onderdanig te bedeelen het gera„
porteerde door den kapitain Billefelt
dat door zijn E: Spions was geadverteert
den dessave van Sassregaen niet voortge
Aan als vooren.
„aubet"
NL-HaNA_1.04.02_3142_0177.xml,"2101
rukt maer in de attacalancorle zig was op„
houdende met zijn geheele magt waer bij
eerbiedig voege het gestelde in eene ola door
den Corael van katoene fairfasc uit wallal„
godde aen mij dessave geschreeven welker taans„
laet hier neevens voege ter uwer wel Edele
groot agtbare hoog g'serde spekulatie behel„
sende dat den dessave van Iassaegam welke
tegen dE: komp=e aan deeze zijde oorloog den
zich wel hadde geretireerd maer alleen
tot in de kadewette korle gehoorende tot
de dessavonie van Jassuegam en van daer
als vooren olassen geschreeven na alle plaet
„sen onder die dessavonie gehoorende van
inhoude dat niemand zig zoude hebben
te verthoonen zouden ten oorloge te
zijn uitgerust en dat Juijst doenden
van
Modliaer „ Madoeanwile over katoene
na Mature was vertrokken om te
paresseeren een diergelijk ola voor den
zelven Modliaer was gebragt
wijders dat er Ten gerugt liep 't groot
kommando onder uwel Edele Groot agtb:
welke.
ƒ"
NL-HaNA_1.04.02_3142_0178.xml,"welke het paleijs van kandia had ingenoomen
zoude zijn ingeslooten en alle weegen daer na
toe gapaillisadeerd en met ballerijen voor„
sieu
Eyndelijk waerschouwt gem: Modliaer om tegen
de intriquante Modliaer van Madoeauwelle
tewaeken heen vergelijkende bij een kat die
op den doapel zit of den Mantel op twee
schauderen draegt zullende zoolange dE:
Comp=e magt heeft bij deE: komp=e en zoo
het teegen spoedig loopt aende kandia„
nen haer kant weezen.
zal devoiren aenwenden om nader en zee„
kerder berigt te ontfange wanner de Eere
zal hebben deselve uwel Edele Groot achtbare
te bedeelen.
blijve intussen met Eerbied /:onderstond:/
als vooren /:Getekend/ A: De Lij in
margine Mature den 6:' Maert A„o 1761
Aan als vooren.
Presenteere hier nevens Eerbiedig een Ex„
tract uit een brief door den E: Ca„
Billetelt aen mij geschreev:
pitain
benevens"
NL-HaNA_1.04.02_3142_0179.xml,"2102
benevens kopia van een Togenaemde
species factuu
spreeken van een duel tusschen
de vaendrighs van ugtnigts en Pieters
en de daer opgevolgde hosteliteiten zoo
wel als ongehoorde smaet en lasten
reeden door gem: van ugtrigt teegen
zijnen Capitain en kommandant ge„
pleegt.
Ik hebbe volgens verzoek van den E: kapi„
tein den vaendrig Pieters laaten continu„
eeren en zal den vaendrig ugterits
hier in arrest behouden aan de hooft wagt
tot dat beveelen van uwel Edele Groot
agtb: bekoome hoe met deeze zaek en
officieren zal handelen.
Noteire wijders nedrig den ontfang van
uwel Edele Groot agtbare Missive van den
7. deeser welker inhoude accepteere tot dien
schuldige narigt en communiceere de inland„
se hoofden der colonna corle op gisteren
in volle landende den led van getrouwheit
aan dE: komp=e plegtig hebben afgelegt, staen
de zijlieden Eerstdaags te vertrekken
wijders is den Dessave van sasfregan
volgens berigte te openake om de gevan„
ƒ
gene aldaer tebewaeren
Blijve"
NL-HaNA_1.04.02_3142_0180.xml,"Colombo
Blijve met hoog ontsag /:onderstond:/ als vooren
getekend: /: A: de Lij in margine:/ Mature
den 13. Maart Anno 1765.
Aan De E: E: Agtbaare Heer en kommandeurs
en Presidenten Anthonij Mooijaert en
Marten Rein Neevens den secreeten
Raed aldaer
kan niet af tot mijn leetweesen uw E: E: agtb:
te communiceeren dat de ziektens bij de
detachementen deeses dessavonije dagelijks
toeneemen en verergeren en wel voornam:
onder de Europeesen, de 3. Extrakten uit de
raport brieven zullen zulks uw E: E: agtbae
rens beeter aanthonen bij de Eene zal uw
E: E: agtbare ook blijken de Jndispositie van
den E: kapitain Billefelt te Catoene, den
lieutenant ter smitte en vaendrig Rottierd
te walalgodde, gelijk ook wegens swaere
siekte den vaendrig Oosterman van de
waluwe na herwaerts hebbe gelicentieert
verzoeke ootmoedig dispositie op het verzoek
van den Ekapitain Billevelt als meede of
E: E: Agtbaare Heeren
den"
NL-HaNA_1.04.02_3142_0181.xml,"2103
den. kapitain: Berskij derwaerds zal kom„
mandeeren dan wel van costij met een kapitain
toegesonden worden, gelijk insteere meijte as„
sisteeren met eenige officieren dan wel goed„
gunstig te avanceeren de onder officieren bij
mijne aparte brieve van den 18. ' Maij anno
pass=o en 30. Januarij 1765. op het nedrigste
gerecommandeert, gelijk uw E E: Agtb:s nog voor„
stelle en verzoeke om medicamenten en
eenige chirurgijns voor de detachementen te
zenden alsoo dezelve geheel zijn ontbloot
re
en dies Commandanten mij dagelijks daer
om aenhouden temeer de Luijden door dat
gebrek als onder dehanden wegsterven en
niet eens het hospitael te Mature kun„
nen haelen door dat bij instortinge en
onder weegen geen soulaes van Medecijnen
kunnen bekoomen.
En dewijle ik zoo wel als den E: kapitains
Bilvelt bedugt ben voor een opstand on„
der de oosterlingen over zeekere 4. en 5. —.
maenden gagie, die zij pretendeeren te goed
gemaekt tehebben bij de beleegering van
Mature en Eenige van de Mallabaer en
gale afreekenen, zoo insteeren als nog Eer„
biedig tot voorkominge van dit alles
dat"
NL-HaNA_1.04.02_3142_0182.xml,"dat de soldij bediendens ten scherpsten mogen
geordonneert worden ten allen spoedigste
herwaerds tesenden een Exacte opgave wat
die krijgers onder ult=o februarij bij dE: komp:
te goed hebben, ten welken sijnde reeds Generae„
le naem Rollen na Gald op den 29:' Maert
zijn verzonden maer geen tael of teeken van
derwaerts bekoomen Schoon het pericleun
door mij is aengetoond by Extract uit eenen
brief van den E: Capitain Billevelt.
Overigens hebbe de heere met attentie teweeten
/:onderstond:/ E: E: Agtbare Heeren uwE: E:
Achtbare dienstschuldigen Vriend en
Dienaer /:was Getekend:/ A: de Lij /:in mar„
gine Mature den 13. ' April A„o 1765. —
Hebbe de Eere gehad te ontfangen uw EE:
achtbare Missive van den 18. april
de gerequireerde Naemlijste bij soldij
Memorij sub dato den 14. Januarij
1763. is voldaen door de Generaele Mon„
ster rol der oosterlingen Anno 176 /¾.
beijde na de hoofd plaetse Colombo
versonden en nu onlangs nog door
een Expres opgemaekte Naem Roe
Aan als vooren.
net"
NL-HaNA_1.04.02_3142_0183.xml,"2104
met aanthooning van het genot dier
volkeren van 7ber: tot febr:de ultimo
Jnsteere derhalve nogmaels /:dat zoo die
oosterlinge vant van de Comp=e van Brahi„
„on aldaer niet bekent mogten weesen
zo als gem: Memorie zegt vider Copia hier
neevens :/ den train Soldij boekhouder
kookant die naemlijste ordonnantie boe„
ken quitantie alles van DE: Maijoor
en Commissaris Bisschof heeft overge„
noomen en dezelve meede na kolombo
genoomen, mag geordonneerd ner den
Elucidatie tegeeven en dus deese komp
zoo als alle andere reeq: gegeven worden
van die tijd dat ten Eijlande zijn aen„
gekoomd en hun genot successive aenge„
rekent daer op belast, en het saldo
te goed onder ultimo februarij ons be„
deelt.
Alzo den E: Majoor Medeler â costij zijnde
de zoldij bediendens des noods ook kan
Elucideeren, zo neeme devrijheit die weg
aentewijsen ten Eijnde uw EE: agtbare gem:
bediendens derwaerts kunnt renvoieeren.
deeze laete derhalven nog dienen van een
soldij memorie relatie hebbende:
verder
ten
oc„
6"
NL-HaNA_1.04.02_3142_0184.xml,"verder houde aen bij uEE: agtbare om
afdoeninge van deeze zaeke alsoo deese
volkeren geheel ongehoorzaem en ob„
stmaet zijn weegens hunne pretentie
en men bedugt is in Cas van noot hui
Een tegen als voor te hebben.
wijders bedeele den aenhoudende slegten staed
onzer Militie hebbende den E: capitain
Bilfelt volgens laeste Raport van gid„
teren 61: Jmpotenten en op de waluwe leg
alles ziek, zal derhalven vertrouwe van
approbatie p=o 25. Sipaeijs van pollatte
na tangale doen marcheeren en vervol
gens van tangale gesonde oosterlinge
na Catoene en waluwe afzenden en o
inpotente laeten aflossen.
De ziebete onder de officieren is algemeen
den Lieutenant Raidt mij Ernstig
aensoek gedaen hebbende tot herstell: van
zijne gesondheid na kolombo temooge
opgaen hebbe den Selve onder uw EE:
agtbare aprobatie geaccordeert staen
„de den Lieutenant ter Smitte die
een weijnig hersteld is denselve te
vervangen."
NL-HaNA_1.04.02_3142_0185.xml,"2105
vervangen.
voorts hebbe de Eere met achting te onder
schrijven /:onderstond:/ als vooren /:getekend
e
pt: De Lij in margine Mature den 25=e
April Anno 1765. —:
Aan als vooren.
de ziektens nog al immers bijde detache
menten toeneemende, zoo hebbe de 25. –.
sipahis van Tangale na Catoene ge„
detacheert om op wallalgodde geplaets
teworden, in steede van de Europeers
Hebbe van mijn pligt geagt, uw EE: Agtbare
zulks tebedeelen en Leevens te herhae„
len mijne beede om eenige Maelch
„ters en Medicamenten voorgem: de„
tachement en onder note den ontfangst
van uw EE: agtb=s Missive vanden
29:' april zoo hebbe de Eere van te
zijn /:onderstond:/ als vooren ge„
teekend:/ A: De Lij /:in margine
Mature den 17. Maij Anno 1765
Aan
ge
emeen
te
die"
NL-HaNA_1.04.02_3142_0186.xml,"Colombo.
Aen als vooren.
Na alles aengewent te hebben om eene
Carrespondentie met den E: E: agtb heer
commandeur in Randia te hebben
doormiddel van Spions lantloopers
E=a, zoo hebbe Eijndelijk door den Modliaer
van Madoeanwijle in de Colomma Coule
het Nieuws heeden bekoomen, dat het
Extract hier neevens relateerd.
verder
Ik zal „ tragten om Eenig weesentlijk
berigt uit Candia van gem: heer Com„
mandeur zelfs tebekoomen, welke ver„
trouwe dat aengenaem zal weezen
en uw EE: agtbare approbatie wegdraege
Blijve met attentie /:onderstond:/ als
vooren Getekeend A: De sij in margi„
ne Mature den 25. Maij anno 1765.
Aan den wel Edelen Groot Achtb: Heere
M„r Iman Willem Falck
Gouverneur en directeur van het Eijland Ceilon met
dies onderhorigheeden
Wel Edele Groot Agtbare Hoog
Gebiedende Heere.
zal d' Eere hebben Eerstdaags uwel Edele
groot"
NL-HaNA_1.04.02_3142_0187.xml,"2106
Groot agtbare secreete brieve van den 14: en 16.
te beantwoorden
Terwijle thans na derwaerts in arrest overgaet
een singaleese wasser siemcoetie sajackarege
sikoe en inwoonder van dondere, welke voor
een Candiaze spion wert gesuspecteert, zoo
als uwel Edele Groot achtbare gelieve te beoo„
gen bij N=o 1. en 2. Extracten uit de ra„
porten der Commandanten te Catorne en wal„
lalgodde, waar dezelve is opgevat.
zijn Eijge vrijwillige declaratoir verzelt
deese almeede onder N=o 3. waer uit uwel
Edele groot achtbare zult beoogen hoe hij
met den Heer Leembruggen is gevangen
geworden, hoe het met de volkeren bij gem:
dessave prezent is toegegaen en welke hoof„
den daar om en bij zijn geweest, item een
verhael wat zeedert zijn aanwesen bij
den adigaer in kandia is voorgevallen,
de inneeming van Candia, terug mars
van onzedectamenten, de presenten sleg„
„te situatie van ons detachement in Can
dia, de verpaggering aller weegen Etc=a
zoude"
NL-HaNA_1.04.02_3142_0188.xml,"zoude mij te vreeden gehouden hebben met
dit declaratoir en aen also het konde gebeu„
re uwel Edele Groot agtbare den per soon
nader zoude willen doen hooren of Jnter„
rogeere, zoo hebbe best gedagt den selve ter
dispositie in arrest over te zenden
Ben met veneratie /:onderstond:/ wel Edele
groot Agtbare Hoog gebiedende Heere uwel
Edele groot agtbare onderdanige en gehoors„
saame dienaar /:was getekent:/ A: De Lij
in margine Mature den 19. ' Aug„o 1765.
Aen als vooren¬
omme in Eerbied tevoldoen aan uwel Edele
groot agtbare begeerte bij secreete brieve
van den 14. en 16. deezer loopende maend
zeggen den E: kapitein van Berskij met
wien in een goede harmonie hebbe gelieft
op gisteren na gale is vertrokken en hebbe
wijders de Eere uwel Edele Groot Agtb:
hier benevens aantebieden een project door
mij en den E: Capitain Bilfelt opgesteld
na alle atentie te hebben aangewent om
met gem: kapitain der Eenigste der
heeren Militaire die lacale kundigheid
van"
NL-HaNA_1.04.02_3142_0189.xml,"2107
van slands situatie alhier heeft, om alle
omstandigheeden die zij en zouden kunnen
voorvallen aangaande onsen Eijgen onder„
daan en 'sconings volkeren te verhoede en
hebben dus geen andere schikkinge weeten
temaeken als bij gem: lijste blijken zal, deselve
is zoo gearangeert dat door de uitvoering
den in lander niets als eene goed denkbeeldt
kan gegeeven worden en 's konings volkeren
intoom gehouden om niets te onderneemen
teegen 's Comp=s Eijgen Jurisdictie de Colonna
Corle en over waluwe daer ander beqreepen
om zulks uwel Edele groot agtbare kelaer
te verthoogen zal hier nevens voegen tot
een grontslag van alles twee Jnstructie
niet mijne voorkennis en ter ordre
van den heere gouverneur Z: G: door den E:
Majoor Medeler afgegeeven aen de Comman„
danten respective
vervolgens zal tot de posten overgaen geene
posten zijn intrekken als Berlepannetotte
die onnoodig is bezet te zijn, zoo lange wal„
lalgodde geoccupeert is; Evenwel om het
gestelde in de vooren gewaegde Jnstructie
omtrent de Maria Corle of Berlepanna
„totte"
NL-HaNA_1.04.02_3142_0190.xml,"totte niet geheel teverwerpen zoude de 83. –.
Jnlander die daar altoos de wagt hebben
gehouden onder genot alleen van rijst kun
nen blijven continueeren en om die vol„
keren wat tegemoet te koomen nog twee
a 3. ropijen kunnen werden toegevoegt
des maands.
wallalgodde tot 100 coppen buijten nog
een a twee randjes lascarijns dient aen
die Corle in scomp=s possessie te behouden
om dezelve in Cas van een accomoderisenrt
met het Hof van Candia voor d' E: Corptr
te bedinge, met fondament als zijnde
eertijts aan dE: Comp=e geweest en een
Canneel geevent District deese post wor=
om haar ongesontheit alleen beset met
Maleijers om reedene deselve beeter
daar aan den als Europaers die hier
zoo wel als aan de walul meest hun
dood vinden de algemeene gevoelens zijn
dat het water van de daar voor bij
vlietende rivier oorsaek en van is,
ten minste de Luijden krijgen verharst
buijken en benaauwde borsten dat
ook"
NL-HaNA_1.04.02_3142_0191.xml,"2118.
ook wel uijte de salgeteragtige Dampen en
swaare neevels zouden kunnen resulteeren
wallalgodde heeft een fraaije pagger met twee
stukken Metaal kanon 4. lb: twee Mortierties,
alle met haar toebehooren.
Catoene wert gesteld op 50. Maleijers redenen
ook de ongesondheit jtem schaarsheid van be„
stialen en andere verversinge, welke 50. Man
zoo ras wallalgodde geataqueert word, zal
dienen opterukken na derwaards ter ver„
„ van
sterking Egter niet eerder voor dat tangaele
een detachement is aangekomen het oude
fortie Catoene zoude met 'sE: Comp: on„
kosten van 2. a 3000 rd:s wel terepareeren
zijn. hier nevens hebbe de eerd uwel Edele
Groot agtbare het plan aantebieden ver„
wagte slegts ordere of met het herstellen
zal laaten aanvangen dan maer laeten
leggen.
Tangale word versterkt 1. om de overvloet van
vivaes 2. om dat rijst en arrak zoo een Chi„
aloup in 8ber: en November hier is daer
tewater na toekan gevoert worden voor
een rondjaar 3. om dat daar logimenten
en pakhuijsen in overvloed zijn gebauwd
door"
NL-HaNA_1.04.02_3142_0192.xml,"door den E: capitain naderhant Majoor van
Borne 4. om dat het daar gesont is 5. om dat
het in het middelpunt van alle detachementen
legt als per Spempel den capitain op Tangale
bekoomt berigte van Catoene dat daer onraed
is, breekt hij op met 200. a 250. en Man langs
een schoone roijale weg vertrekt S: M:
7. uuren is om 3. a 4. uuren des nam:e de rust
tijd daer ander gerekend op Catoen en zoo
Eeve met de waluwe leggende Tangale, Catoene
en waluwe en Een zoo te zeggen gelijk zijdigen
triangel
walue een rievier de liniet scheijdinge van de
Matureese districten met het Conings land
hier legt een schoone pagger van bosch hout
hebbende inwendig wagten pakhuijsen Et=a
is door den dessave genaamt bij dies Construc„
„tie bek af een zeer ongezonde post, zoo als
vooren van wallalgodde reeds is geciteerd,
moet egter beset blijven 1. om dat alle
convoijen voor Berregamme daer moeten
toeven, des nagts z: om de stropende in„
woonder van over waluwe te beletten in
scomp=s bant invallen te doen, 3 /:om altoot
in"
NL-HaNA_1.04.02_3142_0193.xml,"2109
in Cas van overmagt tot een vijlige retiratie
te dienen voor het detachement te Berregam„
me en wel 5. om dat de overvaert over de re
vier de waluwe hier door gedekt wordt.
Berregamme Een gezonde post is een suffi„
cante pagger drie uuren in sconings
lant, deeze dient om de zout pannen
tot aan Magamme voor d'E: Comp=e
be
te behouden en den Candiaan teletten
van dat ziet te bekoomen deeze post
is dus hoog nodig en zoude met nog
wel 50. Maleijers verstrekt zijn gewor„
den, waaren demeeste oosterling al
niet of en Cadukt zoo dat van de
500. geen 200. Capabel zijn een groote
maas te doen, Edog den L:t Chattillon
heeft alles in de vlugt en heeft al
verschijde maale zoo kleijne parthije
verjaagd, gemassacrerd en gevange
genoomen.
Gem: L:t heeft zig ook aangebooden in Cas
van versterking met 100. Maleijers en 50.
Lascorijns den timpel Cadregam het
hijligdom"
NL-HaNA_1.04.02_3142_0194.xml,"heijligdom den singaleezen te overrom„
pelen en uit te plundenen zijnde van
zijn post, 5. mijlen geleegen waer van
hier bij uwel Edele Groot achtbare
eerbiedig kinnis geede.
Acuras is een out portugees fort dezelve
dient te blijven in Cas men een detachement
moeste zeude in Een van de Corles als
Belligam gangebadde en Cande badde pat„
toe aldaar provisien in voorraed zijn
2. men alle Comandos over derevier
per thonij na derwaards kan voeren
en zoo die post door overmagt moeste
retineeren zig na pollatte na Hack„
man en ook na Mature kan reti„
reeren in de goede Mousson en in
de quade langs de revier per thonijs
Eijndelijk Mature is versterkt om een
aanzienlijk guarnizoen te behouden
om in nood altijt na Tangaele of
Catoene een sufficant Corp:s te Com„
mandeeren tot versterkinge egter
kan hier niet af tenoteeren het
misnoege van het Militair zoo offi„
„ciere"
NL-HaNA_1.04.02_3142_0195.xml,"2110
Cier als gemeene over dat hier in guarnisoen
en dezelve dienste doende als de troepes
die in het land leggen Ja Convoien van Con„
tanten provisie P=ra moeten Escorteeren zij
dog geen douceur genieten, daer alles in het
Land overvloedig en goed koop en op ma
ture alles schaars en duur is
Derhalve laaten zij door mij bij uw
wel Edele Groot agtbare inploreeren
dat de geene die alhier gedetacheert leggen,
zoo wel nu garnisoen douceur mogen
genieten als die in het Land rondsom
Mature gecantonneert leggen
Overigens zoo kan niet af in beant„
woorden van uwel Edele Groot agtbare
laatste missive temelde alle de officieren
en ander officiers meest ziek zijn,
waer van Een vaendrig na Gale
zal zenden, gelijk reeds 5. Sergeants na
Costij vertrokken zijn, welke naam rolle
en hun genot ten dienste van het Soldij
en"
NL-HaNA_1.04.02_3142_0196.xml,"en Guarnisoen schrijver overgaat bij deze
De slegte propartie die tusschen onder
officieren en gemeene uwel Edele Groot
agtbare in het ooge gevallen is aan niets
toeteschrijve als aan de Libenaliteit van
verleening van actens en dat wel zou„
der voordragt alleen op particuliere
instantie van kapitains en Subalter„
ne officiere, waer door het ook is
koomen te gebeuren dat quade Jon„
gens en onbequame luijde onder op„
ficieren zyn geworden daer Een
braaf soldaet zig ondertussen
dan al door moet laaten Comman„
deeren
En wat de oosterlinge aanbelang als
den hier Collanee maandelijks zoo Con„
tinueert met geheele stapels met ad„
tens overtesenden aan gesubordineerde
subalterne officieren aparente tot
vexatie of de Chin van den dessave zijn
g'bied
E"
NL-HaNA_1.04.02_3142_0197.xml,"2111
gebied en gesag en het Commando der Ca„
pitains zullen er op het laatst meer
onder officieren zijn als gemeene en dus
ook de ordre van de regeering Jlusoix
gegeve by secreete brieve van den 13. febr:
jongstleeden en dus ook den Dessave
nimmer gelegentheid om van zijn voorreg
tien daar bij aan hem verleend te profiteeren
gelijk die p=l aangestelde bij laaste Expeditie
nog p=l zijn en blijve, Jntusschen zijn aan
den luitenant Raidt gesonden in de
maand Junij een sergeants en een Cor„
paraals acte in demaand Iulij 1. vaen„
drigs 2. sergeants en 7. Corporaals ac„
tens en nu van deeze maand weeder 1.
luijtenant 1. vaendrig 1. sergeant en 2.
Corporaals particulier van den heer Collo
vel ontfangen, zoo als gem: luijtenant
aan mij geschreeven heeft en verzogte
dezelve slegts bij het soldij te laaten
in boeken
J laate gaarn aan uwel Edele Groot
agtbare"
NL-HaNA_1.04.02_3142_0198.xml,"agtbare over of het vermaakelijke passa„
gie zyn als men van verre zoo werd geen
sinuteert door omweegen ik zal mij an„
derwerpen aan het gevoele ordre van
uwel Edele Groot agtbare en deese sluij„
te onder verzeekering dat met ontsag
en Eerbied ben /:onderstond:/ als vooren
getekend A: DeLij /in margine/ Ma
ture den 23:' Aug„o A„o 1765.
Aen als vooren.
Met de vereischte eerbied in antwoord
treedende op de posten bij uwel Edele
Groot achtb: Secreete Missive van den
30. Aug=o zodient reverentelijk. dat
een
den kapitain Billevelt reets„ gisteren
na Tangale vertrokken is om met
den kapitain Birt alle het geordonneerde
ter Executie teleggen.
Den kapitein en vaendrig der Sixahis
met Bartels zoo gevangen genoomen
zijn gecommandeert en vertrekken
mmoogen—
De"
NL-HaNA_1.04.02_3142_0199.xml,"2112
De Iagtig Man in de Morruakoale
zijn geen Lascorijns maar inwoonderen van
die korle vermaart voor de assuaantste
en trouwste wanneer dezelven eenig Comp:e
Militairen tot Apuij hebben, dezelven zijn
zodanig in den dienst geEmploijeert als
volgens het geproponeerd en over Eengeko„
mene met den kapitain nu Majoor
Medeler mitsgaders de daer op gevoegde op„
probatie vanden wel Edelen Groot agtbare
heer Gouverneur van Eek by secreete
brief van den 25. Julij anno pass=o onder
uwel Edele Groot Agtbare welbehaegen
zal men die Manschappen noch een paer
Maenden aanhouden om te zien wat
beweeginge de Candiaanen na de nieuwe
schikkinge in de bijlage korles zullen
maaken zoo ook accuras aanhouden
echter alleen met sipais besetten om
de zelve redeenen alzoo dit het pas is
na de Morruakorle en bij deminste
beweeging men meer possessie kan nee„
emen
eerde
en"
NL-HaNA_1.04.02_3142_0200.xml,"men van het Comp=s te Berle pannetotte
Hebbende in mijne van den 23. aangaende
een opregting van ene maguazijn aanteleggen
gedoeld op provisie en niet op het Maguazijn
zelve dat riets lange nevens woon en pakhuijsen
aldaer in weesen en gebouwt is, dat den Mod„
haar den Jongen Manamperie bevoolen is
te conserveeren.
Aanbelangende wallalgodde en waluwe me„
de het niet mogelijk is beeter plaatsen
uittezoeken, alzoo die geheele landstreeken
voor Europeesen gevaarlijk zijn en ook
reets sufficante paggers en huijsingen in
bij de zijn gemaakt, welke kosten en Moei„
ten als dan verlooren zouden weezen en
de oosterlingen wel tegen de Climaat
schijnen te kunnen resisteeren.
De vermaning gedaen over mijn genoteerde te„
gen den heer kollonie feber nieuw ter
schuldige en dankbaare nakominge aen en
blijve met de meeste hoog agtinge /:onderstond
als vooren /:getekend:/ A: De Lij in nar„
gind:/ Mature den 12:' 7ber: Anno 1765.
Aan"
NL-HaNA_1.04.02_3142_0201.xml,"2113
Aan als vooren
zoo even bekoome narigt door den lieuten=t
Chattillon dat den 11. dezer eene groote me„
nigte van singaliesen met den Adigaer
van katergam op Wierawille zijn gearri„
veert en dat alle singaleese rondsomme zig
tezamen rotten om te vergaderen op gemelte
plaats van zijn post 6½. uuren geleegen ver„
zoekt om versterkinge alzo zijn spions
hem getuijgen den vijant van zins is om
den 12. hem te attaqueeren
Capitain Bieleveet klaagt zeer over Manam„
perie Modliaar, breedvoerig te zien bij Extract
deeze bijgevoegt. ter speculatie ik hebbe oo„
genblikkelijk p=r Expresse lascarijns den zel„
ve laaten waarschouwen en om volkeren
te bezorgen op pane vande portement
Nader Eenige Novelles erlangende, zal ik
niet manqueeren uwel Edele Groot agtbare
zulx spoedig te berichten, eroemende mij
intusschen met alle verEijschte hoog agting
/:onderstond:/ alsvooren Geteekend/ A:
Delij in margine Kolombo den 12.
september."
NL-HaNA_1.04.02_3142_0202.xml,"september anno 1765.
Van Als Vooren
uwel Edele groot agtbare hoog gerespecteerde twre
letteren de dato 30. Aug„o hebbe de Eere gehad
wel te ontvangen zal daar op Eerstdaags ant„
woorde eerbiedig suppediteeren
Hiernevens gaan over twee Cognoscementen van 115. –
stuks fluxe draagbusten beste voort welke suc„
cissive na derwaards zijn vertrocken.
Ben met de meeste hoogagting /:onderstond:/ als
vooren getekend:/ A: De Sij /:in margine:/ Ma„
Anno 1765. —
„ture den 10=e September
Aan als vooren.
de gerequireerde Eliphanten bestaande in vier
aliassen en twee wijsjes staan heeden te ver„
trekken onder zodanige gelijde als de inleg„
gende tijste dicteerd dan alzo nog ruim 56.
draag offen reeds in de Colona Corle en elders
opgekogt en betaalt zijn, zo zijn dezelven
ook op Hoog gunstige approbatie gisteren
naar Costij volgens 't inleggende Cognois„
sement afgezonden terwijl den overige opkoop
volgens"
NL-HaNA_1.04.02_3142_0203.xml,"2114
volgens uwel Edele groot agtbare beveelen
zal g'Excuzeerd worden met welk advis
mij de hooge Eere aanmatige deze te onder„
schrijven met de vereischte hoog agting Con„
derstond :/ als vooren /:getekend:/ A: De Lij
in margine Mature den 17. ' September
anno 1765. —
Aan als vooren.
uwel Edele Groot achtbare bij de Cirkulaire
missives gedateerd 19.:' deezer bij ons wel ont„
fangen zijnde zo kunnen wij niet af zijn
in eerbiedige rescribtie daer op te betuigen
dat wij het geordonneerde daer bij ons tot
schuldige narigt en observantie zullen laa„
ten strekken
waarmede wij ons de nedrige vrijheit aan„
matigen deeze met alle gedesidereerde hoog
agting te onderschrijven /:onderstond:/ als
vooren /:getekend:/ A: De Lij I: H: Lappe, L: C:
Frobus en P: A: de Moor /:in margine:/ Mature
den 24. ' 7ber: Anno 1765.
Aan.
O"
NL-HaNA_1.04.02_3142_0204.xml,"Aan alls vooren
Hier nevens een translaat singaleesche klagt
ola op den 5. ' deezer aan mij dessave door de onder„
getekende hoofden der kolona korle overgegeeven
ten lasten van den lieutenant en kommandant
te wallalgodde chavran; waer bij gevoegt een
Translaat van een ola door gemelde hoofden
aan den modliaar Jinnekon geschreeven het
depart van gem: Lieutenant na Mature
welke beschuldigingen gem: Lieutenant zijn
voorgehouden zoo als uw Ed=e Groot agtbare
bij zijne antwoord en voor Commissarissen
p. s.
poeticq zal gelieven teb'oogen dat is zijne
finaale ontkentenisse van al het voorgehouden
dan dewijl het gewas in de koloemakorle rijp
tevelde staat zoo hebbe onder welduijding die
hoofden niet nader laten oproepen maer gemelde
lieutenant heeden gelicentieert naer kolombo
te vertrekken tot uwel Edele Groot achtbare
dispositie en den E: E: agtb: heer kommandeur
te Gale kennisse gegeeven derwegen.
waarmede deeze besluite en volharde te zijn
met het hoogste ontzag /:onderstond:/ als
vooren"
NL-HaNA_1.04.02_3142_0205.xml,"2415
Aan als vooren.
vooren /:getekend:/ A: Desij /:in margine/
Mature Den 22:' October Anno 1765. e
wij hebben de hooge Eere uwel Edele groot
achtbare desen geinkludeert nedrig aen te
bieden de gewoone Maandelijkse Monster
Rollen en kante sterktens der Oostersche
en sipahise Militairen zodanig Militairen
zodanig zonder ult:o November J=o leeden
alhier in 't gaanisoen zoo wel als op Jan„
gale en dies onderhorige veldposten na de
ordre gemonstert zijn, onder eerbiedige
Bijvoeging noch van eene tweede stel
onder kachet volant beschreeven aen den
wel Edelen Manhaften Heer kollonel feber
voorts matigen wij ons de nedrige vrijheid
aan deeze met alle verschuldigde hoog
achting te onderschrijven /:onderstond
als Vooren /:getekend:/ A: DeLij
E: G: van Tornowij L: C: Frobus en P:
H: De Moor in margine Mature den
4. December Anno 1765. —
Aan als vooren.
In gehoorzame opvolging van uwel
Edele
zi"
NL-HaNA_1.04.02_3142_0206.xml,"Edele Groot agtb: hoog gerespeckteerd
Bevel vervat bij brieve van den 25. ' 8ber:
op mijne nedrige van den 22. bevorens zijn
de Hoofden van de kollanakorle door mij
g'ordonneerd zich alhier te laaten vinden
en zullen binnen Een a 2. dagen volgens er„
langd berigt aenkoomen Dus gebruike
de nedrige vrijheid uwel Edele Groot agtb:
bij deezen Eerbiedig tevraegen wat hoogst
den zelven nopens de tegen den Lieutenant
chavron ingekomene klagten nader zal
gelieven t' ordonneeren; voorts meene de
vrijheid uwel Edele Groot Achtbare desen
g'includeerd nedrig aantebieden een dekla
ratair belegd door ses sipahise krijgers die
in de Expeditie over de Pitigal korle bij den
vijand gevangen genoomen dog weeder tot
onze geposteerdens op wallalgodde overko
mende vervolgens herwaards gezonden
zijn insteerende nedrig om Hoogst desselfs
ordre of men die Manschappen by de sipa
hise kompanie alhier in dienst houden
dan wel ter dispositie van uwel Edele
Groot agtbare naar Costij afzenden zal.
Jntusschen"
NL-HaNA_1.04.02_3142_0207.xml,"2116
Intusschen matige mij de hooge Eere
aan deese te onderschrijven met alle be„
denkelijke ontzag /:onderstond :/ als vooren
geteekent A: De Lij /:in margine Mature
den 7. xber: Anno 1765. Lager P: S: zoo
als deeze hebbe vervaerdigt kwamen voor
geciteerde Hoofden ook opdagen.
Aan dls Vooren:
uwel Edele groot achtb: zeer gevenereerde
letteren sub 6. deezer heb ik de hooge
Eere gehad behoorlijk te ontvangen, Hoogd
deszelfs daar bij vervatte ordre zal ik
na uitterste vermogen tragten tevol„
doen, al mijn devoir aanwenden en
de hoofden ten ernstigsten adhortee„
nende om volgens de aan wij toege„
zoudene lijst zoo spoedig doenlijk
uit dese Dessavonije en de onderhoori
ge korles en Pattoes de gerequireerde
koelijs met bepaeling hoe veel elk
hoofd zal moeten opbrengen te be„
zorgen niet uitdrukkelijke aankon
diging tevens aan die grandes dat
de onwilligen onder hen zonder oog„
leuking met deportement en swaer
„der"
NL-HaNA_1.04.02_3142_0208.xml,"der naar bevinding van zaeken zullen
worden gestraft Dus uwel Edele
groot agtbare daar uit gunstiglijk
gelieve optemerken dat ik mij in dit
geval ommogelijk aen vaste beloften
verbinden kunnende echter gaerne
alles werkstellig maaken zal wat
door mijn pligt ieven en vermogen
daer inteweeg brengen kan
Overigens maatige mij de nedrige vrijheid
aan deeze te onderschrijven met alle
verschuldigde Eerbied en diep ontzag
/:onderstond:/ alsvooren Getekend A: De
Lij in margine Mature den 10. ' december
Anno 1765.
Aan Als vooren.
Jn gehoorzame naarkoming van uwel
Edele Groot achtbare hoog g'acht bevel
vervat bij brieve van den 9. ' deser heb ik
den Modliaar van de kolona korle be„
nevens de verdere klagers tegen den Lui„
tenant Charron voor kommissarissen
doen kompareeren en in konformite
van hunne ingekomene klagt olas
zodanige"
NL-HaNA_1.04.02_3142_0209.xml,"2417
zodanige verklaring doen inwinnen
als de daar van bezijden deeze gevoegde
kopia Authenticq zulx ampel aentoond
Wijders gebruike de nedrige vrijheid uwel
Edele Groot achtbaae onder Hoog gunstige
welduiding noch aentebieden drie ag„
ter den anderen geschreevene Extrakten
Missives het eerste gedateerd 7. deser van
Jangale naar herwaarts geschreeven
verzeed van eene lijste der oostersche nu
liteiren die behalven de met kruisjes
en streepjes aangehaalde Naeen
voor de rest bij de reets van 't Gaals
Ministerium ontvangene kolombose
Aantoningen in het geheel niet vermeld
staan het tweede Extrakt gedateerd
wacg
9: dezer is een vaandrig die ik no„
pens gemelde met kruitjes en streepjes
aangehaelde Naemen aen den E:
kapitain Bielfeld gedaan heben
het Derde of Laeste gedateert 10. daer
aan is een antwoord en de door zijn
E: gegeeven reeden daerop dus verzoe
ke uwel Edele Groot Achtbare
op het ootmoedigst dat met hoogst
des"
NL-HaNA_1.04.02_3142_0210.xml,"desselfs gunstige believen de zoldij be„
diendens a kostij mogen g'ordon„
neerd worden ons spoedig tewillen
voorzien met een Evakte Generaele
Naem Roll hoedanig Oostersche Mi„
litairen in de dessavonij gedetacheerd
wegens tegoed hebbende zoldijen bij d'E:
kampenie tevooren staan met duide„
lijke Elucidatie tevens of men aen
meer gewaegde met kruisjes aange„
A.
teekende Manschappen zijnde ses
stux en Genaemt Adjoe Paltoea„
Banjeur Lourbatan Bapa
kan
Dana Mangadoea Kahat Sama„
rang Bapa Banjoe Samarang
en Soedin Samarang. die bij voorgeci„
teerde van Gale bekomene Aaentoningen
vermeld staan als niet bekend haere
te goed hebbende zoldijen zal laeten vol„
gen gemerkt den E: kapitain Bielfeldt
bij zijn gewaegde saeke Schrijvens van
den 10. deezer betuigd dat ged=e Ses kop„
pen volgens Getuigenis van den kapitaine
Smael Anke en de Maleijtsche schrijvers
op."
NL-HaNA_1.04.02_3142_0211.xml,"248
op de Mallabaer de zelfde Naemen
gevoerd hebben en ooknoch wezentlijk
bij de kompenien waeronder Z: sor„
teeren hunne Diensten verrigten
Dese dus vervaerdigd weezende vond ik
uijten Hoogsten nader vereerd niet uwel
Edele Grootagtbare veel gevenereerde
schrijvens sub 13:' hujus diend daer
op reverentelijk dat de gerequireerde
Eilefanten nae den Eische Morgen naer
kostij staen tevertrekken onder zoda
nige opzichters als de inleggende
Notitie dicteerd Die Aminalen be
staan in vier Alias genaemt
Hortela
Dorena Godea
Wiragelea en
kaddewela mitsg:s 2. wijks Poentje Kaloe„
en Pittegammie
voor het overige matige mij de on„
derdanige hardiesse aen dese te onder„
schrijven met alle verschuldigde Eer„
bied en hoog agting /:onderstond:/ als
vooren Getekend A De Lij nn man
gund. Mature den 15=e december
anno 1765. —
Aaen"
NL-HaNA_1.04.02_3142_0212.xml,"Van als vooren
Desen ingeslootent hebbe de bijzondere Eeve
uwel Edele Groot agtbare nedrigst aen
tebieden een Staem Rolle van zodanige
singaleesen dienstbaeren als op heden onder
opzicht van hunne Araetjes en kan„
gaens naer Costij vertrokken zijn en
maetige mij overigens de vrijheijd
aen deeze te onderschrijven met alle
bedenkelijke Eerbied en hoog achtinge
/:onderstond:/ alsvooren Getekend/
A: Delij /:in margine Mature
den 16. xber: Anno 1765.
wij hebbende hoogeEers uw wel Edele
Groot Agtbare bezyden deeze reveren„
telijk aentebieden, een Naem Roe
van Seeventig singaleesche koelijs
paerweddi kareas E=ao die den gee
jenaik modliceer voor zijn aen„
deel bij provisie geleverd heeft en naer
kostij vertrokkeen zijn als meede een
kognossement van vijftig dat heen
reets afgezondene bekwaene droeg
bersteeg.
Aan als vooren.
Terwijl"
NL-HaNA_1.04.02_3142_0213.xml,"2119
erwijl ons voorts de onderdanige vrij„
heid aenmaetigen deeze te onderschry
ven met de verschuldigste Eerbied
en hoog agting onder stond als voo„
ren Geteekend A: D: Lij: I H: Lappe
E: F: V: Tornouw P: C: faobus en P: A:
De Moor in margine Mature
den 24. December Anno 1765. —
Aan als vooren.
Aheb de hooge Eere uwel Edele
Groot Achtbare deezen geinkludeert
nedrig aantebieden een korte Aan„
wijsing van een getal van 1796.
koppen Singaleesen met haere hoof„
den E=na, die successive tot heedigen dato
naer kostij vertrokken zijn, staende
der zelven Naem rollentans ten vervald
diging onderhanden zoo spoedig doenlijk
aan uwel Edele Groot achtbare in alle Eer„
bied toegezonden teworden met ootmoedig
verzoek dat uwel Edele Groot achtbare
de 45. koppen als vervoerders der
draag beesten bij nevensgaende Noti
tie vermeld tot hupplement van de Gene
rale
ec¬
g
."
NL-HaNA_1.04.02_3142_0214.xml,"rale som meede gelieft aantehouden
als meede de zulken die Successive
met nog meer dier amimaelen a
kostij staan aen tekomen Boemen
de wij overigens met alle verschul
digde Eerbied en Hoog achting /on„
der stand / als vooren /:getekend:/ A
De Lij in margine Mature den
27:' December Anno 1765: —
E: k: van't
geh: kommette
Joannis Hteimtous
No. 12
Akkordeert"
NL-HaNA_1.04.02_3142_0215.xml,"420
Drieven
Afgegaene
naar
Mature"
NL-HaNA_1.04.02_3142_0216.xml,
NL-HaNA_1.04.02_3142_0217.xml,
NL-HaNA_1.04.02_3142_0218.xml,
NL-HaNA_1.04.02_3142_0219.xml,"2120
Mature
sekreet
Aan den E. Arnoldus de Lij
opperkoopman en dessave.
Eerzame Diskreete.
Op het van VE. bij brieve van den 2: deezer
gegeven berecht, dat de korael van
kattoene zich aengeboden hadde, de kolo„
„na korle, waer in lange Jaeren gewoond
hadde, en wiens inwoonders zich
gaerne aen zijne beveelen, zouden
onder worpen, voor d'E. komp: te kon„
questeeren, mits hij geadsisteert werde
met 25 malijers, en permissie erlang„
„de 80. à 100 assurante Inlanderen opte
zoeken, tegens de gagie van 3 ropijen
1 ropij
en 1. parra rijst of in dies plaets trp
'smaends, hebben wij ten eersten gedeli„
„bereert, en beslooten dien voorstel te
amplekteeren uE: moet dus gem:
korael met 25: fluxe malijers, onder
een goed officier van dien landaart
ten
Di"
NL-HaNA_1.04.02_3142_0220.xml,"ten eersten assisteeren, en tot het uitvoeren
van die belofte en het bij een brengen van
de noodige inlanders behulpsaam zijn;
mitsgaders aan de ingezeetenen van die
korle bij olas laeten verzeekeren, dat
zij tot de komp: overkomende zich van
eene rechtvaerdige Regeering kunnen
verzekert houden.
Wij hebben, om die diversie van die kant
grooter te maeken ook geresolveert de
van ginter bij een gebragte Laskorijns voor
't grootst gedeelte, te emploieeren, om
onder bevel van den geweezene sabandaer
van Belligam Dessanaike modliaea; eene
indasie te doen, in 's konings Landen over de
waluwe geleegen en zich van de zoutpannen
aldaer mitsgaders van de panoasche Des„
sadonij, en wat daer aen annex is, meester
te maeken.
Hij keert dus heeden met vierhondert
Laskorijns ende bij zich hebbende Por„
„ra witti Kariassen te rugge en moet
met vijfen twintigh flike malijeas,
onder
Rimmer"
NL-HaNA_1.04.02_3142_0221.xml,"222
onder, een bequaem officier van die
natie geassisteert worden.
UE zal zich, door dese entreprises, op alle
mogelijke wijze, te hulpen bevorderen
aengenaem kunnen maeken bij
/:onderstont:/ Eerzame Diskreete uE:
goeden vrind /:was getekent:/ L: J: van Eck
/:in margine:/ Kolombo den 5: ' Januarij 1765
/:lager:/ D: S: uE: moet haast met die twee
en treprises maeken, dat ten eersten werk„
„stellig werden gemaekt —
Aan als vooren.
Op de gedaene instantie van den Dessenaike
modliaer die gisteren met sijn volk van
hier vertrokken is en rijst tot den 15 en gagie
tot ultimo deezer genooten heeft, word uE
gequalificeerd, hem tot het doen der indasie
in de landen over de wal uwe buiten de bij
voorig schrijvens reets vermelde 25: malijers
ook nog toe te voegen, den vaandrig
oosterman met 12. Europeese militairen
waer
D"
NL-HaNA_1.04.02_3142_0222.xml,"waer toe deeze alleenig gerigt zijnde.
Blijve naer groete /:onderstont:/ als vooren„
/:was getekent:/ Lubbert Jan van Eek
/:in margine:/ kolombo Den 7. Januarij
als
1765 /:lager:/ P: S: door de vaandrig oosterman
door ziekte of om andere wettige reeden
niet marcheeren kan, zoo spreekt het
van selfs, dat uE een ander bequaem
officier kommandeeren moet.
Aan als vooren.
De bij uE. brieve van den 8. deezer gedaene
aanbieding van zich, wanneer de mo„
„dliaer dessanaike zal wesen geretourneert
naer de waluwe te begeven, en daer
zo lange tijdtblijven resideeren ten
einde te meerder eklat aen de
Expeditie te geeven is heeden in
onsen sekreeten Raed geakcepteert,
gelijk wij ook ons de verdere bij gem:
brief voorgeslagen arrangementen
laeten welgevallen.
Ik hoope dat uE: in zijne
thans
be
m"
NL-HaNA_1.04.02_3142_0223.xml,"2123
betoonde welmenentheid tot bevordering van
de groote zaek zal voortvaeren, als wanneer
ik gaarne zal blijven /:onderstont:/ en getekent
als vooren /:in margine:/ kolombo den
11. Januarij Anno 1765. —.
Aan als vooren
VE: missive van den 14: kourant is mij
geworden, en hoope dat de ge-opperde swae„
righeeden, door den kattoensen korael
door uE: schielijk zullen zijn uit den weg
geruimt worden, terwijl niet mankkeeren
zal VE. willigheid tot de bevordering van
het ben: projekt den wel Edelen Groot
agtbaeren heer gouverneur te bedeelen.
waarmede na groette blijve /:onderstond:/
als vooren /:getekent:/ M: Rein /:in mar„
„gine:/ kolombo den 17. ' Januarij A„o 1765.
Aan als vooren.
'T was ons liet, uit VE. missive van den 20:'
kourant te hebben moogen zien, dat de
kattoensen korael bereets posessie
van de Gravet te wallagodde ge„
„noomen had, en uE: ook gereed stont
om
W"
NL-HaNA_1.04.02_3142_0224.xml,"om naer het over waluwse te ver„
„trekken, terwijl wij niet twijffelen
of den heer Gaals Kommandeur zal
de desertie van de Laskorijns en
koelis der Gale korle spoedig supplee„
„ren en omtrend de gevlugte een
Exempel statueeren.
Dan dewijl VE: benevens kapitain
Billefeld van gevoelen is, en ons
uit dien hoofde proponeerd om op
wallagodde een aerde redout te
doen op werpen en daer 40: Europee„
„sen en 60: malijers te plaetsen ten
einde gem: korael te ondersteunen
of aentemoedigen tot eenen verderen
ijverigen op maasch en dat uE: dat
korps zoude kunnen vinden uit
het Detachement van Tangale,
om dat daar zo veel volks niet
zal vereischt worden, uit hoofde
van de Inlandse armee en het
detachement dat aen waluwe
staad"
NL-HaNA_1.04.02_3142_0225.xml,"2124
staad geplaats te worden, zo hebbe
wij in onze bij eenkomste op heeden
daer over gedelibereert en best g'oor„
„deelt zulks aan uE:; als daer na bij
zijnde zelfs overtelaeten, met qualie¬
„fikatie om daer omtrend zodanige
schikkinge te maeken als VE: ter
bereikinge van het algemeen oog„
„merk van d' komp: voor al in deze
tijd, waer in de operatien op kan„
„dia reets genoegsaam aan de
gang zijn, na Gemoede mogte
noodig en dienstig oordeelen, mits
ons telkens van het noodige ken„
„nisse gevende, het geen wij dan
ook betrekkelijk maeken op VE:
verderen voorstel, naemelijk; om
des noods Akkurasse door 1: serge„
„ant 1. korporaal en 12: gemeenen
bezet te laeten ende overige man„
schappen na de Morruakorle te
doen oprukken, om aldaer ook
eene"
NL-HaNA_1.04.02_3142_0226.xml,"eene beweeginge te maeken en
van den voorm: korael in zijne Expedi„
„tie te ondersteunen of daar in des te
beeter te doen reuseeren.
Alleen willen wij uE: maer herinneren
den ommeslag op wallagodde en waer
men verder in 's konings land mogte
indringen tog zo kompen dieus als
mogelijk, te maeken en liever in
plaetse van eene van aarde op te
werpen redoute, eene gepallisadeerde
pagger te maeken, zo mede tog in al„
„les voorzigtig te zijn, en voor al te
zorgen dat, er door de onse geene de
minste baldadigheid gepleegd nog
niets van de gevonden werdende
tempels of hij den dommen gelijk men
zegt ontheiligt maer voor al dat den
nieuwen onder daen, zagt behandelt
werde, ten einde hij in der daad
het onderscheid gevoele tusschen onze
en 's konings Regeeringe welk een
en ander zelfs plaats heeft wan„
„neer men konquesten met geweld
onder onze gehoorzaemheid brengt
en gevolglijk des te meer in een
geval"
NL-HaNA_1.04.02_3142_0227.xml,"2125
waar in
geval als dit waede men een distrikt okkupeert
dat zich van zelfs haere onderwerpinge ons
aanbied
Voorts diend nog tot uE: narigt, dat wij
uE: bij toevallige omstandigheeden met
geene militie van hier zouden kunnen
adsisteeren, ten minsten niet, dan
met ongemeen eige ontrief, het
geen VE: in zijne maat regulen niet
uijt het oog diende te verliezen.
waarmede na groette blijve /:onderstont:/
als vooren /:was getekent:/ M: Rein, D: Bur„
„nat en A: Moens /:in margine:/ Colombo
Den 22' Junij Anno 1765.
Aan als vooren
VE. successive brieven van den 25: en 30:
Januarij Jongstleeden 2: 8: en 9: kourant
hebbe ik ontvangen, welker inhoud
voor gecommuniceerd houde, dog dewijl
het mij uit VE: laatste brief voor
komt dat uE: desselfs magt ongevoelig
te veel verdeelt, en uit die
expeditie haast eenen zodanigen
ommeslag zal voortvloijen, die.
niet"
NL-HaNA_1.04.02_3142_0228.xml,"niet te mainkteneeren zoude
zijn, zo hebbe ik mijne gedagten
daar over nader latende gaan, noodig
geoordeelt uE: bij deezen in beden„
„kinge te geeven, of het niet
beeter was, de magt wat, meer
bij elkander te houden, en eene„
„lijk in de kolona korle op eene
best gelegene plaats, onder faveur
van eene gepallisadeerde pagger
post te houden, de distrikten aen die
kant zo veel mogelijk in respekt te
houden, de onderdaenen aldaer
gaande weg tot ons te lokken, en
door rekognosseeren als andersinds
de goede ge-intentioneerdens te bescher„
„men, tegen de quaede ge-inten„
„tioneerdens; en zo ook in het over
waluwese, alzo 'er tog op de geene,
die niet uit zig zelfs, maar met
gewelt tot ons overkomen, weinig
staad te maeken is, terwijl de meeste
zoutpannen aan de over kant
van waluwe reeds verdistru„
zijnde, het op die een enkelde
„eerd
die"
NL-HaNA_1.04.02_3142_0229.xml,"die er nog overig is, niet op
aankomen zal, en dewelke moge„
„lijk langzaamer hand, door een
kommando van het over waluse
detachement, nog wel zal te rui„
„neeren zijn;. —.
Ik geeve uE: dit inbedenkinge, voor„
namentlijk, om dat uE: bij onder„
„hoopt toeval; zo min van Gale als
van hier geene de minste assis„
„tentie te wagten heeft,
Intusschen diend met betrekkinge
tot de door uE: ter bevorderinge voor
gedragene militairen, dat den Lieu„
„tenant van Den Berg nog niet
eens in die qualiteit geapprobeert, en
dus de voordragt van desselfs perzoon
tot kapitain of kapitain Lieutenant
wat te voorbarig en 'er geen kapitains
plaats vakant is, zomede dat er
zo veel oude Lieutenants van
merite aan handen zijn, die men
in zulk een geval niet zoude
kunnen voorbijgaan; dat er
ook geene vaandrigs plaats
takant
te
kelde"
NL-HaNA_1.04.02_3142_0230.xml,"vakant en de ziekte geen oorzaek
is, om tot aanstellingen van
anderen te treeden, en dat men
zo doende met officieren zoude
overkropt raeken, dog dat er
bij geleegentheid aan den ser„
„geant Abraham Blommert
zal gedacht worden; en wijders
dat, voor zoo verre er werkelijk
gebrek aan onderofficieren zijn
mogte, uE: bij dezen geauthorit„
„seerd word, dezelven provisioneel
aan testellen, dog daer bij tot
narigt nemende, dat bij ieder
100: gemeene niet meer als 6
zergeants en 8: korporaals mogen
zijn.
Terwijl verders op de twee requesten
van een Javaans officier, en
een onder officier, welk ik uE:
laatst partikulier te rugge zon„
„den hebbe, ook niet gereflekteert is.
waermede na groete blijve /:onder„
„stont: / als voor en /:was getekent:/ M: Rein
/:inmargine"
NL-HaNA_1.04.02_3142_0231.xml,"2126
/:in margine:/ kolombo Den 13: februarij
1765.
Aan als vooren
In andwoord op uE: brief van den 17. kou„
rant diend, dat ik mij als nog gedraege
aan mijne bedenkinge uE mede ge„
„deelt bij brief van den 13.:' bevorens, zo
wel als aan de verleende qualifikatie
bij vroegere brief van den 22. Januarij
Laastleeden, waer bij de uit voeringe
van het door uE geproponeerde
aan uE. als daer na bij zijnde overgelae„
ten is, hoe wel ik niet ongemerkt
passeeren kan, dat UE: nu eerst swal„
„righeeden moveert, waer van UE: bij
en na het doen van uE: voorslag zo
tot het okkupeeren van de kolonakorle
als andersints niet gerept heeft, de„
„welke uE schoon genoomen al eens
lange bevoorens gemelt hebbende,
als dan nog eens wel speciael had
dienen te herinneren of als een
zwarigheid
ine
Omi"
NL-HaNA_1.04.02_3142_0232.xml,"zwarigheid op te geven, waer bij ook
komt dat ik uE: bij gem: twee missi„
„ven wel speciael tot desselfs narigt
gepreadverteert hebbe, dat uE: geen
assistentie van volk te wagten had,
zo dat het veel swerden en fatigeeren
der zieke militairen, buiten abzoluite
noodzakelijkheid, zo veel diende gemena„
„geert te worden als mogelijk zij,
terwijl uE:, om alle Excepties voor te koo„
„men bij dezen gequalificeert word aan
de gezamentlijke Europeezen militairen,
die eenige Gasie bij de komp: mogten
te goed hebben, op den ontvangst dezes
ditmael zo veel maanden aftegeven
als uE: zal nodig oordeelen tot dat de
Zoldijreekeningen der Tezamentlijke gede„
„tacheerdens militairen op dit Eijland
zullen afgeslooten zijn, waermede men
eerst een regt begin heeft kunnen
maeken, 't zedert 't sluiten en ver„
„zenden der volumuneuse Zoldij boekken
deses Gouvernements na Nederland,
welke
Tnins"
NL-HaNA_1.04.02_3142_0233.xml,"427
welke voorm: reek: met betrekkinge
tot kostij aanstaande week mogelijk
zullen klaer komen mits uE. ten
spoedigsten bij eene zoldij notitie na
sale opgeeve, aan wien en hoe veel
gagie op den ontvangst deses voor uit
verstrekt zal zijn, waermede dan die
zwaerigheit uit den weg genomen
zijnde, ik voorts na groete verblijve
/:onderstont:/ als vooren /:was getekent:/
M: Rein /:in margine:/ Kolombo den 19.
februarij Anno 1765. —.
Aan als vooren.
Ik hebbe uE brief van den 19. kourant
ontfangen, en daer uit met zeer veel
displaisier moeten sien, hoe den gepos„
„teerden Zergeant en 12: gemeene bene„
„vens 1. arraetje 2: kangaans en 24. Las„
„korijns te oedemalegamge, die op den
17. ' bevoorens, van 'smorgens 7. tot 9.
uuren door de kandiaenen geattakkeert
en na een oosterling dood geschooten
en"
NL-HaNA_1.04.02_3142_0234.xml,"en een gequest zijnde, de vijand
op de vlugt gedreeven had, daer op egter
des nademiddags weder met zodanig
een over magt was geattakkeert gewor„
„den, dat hij genoodzaakt is geweest,
de vlugt te nemen en te retireeren,
met agter lating der aldaer zijnde pro„
„visien.
Dan Alhoewel dit verlies Juist zo onher„
„stelbaer en van zo veel belang niet
scheind te zijn, zo is het egter spijtig
en Iammer dat de vijand, die nu
een geruimen tijd lang genoegzaem
bij alle, en dus ook bijde geringste attakques
altoos heeft moeten vlugten, nu ons
volk, eerst heeft durven aendoenen
schoon te rug gedreeven zijnde, de novo
heeft dur ven aenvallen, met dat gevolg
dat ons volk moest vlugten al
voorsz. , het geen niet zoude geschied zijn
indien uE de magt aan die kant niet
zo verdeelt en gevolgelijk de posten
zo zeer verswak had, waer voor
ik
den"
NL-HaNA_1.04.02_3142_0235.xml,"2125
ik uE: eerst in het algemeen al bij briev
van den 22: Januarij gewaarschoud hebbe, na„
„mentlijk met die generaele herinne„
„ringe, om den ommeslag, alwaar
men in's konings land mogte indain„
„gen, tog zo kompendieus te maeken als
mogelijk was, waar na ik uE: bij mijn
nadere brief van den 13. ' kourant ten
principaelen, wel speciael inbedenking
gegeven hebben om VE: magt wat meer
bij elkander te houden en eenelijk
zo in de kolona korle als het overwaluw„
„se op een best gelegene plaats onder
faveur van een gepallisadeerde pagger
post te houden, de distrikten aan die
kant in respekt te houden, de onderdae„
„nen aldaar gaande weg tot ons te lok„
„ken, en door rekognosseeren, als ander„
„sinds de goede tegen de quaede g'inten„
„tioneerdens beschermen etc=a, en ik
hebbe mij gesleit, schoon de uitvoeringe
van het bewust projekt aan uE: als daar
na bij zijnde, en als iets dat eigen is,
overgelaten was, dat uE: zig daar door
zoude hebben laten gezeggen en raaden, dog
dewijl"
NL-HaNA_1.04.02_3142_0236.xml,"dewijl ik nu bedugt worde, dat de zaeken
aan die kant gaande weg meer en meer
in ons nadeel mogten uitvallen en
uE: geen de minste hulp van elders te
wagten heeft, en het onzeker is, of de
thans zo zeere beangste en benauwde
kandiaenen niet somtijds de eene af
andere zij sprong aan die kant mogten
maken, zo ben ik hoe ongaarne anders,
egter als nu te raeden geworden ongeagt
de aan uE: verleende qualifikatie bij
brief van den 22. ' Ianuarij dezelve in
zo verre t' limiteeren, en nader te bepae„
„len namentlijk dat ik VE: bij deeze speci„
„aele gelaste om desselfs magt in de
kolona korle en het overwaluwse niet
verder te verdeelen, maer eenelijk op
eene enkelde plaats post te laeten
houden, indiervoegen als ik uE: den
13. ' deser reeds inbedenking gegeven hebbe
En dewijl ik nu teffens van gevoelen ben,
dat uE: te Mature van meer nut dan
in het land kan zijn, zo werd uE: bij
deezen gelast, de nodige ordres aan de
hoofden"
NL-HaNA_1.04.02_3142_0237.xml,"212e
hoofden der detachementen te geven, met
qualifikatie om wanneer zij kans zien
nu en dan eene stroperij op den vijand
te laeten doen, dog zig anders maar
te maintineeren waer ze zijn; terwijl
uE: gevolgelijk nog â kostij zijnde aldaer
dan maar verblijven en in het Land
zijnde, weer na Mature vertrekken moet,
de huishouding van daar weder waarne„
„men, den Landdienst na den gebruike
gade te slaan ende detachementen,
na mate de tijds en zaaks omstandig„
„heid vereisschen de noodige ordre geven.
Waarmede na groete blijve /:onderstont:/ als
vooren /:was getekent:/ M: Rein /:inmar„
„gine:/ Kolombo Den 22: februarij A„o 1765
Aan als vooren
Het genoteerde bij uE: brief dan den
24. ' dezer houde voor bedeeld, en gedrage
mij voorts als nog bewoordelijk aan
mijn laatste brief van den 23. ' bevorens, waar
van ik uE: de observantie bij deezen ander
„maal rekommandeeren.
Waarmede na groete blijde /:onderstont:/ als
vooren
20"
NL-HaNA_1.04.02_3142_0238.xml,"vooren /:was getekent:/ M: Rein /:in margine:/
Kolombo Den 27. ' februarij A„o 1765
/:lager:/ P:s deezen reeds in gereedheid
gebragt zijnde, ontvange uE: nadere brief
van den 25: deezer
Aan als vooren
Uit uE: missive van den 5.' kourant hebbe
net genoegen gezien, hoe de modliaar
der kolona korle nevens verdere Jnlandsse
grandes te kattoene aangekoomen waren
en gem: korle dus de komp: wild toe„
vallen, waar uit blijkt, dat tot bereij„
„kinge van dat oogmerk, immers
geen ander beweginge nodig is, geweest,
dan alleen de eenvoudige uitvoeringe
van het gemaekt bestek, waar bij
hoope dat uE: zal blijven kontinueeren,
en voor al tog zorge dragen, dat den
nieuwen ingeland door eene zagte en
regtveerdige behandelingen nu dat
groote onderscheid en praerogatie onder
vinde, het welk bij 's konings regee„
„ringe geen plaats heeft, ten einde
de nieuw ingezeetenen des te meer
niet"
NL-HaNA_1.04.02_3142_0239.xml,"230
met liefde aan ons te verbinden en
wel zodanig, datze hun belang in de
onderdanigheid aan de komp: g'akkrocheerd
vinden, ten welke belange, ik VE: over
wijze tot de sukcessive van hier tot
diergelijke materie ralatie hebbende
gegevene ordres.
Terwijl uE: de gezamentlijke hoofden in
ijder in zijne bedieninge, tot nadere
ordre zal dienen te laten kontinuee„
„ren en ik na groete blijve /:onderstont:/
als vooren /:was getekent:/ M: Rein /:in
margine:/ kolombo den 7. ' Maart A„o 1765
Aan als vooren
Het volleedig andwoord op uE: brieven
van den 5, 6, en 13. ' deser uitstellende tot
„Raade
daar over in sekreeten zal zijn gebesoig
„neert zo rigte deeze eenelijk om uE: te
gelasten den over verscheide ongepermitteer„
„de Emancipatien bij uE: in arrest zittende
vaandrig van ugtrigts per eerste gele„
„gentheid dit heen in arrest over te zenden.
waarmede na groete blijve /:onderstont:/
als vooren Ter ordonnantie van den
Wel"
NL-HaNA_1.04.02_3142_0240.xml,"wel Edelen groot agtb: heer gouverneur
Lubbert Ian van Eck /:was getekent:)
I: Reintous, gesw: klerk /:inmargine:/
kolombo Den 23. ' Maart Anno 1765.
Aan als vooren
De bij uE. brief van den 13:' kourant
verzogte opgave wat de aldaar gedetacheerd
leggende oosterlingen onder ult„mo febr:
passato te goed behouden hebben, heeft
men alhier, voor so verre onse soldij
bediendens daer aen hebben kunnen
voldoen, ten eersten in gereedheid lae„
„ten brengen en word dezelve vE: nee„
„vens deezen toegesonden mitsgaders
aen den doet van dat libel genoteert,
om welke reeden zij dat papier
niet ten vollen hebben kunnen in
gereedhijd brengen, gelijk ook staad
te geschieden met de verzogte chirur„
„gijns en Medikamenten, waer van
onsen voorraed meede seer klijn is,
terwijl almeede per naesten onse
dispositie staet te volgen op uE:
betuigde verleegenheid over de indis„
„positie"
NL-HaNA_1.04.02_3142_0241.xml,"431
„positie der Militairen officieren.
waermede na groete blijve. /=onder stont:/
Eerzame Diskreete en Goeden vrind!
uE: Goede vrinden, ter ordonnantie
van D' E: Leeden van den sekreeten
Raed /:was getekent:/ J: Reintous, g klerk
/:in margine:/ kolombo den 18. ' April
anno 1765
Aan als vooren
Onze soldij bediendens ons ter hand ge„
steld hebbende een tweede Aanwijsin
„ge van de noch resteerende drie ooster„
sche kompagnien militairen tans
in het Matureese gedetacheerd, waar„
bij aengetoont word, of die menschen
onder ultimo februarij te vooren of ten
agteren, dan wel liquide staen, die
nende almeede in voldoeninge van
uE: verzoek bij brieve van den 13„e kou„
„rant; zo word dezelve uE: hiernedens
toegezonden
waarmede w' na groete seer gaarne blij„
„ven /:onderstont:/ als vooren Ter ordon„
„nantie van D'E: Leeden van den sekreeten
Raed"
NL-HaNA_1.04.02_3142_0242.xml,"Raed /:was getekent:/ I: Reintous, gesn:
klerk /:in margine:/ kolombo den
29'. April Anno 1765
Aen als vooren.
Deeze diend eenelijk ter kommu„
nikatie, dat op den 14. kourant van
hier overland naer derwaerts ver„
„trokken zijn, de officieren en gemee„
„nen bij neevensleggend lijste bekent
welke tedens aentoond wat z' aen
kostgeld, huishuur &„a alhier genooten
hebben, uE. kan dezelven plaetzen
op sodaenige posten alwaar z' abzoluit
vereijsschen
waarmede nae groette blijven. /:onder
stont:/ als vooren. ter ordonnantie van
den Ed: Achtb Heer Praesident, en Leeden
van 't geheime kommitte. /:was gete
kent:/ J Reintous, gklerk /:in margine:/
kolombo Den 17. Maij Anno 1765
Aan als vooren
De Lieutenant Raidt keert tans te rugge
om wederom op Tangale het kommando
te voeren en gelijk hij het bevoorens aldaer
zonder"
NL-HaNA_1.04.02_3142_0243.xml,"432
zonder proviantmeester gesteld heeft, moet hij
tans ook de pakhuisen aldaar waarneemen;
tot welk einde hem de soldaat Daniel
wilbors op zijn versoek alhier is toegevoegt
en waar door een proviantmeester op die
post word uitgewonnen /:onderstont:/ als
vooren /:was getekent:/ Anth=s Mooijaart en
Ian Jurgen Feber /:in margine:/ kolom„
„bo Den 1:' Iunij A„o 1765.
Aan als vooren
Ingevolge besluit van den 30:' Iulij Iongstl: moet
de kapitain Berskij, na het kommando,
en het battaillon sipahis, waervan hij
tot dus verre kommandant is geweest,
doch 't welk voortaen door den E: Majoor
Medeler staet gekommandeert te worden,
bij absentie van zijn E:, aen den kapitain
Bielefeld overgegeeven te hebben, ten spoe
„digsten herwaarts koomen.
Het koomt niet alleen mij maer ook
verscheidenen Leden in den sekreeten Raed,
voor, dat de Militie in uE: Dessavonije te
zeer oversprijdt is, tot groot bezwaar van
den singalees in 't oproeren van de be„
„nodigdheeden, en dat verscheidene posten,
zonder nadeelige gevolgen, zouden kunnen
ingetrokken"
NL-HaNA_1.04.02_3142_0244.xml,"ingetrokken worden, mitsgaders dat
eene post aen de waluwe, eene te kattoene,
genoeg zouden zijn, om de korles in
respekt te houden; mits te mature
een guarnisoen van Driehondert Man,
half Europaschen, gehouden wierden,
om, des noods, ten allen tijde, een
respektabel detachement in de korles
te kunnen zenden.
Dan vermits dit eene zaek van belangh
is, die teffens locale kundigheid vereischt
om niet mis te lasten, zoo moet uE:
met den kommandeerenden kapitain
dezelve, ernstig overweegen, en mij hun ge¬
„meen gevoelen daer over omstandig en met
reedenen bekleedt, bedeelen.
waarmede na groete blijve /:onderstont:/
Eerzame Diskreete uE goede vrind, Ter
ordonnantie van den wel Ed: groot agtb:
Heer M„r Iman willem Falck, gouver„
„neur en Dierekteur van het Eijland Ceijlon
met dies onderhoorigheeden /:was getekent:/
J. G: van Angelbeek, sekretaris /:in margine:
kolombo den 14. ' augusto anno 1765.
Aan als vooren
Hangakoon moet ten
De Maha Modliaer
eersten"
NL-HaNA_1.04.02_3142_0245.xml,"433
eersten herwaarts koomen, de slechte proportie
die tusschen 't getal der onderofficieren en Gemee„
„nen van de aen uE: Dessavonije bescheidene
Europeesche Militie gevonden word, heeft
mij bewoogen uE: te gelasten eenen vaen„
„drig naer Tale en 8:' serjants herwaarts
te zenden ten einde aldaar bescheiden te
blijven.
waarmede na Groete blijve /:onderstont:/ als
vooren, Ter ordonnantie van den wel Edelen
groot agtb: heer M„r Iman willem Falck
Gouverneur en Dierekteur van het Eijland Ceijlon
met dies onderhoorigheeden. /:was getekent:/
J: G: van Angelbeek, sekretaris /:in margine:/
Kolombo Den 16:' Augusto Anno 1765
Aan als vooren.
Alzo men tot weeden toe noch niet te rugge ziet
keeren de 'skomp:s paerden en zadels &: die
door den Lieutenant Gavron en vaandrig
schoeheim van hier mede genoomen zijn,
zo word VE: gelast dezelven van kun afte vorde„
„ren en ten 'eersten dit heen te zenden, gelijk
steeds moet geschieden wanneer van hier
geen speciale permissie tot de aanhouding
van diergelijke rijdieren gegeeven is.
waarmede"
NL-HaNA_1.04.02_3142_0246.xml,"Aan als vooren
waermede na groete blijve /:onderstont:/.
als vooren. Ter ordonnantie van den wel
Edelen groot agtb Heer M„r Iman willem
Falck, gouverneur en Dierekteur van het
Eijland Ceijlon met dies onderhoorigheeden,
/:was getekent:/ J:s Reintous, E: klerk van 't geh: kommitte
/:in margine:/ kolombo Den 24. ' Augusto A„o 1765
UE: schrijvens van den 23„e deezer, voor
zo verre de bezetting der posten in
uwe Dessavonije betreft, in onzen
sekreeten Rlaede overwagen zijnde, is
daer op beslooten, de Europeesche
Militie aldaar, in twee kompagnien
te verdeelen, bestaande ieder in
1: kapitain 2: Lieutenants 2: vaandrigs
6: zergeants 1: chirurgijn 1: schrijver, 4:
Pijper & Tamboers, en 133: Man in rijen
en gelederen daar onder 8: korp=s
en daar van eene volle komp„e onder
bevel van den kapitain Bilefeld, te
sengale te plaatsen, met soo veel
Jnlandsche Militie, als 'er na bezetting
van Mature en de verdere posten, zal
overschieten"
NL-HaNA_1.04.02_3142_0247.xml,"434
overschieten. Terwijl de tweede komp:e onder
bevel van kapitain Birdt te Mature quar„
„nisoen houden en naer Berregamme deta„
„cheeren zal 1: lieutenant, 1: sergeant, 2:
„korporaals, 1: Tamboer en 28: gemeenen; dus
zullen onder dese kompagnien niet begreepen
zijn, de volgende officieren onder officieren
& gemeenen, die buiten dezelve Emplooij
vinden als 1: Lieutenant 1: drilmeester
en 's: gemeene als tolk, op wallagodde
1: vaandrig 1: drilmeester en 1: gemeene
als tolk op kattoene, 1: sergeant en 1:
gemeene als tolk, te waluwe 1: vaandrig
1. drilm„t en 1: gemeene, als tolk, op Akkuras
1: drilmeester bij de sipahis en 1: bij de ooster„
„lingen te Mature 1: drilmeester bij de
oosterlingen, te Tengale en 1: bij die te
Berghamme so dat in allen bij de Europeesche
Militie zijn mogen 2: kapitains 5: Lieutenants
6: vaandrigs, 20: sergeants en 16: korporaals
kunnende overtollige onder officieren in der
tijd invallen.
Doch de arthillerij kan geenen kapitain
hebben en is daar toe ook veel te zwak
aen"
NL-HaNA_1.04.02_3142_0248.xml,"aen gemeenen ende kapitain en vaendrig
van de komp. sipalis, die met Bartels
gevangen genoomen is, en welke dus
zonder komp: zijn, moeten herwaarts
gezonden worden.
uwE: voorstel, om aen het guarnisoen
aldaar, zoo wel als aan de in veld leggende
detachementen het Extra douceur of veld-kost„
„geld toe te leggen, strijdt even eens met
de leggende ordres, en onze intentie, om de
lasten die uit der maete vermeerdert zijn
zo veel mogelijk is, te besnoeien, en zoude
ingewilligt wordende, aen het guarnisoen
alhier en elders, aenleiding tot gelijkstan„
„dige verzoeken geeven, en word daerom
zoo wel, van de handgeweezen als de
verdere propositie, om 80: Jnlanders, die te
Berlepannetotte de wacht zouden houden
2: of 3: ropijen 'smaands toeteleggen, dit laat„
„ste inzonderheid om reedenen, dat de
Laskorijns, die daar toe gebruikt worden,
hunne accomodessans hebben, ook tot nu
toe voor het bezetten dier post eenelijk
rijst, genooten hebben, waar bij men ook
kontinueeren"
NL-HaNA_1.04.02_3142_0249.xml,"435
kontinueeren moet, terwijl het ons toescheint
dat men het daar ook wel niet minder
als 80: Laskorijns zal kunnen stellen, waar
omtrend uwE: ons nader zal dienen te elucidee„
„ren, want eene enkele- uitkijk-post schijnt
so veel manschap niet noodig te hebben, en
defensie kan men van schichtige Laskorijns
niet verwachten.
van de nuttigheid eener post in de ons toegeval„
„lene kolona-korle zijn we overtuigd, maar
dewijl wallagodde zoo ongezond is, dient
uE: te onderzoeken, of daaromstreex geen
gezonder streek te vinden is, ten einde
dezelve als dan met oosterlingen te bezetten
doch dergelijken plaats niet te vinden zijnde
zoo als we vreeren, moet deeze, aangehouden
worden
ook laaten we ons welgevallen uwen voorstel,
om kattoene met 50: Malijers bezet te houden,
met ordre aan dies officier, om zo ras walal„
„godde mogt g'attacqueerd worden, naar
derwaarts ter versterking op te rukken
echter niet eerder, voor dat van Tangale
een rensort zal aangekoomen zijnde doch
de"
NL-HaNA_1.04.02_3142_0250.xml,"de verdere voorstel, om het oude fort aldaer
ten kosten van 2: â 3000: rd:s te repareeren,
heeft meede geen ingang gevonden, en
we betuigen eens voor al eene volstrekte
aversie te bezitten, voor alle projekten
van die Natuur.
De Waluwe en Berregamme moeten
zeekerlijk bezet blijven, om de daar van
gegeevene goede reedenen, waar onder het
Meesterschap der zoutpannen, wel de voor
„naamste is, weshalven uE: ook bij deezen
word aanbevoolen, den officier die daar
kommandeerd, scharpe ordres te geeven
om den vervoer van zout naar 'skonings
Land, door alle uitdenkelijke middelen te
beletten, of ten minsten beswaarlijk
te maeken: dan dewijl het op de teegens„
„woordige post aen de waluwe mede
zeer ongesond is, zoo moet ook daer, naer
eene gezondere plaatse in de nabuurschap
aen die rivier omgezien en gevonden zijnde
bezet worden.
Doch voor zoo verre er voor d' aenhouding
van Akkuras geen andere reeden zijn, als
die"
NL-HaNA_1.04.02_3142_0251.xml,"236
die uE: op geeft, is het best, dezelve op te„
„breeken, want, ingevalle men een de„
„tachement in een der nabuurlijke distrik„
„ten moest zenden, zouden de provisien
ligt mede te neemen zijn, om dat het
transport volgens uw schrijvens tot zoo
verre gemakkelijk valt, zonder voor zulk
een gebeurlijk doch egter noch onzeker en
mogelijk nooit exsisteerend geval, een
Magazijn op Akkuras bij voorraed aente„
„leggen, approbeerende voor het overige de
verdere verdeeling der oosterlingen en sipahis
so mede der arthilleristen op de voornoemde
posten, in vertrouwen van 't goed overlech
van kapitain Bieleseld voornoemt.
Bij het voordraegen van uwe belangens hoopen
we in het vervolg meerder bedaardheid
te ontmoeten, dan uwE: omtrend den over„
„ste Feber doet blijken, te meer, om dat
daar door aen hun gewigt niets benoomen
zal worden; terwijl we uwE: gelasten, ons
toe te zenden, eene Lijst van onbequaeme
of ziekelijke officieren en onderofficieren bij
de oosterlingen en dezelven te anriemeeren,
om"
NL-HaNA_1.04.02_3142_0252.xml,"om in November naer Batavia te ver„
„trekken tot het aanwerven van versch
volk, onder belofte van avancement zul„
„lende voortaan alle aktens van gevorder„
de militairen, naer 't oude gebruik, 'skom„
„pagnies wegen overgezonden worden
waarmede naar groete blijve /:onderstont:/
Eerzame Diskreete, uE: goede vrinden
/:was getekent:/ Sm: will: Falck, I: I: Feber
D: Burnat I: G: van Angelbeek en A: Moens
/in margine:/ kolombo Den 30:' augusto 1765
Aan als vooren
Di er tijding van Medeler is, en de slimme
reegen en hooge rievieren alleen oorzaek zijn
van 't lang uitblijven der brieven is de Expedicatie
bij den mijnen van 19:' deezer niet zo nadrukkelijk
want misschien zouden slaapende haarden hier door
wakken worden gemaekt en de kanneel schillers
in de marrua korle ontrust uwEd: zal mij egter
bij zonder verplichten door zich bij kundige inlan„
„ders te informeeren naar de geleegenheid van oeva
en de weegen daar heen strekkende"
NL-HaNA_1.04.02_3142_0253.xml,"437
Mature
Ik ben na vriendelijke groete met alle achting
/:onderstond:/ uw Edele D: w: Dienaer /:getekent:/
Im: will. Falck inmargine:/ kolombo den 22:
7ber: 1765.
Aan als vooren
De Lieutenant Gavron zal uwE: opzicht
deeses van walalgodde moeten op ontbieden,
en denzelven op Mature zoo lang aan te
houden, tot dat de schrijvers van de teegen
hem ingebragte klagt ola zullen weezen
afgekomen, en tegen hem gehoord zijn: als
wanneer ik hem, met de stukken ten
zijnen Laste, hier verwagte, en na groete
blijve /:onderstont:/ als vooren /:getekent:/
Im: will: Falck /:inmargine:/ kolombo
den 7. ' 8ber: 1765 /:lager:/ P: S: Hetkom„
„mando op wallalgodde verwachte ik
dat aan een bequaam en rekkelijk offi„
„cier zal worden opgedraegen, en bij opzending
van Iavron moet daer van kennis gegee„
„ven worden naar Sale
Aan"
NL-HaNA_1.04.02_3142_0254.xml,"Aan als Vooren
De Lieutenant Gavron hadde ginter be„
„hooren te blijven, tot dat de Hoofden uit
de kolonna koale na den oegst hadden
kunnen opgeroepen worden.
Indien hij zich dus noch ginter bevinden
„diensten
mogte, moet hij middeler wijle „ in 't gaani„
„zoen doen; anders zal hem tegen voorsz:
tijd wederom zenden als wanneer uE: de
klagten nauwkeurig onderzoeken en
niet alleen de Hoofden maar ook die
verder getuigenis geeven kunnen ontbieden
en nader verhooren, mitsg:s die klachten
aan gavron voorhouden moet, niets on„
„bezocht laetende om agter de waerheid te
koomen
waarmede na groete blijve /:onderstont:/
als vooren /:getekent:/ I: W: Falck /:in„
„margine:/ kolombo den 25:' 8ber: 1765
Aan als vooren
Hiernevens bekomt uE: een Lijst van 't getal den
koelis in de daarbij vermelde korles alle
onder 't Taalsch kommandement en de dessa„
„ronije van mature geleegen woonachtig: de„
„zelven"
NL-HaNA_1.04.02_3142_0255.xml,"438
dezelven moeten teegen den 20:e of uiterlijk
25. ' deeser sonder mancquement hier zijn dus
uw E: op 't nadrukkelijks gelast wordt daer
voor als een zaak van zeer groot belang.
sonder interruptie te zoogen, en op, zicht
deeses de uitschrijvinge 'er van te doen, met
deese bijgevoegde expresse aankundiging
dat we hunne betaalinge van 2: rd:s en
1: parra rijs of insteede van rijs 30: stv:s
'smaands niet meer bij parthijen maar
man voor man zullen laeten volgen, op
dat we ons gerust kunnen stellen
dat die rechtig geschiede.
'T is bekent genoeg dat het benoodigde
getal uit de eigenlijke koelis niet zal
kunnen gevonden worden, weshalven men
de verdere laage geslachten, Iagereros, Tam„
„blinjeros, Raatjes, Porrewetchareassen„
enz: te baat zal moeten neemen, onder
expresse aankondiging aan de Hoofden,
dat de onwilligen onder hen, zonder
oogluiking, met derportement, en zwaerder
naar bevinding van zaeken, zullen worden
gestraft
Bij de Taalsche koelis moeten een Modli„
„aer"
NL-HaNA_1.04.02_3142_0256.xml,"„aer en een korael, en bij die van Mature
twee modliaeas en twee koraels afkomen
met de koelis, van Vier verantwoording het
wegloopen zal afhangen en zullenze met
den dag van hunne komste alhier worden
:betaeld:
Waermede na vrindelijke groete blijve /:onderstond/
als vooren /:geteekent:/ M:r Iman Willem
Falck /:in margine:/ kolombo den 6: xber:
1765
Aan als vooren
uwE: moet opzicht deses noch ses stuks
van de beste Elefanten na gewoonte herwaerds
Zenden.
waarmede na groete blijve /:onderstont:/ als
„vooren, Ter ordonnantie &:a /:getekent:/
I„n G„s van Angelbeek, sekret:s /:inmargine
kolombo den 13. ' December 1765.
Aan als vooren
Dwintig rekruuten voor de kompanie
sipahis van Sjeuch Malmoet gaan op wegh
om zich bij hunne kompanie te voegen
en die van Michiel Rau moeten maa„
„Cheeren"
NL-HaNA_1.04.02_3142_0257.xml,"2139
„cheeren naer Tale, om daar garnizoen
te houden, tot nadere ordre, behoudende
uw E: dan nog volks genoeg in de dessavonij
Kapitain Boanbanga staat van Gale
te retourneeren, om de vakante kompanie
oosterlingen van sidin overteneemen, die
uit volk van zijn kampong bestaande
hem hoope ik beeter respekteeren zullen
dan zijne teegenwoordige kompanie, waer
van het kommando opgedraegen is, aan
kapitain Sembang; een Mandarees ge„
„lijk ze zijn, maar de Lieutenant van de
kompanie is buiten dienst gesteld en
vertrekt naar Batavia
waarmede na groete blijve /:onderstond:/
als vooren /:geteekent:/ I: will Falck
/:in margine:/ kolombo den 23:' 7ber A„o 1765
geh: kommitte
Akkordeert
Jaann eintous
E: k: van't
. . .
:"
NL-HaNA_1.04.02_3142_0258.xml,1
NL-HaNA_1.04.02_3142_0259.xml,"Aangs Koomene & Meeren
van
Kalspettij
No. 14"
NL-HaNA_1.04.02_3142_0260.xml,
NL-HaNA_1.04.02_3142_0261.xml,"2140
Colombo.
Aan (den wel Edelen Groot Achtb: Heer
Lubbert Jan Jan
ck
Raad Extraordinair van Nederlands India
Gouverneur en directeur van het Eijland ceijlon
met dies Onderhoorigheden Nevens den Raed.
Wel Edele Groot agtb:
Hoog Gebiedende Heer en
Heeren
En alle eerbied rigten wij deeze eenelijk uwel
Edele Groot achtbare voor tedraegen het ver
zoek van den Lieutenant Militair Ian
scheerken dewelke met de Putulangse
koortje in de maend Januarij J=o leeden
van het Leger dat van daer opgemaa„
cheert herwaerds om desselfs herstelling
te Erlangen afgekomen terug verbleeven
en kortelings weder hersteld geraekt
is"
NL-HaNA_1.04.02_3142_0262.xml,"dat het uwel Edele groot agtbare gunstig
lijk behagen mag hem te permitteeren
van hier na costi temogen opkomen;
Jntusschen blijven wij met alle uit denke„
lijk ontzag en respect /:onderstond:/ wel
Edele Groot achtbare Hoog Gebiedende,
Heer en Heeren uwel Edele Groot Achtb:
oodmoedige en Gehoorsame Dienaeren
/:was getekend:/ P: I: van Houten en
J: J: Swedberg /:in margine Caepettij
den 22: Maert A=o 1765. —
Aan De E: E: Agtbaere Heer
Anthonij, Mooijaart
kommandeur van Iassenapatnam en
Marten Rein Kommandeur van Kandia
Presidenten benevens De E: Leeden van het
Geheime kommitte aldaer.
Colombo
sisteren avond ten agt uuren ontfangen
hebbende een secreete brief van den kil„
kareesen resident Henrik Willem August
Keuneman de dato 12=e deser inhoudende
dat het Hof van Candia aen dat van
Ramenadewaram poginge deed het selve
te bewegen tot het doen van een merkelijke
E:E: Agtb: Heeren en E:
Heeren.
onderstand"
NL-HaNA_1.04.02_3142_0263.xml,"2142
onderstand tegens de E: Komp=e en het zelve te„
doen overscheepen en landen, omtrent deeze
hoofdij bij seekere berg na bij oedempecarre
sonder dat hij nog voor vast konde bedee„
len hoe of deeze propositie bij het laest
genoemde hof is opgenomen vide Copia
van gem: missive hier nevens en alhoewel
het overscheepen en Landen van Troupen
in de presente Mousson daer aen deese
zijde alles een lager wal is genoegsaem
voor ondoendelijk moet gehouden werden
soo hebbe egter van mijnen pligt geagt
uw E: E: agtbare hier van kennisse te gee„
ven gelijk ik de commandanten van
Puttelang en chilauw zulks meede gegaen
hebbe alsoo men in dit tegenswoordige
tijd gewrigt niet tevoorsigtig kan
weezen dewijle vast moet veronderstelt
werden dat 't secumbeerende hof van
Kandia alle middelen die mogelijk
sijn sal in het werk stellen om van
de E: komp=e represaille teneemen
wegens de nederlaeg aen haer toege
„
bragt
voor het verdere hebbe de Eer mijn niet
alle
e"
NL-HaNA_1.04.02_3142_0264.xml,"alle ootmoed te onderschrijven, als /onderstond
E: E: Achtb: Heeren en Heeren uw EE: Agtb
gehoorsame en ootmoedige Dienaer /: was
getekend:/ T: Thornton /:in margine:
Calpettij den 22. Maij A„o 1765. —.
Colombo
Aan den wel Edelen Agtb: Gestr: Heere
M:r Jman Willem Falck
Gouverneur en directeur van het Eijland
Ceilon met dies onderhorigheeden benevens
den Raed
wel Edelen Agtb: Gestrenge
Heere en Heeren.
opgisteren de novo van het Commandement
Jafnapatnam alhier aangekomen zijnde
84. Coppen Camatjes bestaande in 7. ser„
jants 5. tandel en 72. gemeene soo hebben
wij haar alhier niet langer willen op„
houden maar op heeden onder opzigt
van 1. Corporaal en 2. gemeene mitsga„
ders 1. Cangaan en 4. Lascorijns na Chi„
lauw laaten vertrekken hebbende tot
na Costi toe randsoen genooten en
hebbben verder de eere ons met de meest
ootmoed te onderschrijven /:onderstond
wel"
NL-HaNA_1.04.02_3142_0265.xml,"243
Aan als Vooren.
wel Edele Agtb: Gestrengen heere en
Heeren uwel Edele Agtb: Gestrenge
ootmoedige en gehoorzaeme Dienaer
was getekend I: Thornton I: Brasch
en J: J: Sweedberg in margine/
Calpettij den 18. Aug„s 1765.
Gisteren avond ten half seven ontfing
ik van Chilauw een brief van uwel
Edele groot Agtbare aan kapitein
Bodenschats verselt van een Copia
missive door uwel Edele Groot agtb:
aan de kommandanten van Nigon„
bo en van dezelve aan die van Chilauw ge
schreeven mitsgaders een van laast
gem: Commandant aen mijn gerigt
de dato 30. ' der gepasseerde maend
noteerende dat gem: Capitain Bo„
den schats denzelven nagt met drie
vaartuigen op de Chilauwse Rheede
geleegen had en ongetwijffeld om ver
versching water en blandhout ver„
leegen sal weezen wanneer met
sijne armade onder deeze hoofdij
mogt arriveeren.
Jk hebbe illicio heden Moogen een
vaertuig"
NL-HaNA_1.04.02_3142_0266.xml,"alle ootmoed te onderschrijven, als /ondersto
E: E: Achtb: Heeren en Heeren uw EE: A„
gehoorsame en ootmoedige Dienaer /: wa
getekend:/ T: Thornton /:in margine
A„o 1765. —
Calpettij den 22. Maij
Colombo
Aan den wel Edelen Agtb: Gestr: Heere
M:r Jman Willem Falck
Gouverneur en directeur van het Eijland
Ceilon met dies onderhorigheeden benevens
den Raed
wel Edelen Agtb: Gestrenge
Heere en Heeren.
opgisteren de novo van het Commandem
Jafnapatnam alhier aangekomen zijnd
84. Coppen Camatjes bestaande in 7. ser
jants 5. tandel en 72. gemeene soo hebbe
wij haar alhier niet langer willen op„
houden maar op heeden onder opzigt
van 1. Corporaal en 2. gemeene mitsga
ders 1. Cangaan en 4. Lascorijns na Chi
lauw laaten vertrekken hebbende to
na Costi toe randsoen genooten en
hebbben verder de eere ons met de meest
ootmoed te onderschrijven /:ondersta„
wel"
NL-HaNA_1.04.02_3142_0267.xml,"2143
Aan als Vooren.
wel Edele Agtb: Gestrengen heere en
Heeren uwel Edele Agtb: Gestrenge
ootmoedige en gehoorzaeme Dienaer
was getekend I: Thornton I: Brasch
en J: J: Sweedberg in margine/
Calpettij den 18. Aug„s 1765.
Gisteren avond ten half seven ontfing
ik van Chilauw een brief van uwel
Edele groot Agtbare aan kapitein
Bodenschats verselt van een Copia
missive door uwel Edele Groot agtb:
aan de kommandanten van Nigon„
bo en van dezelve aan die van Chilauw ge
schreeven mitsgaders een van laast
gem: Commandant aen mijn gerigt
de dato 30. ' der gepasseerde maend
noteerende dat gem: Capitain Bo„
den schats denzelven nagt met drie
vaartuigen op de Chilauwse Rheede
geleegen had en ongetwijffeld om ver
versching water en blandhout ver„
leegen sal weezen wanneer met
sijne armade onder deeze hoofdij
mogt arriveeren.
Jk hebbe illicio heden Moogen een
vaertuig"
NL-HaNA_1.04.02_3142_0268.xml,"vaartuig voor agt dagen gevictiva„
lieert en daer op een goed Mattroos
geplaest en het selve buiten denmoed
deezer Rivier aande Z: w: E boven
de vlagge stok met de brief voorm:
gezonden met ordre op het eerste
gesigt van een tweemastige of meer„
der Chialoupen immediaet in zee en
dezelve tegemoet te steeken mitsgaders
voorm: missive eijgenhandig aan de
heer Bodenschats te overhandigen
met bijgevoegt schrijvens aan dien
kapitain, Luitenant mijn bij ontfangst
zulks niet alleen te bedeelen maer sijne
verlegentheid tewillen te kennen geeven
die ik dan ook met alle spoed van 't
noodige sal voorsien dog ingevalle
in agt dagen die bodems niet mogten
opdaegen sal ik den brief van uwel
Edele Groot agtbare op het spoedigste
naer Manoer Senden om van daer
naer zilkare tewerden voortgeschikt,
ten waere uwel Edele Groot agtbare
mijns in middens anders geliefde
te ordonneeren waer benevens in„
gevolg
ooo
7"
NL-HaNA_1.04.02_3142_0269.xml,"2144
gevoege de qualificatie door uwel Edele
Groot agtbare aande Commandanten
van Nigombo gedaen op Hoogst der„
selve approbatie een praemie van tien
Rd=s hebbe belooft in dien demeer„
gem: brief op eene Secuure en
spoedige wijse aan de heer Boden„
schatsz: werd ter hand gesteld hier op
een gunstige goedkeuring en spoedig
andwoord imploreerende ben niet
demeeste ootmoed onder stond:/ als voo
ren Getekend I: Thornton in man
gine:) Calpettij den 3. Decemb=r 1765.
Joennis Wemtous
E: k: Vrent
Akkordeert
geh: Kommethe"
NL-HaNA_1.04.02_3142_0270.xml,
NL-HaNA_1.04.02_3142_0271.xml,"2145
Brieven
Afgaande
Roefelti
hoar
No.
15"
NL-HaNA_1.04.02_3142_0272.xml,
NL-HaNA_1.04.02_3142_0273.xml,"445
Khalpettij
Aan het opperhoofd den onderkoopman
Thomas Thornton
Jnandwoord op den brief van uE: raad van
den 22:' kourant dient dat den gerekon„
„valesceerden Lieutenant scheerken ge„
akkordeert word om ten eersten herwaards
overtekoomen terwijl deese eenelijk tot
dat fine gerigt zijnde zo blijve ik naar
groete /:onderstont:/ Goeden vrind uE:
Goeden vrind. der ordonnancie van den
wel Edelen Groot agtb: Heer Gouverneur
van Eck /:getekent:/ J:s Reintous, gesw:
klerk /:inmargine:/ kolombo den 27:
Maart A„o 1765:
Aan als Vooren.
Deeze eenelijk gericht wordende ten geleide
van incloseert kognossement van het
gelaedene in brengster deeses, waermede
ook overvaaren den kapitain Militair
Francois Albertus Prins vaendrig Bern„
„hard Isaak de Bellon en 51' Militai„
Goede vrind.
„ren"
NL-HaNA_1.04.02_3142_0274.xml,"„ren aen welke uE: een behoorlijke transport
naer Putulang moet besorgen zoo blijven
wij naer groete /onderstond:/ als vooren
Ter ordonnancie van den E:s Leeden van
den sekreeten raed /:getekent:) I:s Rein„
„tous, gesw: plerk /:in margine:/ Kolombo
den 17. April 1765.
Aan als vooren
De verleegenheid om karwaat is groot,
weshalven wij uw E: gelasten ons daar
van ten eersten met een thonij zoo veel
toetezenden, als aan handen of in een
dagh of drie op te doen is.
Waarmede na groete blijve /:onderstont:/
als vooren /:getekent:/ Ter ordonn: &=a
I. G: van Angelbeek, sek:s /:in margine:/
kolombo den 7: November 1765
Aan als vooren
Ik approbeere 't geen uw E: heeft verricht
om een brief aan kapitain Boden„
„schats overhandigt te krijgen en om
dat hij kalpettij noch niet gepasseerd
was twijfele met of 't zal van goed suk„
„ces"
NL-HaNA_1.04.02_3142_0275.xml,"2146
„ces zijn.
Karwaat verwachte met de te rug komste
van de standvastigheid te meer nu
den kommandant van Putulang bij
brieve van den 21=ste 9ber aangeschreeven
is ordre te stellen dat de vis, die al„
„daar gedragt wordt, nergens, dan
bij uw E: moet gelevert worden.
De arrak=pagter kaddergamme
sela Pinnaal klachten vallende over
dat hij in de invorderings zijner Pacht
Penningen verhindert word, zal uwE:
de hindernissen moeten trecken uit
den weg te ruimen.
Waarmede na groete blijve /:onderstont:/
als vooren /:getekent:/ Ter ordonnancie &:a
J„n G:s van Angelbeek, sek:s /:in margine:/
kolombo den 9=e December 1765:
Aan als Vooren
van Putulang zal uw E: zout krijgen
dat met eene van de sloepen, behalven
't gene uwE: zelfs debiteeren kan, dit
heen moed bezorgd worden.
Waarmede"
NL-HaNA_1.04.02_3142_0276.xml,
NL-HaNA_1.04.02_3142_0277.xml,"2148
Aangekoomene Brieven
van
TutuKorijn
len"
NL-HaNA_1.04.02_3142_0278.xml,
NL-HaNA_1.04.02_3142_0279.xml,
NL-HaNA_1.04.02_3142_0280.xml,
NL-HaNA_1.04.02_3142_0281.xml,"2147
Holombo.
Aan de Edele Achtbare Gebiedende Heeren
Mooijaert en
Anthonij
Marten Rein commandeurs
Van Iaffenapatnam en
Kandia thans prointerim het gezagh
Voerende en Presidenten van het gewichtig
bestier van het Eiland Ceilon en
dies Onderhorigheeden, nevens D E:s
Leeden van 't Geheime Kommitte aldaer
Ed: Agtbaere
Gebiedende Heeren.
door den kilkareesen Eerste Resident Keun„
man mij gecommuniceert zijnde Copia
missive door hem in dato 6. deezer aen den
wel Edelen Groot agtb: heer Lubbert Ian
Baron van Eck /:G: G:/ secreet en apart
geschreeven hebbe schoon somtijds te overvloe„
„dig egter voor de securiteit om dat door on„
verhoedse toevallen wel wat lang zoude kun
„mien"
NL-HaNA_1.04.02_3142_0282.xml,"nen uitblijven of geheel vermist raken nodig
geagt, daar van afschrift bij deeze derectie
gelegenheid uwEde Achtbare in submissie
aan tebieden met bekentstelling teffens dat
buiten de circumstantieele beschrijving van
den Prins Moettoe Chioeppa Narresinga
Andewer door gem: Keunman gedaen niets
speciaals van Denselven alhier heb kunnen
teweete krijgen verzoekende over zulx uw Ed=e
achtbare geagte ordres hoeden zelven op zijn
reets gedaen en bij een vader aanzoek zal
hebben aantemerken en bejegenen
Terwijl ik mij overigens met al hoog agting
noeme /onderstond:/ Ed=e Agtbare Gebiedende
Heeren uwel Edele Achtbare onderdanige en
gehoorzaame Dienaer /:was Getekend:/ G: De
vos /:in margine/ Tutukorijn den 21 april
1765. —.
Aan den wel Edel Groot-Achtbaaren Hoog Gebiezende
Dewel Ed=e Groot Achtb:
Heer
Heer
Lubbert Jan van Eck
Raad Extraordinair van Nederlands India
mitsgad„s Gouvern„r en directeur van het Eijland
ceilon met dies onderhorigheeden. C=r
Kolombo."
NL-HaNA_1.04.02_3142_0283.xml,"450.
Wel Edele Groot Achtb:
Hoog Gebiedende Heere
Met veel secreetesse is bij mij gekomen een
sendeling die opgaf sijn Heer en Meester
tesijn een wettig kandiaas Naemen
Moettoe Chioepa Narresinga Andewer
seggende van gerepte prins /: wiens vader dd
voormaals Candiaas koning naamens
wimela Irvena Singa geweest was
gezonden te zijn ten eijnde teverthoonen
om door mij aan uw wel Edele Groot
achtbare p=l Missive verthoond teworden
hoe het eene wereldskundigd saek was
dat gem: prins een wettig Candiaet prins
gebooren en alleenlijk door de overmagt
door den laatsten Candiazen koning
van 't Badduas geslagt die niet het min
ste Regt tot dien troon hadde verdree
ven was egter van denselven altijd een ee
Jaarlijx Penzion genooten 't week al
egter voor eenige Jaeren toen d' Edele 's
komp=e eenige blijken van goedheid aen de
hem hadde laeten blijken opgehouden
09
10
had"
NL-HaNA_1.04.02_3142_0284.xml,"had; waar door hij dus genoodsaekt
worden om tot sijn onderhoud te ge„
langen hem tevoegen tot den sikkelsen
Naijk denoteerende een onverwante des laasten
Candiaasen konings van 't Badduas ge„
slagt met wien hij dan voor korten tijd in dus
put geraakt zijnde, ook van den selven ver„
trokken en aan het Rammenadewarams Hof
gekomen hem aldaer in Cognito ophoudende
hadde meede voor korten tijd van den Can„
diazen Dessave der vier Corles berigt ont„
fangen van eenige gesteldheeden aldaer, some
de hoe gerepte Dessave de parthij der
Edelen Comp=e gekoosen en hem aanva„
den de bij gerepte haer Edele meede sijn
toevlugt teneemen verzogte dus het een
en ander aan uwel Edele Groot agtbare
met de meeste spoed maer mogelijk
te communiceeren en te verseekeren dat
hij gereed was ten vollen haer Edelens
believen te observeeren en natekoomen
dus verzoekende dat hem mogte bedeeld
worden van na Colombo te sullen koomen
dan wel in 't Elend te blijven swerven
egter het eerste vertrouwende verzogte
met"
NL-HaNA_1.04.02_3142_0285.xml,"met eeren om dat heen met 't verEijschte
pect so als uwel Edele groot agtbare souden
gelieven goed tevinden temogen komen so meede om
de noodige Contanten also van alles ontblood was
geevende met eenen tekennen hoe dog ook in 't Elend
swervende sijn staat na volgens sijn geboorte soo
veel mogelijk was hadde moeten onderhouden
dus van een en ander hem bekende kooplieden 't
een en ander geleend het welk meede diende behaeld
teworden someede hoe een parthij sijner goederen
onder de goederen der onverwanten des laatsten
Candiazen konings dien hij een unsopoteur of
verweldiger des Rijks noemde te Nagapatnam
verzegeld waeren verzogte dat dezelve aen hem mog
ten werden ter hand gesteld in die permissiv ko„
mende soude van de sijnen iemand na derwaerds
senden ten einde deselve te ontfangen hem daer op
antwoordende mij niet qualijk te duiden dat
een saak gelijk deese mij door een persoon wied
ik niet kende en die hem mogelijk voor een
sendeling van een prins des Candiasen Rijksmet
wien d' Edele Comp=e nooit in vijandschap ge„
weest was konde uitgeeven en mogelijk niets
minder dan het selve sijn dat sulk een saak seijde
ik niet opsulk een enkeld seggen aen uwel
Edele"
NL-HaNA_1.04.02_3142_0286.xml,"Edele groot agtbare soude kunnen voordrae„
gen egter deselve ook niet willende kun„
nende nog durvende van de hand wijzen verzogte
mij 't een en ander van sijn prins telaaten p=r
ola bedeelden so meede 't geene de Dessave
der 4. korles wegens sijn perzoon aen hem
geschreeven mitsgad=s sijne prinselijke hoogheid
eijgen geschrift om aan uwel Edele groot
agtb: tewerden gezonden so wel 't een als het
ander waer op dezelve antwoorde 't selve niet
alleen aan sijn Prins te bedeelen maer ook 't
sij selven 't sij door imand anders de gevorder
de geschriften tebrengen of te laaten brengen en
daarmede na 't ontfangen van betel en arreek
mitsgaders 25. f=s paddij vertrokken na alvo„
rens de verblijf van sijn Prins aen mijne be„
diendens te hebben beteekend.
Gisteren tegen den avond is gerepte sendeling weer
aan de poort gekoomen met de meeste spoed aen
den arraetje gezegd hoe eer sijner Dienaeren aen
't huijs van mijn Dienaer die mits ontstente„
nis van een scomp:s tolk bij mij als taalman
aggeerd gesonden ten eijnde mij eenige olassen
te behandigen en aen den arraetje de novo beken„
de den oost alwaer men hem des noodig sijnde
kan vinden in mediaet vertrekken sonder
hen"
NL-HaNA_1.04.02_3142_0287.xml,"21
hen verders telaaten sien Mijn Dienaar rooms
catholik sijnde en Juijst op zulken veest dag
in de kerk weezende is ten eersten bij mij geroe
pen en na mij de olassen om welke tehaalen
hem gezonden bij mij gebragt hebbende heeft hij
retour tehuis den bestelden zijnde een kleene
Ionge geweest niet meer voor gevorden van 4.
olassen hebbe een aan mij gerigt geopend en
geleegen, dewelke teffens de andere drie de Eere
hebbe uwel Edele Groot agtbare met de meeste
submissie aantebieden en wel de drie laesten
ongeopend hoewel mijne ola dicteerd dezelve
meede te openen teleesen.
Uwel Edele Groot agtbare g'Eerde ordres in hoc„
casie op 't Eerbiedigste verzoekende bidde meede
op 't demoedigst dat van dit voorval aan 't E: heer
opperhoofd te Tutukorijn benodige kennis geeven
en wel bij monde also op verkreegen permissie
van sijn Ed=e op overmorgen voor een springtogtje
dat hee gaan egter binnen wijnig dagen ten vroe„
ger als uwel Edele groot agtbare gerespecteerde
ordres hier kunnen amineeren weer sal retour
neeren
waarmede d' Eere hebbe deezen met de aldervolmaek
ste hoog achting en met eerbiedigste submissie
te onderschrijven /:onderstond:/ wel Edele Groot
achtbare Hoog Gebiedende Heere uwel Edele Groot
Achtbare, en onderdaanige ootmoedige en
Jrouwschuldige Dienaer Getekend H: W: A:
keunman /: in margine Kilkare den 6. April
1765. —.
Aaen
-"
NL-HaNA_1.04.02_3142_0288.xml,"Aan Als vooren.
Aan den kilkareese Eerste Resident keunman zijn reets op den 12. dezer
toegebragt uw Edele agtbare gerespecteerde secreete brieven van
den 7. bevoorens onder cachet volant over deeze plaatze gezon„
den waer voor uw Edele agtbare eerbiedigst dank zegge en in„
tusschen door hem keunman wegens de nader verschijning
van sendeling van den als Candiasen Prins sig uitgeeende
Persoon van Moetoe Chioepa Narresinga Andeweer op den
11. aan uwel Edele agtb: amstandig berigt gedaen en daer
van een afschrift aen mij besorgt zijnde hebbe de eere Copia
van het selve bij deesen tevoegen in veronderstelling van eene
vroegere of ook secuur der bestelling onder eerbiedige noo„
te teffens dat daadelijk aan hem keunman geantwoord
heb dat hij bij nadere betragting niet kunnende verkrij„
gen dat deezen prins bij hem delogie zelfs als was ook
in coguito verscheint om dat als dan de geordonneerde
observantie van zijn perzoonlijke hoedanigheid des tebeter
en de verhandeling met elkander selfs gereguleerden en
uitgebreijder zoude kunnen geschieden illicio tot de
begeerde ontmoeting en mond gesprek sig moeste
vervoegen ter bestemde plaats.
Voorts verseekere uw Edele agtbare nader bij exacte
navarsching niet het kunnen teweeten krijgen of onder
de in anno 1760. alhier aangebragte Siamse Priesters
een Candiaas Prins zig bevonden heft maer wel
zo men zegt een Panis van Siam selfs ofde
oudste Broeder vanden koning van dat Rijk
gelijk ook wel waar is dat eenige van hun gevolg
alhier geabsenteerd sijn also daervan Een opgave bij
brieve van den 25. Maert 1765. gedaen en daer bij
een Naamlijst overgemaakt is hebbende bestaen in
14. koppen als 1. mandarijn of hoofd der domestiken
en 13. gemeenen.
ok kan ik alhier niet vinden het als toen door die pries„
ters verleend de Claratoir en beantwoorde vraegpoincten
na Costij overgemaakt neevens secreeten briev van den 10:'
Maart 1761. voorm: waer uit anders gedagt had eenig
Plicht van deezen Moetoe Chioepa Farresinga Andeweer
ste zullen gekreegen hebben
hemels dierlaarsten zegen zij tot sterke ondersteuning van uw wel Ed=le
agtb:"
NL-HaNA_1.04.02_3142_0289.xml,"2153
agtb: in dese en alle andere gewigtige verhande„
lingen tot Ceijlons volkome herstelling,
naer de vuurigste beede en wensch van
hem die overigens met hoog agting en
Eerbied blijft /:onderstond:/ Als vooren
getekend g: de: vos: /: in margine:/ Jutu
Korijn den 17. Maij Anno 1765.
Aan Als vooren.
Hebbe mij begelukkigt gevonden met uw
Edele agtbare zeer gevenereerde missive van
den 31. ' Maij J=o verweeken en achte uw
Edele agtbare hoog wijze schikkingen om„
trent den afhael en overbreng van den
bewusten prins en pretendent zo volkoo„
men en goed dat daer bij niets heb weeten
tevoegen Egter bedanke uw Edele agtbare
diep nedrigst voor de daer toe gegevene
gunstige qualificatie en overlaeting aen
mij om den eersten kulkareesen resident
keunman met gemelde prins te laeten ver„
trekken ingevalle mogelijk
Dus hebbe ook bevoorens onderweldui„
ding gehandeld en op diverse gedaene
vraegen."
NL-HaNA_1.04.02_3142_0290.xml,"vragen en verzogte ordres door Even ge„
melde keunman hem daermede voor„
zien gelijke volgt.
Eerstens om na Tripolanij twee uuren van
kilkare gelegen op te gaen ter ontmoeting van
voorschreeven prins, mids alvoorens dof ook
bij die gelegenheid betragtende den zelven bin
nen de kiekareze logie, al was het zelfs in„
coguito, tekrijgen, om dat als dan hem betar
zoude hebben kunnen leeveren kennen en
meerder runnte tot een gesprek gevonden
dan op de bepaelde openbaere plaats
Tweedens van zigna Rammenadewaram te
begeeven, ten fine met Jammoderum pulle
over de articulen 'scomp=s belang betreffende
wijdlopig tehandelen en het een en ander
tot een goed Einde te brengen daer toe voor
ziende met de preliminaire articulen
tusschen het afgegaan opperhoofd deezer
custe dE: Sweepe en stheuvers zendelingen;
geslooten, zo die hem ergens in mogten te
passe koomen.
derdens het Loonder kollijs weegens de
noodsakelijkheeden"
NL-HaNA_1.04.02_3142_0291.xml,"2154
noodsakelijkheeden blijkens extract brieven
L: A: bepaeld op 4. ropias en een parra
rijst de gemeenen en de hoofden 2. Ropias
meerder 'smaends dog zulks niet flotten wil„
lende naer den voorstel van hem Keuneman
dat is 5. ropias aen elke koelij en 7. 2. aen
ieder hoofd nevens Rijst
vierdens weegens het Transport dier koelijs
gevraegt hoe zulx best tedoen, hoe veele vaer„
tuijgen daertoe aenhanden mitsgaders hoeveel
en hoedanige nog benodigt dan wel of dezel„
ve over Land herwaerds komen komen,
om per Chaloupen overgebracht teworden
En vijfdens alhier zelfs ook betaachting
gedaen ter aenwerving van koelijs dog
hebbe de parruassen behalven dat ze veel
te zuij en tracg zijn daer toe ook ongenee„
gen gevonden.
Het smalschip De Batavier hebbe alverder
onder het losfen van het allernoodzakelijk„
ste tot het doen dier rijze met alle
haaft doen voorzien daer onder van
een
gen
te
leeden"
NL-HaNA_1.04.02_3142_0292.xml,"een combuis op 't dek, alzo het zelve
anders in het cabelgat zijnde het koken
vrij ongemackelijk en veel tijds met haad
waeren zelfs niet moogelijk geweest is
Jndier voegen alleen wachtende naer de terug
komst van den resident keurman uit
het Rammenadewarams hoff net aen„
genaeme tijding van het succes zijner
verrigtingen, hebbe tot zonderling leed„
weezen ter contrarie vernomen dat
hij het Hof wel in eenen goeden Liin
aengetroffen en verlaeten den Candiasen
poins gesproken en aengeraden had
om tot dat hij onder 'skomp:s vlag was,
alles secreet te tracteeren, dog dat
den zelven zulx niet had willen opvol„
gen en dus de aenhangers van den op
de vlugt gedreevenen kandiasen koning
een aenslag gemaekt hadden zijn hoogheid
op de een of andere meize van kant
tehelpen dat dezen prins hem daer op
verborgen gehouden en het hoff diverze
detachementen hier en daer uitgezonden
had"
NL-HaNA_1.04.02_3142_0293.xml,"2155
had, om denzelven telichten; dat ook een daer
van tot 200: Man begroot, snachts den 14.:'
deser voor 'scomp=e logie te kilkare verscheenen
begeerende
was leeggeerde op de onbetamelijkste wijze, dat
de zelve zoude geopent werden, zonder dat het
zelve na de opening van de poort tot de weijzing
net woorden overtehaelen was, maer wel
door het doen van een losse schoot en andere
movementen die dat detachement wel eenig
zints deed retireeren maar geenzints afzien
van het terughouden van een thonij, strax
door den resident uitgezonden, ten fine
de kruisthonijs opteroepen om door het
ligten der daer op zijnde manschappen,
zig in de logie te versterken, vrij min„
der van het belet dat er eenig volk zig
begaf na de thonijs in de rif voor de lo„
gie leggende, met andere omstandigheeden
nevens het terug keeren van dit geswerne
snamiddags daer aen, dat ook meer m=te
prins met dezijne in handen der uit„
gezondene Detachementen gevallen en na
Ramenadewaranu gebracht is, en
laastelijk dat hij keunman geen appa„
rentie heeft; van meerm: koelijs te zul„
len obtineeren, ampelder te beoogen
bij overgaende Extract kilkareese brie„
ven L=a B: waer bij onder L=ra C: en D:
Mij"
NL-HaNA_1.04.02_3142_0294.xml,"mij verpligt achte te voegen het tot als nu
ontvangen berecht van 's keunemans ver„
richtingen bij Tammoderumpulle enszv: en
de andwoorden door mij op dit een en an„
der gedient, in hoope dat dezelve zullen
wegdraegen uw Edele achtbaere ge-Eerbie„
de goedkeuring
voor het overige onderschrijve dezen met alle
hoog achting /:onder stond:/ Edele
Achtbaere
ebiedende Heeren
Vw — Edele Achtbaere onderdani„
gen en gehoorsaee Dienaer /:was ge„
tekend:/ G=t devos / in margine/ Jutuko„
rijn den 26. ' Junij A„o 1765. —
Aan den E: Gebiedende Heer
DE. Gebiedende Heer Gerrit Devos
Koopman en opperhoofd der
custe Madure
Gebiedende Heer
6:
Jn myne submissie van den 23. ' Meij J=o leeden
hadde d' eere uw E: Gebiedende temelden hoe
sdaags daer aen met den bewusten Candiaes„
prins stond in een mond gesprek te tree„
den, dit bedeelde op de genoomen afspraek
Pieterkorijn
niet"
NL-HaNA_1.04.02_3142_0295.xml,"2156.
met den sendeling die van dien prins ten dien
opzigte bij mij gekomen was, egter 's daegs
daer aen, wanneer deese entrevue soude
geschieden, niemant volgens genomen afsprac
ke bij mij komende om mij tot sijn
Hoogheid te geleijden en ik tot den 28:' daer
aen sonder nader advijs bleef, quam des„
selfs sendeling weer bij mij, seggende dat
zijn Hoogheid in eenige verwijdering met
Tamoeterampulle geraekt was, ter saeke
dese kancelier door de aenhangers des gevlug
candiaes konings scheen daer toe overge„
2
haeld tesijn als dewelke geld hadden, en
daer door het Rammenadewarams Hof
als van munt spetie ontblood, daer toe
over gehaeld hadden dus zijn hoogheijd van
Rammadewarain vertrokken, ens hem te
Triwitte mangoe /:circa vier uuren van
Rammenadewaram en ses uuren van hier
leggende/ in een huijs Tamoeteram pulle toe
„behoorende onthield dat verstaen hadde, hoe
ik zelfs na Rammenadewaram stond
tekomen, dus aldaer zijnde, geleegendheid
kon hebben tot het mond gesprek te komen
en wanneer zijn hoogheid mij alles on„
standig soude verhaelen en tekennen gee
ven, voorts verzoekende om gerieving van
200."
NL-HaNA_1.04.02_3142_0296.xml,"200 pagooden, hebbe het laatste onder
voorwending dat voor present van geene
contanten voorsien was, van de hand ge„
weesen, ben daer op den 1. deser 'snademid„
dags na Rammenadewaram vertrokken
met sodanig gevolg als in voorige dagen in
usantie geweest 'snagts de Tripolanij ge„
bleeven en den 2. smorgens vroeg mijn weg
vervolgens vond op deweg circa een kleen
uur van Ramenadewaram gerexte sende„
„ling teffens nog twee andere d=o die mij„
tragten te beweegen nog eer na Rammeena„
dewaram ging na Triwittemangoe bij
hunnen prins tekomen maer oordee„
„lende daer toe niet temoeten resolvee„
ren hebbe sulks gewijgerd op verander
stelling dat het Hof als dog het oor
leenende aan de aanhangers des ge„
vluchten Candiaes konings hier over
alderhande veronderstellinge soude
maeken, die door gerepte aenhangers
meer ontstooken werdende den gewens„
ten uijtslag aen mijne verrigting
souden beletten, hebbe dus mijn weg na
Rammenadewaram vervoegd aldaer ge„
komen en uit gesteegen sijnde in het
Huijs"
NL-HaNA_1.04.02_3142_0297.xml,"2157
Huijs ten dien fine door het Hof voor mij ge„
reed gemaekt, liet mijn arrivement wee„
ten wanneer door Tamoetarampulle een der
Eerste Havelingen gesonden is, om mij met
mijn komste te complimenteeren, en van
eenige noodwendigheeden teverzien, bij welke
gelegendheijd deze hoveling naemens Croesena
den pulle als in 't particulier vroeg, ten wel„
ken eijnde ik gekomen was en wat tever„
handelen hadde, antwoorde daer over Tamoe
tarampulle selven te onderhouden en dat
hij wanneer als dan present was het kan
hooren, verders vraegende, wanneer het mij be
liefde binnen 't fort tekomen, antwoorde
vermits de reijse mij iets gefatigueerd hadde,
sulks heeden niet kon geschieden, dus na
dat uijtgerust hadde morgen soude au„
dientie begeeren, 't welk uit stelde om dat
voor gewaegde mij „ de ontmoete prinselijke
sendelings desen avond bij mij in mijn
Rusthuijs souden komen, dus ik eerst het
een en ander nopens hunnen prins meende
teverstaen, waer op dese kroesenadenpulle
vertrok na het ontfangen van betel en
areek.
Dien selfden avond geregte sendelingen van
den prins niet bij mij komende, hebbe
'sdaegs daer aen den 3=e deser aen Jamoe
tarampulle"
NL-HaNA_1.04.02_3142_0298.xml,"„tarampulle laeten weeten. hoe gaerne
met hem in gesprek wilde treeden dus
ten dien fine binnen komen, so kreeg ten
andwoord of ik sijn Exellentie den Jongen
vorst wilde spreeken, dat als dan de noodige
toestel moeste gemaekt worden en ver„
mits sulks in der haest niet kan geschieden
ik heden geen audientie kan verkrijgen mits„
gaders dat het noodig was eerst den theuver
en na dato hem Tamoetarampulle tonder„
houden, so liet weer antwoorden, dat sijn
Excell: de Heer Heuver tejong dus onvermo„
gend was, eenige affaires aenhorende te ver„
„staen, veel min daer op te antwoorden en te
disponeeren, dus dat audientie bij sijn Excellentie
tekrijgen onnoodig was, also dog alles met hem
Tamoeterampulle, als in wiens handen de Regee„
ring was, moeste tracteeren, mitsgaders dat
mijne affaires niet toelieten mij veele dagen te
Rammenadewaram op te houden, dese audientie
hebbe in hoope van gunstige welduijding ge„
weijgerd, om de geschenken te bespaeren, waer
mede den Jongen vorst na volgens 'slands ge„
woonte hadde moeten beschenken, hier op
kreeg van Tamoetenampulle ten andwoord
sijn Huijs het mijne tesijn, daer in te kun„
nen komen wanneer maer wilde en dat
altijd gereed was, mij te ontfangen dus
ik"
NL-HaNA_1.04.02_3142_0299.xml,"2158
dus ik maer mogte komen, ik sond den ovo
en liet weeten dat wel gekomen was om
over het een en ander te spreeken, maer o
dat des niet temin niet soude komen, ten
waere een der stoffe grooten op behoorlijke
manier mij quam afhaelen en binnen ge„
leijden. deese boodschap door de mijnen aen
Tamoeterampulle gedaen zijnde, seijde
dezelve, hadde ik van tevooren geweeten, hoe
danig hij moeste binnen gehaeld worden,
ik zoude dubbeld so veel gezonden hebben,
maer ik hebbe het niet geweeten en daer
na gevraegd maer niemant heeft mij
weeten onderrigt tegeeven sittermani„
gaer die sulks weet is niet hier ordon„
neerende met eenen seeker hoveling„
naemens Canniecheerweergaern mij
te gaen afhaelen en bij hem te geleijden,
dezelve per Palenquijn gekomen en een
tijd lang bij mij geseeten zijnde, ben na
het fortres gegaen en een dubbeld Ran„
ket van snaphaanen gepasseerd, mits„
gaders voor het Huijs van Jammoete„
rampulle en daer binnen gekoomen zijn
de vond hem omstuwt van circa 25. a„
30. slavelingen, waar onder ook een
sendeling
Woeb"
NL-HaNA_1.04.02_3142_0300.xml,"sendeling der Engelsen Naamens Trinegale
Modelie mijn arequetit en kussen gelegd en
vlak voor Tammoeterampulle gezeten mitsg=s
de ordinaire eerste complimenten afgelegd sijnde
declareerde dat toen wij ons onlangs te Tri„
polanij ontmoet hadden, hadden wij over het
een en ander gesprooken, dat door mij daer
van de verschuldigde Communicatie na Colam
„bo en aan uw E: gebiedende gedaen was, ik denodige
ordres daer op ontfangen hadde/ en daer over
en nog eenige andere affaires te spreeken
gekomen was, Tamoetarampulle verzoeken„
de het een en ander maer voorte draegen, seijde
ik, hoe hij toenmaeld aen de noble Compagnie
gepresenteerd hadde een assistentie van gewae„
pende trouppen om tegens den aen de doorlug„
tige Comp=e bondbreukig geworden Candiaes
koning ten faveure van onse Comp=e geac„
compagneerd met onse tramppen te aggeeren
en dE: comp=e tegens dien koning te helpen,
dat het haer Edele soo min aen volk als magt
gemanqueerd hadde, om dien koning als een
door veelderhande violeering en verbreeking
der successive tusschen Haer Edele en dien
koning gesloten Contracten, die van den
kant der nobelen Comp=e na volgens
Haer"
NL-HaNA_1.04.02_3142_0301.xml,"2159
Haer Edele allomme bekenden gewoonte
op het hijligste gehouden was genoegsaem
trouwloosen bondgenoot, voor sijne aen de door
lugtige Maetschappije beweesen trouwloosheid
te straffen gelijk deselve dan ook na dat alle
sagtmoedigste middelen niet hadden willen
helpen, in den laatsten veldtogt genoegsaem
ondervonden hadde en ook genoegsaem we„
veldkundig was, vermits hij in minder
dan twee Maenden tijds, na in diverse
Battailles overwonnen te zijn, was genood„
zaebet geworden niet alleen desselfs Hoofd
en Residentie stad kandia, teffens alle sijne
Ammonitie hoedanig ook genaemt aen
onse segen rijke waepen, waer voor hij on„
mogelijk hadde kunnen bestaen, overlaetende,
te verlaeten, maer na dato ook uit Desselfs
Bergvesting Hangerang keddij in 't land van
oeva gelegen in 't woest gebergte van
Badoele van alle de sijnen verlaeten te
vlugten, 't welk alles Haer Edele sonder
de minste vreemde hulpe benoodigd te„
hebben gehad en te begeeren, hadde kunnen
uitvoeren en nog soude kunnen uitvoe„
ven, dat Haer Edele des niet temin Janwoe
tarampulle en het Rammenadewarams
Hof."
NL-HaNA_1.04.02_3142_0302.xml,"Hof beleefd en vriendelijk liet bedanken
voor de aengeboden assistentie Tamoeteram
pulle verwonderd, vraegende waer of de
koning van kandia hem dan present ont„
hielde. so antwoorde dat het aan hem bereeds
bedeeld hadde, vlugtende van al de sijnen
verlaeten in 't woeste gebergte van Radoele
en verders vraegende, waer of 'sE: Comp=s
Trouppen waeren! antwoorde, dat de„
selve sodanig geplaatst en gequartierd wae„
ren als tot maintineering van het geconques„
teerde en maeken van verdere proquessen
noodig was. Tammoeterampulle verders
vraegende of 'sE: Comp=s Tromppen ook
nog in Candia waeren: so antwoorde
dat s' E: Comp:s standaert aldaer waeijen
in dat in svijands land aldaer het Hoofd
quartier onzer trouppen was, Tammoetaram
pulle seijde te hebben gehoord dat er veele van
onse volkeren door siektens stierven, en
de wegen van Candia na kolombo voor de
onzen afgesneeden en geslooten waeren, ik
antwoorde dat hem dat seekerlijk van
de voor de doorlugtige Comp=s quaed ge„
intentioneerde en aenhangers des vordree
ven konings panthij zoude bedeeld zijn,
en"
NL-HaNA_1.04.02_3142_0303.xml,"2166.
en van dewelke men verzekerd was, dat hun
nog met het voorbrengen van alderhande
leugens, het Rammenadewarams Hof, sog
ten te bewegen om iets ten faveur van dien
verdreeven, vlugtende en verlaetende koning
te onderneemen; en hoewel de magtige Comp:
niet alleen genoegzaem in staet was om
alle sulke en andere onderneemingen te
verijdelen en daer en boven na volgens Haer
Edele alcomene bekenden beleijd en pru„
dentie daer voor de noodige praecauties
en maet regulen genomen hadde, het zij
ook door wie het mogte ondernomen
worden, sulks en diergelijks teverEijdelen
mitsgaders dat onse troupen so als be„
reeds gezegd niet alleen hun hoofd quar„
„tier inkandia hadden, maer ook vollige
en vijlbaerige communicatie met Colombo
calpettij, Putulang Trincquenemale en
alle andere plaetzen alwaer onze troep
pen guarnisoeneerden, campeerden
en in gequartiert lagen, dat des
niet temin hem nader over sulke
ten dies respecte der so benoemden Comp
leugen voorbrengende perzoonen op
zijn beurt soude onderhouden
Tammoetenam fulla"
NL-HaNA_1.04.02_3142_0304.xml,"Jammoetaram pulle wenkte met de oogen
seggende met een lagje wie weet wat of
mijn broeder verder te zeggen heeft, wij
sullen op een ander tijd alleen niet mal
kaer spreeken in mijn kamer, hem ves„
pondeerende dat mij sulks te aengenaamen
soude sijn, ben na dat met dien Engel„
sen sendeling als goed portugees spree„
kende een weinig en ook met Tammoete„
rampulle over differente affaires gespro„
ken hadde na het ontfangen van Betel
en arreek vertrokken siende in 't uijt„
gaen den meergewaegden sendeling
des Candias prins, onder een suit minder
Hovelingen
Alzo alles selfs moet te papier brengen
en copieeren bidde uw E: gebiedende oot„
moedigst goed tevinden dat dit eerst nela„
teerende het vervolg Morgen d' Eere hebben
uw E: Gebiedende met demeeste verschuldigd
heid aentebieden.
Waarmede de Eere hebbe met de Eerbiedenste
Hoog agting tevoehanden /:onderstond:/ E: Gebie
dende Heer uw E: Gebiedende Gehoorzame
en ootmoedigen Dienaer /:getekent:/ H: w:
A: keunman /:in margine:/ kilkaie den
18. Junij Anno 1765.
Extract"
NL-HaNA_1.04.02_3142_0305.xml,"2161
Extract aparte en sekreete Missive
de dato 19 ' Junij 1765. Van Kilkare
door den Eersten; Resident Hendrik
willem August Keunman, aen
het Madureesch opperhoofd den Ka„
koopman dE: Heer Gerrit de vos
geschreeven.
Seer in mijn Rustplaats en den avond ge„
komen zijnde quaamen bij mij, de meer ge
waegde mij op de weg ontmoete prinselijke
sendelingen, seggende hoe de sikkelse Naijk,
de noteerende de schoonvaders den gevlugten
candiaas konings Tamoeteram pulle per
ola bedeeld hadde hoe de onzen wel in Can„
dia gekomen, maer ook daer in sodanig
geslooten waeren, dat niemand van daer
na kolombo, of van kolombo daer na toe
kon; dat en over de drie duijzend van de
onzen meestendeels door siektens gestorven
waeren een lak pagooden teffens eenige
plaetsen door dE: Comp=e beseeten wordende
gepresenteert hadde ter obtineering van 4:
á 5000 koppen Ceijlonwaerds tedoen over
scheepen, dat gerexte sikkelse Naijk
meer tot Nadeel en kleenagting van Haer
Edele geschreeven, mitsgaders door sijn
geld hunnen Meester den gewaegden Prins
die van die specie ontbbood was, op al,
derhande."
NL-HaNA_1.04.02_3142_0306.xml,"derhande manier dwarsboomde dat hun
prnis wenschte mij selven te spreeken als
wanneer hij mij ten vollen soude overtuijgen
dat hij een regte en wettige Candiaes prins
was, afkomende van de wettige Candiaese ko„
ninge die mij dus liet versoeken nog eer van
Rammenadewaram vertrok bij hem te wil„
len komen ten eijnde sulks van hem sel„
ven tekunnen verstaen, herhaelden verders
het verzoek van kontanten het laetste
weer van de stand geweesen hebbende onder
voorwending daer van niet verzien te zijn
declareerende verders thans bij zijn Hoogheid
tekomen oordeelde niet dienstig te sijn,
also het Hof daersekerlijk de weet van
soude krijgen, en het beter was dat het
selve daer, hoewel door hem zelven daer van
advijs aen sammoetarampulle gegeeven was
niet teveel kennisse van kreeg tot tijd en
wijle en na der antwoord van Colombo
quam sij wenden alles aen wat maer moge
lijk was om mij te beweegen na Triwitte„
mangoe bij hunnen prins tekomen
en ik wel begren hun Oogmerk te
sijn, dat eenige onderhandeling die
met hem hadde aen 't Hof bekend wierde
Zo"
NL-HaNA_1.04.02_3142_0307.xml,"262.
so weijgerde sulks met een volslagen neen, ten
eijnde mij niet te ver omtrent desen Prins
te engageeren, belofte met mijn vertrek van
Rammenadewanam over Touvittemangoe
bij hem aentekomen. 'sdaegs daer aen
zijnde den 4. e Courant liet aen tammoeta„
rampulle weeten hoe gaerne mijne affaires
wilde ten einde brengen, dus bij hem komen
maer kon geen gehoor verkrijgen, onder
voorwending dat een oliphant was siek
geworden, en verstond intusschen, dat voorge
waegde Trinvegale Modeli een sendeling
van M: Kempbell: soude weezen dat
toen tot gecombineerde Trababs Leeger
na Madure te hebben ingenomen omtrend
Palleamcoeddij staende, Tamimoetenam„
pulle door M=r Kempbell: was gewaar„
schuwt en onderrigt van den toelig des
Nababs tegen hem en Tandoeraeijwam
Pulle de veldheer des oedeatheuvers,
dus deese twee door dit verkreegen
onderrigt, den dans die hun door den
Nabab stond voorgespeeld teworden
ontsnapt waeren, dat Tamoetarampulle
daer voor sekere beloften /:die mien
meent in geld te bestaen:/
gedaen hadde
dat"
NL-HaNA_1.04.02_3142_0308.xml,"dat dese sendeling ten dien fine door ged=e
officier gezonden was, om het belofte te
ontfangen, maer bereets een sydlang tever„
geefs daer na gewagt hadde.
den 5=e op mijn herhaelde aenzoekinge
binnen en bij Tamoetanampulle gekomen
zijnde, vond hem alleen en na zitplaats
genoomen te hebben, bedankte hem nog„
maels voor de aengeboden Hulps benden
met bijvoeging, dat haer Edele deze
aenbieding aenmerkte als een tekeen van
vriendschap, die hij en het Rammenade„
„waaams
Hof voor dE: Comp=e heefde
en tragte tebethoonen, hij antwoorde dat
het Rammenadewarams Hof princi„
pael so lange als hij soo lange als hij
daer in iets teseggen hadde, altijd sou„
de tragten teeken van haere opregte wel
meenendheid te geeven en dat hij altijd gene„
gen zoude blijven dE: Comp=e te assisteeren
met het geene in sijne vermogen was
en dE: komp=e soude komen te begeeren,
ik antwoorde, daer op te vertrouwen,
en hem immediaet eene gelegentheid
te."
NL-HaNA_1.04.02_3142_0309.xml,"2163
te presenteeren, haar Edele een dienst te doen
met haer Edele een duijsent stuks fluxe
coelijs voor een Redelijke maendelijkse be„
taaling telaeten toekomen, hij vroeg tot
wat diensten dezelve souden dienen en
waer gebruijkt worden, ik antwoorde
tot diensten aen coelijs eijgen, als het
draegen van diverse Goederen, Palenquius,
kappen van brandhout E=a te kolombo.
hij seijde mij hier op te sullen antwoord
geeven en ik wederom alhier niet
lange te kunnen vertoeven, en veron„
derstellende, of hij soude satisfactie aen
sijn woord geeven en dE: komp:e een
plaizier en vriendschap bewijsen, dus
dit verzoek van haer Edele niet vruch„
teloos laeten gedaen zijn. hij antwoorde
sijn best tedoen ter obtineering van dezelve
ik verzogte nogmaels daerom, en
verthoonde verders aen hem hoe de
aanhangers des verdreeven Candiaes
koning, gelijk haer Ed=e ten vollen be„
wust was tot als nog niet nalieten
hunne"
NL-HaNA_1.04.02_3142_0310.xml,"hunne pogingen aantewenden, eerstens
door aller hande leugens dit Hof te doen
gelooven, dat het lang zo slegt, als van
den kant dE: Comp=e die haer nooit met
onwaerheden ophield:/ opgegeeven wierde
met den koning van Candia gesteld was
dat dog alle omstandigheeden wereld kun„
dig waeren, en tweedens, hem en het
Hof tragten te beweegen een onderstand
ten faveur van dien, nu ten eenemael
van al de sijnen verlaetene koning te
bewerken, dat het aen geen bondgenoot
van dE: komp=e betaande in desselfs
landen en aen desselfs Hof, vrienden
en bloedverwanten van Haer Edelens
openbaere vijanden, die door Haere
ten nadeele van Haer Edelens Agt„
baarheijd uijtstrooijende leugens geduu„
rige correspondentie met sComp=s pu„
blicque vijanden, en verzoeken voor
den zelven genoegsaem bethoonden dat
meede weesentlijke en openbaerevijan„
den van onze Comp=e sijn, dus uijt
naem"
NL-HaNA_1.04.02_3142_0311.xml,"2164
naem van de doorlugtige Comp=e preten„
deerde, dezelve niet alleen in het geheel
geen gehoor meer teverleenen, maer ook
van zijn Hof en uit desselfs Landen
teverbannen en met nadruk teverbieden
van ooit daer weer intekomen hij ant„
woorde van sulks morgen in dag te
kunnen doen, indien sulkes noodig was
maer dat hij toen te Tripolanij met mij
„
gesprooken, belooft hadde nooit het
minste onderstand en hulpe aen dien ko„
„ning op wat verzoeken het ook mogte
sijn te zullen bewijsen, vertrouwende
dat zijn woord moeste gegloofd wor
„den te meer dat desselvs belofte, op de
plaats voormeld, die alle beloften we„
gens de heijligheijd der kerke aldaer be-
eedigde gedaen was, ik respondeerde
dat Haer Edele Haer daer op niet kon
vertrouwen te minder meen ten vol„
„len wiste dat niet alleen deeze bloed„
verwanten, maer ook een parthij Heij„
loose Mooren die niet anders sogten
en
t"
NL-HaNA_1.04.02_3142_0312.xml,"en tragten als quaed en verwijdering te
stooken, en waer onder de bekende Moor
oemoer Gatta, een der voornaemste was,
deze verzoeken geduurig herhaelden, en
so lange het oor daer aen geleend, en zulken
verzoekers als meede vijanden van dE Comp=e
zijnde aen het hoff gedoogd wierden, d'E:
komp: haer op deese losse verzekering
niet kon betrouwen, protesteerende
met eenen tegen het verblijf der Vrienden
des Candiasen konings in zijne Landen
en aen dit hof, laetende alle gevolgen
voor zijn reekening, pretendeerde met
eenen den genoemten Moor oemoer Catta
als een quaad doender/ die de banden
ontloopen was, uitgeleverd te hebben,
Tamoetarampulle zeijde dat dezelve
niet in zijne landen, maer wel te a„
daas was, en daer van geinformeerd
zijnde, hadde geene pretentie meer
omtrent deezen moor temaeken.
Extrakt"
NL-HaNA_1.04.02_3142_0313.xml,"2165
Junij 1765. Van Kilkare,
Aparte
Extract
Secreete missive in dato 20„e
en
door en aan als Vooren Geschreeven
De Engelse sendeling voorgem:te is terugge
sonden, en drijgende vertrokken, alzo het
geene waerom gekomen was niet gekreegen
den 7. ' hield Tammoetarampulle hem ziek
en quam in 't geheel niet uit sijn kamer
liet mij egter belooven, des anderen
morgens vroeg nader tespreeken, dien zelfden
avond quam weder bij mij de meer ge„
relw.
rexte zendeling der Candiaas Prins de„
welke alderhande verthoogen deede en
alles aanwende om mij te persuadeeren
Tamoetarampulle te doen weeten dat ik
met zijn meester in een mond gesprek
wilde treeden, alle afraading ongeagt
bleef hij daer bij dat het noodig was
Tammoetarampulle daer over te onder„
houden vermits sijn prins sulks van
tevooren al aen deezen Cancelier be„
„deeld"
NL-HaNA_1.04.02_3142_0314.xml,"bedeeld hadde, so resolveerde eijndelijk desen
minister gelegendhijtlijk daer over te onder„
houden alzo veranderstelde sijn mening te
sijn daer door sijn credit boven den van den
vikkelsen Naijk aen 't hof tedoen gelden
's anderen morgens sijnde den 8:' de verkreegen
versekering ongeagt weer Tamoetarampulle
niet kunnende spreeken, so liet hem weeten
dat op seker ontfangen berigten, noodig
hadde hem te spreeken hij hem egter niet
willende laeten spreeken, ik gereedheid
soude maeken om te vertrekken hij liet
mij weeten dat de novo een der grootsten
oliphanten was siek geworden, maer dat
des niet temin mij soude afwagten ik
liet mij dan na binnen draegen, vond
hem in het binnenste fort met een groo
„te suit hovelingen onder een afdak
zitten en den sieken oliphant zien, en
naast hem plaats genomen hebbende,
vroeg dezelve of mijn vertrek so schie„
lijk was, ik seijde noodzakelijk weer
temoeten vertrekken, dus sijn antwoord
gaerne"
NL-HaNA_1.04.02_3142_0315.xml,"2166
gaerne willende hebben soo stond dezelve
op werkte mij om meede te gaen, en brag„
te mij in 't huijs van den sheuver, aldaer
in een vertrek gantsch alleene sittende,
verthoonde aen hem, dat al het geene wat
van mijnen kant teseggen hadde, voorge„
draegen hadde, dat ik wagte na sijne ant„
woord.
Aan den E: Gebiedende Heer.
DE:) Gebiedende Heer Gerrit De Vos.
Koopman en opperhoofd der kuste Madure
Tutucorijn
Hiermede dit chapiten verlaetende, seijde ik
omtrent de verzogte koelijs hadde hij be„
loofd dezelve te sullen obtineeren, hij ant„
woorde dat het cammorische Riviea welkers
water in zee liep, door kappen liet, ten
eijnde dat water na Rammenadewa„
ram en elder teleijden ten eijnde in
aenstaende Jaeren beter Nelij gewaste
hebben, dat daer toe 12. tot 15000. coelijs
Heeree
E: Gebiedende
Apart en sekreet
benoodigt
8"
NL-HaNA_1.04.02_3142_0316.xml,"benoodigt waeren maer vermits en de laes„
„te stribbelinge en duurte so schrikkelijk veel
volks deeze landen verlaeten en na elders
geweeken waeren pas 3000. om het werk kan
krijgen, dat des niet temin gaerne 1000. aen
de E: komp=e soude overlaeten; indien de zelve
niet over see gezonden wierden, als waer toe
dezelve bevreest en te bloode waeren egter
sijn best te doen Haar Edele daermede te
verzien, en dientwegen op zeeker gesonden
olassen antwoord verwagte, ik antwoorde
hem dat dit de ordinaire loopjes van
het Rammenadewarams Hof sijn, 't
welk nooit gewoont is, een vaste en
verzekerde andwoord tegeeven, dat haer
Edele, Haer, niet meer met onzekerheeden
sou laeten ophouden, en mogelijk eens her„
denken van ook deeze kleene believing niet
te hebben kunnen verwerven hij betuijgde
mij andwoord te zullen geeven en sijn best
te doen deselve tebesorgen ik verzogte
de
daerom, en vergde hem verders „ aenhan„
gers des Candiaes konings teverdrijven,
hij"
NL-HaNA_1.04.02_3142_0317.xml,"2167
hij seijde dat het Rammenadewarans Hof
een toevlugt voor alle ongelukkige was,
niemand te kunnen verdrijven sulks ook
nooit te hebben gedaen maer teversekeeren
hem met dezelve in geene onderhandeling
in te laeten die tot nadeel van dE: Comp=s
en ten faveur van den Candiaes koning
strekken, ik antwoorde dat Haer Edele
daermede wijnig soude voldaen sijn,
en het apparentelijk op 't hoogste neemen
dat haere vijanden gedoogd wierden aen een
Hof en in een Land, waer van daane
en waar uit deselve moesten gebannen
worden, en hier over van hem geen nadere
andwoord kunnende krijgen vroeg hem
als ter loops, wie of de perzoon was die hem
een tijd lang hier aen het Hof opgehouden
en present te Truvittemangoe onthield,
mitsgaders hoe ver dezelve aen den Vik„
kelsen Naijk vermaagdschapt was. Hij
antwoorde wel teweeten dat appoe Naijk
(: denoteerende die geduurig bij mij gekomen
sendeling des meer gew=e Prins) diverse
„maelen."
NL-HaNA_1.04.02_3142_0318.xml,"maelen bij mij geweest was, alzo de prins
het hem selven gezegt hadde ik antwoorde
dat gem: Appoe Naijk eenige maelen bij
mij geweest, en dat ik niet wel geinfor„
meerd was, wie of deeze persoon eijgendlijk
is, dus daer omtrent gaerne eenige im„
formatie begeerde. Tamoetarampulle seij
de het is een ongelukkig Prins sijn vader
was koning van Candia, te sterven komen„
de agter liet twee soonen en een dogter
de oudste is wel tot de Regeering gekomen
maer het heeft niet lange geduurt, waat
is omgekomen; wanneer dese als nog Jong
en circa 9. of 10 Jaeren oud zijnde van
Ceijlon gevlugt en te Rammoesoedam,
(: alwaer Jamoetaram pulle toen Juijst
een bediening hadde/ in het gewaet van
een priester gekomen, hebbende hem na
dat hier en daer gesworven, eijndelijk
voor circa vier of uijt Jaeren alzo
van alles ontblood was bij den sik„
kelsen Naijk wiens schoonzoon in
plaats van deses prins omgekomen
broeder"
NL-HaNA_1.04.02_3142_0319.xml,"2168
broeder op den Candiasen throon gekomen
was; vervoegd, van wien hij dan ook tot
dus ver sijn onderhoud gehad, en een ver„
wantin tot een bijzit verkreegen, hebben„
„de hem gem: sikkelse Naijk daer en bo„
ven desselfs dogter tot een vrouw beloofd
waer van echter niets gevoegd was, zijnde
voorts met den meergem: sikkelsen Naijk
en oneenigheeden geraekt, dus hun van
malkaer gesepareerd hadden, en deese on„„
eenigheeden tusschen hun, ook tot in 't
Hof gekomen, hadde hij Tammoetaram„
pulle hem een plaets te Triwitte mangoe
om daer in tewoonen gegeven en na
dat hem van den sikkelsen Naijk ge„
separeerd hadde, hadde hij sijn onderhoudt
van dit Hof gehad, Tamoetarampulle
vroeg mij daer op of deze prins soude na
Colambo gaen, en of ik, zo als hij hem
gezegd hadde daer over geschreeven, ik
antwoorde wel over hem te hebben geschree„
„ven, en dat mogelijk na verloop
van Twintig a dertig dagen antwoord
soude
zo"
NL-HaNA_1.04.02_3142_0320.xml,"soude krijgen, maer dat ik intusschen
genegen en nieuwsgierig was, hem eenste„
sien en te spreeken ten dien fine na Jni„
wittemangoe meende tegaen, Tamoeta„
rampulle seijde, dat zulks seer goed
was en ik uijt sijn eijgen mond des„
selvs waere fortuijn kan tevenstaen
krijgen, mij voorts vraegende wanneer
dat heen meende tevertrekken soo
antwoorde morgen vroeg om tegen den
middag weerom tekomen en als dan
teffens mijn bagagie na kilkare te„
vertrekken, en hiermede vermits het laet
geworden was vertrekkeende en in 't
uitgaen des Prinsen sendelings dikwils
genoemt of Appoe Naijk siende liet
hem door mijne bediendens seggen
aan mijn Rusthuijs tekomen, al„
waer dezelve dan ook quam, wanneer
ik hem seijde 's anderen morgens vroeg
na Sinwitte mangoe tegaen, ten eijnde
sijn Hoogheijd selven te spreeken, re„
commandeerde hem, aldaer een
verblijf"
NL-HaNA_1.04.02_3142_0321.xml,"2169
verblijf voor mij gereed te laeten maeken,
en te sorgen dat mijne bedientens en
ander volk ook het geene nodig hadden
besorgd wierde, hij zeijde, mij zelven dat
heen tesullen geleijden en voor alles de
noodige sorge tedraegen, den anderen
morgen vroeg sijnde den 9=e dezer Cir„
ca vijf uuren gereed om te vertrekken
sijnde quam meer gewaegde sendeling,
dat
seggende „ hij nog nodig hadde het een en
ander te Rammenadewaram teverrigten,
dat mij te paerd binnen een uur tijds
soude voegen, intusschen dese perzoon dat
meede een dienaer van den Prins wasmij
soude geleijden, ik vertrok om voor het
heetste der son aldaer tekomen, quam
circa negen uuren te Jriwittemangde
alwaer in een sober, maer sinelijk
Rusthuijs uitgesteegen sijnde verzogte
die mede gekomen dienaer, alhier den meer„
gewaegden sendeling aftewagten, 't welk
mij ongeleegen quam, seggende dierhal„
ven tot hem, aen mijnen arratje thuijs
van den prins te thoonen en ordon„
„neerde den arraetse sijn Hoogheijd
tegaen"
NL-HaNA_1.04.02_3142_0322.xml,"te gaen verwittigen, dat ik gekomen
en begeerig was sijn hoogheid te
spreeken, deese dienaer den prins in
de zelve woonhuijs niet vindende
en in twee a drie andere huijsen ge„
sogt hebbende, sonder tevinden vond
gelegendheid hem van mijnen arratje te
absenteeren, deese nu weer den geabsenteer
den dienaer soekende, bleef so laerge
uit tot dat genoodzaekt was, hem te
laaten opzoeken, dit geschied, bij mij
gekomen en het gepasseerde door hem
verteld sijnde so wist in den beginne
niet wat uit die affaire soude maeken
't was toen circa half Elf bij na in het
heelfte van de son. Jk sand volk en
Appoe Naijk of die tot hem of tot win
hij behoorde te verneemen 't Huijs waer
in dezelve woonde wierde getoont maer
daer was niemand in en niemand wiste
te seggen waer of hij of iemand van de sijnen
was, ik bleef tot het daelen van de sou
mij toen op de terug weg begeevende en
circa een quart uur gevorderd sijnde
ontmoete."
NL-HaNA_1.04.02_3142_0323.xml,"2176.
ontmoete den dekegew:de sendeling komende te
paard, hadde circa thien a twaalf koppen
bij hem, waer onder eenige Tamoetarams pulle
bediendens waeren, ik hem in 't geheel niet
vriendelijk toespreekende antwoorde dezelve
en bad, om alles maer mogelijk was dit
voorval niet aen hem, veel min aen den Prins
tewijten, en weer terug tekeeren dat alles
wat commoditeijd en voedzel nodig in
mediaet gereed soude sijn (want ik ende
mijnen hadden zo min voor geld als ander„
zints niets kunnen krijgen) en voorts alles
aanwendende, wat maer mogelijk was,
om mij weer terug te doen keeren soresoe„
veerde daer toe en quam weer te Truvitte„
mangoe, wierde in een op heijdense ma„
nier deftig en seer sinlijk huijs gebragt
synde het zelve door Tamoetaram pulle
aan den prins, om daer in tewoonen
gegeeven, wanneer des Tamaetaram pulles
meede gekomen volk in mediaet, bij het
Hoofd of mannigaer deeser plaetse gin„
gen en deese stante peede weer bij mij
quame
de
te"
NL-HaNA_1.04.02_3142_0324.xml,"quam, meede brengende, alles wat maer
tot een goede cambuijs en wel daer in te
koken nodig is ten eijnde na een quaden
dag een goeden avond te krijgen, de meer
gewaegde sendeling versogte mij tot 'sande„
ren morgen aldaer tevertoeven en dan sijn
prind te spreeken, ik wijgerde het en ant„
woorde nog deesen avond temoeten vertrek
ken hij ging heen, en quam weer, seggende
sijn Hoogheid liet klarigheijd maeken
om mij bij hem tesien, en fin intusschen
laat in de Nagt wordende, was de prins
gereed deese eijgenste sendeling bragte mij
na een ander circa vijftig stappen van het
mijne gelegen seer deftig steene Rusthuijs
de voorwerpselen kan ik niet al onder„
schijden mits duijsterheid het vertrek waer
in gebragt wierde, was met roode kan met
seggen, seijde of andere tapijten behangen
een groot vierkante verhemelte rood met
swart of violette franjes boven een hoogte
die circa twee voet van den grond was,
waer op deze prins sat op een arcquetief
leuvende"
NL-HaNA_1.04.02_3142_0325.xml,"271
leunende op een kussen, sijnde volgens
mijn gissing circa vier of ses en twintig
Jaeren, circa van mijn langte maer breeder
van schouder, en starke van lighaem, niet
mager, dog meer mager dan vet, melancho„
lisch van weesen, van aengezigt en lighaem
wel geproportioneert, bruijn meer donker
als ligt coleur, scheen seer beschaamd te
zijn en verthoonde niets aen hem dat na
laagheijd gelijkte hadde een knevel en was
voor de rest van baerd geschooren, hadde
een Moorse chitse Cabaeij, welkers grond
wit met roode bloemen was aen, een He„
melsch blaauwe Julband, rijk net goud en
silver doorwaagt om het hoofd, een goude
ketting, dik als een duijm om den Haer,
waar aen op borst hing een Juweel als
het midden eener hand groot, waer in
circa veertig diverse steenen en de mid„
delfte een seer groote Rubijn scheen te
sijn, twee kopere lampen, verligten het
vertrek sonder meer, ik liet mijn arcque„
tief en kussen vlak over de sijne leggen
en"
NL-HaNA_1.04.02_3142_0326.xml,"en op de hoogte stijgende om sit plaets
te neemen, rees hij over eijnd, mij met
de hand noodigende om te gaen sitten en
na bijde gezeeten sijnde seyde ik tot hen
hoe deese sendeling (:die teffens nog twee
andere agterwaerds sonder arcquetief sac
ten door hem gezonden mij het een en ande
uit sijn Hoogheijds eraem van sijn hoog„
heid gesegt hadde, met instantie het selve
na Colombo tebedeelen, so als ook gedaen
hadde, maer dat eenige daegen voor de
arrive mijner brieven aldaer het Nood„
tot ceijlon hadde doen ontneemen den
alder braafsten en door het inneemen des
Candiasen Rijks so benoemden en vermag
den gouverneur den wel Edele Groot agtbare
Heere Lubbert Jan Baron van Eck egter
dat van den Edelen Achtbare Politicquen
Raad ten antwoord gekreegen en geordon„
„neerd was aan sijn Hoogheijd te laeten
antwoorden het geene aen sijn Hoogheijds
sendeling ten andwoord gegeeven en ikhoop„
te wel te sullen geaapparteerd sijn:
teweeten"
NL-HaNA_1.04.02_3142_0327.xml,"272.
teweeten dat haar Edele Achtbaere sijn Hoogheijdt
instantie mits het smertelijk overleijden
van welgem: zijn wel Edele Groot acht„
baeren, aen de hooge Jndiase Regeering
te Batavia soude voordraegen, so mede
soo naest Ceijlon weer van een nieuwen
oppergebieder versien was aen zijn wel
Edele Groot Achtbaeren, dat verders door
sijn Hoogheijds sendeling aen mij verthoond
was hoe sijn hoogheijd gaerne met mij
in een mond gesprek wilde treeden, dat
om zijn hoogheid daer in plaizier tedoen
hier gekomen was, ten eijnde verder te
verneemen wat of sijn hoogheijd te bedee„
len hadde, en wanneer het selve meede
de gevenereerde Ceijlonse Regeering soude
onder oogen brengen.
Geduurende dit seggen sat hij sonder
de oogen op teslaen het Hoofd na de
regter
seijde op de regterhand wiens
Elleboog op het kussen Steunde, leunende
en antwoorde.
Het verlies aen Colombo getroffen
door
are
ter
oc„"
NL-HaNA_1.04.02_3142_0328.xml,"door het overleijden van den wel Edelen
groot Achtbaeren Heere Gouverneur
te hebben gehoord Somede de vermaerde
noem van Sijn wel Edele Groot achtba
bedroeft te sijn dat dE: Comp=e sulk
een braeven gouverneur van Colombo ver
looren hadde, voorts wij bedankende
voor de moeiten die ik genoomen omtrent
sijn perzoon te schrijven en de ontfan„
gene antwoord te hebben laeten bedeelen,
verders bedankte hij voor de moeijten
die ik genomen hadde van bij hem teko„
men dat hij dit eenelijk verzogt hadde
om mij sijn weezendlijke geboorte
en fortuijn te doen verstaen, ten eijnde het
een en ander aen de Ceijlonse Regeering
bedeeld teworden, alzo hij sijn eenigste
vertrouwe op d'E: Comp=e gevestigt hield,
van welkers welmeenendheid hij bereeds
meer preuven hadde:
'T vervolg sal de eere hebben uw E: E:
gebiedende op morgen of mogelijk
nog heeden tebedeelen, terwijl de Eere
hebbe."
NL-HaNA_1.04.02_3142_0329.xml,"2173.
Lutucorijn
hebbe deezen met demeeste Submissie
te onderschrijven (onderstond) E: Ge„
biedende Heer uw E: gebiedende on„
der daenige en ootmoedige Dienaer
getekent H: W: A: Keunman /: in
margine Kilkare den 22. ' Junij 1765.
Apart en secreet.
Ik ben zeijde hij, thans en een staet seer
verscheijden van mijne geboorte mijn vader
was koning van kandia hadde met
twee vrouwen twee soonen en een dogter
ik en mijn suster waeren de Jongste kin„
deren van mijn vaders tweede vrauw, mijn
Broeder die na het overleijden mijnes
vaders teffens de kroon, de Regeering
aenvaerde hadde om iets wreeds aen hem
te hebben het ongeluk van eenige Hofs
„grooten die gedeeltelijk door den laetsten
of thans vlugtende koning overge„
haeld waeren gehaet te sijn waer door
hij dan na maer een korten tijd
Aan als vooren.
„geregeerd
d
here"
NL-HaNA_1.04.02_3142_0330.xml,"geregeerd te hebben, kroon en leven verloor
en wanneer dese laetste koning die een
dwingeland en ursurpateur is na sijn
aanhang grooter gemaekt te hebben
tot in den troon en Regeering kloen
ik was te dien tijd te Jang, mijn verlies
en mijn ongeluk temerken, en regt
te kennen wierde egter uit het gevaer
getrokken, door Sodanige die getrouw
aen mijn vaders huijs waeren en na
deeze stranden gebragt, een tijd lang
gesukkeld, geswarven en onder tusschen
meer Iaeren bereijkt hebbende erkende
mijn ongelukkig noodlot ging na
Madras, en van daer na Siam welkers
koning vermaegschapt was aen mijn
vaders Huijs, om aldaer eenige Hulpe
te soeken verkreeg sij gedeeltelijk door
dien aldaer verwoot dat met nog ses
andere grooten na kocombo seijlde, —
aldaer met hulpe en toestemming
van eenige grooten /:alhier die dik„
wils genoemde sendeling iets seggende
dat
d
d"
NL-HaNA_1.04.02_3142_0331.xml,"2174.
dat door mij niet verstaen wierde ten dien
fine te remarqueeren is) met hulpe en
toestemming van eenige grooten onder de
swarten een project smeeden deezen ur„
supateur van kant te helpen, ik ben dus
met mijn gevolg te kandig en sonder
dat de koning wiste dat ik en onder
was, voor hem gekomen wanneer alle die
met mij waeren de herbewijsing aen hem
deeden gelijk het aen een koning van Can„
dia toekomt behalven ik, de koning daer
reflectie op slaende en hem daer over ver„
wonderende vroeg waerom ik hem niet
dezelfde Eerbewijsing als de anderen ber„
thoonde! antwoorden die bij mij waren
dat sulks aen mijn Jongheijd, die daer
van niet geinformeerd was tewijten was,
waermede hij hem dan bevreedigen liet
wij weer vertrokken en het projeckt
om hem van kant en den loon sijner
dwingelandije te geeven gereed zijnde
wierde hem door sijne Hofsgrooten
die het met mij hielden geproponeerd
van"
NL-HaNA_1.04.02_3142_0332.xml,"van seeker land te gaen besigtigen.
en waer omtrent een huijs voor hem
kelaer gemaekt sijnde waer in een
soort van kooije voor hem om op terus„
ten vervaerdigt was, edog sodanig
dat wanneer hij er op sou gaen sitten
de cooije met hem in een kuijl, daer
toe onder dekooije gemaekt, soude
vallen wanneer hij soude van kant
gemaekt en ik tot koning verbelaerd
worden hij sijn Palenqueie hebbende
laeten gereed maeken en daer in wil„
lende gaen sitten, schreeuwde een Hage„
disse, hij daer op omkeerende en weer
na binnen 't Paleais gaende liet
zeker waerzeggen roepen, en vroeg
wat of het geschreeuw der Haagedisse
beteekende, deeze hem antwoordende
sulks een quaet teben te sijn, en dat er
seeker iets tot nadeel van sijn per„
soon in den weg moeste sijn hij daer
op de palenquein weer laetende binnen
brengen en een paerd gereed maeken,
daer"
NL-HaNA_1.04.02_3142_0333.xml,"2175
daer op willende gaen sitten schreeuwde
seeker sort van vogel (: die ik opnaem
mits dies naem niet kon verstaen een uijl:
temoeten sijn) de koning daer op weer na
binnen gaende en den selfden waersegger
weer laatende en na dies beduijding vrae„
gende, antwoorde deselve dat in het Huijs
voor hem aldaer bereijd, een of ander doo„
des gevaer voor hem was, hij daer op tevoet
daer nae toegaende, en in het Huijs voor
hem bereijd komende, overal soekende en
siende vond hoewel de kuijl waer de kooije
op stond door behangselen die de kooije
bedekten, bedekt was, het ontwerp, en
in mediaet in eenige die om deeze affai
re westen hun aangezigten een soort
van ontsteltenis bemerkende, vatte de„
selve aen waer door de geheele saek uit„
barste en een partij van die mij wouden
begunstigen en vier van de mijnen Haer
leeven verlooren, ik als nog geen ge„
noegzaem onderstand en magt heb„
bende, vlugte na tamblegam,
en"
NL-HaNA_1.04.02_3142_0334.xml,"en van daar na Trincquenomale, ad„
dresseerde mij aen het opperhoofd aldaer
en verzogte na de overwal, dezelve mij
aenhoudende mits seggen daer over eerst
temoeten schrijven of sulks gedaen weet
ik niet, maer de selve heeft mij laeten
na boord gaen met mijne overgebleeven
twee Sianmiers wanneer omtrent
Caaijlpatnam telande gekomen ben
wanneer de andere twee my aenge„
raeden weer na Siam tevertrekken
maer daer toe niet kunnen resolveeren
ben na Nagapatnam gegaen eenige
maenden na dato is de oorlog tusschen
dE: Comp:e en den koning begonnen
ik hebbe niet ver van hand willen
blijven maer dies uijtkomste afwagten
en ben toen de omstande mij nood„
saekten bij den schoonvader des Can„
diaes koning gekomen die mij in sijn
huijs genomen desselfs dogter tot een
vrouw belofte, dezelve van Nagapat„
nam moetende vertrekken en het meed
te"
NL-HaNA_1.04.02_3142_0335.xml,"2176.
te sijner goederen aldaer ver-arresteerd
wierden, sijn daer onder de mijne ook ge„
bleeven en wel de rest van mijn vermogen
ben met denselven weer hier gekomen
en nu na zijne onverdraegdsaemheijd
niet langer kunnende verdraegen hebbe
mij van hem gesepareerd, ik hebbe van 't
geene mij overgebleeven was tot dus ver
ver beneeden mijn staet mij onbekend
onderhouden en ben thans niet eens Capa„
„bel aen uw een teekend mijner welmee„
nende dankbaerheijd voor de moeiten die
uw voor mij genomen te bewijzen, egter
op de E: Comp=e vertrouwende die te regt„
vaerdig is, om een ongelukkig Prins
niet weer in sijn bezit te sullen stellen
waer uijt ik niet anders als door mijn
ongelukkig Noodlot en de dwinge landije
des laatsten konings geraekt ben so
beloove niet alleen na tekomen 't geenee
dE: comp=e komt te begeeren, maer verze„
kere ook dat met mijn komste op Colomn
„bo door een vermogen 't welk op de
gemoederen.
schd
n
pat„
meed"
NL-HaNA_1.04.02_3142_0336.xml,"gemoederen der inlanderen hebben sal,
alle den gevlugten koning nog aen han„
gende Gemoederen tot dE: Comp=e te trekken
ook verzoeke intusschen als is dat nog
niet na Colombo kan overvaeren, dat
ik dan 't sij te Tutukorijn 't sij te kil„
kare onder 'sE: Comp=s protectie mijn
verblijf mag gaen neemen want de sik„
kelse Naaijk weetende dat ik eenige
onderhandeling met ew hebbe, laet niet
na door diverse Hofsgrooten die hij
door sijn geld overhaeld Jamoetanam„
pulle tebeweegen mij niet alleen met
niets meer te ondersteunen, maer ook
twee hondert pagoden die van hem op
genoomen werom pretendeeren die ik
thans te betaelen onmogelijk in staet
ben verzoeke uw gerexte twee hondert
pagooden teverstrekken, ten eijnde Ja„
moetarampulle te betaelen, en wan„
neer te kilkare onder 'sE: Comp=e
vlag sal gaen blijven tot dat van
Colombo antwoord komt, en inwee„
ken"
NL-HaNA_1.04.02_3142_0337.xml,"2177.
ken tijd uw mij ook van het noodige
sal dienen. teversien, verzoekende
deeze prins mij verders mijn regterhand
aan hem tewillen geeven wanneer Hij eend
verzeekering soude doen, dat wanneer Haer
Edele hem op de troon door zijn vader en
Broeder beseeten: soude setten hij hem soude
onderwerpen aen het geene haer Edele soude
komen te begeeren
Jk verexcuseerde hem van die verzekering
mits seggen dat so min ik in staet was
sijn Hoogheijd omtrent zijne instantie
den Candiazen Troon rakende een versee„
kering te geeven, als alleenlijk 't geen sijn
hoogheijd mij gezegd te Communiceeren
so min was ook gequalificeerd, sulk
een verseekering als zijn Hoogheijd quam
te geeven anders als bij monde te accep
teeren bebelagende intusschen sijn Nrood
lot troostende hem dat men meer ge„
vallen hadde, dat de aldergrootste man„
nen des werelds de wisselvalligheeden der
fortuijn hadden moeten ondergaen,
aanroerende het Noodlot des soons van
saute
wel„"
NL-HaNA_1.04.02_3142_0338.xml,"saiboe
sante ver Excuseerende mij omtrent het
verschieten van tweehondert pagooden
mits zeggen dat selfs gebrek van Contanten
hadde en bedugt sijnde, al te groote en
kosten op den hals tehaelen en hem sonder
ordre niet durvende onder de protectie
der E: Comp=e neemen, en mij met sijn
perzoon te ver engageeren wijgerde be„
leefdelijk sijn instantie om op kilkare
tekomen woonen, met een Contra verzoek
van hem nog twintig a: dertig dagen te
patienteeren als in welken tijd ik hoopte
antwoord en nadere ordres hoe of sijn
Hoogheijd soude kunnen en moeten
behandelen te erlangen en op zijn na„
der herhaelde instantie omtrent de twee
hondert pagoden declareerde Eijndelijk
Jammoetarampulle daer over te onder„
houden en borge daer voor te blijven
waermede hij dan voldaen was, het nu
circa vier uur geworden zijnde ben van
hem vertrokken en weerop Rammenade
waram Circa 8: uuren gearriveerd waer„
meer het den 10. ' dezer was, liet aen
Samoetaram"
NL-HaNA_1.04.02_3142_0339.xml,"478.
Tamoetaram mijn retour weeten, en
verzogte met eenen sijn laatste Resolutie
en mijn afscheijd temogen krijgen hij liet
mij weeten sulks 'snamiddags te kun„
„nen geschieden maer deze Cancelier sulks
de novo uitstellende tot 's anderendaegs
morgens en toen sijnde den 11=e meende
bij hem tekomen, hadde dezelve weer be„
let en wel bespeurt hebbende, van niets
te sullen uitvoeren en niets te kunnen
verwerwen, resolveerde ook sonder af„
scheijd tevertrekken en daer toebelarigheid
maekende, kreeg Tammoetarampulle sulks
tehooren, liet mij weeten om tot sna„
demiddags tewillen wagten, alzo hij maer
het een en ander liet zoeken om mij mede
te beschenken, ikliet antwoorden niet ge„
komen te sijn om geschenken tehaelen
maer om eenige 'sE: Comp=s afsaires te
verhandelen dat ik mij van de ontfangen
ordres gequeeten hadde, dat het haer
Edelens intentie niet en was om hier
draelende wijze opgehouden teworden
en dat zij (denoteerende de sendelingen
van
van
de
waer„
aen
ram
. . ."
NL-HaNA_1.04.02_3142_0340.xml,"van amoetarampulle:/ konden zien hoe ik
mijne bagagie die bereets gereed was liet ver
trekken ten eijnde de son een wijnig dae„
lende te volgen waermede sij dan heen ge
gen circa Elf uuren quae de sendeling
van den prins weer bij mij seggende, dat
het zijn Hoogheijd onmogelijk was aldaer
of hier omstreeks langer te blijven alzo
de sikkelse Naeijk een Conspiratie tegen
des princen leeven formeerde
Het vervolg sal de Eere hebben op
morgen te bedeelen en thans maer met
de aldervolmaekste Hoogagting te
volhanden /:onderstond E: Gebiedende Heer
uw E: Gebiedende gehoorsame en oot„
moedige Dienaer /:Getekent H: W:
A: Keunman /:in margine:/ Kie„
Kare den 22=e Iunij 1765  —.
Apart en Sekreet
Tutukorijn
Aan als Vooren.
Hield dus op het vereerste aen voor
sijn"
NL-HaNA_1.04.02_3142_0341.xml,"2179.
sijn Hoogheijd een der blijf op Kilkare
te laaten klaar maken, maer dit
sonder ordre daer over te ontfangen en
nog daer en boven veronderstellende
van een groote reebes onkosten op mij te
haelen also sijn geld gebrek genoegsaem
bespeurd hadde, emeende niet te duaven
onderneemen, so hield hem op met nog
maer eenige Dagen patientie teoeffen
waermede hij dan ook vertrok Circa
vier uuren snademiddags, liet Jamoe„
taram pulle mij verzoeken van bij hem
te komen en daer na toe willende gaen
ontfing uw E: Gebiedende g'eerde vanden
9. courant geaccompagneerd van Hoog
Colombose Missive van den
gevenereerde
31. Maij bevoorens en mij daer van
bedienende, quam bij Tamoetaram„
pulle hij de andere Hovelingen hadde
doen vertrekken vroeg en verzogte
hem om sijne laetste antwoord price
cipael nopens Pambe de Coelijs
en het verdrijven der aenhangers
des."
NL-HaNA_1.04.02_3142_0342.xml,"des, Candiaesen konings nopens het eerste
en laaste antwoorde hij geen ander ant„
woord te kunnen geeven, als die mij gegeeven
hadde en nopens de coelijs over eenige dagen
antwoord te sullen senden, die al egter niet
gekomen is:) mij voorts vragende wat
of met den prins gesproken, ik ant„
woorde van hem den staet sijner ge„
boorte en fortuijn te hebben verstaen
min of meer sodanig als hij Tamoeta„
vampulle wij hadde bedeeld en een wijnig
in different over sijn Hoogheijds persoon
met desen canselier spreekende, offereerde
ik borge voor de tweehonderd pagooden
die sijn Hoogheijd van hem geleend hadde
tewillen sijn, dat is mij lief seijde hij nu
ben ik versekerd dat mijn geld niet ver„
looven is, hem verseekerende dat sijn geld
niet soude verlooren sijn, seijde ik ver„
ders te veronderstellen dat deeze Print
van veele benodigde dingen ontblood
was, hij antwoorde van alles is hij
ontblood en heeft om so te spreeken niets
om
2"
NL-HaNA_1.04.02_3142_0343.xml,"2180.
om van te leeven, ik seijde daer op als ter
loops dat het goed soude sijn, en dien hij
te kiekare was, als wanneer ik hem van een
en ander noodwendigheeden soude kunnen
verzien, tot tijd en wijle ik antwoord om„
trend sijn perzoon ontvangen, want
oordeelende, niet noodig te sijn dat Jam„
moetaram pulle geadviseerd wierde van zijn
aanstaende vertrek na Colombo een dat
alles gereed of wel vertrokken was, hij
antwoorde dat sulks seer goed soude zijn
dat hem maer na kiekare moeste doen
komen alwaer hij apperentelijk ook
gaenne na toe soude gaen en over alle
andere van tevooren met deezen minister
verhandelde affaires, geen nader nog beter
antwoord kunnende ontfangen vertrok na
dat mij van hem gepresenteert was een
seijde bengaelse Lansol en Chalo van noode
seijde met goud: doorwaagt en een toepittij
met goude Randen teffens betel en arreek
en dat mijne bediendens het haere gekreegen
in mijn rustplaats komende, en de
bediendens
iets"
NL-HaNA_1.04.02_3142_0344.xml,"bediendens van den Heuver en Tamoetaram„
pulle het haare weerden waeren komen ont
fangen liet den sendeling van den prins op
zoeken maer deeze niet tevinden zijnde ver„
took van Rammenadewarane, circa een
quam
quart uur gevordert sijnde „ deselve mij ag„
ter na wanneer hem kortelijks verthoonde
hoe ik bij Tamoetarampulle was borge
geworden voor de twee honderd pagooden
hoe ik in het Moment dat na Tamoetaaam„
pulle hadde willen gaen, voor gerexte brieven
ontfangen dat sijn Hoogheijd dog hadde
laeten seggen van hier omstreeks voor de
nastelling des sikkelsen Naeijks niet ge„
secureerd te sijn dat gem: brieven mij or„
donneerden sijn Hoogheijd na Colombo
Transport te doen erlangen dat sijn hoog
heijd daer toe geinclineerd sijnde hoe eer
hoe liever op kilkare kan komen al„
waer ik een goed verblijf na de omstan
de des oorts voor zijn Hoogheijd gereed
soude laeten maeken, en sijn Hoogheid
des begeerende mijn palencquei ter
afhael."
NL-HaNA_1.04.02_3142_0345.xml,"2181
afhael soude senden, maar dat het nodig
was dat Het Hof en door het selve de
sikkelse Naijk informatie van sijn
Hoogheijds vertrek kreeg een dat alles
gereed of bereeds vertrokken was, mits„
gaders dat ik Tamoetarampulle van sijn
Hoogheijds aanstaende vertrek na Colom„
„bo niets bedeeld hadde, deeze sendeling
was verblijd seggende nog deezen avond
sijn prins hier van verslag tedoen, en
morgen bij mij op kilkare tekomen
ten eijnde nader tespreeken, en daermede
vertrekkende, quam circa twaalf uuren
snagts te kilkare.
snademiddags den 12:' circa half ses uuren
quam dikgew:e sendeling bij mij seggende
dat den prins bezonders verblijd was bij
provisie sijn verblijf alhier te kunnen
neemen en hoop te hebben van na Colone
„bo tegaen, hem versekerd houdende,
ook weer den trooe door zijn vader en
broeder beseeten tebeklimmen, verzeeke„
rende nogenaels hem haer Edelens begeerte
te"
NL-HaNA_1.04.02_3142_0346.xml,"te sullen onderwerpen, ik antwoorde sijn
aanstaende of renoveerende fortuijn gaerne
te wenschen maar hem geen verzekering daer
van te kunnen geeven vermits sulks buiten
mijn bestek en ordres was maer dat den
Edelen Achtbaeren Heer Jaffenapatnams
Commandeur als thans het bestier ten Eij„
lande ceijlon hebbende gaerne en meerdere
te colombo van sijn Hoogheijds persoon
wilde verstaen dus ik geordonneerd was,
sijn Hoogheijd dat heen Transport te doen
erlangen en na omstande der zaeken selfs
te doen geleijden dat ten dien fine een scheep„
je aen zijn Hoogheijd aftehaelen soude ko„
men, offereerende ten dien fine aen sijn
Hoogheijd om dit heen tekomen mijn pa„
lencquein of paerd, dan wel alle beijde
met nog naerstige recommandatie
het Hof als vol van arglistigheid sijnde,
hoe seer ook Tamoetarampulle een
eerlijk man was, niet temoeten betrou„
wen en kennisse daer van doen krijgen
tot tijd en wijle sijn Hoogheid onder
sE: Comp=s"
NL-HaNA_1.04.02_3142_0347.xml,"2182.
's E: comp=s vlag en alles gereed was om teven„
trekken, maer deselve dit min of meer niet
willende reguardeeren, antwoorde van de
armande de noodige toestel om dit heen te„
komen te sullen obtineeren gelijk daer toe be„
reeds aenstalten gemaekt was, versogte dezelve
maer om eenige Contanten tot goedmaeking
van de nodige onkosten, ik gaf hem een Hou
derd Rijksdaelders, en hem laetende sien het
Huijs. dat voor hem liet gereed maeken,
was hij na eenige kleeme Excepties heij„
dense Ceremonien raekende, gemaekt te
hebben en door mij uit den weg geruimt
te sijn daermede voldaen, maer vermits
d' avond genaderd was vertrok des morg=s
of den 13:e daer aen
Het vervolg met andere aenstandigheeden
morgen, sullende bedeelen, hebbe de eere
deezen met de meeste Hoog agting te ander
schrijven /:onderstond:/ E: Gebiedende Heer
uw E: gebiedende gehoorsaeme en ootmoe„
dige Dienaer /:getekent:/ H: W: A: keun„
man /:in margine:/ kilkare den 23.
Junij"
NL-HaNA_1.04.02_3142_0348.xml,"Iunij 1765. /:onderstond:/ Accordeert /:getekent/
Hendrik Joan Ide E: g: Clercq:
Kilkare.
Aan den Boekhouder en Eersten Resident Aldaer
Hendrik willem August Keunman.
Goeden vrind
wegens het gecommuniceerde bij uE: secreete
brieven van den 14=e en 15. dezer, ben ik
niet weijnig verwondert, dat het Ramme„
nadewarams Hoff, voor het geheel buigende
onder de zinnelijkheid en het volkomen
bestier van Jammodrum pulle wen zo
veele beloften van vriendschap gedaen
heeft, heeft kunnen gelusten onver„
hoeds 200—. Man derwaerts te deta„
cheeren en dat die ook in de nacht daer
aan komende begeert heeft de loge te
visiteeren enzv:s Een gedoente dat
hoe Jammodenumpulle zig onder den
huik van vriendschap vertoont genoeg„
zaem doceert dat zeer wijnig op zijne
trouwe en de zo hoog opgeveijzelde vrie
„schap van dien cancellier te Cijfferen is
en"
NL-HaNA_1.04.02_3142_0349.xml,"2183.
en dat daer om des teminder gedoogt
kan werden gelijk ik ook denke dat de
gevenereerde Ceilouse Regeering dit niet
onbeandwoord zal laeten maer wel dat
hoogst dezelve ter bekwamer tijd zig
zal weeten te satisfaceeren temeer
alle de Jntegriteit van Jammodaum
daer ophouden daer hij als nog aan het
Rammenadewarams Hoff aenhangers
heeft van den gevlugten Candiasen ko„
ning schoon hij dE: Comp=e zelfs hulps
troupen aangeboden heeft tot den
oorlog tegen dien nu latiteerende
vorst welke bij de poincten geen„
zints zamen kunnende gaen dus
zig op nieuw naebetelijk vertoonen
de wantrouwe en Jnregulariteit
waermede dit anglistig Hof altid
bekleed is geweest waer door ik
temeer verlange temogen weeten van
wecken uitslag uE optogt na Ram
menadewaram geweest is en wel
het protest door uE: na het Hoff
gezonden"
NL-HaNA_1.04.02_3142_0350.xml,"gezonden als wanneer ook eerst in staet zal
geraeken uE: opgedaen verzoek om ordres
daermede tevoorzien
„venh
Dan dewijl door dit geval ook wat nader de
present gesteldheid van het Rammenadewa
rams hof eerst eeren kennen hoe het selve Jn„
nerlijk Eenig belang in de Candiase zaeken
schijnt tevoeden zo zal uE: ook wel wat
nader tot voorzigtigheijd opgeleid zijn,
terwijl door de toezending van 1. Corporael
en 12. gemeenen door uE: verzogt maer
olij in het vuur gegoten en het aagwanig
Hoff tot meerdere verdenkingen opgewekt
zoude zijn mitsgaders daerom geExcuseert
is alzo die 13. manschappen tog niet veel
bijzonders zullen kunnen uitvoeren, dog
het smalschip de Batavier gereed en rijs„
vaerdig leggende zal ik ten eersten van uE:
verwagten te verstaen wat apparentie
en is om den prins tedoen overvaeren
en of dat scheepje dadelijk dan wel wan„
neer derwaerts zal dienen te stevenen
wij voorts leed doende de bedeelde ondoe„
melijkheid"
NL-HaNA_1.04.02_3142_0351.xml,"2184.
Kilkare
„nelijkheid ter bemagtiging en overmaking
der gerequireerde Coelijs na Kolombo
waarmede na Groete gaerne verblijve uE:
Goeden vriend /:was getekend:/ G: Devos in
margine Tutukorijn den 18:' Junij A„o 1765.
sekreet
Eendelijk heb ik na lang wachtens ont„
vangen uE: brieven van den 18. ' en 19=e dezer
welkers volumd mij in den Eersten opslagh
deed verwachten een volkomen berecht van
alle uE: verrigtingen en voldoend and„
woord op mijne successive brieven dog
bevond bij resumtie dat dezelve meest
includeeren een prolix detail der cir„
1
cumstantien van uE: optogt na en
Rammenadewaran
aenwezen op
receptie aldaer en wat dies meer zij zou:
der veel zakelijks anders of wel het
noodzakelijkste dat ik spoedig begeert
heb en diene teweeten des uE: waij
beter zoude gedaen hebben in dien
alle die circum flexien gesupercedeert
Aan als Vooren.
hebbende:
e"
NL-HaNA_1.04.02_3142_0352.xml,"hebbende een compendieur vertoog van
het belang der E: Comp=e had toegezonden
wanneer ik alhier gelijk nu niet op stel
en sprong zoude zitten wachten om
een zijl rheede leggend vaertuig afte
depecheeren.
hof doet
Het Rammenadewarams,
blijken
aan den gevlugten
volkomen blijffs chap:
Candiazen koning zeer wel geattacheert
tezijn en het vermogen van het geld dat
de zendelingen vandien vorst bij zig zou
den hebben en tot verlebekeering van
het Hoff strekt schijnt daer toe
veel te contribueeren zelfs zodanig
dat het zelve bereeds zzoopenbaer de
belangens vandien voorvlugtigen
koning aentreket en daer door een
wettig prins met zoveel nadauk doet
agtervoegen Ja selfs onderstaet dE:
Comp=e in haer Ed=e bezit recht
van de logie ginter zoo roekeloos
te turbeeren zodat en zekerlijk
andere verbonden tusschen den lati„
„teerenden."
NL-HaNA_1.04.02_3142_0353.xml,"2185
Singaleezen koning en het
teeren den
Rammenadewarains Hof moet zijn
in welk geheijm uE: zoveel mogelijk had
moeten dringen temeer zo het Hof waer
lijk zo wel omtrent dE: komp=e geinten„
tioneert is als het zelve zig ten minsten
volgens uE: successive schrijvens uitterlijk
laet aanzien het zelve immers geen
veel werks maken zoude om de zende„
lingen van eenen gedretaneerden en
verjaagden vorst naer ongetroost te
depecheeren buiten hetwelke mij de En„
gelsche bezending aan het Marruaje
baerten
Hof geen wijnig Speculatie
dezelve door alleen niet zal zijn om te
visschen en voldoening te betrachten van
de bewuste belofte zijnde de Ceilonze
Nouvelles weegens de zieketen inkandia
de sluiting derweegen derwaerts en zo:
geen geloof meriteerende
uE: schijnt veel werks temaeken
van de uitterlijk heeden of schijn schoone
beloften en inneemende uitlatingen
van"
NL-HaNA_1.04.02_3142_0354.xml,"van Tammoderum pulle die schoon uE:
Jongst tegens de onverwachte bezetting van
de logie en de superbe begeerte om dezelve
te visiteeren geprotesteert heeft dierwegens
nog geene satisfactie geeft en daer om moe
mijne Jongste ordre om niet dit van alle
tijden voor aglistig en wantrouwig bekend
Hoff voorzigtig omtegaen zonder de min„
ste afwijking in het oog gehouden af ge„
observeert voorts mij telkens op mijne„
brieven principael zaeken van zulk
een uitterst gewigt vervattende beknog
en duidelijk andwoord gezonden worden en
wel als nu ten aller eersten op de posten
bij mijne voorgaende van den 9=e en 18.
Courant vermeld hier in Consisteerende
wat apparentie en nu zij om den prins va
Rammanadewaram te krijgen en na Co„
lambo tedoen overvaeren wanneer het
smalschip ten dien fine na ginter moet
gezonden worden van wat uitwerking
uE: Evengemelt protest geweest is en
alverder de motiven waerom er geen
beoelijs kunnen opgedaen afverkreegen woo„
„den"
NL-HaNA_1.04.02_3142_0355.xml,"2186.
den en Zv:s
dan dewijl het eerste der Evengenoemde
articulen of de apparentie om den Prins
na kolombo tedoen overgaen thans beswaer„
„lijk schijnt en dus daer omtrent niet
alleen voorzigtig dient omgegaen, en aer
ook den prins tot berijking van zijn dog
merk tegemoed gekomen tewerden, zo zal
uE: verzekert zijnde dat hij zal kunnen
overvaeren, de verzogte 200. pagoden als
geen naam hafte bedraegen, Ja alwwas
het ook nog iets meerder als maer het oog„
merk van de gevenereerde Ceilonse regee„
ring kan berijkt worden, aan hem mogen
verstrekken en van uE: zijde niets onbe„
zogt laaten om Jammadaum Pulle op
wien uE: immers zo een groot vermogen
heeft kwade indrukzelen tegeeven van
de gezanten van den gevlugten Candiazen
koning, op dat zij overgelevert werden,
waer door uE: bij gem: regeering groote
eer inleggen zal, een van mijne genegen„
heid ook zig verzebert beanhouden
a
Terwijl.
een
woo¬"
NL-HaNA_1.04.02_3142_0356.xml,"Terwijl na vrindelyke groete zeer gaerne
blijve /:onderstond:/ en getekend:/ als vooren
in margine Tutukorijn den 22. ' Julij 176
/:onderstond/ accordeert /:was getekend:/ J:
W: Trek p:s Sekaet:s
Extract secreete Missive
in dato 14' Maij 1765. van Kilkare doo
den Eerste resident Hendrik Willem
August Keunman aan het Madura
Opperhoofd den koopman DE. Heer
Gerrit De Vos Geschreeven.
Omtrent het poinct van Coelijs by gedagte apart
en secreete door het geheim Committe ter neder„
gesteld so souden dezelve mogelijk te bemagtigen
sijn inder sulk een getal niet op Kilkare
en soude ten dien opsigte Tamoetaram Pulle
moeten onderhouden worden om de zelve
alhier te Rammenadewaram en andere
plaatsen in dienst teneemen, dan wel desel„
ve wan Jammoetaram Pulle verkrijgen,
ten welken eijnde om daer in met hoope van
goed succes te ageeren gebruijke, de vrijheid
ootmoedigst
360"
NL-HaNA_1.04.02_3142_0357.xml,"2187.
ootmoedigst te bidden of uw E: gebiedende mij gelieve
te qualificeeren bij aenneeming van dezelve een seker„
maend geld tot onderhoud aen dezelve te beloven der ga
hoe veel mitsgad=s hoe veel aen deselve sal mogen
afgelangd worden van den dag hunner aanneming
tot arrive te kolombo so meede of deselve ook
rijst hebben tegenieten des ja hoe veel also om
dientwegen eerst verthoogen aen wel gem: geheuw
Committe na kolombo tedoen mitsgaders daer op
antwoord en ordres aftewagten teveel tijd soude
verspillen en deto Junij als wanneer deselve die„
nen op Colombo tesijn naderen.
Extract Sekreete Missive sub
18:' Maij 1765. van Tatukorijn
na Kilkare geschreeven.
duw
Concerneerende de aenneeming oversending en
betaling dier dienstbaeren dient dat het wel wen
schelijk soude sijn dat uE: van Jammodaum pulle
de Coelijs ter bequamer tijd eens klays beoude
obtineeren om gelijkelijk verzonden tewerden,
werwegens dan ook verwagt teverstaen hoe
danig best het transport sal kunnen ge„
schieden namelijk perthonijs of andere vaer
„tuijgen"
NL-HaNA_1.04.02_3142_0358.xml,"vaertuijgen van daer na Manaer of hoeda„
nig anders hoe veel vaertuijgen u: daer toe
ginter aenhouden heeft en hoer veel en hoedanig
nog benodigt sal sijn
Bij verkrijging van eerstgem: poinct Souden de
volkeren niet anders behoeven te hebben dan
onderhoud voor de reijze dog anders voor den
tijd van hun in dienst aenneeming tot vertrek
teffens waer omtrent sowel als het maende„
lijks loon werkelijk in den dienst sijnde
gaerne soude gezien hebben dat uE: tegelijk mie
de verzogte qualificatie en ordre als ginter van
na bij sijnde ook de verEijschte aenwijsing hadde
gedaen hoe het gebruijk aldaer sij van de beloo„
ning der coelijs 't sij bij maend ofdag in
sComp=s of particuliere dienst. de gevenereerde
regeering drubet zig uijt van aan tammodruh
pulle teseggen de Coelijs voorbillijke betae„
ling overtelaeten en vraegt van uE: tegens:
welke betaling dezelve sullen magtig tewor„
den sijn uE: segt ook wel de tijd merkelijk
te sullen verloopen wanneer daervan ver„
toning na Colombo: sal moeten gedaen en
ordre eerst afgewagt worden, dog ik kan
mij"
NL-HaNA_1.04.02_3142_0359.xml,"488.
wij daer omtrend teffens niet declareeren
voor en al een voorsz: informatie van
uE: van het gebruijk aldaer en wat uE:
selfs best oordeelt aen deese dienstelingen in
beijde gevallen te sullen moeten gegeeven
worden ontvange des sulx met verlan
gen sal blijven tegemoed sien
Extract Sekreete Missive in
dato 23. ' Maij 1765. van Kilkare
na Tutuikorijn geschreeven.
Hebbe intusschen de Eere uw E: gebiedende te
bedeelen de ordinaire betaling der Coelijs in
deese landstreeken.
de ander denaem van 'sComp=s parreassen logende
coelijs genieten wanneer in haer Edelens dienst
ropij s komp:s panue
gebruijkt worden een halve sComp:s 's daegs
ider perzoon en hun Hoofd of moeten dub„
beld egter wanneer dezelve of andere arno„
mes Coelijs in parthiculiere diensten sijn
geniet ider een Coelij fanem uitmakende
1/16. p a/o. 'sdaags, werken daer voor van sucorg:s
ses uuren tot elf en smiddags van een tot
ses.
kan"
NL-HaNA_1.04.02_3142_0360.xml,"ses uuren wanneer in thuinen werken daer en
boven de vrije kost en arbeijden voor gelijke be„
taling niet langer als tot twaalf uuren smed„
dags en daer en boven wanneer op andere plaet„
sen als waer tehuijs horen of woonagtig sijn
gesonden en gebruijkt worden een halve
fanem of 15/52. pa/o. deman extra ende moe„
pens of hoofden alle Contanten dubbeld waer
bij nog de nedrige vrijheid gebruijke aen uw
E: Gebiedende vrij wijser gevoelens in alle eer„
bied gedefereert te laeten dat wanneer nu
sulke arbeijds lieden over zee, ver van huijs
gezonden worden en principael naplaet„
sen daer eenige perikel is dezelve apperen„
telijke een ander betaling sullen pre„
tendeeren dus gebruijke de vrijheid uw E: Ge„
biedende te proponeeren of men dezelve
soude kunnen offe reren vijf noupia de
man, de moepens seven en een half en
een parras Rijst aen ieder kop p=r maend
Extract Sekreete Missive
in dato 25. Meij 1765. van Jutuko„
rijn na kilkare Geschreeven.
Hebbe narijge overweging van het genoteerde
bij
bij"
NL-HaNA_1.04.02_3142_0361.xml,"2189
bij uE: brief van eergisteren best geoordeelt
uE: voortestellen om dat drie rijxdaelders
en een parra rijst smaends ruijm genoeg
onderhoud voor een Coelij scheijnt en dus de
voorgestelde vijf ropias met een parra rijst
daer boven gaen of het niet redelijk en
bestaenbaer sal sijn om vier ropias en
een parra rijst aen de tewervene boelijs te
bieden dog aan de Hoofden met de rijst
ses Ropias mits niet in groot getal be„
staende ofte maer een over vijftig of veer
tig gemeenen ende sulx indiervoegen
kunnende verkrijgen kan uE: daermede
voortgaen ofte anders indien het niet
mogelijk en uE: voorstel noodzaekelijk
na dezen voorslag van uE: /:onderstond/
accordeert was getekend:/ H: J: Jde
E: gesw: Clercq
Extract sekreete Missive de
dato 14:' Iunij 1765. van Kilkaree
door den Eerste Resident Hendrik
Willem August Keunman aen
het Madurees opperhoofd den
Koopman"
NL-HaNA_1.04.02_3142_0362.xml,"Koopman DE: Heer Gerrit De
vos geschreeven.
Thans onmogelijk in staet sijnde unwE: gebiedende
het vollige verslag van mijne verrigting
te doen so hebbe maer alleenlijk de Eere
te Communiceeren dat geene apparentie
hebbe om de Coelijs te obtineeren hoewel het
hof in een goede Luijm voorgevonden
en verlaten hebbe.
veele omstandigheeden bewaerheeden dat de
bewuste prind een wettig afkomeling der
voorige Candiaze koninge is ik hebbe hem
selven gesprooken sijn hoogheid hem van
de aanradinge die ik hem om dat het
Rammenadewarams hof kenne gegeven hebbe
om tot dat ander de vlag der E: Comp=e
was alles met demeeste secretesse te trac„
teeren niet hebbende willen opvolgen zijn
aan 't Hof en onder de aenhangers des ge„
vlugten Candiaes konings diverse ver„
onderstellinge gemaekt en door de laet„
sten Een project gesmeed sijn Hoogheid
op een op ander manier van kant te
helpen"
NL-HaNA_1.04.02_3142_0363.xml,"2191:
helpen ik weet niet of sijn hoogheid gesecu„
reert is maer wel dat hij hem op het ont„
fangen berigt verborgen gehouden en dat na
diverse plaatsen apparentelijk door het
Hof Delachementen gezonden sijn hem te
ligten so als ook deezen nagt circa twaelf
uuren circa 200. gewaepende mannen
op het onverwagtste voor de poort der lo„
gie quaamen op de onbetaemelijkste ma„
nier begeerden dat dezelve soude geopend
worden sonder dat men kunnen wiste
door wien deeze onhebbelijkheeden gepleegd wierd
en in deeze omstandigheeden tot onze securi„
teit een open poort meer dienstig sijnde
dan een geslootene liet de poort openen
toen het gewemel van volk siende en
het selve niet woorden hun niet willende
laeten verdrijven is een losse schoot gedaen
en het blanke stael verthoond waer door ver
worff dat de troep wel van de poort en logie
retireerde hun egter digt aen de negorije
posteerden van welke retiraite in mediaet
profiteerde en het Canon liet planten ter
plaatse het tot defensie best noodig is ook
te
souden"
NL-HaNA_1.04.02_3142_0364.xml,"sond een thonij om de kruijs patjallangs en
kruijsers te doen opkomen deeze thonij is door
twee der hunnen vervolgd en aengehouden on
der tusschen hebbe op andere manier ordre aen
de kruijsers gezonden om op tekomen in
welke ordre ik hoope dat bij hun sal behan„
digt worden dus agkomen.
Jk hebbe deezen morgen een bondig en na„
druklijk protest na Rammenadewaram
gezonden waerop antwoord verwagte intus„
„schen het voek tot als nog hun digt aen de
negorije onthoudende beletten dezelve dat geen
thonij roeijers van ons na boord den tho„
wijs die in het rif leggen kunnen gaen
het welk tragte te doen passeeren als of zulx
van mij niet gemerkt of geweeten word
tot dat antwoord van het Hof ontfangen
of meer versterking door de kruijsers krijge
dan wel hunne verdere onderneemingen
ontwaere bidde ondertusschen mij des
moogelijk met een man of twaelf en
een vigilant Corporael te assisteeren
bedde alverders ootmoedigst mij te ver„
zien met uw E: Gebiedende g'Eerde bevelens
Extract"
NL-HaNA_1.04.02_3142_0365.xml,"2191
Extract Sekreete Missive de dato
15. ' Junij 1765. van Kilkare door
en aan als Even geschreeven.
Hebbe d' Eere uw E: gebiedende mits deesen ver„
schuldigst te bedeelen dat volgens ontfangene
berigt sijn hoogheid de bewuste Prins tef„
fens alle sijne bediendens in handen der
door de armane uitgezonden detache„
menten gevallen en met al de sijnen na
Rammenadewaram gebragt is het welk egter
confirmatie vereijscht
op mijn na Rammenadewaram gesondene
protest hebbe nog geen antwoord ontfangen
de hier gesonden armoneese trouppen sijn in
selvervoegen als bij submisse letteren van gis„
teren bedeeld geposteerd gebleeven tot nade„
middag vijf uuren sonder egter eenig ver„
dere buijten spoorigheeden te bedrijven
wanneer een cheer weergaen liet verzoe„
ken van binnen temogen komen en iets
te verhandelen 't welk geaccordeert sijnde
quam deselve teffens nog seeker wellalv.
declaneerden."
NL-HaNA_1.04.02_3142_0366.xml,"declareerden dat seker Badduga meenende
de bediende die altijd door gem: Prins bij
mij gesonden teffens vrouw en kinderen in
de logie waeren welk te ondersoeken sijlieden
gekoomen waeren met instantie dezelve te
intrageeren
Ik vroeg om wat reeden sij lieden gisteren
avond gekoomen waren, kreeg ten andwoord
om dezelve oorsaek nader of zulks de betae„
lijkheeden en vriendschap tusschen de E: Comp:s
en armonee resideerende wel meede bragte
antwoorden dezelve dat sij volgens hunne
ordres hebben tewerk gegaen daer omtrent
respondeerde ik soude haer Edele wel dena„
ge en voldoenende satisfactie weeten te
krijgen en omtrent den gerequireerden Bad
duga in dier hij teffens familie en de logie
was en dE: Comp=e hem willende Protesteeren
sij immers met al haer magt niet in
staat souden sijn hem in haere gewelt te
krijgen sij vroegen of hij dan in de logie
was en ik of sij er verseekering van hadden
sij lieden te hebben gehoort dat hij en gistereen
morgen.
."
NL-HaNA_1.04.02_3142_0367.xml,"2192.
morgen geweest was ik antwoorde weer
wel teweeten dat hij gisteren morgen bij
mij geweest en met mij gesprooken had
dus danig nog een wijnig over en weer
gesprooken zijnde vertrokken dezelve quaemen
egter na verloop van een karten tijd weer
in geselschap van den Mannigaer en nog seker
moor seijden dat omtrent het voorgeval„
len geen Jnbreuk in de vriendschap tus„
schen de armonee en Comp=e Soude komen
dat zij quamen daer van verseekering
te geeven en dat de gesogte Badduga te Jri
polanij gevonden vroeger met eenen ten
welken eijnde hij dan gisteren bij mij ge„
weest en wat met mij gesprooken antwoor„
de, sulks aan hun niet tecommunicee„
„ren ook niet nodig te zijn dat sij daervan
kennise hadden sijlieden daer op de clareerden
na Rammenadewaram tewillen vertrek„
„ken recommandeerde hun aen Jammoe„
tarampulle teseggen voorsigtig te sijn
in het geene hij quam tedoen en zulx wel
te overleggen voorts verzekert te zijn dat
de."
NL-HaNA_1.04.02_3142_0368.xml,"d' Edele Maatschappije deese gepleegte on„
hebbelijk heeden na haer- merite soude
aanmerken deselve op het hoogste neemen
en de nodige satisfactie weeten te krijgen
het week sij aennamen om te bestellen
sijn dus met al haere trouppen na Ranw
=menadewaram vertrokken /:onderstond/
accordeert /:was getekend:/ H: J: Jde E: G:
Clercq.
Aan alse voore Aan den welEd: Groot Achtb Herceilons
Gouverneur gesz:
bij mijne onderdanige van den 26:' der pas
verwekene maend Junij heb ik uw Edele
agtbare ter kennis gebragt het geen tot daer
toe van kilkare berecht is wegens den veer„
keerden uitslag van de poginge om den be„
wusten Candiasen Prins na ginten te doen over
vaeren etc=a enthans gelieven uE: agtb: uit
een extract en een Copia kilkareese secreete
brieven van datis 26. en 28. den gem: maend
ampel tebeoogen dat gem: prins en
zijn dienaer of eigentlijk swager Appoe
staik door de uitgezondene detachementh
te Jmipelanij achterhaeld en te Ramme„
nadewarain gebragt daer in het tevooren
bij"
NL-HaNA_1.04.02_3142_0369.xml,"2193
bij zijn hoogheid bewoond huijs binnen
het fort geplaatst en de vrijheid om uit„
te gaen ontnomen en dat al zulks oor„
spronkend is uit de betrachtingen van den
siekelsen Iraik de schoon vader van den
gedetraneerden Candiazen koning die zig te
Rammenadewaram bevind en ruim 2000 Rd=s
aan Jammodaum Pulle en andere Hofsgrooten
gesacrificeert heeft amdus zijnen vol tte
speelen eenelijk uit berugting dat den prins
op Colombo komende Eenig aenhang van de
singaliezen krijgen door dE: Comp=e ondersteunt
worden en dus aen het belang van den ver„
Jaagden koning zeer veel nadeel toebrengen
zoude waer op den resident Keunman bij
Jammodrum pulle wegens des princen aen„
houding gedoleert tegens de accepteering
en gehoor geeving van de gezanten van den
verjaagden koning geprotesteert en den
prins zelve met 200. rd=s op zijn verzoek
geassisteert heeft waermede zijn hoogheid
het heb zugtig hoff aldaer heeft weeten te
moveeren dat ged=e appoe naik een vrije
poort"
NL-HaNA_1.04.02_3142_0370.xml,"poort gekneegen Ja hij zelve belofte Er„
langt heeft van vrijheid tot de reijze na
Colombo te zullen bekoomen bij despendatie
van drie duijzent rd=s om welk montant zijn
hoogheid bij den resident Keunman heb„
bende laaten aanhouden als zelfs in be„
kommering zijnde van door vergift uit de
wereld geholpen tewarden keunman egter tot
dies prive authoritate of gave niet getreeden is
maer bij zijnen laatsten brief betuijgt heeft
hem verzekert tehouden dat desen prins
een wettige pretendent van de Candiaze trood
en dus in het gewichtig belang der E: Comp
despendatie van voorm: 3000. rd=s wel waerdig
is hoopende ook kans tezien dat montant
niet eerder uittegeven dan de verzekering
tot eene gelukkige slaging in het oog„
merk: En ik heb de komst van zijn hoog
heid op kolombo van een te gewigtig be„
lang gesustineert om 3000 rd=s op zulke
vaste beloften van Keunman nog te
ontzien mitsgaders scomp=s en Ceilons wel„
vaert na mijnen eed en trouwe ter harte
neemende"
NL-HaNA_1.04.02_3142_0371.xml,"2194.
neemende gem: resident Keunman ten een„
sten gequalificeert gem: tanto op eene voor„
zigtige wijze en niet als ofhet van wegen
dE: Comp=e maer van hem zelven kwam
om dus 'scomp=s achting teffens te bewae„
ren te verschenken mids ook zorge daae
gende dat den sinisteren sickelsen naik
door grotere offerhanden dE: komp=e den
loet niet afsteeke gelijk uw Edele agtbare
zulks nader gelieven te beoogen bij de Copias
der in datis 30. Junij en 1. Courant aen
meerm: keunman geschreevene brieven
die de breedvoerigheid van het ten deesen kort
vertoogde includeeren en waer aen ik mij
om verdere eclargatie te vermijden refe„
neerende daernevens in submissie voege
het afschrift van zodanig een Cancept
der ola als ik na het present gewrigt
der zaeken nodig geoordeelt heb aen
J ammoderum Pullo te schrijven waer bij
ik tegens het accomnodement van de
gezanten van den versaegden Candiazen
koning de aenhouding van den Prins
en.
wel„
te"
NL-HaNA_1.04.02_3142_0372.xml,"en de onlangs gebeurde bezetting van de
Kilkareese loge geprotesteert op de ver„
gunming van vrijheid aen den prins on
na gevallen te begaen geurgeert en de
Candiaze gezanten gereclameert heb dan in
termen van vrindschap en weder met
kleen na de altoos geuseerde en raadzaem„
ste wijze van ommegang met dat ang„
listig en wantrouwig Hoff niet twijffelai„
„de of zulks zal bij een bijgevoegd beleijd
van keunman de gewenschte uitwer„
king bekomen en consequent den
mneergewaegden prins occagie erlangen
om derwaerts te geraeken waer toe op het
verzoek van keunman het Smalschip
de Batavier met genoegzaeme water voor
de fuite van den prins en wesmeer op
heeden of morgen na kiekare zaestee„
venen en hebbe voorts gedagte keunman
gequalificeert den prins derwaerts te„
Convoceeren op zijne voorgestelde Conditie
van alvoorens alles op zijne residentie
zodanig te zullen bezorgen dat den
tweeden"
NL-HaNA_1.04.02_3142_0373.xml,"2195.
tweeden resident scherff dezelve tot zijn
retour met gerustheid kan blijven waer
neemen.
dat alle deeze mijne verrigtingen mogten weg
draegen de g'eerde goedkeuring uwer Edele
agtbare dog inzonderheid de zaek zelfs geluk„
kiglijk uitvatlen ten beste en volkome be„
reijking van rust en vreede ten eijlande
Ceilon van herten wenschende maetige mij
de hooge Eere aan om dezen te onderschrij„
ven in de Hoedanigheijd van /:onderstond:/
als vooren /:getekend:/ I: De Dos sin„
margine:/ Tutukorijn den 2. ' Julij A„o 1765.
lager:/ P: S: volgens uw Edele agtbare g'eer„
biede last hebbe reets omtrent 200–. E zees
bij elkanderen dog met deeze twee vaer„
tuijgen niet veel kunnen weg senden wee„
gens de veelheijd der Militairen versoekende
nedrigst temogen weeten tot hoe veel
dier beestjes de besorging geschieden moet
Tutukorijn"
NL-HaNA_1.04.02_3142_0374.xml,"Tutukorijn
Aan den E: Gebiedende Heer.
DE: Gebiedende Heer Gerrit de vos
Koopman en opperhoofd der Custe Madure
op myn laast na rammenadewaram
gezonden ola hebbe nog geen andwoord ont„
vangen maer de bewuste Candiaze Prins
heeft met die na den anderen aan hem ge„
zouden 200. rd=s eenige Hofsgrooten op zijn
zijde getrokken en verworwen dat die dik„
wils door zijn hoogheid bij mij gezonden
zeedeling de poort van Rammenadewaram
vrij gekreegen dus is dezelve bij mij gekoo„
„men zeggende dat zijn Hoogheid met
Jammataram pulle en de hofsgrooten die
het meest de partij der aanhangers des
Candiazen konings houden overgehaelt
heeft van hem dit heen en Colombo waerts
te laeten vertrekken wanneer aen hun
3000. rd=s gegeven wierde dus heeft zijn
hoogheijd verzoek laeten doen om gem:
E: Gebiedende Heere
At part en sekreet.
3000.
3"
NL-HaNA_1.04.02_3142_0375.xml,"2196:
3000. rd=s voor hem te verschieten met
nader instantie hem zo haest mogelijk
uit dit land tedoen redden alzo hij tans
wel niet in het Publicq maer door het
vergift het welk hem door de aenhangers
des Candiaes konings zoude kunnen toe„
gebragt worden voor den dood niet zeker
is durvende niet betrouwen het minste
Ja niets eens het hem gebragt werdend wa„
ten te gebruijken zonder het van tevooren
te laeten onderzoeken Jk hebbe deezen zen„
deling weer terug gezonden met andwoord
dat ik in mijn aen Jammoetaram pulle
gezonden ola delargatie van zijn hoogheid
en tot deszelfs perzoon gehoorende gevolg
abzolut begeert en gepretendeert
hadde dus daerover eerst moeste andwoord
afwagten hoope dat mijn gegeeven and„
woord zal accordeerende zijn met uE:
gebiedende intentie
E: gebiedende heer drie duizend Rd=s is
volgens mijn veronderstelling die al egter
uE: Gebiedende vrij prudenten gevoe„
lens zo verschuldigst als willigst onder
werde."
NL-HaNA_1.04.02_3142_0376.xml,"werpe een Somma die mogelijk de inten„
tie der Hoog gevenereerde Ceilonse regee„
inig om aen zijn hoogheid teverstrekken
te boven gaet Edog ik houde mij zo verzee„
kert dat deeze prins een wettig afkome„
ling en zoon der voorige Candiase konin„
gen is dat mijn wel durf verstouten
voor mijn reekening teneemen zoveel ge„
repte Somma boven de intentie van
die met veel Eerbied genoemde regeering
gaat dus bidde uE: geb: ootmoedigst ver„
mids de Cassa deses Comtoirs zulk een
last niet draegen kan om een ontzet
van 1300. pagooden, en de dit heen zen„
ding van het Smalschip De Batavier
belovende uE: geb: mij zo zorgvuldig en
voor zigtig te gedraegen dat hoedanige listen
het Rammenadewarams Hoff ook mogt
komen te gebruijken deeze Contanten aen
hun niet eerder zullen uitgekeert werden
tot dat zijn hoogheid alhier gesecureert
is en ik verzekert ben dat van dat
Hoff geene nadere defraudes omtrent
deeze"
NL-HaNA_1.04.02_3142_0377.xml,"2197.
deeze zaak zal gepleegd werden en onder„
tusschen de nodige behoeftens tot zijn hoog
heids reijze in gereedheid brengende verzoeke
den Batavier met de nodige water valen te
„laten verzien want zijn hoogheids gevolg
bestaat in circa vyf en veertig koppen en
waer bij met eenen de vrijheid gebruijke uE:
geb:e ootmoedigst en nedrigst teverzoeken
mij tepermitteeren zijn hoogheid zelven Co„
lambo waerts tegeleijden zullende de zaeken
alhier in zodanigen staet brengen dat men
alhier voor alle gesecureert en verzeteert
is dus voor dien korten tijd het Comptoir
onder den tweeden resident wel zal kunnen
berusten en betrouwt werden.
waermede de Eere hebbe met de meeste eer„
bied te volharden /:onderstond:/ E: Gebie„
dende Heer uw E: Gebiedende onderdanige
en Gehoorsaame Dienaer /:was getekend/
H: w: A: keunman: /:in margine:/ Kil„
Kare den 28. Junij 1765. /:onderstond:/
Accordeert was getekend/ G: w: Joek p„l secs
Concept
t"
NL-HaNA_1.04.02_3142_0378.xml,"Concept Mallabaarse
ola onder dato 30. Iunij 1765.
door het ondergetekent Madu„
vees opperhoofd aen den Rijks
Cancellier en Albeschik van
het Marruas Hoff Tammode¬
rum Pulle tot Rammenade
waram Geschreeven.
Complimenten
Na de Gewone
'T zedert dat door mijne hoge gebiederen tot
Madurees opperhoofd aangesteld zijnde ik
sodanig alhier aengekomen ben en nu
eenige maanden de saken deser custe be
stiere is mij onder de Carrespondentien
der nabemrige hoven niet wijnig beval„
lig geweest de vriendschap en het groot
vertrouwen die tusschen uw E: en den
kilkarees Eerste Resident Keunman
hebben gesubsisteert so dat ik zulx
genoeg oordeelde geduurende de minder
jarigheid van den vorst en dus mijne
vrindschaps aenbod aen zijn Excellentie
r
den"
NL-HaNA_1.04.02_3142_0379.xml,"2198.
den Jongen theuver tot nader tijd en ge„
legentheid uitstelde, also uw E: alle saeken
bestieren en beschickende, ik genoegsaem agte
mij daer op te kunnen verlaeten dat niets
dan tot beste en nut der belangen van mijne
Heeren enmeesters soude geschieden en ook
tot onderhouding Ja zelfs meerder aengroeij
ing, der vrindschap met 't Rammenade„
waramse Hoff.
dog nu komen mij tot leedweesen zaken te
vooren die daermede gants strijdig sijn Ja
zelfs direct aanlopen tegens de verbanden
zo beragtig en Cenemonieel miet gemelte
Hoff aangegaen en dus lange nog stie te„
lijk onderhouden, waervan hier bij alleen
zal aanhalen dat aen het Hoff gedoogt
worden de gezanten vande Candiasen ver„
Jaegden Koning die illegetim den troon
beblommen veele onaegtvaerdig heden be„
dreeven ende verbonden met dE: Comp=e
geslooten op eene ongehoorde wijze geschon„
den heeft en daeromme door haer Edele
gedetroneert en verjaegt is hoopeloos om
ooit
P"
NL-HaNA_1.04.02_3142_0380.xml,"ooit meer in de minste aanmerkinge te ko„
men dat deze gezanten selfs ook door het
Hoff ondersteunt worden in de gantsch boos
strafwaerdige en onverandwoordelijkste be
tragting om te vervolgen en selfs des moog„
„lijk aan 't leeven tekomen sekeren prins
van Candia sig aldaer bevindende die wel
waarschijnlijk voor komt tot de Candiase
Chroon geregtigd tezijn Ja zulx wood selfs
so verre betrocken dat men sig niet ont„
sien heeft op eene nacht scomp=s logie te
Kilkaree in veronderstelling dat gemelte
prins of de zijne daar binnen soude zijn
door stheuvers krygstrouwen tedoen besetten
waar door scomp=s bezit recht in den
hoogsten graad gekrenkt is.
dog ik wil hier over mij niet verder uit
laeten nog de gevenereerde Ceijlonse Re„
geering wegens dit facheus geval onder„
houden om dat ik in het vast gevoelen
verseere dat uw Ed=e moogelijk wel de„
tachementen om de een of ander reden
gints en herwaarts sal gezonden maer
geensints."
NL-HaNA_1.04.02_3142_0381.xml,"2199
geenzints Expres gelast hebben dE: Comp=e in
haar Ed=e besit regt te ontrusten of affron„
ten aantedoen door eene verregaende begeerte
selfs van de loge tewillen visiteeren
Maar bij aldien tegens verwagting sulx nogtans
ondernomen is op uwEd=e Expresse last so moet
ik tans uijt name en van wegen de doorlug„
tige Comp=e tegens dat gedoente protesteeren
en ook tegens de onwettige aenhouding van den
Candia sen prins als volkomend en omwalk„
baere bewijzen dat Het Hoff in openbaere
verbonden met 'sComp=s vijanden getreeden is
haar Ed=e vrienden vervolgt en dus selfs
vijandelijk handelt met verseekering dat
mijne nobele oppergebiederen sig over alle
die bondbrekige en vijandelijke gedrag hou„
dingen haast sullen weeten te satisfaceeren
also het dE: Comp=e daer toe aen geene magt
ontbreekt.
Dog ik houde mij teffens aen de verwagting en
het vast vertrouwen dat uw Ed=e dit een en
ander overweegende niet sal willen oor„
soek zijn van de verwijdering tusschen de
doorlugtige
e"
NL-HaNA_1.04.02_3142_0382.xml,"doorlugtige Comp=e en het Rammenade„
warams Hof en zijn Excellentie den Jongen
theuver in sijn kindsheid selfs doen staalen
in een ongeluk waer van niet teher komen
sal zijn en daer op mij sterkende verhoope
ook dat uw Ed=e niet alleen de quaed willige
vervolgens van deesen prins en aenhangers
„den ou
van „ wettigen en onttroonden koning sal doen
overgeven aangemelte kilkaresen Eersten resid=t
Keunman maar ook eneermelte pries sijn
wettig toekomende vrijheijd laten vergunendn
en begaen omtrent sijn voornemen aen uw
Ed=e alvorens sig tot ons te addresseeren g'open
baerd door dezelve goed gekeurt en selfs den re„
sident keunman aenbevolen hem in sijn on„
geluckige staat te gemoed tekomen en te on„
der steuren
Jndiervoegen sal ik iets van uw Ed=e dienst
alhier sijnde sulx verwagten teverstaen en
tragten na vermogen natekomen en uitte„
voeren /:onderstond:/ voor het Concept (:was
getekend:/ J: Devos onderstond/ Accordeert
/:was getekend H: I: Ide E: g: Clercq
Kilkare."
NL-HaNA_1.04.02_3142_0383.xml,"2200
Kilkare
Aan den Boekhouder Hendrik Willem August
Keunman Eerste Resident over sComp=s handel
Aldaer.
Schoon u: voorgaende brieven mij verdriet
en ongenoegen toegebragt hebben gelijk insonder
heid heb laeten blijken bij de mijne van den 22:'
dezer om dat het eijgentlijke waer op maetoe
gulen diende teneemen en dus het alder schie„
lijkste had behooren teweeten egter niet quam
te ontvangen so betuijge nogtans bij desen
op uE: voorsz:, vroegere en nader ontvangene
brieven dat behalven de opschorting van
het voornaemste of het geene wat het al„
der Eerst had behooren bedeeld teworden
dog zodanig sal uE: sekerlijk tewerk gegaen
zijn in meening dat alvoorens de een scha„
kelingen sijner verrigtingen dienden vertoont
teworden en dat daer op het eygentlijke moete
volgen tot beter begunp der zaken en om
dat daer van ook intusschen niet veel posi„
ties berigt konde werden voor het overige
Goeden vrind
deeze."
NL-HaNA_1.04.02_3142_0384.xml,"dese uE: verrigtingen bij Jammodrum pulle
en den Candiasen prins tot genoegen en
quadneerende vinde met het plansibel oog„
merk van de gevenereerde Ceilonse regeeringe
hoewel daer aen niet heeft konnen voldaen
of eenig succes behaeld werden Een volkomen
blijk alweder dat alle de schoon schijnende be„
loften en vandschaps verzeekeringen van Jam„
modaum pulle niets terwereld gelden of
daer op geene deminste staet of vertrouwen
te stellen sij in so verre dat het vermogen
van geld van den sikkelsen Naijk beeter
indauk en uitwerking op en bij Jammodaum
schijnt temaaken Ja selfs met dat succes
dat den prins daer om alleen sal opgezogt
ten na Rammenadewarane gebragt zijn
mitsgaders in het fort aldaer aangehou„
den werd.
Dezen Prins komt mij gelijk u: ook wel
ten regten aanmerkt met veel waer schijn„
lijkheid voor den wettigen pretendent van
den singaleesen troon te sijn en den sikkelsen
Naik heeft het niet qualijk van even daar
om teverneemen door hem te sullen ver„
ijdert"
NL-HaNA_1.04.02_3142_0385.xml,"2201
„ijdert werden de betragtingen van den nu
gedetroneerden koning
de zaek is van al te hoog gewigt om niet
aanstonds handen aan het werk te slaen
of het ijzer maer te smeden terwijl het nog
heet is en wat middel het ook zij te betragten
en besteeden om desen prins magtig teworden
en na Colombo telaaten overgaen.
is ook seker goed dat uE: op de serieuste wijse
blijft continueeren om Jammodrum
pulle bewade indrukselen te geeven van
den sikkelsen Naik als die door middel
van geschenken het Hoff in eenen quaden
luijm tegens dE: Comp=e houd in vilipen„
die der vrindschaps verbonden tusschen haer
Ed=e en het hof subsisteerende zonder dat Jam„
modrumpulle egter nog eens schijnt temerken
van hoe een groot gewigt de zaek is en dat dien„
volgende dE: Comp=e niets zal ontzien om dit
wanbedrijf van het Rammenadewarams
hof het zelve ten duursten te doen gelden wan„
nen het zig te laat zoude kunnen be„
klagen na zo bevind te hebben vergaept
aan de voorwendingen van dien sinisteren
sickelsen."
NL-HaNA_1.04.02_3142_0386.xml,"sickelsen Naik beweegende dus dien Can„
gehoor
cellier om geen meer aan ged=e Naiken te
geeven maar so wel hem ende sijne aen
uE: overteleveren als den Prins-vrijheijd te
gunnen tot zijn vertrek na colombo.
Tot dit een en ander sustineere ook dat wel
iets baaten zal de vriendelijke dog teffens
protest ola die ik hem thans toezende en uE:
het concept van dezelve hier neevens Copieelijk
meede deele om te dienen tot uE: speculatie en
narecht en waer van de uitwerking ik wen„
sche spoedig teweeten en soude selfs teffens
mij daadelijk in perzoon na Costij willen
begeeven om dese saken met uE: uittewerken
des mooglijk dog daer toe mij gestadiglijk
gereedhoudende sal alvorens niet verlangen
afwagten te verstaen wat vermogen uE: twe
de ola op Jammodaum pulle wel mogte
gehad hebben. —.
Hebbe voorts bij mij niemand gekreegen met nadee„
lige berigten omtrend den Candiasen prins
en geloove ook niet dat imand sodanig ko„
men maer zulx een verdigtsel en quaade
aenbreng bij m: zijn zal.
E
30"
NL-HaNA_1.04.02_3142_0387.xml,"2202
De gevenereerde reegeering heeft op het p=r berigt
omtrend het aanmelden van deezen prins
niet anders kunnen disponeeren als haer Ed=e
agtb:r naer hoog wijsheid gedaen en ons ter uit„
voering aenbevoolen heeft dog ook ten regten
aan mij gunstighijk hebbende gelieven te deferee
nen daerbij tevoegen verdere dispositien die
en wegens nader voorkomende of haer
Edele agtbare onbekende omstandigheeden mogten
vereijschen, so agte gantsche onverantwoorde„
lijk miet over en weder schrijven sig op en
de zaek sleepende tehouden maer gelijk ge„
segt het ijzer temoeten smeeden terwijl het nog
heet is en dat dus ook bij Jammodaum ende
sijne best te mark kunnende komen met
spetie geen noodsakelijke spendatie mag ont„
sien worden selfs ook alwas het sake dat ik
sComp=s en Ceijlons welvaerd op het zeerst aan
het heete hebbende het alderuitterste van
demijne daer aen sal moeten wagen, dog
selve geenzints in twijffel of wel gemelte
Regeening sal dese verrigting gunstiglijk
goed keuren en inschikken of schoon ook
sulx om sons geschiede of dat onse gewensch„
„te"
NL-HaNA_1.04.02_3142_0388.xml,"„te verwagting wegens de verandering der
Ceilonse smertelijke saken met de komste
en presentie van den Candiasen Prins te
Colombo niet mogte beantwoord werden
Segge noodzaekelijk toewerx op dat uE: daer toe
nogtans ook niet te gul of ruijm zij maer
naer gedaen mooglijk ondersoek het onvermijde„
lijkste besteede om den listigen sikkelsen Naik
den loet aftesteeken en den Candiazen prins
hoe eer hoe liever tot ons teverkrijgen ten over
valering na kolombo, dog indiervoegen tef„
fens dat gemelte Naik met meerder toe„
gift niet boven and geraeke of trium pheene
tot dezen toewerx so intusschen op uw E: tweede ola
geen uitwerking ten goede geschiede of dat selfs
ook dies antwoord telang uijtblijft qualificeere
uE: op voorsz: wijze te treeden dog om 'sConings
agtbaerheid en fatsoen teffens te behouden sal
uE: sig gelaeten als of zulx door en van wegen
uE: selfs uit medelijden en tot redding van
den prins gedaen werd.
Jndiervoegen rijkhals ende naer gewenschte
tijding desentwegen blijve voor 't overige na
vriendelijke groete zeer gaerne /:onderstond/
ud:"
NL-HaNA_1.04.02_3142_0389.xml,"2203.
Gt: De Vos
Zilkare
uE: goeden vrind /:geteekend:/
/:in margine Tutukorijn den 30. ' Iunij A„o 1765.
Tekreet.
Met de afvaardiging van mijne letteren van
gisteren hebbe de uwe van den 28.:' Junij J=o
leeden ontvangen en daer bij tot bijzonder
lief zijn ontwaert hoe de spendatie vanden
Candiazen prins onder de Rammenadawa„
ramse havelingen al eenigsints van goede
uitwerkingen zijn geweest en door hem
belofte bekomen van na Colombo te
zullen laeten gaen indien hij 3000. rd=s
geeven wilde
Tot het toevoegen van geld naer de noodzakelijk„
heid hebbe reets aan uE: qualificatie verleend
waar aen mij gedraege en zal het smalschip
de Batavier met voorsiening van genoeg
zaeme water nevens het gevordert mon„
tant ten eersten senden in welk bodemtje
ook reets ingedagten van het voor dege„
requireerde coelijs te zullen kunnen dienen
afgescheept zijn en meede overgemaekt
Aan als Vooren.
sullen"
NL-HaNA_1.04.02_3142_0390.xml,"sullen worden twee lasten rijst nu, tot
mond behoeftens van sprincen suite
als anderzints te pas komende
Sig tehouden aan het gedaen protest bij Tammo„
daum pulle tegens het gepleegd geweed ende
aanhouding van den prins als waer door
sekerlijk verwijderingen tusschen het Hof en
dE: Camp moeten causeeren is noodsakelijk
en seer goed dog uE: had den sendeling van
dien prins met het andwoord dat uE: de
responce van Jammodrum pulle afwagtende
teffens wel goede moet moeten gegeven hebben
van ook anders het benodigt geld te sullen
besorgt werden hoewel ik hooge dat sijn
hoogheid daer door niet tot eenig minder
vertrouwen zal vervallen zijn maer tot
nog geEncurageert weezen eenmael na Co„
lombo te geraeken met verijdelijng van allen
aanslag om hem door vergift van kniet te
helpen.
den prins dan te kilkare gekomen en door
uw: dus eenmael het oogmerk ten dien be„
lange berijkt sijnde het welk ik van uE:
voorzigtigheid wel vertrouwe zo verhoope
ook."
NL-HaNA_1.04.02_3142_0391.xml,"2204.
ook dat het verdere nodige tot de reijse met
de: komst van de Battavier gereed zal zijn ne„
vens behoorlijke Comoditeit voor zijn hoogheid onder
de bepaelde Eerbewijsingen en ik mag wel gaerne
leijden dat uw sijn hoogheid na Colombo Con„
voieert op de door uE: selfs voorgestelde Con„
ditie van alvorens ook alles te sullen be„
sorgen dat den tweeden resident scharf het
comptoir tot uE: terugkomst gerust kan
blijven waerneemen.
Overigens ben na vrindelijke groete zeer gaerne
/:onderstond:/ uE: Goeden vriend /:getekend:/ G=t
devos /:in margine/ Tutukorijn den 1. Julij A„o
1765. /onderstond:/ accordeert /:was getekend/
Hendrik Joan Jde E: gesw: Clercq.
Extract Aparte en secreete
Missive de dato 26:' Junij 1765. door
den Eersten Resident van Kilkare
Hendrik Willem August Keunman
aan het Madurees opperhoofd
den Koopman DE: Herrit devos
na Tutukorijn geschreeven.
Pese.
ope"
NL-HaNA_1.04.02_3142_0392.xml,"dese sendeling alhier den 13. vertrokken en te
Tnipolanij gekomen sijnde verstond aldaer
dat van Rammenadewaram dit heen en
ook Triwittemangoe gedetacheert waeren gewae„
pend volk om den Prins en hem te ligten, de prind
is te eerst na Rammenadewaram gebragt
en na dato deese sendeling hem te Tripolanij
verthoonende ook dat heen gevoerd aldaer in het
fort woonende in het selfde huijs waer in
toen hem te Rammenadewaram onthouden
gewoont heeft mancqueerd niets anders als
de vrijheijd van buiten het fort en dit heen
temoogen komen, de reeden deeser voorvallen
sijn de volgende volgens berigten daer om„
trent ontfangen. de sikkelse Naijk eerstens
informatie gekreegen hebbende dat in Con„
ferentie met dien prins geweest, tweedens
dat zijn hoogheid hem heeft laeten blijken
van zijn aanstaende vertrek na Colom„
60 soheeft gerexte Naijk circa 2000 rd=s
aen Tammoetarampulle en andere hofs„
grooten besteed geschreeven en door sijne
sendelingen aan deese baetsugtige laeten ver„
thoonen, hoe sijn schoon soon de Candiase
koning"
NL-HaNA_1.04.02_3142_0393.xml,"2205
koning niet dood of ten eenemael verdreeven
maar om reeden een wijnig geretireerd
en thans in een staat was dE: Comp=e meer
nadeel toetevoegen dan doit van tevooren in
dien deese prins nu op Ceijlon quam, soude
hij apperentelijk een grooten toeloop en
aanhang van en onder den Jnlanderen krij„
„gen en daer en boven door dE: Comp=e ge„
ondersteund wordende, was te dugten den
Candiaaschen koning sijnen schoon soon in
meerder verwaarde en slegter omstande te
brengen dan ooit geweest was, ten minsten
den loop van sijne thans boven haer Ede„
lens trouppen victoriseerende wapen te
stuijten dus versoek gedaen deesen prins
te laeten aanhouden en zijn vertrek te„
beletten, ondertusschen heeft deeze. Prins mij
nog om andere Eenhonderd Rd=s laeten
verzoeken, die hem dan ook gezonden en
op mijn gesonden protest dla aen Ja„
moetaram pulle geen andere antwoord
gekreegen als alleenlijk dat hij op ont„
fangen tijding dien prins die hem veel„
„derhande."
NL-HaNA_1.04.02_3142_0394.xml,"derhande beloften gedaen per thonij hadde
willen wegsenden, hij maar alleenlijk volk
gezonden hadde om daer voor tewaaken en
sulks tebeletten. Jk hebbe een nader ola den dien
Cancellier gesonden daer in de novo al het voorge„
vallen en die daer uijt vloeijende gevolgen voor
sijn reekening gelaeten, absoluijt begeerd deesen
prins met de sijnen op vrije voeten te stellen en
dit heen tebaeten vertrekken, somede de abso„
luijte uitleevering des sikkelsen Naijks ge„
pretendeerd met bijvoeging in dien aen deze
pretensien niet voldaen wierde, het haer Edele
so min aan mogt en vermogen mancqueerde
het een en ander teverkrijgen maer ook het
Rammenadewarams Hoff doen onderwin„
den hoe gevoelig haar Edele soude sijn, dat
het Hof meer werk van publicque
vijanden der E: Comp=e als van de verbonden
met haar Edele maekte, ondertusschen hier op
antwoord verwagtende hebbe bereets verstaen
dat den sikkelsen naijk wanhoopt of de
prins volgens sijn instantie bij Continuatie
wel door het Hof sal aengehouden en niet op
vrije voeten gesteld worden en geresolveerd is
of:"
NL-HaNA_1.04.02_3142_0395.xml,"2206.
of bereeds gedaen van volk tot uw E: gebied:
tesenden met nadeelige advijsen van des prin„
sen persoon en hoedanigheeden mitsgaders dat
en aan het Hof selven bereeds twee spaltigheeden
sijn omtrent het aenhouden oflargeeren van den
prins en verder verstaen dat meer gerepte sende„
„ling of genaemt Assoesaik geen dienaer
maarde Swager van den Prins is, Jk hebbe sijn
hoogheid meede laeten weeten het geen nopens
sijn persoon en den Sikkeesen Naijk aen Jam„
moetaram pulle geschreeven en geraeden
sijn vermoogen ook aantewenden tot be„
rijking van het een en ander, dus E: geb:
heer sal uE: gebiedende des gelievende kun„
nen nagaan dat tot als nog incapabel
ben uw E: gebiedende over het dit hee senden
van het smalschip de Batavier te onder„
houden eer en bevoor de verderer omstande
of uitwerking mijner laatsten ola ant„
waard hebbe /:onderstond/ accordeert
was getekend H: I: Ide E: g Clercq
Aaam als voornem. Aan de Ceilonsche Regering gez:
Hoe zeer ik ook mijne pogingen bij mijnen
innerlijken
en"
NL-HaNA_1.04.02_3142_0396.xml,"innerlijken wensch gevoegt heb om den
bewusten Candiasen Prins ten spoedigsten
na Costij tedoen overvaaren, nogthans heeft
zulks tot mijn bijzondere leedweesen nog geen
volkomen beslag kunnen erlangen, alzo van
kilkare zedert mijne laatste onderdanige
aan uw Ed=e Agtbare van den 2. deser den 7.
daar aan alleen gecommuniceert is, dat het
smalschip De Batavier met het geld als
andersints aldaer aangekomen, desselfs steng
gebroken en te kilkare een stuk houts
was dat daar toe zoude konnen gebruijkt
worden, mids van een Timmerman voor„
zien raakende, waar op ik staax met
een Manaarse thonij twee Jimmerlieden
gezonden heb, die ook na verrigte werk
op gisteren gereverteert zijn met enkeld
berigt buiten het gecommuniceerde
door den resident keurman onder dato
30. Junij J=o leeden dezen in Copia versellende
dat Cammodrum Pulle aan het kilkareese ar„
naatje welk desselfs ola besteld heeft ge„
zegt had daer op nader andwoord te„
„zullen"
NL-HaNA_1.04.02_3142_0397.xml,"2207
Tutukorijn
te zullen senden dat den Candiasen Prins
op den 13. hujus op kilkare verwagt wierd
en sdaags daar aen met hem Keurman
per de Batavier stond te vertrekken
Hebbe overigens de eere met verschuldigde eer„
bied en Hoog agting te blijven /:onderstond:/
als vooren /:getekent:/ G: De Vos /:in margine/
Tutukorijn den 16:' Julij A„o 1765.
Aan den E: Gebiedende Heer
Gerrit de Vos
Koopman en opperhoofd der kuste Madure
E. Gebiedende Heere
Mijn arraatje is van Rammena dewarani
geretourneerd sonder antwoord, also Jamoe
carampulle eenelijk gezegt, antwoord
te zullen senden. ik houde mij versebeerd
het Hof als geldgierig zynde zal nu
geen nader antwoord senden tot dat die
door den prins gerepte en belofte drie duij„
„sent rd=s sullen gereed sijn dus insteere nog„
maels op het ootmoedigste om de versogte
Apart en sekreet
Contanten
Commelne"
NL-HaNA_1.04.02_3142_0398.xml,"contanten en dit heen sending der Chialoup
tot zijn hoogheids overbrenging gedestineert
ik hebbe bereeft alles gereed wa tmaer tot
sijn hoogheids reijze nodig is
En hebbe voorts de Eere met de aldermeeste
hoog agting tezijn :/ E: gebiedende Heer
uwE: Gebiedende Gehoorzaame en onderdaenige
Dienaere /:getekend/ H: W: A Keunman
/:in margine:/ Kilkare den 30:' Junij a„o
Nan aarraaran. Aan de Ceilonsche Regeering gesch:
Bij de Eere der receptie uwer Edele agtbare ge„
venereerde missive van den 10. ' Courant ook het
geluk gehad hebbende daer bij geapprobeerd
tezien mijne genomene maatregulen ten be„
lange van den Candiazen prins, zo ben ik
niet alleen daer voor uw Edele agtbare hoogst
verpligt maar ook daerdoor nader opgewekt
alle mijne vermogens te contribueeren tot
tot het belang en dienst mijner dierbaere
betaelt heeren, het geen ik ook hooge met
zo veel vigilantie, en Candeur te betrachten
dat bij Continuatie kan weg draegen het genoe„
„gen
1765.
E"
NL-HaNA_1.04.02_3142_0399.xml,"2208.
„gen, mijner Jllustre en hooge gebiedereren
hoewel den voormelden prins, ongeacht
alle mijne pogingen, nog niet derwaerts
overgevaeren is, alzo het Rammenadewa„
„nams Hoff zonder eens op mijne ola te ant„
woorden zijn hoogheid nog op en aenhoud,
niet zo zeer mogelijk om het belang van
den sickelsen naik te bevorderen, als wel
dies geldzucht beandwoord tezien, waer
hee alle Jalmerijen en verdere gasconnades
vermeld bij kilkareezen brief van den 19e
Courant, deezen in kopia verzellende ook
gederigeert schijnen
Dat Hof heeft dies pretensie tot nog 6000.
pagoden vermeerdert en den resident keun
man daar van ook eene gepretendeerde
obligatie naer den inhoud van overgaende
Copia
Translaet„ Concept prive authoritate
genegen geweest zijde teverleenen, is
de zelve gestijgert tot 10'000 pagooden op
het gerucht dat de Batavier 20'000. pago„
„den, een goude Palenquijn, goude quit„
pedooos
ge
ch:"
NL-HaNA_1.04.02_3142_0400.xml,"pedoors Etc=a aangebracht zoude hebben
zich vlijende met de Hoofde van deeze
occagie debeste te zijn om zig eens ter deeg
te mesten, waar aen ook zekerlijk de gede„
fulgeerde presentatie vanden Sikkelsen
Naik, ten fine 10'000. pagoden te spandee„
ven zoden prinsde nog thien dagen op gehouden
wierde, zal te attribueeren weezen; want
ik kan niet gelooven dat hij daer toe het
vermogen zal hebben, alwaer omme iteden
resident keunman aangeschreeven heb
Jammodrum pulle in ernstige termeen
te diverteeren van zijne hoope om eenig
geed van dE Comp=e te Erlangen, met
aanschrijving van het verdere nodige
als na rijpe aendagt best Geoordeelt
heb en de vrijheid gebruijke, tot vermijding
van langwijlige Extens bij nevens gevoegde
copia brief nedrigst tevertoonen, in
vertrouwen van uw Edele agtbaere
'eerbiede goedkeuring
van den nader bepaelden inkoop tot nog
twee hondert Ezels zyn reeds Een hondert
twintig"
NL-HaNA_1.04.02_3142_0401.xml,"2209
Kilkare
twintig stuks opgedaen en zullen deeze
alle betracht werden. ten Spoedigsten
over temaken.
verigens hebbe de Eere mij met verschuldigde
hoog achting tenoemen /:onderstond:/ Als
vooren /:Getekend:/ G=t Devos /:in mar„
gine:/ Tutukorijn den 23. Julij A„o 1765.
Aan den Boekhouder
Hendrik Willem August Keunman
Eerste Resident over 'skomp=s handel aldaer
Joeden Driend
Eijndelijk en na lang wagtens het ik gis„
teren avond ontfangen uw E: brief van
den 19=e deser, waer van den inhoud tot
gevoelig leedweesen bevinde over een te„
komen met de bedugtingen zo van de
gevenereerde Ceilonse regeering als van
mij dat het hinkend paerd agter aen
zoude komen ende zaek voor de tweede
mael verbood raken
Hoe
9"
NL-HaNA_1.04.02_3142_0402.xml,"Hoe weet men tog aan het Theuvers Hof
dat de Batavier ginter geld aangebragt
heeft tot de bemiddeling der vrijheid
van den Candiasen prins, schoon met
eene Considerabele vergrooting van de
som, immers heeft dat geldzugtig Hoff
daer door ook in het fondamenteel Concept
moeten gebragt werden dat dE: Comp=e zeer
veel aan den penis gelegen zijnde, de bewus„
te 3000 rd=s spendeert en geen ziits uE:
als uit eijge motive of bijzondere be„
weegredenen, gelijk uE: wel Expres geor„
danneerd heb te doen schijnen.
Tot de Hoger pretentie sal ook oorzaek
gegeven hebben uE: gezegtigheid in het willen
verleenen van de bewuste obligatie van
6000 pagoden met uE: hoger sprong dan
de gestelde paelen van bij die obligatie
ola so puplicq deesen bijtevoegen namelijk
wanneer den Prins ongemolesteerd
aldaar gearriveert de reijse na Colombo„
volbragt NB: den Candiasen troon
beklommen ende Regeering onge
moeit hand haven zal.
om nu het billijk ressentement van
de"
NL-HaNA_1.04.02_3142_0403.xml,"2210.
de gevenereerde ceilonse Regeering te
ontduiken en de zaak eenen anderen
keer naar harten wensch tedoen neemen
moet uE: Tammodrum pulle aanstonds
op eene klaar wijse verassureeren en
vertoonen.
dat het geen zints de meening van d'E:
Comp:e is nog ooit zijn zal om den prins
van het geldzugtig Rammenadewaramse
Hoff tekopen maar wel om zijn hoogheid
op eene wettige wijse te reclaueeren en
dit niet met goede flotten geschieden wil„
lende necours te neemen tot zodanige
middelen als het Hof tot in het geseete
voelen zal, prinzipael dien zo zeer im„
mitteerenden albeschik van wiens vriend
schap en trouwe uE: zo veel op hets ge„
maakt heeft en nu op het laast Ja
tot schamens toe overtuijgt zijn moet
dat alle zijne uitterlijkheeden en beloften
selfs benoeming van uE: van sijn eige
broeder teweesen maar gevermist
bedoog geweest zijn
dat
Colombo„
ge
van"
NL-HaNA_1.04.02_3142_0404.xml,"dat voorts dE: Comp=e magts genoeg gehad
hebbende om het voor ontoeganglijk en
onoverwinnelijk gerenomeert Candia te
overmeesteren, zekerlijk dezelve insonderheid
nu en weder bereeds vier scheepen met rijke„
lijk volk en ammonitie uit het vader„
land gekoomen zijn en dagelijks nog ver„
scheijde diergelijke batters met oostersche mi„
litie van Batavia en elders verwagt wor
den, ook wel magts genoeg heeft en be„
houden zal om niet alleen den gedetro„
neer den koning selfs ten eenemael te
vernielen en een ander op den troon
te stellen maar ook Tammodaum pulle
wegens dese en meer andere verregaende
onderneemingen en zodanige Capeten
om op de Neus tezetten als hij Hem
mogelijk ooit verbeelden kan en zeker„
lijk in hem tot het gantsche Marruas
Hof en Rijk, dewelke hij tans onder sijne
macht heeft, zal overslaen.
dat als dan ook den sickelsen Naick„
die"
NL-HaNA_1.04.02_3142_0405.xml,"2241
die ik egter niet kan denken zo veel ver„
mogens tezullen hebben tot betragting
van het belang van den gedetroneerden
candiasen koning en een Madurees vorst
zo hij genoemt word niet meer den ge„
braden haan speelen zullen.
dat en passant teffens gesegt moet worden
dat men van geen Madureesen vorst weet
nog niemand daar voor en kennen wil
maar zo iemant zulx pretendeert tewee„
„sen hem houd voor den vijand van on„
sen bondgenoot en vriend den Nawab Ma„
hometh Dillijchan, die thans het gant„
sche Madurees rijk onder sig hebbende
ook den theuver sijn tributair palla„
gaan is en desen niet betaamt een
ander zo genaamde vorst van Madure
dus te beschermen.
dat Jammodaum pulle niet langer met
dE: Comp=e den spot moet drijven met
den prins te blijven aanhanden aan hem
sijn onbetwistbaare vrijheid niet te
„guinen"
NL-HaNA_1.04.02_3142_0406.xml,"gunnen en het met dien Prins aangegaen
accoord van 3000: rd=s gifte op eene schande„
lijke wijse te verbreeken en reets tot twee
keeren te veranderen en verhogen tot boo0
pag=o en 10'000. d=o, selfs ook mijne afgeson„
dene ola onbeantwoord telaeten, met ophou„
ding van de bestellers dier schrijvens.
dat ik eijndelijk deese mijne arraatje en Las„
carijns met of zonder andwoord teffens
ten eerste begeere te hebben
dit alles zoude meerder kleen en dien uE al:
zulx Jammoderum mondeling konde aen„
diend
zeggen en ten dien fine doet uE: wel gelegent„
heid tesoeken hem eens te ontmoeten en spree
ken dog zulx ook niet wel kunnende uit„
gesteld werden moet uE: wanneer daer
toe geen kans ziet maer tot het schrijven
direct overgaen, daer bij teffens hem Jamneno„
drumpulle ten kragtigsten vermanende en
bewegende om eens aftezien van sijne ima„
guiatien ten fine een hope gelds van dE:
Comp=e voor den prins te krijgen, alzooe
dE: Comp=e liever voor ruim zoveel kostens:
andere middelen bijden hand neemen zal
om"
NL-HaNA_1.04.02_3142_0407.xml,"2212.
om haar oogmerk te berijken.
kan voorts geenzints goedkeuren de door
uE: inconcept gebragte schuld ola van 6000
pagoden, als stuijdende met het eerste verdaag
met den Prins teruijm in bedraegen op dese
nog maar onderstellende verwagting van
goede uitwerking der zaken op Ceijlon bij
dies verschijn tot Colombo en al te klaer„
blijkt uitleverende als of men bijzonder
om dien prins verleegen en voorneemens is
geen geld te ontzien, indiervoegen dat Jam
moderumpulle reets selfs tot 10000 pag:„
gestijgerd, die somhaest weeder vergrooten
beau tot het 20'000. tal, hoe veel gezegt
word dat met de Batavier daer aen„
gebragt zoude zijn, Ja mogelijk zelfs
tot nog meerder.
Ben ook nog genoodzaekt uE: op het alder„
laaste Ja ook ten scheryste te recomman
deeren met dier gelijke berigten nooijt meer
zodanig te traiceeren, maer op ieder
voorval ten eersten te schrijven, schoon
selfs maer met 23. regels op dat daadlijk
ud:
en"
NL-HaNA_1.04.02_3142_0408.xml,"uE: met de noodige ordres kan voorzien
en indiervoegen Continueeren als onder„
„stond uE: Goeden vriend /:getekend. /. G: devos
in margine Tutukorijn den 22. ' Julij 1765.
/:onderstond:/ Accordeert was getekend:/
H: J: Jde E: g: Clercq.
Tutucorijn
Aan den E: Gebiedende Heer
den E: Gebiedende Heer Gerrit devos
Koopman en opperhoofd der Matureese Cust
E: Gebiedende Heer
Na het afgaan van mijne laatste Eer„
biedige gedateert „ dezer uw E: gebiedende
arnaatje met een ola voor Jamoetanam
pulle hier gekomen en mij aengebragt
zijnde uw E: gebiedende g'eerde van den
30: Courant dewelke mij van de komste
des smalschip de Batavier ende dit heen
sending van een duijzent vijfhondert
pagooden verwittigde liet den Candiaes
prins daer van ampel adverteeren
dewelke desselfs sendeling de Appoe Bijk
bi"
NL-HaNA_1.04.02_3142_0409.xml,"2213.
bij mij sond met instantie de ola niet na
het Hof te zenden ten eijnde het hof geen al
te groot denkbeeld tegeeven van deszelfs
beroep na Ceijlon, ten eijnde voor te komen
dat het geldsugtige Hof geen grooten pre„
tenzies maekte, temeer om dat voor 3000.
„hadde
ad=s bereeds gecontracteerd sijn vrijheid om
dit heen tekomen te sullen obtineeren ik
hem daer op voorhoudende wat versekering
hij hadde, in dien deeze 3000. rd=s nu eens
aan hem terhand gesteld wierden, en hij de
somma aan het Hof en dies ministers be„
taelde, dat hem dan zoude gepermitteerd
worden dit heen tekomen zo antwoorde de„
zelve daer over bereeds te hebben gesprooken
teweeten dat vier Hots grooten teffens met
hem souden hier komen, in welkers prezentie
het soude gecontracteerd en door hun door
ala gecertificeerd worden, sulks goed ge„
vonden hebbende is dezelve na het ontfangen
van vijfhondert rd=s, die dezelve verzogte
tot eenige noodwendigheeden van noden
tehebben vertrokken, na verloop van twee
dagen weer terug komende bedeelde hij
in"
NL-HaNA_1.04.02_3142_0410.xml,"in het dit heen komen van vier hofs grooten
niet te hebben kunnen slagen maer over een
gekomen sijnde dat de twee duijzent Rd=s
te Jripolanij aan seker hem daer op houdende
afkomeling de oude Madureese vorsten door mij„
ne bediendens soude worden ter hand gesteld en
door den zelven aan de armane wanneer de
Prins hier g'arriveert was maar dat die aen
de Hofs Grooten belofte een duijsent rd=s te Ram
menadewaram, wanneer de prins het Hof
verlies moesten uitgekeert worden om reeden
deeze laatste geen betrekking tot de reecq vande
armone kan hebben mitsgaders dat Jammoeta„
„ampulle aan den prins gezegd soude hebben
wel verzekeerd te zijn dat hij de wettige Erfgenaem
des Candiasen troon was en ook daer op soude
komen wat voor groote beloften hem door den
verdreeven kandiaas koning gedaen, die hij al„
le over 't hoofd gezien hadde, vertrouwende
dat hij thans tot de regeering komende daervoog
zoude, erkentlijk weezen en pretendeerende boo0„
pagooden
p=s de prins offereerende een obligatie te geeven
te
deeze Causelien wees zulx af, maer proponeer
de mij te persuadeeren sulx een obligatie te
verleenen dat zijn hoogheid dan nog den eijgenste
avond van Rammenadewaram stond te
vertrekken en den nagt hier te arriveeren,
bedeelende."
NL-HaNA_1.04.02_3142_0411.xml,"2214.
bedeelende met eenen hoe de sikkelse Naeijk
vijf en twintig gewapende Mannen te Ramme„
nadewaram gezonden om den Prins bij zijn
versoek en dit heen koning van kant tehelpen
dat dezelven ter ordre van het wel van
Rammienadewaram waaren verdreeven hun
egter in de bossen verschuijlden ten einde Hun
oogmerk uittevoeren verzoekende dus de nodige
volkeren om zijn hoogheid te secureeren ik
les
hebbe immediaet twee duijsent rd=rs in
handen van uwE: Gebiedende arraetje en mij„
uw bediendens gesteld ten eijnde bij gerex„
ten Madurees vorst en bewaering gegee„
ven teworden en Eeen duijzent rd=s aan hem
laeten ter hand stellen. om syne beloften
aan de HofsGrooten te kunnen voldoen mits„
gaders de noodige Lascarijns gegeeven ten
sekureering van zijn Hoogheids perzoon te
gens de ondernemingen der volkaren
van den sikkelsen Naaijk en ik hield: mij
zelven gereed so haast sijn Hoogheid Ram
menadewaram soude verlaaten en waar
van door de mijnen moeste verwittigt
worden sijn hoogheid selven tegemoed te gaen
met een corporaal en ses gemeene Mili„
tairen en daarmede alles wat noodig en
hier"
NL-HaNA_1.04.02_3142_0412.xml,"hier vooren hebbende doen vertrekken wagte dien
heelen nagt maar tevergeefs kreeg door demijnen
tijding dat den puins niet vertrokken maer nog
aangehouden bleef ik ging 's daags daer den sel„
ver na Jnipolanij aldaar uwE: Gebiedende
arraatje en mijne bediendens vindende soud de
zelven bij den meergem: madureas vorst met
na de tandance des prins en vertreks te ver„
neemen kreeg ten andwoord dat Jammoeta„
rampulle aan zijne bediendens die door hem
wegens deeze affaire na het Hoff gezonden
hadde, hadde laeten weeten dat sijn hoogheids
vertrek op morgen sijnde den 13. ' deser
vast gesteld was, en alleen getardeert had
de om dat de voorige dagen volgens heijden„
ze stelling niet goed om dit heen tekomen
geweest waaren maar morgen dog goed
en gelukkig sijnde stond sijn hoogheid te
vertrekken in het selve moment dat dit
antwoord ontfing quam een bedienden
van zijn Hoogheid selve gesonden mij het
zelve van zijn Hoogheids wegen seggen ik
laat zijn hoogheid andwoorden en op het
serieuste en kragtigste recommandee
ven hem aan sulke beuselingen in deese
siid"
NL-HaNA_1.04.02_3142_0413.xml,"2215
sijne presente tijds omstandigheeden niet
te kreunen maar hoe eer hoe liever
een Hof teverlaeten opwelkers schijn
toonlijke beloften hij hem nooijt kan
verlaeten en waer aen hij altijd zoude
zijn met bijvoeging dat er wel een
chialoup om hem aftehaelen gekomen
was maer dat deeze hier niet lan„
ge kon blijven weegens alderhande
gevaer in deese moussong daer voor
zijnde dus dat sijn hoogheids vertrek
op Morgen niet geschiede de Chialoup
weer zoude moeten terug senden on„
der tussen hadde een obligatie en ge„
reedheid laaten brengen en meede
aen den Madurees vorst laeten
verthoonen die dan ook wel bevonden
nee
was en waar van de Copia
de"
NL-HaNA_1.04.02_3142_0414.xml,"Naik 10000. gepresenteerd hadde
binnen thien dagen te geeven in
dien de prins nog thien dagen
aangehouden wierden.
Sw E: gebiedende Arraetje van
alles geinformeerd zijnde
hebbe daer op met uw E: Gebied:
ola na 't Hof gesonden en
hem de noodige Instruc„
gegeeven de zelve is
ties
aldaer gearriveert en tot
als nog met beuzelingen
opgehouden.
-"
NL-HaNA_1.04.02_3142_0415.xml,"2217.
'T welk een en ander de eere hebbe uw E: geb:e
met de meeste verschuldigdheid te Commu„
niceeren en deezen met de eerbiedigste hoog
agting te onderschrijven /:onderstond:/ E:
Gebiedende Heer uw E: Gebiedende onderdae„
nige en gehoorzame dienaer getekend/
H: W: A: Keunman /:in margine Kilkare
den 19=e Julij Anno 1765. /:lager:/: P: S: Tamoe
tarampulle heeft mij laaten weeten hoe den
16. dezer aan de oesterspruijt stond te komen
tot het pleegen van eenige Heijdenze Cere„
monien en mij laeten verzoeken daer
bij hem tekomen ik was daer toe gere„
solveerd de 16. quam aan deese plaats de
theuwer met sijn moeder en eenige Hofs
grooten sijn daar gekomen maer sommoe
tarampulle niet gekomen sijnde bij gevolg
ik ook niet, hebbe hem door uwE: gebied:
arraetje laeten seggen van selfs voor
een uur of twee op Rammenadewaram
tewillen komen ten eijnde hem mondeling
te spreeken hij heeft g'antwoord mij te
sullen laeten antwoorden, hebbe al egter
tot nog geen antwoord ontfangen /:ondlag
stond accordeert /:was getekend:/ H: J: ide
Eg: Clercq
Aaen"
NL-HaNA_1.04.02_3142_0416.xml,"Van als wooren. Aan de Eeilonsche Regeering
zo even net het willen afdepecheeren vande
Chialoup sunda Erlang ik eijndelijk tot
hartsvreugde de zo zeer verlangde tijding
van kilkare dat den Candiazen prins opeer„
gisteren en de logie aldaer verscheenen en op
dat selfde eament gereed was met den
resident Keunman per het smalschip
de Batavier de reijse derwaerts te onder„
neemen waar aen ik een goed gevolg en geen
minder gelukkig succes van Herten toewen„
sche aan het oogmerk uwer Edele agtbare
waermede desen prins na Costij geroepen is en
dat het selve stuckken mag tot eene merkelij„
ke en overwenscheijke bevordering van 't be„
lang der Edele Maetschap pije ten eilande Ceilon
Waermede de Eere heb met verschuldigde Hoogagting
/:onderstond:/ als vooren getekend.
te blijven
G:t Devos /:in margine:/ Tutukorijn den 30
julij anno 1765.
Aan als vooren
Eijndelijk hebben mijne pogingen na heen
wens. een gedesidereerd succes erlangt,
zijnde den Candiazen Prins gelukkig de
heb zugtige klaauwen van het Ramme„
nadewarans Hoff ontkomen, dat moge„
„lijk"
NL-HaNA_1.04.02_3142_0417.xml,"2218.
„lijk bereeds gemerkt heeft dat de geexcogiteerde
geld aanbieding van den sickeesen Naijk geen
steek konde houden zijn hoogheid is den 28.:'
Julij Jongstleeden te Kilkare gearriveert door
den resident Keuman verseld van 1. Corporael
en 6. soldaeten halverweegs tripolanij of van
kanselankoedi afgehaalt door een dubbelt
ranquet Militairen binnen delogie geleijd en
daar ver welkomt onder het losbranden van
de bassen aldaer tevinden tot 11. schooten toe
hoewel den prins daermede te onvreede scheen
en daer van blijk gaf door de vraag ofer
geen kruijt meer op kilkare was, waer
op keunman toepasselijk excuis gemaekt
hebbende is zijn hoogheid onder gelijke statie
na boort van brenger dezes gebragt ne„
vens drie bij sig hebbende vrouwen, waer
van de Eene desselfs grootmoeder zoude
weezen en een suite tot omtrent 40 kop„
pen komende dus met dit Bodantje
den 31. snamiddags op de tutukorijnse
rheede wel Contrarie de geExpedieerde
ordre om direct derwaerts te steevenen
maar gepersuadeert door den Prins
die noodsakelijk voor sijne gesondheid
oordeelde.
en
g
„
„"
NL-HaNA_1.04.02_3142_0418.xml,"oordeelde van temoeten wassen, waer toe hij
selfs al op het verswaters Eijland aan
land wilde stappen, dog daar van door
keunman uit eenige bedugting gediver„
teert is. En dewijl het smalschip zijn an„
ken druipen laatende, dese vesting met 9.
schooten salueerde, heb ik het selve met ge„
lijke schooten van hier doen bedanken
en den resident keurman heeft den prins
bewogen dien nagt op het hazen Eijland
tevertoeven, alzo Hij wel wist dat men
alhier niets klaer tot de receptie had,
dus dan het nodige daer toe gesteld wee„
zende is hij gisteren middag afgehaeld
door de politicque leden Erfzon en voorm:
Keunman met den sekretaris Trek op
het zee Hoofd door de meede leeden den
pakhuijsmeester De Roth en fiscael van der
wall gerecipieert en nader binnen de water
poort door mij met de overige leeden en
gequalificeerde scheepsvrienden verwelle komt
en dus geconduiseert na mijn woon pab„
seerende door een dubbeld rancquet sipais
van het zee hoofd tot aen de poort en
door
vervolgens do
militairen, dewelke
na.
-"
NL-HaNA_1.04.02_3142_0419.xml,"2219
na de binnen komst drie Chargies hebben
gedaen ieder agtervolgt van een Canan schoot
en vervolgens tot 21. d=o hebbende den
prins aan mij vereerd.
2: rollen bengaelse kakatoe stoffen
1. do suratse Roode stof met goude bloemtjes
door keumaan Expresselijk alhier hebbende lae
ten opdoen. —
Het welk geaccepteert een overschillig dis„
cours met hem gevoert een apartement in
mijn woon of een ander huijs binnen dit
fort dan wel een d=o eeven buiten het sel„
ve ter logies gepresenteert het laatste
voor het beste als een afgesondert ver„
blijv gekosen, voorts met rosewater be„
sprengt en een geschenk van
2. Rollen goude suratse bodidaers
do
2. „ silvere d=o
1. lb: Caneel
1. „ foelij
1. „ Nagulen
1. „ nooten en
2. „ flessen Rozewater
aangeboden hebbende is sijn hoogheijd gaen
intrekken in gem: schielijk opgeschikt
groot moors huijs vergeseschapt
van de gecommitteerde leden en secretar:s
dewelke
tt"
NL-HaNA_1.04.02_3142_0420.xml,"dewelke denzelve hebben afgehaalt nevens 1. Cor„
poraal en 6. gemeene Europeese Militairen
mitsgaders 1. Corporael en 12. gemeenen sipais„
dewelke teffens als een wagt aan die wooning
gesteld zijn, reverteerende vervoegens de gecommit„
teerdens met het Rapport dat zijn hoogheid veel
genoegen in de receptie en gemelte woonhuijs
genomen, de leeden en secretaris ook ieder met
een rol stof beschonken en aan mij had
doen weeten van op heden wat te sullen uit
rusten en wassen op morgen bij mij te
willen weder komen om ouvertures van
desselfs gevallen te doen en dat dus overmon
gen ogtend klaar zoude zijn, na boord
tegaen.
Dog middelerwijlen liet den prins inden
avond selfs mij weeten van een bood
schap en waarschouwing te hebben gekree„
gen van Rammenadewaram dat hij
voor zijn perzoon alhier goede sorge
moesten dragen om reden de giften aen het
Hof en Jammodrumpulle gedaen be„
kent en verspreidt geraekt zijnde eenig
moeijlijkheid ook van weegen den Na„
„bab"
NL-HaNA_1.04.02_3142_0421.xml,"2220.
bab of Engelsen om meede wat te hebben zoude
C.
kunnen toegebragt werden des ik verzekert sijnde
van het verlangen van uw wel Edele agtbare
om den prins a costij tesien aankomen daar bij
voegende dat ik nog gevaarlijken bericht bekeo„
men had eeven of er reets selfs volkeren aan sir„
inwvelko op weg waeren tot voorkoming teffens
y.
van alle brouiljerijen zijn hoogheid door keun
ii
man heb doen aanraden van selfs toen ten
eersten tevertrekken 't welk dan ook van
dat gelukkig gevolg geweest is dat sijn hoog„
heid: daadlijk daer toe resolveerde en teffens
intusschen gewassen en gegeten hebbende snagts
18,
ten drie uuren gereed is geweest na boord te
gaen gelijk ook geschied is door mij en alle de
politicque leden Excepto den wagthebbende
officier nevens de gequalificeerde scheepsvrinden
afgehaeld en tot aende thonij uitgeleijd om
de militairen solaet inu de nagt niet in
wapen tedoen komen dog egter onder alle
inlandse musiken en ceremonien en het
doen van 21. Canonschooten terwijl den
stapte dewelke mij en
prins in de tonij
de overige vrienden mede selft met rose„
water besprengt en alle vrindelijkheid be„
heeft wordende door deselfde gecommit
toont
teerdens en secretaris naboord begeleedt
dus
32"
NL-HaNA_1.04.02_3142_0422.xml,"Ons is het smalschip heden morgen met den Can„
diasen Prins en sijn gevolg nevens den resident
Keunman onder het doen van 11. schooten met
7.
gelijke van hier bedankt zijnde vertrokken
verseld van mijnen harten wensch dat godt
de voor en onderneemingen van uw Edele
achtbare gelieve te bekroonen met desiderable
uit komsten
Onderwijlen leeve ik in het vertrouwen dat de
voorm: receptie uw Edele agtbare na ge„
noegen zal zijn weesende bij mij temeer gedaen
om den inlander hier en in de buurt ne„
vens derselver g'allieerden favorabele denk
Lauuwe
beelden van dE: Comp:e inte boesenen en haer
Ed=e gedugt temaeken
Terwijl desen na Manapaar sendende ter over„
making met meerm: smalschip om dat den
prins aldaer van meerder drinkwater
door eige volk besorgt sig had willen
laten voorzien overigens de Eerd hebbe
met schuldige hoog agting te blijven
Edele Agtbaere Gebiedende Heeren Uw
Edele agtbare onderdanige en gehoor„
„ zau."
NL-HaNA_1.04.02_3142_0423.xml,"2221
zame dienaer /was Getekend:/ G=t De vos
in margine:/ Tutukorijn den 2. Augustus
Colombo.
Aan den wel Edelen Gestrengen Heer
M„r Iman willem Falck:
Gouverneur en Directeur van het Eijland
Ceilon met dies onderhorigheeden Nevens
DE: Leeden van het geheime Committe Aldaer.
Wel Edele Gestrenge Hoog Gebiedende
Heere.
Den Kilkareesen secunde scherf heeft mij bij
brieve van den 7:' dezer bedeelt dat de sende„
lingen van den Candiazen gedetroneerden
koning vermeld bij mijnen Jongsten eerbie
digen van den 4. bevoorens aen het Mar„
ruas Hof gekomen en door Tammoderum
pulle polites onthaalt waeren item dat
deeze sendelingen hulpstroupen tegens
dE: CComp=e verzogt hebbende dien Cancelier
hen juijst niet van de hand geweesen maer
van een ola voorzien had waermede
Muij
t
able
1765. —."
NL-HaNA_1.04.02_3142_0424.xml,"sij neevens de bediendens van Tammoderum„
pulle na den Tansjourssen vorst vertrokken
waeren moetende en passant van Cracoer
nog meede neemen zekeren weelazarie een
Carigaer van ged=e cancellier die sig aldaer
bevind
Jk heb ged=e secunde gelast daer van en van
alle het geene hij verder zal komnen te
verneemen telkens ten eersten de Manaerse
ministers kennis te geeven op dat de bekruij„
zing aan die zijde met ernst voortgezet
en net kragt alleen overvaert na de
ceilonse wal tegen gegaen zoude kunnen
werden gelijk dat van de zijde van kilkare
ook zal worden betaagt of schoon egter
denke dat den thansjaur, dan wel den theuve
in 't bijzonder ofte beijde gecombineert in„
sonderheid tans dat 's comp=s waxen op Ceilon
door Godts goedheid van gelukkige uitwer„
king is niet treeden zullen om eenig aen„
slag tegen haer Ed=e temaeken.
Noeme mij voor het overige met de alderuitten„
ste eerbied /:onderstond:/ wel Edele gestren„
ge Hoog Gebiedende Heere enwel Edele Gestrent
„ge"
NL-HaNA_1.04.02_3142_0425.xml,"2222.
„ge onderdaanige en gehoorzame Dienaere
/: was getekend:/ G: De Vos /:in margine:/
Tutukorijn den 11:' 7ber: Anno 1765:
door twee kilkareese Laskorijns noordwaerts
opgezonden om naer nieuws teverneemen
bij retour gerelateerd sijnde dat se op
Naver hadden gehoort dat den 20: ' Iulij
Jongstleeden van ceilon aldaer aangekomen
was een inlands vaertuijg mede brengende
2. Moorse priesters voorzien van een goede
quantiteit geld en Juweelen dat bij recherche
der Jansjaaurse onderdanen of Bediend=s
te Waver wie deese leeden eigentlijk wa„
ren sij bekend hadden afsendelingen te
sijn van den Candiasen gedetroneerden ko„
ning om aen het Hof van den Tansjourseen
of aan dat van Rammenadewarane dan
wel bij den Tritchene palijsen Nawab
Mahometh Dillijchan voor den meede ge„
bragten en nog te verwagten rijkdom te„
bewerken hulpstrouwen teverkrijgen ter
Emploij tegens dE: Comp=e op ceilon dat de
Jaussaaursen te Naaer deese lieden strap
Aan als vooren.
geapprehendeert."
NL-HaNA_1.04.02_3142_0426.xml,"geagprehendeert en daer van aen hunnen
vorst kennis gezonden hadden en dus daer
op nog ordre verwagtende was so neeme
de vrijheid uwel Edele gestrenge sulx nedrigst
ter kennis te baengen insgelijks dat van het
gerugt dat den Candiazen Prins Moetoe Chi„
oepa Warresinga Andeweer van wegen
„alhier
gem: Nawab op de Engelsen „ opgesogt en in
zijn reijsera costij belet soude worden niets
geworden en ook dientweegen sedert niets
vernoomen is, onder submisse aanbieding
voorts van een translaet Relaes door het
arraatje Moettoe gedaen wegens zijne
verrigtingen aan het Rammenadewarands
Hof of eigentlijk bij den albeschik van het
selve Jammadrumpulle aan wien hij geen
andere bescheid mede gebragt heeft als dat
mijne ola wegens voorsz: Candiaazen Priens
soude beandwoord worden dus ik teffens
op sijn tijd de gelegentheid waergenomen
het om op het verzoek dat hij Jammode„
rum, tot kilkare heeft laeten doen om
van mij voor het kostende te Eisschen
2. rollen rood een rol blaauw en een roe
groen"
NL-HaNA_1.04.02_3142_0427.xml,"2223
groen fluweel item twee rollen damast moge„
lijk op de verbeelding van dat een en ander
voor de dier verkreegend vrijheid van meerm:
Kandiasen Prins tot een toegift te sullen er„
langen aan hem telaeten andwoorden dat
wijnig reden vinde om hem Jammadaum
pulle eenig plaisier tedoen om dat hij niet
eens geantwoord had op mijn voorsz: ola
maar dat ik al egter den selve met de ver„
zogte stoffen voor het kostende ingevalle
mogelijk soude hebben willen gerieven
dog daer toe niet in staat was mits on„
stentenisse en dat de hier gelegen hebbende
baerse scheepen die de selve nog te koop
souden gehad hebben bereeds vertrokken
waaren hebbende op den selfde stond
dat deesen brief na kilkare afgevaer„
digd was ofte op den 24. ' aug„o Jongst
verweeken van Tammoderumpulle ont„
vangen sodanige antwoord ola als dies
nevens leggende Copia translaet uitwijst
en waer bij deezen listigen albeschik sijn
inclinatie om met dE: Comp:e in goed ver„
stand te leeven en de uitlevering van dik
gerexte"
NL-HaNA_1.04.02_3142_0428.xml,"gerepte Candiasen prins die hij op Rammena„
dewaram aangehouden gehad heeft breed uit
meet.
waarmede de eere hebbe mij met verschuldigde
Hoog agting tenoemen /:onderstond:/ als vooren
getekend G: devos /:in margine:/ Tutukorijn den
4. ' xber:e Anno 1765. —.
Aan als vooren.
Ten vervolge van het bedeelde bij submissie lette
nen van den 4. en 11. heijus van welke eerste
het duplicaet dezen verzeld en de laetste per
de chialoup destandvastigheid over Gale afge„
vaerdigt hebbe de Eere uwel Edele Gestrenge
nedrigst ter kennisse tebrengen dat volgens
kilkareese berigten een adigaer genaemt
Palkom oedeaer met twee bediendens
van den gedetroneerden Candiasen koning
den 8:' Courant van de tanssaourse rijse
te sanderamepatnam en den 12:' aen het
Marruas Hof geretourneert aldaer be„
leefdelijk onthaalt binnen het fort een
logiement toegevoegt en ook met Jam„
modium-pulle in een bijzonder Nagt
gesprek geweest is buijten imand der
overige"
NL-HaNA_1.04.02_3142_0429.xml,"2224.
overige hovelingen zonder dat men tot nog
kan weeten wat het selve behelft en dat
den 15. gem: adigaer met eenig gevolg van
Jammoderum pulle sig na den sikkelsen
Naeik begeeven had ten einde hem teffens
bij Jammodium pulle tebrengen wordende
gesustineert dat deezen listigen Jammode„
rumpulle voorneemens zoude zijn meerm:
Palkoe oedeaar adigaer niet hulpstrou„
pen tevoorzien en dezelve telaeten over vae„
ren na Pesale en Salemanaer item na
de bagt van Moedenpatte en Jllipacare
dog of schoon dit een gelijke gerugt is
als in voorgaende tijden waer van egter
geen gevolg gevonden word egter het seker„
ste tragtende te ontoekken neeme overi„
gens de vrijheijd met de diepste eerbied
en hoog agting te blijven. /:onderstond/
als vooren /:getekend:/ G: De Vos /:en mar„
gine:/ Tutuk orijn den 21.:' 7ber: Anno
1765.
Aan.
na„
i"
NL-HaNA_1.04.02_3142_0430.xml,"Van Als vooren.
wij hebben de eere uw wel Edele Gestr: in eer„
bied ter kennis te brengen dat den 21. –. –.
courant den kommandant van Paleam
Daniel frischman aldaer van zijne reijze
na Madure geretourneerd en vervolgens
nevens den capitain en Commandant
van Callotto Humpher Harper den Com„
missaris of Cassier van Tritchenepalij char„
les floijer en den inwoonder van Madaas
charles Smit met de huijsvrouw van gem:
Commissaris flaijer den 25. –. alhier aen
een zeelugtje tescheppen aangekomen
en op gisteren weder vertrokken mitsga„
ders den 23. bevorens op pannecail is
komen opdagen een Engels der serteur uit
voorsz: fort van Paleam zijnde genaemt
William Taijlor en geweest gemeen milig
tair die bij aanbreng alhier om Hem
niet in het oog der voorm: Engelsen
te doen loopen ten eersten na het Eijland
Alelande gesonden is en thans met brengen
ster deses overvaert
voor"
NL-HaNA_1.04.02_3142_0431.xml,"2225
voor het overige wij met veel veneratie en
hoog agting. /:onderstond:/ als vooren /:getekend/
G: de vos, A: van der wall, H: I: famelaut
J: Pafzon, J: De Roth A: v: Nes, C:l flurke
H: W: A: Keunman, G: W: Jaek, J: H: Muller
en F Danman /:in margine:/ Tutuko„
rijn den 28:' 7ber: Anno 1765.
Aan als Vooren.
den omswervenden gezant van den gedetro„
neerden Candiasen koning die volgens het J=o
bedeelde na den sickelsen Naik sig begeeven
had aldaer eenige goudwerken hebbende
laaten maken is daermede den 5. deeser
in gezelschap van evengemelte siekelsen
Naick ten offer gegaen bij den Albeschik
van het Marruas Rijk Jammoderum
Pulle derwelke op den ontvangt van die
sacrificie sig had laeten moveeren om op
de aenhouding van dien Envoi ten fine
Jegens een recompens van 30000. rd=s daer van
de eene helfte voor en de andere na dat
die troupen gereed zouden zijn aftegeeven
8. a 10'000. warkarras voor een betaling
van 4. pag: ieder smaands en een maend
belaning
„"
NL-HaNA_1.04.02_3142_0432.xml,"beloning voor uit teleeveren hem sendeling
onder het contra geschenk van een pa„
lenquei te beloven van sig dierwegens
nader tezullen bedenken schrijvende onder„
tusschen een ola aen den Jansjoursen vorst
zonder dat men tot nog toe weet wat den
inhoud daer van zij hoewel egter ook het
spargement daer is dat van Jansjaaur
eenige vaertuijgen op Tewiepatnam zou„
den komen ter afhael en overbaeng deser
volkeren volgens ontfangen berigt van
Kilkare waer van den eersten resident keunne„
man dus door mij ernstig gelast daerna
op de secuurste wijse sig nader te infor„
meeren en so ja bij Jammoderum pulle
op de kragtdadigste wijse te protesteeren
tegens alle diergelijke entreprises Jegens
dE: komp=e en voorts van het vooren„
staende en het geen hij verder dien aen„
gaende verneemen mogte illico aen uwel
Ed=e gestrenge en het Manaers ministerie
kennis te geeven en door de kruijsers thand
bestaende in de pantjalling de vrientschap
en"
NL-HaNA_1.04.02_3142_0433.xml,"2226.
en drie g'armeerde thonijs insonderheid tegens
voorsz: overvaert tedoen waken dog ook
dies getal nodig agtende temoeten vermeer„
dert en versterkt worden daer van ten
eerste kennis tegeeven om hem van hier
zo veel mogelijk tegemoed tekomen onder„
welke nedrige bekentmaking de vrijheid
gebruijke met diep ontzag en hoog agting
te blijven. /:onderstond:/ als vooren /:gete„
kend:/ G=t De vos /:in margine:/ Tutu„
Korijn den 10:' octob:r Anno 1765.e
Aan als vooren.
De netelige omstandigheden op kilkare we„
gens de verregaande stontmoedige ondernee„
ming van den albeschik van het Ramme„
nadewarams Hof Jammoderum pulle in
zonderheid omtrent de vordering der pennin„
gen die den na costij vertrockenen Candiazen
Prins aan hem belooft en waar voor den re„
sident keunman zich geinterponeert had
vinde mij verplicht uwel Edele gestrenge Eer
biedigst
el
ie
thans:
schap"
NL-HaNA_1.04.02_3142_0434.xml,"Eerbiedigst te vertoonen bij nevensleggende vier
Copia brieven van gemelde resident en de daer
op gepaste andwoorden verzeld van een copia
concept protest ola door mij na Rammena„
dewaram afgezonden al het welke vertrouwen
uwel Edele Gestrenge gunstige goedkeuring
te zullen mogen verdienen.
En alzo waarlijk het guarnisoen alhier swak
en sober gesteld is als hebbende maar 39.
effective dienst doende gemeene militairen
wegens het minder tal dan de bepaling bij
reglement tot 12. koppen en dat kilkare
ter plaatzing op de kruizers meerder
Manschap nodig heeft behalven dat van de
jongst aangekomene een bereeds overleeden
is en nog drie in het Hospitaal leggen
mitsgaders veele der overigen ook wegens
geswel als anderzints slecht uitzien zo
onderwinde mij onderdanigst te renoveeren
de gedaane Jnstantie bij submisse lette„
ven van den 4. 7ber: Jongstl: Om hulp
van Militairen tot zodanige getal en
voorziening
1"
NL-HaNA_1.04.02_3142_0435.xml,"2227.
voorziening als uwel Edele gestrenge naer hooge
wijsheijd zal gelieven goedt vinden
overigens hebbe de Eere met de diepste veneratie en
hoog achting te blijven onderstond/ als vooren
p:r De vos in margine Tutukorijn
getekend
den 30. 8ber: anno 1765. —.
w
Concept eener ola om door het
onder getekend Madurees opperhoofd
den koopman Gerrit devos onder dato
29:' october 1765. in de Mallabaersche
taale geschreeven teworden aan den
Rijks Canaellier Tammoderum pulle
Hofs Grooten die mids
en de verdere
de jongheid van zijn Ecellentie den
heer dhuuwer de zaaken aan het Man„
rias Hoff bestieren
do
Na voorgaande Complimsenteire
Jk had vrij veel gecijffert op de belofte van
Jammodenum Pulle aan mij in de maend
au gusto J:o Leeden bij een ola gedaen waer
by denzelven betuijgt heeft dat de vreede
en
ak
a"
NL-HaNA_1.04.02_3142_0436.xml,"en vriendschap tusschen dE: comp=e en het Ma
ruasche Hof nooit infractie lijden zal alz
hij niets diergelijks maar wel den aan„
groi van vreede en vriendschap behartigen
zoude en dat hij tot vergenoeging van dE:
Comp=e den prins van Candia waer voor
hij zelven en Jammodoum pulle heme uit„
gaven had laaten vertrekken maar be„
vinde nu tot mijn bijzonder leedweezen dat
ik dien bal zeer mis geslagen heb, want
ik ontvange deezer dagen tijding op tijding
dat gedagte Tammoderum Pulle bij Continuatie
van den kikkaresen Eersten resident keucie
man laat vorderen zodanige 8700. pa„
gooden als voormelde prins zoude be
looft en bij geschrifte verbonden hebben
aan Sammodoumpulle te betaalen en
waar voor gedagte keuneman hem als
borg gejnterponeert had ja dat deeze pre„
tensie directelijk particulier zijnde en
geenzints dE: Comp: Concerneerende
gepaart gaat van drijgementen en
movementen"
NL-HaNA_1.04.02_3142_0437.xml,"2228
movementen om 's Comp=s logie van kil„
hare te overrampelen denkende
dat haar Edele dit alles wel eens bevo„
vens zal passeeren zelfs van die verre
gaande Jnsolentien en bedrijgingen
treedende om te begeeren dat sE Comp=s
vlag in de Logie van zilkare waerende
zoude werden gestreeken en laatende
een Cheerwegaren met ses gemeenen
voor de logie van dE: logie aan dE: Comp
posteeren tot dat den resident keu
man het geld zal hebben voldaen. —
Jmmers is dit een volstrekte blijk dat
het Marruas Hoff dE: Comp=se noodzaakt
om zich tegens het zelve testellen en zulks
op het gevoeligste te doen treffen want de
schult gemaekt zijnde voor of van wegen
den prins, is hij in de Eerste plaatze zelfs
daar voor aanspreekelijk en nooit of op gee„
nerhande wijze dE: Comp=e tot die voldoening
gehouden nog minder billijk dat haer Edeles
logie Dienaaren als anderzints daer om
zodanig
t
ten"
NL-HaNA_1.04.02_3142_0438.xml,"zodanig aangetast en minachtig behandelt
worden behalven dat Tammodrum pulle zelfs
zeer kwalijk gedaan heeft dat hij een verkeer„
den perzoon als den rechten prins opgedischt
en dienvolgende een ander daer door misleijd
heeft en zal nog met diergelijke bondbreu„
kige onderneemingen gevaer lopen van de pre„
tensie op den prins tezien teniete gaan en
hoopeloos temaken tot herstelling te Eenigen tijd
Dus deeze pretensien van uE: of Jammo
drumpulle in het bijzonder op dE: Comp=e
en de daar op gevolgde onderneemingen
vijandelijk en bondbreukig zijnde teffens strek
kende tot declin van des E: Comp=s achting
en ontzach zoo Protesteere ik bij deezen
uit naame en van wegen haer Edele te„
gens al het geen bereeds zoodanig vijande„
lijk ondernoomen is en nog mogte onderno„
men worden met verzekeringe dat ik van
alle tot dus verre geExteerde Jnsolentien en
opsicht deezes Cesseeren en 's comp=s logie en
dienaeren gelijk bevorens geweest gesteld
en"
NL-HaNA_1.04.02_3142_0439.xml,"2229
en gelaeten worden aan mijnen Jllustren heere
Ceilanzen opper gebieder kennis zal geeven, ten
Einde zijn wel Edele groot achtbare staapmid„
delen benaemd om het Maruas Hoff dat alles
ten duursten te doen ontgeeden.
Piets van uE: diensten alhier zijnde schrijven mij zulks
aan onderstond:/ voor het Concent /:was Getekend
G=t Devos lager:/ Accordeert /:geteekend:/ G:
1v: soek P: secretar:s
Tutukorijn
Aan den E: Gebiedende heer
Gerrit
De Vos
Coopman en opperhoofd der Madureese Kuste
E: Gebiedende Heer!
Hebbe de Teero uw E: Geb: met de meeste ver„
schuldigheid te bedeelen den ontvangst van uw E:
geb: zeer gehonoreerde secreete van den 9. ' dezer
en voorts dat den 12: ' daar aan bij mij geko„
men is zeker zendeling van Rammenade„
Supermania Modeli
warane in naeme
uitz
N"
NL-HaNA_1.04.02_3142_0440.xml,"uit naam van Jammodrum Pulle zonder eenige
Ceremonie pretendeerende die weegens zaake des na
Kolambo geconvaieerden Prins per obligatie be„
lofte 8700. pagooden ik mij voor deszelfs komste
geinformeert hebbende na den zendeling en
verrigting des van Candia gekoomen Pal„
Komoedeaar en waar van uw E: gebiedende
hier na een behoorlijk verslag de eere zal heb
ben tedoen zo andwoorde aan deezen zende„
ling slechts zijn aanzoek wel te hebben ver
staan mitsgaders dat ik Juijst bezig was een ola
aan Tammoetaram bulle te schrijven waer in dezen
Cancellier van alles wat nodig was zoude on„
der houden mitsgaders dat zulks ookemeteenen
tot andwoord op dit gedaen aanzoek zoude
verstrecken deeze zendeling daer op vraegende of
ik dat geldwilde betaalen dan niet andwoorde
hem dat Lammoetarampulle zulks uit mijn
aanhem te zendene Ola zoude kunnen ont
waeren, waermede deze zendeling dan zeer
mnaccontent vertrok den 13. ' dezer daer aen
zoud mijnen
arraatse na Bammenade
waram"
NL-HaNA_1.04.02_3142_0441.xml,"2230.
waram met een ola, waer van het Concept dezen
in alle eerbied verzeld onder hooge dat dies in„
houd door uE: gebiedende mag gunstig geappro
beert werden, Mijn arraatje nu met deeze
ola te kammenadewaram komende heeft
Jammoetarampulle dezelve niet willen
accepteeren en leezen hoewel de arraetse
uit eigen motieves dezelve in twee dagen
eenige maale gepresenteert en om dies
accepteering maer vrugteloos aengehouden
tot dat die Cancellier ordre gegeven den
arraatje niet meer binnen en bij hem te
laaten koomen, wanneer de arraatse mij
daer van liet verslagh doen met verzoek
om mijne ordres in hoocasu dewelke hem
stante pedezond teweeten met de ola te
retourneeren 't welk ook geschiede, vermids
oordeelde of sComp=s respect zoude veel
lijden indien mijne ola bestelders ten eene
mael om met deeze ministers nalie„
pen temeer dat dezelve in prezentie
van het geheele Hof meer als eens gewijgert
mijn
een
aen
nade"
NL-HaNA_1.04.02_3142_0442.xml,"mijn schrijven te accepteeren 's daags daer
aan liet Tammoetaram pulle 500. gewae„
pende mannen klaar maken onder Com
mando van een Ramelingen Pulle, ten
einde dit heen gezonden tewerden om deeze
pretentie met macht tedoen stand grij„
pen, egter door zeker ander Hoveling naa„
neus wellasaire van die onderneeming
afgeraden zijnde is deese laastgenoemde gister
morgen bij mij gekoomen en beleefdelijk
na uwE: gebiedende welstand gevraagd
te hebben vroeg dezelve meede om voor
gerepte pagoden hem daer op andwoorden
de dat voor eenige dagen in een ola aen
Tammoetaram pulle daer over geschreeven
zoo meede over andere nodige affaires
maar dat Jammoetarampulle hem
niet verwaardigt haddemijne ola
aanteneemen en dies inhoud verstaen
en integendeel dezelve weer terug laeten
komen Een zaek die nooit gebeurt was
en tot disreputatie van Haer Edelens
staekteend"
NL-HaNA_1.04.02_3142_0443.xml,"2231
strekkende ik mij genoodzaakt gevonden
daar van kennisse aan mijne hogere gebeeders
te geeven dus mij niet inlaaten kan tot het
geeven van een andwoord voor en al eer op mij„
ne advijsen ordres en andwoord ontfangen
hadde en hier over een tijd lang over ens we„
der geredeneert hebbende waar in niet welk
van deeze andwoord hield hem voor wat of
Jammodaum pulle wel oordeelde en van dE:
Comp=e meende teverwachten, dat dezelve
in mijn absentie niet alleen zendeling van
sE Comp: publicque vijand den verdreeven
Candiaas koning aan het Rammena de
warams Hof geaccepteert hadde / maer
ook nog aanhield en hoope tot het verlee„
nen van hulpe, gaf, Ja ten dien fine zo
gaar toebereijd zelen maakte, dat zulks dingen
waaren die hen Tammortaram Pulle in het geheel
niet betaamden uit Consideratie den onder„
linge verbandenen Contracten successive tus„
schen de nobele Comp=e en het Rammenade
warams tof geslooten mitsgaders dat Jam„
„moetarampulle
aer
Com
d
ee"
NL-HaNA_1.04.02_3142_0444.xml,"moetanampulle zulke zendelingen aen
het Hof in het geheel niet hadde moeten
gedoogen veel min gehoor en hoope tot
bijstand geeven egter zulks nu geschied zijn
de en hij wel wiede doen gelijk het aen
een bondgenoot van dE: Comp=e betaamde
deeze zendeling aan dE: Comp=s overgeeven / waer
op wellasarie breedvoerig vertoonde hoe het
de intentie van tammoetarampulles niet
was om eenige hulpe aan dezen zendeling
van den Candiazen koning toetestaen en
dat men daar de blijken van zoude kunnen
ontwaaren mitsgaders dat gerepte geld door
mij aan de armane beloofden ten dien fine
obligatoire olassen gepasseert waeren / dat
dat geld moeste betaald worden dan wel
of mij liever in verwijdering met de armane
wilde storten hier op antwoorde wat mij
aanginge in geene brouillerijen met de
armane te zullen geraaken mitsgaders
dat hem geen ander andwoord geeven kan
en te geeven hadde als die hem bereeds. ge„
„geven"
NL-HaNA_1.04.02_3142_0445.xml,"2232.
geven teweeten geene andwoord te kunnen
verleenen voor dat op mijne advijsen and„
woord en ordres bekomen hier op andwoorde
hij mij weer om dat ik maar ter obtineering
van eene groote naam en fortuir getracht
hadde dien perzoon dien ik na Colombo ge„
convoieert uithanden van de armane te
krijgen dus mijne pogingen ten dien fine aen„
gewent zonder intentie mijne beloften
te voldoen en wat „ ik van meening was in
verwijdering met de Armane te geraeken
of neen hem hier op andwoordende, zo liet
het Eerste poinct als ongemerkt passeeren en
respondeerde maer eenelyk op het laatste dat het
'sE: Comp:s gewoonte niet was verwijderinge te
zoeken en dat ik vertrouwde Jammotaram bul=
le zoude bedagtzaam en voorzigtig zijn van gee„
„ne met dE: komp=e te zoeken en aantevangen
alzo hem tevillen bekend was hoe duur dier„
gelijken affaire aen de armane altijd waeren
te staen gekomen, zomede dat ik bij na zeeven
Jaeren de Eers gehad haer Edele alhier als eerste
resident
ge„"
NL-HaNA_1.04.02_3142_0446.xml,"resident tedienen in welken tijd wel dik„
wils eenige differenten van Coamanees
kant waaren gereezen dewelke alegter gedui„
rig door minnelijke middelen waaren
weer bij gelegt en dat ik vertroude of zulks
zoude nu ook geschieden wanneer Jammoe
tarum pulle de: Comp=e maar eenig„
zints wilde believen omtrent de perzoon
door den van kandia verdruven koning
gezonden nu nog een tijd lang hier over
gesprooken hebbende verzochte deeze
wellasaire wij een wijnig alleen tespree„
ken hem daar op in mijn kamer no„
digende sijde dezelve hoe Tammodrum
pulle met de minste hulpe aan dezelve
zouden bewijzen dat hij daar voor zoude
borg blijven mitsgaders dat men daer
op gerust kan staat maaken Dus
dat geld tot voorkoming van alle
verwijdering te betaalen zeer noodig zou„
de zijn ik andwoorde hem als borg
in hoc Casu aanteneemen een zaek
te zijn."
NL-HaNA_1.04.02_3142_0447.xml,"2233.
tezijn die ik als belachelijk aan uE: ge„
biedende, met eens zoude durven bedeelen
mitsgaders dat dE: Comp=e een grooten blijk
van Jammoetaram pulles vriendschap zoude
ontvangen wanneer hij den Candiazen zendeling
in handen van Haer Edele wilde stellen, Wellesa„
„re zeide daer op dat zulks tot een groote
schande voor het Rammenadewarams Hof zoi„
de strekken maar dat hij zijn woord wilde
geeven deezen zendeling in mediaat met
zijn komste te ramenadewarane van
het Hof te doen vertrekken ik andwoorde
hoe mij de gewoonte van dat Hof ge„
noeg bekend was dat het zelve dezen
zendeling wel een dag kan doen ver„
trekken en den tweeden weerom laten
komen dus dat daar op geen staet temag„
daer
ken was, hij vroeg op indien nu eens deze
zendeling in handen van dE: Comp=e gesteld
wierde of men dan het geld zoude be„
„taalen en ik antwoorde, wanneer d'E:
Comp=e de welmeenentheijd van het
Hof zag en ik antwoord op mijne
advijsen.
zaek"
NL-HaNA_1.04.02_3142_0448.xml,"advijzen aan uE: gebiedende gedaan ont„
vangen hadde daar over te kunnen spree„
ken, hij misnoegt wordende andwoorde
den zendeling aan dE: Comp=e tejntrageere
was een zaak die niet kan geschieden
en voorts vragende wat andwoord aan
J ammoetarampulle zoude bedeelen zoe
andwoorde het geene tusschen ons verhan„
deld was, waermede hijdan ook ongeach
dat hem net zandel berieerde met be„
tel arreek een dubb:de en enk: arnozijn
mitstgaders 5–. rd=rs paddij regoleerde ma
Contant vertrok kort na zijn vertrek
ontving berigt van Rammenadewaran„
dat aldaer voorgem: 500= Man gereed
zijn om dit heen gezonden tewerden en
dat daarmede maar alleenlijk gewagt
werd na advijs van meer gem: evellasaaa
mitsgaders verstaat min daer van
dat de zendeling van des verdreeven
Candiaas Koning veele pogingen doet
om het Hof te beweegen tot hiet aflopen
der lagie volgens mijn veranderstelling
die"
NL-HaNA_1.04.02_3142_0449.xml,"2234
die alegter uE: geb: vrij prudenten gevoe„
len in alle eerbied onderwerpe om reeden
en dien het Rammenadewarams Hof
mogelijk niet tebewegen of niet in staat
is om eenige hulpe ten faveur van zij„
nen principael teverteenen dog door zulk
een geval haar Edele Eenige machten
dit heen zoude zenden en waer door
scomp:s krijgstraupen ten gemelden Ei„
„lende zouden verminderen
Nn niet kunnende voor uitzien tot wat
onderneming dat wispelturige Hof
zoude durven uitspatten zo in steere
op het zeerste mij te verzien met 100-
lb: buskruit 100. –. p=s gevulde ¾. –.
ponders kandoezen 12. bequaame ge„
weeren en een ontzet van het zij een
zergeant dan wel vigelant Corpor=l
met 12. gemeene militairen
Omtrent de perzoon van den Candias
zendeling zal de eere hebben uE: geb:te
op morgen nader te onderhouden terwijl
de eere hebbe mij met de volmaakste
eerbied
lopen
lling"
NL-HaNA_1.04.02_3142_0450.xml,"eerbied te onderschrijven /:onderstond:/
E: Gebiedende Heer uwel E: Gebiedende
Gehoorsame Dienaars /:getekend:/ H: W: A:
Keunman /:in margine:/ Kilkare
den 20:' ocktober Anno 1765. /:lager:/
P: S: het in desen gewaagd Concept ola
zal de Eere hebben uw E: gebiedende op
morgen aaatebieden /:onderstond:/ Ac„
cordeert /:was getekend:/ G: W: Jrek p=l se„
netaris.
Tutukorijn
Aan den E: Gebiedende Heer.
DE: Gebiedende heer Gerrit De Vos
Koopman en opperhoofd der custe Madure
E: Gebiedende Heer
Het sedert het afgaan van mijne submiissie
letteren van deesen morgen is de novo
bij mij gekomen die in mijn Jongste ge„
waagde welasare met deselfde pretensie
en men hier geinformeerd sijnde dat
„die bij mijne voorige gerepte 500 Man
nog gereed sijn om dit heen te koomen Jo„
hebbe"
NL-HaNA_1.04.02_3142_0451.xml,"2235
hebbe alle mogelijke poogingen gedaen om
denzelven met een draalend antwoord tepaeij
„en met hem voortehouden wat of Jama„
ter ampulle kan denken of DE: Comp:e hem
in prezente tijds omstandigheiden dat hij
met den van den verdreeven Candiaas koning
gesonden sendeling in onderhandeling was
van hulps benden ten diente van dien ko„
ning tevergaederen geld soude geeven, het
welk apperentelijk daer toe soude geen„
ploijeerd worden waar op Hij tragte te be„
tuijgen dat de armone met de minste hulpe
aan den selven soude geeven, beloovende met
eenen dien Candiaas sendeling in mediaet
van Rammenadewaram en uit het theuvers
gebied te doen vertrekken, dat ik van mijne
bediendens kan na Rammenadewaram
senden om oog getuijge daer van te zijn.
ik antwoorde om hem tepaaijen dat wan„
neer haar Edele den uitslag der affaire sag
over het geld te kunnen spreeken, Hij nu
absoluijt bij sijne pretensie Continueerende
op een manier, die na eenige Drijgementen
gelijkte"
NL-HaNA_1.04.02_3142_0452.xml,"gelijkte antwoorde aan den selven dat Jamor
„
tarampulle hem ten dien fine aan uw E: ge„
biedende 't zij per sendeling dan per olassen
addresseeren kan, week voorwerp hij ten eene
maal verwierp niet te antwoorden dat die
obligatie door mij verleend waaren dus door
mij ook moesten voldaen worden ik hem
wij
weer antwoordende bij een geld te zijn dus aeb„
solut moeste wagten tot dat antwoord van
uw E: gebiedende ontfangen hadde, waer mede
hij wijnig tevreeden was en verthoonende: dat
bij nan betaaling sekerlijk verwijderinge
te dugten waaren so antwoorde na Citeering
van diverze. onregtveerdigheiden door
Jammoetaram pulle aan dE: Comp=e bewee
sen dat deeze Cancelier principael uw
uw nodig soude hebben van haar Edele te„
believen met den gewaagden Candiaas sen„
deling inhanden van dE: Comp=e televeren
en voorts alle broullierijen met haer
Edele te vermijden alzo dE: Comp=e maer een
Enk: finger opligtende het heele marwasse
land kan doen trillen en beeven en
dat"
NL-HaNA_1.04.02_3142_0453.xml,"2236.
dat Tamoetaram Pulle sulks sekerlijk soude
moeten besuuren hij respondeerde dat d'E: Comp:e
sekerlijk groot en magtig was en de armane
daar en tegen niet meer gelijk voor heen
maar nu ten eenemael van geld ontblood
zijnde de krijgstrouppen eenigen tijd sonder
betaaling gebleeven en dezelve altijd met
dit door mij beloofde geld gepaeijt wee„
sende niet langer te beteugelen was, het welk
noodsakelijkheid baarde om dit geld op een
of ander manier magtig teworden dat
het nu ook een goede gelegendheid voor
wij zoude sijn om een goeden Contract met
de Armand aantegaen alzo dezelve wel
zoude tevreeden zijn indien voor het geheele
bedraagen slegts de helfte wilde betaelen
pr gooden
mits dat 2000. pecento stante pede en de
rest van de helfte over 2. a 3. Maanden
voldeed ik antwoorde hem mij in geen
Contract omtrent dit poinct van wat
natuur ook mogte zijn te kunnen in
laaten voor en al er door uw E:
gebiedende
sse
een
t"
NL-HaNA_1.04.02_3142_0454.xml,"gebiedende met derselven g'eerde beveelens ge
„rimineerd was, waarmede hij de novo
heel wijnig tevreeden was en nog een tijd
lang hier over geredeneerd hebbende en
wanneer altijd de uitleevering der Can„
diasen sendelings pretendeerde en om dat
hier voor present seer swak ben niet
oordeelde dienstig te zijn van te zeggen dat
haar Edelens meening was om dat geld
niet tebetaalen so boesemde hem in dat
e
de tardance der betaaling aan Jamoela„
rampulle selven tewijten was door dien
hij met desendelingen van haer Edelens
publicque vijanden in publicque onder„
handelingen was mitsgaders dat wanneer
hij dien sendeling aen mij wilde overgeeven
van de welmeenendheid der E: Comp:e hem
kon verzekerd houden en waar bij nog
voegde dat ik hem in sulk een geval wel
durfde versekeren dat de zaak nopens
het geld „ over en weers genoegen sijn
beslag soude erlangen maar hij hier
aen"
NL-HaNA_1.04.02_3142_0455.xml,"2237.
aen niet willende gelooven seijde dat de
pogooden
armane ten minsten 2000. p„rC=to inme„
diaat moeste hebben en ik antwoorde van
geld ontblood te zijn dus absolut moeste wag
ten tot dat antwoord ontfing so zeijde
hij weerom dat het geld van de laading mij
ner ter Custe Chormandel sijnde Barcq
in verzeekering genoomen onder sijne be„
rusting was of daer van voor mijn reecq:
aan de armone soude geeven, ik antwoor
de sulks mijn parthiculier geld en laatse
„ding te zijn dat ik geene parthiculiere maer
wel 'sE: Comp affaires met de armone trac„
teerde, tracteeren kan of getracteerd hadde
mitsgaders vermits wel veronderstelde
dat mijne penningen voor present niet
soude obtineeren so zeijde verders dat mijn
geld te sijner tijd teffens reecq:e wel soude
eijsschen en weeten te krijgen, dus indien
hij wij het een en ander present niet
woude laaten toekomen daermede tot
gelegen tijd kan handelen gelijk hij
begeerde
6"
NL-HaNA_1.04.02_3142_0456.xml,"begeerde mitsgaders dat ik van het een
en ander behoorlijk aan uw E: gebiedende
soude verslag doen, so meede wij na die
te ontfangen ordres gedraagen en nog
een wijnig over en weer gesproken hebbende
vertrok hij heel misnoegd
Nu gelijk bij mijne voorige gewaagd
niet kunnende veronderstellen wat uit„
slag deese affaire sal komen te krijgen
soo bidde uwE: gebiedende nogmaals op
het ootmoedigst om het verzogte ont„
set van Manschappen E=na en vermits
mijn dienaar bij mij altijd als Jaalman
geageerd hebbende van zijne te Colombo
gekreegen lammigheid niet weer her„
steld is dus mij een goeden vertaa„
ler mancqueerd en thans hoognoedig
is so verzoeke van 's gelijken voor
eenige daagen mij te gerieven met de
mannapaersen toek als hier ook meer
geweest sijnde
waarmede de Eere hebbe met demeeste
eerbiedens te"
NL-HaNA_1.04.02_3142_0457.xml,"2238.
Aan des vooren.
eerbiedenste hoog agting tevolharden /:onder„
stond:/ E: gebiedende heer uw E: Gebiedende
heer uw E: gebiedende gehoorsaame en oot„
ootmoedigst Dienaar /:getekend:/ H: W: A:
Keuneman /:in margine:/ Kilkare den
20 8ber: Anno 1765. /:lager accordeert
getekend:/ H: J: Jde E: g: Clercq:
5 sedert het afgaan van mijne twee submeis
sie van den 20. Courant hebben wij da„
gelijks tegemoed gezien die daar bij ver„
melte te Rammenadewaram gereed
zijnde vijfhondert krijgers en na diver
se boodschappen soo door wellasarie
in de koorige gemeld des andere mindere
bediendens over het zelfde Chapitea
gekreegen hebbende wanneer nooit vere
die bij mijne twee submissie brieven gegee„
ven antwoord geweeken ben, to sijn in 't
moorse dorp eergisteren nagt g'arriveerd
circa twee tot drie honderd snaphaen
voerders met een parthij buskruit onder
Commando
ste
s
d"
NL-HaNA_1.04.02_3142_0458.xml,"Commando van eenen Cheerwe gaarn naa„
meus Moettoe Waijram pulle; dewelke
ons dien gantschen nagt somede gisteren
en deeze verweeken nagt alland en in de
wapens hebben doen houden ongeacht gis„
tern den geheelen dag in gesprek ben geweest
met meergem: wellasare en een na den ande„
ren ontfangen boodschappen over het zelfde
Chapiter willende deese armaneese sendelingen
na geen uitstel of andwoord van uw E: gebee„
dende wagten zijnde dit hier gekomen de ta„
chement dezen morgen nog versterkt van Een
honderd lancen voerders mitsgaders sijn er
deesen morgen onder Commando van een min
der chierwaargaarn ses snaphaans voerders
voor de poort der logie gekoomen en onbeschoft
genoeg het geld gepretendeert met bijvoeging
van niet eerden te sullen vertrekken voor en
al eer het selve ontfangen en van mijnen
kant niet oordeelende goed te zijn van de eer„
ste hostiliteiten of wesendelijke daadelijk
heeden te beginnen temeer seven man juijst so
„heel"
NL-HaNA_1.04.02_3142_0459.xml,"2239
heel vell niet kunnen uitvoeren. so hebbe
daar tegen maar als eenlijk laaten pro„
testeeren welkers effect afwagte so meede
of deeze Moettoe Waijrampulle hem zal laaten
paaijen met het verwagten van uw E: gebieden
de antwoord.
so inmediaat ontvange een nader boodschap
van den selven begeerende absolint teweeten
indien hij geneegen was eenige dagen te verloeven
of ik mij dan in vier ses of agt daagen wilde
bepaalen dat geld tebetaalen in welken geval
„le aan sijne trouppen die bereeds tot vijf„
houderd koppen opgegreven worden voor
die dagen onderhoud moeste bezorgen en
vermits gezien dat sE. Comp:s vlag waaijt
of dezelve wilde verhaelen dan niet de twee
laaste poincten absoluit gewijgerd sijnde en
omtrent het eerste hebbe geantwoord mij daer
omtrent niet te kunnen bepaelen / wacer hij
willende soude teffens brengen deezes een
syner sascorijns meede dat hem kunnen senden
ter erlanging van spoedige antwoord wat daer
op"
NL-HaNA_1.04.02_3142_0460.xml,"op voor antwoord sal ontfangen weet tot
als nog niet.
Didde intusschen uw E: gebiedende ootmoe„
digst van te concidereren de omstandigheeden
en swakte als bestaande myne geheele magt
in 17. soldaaten en een ouden corporaal
mitsgaders die ter rheede leggende patjallang
en waar van voor eenige daagen denoootwee
mattroosen gedeserteerd syn verzoeke dus op
het meest mogelijkst om het spoedigste ont„
zet, van het bij mijne voorige eerbiedige
letteren verzogte Manschappen en Ammoitie
soomede om een hondert twintig Contanten
pagooden tot dagelijkse guastos alle mijne
thonij Caraes sijn deezen morgen mede gedrost
deesen fineerende hebbe de eerd met de volmack
ste hoog agting te sijn onderstond E: Gebie„
dende Heer uw E: gebiedende Gehoorsame
en ootmoedige Dienaer getekend / H W:d
A: Keunman /:in margine:/ Kilkare
den 26. ' 8ber: Anno 1765. —. /lager:/ P: S:
weegens"
NL-HaNA_1.04.02_3142_0461.xml,"tot
2240.
weegens schielijke depecheereing deeses hier
van geen Copij gehouden versoeke dezelve
van
uwel E: Gebiedende temogen obtinee„
ven
/:onderstond:/ Accordeert /:getekend:/
H„k J: Jde E: g: Clercq.
Aan den Boekhouder en Eerste Resident,
Hendrik Willem August Keunman
Goeden vrindt
Bij de u: secaute brieven van den 20 deser
na den anderen ontvangen sijnde heb ik
daar uit met ontstigtinge gesien demove„
menten van den albeschik des Marruasen
Rijks Jammodaum pulle ter saake van soda„
nige 8700. pagooden als den Candiasen prins
aan hem belooft en uE: sig daar voor
geinterpaneert soude hebben.
Ik kan niet beguijpen hoe uE: bij
brieven
tee
„
Kilkare
wee"
NL-HaNA_1.04.02_3142_0462.xml,"brieven van den 1. en 22. Julij Jongstleeden tot
de spendatie van maar 3000: ad:s gequali„
ficeerd en sdaags bevoorens of 30 Junij
expresse gelast zijnde niet eens telaten schij„
nen als of zulx scomp=s weegen geschiede
enaar uit uE: priede beurse bij weege
van meedelijden en tot redding van gem:
prins heeft kunnen treeden tegens de
sendelingen van Jammoderum op dien
geld Eijsch gantsch Contrarie sig te uijten„
behalven dat ik niet weet wat uitdruc,
king uE: bij de ola aan Jamucodrum pullo
selfs gebruijkt heeft dewijl dies Concept
tot nog al so min vrugteloos afge„
waagt is als het bij uE: brief teffens
beloofde berigt wegens de sendelingen
van den gedetroneerden Candiazen ko„
ning
Jmmers had uE: in plaatze van dier„
gelijke sComp=s aansien en agtbaarheid
de Clineerende antwoorden Jammodaum
moesten verweeten hebben dat hij zelfs
qualijk"
NL-HaNA_1.04.02_3142_0463.xml,"2241
qualijk onderrigting en versekering aan
uE: gedaan had omtrent voorsz: Candiazen
Prins als dat hij den wettigen pretendent van
den kandiazen troon was dog dat daer van tot
nog niets sekers geworden sijnde desen debi
teur also min aen sijn belofte heeft kunnen
voldoen als uE: in staat was sijn daar op
gebouwde borgschap natekomen maer dat
sulx soude geschieden soo dra de saak ver„
andert en uE: versekert word dat Jammo
drumpulle alleen niet om het geld magtig
teworden dien perzoon als den ligitimen
Candiasen pins had voorgedraagen maer
dat hij wesentlijk: dien selfden is het welk
sekerlijk als eene aannemelijke exceptie
tegen uE: borgtogt moet gelden.
Alle uE: overige verrigtingen en antwoor„
den vinde wel in het bijsonder dat Jammo 17
drumpulle door het accepteeren en aan„
houden van, item hulpe belooven aan den„
gesant van den verdreeven Candiazen ko„
ning tegen de verbonden tusschen dE Comp:
en"
NL-HaNA_1.04.02_3142_0464.xml,"en het Marauas hof gesloten sondigde en
uE: als een sequeele van dien geurgeert
had op de levering van dien gesant aan dE:
Compe
dog van opmerking is den gretigen voorstel
van een accoord te kunnen aangaan van
maar de helfte van het beloofde tevoldoen
Dit een en ander word uE: dan tot verbe
tering en herschikking der antwoorden
bij verder aansoek aanbevolen en voort
ook om uit naame en van wegen d' E:
Comp=e Contrarie alle onderneemingen
tegens 'scomp=s logier goederen of dien ae„
„nen op het kragtigst te protesteeren niet
versekering dat haar Ed=e niet vergeten
hebbende alle de voorgaande en menig„
vuldige insolentien van het Marruase
Hof deese gelegenheid dan als de beste
sal waarneemen om eens den kerf„
stok die daar meede vol soude zijn tever„
effenen en het Marruase Rijk een niet
tegeven die het zelve lang voelen sal
ondertusschen"
NL-HaNA_1.04.02_3142_0465.xml,"2242.
ondertusschen moet uE: ook met so veel voor„
sigtigheid als mogelijk is alle bronillerijen
tragten ten weeren om de saak een goeden
keer tegeeven sonder dat ik heb kunnen goed„
vinden u: de versogte kruijt Cardoesen en
geweiren per thonij toetesenden, also de theuwen
seer faciel so een vaartuijg souden kunnen
wegneemen, gelijk sulx in anno 1758. omtrent
de kruijsthouijs selfs ge-exteerd is, des deselve
per de te eerst klaar en aan de hand geko„
mene losbooth de Jonge Martijn nog op
morgen staan te volgen, dog om uE: met
militairen uit dit swak guarnisoen te„
gerieven is niet wel doenlijk en ook sou„
de sulx een Expeditie hoe klijn anders
deselve ook vallen mag bequaam genoeg
sijn om den slaapenden hand soo men segt
wakker temaken en sammaderum Pulle
reden tegeven om sijne bedrijgingen niet ernst
voorttesetten; wanneer de kilkareese besetting
uijtterst op een ses en dertig Man primo
plano genomen niet veel sal kunnen
resisteeren
en"
NL-HaNA_1.04.02_3142_0466.xml,"resisteeren en dienvolgende aan het geweld van
de theuven moeten gesacrificeert worden
uw E: verzoek om geweiren word voldaen en
veronderstelling dat deselve gerequireert en
benodigt sullen weesen voor en in plaatse
van gebreckige die daar mogten tevinden
sijn dog uE: doen qualijk sodanige aente„
houden en dus in tijd van vereijsch om be„
quaeme verlegen temoeten sijn dog so sedaer
toe niet behooven kunnen deselve egter
dienen tot gebruijk opgemelte boots
selfs die bij provisie kan g'emploijeert
worden tot versterking van de kruij
sers of sodanig dls anders beste gehoort
en nodig gevonden word, sijnde dus ook
met agt draaijstukken en het daer toe
behoorende Voorsien.
Den Mannapaerse tolk met die van
hier nu eenigen tijd siekelijk sijnde
sal so daer van wat hersteed mogte
weesen
F"
NL-HaNA_1.04.02_3142_0467.xml,"2243.
weesen derwaards gesonden of u: met een
ander taalman voorzien worden.
En hoewel sekerlijk al het geschreuw van
Jammodaum maar is den geld te krijgen en
daarmede sig te redden in het present groot
gebrek van penningen aan het Marauas
uit
Hof en ik daar „ op maeke dat hij sig wel
beraeden sal om iets in deeze tijd tegen dE:
Comp te onderneemen nog tans moet ikuE:
bij mijne voorgaende ordre om alle be„
brouileerijen temeijden en sig ook tranc„
quil en onverschracken tehouden nog voor
schrijven dat uw E: alles aangewend heb„
bende wat men mogelijk is om Jam
moderumpulle van eenig geweld tegen uE:
en scomp=s logie te doen afsien en siende
dat al sulx niet meer baten wil op eene
rijp beraade wijze en met salveringe van
alle 'skomp:s dienaaren met de voornaemste
goederen en Contanten immers so veel
mooglijk met de aanhanden hebbende tho
„uijs
d
o"
NL-HaNA_1.04.02_3142_0468.xml,"„nijs pantjalling en voorsz: boots of
anderzints moet retireeren na alvorens
scomp:s Logie geslooten mitsgaders een
Jnventaris van het geene agtergelaeten
word sonder anderscheid met twee Ca„
pitalen beswaard geformeerd en ge„
souden te hebben aan den thuuwver of
zijne bestierders daar onder en sonder
heid den albeschik Jammoderum
pulle met een kragtig protest en be
kentmakinge dat uE: om dewille
van de gepleegde Hostiliteiten delagie
had moeten verlaaten en dezelve
met de overblijvende goederen ten
bedraege van so veel als dat met
de vergrooting van gem: twee Capitae
len monteert tot verantwoor„
ding liet van den theuver met alle
sijne hovelingen dog voornamelijk
Jammoderum Pulle die hoofd oor
zaek van dat alles is gelijk uw dit
een en ander breeder Sal voorge„
„schreeven"
NL-HaNA_1.04.02_3142_0469.xml,"2244
schreeven vinden bij Extract Colomboze
missive vanden 13. Junij anno 1758.
deezen tot uE: schuldige narigt en
observantie bijgevoegd
voorditmael niet meer, dan dat ik
het beste verwagtende te verneemen na
vrindelijke groete blijve /:onderstond:/
uE: Goeden vrind /getekend:/ G Devos
in marginee Tutukorijn Den 26. febuu:
Anno 1763. lager Accordeert gete„
kent H: J: Jde E: gesw: klerk
Tutukorijn
Aan den E: Gebiedende Heer
DE: Gebiedende Heer Gerrit Devos.
Hoope en wenschs dat mijne geringe
letteren van gisteren bij uE: gebiedende
sullen besteld zijn en deese een gelijk
fortuir erlangen ten Eijnde door uw
Gebiedende Heere
@
d
of
„
alle
lijk
oor
dit
ge„"
NL-HaNA_1.04.02_3142_0470.xml,"E: gebiedende te kunnen ontwaerd wor
den de nettelijke omstandigheeden en
het gevaer waar in wij ons bevinden
en hoe hoog voor ons van naden is
een goed ontset van manschappen
onze bediendens worden belet om
verder als het bestek derlogie te
mogen gaen sijnde voorts het ge„
tal der ses snaphaan voerders van
de vijanden gisteren aan delogie ge„
komen met het scheemeren van
den avond so een bij een vermeerderd
tot 13. koppen waer van niet eer„
der verwittigd wierde als circa half
seeven en dat nog maer bij geval wan
neer ook inmediact nog Seven kop
pen doer bij bequaame den Cheerweer
gaarn van hun na die reeden vraa„
gende gaf geen satisfactoir ant
woord dus soud mijn arraatse
bij hun Hoofd of die in gisterige
gewaegdl"
NL-HaNA_1.04.02_3142_0471.xml,"2245
gewaegde Moettoewayrampulle en liet meede
na dies reeden vraagen met absoluijte begeer
te dat volk te doen terug trekken mitsgad=s
geen een Man meer te laten aankomen ten
waer deselve wilde dat het selve met ab„
soluijt begeerte dat volk te doen terug trek„
ken mitsgaders geen een Man meer tela
ten aankomen ten waere deselve wil de
dat het selve met geweld soude doen ver„
trekken maar eer de arraatje weer terug
kon
kwan komen vermeerderde hun getal tot
Circa veertig koppen waar door een Re„
solutie Naam het koste wat het wilde
geen door in den voet teverdraegen, dus dat
volk van de logie te doen vertrekken te
meer doe bespeurde dat een meenigte
waar van 't getal niet kan ontwaeren
van de donkerheid en regen profiteerende op
drie hoeken op een kleene distantie van
de lagie hun onthielden, soliet van se„
ker hoogte en mijn thuin, waar op 2. —.
draagstukjes geplant hadde een van de
„selve
w"
NL-HaNA_1.04.02_3142_0472.xml,"selve buiten voor de poort der logie plan„
ten en mits ontstentenis van ander voek
door mijn eijgen Jongen, sijnde het selve
gelaaden met sijn rondschaap en veertig
stukken van gekapte Snaphaan kogel
dog nog eerder daarmede kon klaer raa„
ken was hun getal tot Circa 80. koppen
aangegroeijt en nog meer van alle kan„
ten toevloeijende naam het land in de
hand also den slegten moed mijner soe„
daeten genoegsaam bespeurder en vroeg
of sij wilden vertrekken des Neen dat
dagelijks vuur soude geven sij versogten
over die onderneeming beducht raaken
de kennis daervan aen hun Hoofd temogen
geeven hetwelk hun accordeerde mits in
mediaat antwoord te brengen en Iongtebaa
gen dat met een van hunne aan naderende
Makkers meer naderdel maar hun inte„
gendeel op seeker distantie verwijderde, met
drijgementen dat so taest er een quam te
naderen na geen antwoord soude wagte
maer"
NL-HaNA_1.04.02_3142_0473.xml,"2246.
maer hun kruijt en lood laaten gevoelen,
het welk zij wel na quaamen maer
dog cinca groote een honderd vijftig met
de donkerheid van agteren in de allemaels
gevlugte parruase huijsen wisten te sluijken
en waar van te dier tijd geen informatie
van kreeg dus wanneer er iets dadelijks
was ondernomen ik teffens agt militairen
die bij mij hadde in een 3. dubb: vuur souden
geweest zijn, dit alles een poosje na dato
ontwaard hebbende trok nog een paer man
teffens mijne Jongens die ook met snap„
haanen gewaapend waaren bij mij stelde
deselve met rug tegenrug ten eijnde alle
drie partijen met vuur te kunnen begroe
ten waer bij nog de gelegentheid dierde
dat eene aan strand staende parthij van
Circa vijftig koppen ook ander het be„
uijk van een in de lagie geplant Cannon
sijnde daarmede kon gegroet worden:
in dit postuur nu cinca een uur blij„
vende binnen welken tijd diverse bood„
schappen.
pla
lan„
k
oeg
met
te
wagten"
NL-HaNA_1.04.02_3142_0474.xml,"schappen over en weer gingen en quaamen so„
quam het eijndelijk so ver dat indien ik
mijn Cannon wilde weer binnen trekken
hun volk souden afmarcheeren en maer
alleenlijk twaalf Man aan de poort blijven
't welk ik toestond op voorwaerden dat
hun volk eerst souden afmarcheeren het
welk dan ook na eenige tegen stribbeling
geschiede ik was wel genoodsaekt te accor„
deeren dat twaalf Man aan de poort blee
ven vermits duidelijk genoeg ontwaerde
de slegte lust der soldaeten om in een ge„
vaer teslaan waar in ik mij niet ontsag
om aan hun front teblijven de volke„
ven nu afgemarcheerd zijnde excepto
de eene Cheerwegaarn met twaalf liet
de ledige parruase Negarije door soe„
ken of daar ook nog een parthij in
verschoolen waaren maer geen een
meer vindende liet het Canon weerbin„
nen brengende egter sodanig dat ten
eersten daar het mogte nodig worden
kan"
NL-HaNA_1.04.02_3142_0475.xml,"2247
kan geplant worden
Gem de minste benodiging kan men magtig
worden 't gebrek van brandhoudt en goed
drinkwater quelt ons het meeste de adarp„
penaar teffens alle parruase inwoonderen
sijn gevlugt so mede alle thonij Carreas
excepto vijf koppen die nu ook niet laate
na buijten gaan van de patjallang mog
niemand aan de wal komen veel min kan
van de onse iemand na boord komen, het
staand somede de andere wegen na de
logie is door hun edog op een seeker
afstand van de logie beset en waar door
ook nog twijffele of deese letteren en
eerbiedige advijsen wel sal kunnen
voortsenden.
siet daar E: gebiedende heer onse gesteltenis
en het gevaar waar in wij ons bevinden
waar uit wij trekken sijn door een ont„
zet van de verzogte Manschappen en
Ammonitie goederen dewelke uw E: gebee„
dende des gelievende kan laaten versollen
van."
NL-HaNA_1.04.02_3142_0476.xml,"van nog twee kleene Cannons en vijf en
twentig Cipaaijers dewelke wel om niet
te deserteeren binnen en de logie kunnen
gehouden worden en principael dienen
om de Europese Militairen de schiedwagten
te doen verminderen.
Het zijn nu bereeds veer Etmaal dat dus„
danig geallarmeerd ben en binnen wel„
ken tijd geen vier uuren de hoogst noo
dige rust genooten vermits op de flauw„
te mijner soldaeten geen staat maaken
kansdog so veel als mogelijk door mijn
geduurige bewegingen en presentie soo
veel als mogelijk aanmoedige het welk
al egter bij Continuatie te doen in capabel
ben alzo de natuur niet toelaat om
ten eenemael sonder rust te blijven waer
bij ook komt dat voor 18. Militairen
temoeijelijk is dag en nagt geallar„
meerd te zijn hoewel hun van mijn
provisien soveel als mogelijk tragte
te verquikken
Nu
e"
NL-HaNA_1.04.02_3142_0477.xml,"2248
Nu de omstandigheeden van mij en ande„
re sE: Comp:s dienaaren teffens logie
en effecten uw E: gebiedende so veel den
tijd maar immers toelaat in het kort
verthoond hebbende vertrouwe ook of niet
te kunnen missen van het verzogte
ontzet te erlangen en wanner mij in
staat sal setten niet alleen den vijand van
de logie tedoen verdrijven maar den selven
ook daar van aftehouden maar hier toe
sal ook absoluijt noodig sijn de huijsjes
hutten en kussen der trouwlooslijk
dE: Comp=e verlatene en van haar Edele
gevlugte parruasse Jnwoonderen dm
een
vertehaalen als wanneer op openvlagte
rondsom de logie ten einde met mijn Ca„
nan na verEijsch van saaken allent hal„
ven te kunnen speelen en waer toe
mits desen uw E: gebiedend gunstige
qualificatie in alle eerbied versoeke Co„
mede om de versogte een honderd twin„
tig pagooden tot guastos
waareadde."
NL-HaNA_1.04.02_3142_0478.xml,"waarmede de Eere hebbe met de eerbieden„
ste hoog agting tevolharden /:onder„
stond E: gebeedende Heer uwE gebiedende
ootmoedige en Gchoorsaemen Dienaer ge„
tekend:/ H: W: A: Keuneman /: in man
quie Kiekare den 27. ' october: A„o
1765. lager Accordeert /:getekend/
H: I: Jde E: g: Clercq.
Rilkare
Aan den Boekhouders
Hendrik Willem Arigust Keunman
Eerste en
Jan Jurgen Scharf tweede
Residenten overskomp:s handel aldaer
MGoede Drinden
op u: letteren van den 26. ' dezer dient
dat ik volgens de mijne van dien zelfden
datum
s"
NL-HaNA_1.04.02_3142_0479.xml,"2249
datum in duplo afgevaardigt reeds
gisteren morgen vroeg, met de ver„
zochte geweeren buskruit en Cardoezen
de los booth de jonge Martijn der„
waards heb laeten vertrekken zonder
dat ik in staat ben om u: met volk
te assisteeren mids eigen grootgebrek
en wat zouden dog 12. Man eer
kunnen uitwerken tegens 500. kappen
vrij beter heb ik geoordeelt een pro„
test ola per den arraatje Moettoe aen
Jammoderum Pulle en de verdere hovelin„
gen van den minder jaarigen theuver
tezenden van zodanigen inhoude als
het nevensgaande afschrift Conrept
disteert en uE: kunnen hem Moettoe
arraatje teffens als een perzoon vol
gens uE: eigen getuigenis van goe„
de bequaamheid en uitvoering aan
het Marruas hof als taalman bij pro
visie aanhouden en gebruiken dewijl de
tolken van Titukorijn en Mannapaer
bijde
hun"
NL-HaNA_1.04.02_3142_0480.xml,"bijde ziek zijn en te bedde leggen en ik mij
zelve met den ponnccailsen moet behelpen
En overmids de zaaken nu uE: bij de ge„
meen geworden zijn zo word deezen zowel
zodanig gerigt als die van daer door uE:
beijde getekend verwagt als teffens wel beho„
rende dat desecreete brieven door een van
uE: bij de en niet door den pennist worden
gecopieert.
waarmede onder hertelijken wensch van
spoedige verandering van zaaken ten
beste na vriendelijke groete blijve /:on„
derstond:/ uE: Goeden vriend /:was getekend
G=t devos in margine Tutukorijn den 28=e
8ber: A„o 1765. lager accordeert /:getekend
G: W: Jrek P=s secret:s
Kilkare.
Aan den Boekhouder
Hendrik Willem August Keunman
Eerste en
Jan Jurgen Scharf
Tweede Residen aldaer
Goede
D"
NL-HaNA_1.04.02_3142_0481.xml,"2250.
Goede vrinden
netelige omstande waar inne uE: hun
thans geswachtelt vinden nader gedetail„
leert bij brieve van den 27. Courant door
den Eersten Resident Keunman aan het
ondergetekent opperhoofd geschreeven kan
ons niet dan soogvuldige bekommernissen
aanbrengen inzonderheid om de achting der
E: Comp=e niet te Exponeeren aen demoed
wil van het Marruase Hof welkers aen„
slaegen nu of verijdelt of ontkomen moe„
tende werden zo hebben wij uE: niets
naders voorteschrijven als het geene bereeds
gedaen hebbende of fondament der geEer
de Colombose ordre van den 18:' Junij A„o
1758. waar van uE: in margine van on„
„zen origineelen brief d dato 26. Courant over
den landwech afgezonden Extract toegezon„
den weezende nochtans weder in deezen
meede gedeelt werd in dubio aen de bestel„
ling dier letteren door de moedwilligheeden
van stheuvers onderdaenen die uit de
minsste
de"
NL-HaNA_1.04.02_3142_0482.xml,"minste movementen aen het Hoff gelegen„
heid trekken om meede braaf den gebraa
den haan te spelen over zulx mids dien
wij uE: van geen zoo veele Europese Mi„
litairen mids de swakheid van ons guarni„
soen kunnen genieven als tot de minste re„
sistentie zelfs van moedwil of Baldadig„
heeden zouden kunnen dienen nog raedsaem
oordeelen om uE: met de verzochte sixa
„his te gerieven om uE: met den vijand
van buiten en van binnen aen te bren„
gen alzo de meesten der zelve of ma„
hamedaanen geloofs genooten van de
kilkareese Simisterie Jnwooners en
nasalen van den theuver of evengelijke
geslacht genooten van Stheuvenstroupen
zijn zullen uE: men op een voorzich„
tige retraite moeten verdacht zijn
als eene schandelijke verweeringe
die veel tijds noch tot een dekmantel
voor de theuverse zoude dienen om
heene moedwillige en bondbreukige
over rampeling
. H"
NL-HaNA_1.04.02_3142_0483.xml,"2251
overrampelinge een schijn van billijkheid
te geeven.
Dus dan hebben mij na rijp beraad ook
moeten overeenstemmen om uE: lieven
occagie tot eene retraite zo de zaeken op
de afgesandene protest ola van het onder
getekende opperhoofd met mogten verandert
zijn dan defensie te verschaffen dierhalven
zenden wij uE: buiten de breeds vertroc„
kene losbooth de Jonge Martijn thans te
de Booth de snuffelaar waarmede
buiten de nodige ammonitie en wapens
tot defensie overgaet een mansjau met
een Mandarij en vijf parriasse thonij
Carres om met de vijf die uE: zeggen aldaer
binnen delogie tehebben tot bemanning
van een der daar zijnde thonijs tezienen en
een g'armeerde thonij onder opzicht van
een quartiermeester en twee Europaze Mat„
troosen nevens een Mandarij en 10=e
roeiers zodat uE: nu na tijdig een
Jnventaris van het natelatene met
2.
ing"
NL-HaNA_1.04.02_3142_0484.xml,"2. capitaalen begroot opgemaakt en
voorzichtig alles op stootgaaren gesteld te
hebben waar toe denkelijk tijd zal zijn
wanneer uE: een gepaste exceptie be„
denken onder de bestelling van 's opper„
hoofds ola aen de Novelingen van het Ram
menadewarams Hof waar door de daan te
vindene theuvers troupen hun ontbod te
huis zouden kunnen opmaken bij het
minste gevaar zullen kunnen retireeren
Ja alle beleffelen ter Contrarie met de
bij zich hebbende militairen voor die
korte stande tegen gaan het geen noch
tans aan uE: belijd en voor zichtigheid
gedefereerd blijft als van na bij zijnde
en weeten kunnende wat best bij der
hand teneemen zij.
Jnvoegen wij het beste wenschende tever
neemen onder bijvoeging van Een bondelt
met de verzogte 120: pagooden volgens
bijgevoegd Cognoscement met de booth
de Smuffelaer overgaende zo die te pas
mogten"
NL-HaNA_1.04.02_3142_0485.xml,"2252
mogten koomen na vrindelyke groette
zeer gaerne blijve /:onderstond:/ uE Goe„
de Vrienden /:was getekend:/ J:t De vos
A: v: D: Wal, I: H: Famelart J: Erfson
J: De Roth, A: van Nes C: flurke
G: W: Jaek J: W: Muller en F: Damman
in margine Tutukorijn den 30:' 8ber: A„o
Akkordeert /:getekend/
1765. lager
G: S: Tnek
Aan als Vooren
Aan de Ceilonsche Regeering
Hebbe van den Kilkaresen Eersten Resident
Keunman een secreete brief van den 22. ' deser
ontvangen vervattende saken aangaande den
verjaagden Candiasen koning en den na
Costij vertrokken Prins dewelke oordeele
tot uwel Edele Gestr: geagt kennis spoedig
te behooren derhalven werd brengsten deser ex„
pres ten dien fin derwaarts gezonden en ik
gebruijke de vrijheid Copia van dat schrij„
vens uwel Edele gestrenge hier nevens nedrigat
aantebieden
tver"
NL-HaNA_1.04.02_3142_0486.xml,"aantebieden met een afschrift der eer„
biedige letteren van hem resident aen
uwel Edele gestrenge over Manaer geschree
ven om tot uwel Edele gestrenge geagte
speculatie tedienen so dies origineel voor
receptie deses niet mogte wesen besteld en
aan welkers inhouden mij onder uwel
Edele gestrenge gunstige welduijding tot
evitatie van dubbelde reciten in submissie
gedraege so wel als die van het deesen nog
Translaat van 't mallabaarsche kartabelletje
bijgevoegt door de bediendens van den Nai
van sickel en Palkamoedeaar aen den
Resident Keunman gesonden en Relaes
van den arraatje Sodelle Moettoe die
mijn protest ola wegens de Movementen
te kilkare aen sammodrum Pulle be„
steld heeft onder die affaires ook in„
Cludeerende dat er wijnig apparentie is
dat de sendelingen van gem: Candiasen
koning eenige troupen tegen dE: Comp=e
van het Marruas Hof sullen ob„
tineeren
verigens"
NL-HaNA_1.04.02_3142_0487.xml,"2253.
overigens hebbe de Eere mij met verschul„
digee hoog agting en eerbied tenoemen
/:onderstond:/ als vooren Getekend/ G: De vos
in margine Tutukorijn
Den 25 9ber:
A„o 1765. —
Kolombo.
Aan den wel Edelen Groot Achtbaren Heere
M„r Iman Dillem Falck
Gouverneur en directeur van het beroemde
Eijland Ceilon met diet onderhorig heeden Et E=
Del Edele Groot Achtbare
wydgebiedende Heere.
Die hem een tijd lang te Rammenadewaram
opgehouden en nog aldaar sijnde sende„
F:
ling van den gevlugten kandiaas
koning naamen Paleom oedeaar van
geboorte een Moor teffens de schoon
verder van gem: verdreeven koning be„
kend onder de naem van de sikkelse
Naaik
„
5"
NL-HaNA_1.04.02_3142_0488.xml,"Naaik hebben gisteren bij mij gezonden
twee bediendens waar van de eene was
een wellale en de tweede een Badduga die
mij teffens een beleefde groetenis van hunne
principaalen presenteerden een open in
't Mallabaarsch geschreeven Cartabelletje
't welk d' eere hebbe uwel Edele groot
achtbare hier nevens in orrigineel met
de meeste eerbied aantebieden en
vermits het zelve gewagmaekte van
een verzegelde brief vooruwel Edele
Groot achtbare sovroeg na den selver
wanneer de Tesendelingen mij te kennen
gaven dat den inhoud daervan een
groot gewegt was en absoluite secre„
tesse vereijschte mitsg:s direct aan
uwel Edele groot agtbare Sonder
aan iemand anders wie ook mogte
sijn op de Secuurste wijse moeste gezon
den worden voorts verzoekende vaar
gende of denselven wel aan uwel
Edele Groot agtbare wilde senden
ge
invoegen"
NL-HaNA_1.04.02_3142_0489.xml,"2254.
invoegen als sijlieden gewaagd hadden so
respondeerde van ja en wel met de meest
mogelijkste spoed waar op mij dan de briev
ter hand gesteld wierde so als de eene hebbe
denselven uwel Edele groot agtbare hierne„
vens leggende met de voemaakste sub„
missie aantebieden vraagende desende„
lingen met eenen wanneer tot het ont„
fangen van antwoord weerom sou„
den komen; so antwoorde hun daer
omtrent niet te kunnen bepaelen alzo
hoewel met de meeste spoed dien brief
aan uwel Edele Groot agtbare soude
senden niet kon seggen den sekeren
dag dat antwoord stond te krijgen en
op mijn beurt vraagende wanneer
nu antwoord ontfing aen wien deselve
soude bedeelen so antwoorden desende„
lingen aan niemand dan maer enkeld
en alleen aen een hunner principaalen
dat antwoord ontfangen hadde laaten
weeten wanneer hij dat denoteerende
de.
de
dn"
NL-HaNA_1.04.02_3142_0490.xml,"de wellals dezelve van mij soude koomen
haalen en wanneer sijne principaalen sel„
ven apperentelijk bij mij souden koomen
ten eijnde daar over in onderhandeling te
treeden als voor vast vertrouwende dat ik
hunne belangens als mijn eijgen soude trac
teeren waar op antwoorde wanneer met
hun wat nader bekend was sij het selve
van wij konden verzekerd sijn vergeeft mij
wel Edele Groot agtbare Heere deese
antwoord ik hebbese gegeeven om des
mogelijk en zoorsz: van vertrouwen
van hun tewinnen, de wellale scheen daer
mede bezonders in zijn schik te zijn, ik
vroeg verders of Palcom oedeaar nog
lange te Rammenadewaram stond
te blijven dan wel of haast iewers soude
vertrekken en kreeg ten antwoord te
Rammenadewaram te sullen blijven
tot dat ik de te ontfangen antwoord
soude bedeeld hebben wanneer Hij hooijt
dat"
NL-HaNA_1.04.02_3142_0491.xml,"2255
dat de saaken sodanig een keer souden
krijgen om van hier na kolombo te
kunnen gaan voorts vroeg of het
Rammenadewaram Hof van deeze be„
sending eenige kennisse hadde so meede
van de reeden derselve en kreeg tot
antwoord met het minste van het
een of ander met verzoek aen niemant
wie ook mogte sijn iets daar van te
bedeelen en verders niets bezonders kun
nende verstaan hebbe deselve na het
„langen van betel en arank mitsgads
rs Jarunus
25. vlb„ paddij laaten verstrekken
Van dit een en ander hebbe verschuldigde
Communicatie bij een aparte en secreete
Missive van hedigen dato aan het E: Heer
opperhoofd deezer Custe gegeeven en
sal voorts geenzints missen op alles zoo
veel mogelijk een wakend oog te houden
indien deese sendeling mogelijk ten
doel mogte hebben mij daer door in
slaap tewiegen tot het uitvoeren van
een"
NL-HaNA_1.04.02_3142_0492.xml,"een of ander onderneeming alzo geinfor„
meerd ben dat bezending aan den Jans„e
Jour Jaischenopaalsen en Maijsoersen
Nabab hebben laeten afgaen
waarmede de eerd hebbe met de aldervol„
maakste hoog agting in diepste submis„
sie tevolharden /:onderstond:/ wel Edele
Groot agtbare wijdgebiedende Heere
uwel Edele Groot agtbare onderdanigst
gehoorzam en ootmoedige Dienaere
was getekend:/ H: W: A: Keunman /in
margine Kiekare den 23. Novem
ber Anno 1765. /:lager Accordeert:/
getekend H: W: A: Keunman noglager
Akkondeerd /:getekend:/ H J: Jde E: G:
Clercq.
Translaat Tamulsche
ongetekende en ongedateerde
Copia cartabeltje door den
schoonvader en afgezant van
den gedetroneerden Kandias
Koning"
NL-HaNA_1.04.02_3142_0493.xml,"2256.
Koning den Naik van Tikkel
en Palkomooedeaar sig te
Rammenadewaram bevinden„
dende geschreeven aan den
eersten Resident te kilkare
D E: Hendrik Willem August
Keunman.
Den desen verzellenden verzegelden briev
aan den wel Edelen heer Ceijlonsen Gouver„
neur gesuperscribeert verzoeken wij spoe„
dig en secuur telaaten bestellen en ons
daar op antwoord bezorgen zonder date
iemand buiten uE: hier van de weet
kuijge
Aldus Getranslateert in het Nederlands
comptoir Tutukorijn den 24. ' Novem„
ber 1765. lager door mij /:geteekend/
H=k J: Jde E: g: Clercq /:in margine/
voor de vertaaling getekend S: d: Crus t
Lingoa /:onderstond Accordeert gele„
kend H: J: Jde E: g: Clercq
N000 Tutukorijn
„
gst
a
glager
E:"
NL-HaNA_1.04.02_3142_0494.xml,"Tutukorijn
Aan den E: Gebiedende Heer
D E. Gebiedende Heer Gerrit De Vos
Koopman en opperhoofd der Madureese Kuste
Gebiedende Heer
op uE: geb: hoogst geeerde aparte en secreete
van den 18. ' Courant hebbe de eere uE: gebieve
dende te bedeelen dat Jammodaum pulle
wel heeft aanzoek gedaen om een partici„
pant in de tehoudene paarlvisscherije tewil
len zijn gelijk zulks de eere gehad hebdat
heen te bedeelen bij aparte en secreete Missives
in datis 29. xber: anno pass=o 10. Januarij 21: 8:
a: c: dewelke laatste geaccompagneert wat
van een concept ola sub dato 22. Januarij
aan dien Cancellier geschreeven alle onder
meer anderen van dat Chapiter spreekende
hebbe voorts dezen minister geene andere
andwoord of verzekeringe dien aangaende
gegeven of kunnen geeven vermids zo min
van de geEerbiede Ceilonse regeering al
ud."
NL-HaNA_1.04.02_3142_0495.xml,"2257
uE: gebiedende daar toe gequaalificeert was
dus mij in alle eerbied daer aen gedragende
hebbe nog de eere u: gebeedende te bedeelen
omtrent Palcom oedeaer dat dezelve een
moor en een der Eerste havelingen des ge„
vlugten Candiaas koning is zijnde voor
eenige maenden in Cognito te Manaer
aangekomen aldaer door behulp van
zeker Modeli of Modeliaer op eene Jun
landse van daer na Nagapatnam ge„
destineerde barcque geraakt bij wacht
en ontijde wanneer die barcque bereeds
gevisiteerd was en pas om te vertrekken
ontvangen hadde voorts in het Jansjour
„sen gekomen alwaar devorst van dat
land hem per fas en nefas een gedeelte
zijner meede gebracht Pretiosa afhan„
dig gemaakt waar na dezelve aan het
Rammenadewarams Hoff gekomen al„
waer dezelve volgens ingekoomen berichten
apparentelijk zolange zal geschuist worden
tot dat genoodzaakt word van zelven ievers
te vertrekken"
NL-HaNA_1.04.02_3142_0496.xml,"tevertrekken, echter weet men daer bij dat
de zelve met behulp van den sikkelsen Naik
zendelingen bij den Jansjours heeft zo mede
bij den Nabab Mamedelie Chan en den
van Maijsoer welkers uitwerkselen men
moet afwachten.
Nog is de bekende Moor oemoergatta dog andere
willen dat het zijn Broeder is meede te Ram
men adewaram gekomen echter verwerven tot
als nog niets aen dat Hof als dat met
draaijingen en practijcquen dat Hoff gemeen
opgehouden worden.
voorts verstaat men dat te Colombo zeker moor
woonagtig zijn zal die den naam van koer„
riwie Mandawer toereaer voert zullende
een zoon van zeker Perie pattang zijn deeze
Palkam oedeaar is getrouwt met desub„
ter van deezen koeriwie Mandawer toere„
aan dus een swaeger van den zelven Jndien
deze Colombose moor bij de kop gevat en
10
ondervraagt wierde zoude apparentelijk
een groot licht van de geboorte des dat
„heenen"
NL-HaNA_1.04.02_3142_0497.xml,"2258
heenen gebrachten Candiaas prins kunnen geeven„
alzo deezen Palcoen oedeaar hem zelven zal
hebben uitgelaaten dat die prins een wettige
pretendent en de naaste tot dien troon is het welk
dan meede de Eere hebbe m: gebiedende tebedeelen
en voorts met de meeste Eerbiedenste hoog ag„
ting tevoeharden /:onderstond:/ E: gebiedende Heer
uE: gebiedende gehoorzame en ootmoedige
Dienaer /:was getekend:/ H: W: A: Keunman
in margine Kilkare den 22. 9ber: Anno
1765. /:lager:/ Akkordeert Getekend:/ G:
W: Jaek P=s Sekretaris:
Relaas gedaan door het
arraatje van het Madurees
opperhoofd den koopman DE:
Heer Gerrit De Vos in naame
Sodellemoettoe raakende zijn„
Wedervaaren aan het Hamme„
na dewarams Hof daar hij een
ola van het voorm: E: oppers„
hoofd aan den Rijks kancellier
Jammoderum Pulle ende
verdere."
NL-HaNA_1.04.02_3142_0498.xml,"den relatant verhaalt met de ola door het E:
opperhoofd hem ter handgesteld om aen Jammoderum
Pulle den RyjksCancellier en albeschik van het Marruas
Hof nevens de verdere grandes aldaer tebetellen den 29:
8ber: Jongstl: van hier vertrokken en den 1. dezer te
kilkare aangekomen te zijn en aldaer aengetroffen
te hebben de Hofsgrooten van het Marauas Hoff Moettoe
Waijrewe pulle en weel Asarie met 300. sipahis
derwaarts gedetacheert om van den eersten Resident
keurman aftevorderen Eenige penningen die den na
Colombo vertrockenen Prins bij geschrifte aen Jammo
drumpulle of wel het hof beloofd en waer voor zich
den gem: Resident geinterponeert item nu 7. dagen
voor des relatants komst daer ter factorie van ged=e
somma 1300: pagoden afgelecht hebbende aengenomen
had Ja bij bedsweeringe naimerlijk met het op„
leggen van desselfs hand op een boek het overige
binnen acht dagen tevoldoen welke termijn sande„
aendaags te sxpireeren stond
dat den relatant van den resident verzoekende
besteld heeft
verdere Hofsgrooten
om"
NL-HaNA_1.04.02_3142_0499.xml,"2259
om na de voormelte Rammenadewaramse gran„
des te kilkare begroet te hebben zijnen weg na
het Hof temogen vervoegen en het laatste alzo
den resident het eerste onraadsaem oordeelde ook
„door
werk stillig maakende strap detheuverse krijgs„
troupen aangerand en gearresteerd doch weder
de
gelargeert was toen hij zo wel als den voorm:e
Kilkareesen Eersten resident aan de vooren ge„
waegde grandes en den dorps mannigaer al„
daer boodschap gezonden had dat hij relatant
met schrijvens van 't E: Madurees opperhoofd
aan Jammodrum Pulle gezonden en het arrest
dus kwalijk was.
Dat den Relatant gelargeert zijnde dienzelfden
avond te Rammenadewaram aengekomen was
en op de perboodschap aen tammodrum Pulle
daer van gedaene verstendiging aanzegging en„
langt had van 'sanderen daegs smorgens bij
hem teverschijnen het geen den relatant betuigt
gedaen en dien Cancellier nog aangetroffen te heb„
ben op het poinct dat hij na Jiroewetarnese
„mange stont teventrekken om zijnen hij densen
offer"
NL-HaNA_1.04.02_3142_0500.xml,"offen dienst aldaer te verrigten
dat den relatant schoon deeze occagie niet te fa„
vorabel was om met dien cancellier iets tever„
handelen en hij ook den relatant aankundigde
van nader bij hem teverschijnen wanneer hij van
Jiroewetarre semange zoude weezen geretourneert
nochtans die gelegenheid niet had kunnen laaten
voor bij slippen om 's opperhoofds ola overhan„
digende onder zijn E=s groette hem tegemoet te„
voeren dat het niet redelijk was skomp:s logie
te kilkare dus bezet tehouden en zulks onrede
lijker zoude zijn nu den relatant daer aen ge
komen was met een ola van het E: Jutukorijns op„
per Hoofd met wien den rijks Cancellier dan immerd
het nodige konde verhandelen welke aenspraek
hem Canoellier zodanig gemoveert hadde dat hij
staap zijnen penne voerder ontbood en hem last
geevende om een mandaat na kilkare aftezen„
den tot terug roeping der daer weezende trou„
pen den verhaalder gebood van sander en daegs
ll:
bij hem te koomen.
Dat 't ammoderum Pulle savonds thuis gekoomen
weezende"
NL-HaNA_1.04.02_3142_0501.xml,"2260.
weezende nevens de verdere hovelingen de ola
van het F: opperhoofd geleezen en den volgenden
moogen den Relatant ontbiedende hem het
volgende tegemoed gevoert had wat heeft uw heer
mij dus te schrijven Jk sortier onder uw lieden
niet om dat ik het bestier der zaeken van
dit Hof waarneem vloeien van alle kanten
niet
menschen tot mij en ik weet wie ik dit of dat
verzoek toestaan of ontzeggen moet zoo
ik teegen dE: Comp=e op ceilon ageeren wil
dan moest ik immers wel veertig thonijs
klaar hebben om het volk op de overwal
tezetten en zelfs noch aan deeze zijde vij„
andelijkheeden tegen dE: Comp=e onderneemen
en op zee slaachs raaken mitsgaders dus
ten eenemaal verbreeken de vriendschap
van dE: Comp=e, dit alles had men eerst
moeten verneemen voor mij zodanig te
schrijven den kilkareesen Resident heeft
zich bij geschrift verbonden om binnen
zekeren tijd mij het geld dat den Prins
mij beloofd had tevoldoen maer daervan
niets
g"
NL-HaNA_1.04.02_3142_0502.xml,"niets komende heb ik twaalf man na kilkare
gezonden om het geld aftevraagen doch deezen
heeft hij met goede woorden weeten terug teten„
den Jk ben daer opgemeenlijk geraakt en heb
Moettoe waijaewe Pulle met 300: Man na kilka„
re gezonden om het geld afte Eijschen dat den re„
sident onder Eede belooft had binnen agtdagen
tevoldoen en dus lange heb ik Moettoe
waijrewe Pulle geordonneert daer te vertoe„
ven dog ondertusschen zijt gij met de ola
van het E: opperhoofd hier gekoomen dit is
nu al het g'Exteerde eu zal ik geene mo„
vementen daer meer maeken de Residenten kun
nen hunne geEenbarqueerde huijshoudinge
weder aan dewal laaten koomen en gerust
blijven als bevorens dog vermids ik des
Eersten residenth verzegelde bewijs
ola in bewaring heb zal ik inder
tijd weeten hoe aan het geld tekoomen
geef hier van kennis aen uw heer onder
mijne Groete en zegt zijne teffens dat
Jk het andwoord op zijn I=s schrijvens
Eenstdaegst"
NL-HaNA_1.04.02_3142_0503.xml,"2261
eerstdaegs met mijn volk zal zenden ge„
vende den relatant zijn Paddij item een
Joepettij en Jalpo en een
Salve
Dat den relatant 's anderendaags terug keeren
willende 's E: opperhoofds arraatje Sangelie aldaer
aangekomen was met de ola door zijn E: en den E:
Colambosen Eersten pakhuijsmeester Pieter Liebert
smidt aan het Marruas Hoff gericdt
des den relatant met hem Sangelie weder
bij tammoderum pulle verschijnende ge„
zamentlijk dat schrijvens besteld hadden
waar op zij gelast waaren nader te
koomen het geen den derden dag wanneer
den relatant vernomen had dat de ola
geleezen was geschiedende Jammodrum
pulle in Een bijzonder goeden luim aange
troffen had die zijn genoegen over de be„
kendmaking der paarl visite denoteerde
hoewel dien minister zich tegen den re„
latant en sangelie arraatje dus uit„
iet men heeft nu 4. a 5. maalen wel
gezecht
e"
NL-HaNA_1.04.02_3142_0504.xml,"gezecht dat er eene visscherije zoude gehouden
worden maar daar is niets van gekomen en
wie weet of deeze rijze wel Een visscherije zal
gehouden werden, Echter kunt gijlieden ver„
trekken en de heeren bekendmaeken dat ik het
Antwoord met mijn volk over eenige dagen zal
zenden geevende sangelij arraatje Paddij met
een toepettij en een talpa gelijk den relatant
met evengem: sangelij dan ook aanstonds te
rug gekeert is
voorts verhaalt den relatant noch dat hij te
Rammenadewaram hijnelijk geinquireert
hebbende of daar eenige vergaderinge van
kuijgstroupen geschiede dan wel of er een
ge aanslagen tegen dE: Comp=e in faveur
van den gedetroneerden Candiazen koning
„en
in tie waaren van deeze en geene vertrou„
wen verzekert was dat al zulks wae
looze gerugte waaren dat de aanhouding
van den schoonvader des verjaagden Ca
diazen konings in naame Camawa
Naiken NB: zijnde desen die dus lange
volgens"
NL-HaNA_1.04.02_3142_0505.xml,"2262
volgens kilkarees schrijvens den sikkeesen
Naik genaemt is welken naem daer
uit oorsprang neemt dat met zijne
komst in het Marauase rijk den theu
ver hem een stuk lands sikkel genaemt
vereert heeft waer van hij tot dato dezes
de Jnkomsten geniet nevens de kandia
„ze sendeling Palkamoedeaer en denmoor
ommengatta alle welke drie perzoonen
met hun gevolg zich sem uur beoosten Rau„
menadewaram ter plaatse tit jemiwaram
genaamt in een Madam of rusthuis woon
achtig zijn maer geschiede om van hun rijke
geschenken en mooie sommas geldste ont
„vangen.
/:onderstond:/ Aldus gerelateerd ter fortresse
Tutukorijn den 24:' 9ber: Anno 1765. /:was ge„
tekend met eenige Mallabaerse Carracters
beduidende sodellemoettoe /:lager voor het
ten papiere brengen deses /:was getekend/
G: W: soek p=r sec=s in margine stond voor
de vertaling Getekend:/ S: Dacaus toek
nog."
NL-HaNA_1.04.02_3142_0506.xml,"nog lager Accordeert getekent G: W: treck
P:l Sek=s
Aan Als vooren Aan de Ceilonsche Regeering
Ter gelegendheid ik mij aan de noordelijkste
paarlbanken omtrent kilkare bevond heeft
den resident Keurman kamer kennis
geven van de verscheijkening bij hem van fer„
keren Moor die door sommige voor den bee„
rigten demoer: Gatta getekend wierd en
door de andere met brieven van en aan
den wel Edelen heer Cormandels gouver„
neur Hebbe, gem: Resident wegens de
speculative addressen van deesen Mooren
en even bevorens van wegen den Sikkel„
sen Fraik en palcamoedeaer met na,
druk gerecommandeerd alle voor en am„
sigtigheid omtrent de handelingen van
deeze vreemdelingen tans nog meer tege„
buuiken ook van alles spoedigst kennis
te geven aan uwel Edele Gestrenge gelijk
so even met het willen afdepecheeren
van brengster dezes de Booth. De
Jonge"
NL-HaNA_1.04.02_3142_0507.xml,"2263.
Kolomt
Jange Martijn van hem ontvangen sijn
sodanige Copia brieven aan uwel Edele
gestrenge en na Nagapatnam afgevaer„
digd als de vrijheid gebruijke desen in
Eerbied bijtevoegen nevens de twee Mal„
labaare brieven door voorsz: Moor overge„
legt met der zelver translaaten hebbende
overigens de Eere met diep ontzag en
Hoog agting te blijven /:onderstond:/ als
vooren getekend/ G: Devos in margine
Tutukorijn Den 11. 9ber: Anno 1765.
Aan den wel Edelen Groot Achtb: heer
Mr Jman Willem Talck.
Gouverneur en directeur van het
Wyd beroemd Eijland Ceilon met
dies onderhorigheeden.
Wel Edele Groot Achtbare
Dyd gebiedende Heere
Aan den goeden bestel van mijne submissie
letteren"
NL-HaNA_1.04.02_3142_0508.xml,"letteren van den 22. ' November Jongst
weeken geen zints twijffelende sovende
wij verpligt uwel Edele Groot agtbare
met de meeste Eerbied te Comminuicee„
„ven dat voor eenige dagen te kammenade
waram is koomen opdaagen Seker Moog
die van eenigen opgegeeven wierde te zijn
seeker oemoer Gatta die voor eenige Jaeren
wegens a Costij gepleegde misdaed na
Tutukarijn gezonden is om op het Eij„
land alle lande gebannen teworden
die het agter der selver tijd heeft wee„
ten te ontvlugten en wien bij g'Eerbiede
Kolombose missive de dato 7. Maij
J=o weeken g'ordonneert ben des moge
lijk optevatten en Costi waerds te zeeden
andere in tegendeel hielden staande dat het
niet Oemergatta maar desselfs broeder was
ik bezig zijnde daer na met de meest mo
gelijkste vlijt teverneemen quam deeze
Moorman te kilkare met geene gemeene
statie en het in mediaet aen mij verzo
1.
„ken"
NL-HaNA_1.04.02_3142_0509.xml,"2264
mij
ken van incognito bij te mogen komen
alzo iets van belang teseggen hadde
ik accepteerde sijn besoek en het was
circa elf uur 's avonds toen dezelve binnen
en bij mij quam verthoonende hoe hij
zijn huijs en familie te Calpettij hebbende
een tijd lang den thans verdreeven Can„
diaas koning gediend en aan deese over„
wal gekomen egter na een tijdlang hier
en daar geweest zijnde gezien hebbende
van niet gelyk voor heen ofsonder dEdele
Maatschappij te kunnen bestaan heen te
Nagapatnam aan den wel Edelen Groot
agtb: Heer Cormandees gouverneur gead
diesseerd hadde met welgemelde sijn
wel Edele groot agtbare het een en an„
der gecontracteerd, 't welk gelijk kan
bespeuren het een en ander naa zende
de pacre visserij, die te Manaer soude kun
wu geschieden was en daer op in seeker
verrigting hem door den Nawab opge„
draegen dit hen gekomen hier van zijn
Wel"
NL-HaNA_1.04.02_3142_0510.xml,"wel Edele groot agtbare den heere gouverneur
voormeld een brief ontvangen welken brief
hij mij met eenen aanbood ten Eijnde de
handteekening van zijn wel Edele groot agtb:
te kunnen zien en hij nu de begeerte van sijn
wel Edele groot agtbare om nog eens te Na
gapatnam te koomen en nader over die sae
ken tespreeken thans niet kan voldoen
door dien te Jnitschenapaale bij den Na„
wal Mahomet Delichan moeste koomen
versogte hij dat ik aan wel gemelte wel
Edele Groot agtbare heere Gouverneur see„
ker brief, dien hij mij terhand wilde stellen
mogte senden ik hadde den aan mij verthoon
den brief ondertusschen in stilte laaten bee„
zen sonder dat het door dien Mooeman
gemerkt wierde en dies inhoud verstaen
ik vroeg aan den selven na de persoon van
palcom oedeaere en desselfs verrigtingen,
hij antwoorde dat het Juist so een grooten
eigentlijk
personagie niet was, dat het Eijndelijk
een meester was die de vrijheid hadde in
het."
NL-HaNA_1.04.02_3142_0511.xml,"2265
het vertrek der vrouwen des Candiaesen
konings tekoomen en dat deze vrijheid
hem in aanzien gebragt hadde dat deselve
niet veel soude kunnen obtineeren en
dat hem wel bekend was de wegen door
dewelke olassen een nu en dan het een en
ander van en tot de kandianen quamen
ik begeerde die weegen teweeten, hij
antwoorde mij de zelve gaarne tewillen
seggen, maar vermids daer over bereeds
met den wel Edele Groot Agtbare
heere Cormandels Gouverneur ge„
sprooken hadde en veronderstellende
of zijn wel Edele groot agtbare
soude het selve bereeds aan uwel
Edele Groot agtbare hebbe bedeeld,
dus sijn wel Edele Groot agtb:
de heere Cormandels Gouverneur
qualijk soude neemen over het
selfde Chapitea met mij te hebben
Seggende verders dat
gesprooken
ook aan meergew: wel Edele Groot
Agtbare"
NL-HaNA_1.04.02_3142_0512.xml,"agtbare heere Charmandels gouverneur
voorgesteld hadde hoedanig de oorlog
op Ceijlon een schielijk Eijnd kon
krijgen het zij door het taeffen van
een vergelijk tusschen de oorlogende
partijen den wel in dien haar Edele
liever door kragt des oorloge haer oog
merk wilde bereijken hoedanigen mid„
delen als dan in het werk dien den ge„
steld teworden someede dat die tot
dus vergenomen maat regulen wel
haar Edelens mogt vermoogen en
grootheid aanthoonden maer dat die
danig voortvarende het oogmerk
in lange niet soude bereikt woo„
den, dat ten dien fine diverse vas„
tigheeden dienden aangelegt teworden
op mijn begeerte wat middelen tot
het een en ander dienden g'emplai„
eert teworden antwoorde deselve
meede als voor heen omtrent deweegen
der briefwisselingen, ik vroeg of mij
wel"
NL-HaNA_1.04.02_3142_0513.xml,"2265
wel Copia des verthoonden brieves wil de
geeven Hij antwoorde van ja dus het den
selven inmediaat Copieeren, gelijk de Eere
hebbe uwel Edele groot agtbare mits deezen
eerbiedigt aantebieden, so meede Copia van
den brief door dien moorman aan den wel
Edelen Groot agtb: heere Cormandels gouver„
neur geschreeven en mij open ter hand ge„
steld mitsgaders Copia mijner geleijde lette„
ren aan wel gem: wel Edele Groot agtbare
heere gouverneur geschreeven
Jk vroeg aan dien Moorman of geene onderge
handeling met Pal coen oedeaer hadde hij ant„
woorde gelijk ik bereeds geinformeerd was
dat met den selven te Rammenadewa„
ram in een huis woonde mitsgaders dat
hij den Palcom oedeaer meende meede
na den Nawab teneemen, maer dat deselve
daer toe ongeneegen scheen, des niet temin
dat hij door den Nawab geordonneert
zijnde het geld dat de tansjour voost
onrigtmatig den palcom Oedeaer afhan„
„dig
in"
NL-HaNA_1.04.02_3142_0514.xml,"dig gemaakt van dien soude Eijsschen
en bij den Nawab brengen, het welk thien
duisent pagooden soude beloopen en gaf
voorts blijk van eenige kennis te hebben
dat Palcom oedeaer een brief voor uwel
Edele Groot agtb: aan mij hadde gesonden.
Jk vroeg nader of hij kennis hadde dat Pal„
com oediaar sijn swaeger te kolombo woon
de hij antwoorde van Ja en wel sodanig
als in dato 22.:' November pas weeken aen
het E: heer opperhoofd deser Custe geschreeven
en waer van Extract de eere hebbe uwel Edele
groot agtbare meede met de verschuldigde
Eerbied aantebieden.
voorts vroeg ik aan hem of hij eenige kennis
hadde aan den Prins waar van hij apa„
rentelijk soude gehoort hebben dat door
mij was na Colombo gecanvoijeert, zo
antwoorde hij van Ja en op mijne verde„
ve afvraging seijde hij deese prins is wel
geen konings soon gebooren maer dat die
voor deezen tans gevlugten koning gewe„
„sen"
NL-HaNA_1.04.02_3142_0515.xml,"2267
„sen seker kooning twee soonen gehad
en deezen door mij na kolombo gebragten
van zijne naaste parentatie sijnde als sijn
Eijgen soon meede aangenoomen hadde en
dat gerepte twee regte kinderen in de
wannij waaren omgekomen en deeze wien
een gelijk tot toegedagt het hoewel nog
hiel Jong sijnde ontkomen was dus dat
so door bloed als andersints niemand
aan de voorige koningen nader vermaag„
schapt was dan deese pris, egter liet
of scheen hij niet teweeten of deese Prins
voor eenige Jaeren op Ceijlon en in Can„
dia bij seeker Conspiratie tegen den thans
geveugten koning gesmeed prezent geweest
of eenig deel gehad hadde
weegens deeze Moormans sijne verrigting aen
het Rammenadewarams Hoff verneemd
niet anders als dat diverse maalen wegens
de paarl visserije gesprooken /: So meede
veele pogingen gedaen, ten Eijnde Palcom
oedeaer meede tot den Nawab tevoeren.
maer
Edele"
NL-HaNA_1.04.02_3142_0516.xml,"maar deze daer toe ongeneegen heeft liever
eenige van de sijnen mede dat hem gezonden
Rammenadewarans zyn groote ontstellenis„
sen wegens groote geld Eijsschinge/ die bij
wijze van agterstallige tribuit door de
Nawabse sendelingen aen dat Hof gedaen
worden en waar toegeen kans is om
te betaalen dus dat men de gevolgen moet
te gemoed sien
deesen hiermede fineerende hebbe de Eere met de
meest Eerbiedenste hoog achting en aldervol„
maakste submissie tevolhaaden /:onderstond:/ wel
Edele Groot Agtb: wijdgebiedende Heere uwel
Edele Groot agtbare onderdanige gehoorsame
en ootmoedige Dienaer /:was getekend:/ H: W:
A: Keunman /:lager Accordeert /: gete„
kend:/ keunman /:in margine zilkare
den 6. december anno 1765. nog lager
accordeert geteekend H. J: Ide E: g:
Clercq.
Nagapatnam:
7."
NL-HaNA_1.04.02_3142_0517.xml,"2268.
Nagapatnam.
am:
Aan den wel Edele Groot Agtb: heer
Pieter Haksteen
Raad Extra ordinair van Nederlands India
mitsgaders Gouverneur en Directeur van
SE: Comp.:s importante belangens en ommeslag
ter Custe Chormandel Etc:a Etc=a
Wel Edele Groot Achtb: Heere
seker Moor te Ceilon en in deese landstreeken
bekend met den naam van oemoer Gatta is
voor Eenige Jaeren wegens zeeker gepleegde mit
daed van Colonibo na tutukorijn gesonden
ten sinde aldaar op het Eijland Alle lande
gebannen teworden, heeft het Egter aldaer
weeten te ontvlugten na dato hier en daer
geswarven, verscheide onderhandelingen met
de bloedverwanten des door haer Edelens
wapen ten gem: Eijlande Ceilon verdreeven
Candiaas konings gehouden en verscheide
projecten ten nadeele van de Edele maat
schappije
ger
E: g:
:"
NL-HaNA_1.04.02_3142_0518.xml,"schappije en faveur des gem: konings ge„
smeed aan diverse hoven van Jul=t vorsten
en te Madras, waar door de hoog gevene„
reerde Ceilonse Regeering getreeden mij te or„
donneeren denselven bij de kop tevatten, blij„
kens ingeslooten Extract der hoog gevene„
reerde Colombose Missive sub dato 7. Maij
a: C: dit heen gecarteerd, gerepte moor nu
volgens ontfangen berecht voor Eenige
dagen te Rammenadewaram gekomen
zijnde/ poogde des mogelijk aan mij ont„
fangens ordres tevoldoen, wanneer nader
bericht kreeg dat het met demoer Gatta
maer een ander die voor desselfs broeder
uitgekneeten wierde, zoude weezen en ten
deezen op zigte in eenige dagen dan eens
het een en dan Eens het ander verstaen„
de quam dezelve onverwagt op kilka„
re en in cognito bij mij verthoonde
een briet van uwel Edele Groot agtbare
waer van hij niet wijgerde op mijn ver„
zoek mij Copia tegeeven, zoo als de
Eere"
NL-HaNA_1.04.02_3142_0519.xml,"2269
Eere hebbe uwel Edele groot agtbare hier„
nevens Eerbiedigst aantebieden, mij met
Eenen verzoekende aan uwel Edele Groot
agtb: tesenden den ingeslooten open brief, dene
welken dan ook d' Eere hebbe uwel Edele
groot achtbare met demeeste verschuldigden
heid aante presenteeren, versoekende dezelve
met eenen aan uwel Edele groot agtbare
te bedeelen dat thans absoluit nodig
hadde na Juitschenapalij Mahomet
Dillichan tereijsen mitsgaders dat al„
daar alles wat met uwel Edele Groot
agtbare benaamd hadde; soude observeeren
Jk hier uw Eens deels om dat swak van
volk ben en bedugd was of het Ram„
menadewarams Hof zoude hem met die
zaak bemoeijen en tweedens niet kun„
nende veronderstellen met wat saake dee„
se moor met uwel Edele Groot agtbare
in onderhandeling stond, temeer dat de„
selve ook verthoonde hoe met uwel Edele
Groot"
NL-HaNA_1.04.02_3142_0520.xml,"Guoot agtbare over diverse zaaken
raakende de affaires des oorlogs te
Ceilon gesprooken hadde, denselven bij
de kop tevatten niet raedsaam oordeel
de, zo agte van mijn verschuldigdheid
te zijn uwel Edele Groot achtbare het een
en ander te communiceeren, ten Eijnde navol„
gens uwel Edele groot achtbare prudente
gevoelens met denselven te handelen.
waarmede de Eere hebbe met de volmaekste
Eerbied en submissie tevolharden /:onder„
stond wel Edele Groot achtbare heer uwer
Edele Groot agtbare heer uwel Edele Groot
agtbare onderdanige en gehoorsame Die
naer /:was getekend/ H W: A: Keunman
in margine kilkare den 6. ' december
A„o 1765. lager Accordeert / getekend/
H: W: A: Keunman /:in margine
P: S: na dat deeze afgeslooten was ont„
fangen nog nevens leggende kleene ge„
slooten brief voor uwel Edele Groot agtb
den welken meede d' Eere hebbe uwel Edele
Groot"
NL-HaNA_1.04.02_3142_0521.xml,"2270
groot Agtbare aantebieden gaat eerst af
den 7. nog lager Akkordeert /:getekend/
H: I: Jde E: g: Clercq
Aan als Vooren.
Na dat onzen nevensleggenden eerbiedigen
bereeds afgeslooten was komt de bood De
snuffelaar even tevooren na kilkare
afgezonden om daar te kruissen terug
meede brengende nevensgaende Copia
schrijvens van den Manhaften Capi„
tain Bodenschatsz nevens uwel
Edele Gestr: zeer gevenereerde secreete mis
sive aan ons nopens de kilkareese zacken
den 18. 9ber: J=o leden geschreeven dog de„
zelve volgens successive beregten zedert
p=r het smal schip de Batavier ende
patjallang de vrijheid afgezonden
bereeds een goeden keer genoomen heb„
bende heeft zulks ook ons raedsaemst
doen oordeelen voorm: Capitain meede
gebragte Militairen E=na herwaerts
te ontbieden tot den naderen uitslag
van
111"
NL-HaNA_1.04.02_3142_0522.xml,"van zaaken of uwel Edele gestr: na der
te bekomene g'eerbiede ordre, terwijl
wij voorts bij aldien er weder Contrarie
verwagting iets vijandelijks op Kilkare
mogte komen voor tevallen een van bijde
derwaarts vertrocken en egter de visita„
tie zullen doen voortgaan dog intus„
schen ook ons bestaanwenden Salkom
oedeaar zo wel als alle andere die het
singalees belang zig aantrekken en aen
het sheuvers Hof zijn nevens de bewuste
obligatien van den Resident Kuuman
magtig tewerden daer toe, desnoods beste„
dende de bepaalde Spendatie door
uwel Edele Gestrenge.
Overigens hebben wij de Eere ons met alle
hoog agting tenoemen /:onderstond:/ als
vooren getekend P: L: Schmidt en G:
devos /:in margine Tutukorijn den
11:' decembere Anno 1765.
Tutukorijn
cul kori
„ „"
NL-HaNA_1.04.02_3142_0523.xml,"2271
Tutukorijn
Aan de wel Ede: Heeren
Pieter Liebert Schmidt
koopman eerste pakhuismeester en
/van den Politicquen Raad te kolombo en
Gerrit Devos koopman en opperhoofd te
Tutukorijn
Wel Edele Heeren Hoog
D'eerde Heeren Commis„
Sarissen.
uwel Edelens werden uit de aanlagen wel
ke ik van wegens sijne wel Edele groot
agtbare onsen seer gevenereerde oppergebie„
der d' Eere hebbe aan deselve te senden am„
plen tesien gelieven uit wat reden ik met de
suaauw De postillion de Chialoup de prin
Ces Isabella en de patjalling De vriend„
schap op hebbende mijne Compagnie in„
fauterie sterk 102. koppen 27. koppen
arthilleristen en eene Compagnie Javanen
in hierig vaarwater gekoomen bee„
Gelijk nu mijne Jnstructie mij ordonneert
direct
ri
E"
NL-HaNA_1.04.02_3142_0524.xml,"direct naer kilkare te stevenen om die
Compagnis plaats ingeval dezelve soo als
het gerugte op Colombo loopt, door des
jeuvers volk afgelopen en beset sijn soude
weer te hernemen geweld met geweld te„
keeren en ten spoedigsten d' aanlagen
aan uwel, Edelens als in deeze saak benoem
de respect heeren Commissarissen aftezen„
den, als hebbe daar in na mijn pligt met
in gebrek blijven willen veel meer geeve
ik mij de Eere aan uwel Edelens met
alle agting bekent temaeken dat ik al
reeds met die bovengenoemde drie bodems
't zedert den 23: ' der gepasseerde Maend
in zee ben, die Continueere force tegenwinde
welke mij eene so lange tijd hebben doen
suckelen hebben mijnen voorraed aan
water en brandhoudt doen ten einde gaen
en ik ben drie daagen sonder een druppel
geweest, ik was wel van sins om Calpettij
aantedoen om mij daermede weer te voorsien
dog de wind so mij ten eenemael Contrarie
was."
NL-HaNA_1.04.02_3142_0525.xml,"2272.
was, heeft sulx niet toegelaaten weshalven ik
den 5. ' deser mij geresolveert hebbe mijne
steevens hier na toe teweerden om so het moo„
gelijk op het varswater Eiland mijn water ge„
brek te verhelpen en mijn half versmacht
volk teverquicken den 6. ' smorgens hebbe ik
dit Eijland in het gesigt gekreegen, dog met
een is de wind mij op nieuws ook soo tegen
geloopen dat ik niet in staat was om dit
Eiland aantedoen, tot groot geluk heb ik
tegens de middag het Jutukorijnse booth ont
moet en van deeze heb ik den 7. smorgens
een kont hj niet bij komen omtrent een
halve legger water, als sijnde dit alles
wat hij voornadig hadds tot grootste ver
quicking van mijn volk bekomen en ik
heb het selve boodt met ledige vaatwerken
naar het vars water Eiland gesonden om
aldaar water voor mij tevullen. Heeden is
dit booth eerst weer terug gekoomen en
nadien ik nu van eenigen matigen voor
raed van water voorsien ben, so hebbe het sel„
„ ve
e"
NL-HaNA_1.04.02_3142_0526.xml,"ve ten eersten met dit mijn schrijven en
's E: compagnies papieren aan uwel Edelens
naer Tutukorijn afgezonden en ik selfs
sal soeken Kilkare te berijken mijne an„
dere bij de vaartuigen welke nog agter uit
sijn afwagten en mitserwijl des noods sijnde
de behoorlijke aanstalten tot mijn landing
maken.
dog dat ik nu niet weet wat ik denken sal
van den kilkaresen onlusten als tot wel„
ker herstelling ik hier na toe gecomman„
deert ben, van welke de narigt op kolom„
bo gekomen dat de Comp=e logie van des Jeufers
volk geblokkeert of wel gaar weggenomen
sij en waar van de besaghebber des tutukorijn
sen booths mij in tegendeel versekert dat
aldaar alles in rust en vreede is, soo geeve
mij de Eerd uwel Edelens mijne seer ge„
Eerde heeren Commissarissen gehoorsaamst
teverzoeken mij ingeval dit laatste gegrond
is ten eersten believigst tebedeelen, waar ik
mij met mijne vaartuigen en op hebbende
volk het welk veel uitgestaan heeft
naer"
NL-HaNA_1.04.02_3142_0527.xml,"2273
naer toe wenden sal en bij den eersten
geval mij Sowee met de noodige thonijs
bequaam om mijne Troupes en swaere
arthillerij te kunnen doen landen spoedigst
voorzien telaeten als ook mij niet uwel
Edelens nadere voorschriften wat tot best
der E: Compagnie eetwan dienstig en nodig
sijn mogte teverseren, also ik in hiesige
gegend ten Eenemael onbekend ben.
In welke verwagting ik mij desere geeve
na vrindelijke salutatie met volkomene
hoog agting tesijn /:onderstond:/ wel Edele
Heeren Hoog G'eerde Heeren Commissa
nissen uwel Edelens Gantsch Gehoor„
same Dienaere /:getekend:/ H D:
Bodenschatz: in margine/ Aan boord
van de snaauw De Postillion, den
8. december Anno 1765. /:lager:/ Akkon
deert /:Getekend:/ H J: Jde E. G. Clercq
Aan"
NL-HaNA_1.04.02_3142_0528.xml,"Aan Als vooren
Ten vervolge van het Eerbiedigst bedeelde bij
nevens leggende brief van mij en den koop
man en Colombos Eerste Pakhuismees„
„ten De Heer Pieter Liebert Schmidt
hebbe de eere also sijn E: den 16:' smcor„
gens de visitatie heeft gaen voortzetten
en ik voor so lang noodzakelijk tot de
nodige bestellingen in het doen terug
keeren der vaartuigen als andersints
alhier gebleeven ben uwel Edele Gestren„
ge ootmoedig te beregten dat den E:
Manhaften kapitain Bodenschatz
eergisteren aan de wal verscheenen is
bekent maakende alleen den eersten
brief om dit heen tekoomen en te blij:
tot nader ordre te hebben ontvangen
dus daar op strap de Cours herwaerts
gewend hebbende, heeft de Tweede ordre
om direct vandaer dezelve sig bevond
na Castij tekeeren na het verswaters
Eijland gelijk de eerste gesonden omper„
Mousjouw telaeten bestellen aan
zijn E: niet kunnen toegebragt
worden maer is kort na desselfs aen
komst"
NL-HaNA_1.04.02_3142_0529.xml,"2274.
komst aldaer van daer terug besteld
geworden.
Gem: Capitain Bodenschatz: heeft dan
ook kennis gegeeven dat terwijl zijn
E: den 13. ' deezer als open aan kilkare
gelegen hebbende daer aan dewal gegaan
was den Resident Keunman tijding
ontvangen had dat den Jongen Cheuver
aan de Maselan seer slegt lag waer
van egter geen directe Communicatie
tot nog opdaagt.
Dit zoude wij wel in bedugting brengen
dat wanneer dien vorst nu het tijde„
lijke kwam afteleggen en een er een
ander vorst verkooren wierd daer over
mooglijk eenig spels soude weezen
verzeed van roverijen en Stroperijen
in het Marruas Rijk als gemeen
tusschen de dood van een theuver en de ver„
kiesing van sijnen opvolger dog deese swa„
righeid laat sig egter thans vrij ligten
aanschouwen om dat Tammoderum Pulle
midssvorst minderjaarigheid genoegzam
aan het roer der zaken geweest zijnde ook
zo veel pouvair hebben sal van sulx voo
„ tekomen.
z
is
ij
per„
ƒ"
NL-HaNA_1.04.02_3142_0530.xml,"tekomen ofte ook zelfs die verkiezing na
sijn genoegen telaaten geschieden, waar
door ook de overige partijen of op hunnen
naam de roofzieke marruassen niet so
seer buiten den band sullen kunnen spuin
gen en alhoewel dese stelling sig ook wel
anders wil laaten beredeneeren bij pre„
suppositie dat bij hoofdeloosheid van
het gemelte Rijk, de overige grandes niet
sullen willen dulden dat alleen Janmo„
duuws Pulles vlieger soude opgaan, soo
sullen egter om dat alle de oosterlingen,
uit oorzake de Chialoup De Princes
Jsabella en Pantjalling de vriendschap
so leck bevonden sijn, dat sij de reijse
derwaerts niet buiten gevaar kunnen
onderneemen ook blijven moeten en om
autuges te prevenieeren op het Eiland
alle lande geplaatst sijn tot bequame
occagie dezelve, terwijl tog 'stheuvers
reconvalisatie van of sterfgeval aen
de moselen haast sal kunnen verno„
men werden, intusschen eenige Cammo„
ties op kilkare komende te ontstaen
kunnen geEmploijeerd werden tot dec„
„king"
NL-HaNA_1.04.02_3142_0531.xml,"2275
Aan Als vooren.
„king van sComp=s logie ter gem: fac„
tarie, hopende dat uwel Edele gestrenge
sulx gunstig sal gelieven te approbee„
ren, terwijl den Manhaftigen kapitain
Bodenschats met de Europeese Mili„
„tairen en artillersten thans derwaerds
retourneert
overigens neeme de vrijheid met alle hoog
agting en veneratie te blijven /:onderstond
als vooren Getekend J: De vos in man„
gine Tutukorijn den 18:' xber: Anno 1765.
Gisteren avond laat hebbe de eere gehad
over Manaar en kilkare te ontvangen
uwel Edele Gestrenge gevenereerde lette„
ren van den 24. ' November J=o leeden
en vermits de snaauw de Postillion
op gisteren gedepecheert wegens den
toebreng van de Ammonitie goede„
nen uit de sloep Princes Jsabel„
la of andersints als nog geankert
legt neeme de vrijheid uwel Edele
Gestr: bij deezen eerbiedigst ten kennis
tebrengen dat ten Eersten na Jassana„
patnam en Manaer bedeelt is de
veranderde"
NL-HaNA_1.04.02_3142_0532.xml,"veranderde omstandigheid te kilkare
op dat vaartuigen en goederen van
den Jheuver in beslag genoomen zijnde
mogen gelargeert en daer mede niet
voortgevaren werde
voor het overige blijve met alle hoogag„
ting /:onderstond als vooren getekend
G: De Vos /:in margine Tutukorijn den
19:' xber: Anno 1765.
Aan Als Vooren.
Nevens leggende brief gesloten en na
de toen nog ten anker gelegen snaeuw
De Postillion afgezonden zijnde om
daer mede derwaerts tewerden overge„
bragt, is dat kieltje kort daer op onder
zeijl gegaen en heeft denselve dus niet
aan boord kunnen besteed werden.
'T zederd is den arraatje Sangelie, die na
Rammenadewaram geweest is, terug
gekomen, doende zodanig Relaas
als de hier bij gevoegde kopia daer van
dicteerd en Conform dewelke den Jon„
gen Jheuver wel aan de mazelen legt
maer niet zo slegt is dat men sijn dood
daer aen of eenige daer op tevolgene
Camoties"
NL-HaNA_1.04.02_3142_0533.xml,"2276.
Comaties op kiekare te dugten heeft,
waerom ook de oogtersche Militairen,
gehoorende onder den E: Manhaften
Kapitain Bodenschatz: van beter
uit aldaer oordeele dan hier langer
aantehouden
Bij gem: Relaas blijk ook dat de spar„
gementen in het Marruas Rijk onder
anderen behelsen dat den Nawab Maho„
med Dillijchan sig niet te Tuitchena palij
bevind, maar van daer twee daegen rij„
zens noordelijk opgegaan was, om het hoofd
tebieden aan de afgezakte Mogoeze legers,
onder Maboeschan, over een komende
met de tijding die men hier heeft dat
Mahomed dillijChan bereeds met sijne
partijen die 60'000 Man uitmaken
slaags geweest is, hoewel zulx af„
firmatie vereist.
Ondertusschen schijnt na den teneur van
op ged=e relaas bereeds op Jassana„
patnam ter Executie gebragt te zijn
uwel Edele Gestr: derwaerts en na
Manaar g'Expedieerde ordre om 'stheu
vers vaartuigen daer zij onder 'sComp=s
Jurisdictie
2n"
NL-HaNA_1.04.02_3142_0534.xml,"Jurisdictie tevinden mogten weezen
aantehouden en dat dienvolgende dit
Lot bereeds een thonij van Jammoderum
„pulle tebeurte gevallen is.
Dog voor den ontvangst van die tijding
selve door mij na Iaffena en Manaer
bericht zijnde dat de omstande van
kilkare en de intelligentie van het
Marruas Hof geen aanhoudinge van
eenige theuvers vaartuigen vereijschen
hoope eerlange, ook daar door alle
verschillen uit den weg gemunt
tezien, inzonderheid als de te Jaffe„
napatnam aangehouden thonij of
voorm: beregt weder gelangeert
word.
den bewusten ommergatta is volgens
gem: Relaas na Cormandel vertrok
ken, dog den Aaik van siekel en Pal„
kam oedeaar bevinden hae nog op
Rammenadewaram en ik wensche
eer lange temogen berijken het sur„
ces van het tewerk gestelde om pal
kom oedeaan in de knip te krijgen,
zonder dat ik hier bij egter iets daer
van"
NL-HaNA_1.04.02_3142_0535.xml,"2277
van nog gewagen kan.
voor het overige onderschrijf ik deezen
met de uiterste veneratie /:onderstond:/
als vooren /:getekend:/ G: Devos /: in mar
gine Tutukorijn den 21. xber: Anno 1765.
Lager P: S: Na dat desen dus verre ver„
vaerdigt was, ontvang ik van kilkare wel
gens voorsz: saken sodanig berigt, als bij
nevensgevoegde Extract brief blijkt waer
aan de vrijheid gebruike mij nedrigst
te Rekeeren
BCelaas Gedaan door den
Sarraatje Sangelie van het
geen hem wedervaeren is
te Rammenadewaram
daar bij Een ola van het
opperhoofd deser Maduaese
Custe den koopman DE: E:
Heer Gerrit Devos aan
den Rijkskancellier en al
beschik van het Marruas
Rijk Jammoderum Púlle
besteld heeft.
den relatant verhaalt dat hij den 13:e dezer
op Rammenadewaram gekoomen
weezenden
8"
NL-HaNA_1.04.02_3142_0536.xml,"weezende de meede genomene ola aan
Jammoderum Pulle besteld en hij den
verhaalen gelast had te gaan rusten, Dat
hij 's anderendaags wederbij dien Cancellier
ontboden en van hem gevraagt was
waarom men te Jaffanapatnam zeke„
re zijn thonij die van dat kommandem:t
Eenige goederen was gaen haalen aenge
houden had, dat den relatand daer op
repliceerende dat er van kilkare bui„
ten ordre van de residenten of imand
anders een patjalling weggetijlt was
en mogelijk den gesaghebber daer van er„
gens iets zal verhaelt hebben, waar op
tot de aenhouding van gem: thonij or„
dre gesteld weezen doch in der tijd blij„
kende dat er geene Differenten tusschen
het Maaruas Hof en DE. Comp=e zijn
wel gelargeert worden zal Jammodaur
Pulle zulx g'accepteerd voorts den re
latant op den 16. Courant met een Joe„
pettij en 40. fannens beschenkende afge
depecheerd had met ordre om het E:
opperhoofd bekend temaeken dat hi
het andwoord op zijn E: ola over 2.
â:"
NL-HaNA_1.04.02_3142_0537.xml,"2278.
a 3. dagen met zijne otekarres of
brieve dragers zoude zenden.
Voorts verhaalt den relatant noch dat
hij op Rammenadewaram van deesen
en geenen verstaan had, dat den jongen
theuver, aan de maselen lach, doch er
geen zwarigheid bij was, en dat dien
Nawab Mahomed Dillijchan zich
niet te Jritchenapalij bevond, maar twee
dagen rijsens benoordelijk opgegaen was,
om het hoofd tebieden aan de Jnvadeeren
de troupen van den Nawab van Dillij
onder het bestier van zijn Mahomed
Dillijchans broeder Maebos Chan.
Noch relateerd den verhaalden dat zich
te Rammenadewaram bevonden den
sikkelsen Naik in name Cannawanai„
„ken zijnde de schoon vader van den gede„
troneerden Kandiasen koning en Pal
kom oedeaer, seer meede Cabaale van
dien verdreeven koning maer dat den
Moor ommergatta volgens het geen men
den relatant verzekerd had na Corman
del vertrocken is zomede dat aen het
Marruas Hof desnaeren gesteld wierden
tot
2"
NL-HaNA_1.04.02_3142_0538.xml,"tot het doen van een bezending na Co„
lombo ten einde aldaar over de visscherije
tusschen Calpettij en Nigombo te handelen
dat men ten dien fine op kilkare van de
residenten had laaten vernemen de naem
van den wel Edelen Gestr: Hoog Gebie„
den den Heere Ceilons Gouverneur dat
en ook gezegt is dat de zendelingen zul
len zijn de Hofsgrooten wielasarie
zijnde een zilversmith en daarom ook
de zulks beteekenende naem van Aza
rie voerende en Markaia Een moor
en afstammelingen van Leboe
Naina Marcair waar van de
oude contracten tusschen DE:
Comp=e en den theuven geslooten
spreeken.
Aldus gerelateerd ter fortresse Jutuko„
rijn den 20. ' xber: Anno 1765. was
getekend met Eenige mallabaerse
Caracters /:lager voor het ten papier
brengen deeses /:geteekend:/ G: W:
Joek P:l Sek:s /:onderstond Accoo„
deert getekend H: I: Ide E: g: Clercq
Exxtrakt."
NL-HaNA_1.04.02_3142_0539.xml,"2279
Extrakt Aparte Missive
in dato 17. xber 1765. van
Kilkare na Tutuko„
rijn geschreeven.
Het Rammenadewarams Hof
heeft twee sendelingen als den Moor
Lebbe Neijna Markair en den be„
kenden wellasarie gereed gemaekt ten
einde met een ola voor den wel Edele
groot achtbare heer Ceijlons, gouver„
neur over Manaer per twee thonijs
Colombo waarts gezonden teworden
volgens hun seggen tot het koopen der
tevenpagtene paarlvisserije en verhan„
delen van eenige andere affaires soo
meede het overbrengen van eenige
geschenken.
ook heeft het Rammenadewarams tof
desselfs toestemming gegeeven tot het
passeeren der patjallangs door Pam
bes Canael.
Dat het Hlof heeft ook een ola teffens
een
e
c"
NL-HaNA_1.04.02_3142_0540.xml,"een smaal geschenkje voor den wel
Edele groot agtb: heer Chormandels Gou
verneur na Nagapatnam gezonden
de eerst getekende heeft een ola van
Jammodaumpulle ontfangen waar in de
zelve verzoekt delargatie van eenige te
kolambo in arrest gehouden werdende aa
moneese Jnwoonderen Etc=a gelijk uw
E: gebiedende uit die deezen versellende
kopia des gelievende sal kunnen ont
waeren.
seker Mapulle theuver sijnde meer be„
kend onder de Iraem van Moerkoe„
louse Theuver sijn soon anthoud hem
eenige daegen te kammenadewaram
volgens berigten van Panninge, om
dat aen den Jongen Seuver eenige tee„
kenen van het uitslaen der kinder potjes
gezien „ wanneer hij bij onverwagte toe
„vallen of overleijden als de naaste tot
de successive bij den hand kan zijn, dog
deeze Jonge vorst, hoewel in eenige
daegen niet buijten het foot gekomen
Sijnde"
NL-HaNA_1.04.02_3142_0541.xml,"2280
sijnde, bevind sig, volgens andere berig„
ten gesond en wel en eenige die er
meenen dieper in de geheume vertrebkeen
des Rammenadenarams Hof te
kijken oordeelen dat deeze Moerkolause
theuvens soon aan het Hof gekomen is
een al lang op het tapijt geweesen hun
lijk tusschen hem en de moeder des
Jongen minder Jaarigen vorst ten eijnde
tebrengen en waer in hij door Jammodaur
pulle en andere aan het roersittende
wellales gedwarsboomt is /onderstond:/
Accordeert geteekend H: J: Jde E: g:
Clercq:
Aan als Vooren.
„hebbe
Gisteren avond „ met de komst van de Pat„
Jalling de vrijheid de eere gehad te ontvan„
gen uwel Edele Gestrenge hoog geagte
duplicaet letteren van den 11. Courant
en zal conform het daar bij geordon„
neerde den kilkareezen Eersten Resident
keunman het nodige gelasten, wanneer
antwoord zal hebben erlangt op het
reets in het werk gestelde door mij en de
heer smidt Conform ons onderdanig
berigt
G
n"
NL-HaNA_1.04.02_3142_0542.xml,"beregt van den 15=e dezer net het oog„
merk om palkam oedeaer op die wijze
bij ons en in den knip tekrijgen en als
dan verhoope ook te sullen erlangen het
origineel van uwel Edele Gestrenge voorn:
seer gevenereerde missive met de over„
settinge van den Mallabaersen brief
door den siekelsen Naik en gem: Pal„
kom oedeaar aen uwel Edele gestrenge
toegeschikt.
ook hebbe de eere bij deezen temelden de
receptie van den veel geagten brief door
uwel Edele Gestrenge nevens dE: heeren
leden van het geheine Committe aen wij
en den heer schmidt op den 15. Courant
geschreeven wegens de terug schikking
van het kommando onder den E:
Manhaften kapitain Bodenschatz:
al
en „ verder dat volgens Caab Commorijnse
al
berigten zeker Engelsch generael Johan
spender genaamt voor heen als Cam„
mandant van Asjenga daar gelegen
desen dagen met een schip daar ten
plaatze"
NL-HaNA_1.04.02_3142_0543.xml,"2281
plaatze aangekomen en tweee dagen
daar na in gesprek met den Jnevan
Coorsen koning geweest was dat den
koning toen den Generael verzogt
hebbende om de 12. plaatsen in het
Madureese geleegen door den voor„
maligen regent deser landen Cane„
saaib den koning overgelaeten dog door
den Nawab weder ontnomen in pagt
temogen hebben mids de pagt pen„
ningen op asjenga voldoende of
door wege van gem: Generael te Ma
daas overmaakende den Generael
belofte gedaen had Sig derwegens
bij Mahomed dillijchan te interre„
deeren en dan bescheid te geeven bescheep„
kende den koning met 1: houwer met
goud gevest 5: alkativen en diverse
zijde stoffen terwijl zijn hoogheid
een Contra geschenk van 1. paert
1. Palenquein met een koomme
arm.
Banboe en 2. goude „anigen gepre„
senteert hebbende voorm: Generael
hetsedert na Bombaij enden koning
na Palpenadewaram gekeert is.
Terwijl"
NL-HaNA_1.04.02_3142_0544.xml,"E:k: van't
Terwijl ik mij overigens met de ver„
schuldigste Hoog agting en veneratie
onderschrijve Onder stond Altvoore
Getekend J: Devos /:in margine/
Tutukorijn den 22:' xber: Anno 172
Akkortegat
Joann Hointout
geh: Koumitt"
NL-HaNA_1.04.02_3142_0545.xml,#
NL-HaNA_1.04.02_3142_0546.xml,No 36
NL-HaNA_1.04.02_3142_0547.xml,"2282
Brieven naar
Afgegaane
Tutikorij
1:"
NL-HaNA_1.04.02_3142_0548.xml,
NL-HaNA_1.04.02_3142_0549.xml,
NL-HaNA_1.04.02_3142_0550.xml,
NL-HaNA_1.04.02_3142_0551.xml,"2262
Tutukorijn
koopman en opperhoofd
Aan den E: Gerrit de vos
Eerzame Diskreete
Wij Laeten het smalschip De Batavier tot
uE: oversteeken, om naar kilkare voortge„
„zonden te worden, ten einde van daer af te
haelen en herwaerds te brengen den Prins
bij uE: aparte missive dan den 21. ' April Jongste
„missive
vermeld uit onze „ aan den Resident Reunemans
die tot spekulatie onder kachet volant overgaet,
zal uE: zien onze intentie, nopens dien
Prins, en hoewel wij denken, dat onse daer
omtrend aan keunemans gegeeven beta„
„len voldoende zijn zullen, zoo qualificeere wij
uE: nochtans om ingevalle deeze of geene
ons onbekende omstandigheeden eene nadere
dispositie vereisschen mogten, dezelve daer
bij te voegen zodaenig, dat tot bereiking van
ons"
NL-HaNA_1.04.02_3142_0552.xml,"ons oogmerk in deezen strekken, gelijk wij
ook aan uE: als nader bij der hand zijnde over„
„laeten te oordeelen of keunemans zoo lange
gemist kan worden, om voorm: Prins her„
„waerds te geleiden
waer meede na groete blijve /:onderstont:/
Eerzame Diskreete, uE: Goede vrinden /:getek
Jn ojn
A„r Mooijaart, I„n I„n Feber, D:l Burrnat,
en A„n Moens /:inmargine:/ kolombo
den 31. ' Maij anno 1765 /:lager:/ P: S: uE:
word gelast van op den ontvangst dezes zoo
„veel Ezels inte koopen en met sloepen ten
eersten herwaards te transporteeren en als
ter uwer Hoofdije en op de onderhoorige Resi„
„dentien maer immers te krijgen zijn
Aan als vooren
UwE: genomene maatregelen, nopens den
bewusten Prins en de afgaene 3000: rd=s
worden op de gedane vaste verzeekering
van den Resident Keunemans geapprobeer
en we rekommandeeren uwE: ten overvloe
gem: Resident naeder aanteschrijven, dat
hij doch voor al het werk door voorbae„
„righeid niet andermaal verbrodde
De"
NL-HaNA_1.04.02_3142_0553.xml,"2284
De aanhanden zijnde Ezels moet uE: ten
eersten zenden, also de Expeditie op handen
is, en met den inkoop van meerder daege„
„lijx voortevaeren al was 't tot noch. 200: toe,
tot welker afhael mij alle aanhanden zijnde
sloepen soo dra mogelijk zullen overzenden
gelijk uE: de ginter aanhanden zijnde daer
toe ten spoedigsten moet emploieeren ons
ampelder andwoord op uE: sekreete tot per
naesten uitstellende blijven we na groete
/:onderstont:/ als vooren /:geteekent:/ A=k
Mooijaart /:in margine:/ kolombo den 10.'
Iulij A. o 1765.
Aan als vooren
uwE: serieuse Rekommandatien aan den
Resident keunemans, om zich na de kan„
„diasche zendelingen nauwkeurig te infor„
„meeren, en bij Tammotaram Pulle,
ingevalle die werkelijk neigen mogte, om
den kandiaschen koning met volk te
assisteeren, op 't nadrukkelijkste te
protesteeren, mitsg:s ten eersten van 't geen
hij ontdek:t; aan ons en teffens aen
het opperhoofd te Mannaar, kennis
te"
NL-HaNA_1.04.02_3142_0554.xml,"te geeven zijn van onze bijzondere approbatie,
en wij vermaenen uwE: alles wat mogelijk is
in 't werk te stellen, om bij tijds t' ontdekken
of er werkelijk een trajekt naer dit Eijland
slaet ondernoomen te worden, en zo Ia zulx
op alle mogelijke wijze te beletten
voorts gaan hierneevens twee Extrakten met
de sekreete brieven van de Hooge Edele Re„
„geering te Batavia aan ons gerecht, spree„
„kende van zaaken, die tot uE: kennisse
behooren, en welker in houd dus zoagvul„
„dig moet geobserveert, worden.
waarmede na groete blijve /:onderstont:/
als vooren /:geteekent:/ Im: will: Falck
I„n I„n Feber D„l Burnat en A: Moens /:inmar„
„gine:/ kolombo den 25. ' 8ber: 1765. —
Titukorijn
Aan D: E: E:s Pieter Sibert Schmidt
koopman en Eersten Pakhuismeester
te kolombo, tans in kommissie aan
de overwal, en
Gerrit de Vos, koopman
en opperhoofd: aldaer
Eerzame Diskreder"
NL-HaNA_1.04.02_3142_0555.xml,"2285
op de bekoomene berochten met het schip Wes„
„terveld van den attentaeten door die van
Rammanadawaram, tegens onze Loge en Bed:s
te kilkare gepleegd of gedreigd wordende
hebben wij ten eersten beslooten, Een deta„
„chement van Circa 250: koppen, onder bevel
van kapitain Bodenschats naer Kilkare
te laeten oversteeken, ten einde 's komp:s Loge
dienaaren en effekten te Defendeeren, en
bij aldien die van Rammanadewaram, tot
eenige vijandige feitelijkheeden mogten
treeden geweld met geveld te keeren en uwE:
de direktie daar van mits deezen, op te drae„
„gen; gaende eene kopij van ons schrijvens
en de Instruktie voor gem: Bodenschatsz
tot uE: narecht hierneevens, waer bij tot
nadere Elucidatie noch noteeren, dat, zoo
wanneer het Rammanadewaramsche
stot, dat deeze kommotie schijnt gemaekt
te hebben, om voldoening t' erlangen
Eerzame Diskreete en
Bijzondere Goede vrinden
van
an"
NL-HaNA_1.04.02_3142_0556.xml,"van twee Obligatien groot 8700: Pagooden,
die de Resident keunemans zonder qua„
„lifikatie verleend heeft, op de afbetaeling
van dezelven mogt blijven urgeeren uw E:
maer kordaat wegh moeten verklaeren
„dat d' komt dezelven
nooit voldoen zal, also keunemans tot
het passeeren van Obligaties op 'skomp:s
naam noit qualifikatie, last of macht
gehad heeft, en de komp: niet verandwoor„
„delijk gehouden kan worden, voor de
quaede passen van subalterne Residenten
en het zoude geen quaed zijn, dat uwE: of ten
minsten een van beiden van de visitatie
der paerlrheeven zoo lange konden uit bae„
„ken, om zich in perzoon naer kilkare
te begeeven en daar 't noodige onder„
„zoek te doen, en zodaenige ordres te
stellen als de konstitutie van zaeken
zal koomen te vereischen.
uit de bijlaegen van't appart schrijvens
van 't opperhoofd Devos schijnt het ons
toe, dat 'er mogelijk goede kant zijn
mogten, om de zendelingen des kandia„
„schen konings, die zich aan 't Marruasche
Hoff bevinden, teegens eene spendatie uit„
„geleeverd"
NL-HaNA_1.04.02_3142_0557.xml,"2286.
„gelederd te krijgen, en daerom qualificeeren
weuwE, om, zoo de berachte Pakoemoede„
„aar of eenig ander voornaem Hoofd van
de kandiasche zendelingen langs dien
weg in handen krijgen kunnen, daer voor
twee tot drie duizend Pagooden te besteeden.
En tevens te tragten daar voor meede in
handen te krijgen de obligatiere olas, over
welkers voldoening al dit spel gemaekt
word.
Waarmede na groete blijve /:onderstont:/
als vooren /:getekent:/ Im: will: Falck, J„n J„s
Feber. D:l Burnat. I:n P:s van Angelbeek
en A:n Moens /:inmargine:/ kolombo den
18' november 1765.
Tutukorijn
Aan de Heeren Schmidt en De vos, en Den Raad
Op de tijding hier met een koetsiensch burger,
vaartuig aangebragt dat de loge van kilka„
„re in de brand gestooken en verlaeten was„
Verzame Diskreete en Bijzon¬
„dere Goede vrinden
hebben
3"
NL-HaNA_1.04.02_3142_0558.xml,"hebben wij naar Jaffanapatnam en Manaar
daadelijk ordres geexpedieert om de engte van
Pambe, en de kusten van Sjeuverheers, ge„
„bied ten naauwsten te doen bezetten en
bekruissen, en alle vaartuigen, onderdaa„
„nen en goederen van den seuver aante
„houden en in bewaaring te neemen,
tot onze schadeloosstelling in der tijd, ofschoon
we niet twijffelen, of diergelijken natuurlijk
in den zin vattende middelen van
represaille zullen van uwen kant ook
reets in 't werk gesteld zijn, zoo qualifi„
„ceeren wij er uEd: echter, ten overvloede toe, en
om verder zoodaenige feitelijke en zachte
middelen, ter erlanging van een spoedige
satisfaktie, in 't werk te stellen, als uE:
van nabij beeter dan wij oordeelen kunnen
de nutste en oirbaerste te weezen, daar toe
het kommando van den kapitain Boden„
„schatst: gisteren van Nigombo gezeild
uE: wel te stade zal koomen.
van de misslag deezer maatreegelen
verwachten wij prompte kommunika„
„tie, en bij aldien 'er een onverwagte en
voldoende satisfaktie mogt gevolgd weezen
zullen"
NL-HaNA_1.04.02_3142_0559.xml,"2287
zullen uE: daar van ook naer Manaar en
Iaffanapatnam moeten kennis geeven, op
dat de g'arresteerde vaartuigen en Goederen
niet langer dan noodig is worden aangehouden
Wij zijn na Groete /:onderstont:/ Als vooren /: getek:/
Iman will Falck, I: I: Feber I: G: van An„
„gelbeek en A: Moens /:inmargine:/ kolombo
den 24: 7ber: 1765
Aan het opperhoofd ter kuste Madure
Den E: Gerrit de vol
P:r de Johanna
Catharina en de
Patjallang de vrijheid
Den brief van den kilkareeschen Resident keune„
„man, in dato 23. ' 9ber:; ontding ik eerst den 7:'
deeser na dat ik den uwen van den 26: gber: reets
tien daagen bevoorens, met de kopij van keune„
„mans brief ontvangen hadde. Tot mijne ver„
„wondering beheest de overzetting van 't Malla„
„baarsche briefje, 't welk de zendelingen van
den sikkelschen Naik en van Palkoem oedeaen
met zoo veel omzichtigheids aan den Gouver„
Eerzaeme Diskreete
„ neua
aan
choon
ualijk"
NL-HaNA_1.04.02_3142_0560.xml,"„neur van kolombo besteld wilden hebben,
niets anders dan eene vaatsche raadgeeding
van gezegden Palkoeme oldeaer aan zijnen
zwager, die met de onzen van kandia is
afgekoomen, om zijn best te doen tot het
bewerken van een vergelijk tusschen ons
en den vorst van kandia
Wijl dus de brief zelve, schoon het opschrift
op mij luidde, aan gemelden Moor hieldt kan
ik tot nog toe niet doorgronden wat de
bestellens met hunne mijs tenieuze bood„
„schap hebben voorgehad, deel min dat
er eenig andwoord mijnent weegen oppast„
Dit moet uE: keunemans te kennen
geeven en hem neevens gaande overzetting
dies Mallabaerschen briefs laeten toekoo„
„men, ten einde hij geleegenheid hebbe om
uit den inhoud met de zendelingen, die
om andwoord komen mogten te spreeken
en uit hun des mogelijk te hooren hoe het
met de regociatien met den kandiaschen
koning aan de over kust staa; en wat
zijne Majesteit verder voorneemens zij
vreede te maeken of den oorlog voort te„
zetten.
Hier"
NL-HaNA_1.04.02_3142_0561.xml,"2288
G
De vrijheid
Hier toe moet uE: hem keuneman de
noodige omzichtigheid aanbeveelen, en mij
zoo het uitgevorschte iets van belang zij
ten eersten daer van kennis geeven.
Jk ben na groete /:onderstont:/ als vooren
/:getekent:/ Im: Will: Falck /:in margine:/
kolombo den 11. ' December anno 1765.
Tutukorijn
Aan de kooplieden Schmidt en Devos
P:r de Patjallang
schoon wij niet twijffelen of de missive
die de eerstgetekenden den 28.:' 9ber:
aan kapitain Bodenschats afgesondene
heeft, om hem te rug te roepen, zal bereeds
voor ontvangst deeses op den overwal be„
„steld weezen, zoo laeten wij deezen echter
dienen ter kommunikatie van onze
approbatie, van uE:s verrigtingen omtrend
het kommando van gem: kapitain wiens
kompanie wij best keuren herwaerds te
laeten te rug keeren met den Posteljon,
die met de in voorraed zijnde pakken
Eerzaeme Diskreete en
Bijzondere Goede vrinden
kan deladen
het
heeft
kan"
NL-HaNA_1.04.02_3142_0562.xml,"belaaden en de voor 't volk onnoodige rijst
aangehouden worden, in mindering van den
Tutukorijnschen Eisch.
De oosterlingen van het kommando van
Bodenschatsz: zullen nu ook al overgestoo„
„ken weezen, volgens de tijding van kolpette„
en wij zagen ze ook liefst weder hier, doch
vinden uwE: derzelver aanhouding voor
's komp:s dienst oirbaar, dan qualificeere
wij 'er uE: toe, en blijve na groete /:onderstond/
als vooren /:getek:/ Im: will: Falck. J: J: Fe„
„ber, I: G: van Angelbeek en A: Moens /:in„
margine:/ kolombo den 15. ' xber: 1765
Akkordeert
Joanni Reintous
E: k: van't
gets: kommitte"
NL-HaNA_1.04.02_3142_0563.xml,"2289
Afgaande naar
Kilkare
itte"
NL-HaNA_1.04.02_3142_0564.xml,
NL-HaNA_1.04.02_3142_0565.xml,
NL-HaNA_1.04.02_3142_0566.xml,
NL-HaNA_1.04.02_3142_0567.xml,"2299
F
Kilkare
Aan den Boekhouder en Eerste Resident
Hendrik Willem August Keuneman
Goede vrind
Op de Boodschap van Tommoderam pulle, dat
des kandiaschen konings schoon vader bij hem
om 5000: Man hulps troupen, tegens de E.
pomp aanhield, moet uE: ten eersten op de
bestvoegelijkse wijze andwoorden
Dat het uE: vreemd voorkomt dat
zijn Exellentie de allerminste beden„
„kingen kan plaats geeven, wat hem
in dat geval te doen staat, alzo hij
immers wel weet, dat uit, Hoofde van
de van ouds her tusschen de Edele komp:e
en het Rammanadewaramsche
tot subsisteerende Traklaaten van nau„
„we vriendschap en Alliantie der gelij„
„ken verzoek, zonder de minste he„
„litatie moet van de hand geweezen
worden,
Dat uE: zich ook wel verzeekert houdt
dat"
NL-HaNA_1.04.02_3142_0568.xml,"dat hij nooit in twijffel geverseerd hebbe,
wat voor partij hij in deezen moeste kiezen,
alzo zijn Excellentie altoos getoond heeft
een vriend van de komp: te zijn.
Doch dat uE: niet te min aen mij van die
boodschap, wegens het groot belang van de
komp: hadde kennis gegeeven en daar op
ordre van mij ontvangen, zijne Excellentie te
laeten andwoorden: Dat de Edele kompanie
met den koning van kandia in openbae„
„ren oorlog verwikkeld was, en dus uit hoof„
„de der verbonden en onderlinge vriendschap
van Hem vertrouwde, dat hij de zendelingen
van dien koning of zijnen aanhang geen
gehoor en geene hoope van de minste assis¬
„tentie zoude geeven, alzo zulx zoude weezen
eene inbreuk der subsisteerende alliance
en vriendschap die de kompe naer haere
merite zoude moeten opneemen, also alle
de geenen, die den koning van kandia
in deezen oorlog min of meer adsisteer„
„den daar door tvonden, vijanden van onze
komp: te zijn, dat ik dus zijne Excellentie
niet alleen liet verzoeken, om die zende„
„lingen ten eersten van zijn hof te doen
der"
NL-HaNA_1.04.02_3142_0569.xml,"2291
vertrekken, maar ook uit hoofde van de
onderlinge vriendschap, ons te onderrechten,
of zijn Excellentie ook bekend was, dat 's ko„
„nings aanhang ook elders der gelijken aan„
„zoek deed, en zoo ja, of en in hoe verre
daar in reusseerden.
Nopens het stuk der paerelvisscherijen moet
uE: dien kanselier laeten weeten, dat de ban„
„ken aanstaande Iaer gevisiteert, en als vrugt„
„baar zijn beduikt zullen worden, dat uE:
dus zijn Excellentie raedt, indien deel in dies
verpagtinge wil neemen, zich daar over aen
mij te addresseeren. En moet uE: voor 't
overige alle dienstige middelen gebruiken, om
dien Regent nader tot ons over te haelen,
en voor al te disponeeren aan om de voorm:
kandiosche zendelingen van zijn Hof te ver„
„wijderen, en alle hoope van adsistentie plat
af te slaan, mitsg:s om, langs alle mogelijke
wegen berechten te bekoomen, of en waer
dergelijken sollicitatien om hulpe, meer
mogten gedaan worden.
uwe vrage, of naer vereisch van zaeken
nu en dan van den gemeenen wegh
mogte afwijken, en bij onverwachte voor„
„vallen
eer
„
doen"
NL-HaNA_1.04.02_3142_0570.xml,"„vallen ook onderwagte middelen gebruiken,
is veel te onbepaald, om daar op van eene
wel gestelde Regeering eenig nader andw:
te verwagten, als dat uE: zich daar over
ten spoedigsten duidelijk zal verklaeren,
wat uE: daarmede bedoeld of daar onder
verstaet
Doch indien uE: goede geleegenheid mogte
hebben, met Tommoderam pulle in ge„
„spoek te koomen, zoude het zeer goed
zijn, als uE: hem kost disponeeren, om
met onze komp:e omtrend het Eiland
Pambe eenig voordeelig kontrakt te
sluiten, waar door men andere Europe„
„sche Moogendheeden kost voorkoomen,
om 't zelve in bezit te neemen
Eer wij ons nopens het voorgestelde van
een nieuwe fortresse kunnen verklaeren,
moet uE: omstandig opgeeven waer
dezelve zoude dienen aangelegt te worden
en wat voordeelen de komp: daar van
zoude te wachten hebben, die de kos„
„ten van fortificeeren en garnizoen
houden konden goedmaken, want wij
hebben zoo veel fortressen, dat men schier
moet"
NL-HaNA_1.04.02_3142_0571.xml,"2292
Aan als vooren.
moetschrikken als men van het aanleggen van nieuwen
hoord, Echter indien de permissie daar toe zonder kos„
„ten kan verkreegen worden diend de kans waargenoe„
„nien, alzo men doch vrijheid behoud, of inhoeverre
men daar van gebruik wil maeken.
waarmede na groete blijve /:onderstont:/ als vooren
/:getekent:/ L: J: Van ock /in margine:/ kolomboden
5. Januarij 1765.
uit uE: brief van den 13' kourant zien wij, dat uk de ordre
van hier bij brief van den 5. ' bevoorens nog niet ontvangen heeft
waerom wij uE: bij deezen kopia authenticq daar van
te zenden, met rekommandatie om bij aanhoudinge
alle vreemde bewegingen aan die kant en de intentie
daar van zo verre mogelijk op te spooren en ons Ion„
„der agterhoudinge, van uE eige gevoelen daar om„
„trent, telkens daar van behoorlijke kennisse geven.
Intusschen diend nog tot uE: narigt dat de ola die uE: meld
van Tain moderum pulle ontvangen en niet uE: brief
overgezonden te hebben, niet aangebragt waar door wij
van dies inhoud ignorant zijn.
waarmede na groete blijve /:onderstond:/ als vooren
/:getekent:/ M: Rein, D Burnat en A: Moens /inmar„
„gine:/ Kolombo den 25. ' Januarij 1765
Aan
ge¬
p"
NL-HaNA_1.04.02_3142_0572.xml,"Aan als Vooren
Wij hebben uE: sekreet en apart schrijvens van den 6:
April Jongstl: en de daar bij vermelde vier olas van
die perzoon, die zich bij uE: voor een wettigen kandia
„schen Prins, heeft laeten uitgeeven, wel ontvangen
Dolas zijn gedateert op den 19:' maart bevoorens, 't geen
wij aanmerken om van uE: te verneemen, waerom
die niet vroeger als den 6:e der aanvolgende maand
april van uE: voortgeschikt zijn
uit denzelven inhoud blijkt, dat die Personaadje geen
kandiaschen Prinsmaar een Mallabaersche nai„
„ker en van het zelfde geslagt is, van den door ons
verdreevenen koning van kandia, en dat de
betrekking, die Hij, tot den kandiaschen Rijke
Troon kan hebben, op zijn hoogste in zwager„
„schap bestaad:
Dewijl ons niet te min ten hoogsten daar aan gelee
„gen legt, om denzelven van nabij te Leeren kenni
en grondig onderrecht te zijn van al 't geen Hem
en zijne afkomst betreft, zoo moet uE. zich nauw
„keurig naar alles erkondigen, en voornaeme„
„lijk ook in hoeverae hij de twee laeste koningen
van kandia bestaet als mede, naar zijne per„
„zoonelijke hoedaenigheeden, en wijze van leeven.
mitsg:s ons daar van een nauwkeurig berecht
geeven.
Indien"
NL-HaNA_1.04.02_3142_0573.xml,"2293
Indien zijn zendeling wederom bij uE: koomen mogt
om andw: te vraegen moet uE: aan denzelven eene„
„lijk tot bescheid geeven
Dat de Edele Heer gouverneur overleeden was en
meer derhalven des Prinssen belangens aan de
Edele Hooge Jndiasche Regeering van Nederlands
Jndia met de Eerste scheepsgelegenheid, mitsg:s
bij aankomste van een anderen Heere Gouverneur
ook aan zijn wel Edele groot Agtb: zal voordrae„
„gen.
Voorts goedkeurende dat uE van dit voorval aen uE:
opperhoofd heeft kennis gegeeven, noteere we noch in
andwoord op uE. vroeger Missives van den 17 en 27
maart bevoorens dat we ten eersten begreepen heb„
„ben, dat de pogingen van den moor oemar gatta
om dit Eiland te invadeeren of door 't berooven
der paerlbanken eene dieversie, ten behoeve van
den kandiaschen koning te maken, weinig om
't lijf zouden hebben, echter wenschten wij deezen
Boosewigt in handen te kunnen krijgen en
gelasten uE: derhalven, daar toe uw best te doen
't zij door 't kanael van Sammotaram
pulle, of door andere middelen, al moest
uE daar aan een hondert pagooden spendeeren
Inmiddels approbeeren wij dat uE bij de en„
„treveue"
NL-HaNA_1.04.02_3142_0574.xml,"„treveue, met den voorm: Tammotaram pulle
desselfs voorneemen, om onder de naeme van
hulpbende volk op dit Eiland te zenden, veriedelt
heeft en gelasten nader gem: kanselier voor zij„
„ne aanbieding van hulpstroepen onzentweegen
vriendelijk te bedanken, onder bijvoeging dat de
en Machtige
Doorluchtige „ komp: om den koning van kandia„
voor zijne trouwloosheid in het meenigvuldig vio„
„leeren der kontrakten te straffen, en geheel
te onder te brengen geen vreemde hulpe noo„
„dig, en dus ook bij niemand verzogt, maar
het in de Iongste Expeditie teegens denzel„
„ven, binnen minder als twee maanden tijds
reets zoo verre, door haere eige magt
gebragt heeft, Dat de koning na, in ver„
„scheide battailes, overwonnen te zijn
niet alleen de Hoofd en Residentie stad
kandia met alle artillerij en
ammonitie aan ons heeft moeten
overlaeten, maar ook zeedert uit, zijne
Bergvesting Hangerangkette in 't
Rijk van oeva verdreeven en in het
waeste gebergte van Badoele ge„
„jaagt is.
Den"
NL-HaNA_1.04.02_3142_0575.xml,"2294.
„van nooden hebbe
ook noch dienen
ter aanvrooge
of uwE kans ziet
daarom theeks
getas Koelies.
Dan dewijl wij tot zeekere expeditie in
de maand Iulij aanstaande een
groot getal koelis voor de komp:
zoo laaten wa deezen bij de maand in dienst te neemen,
om op dit Eijland, bij d' Armé in
't veld of bij de Detachementen, daar
een vaanwoordig 't noodig zijn zal, allerlij koedie werk
te verrechten, als bagagie en ammonitie
te dragen, de wegen en bosschen open
te kappen en zoo voorts, en hoeveel Man
mitsg:s tegens welk betaelinge.
Indien dit zonder behulp der inlandsch
Regenten geschieden kan, zal 't ons te
aengenaemen zijn, doch in zoo verre
Tammotarampulle daer toe moet in
den arm genoomen worden, zoo kan
uE: zich daar over aan hem addres„
„seeren, 't geen als dan, bij dezelfde
brief, in welke uE: hem, voor het aan„
„gebooden krijgs=volk, bedankt, gevoe„
„gelijk zal kunnen geschieden, door in
konnexie van 't overige Plaeten volgen.
Dat echter zijn Excellentie de komp
dienst zoude kunnen doen, met aen
haar Edele voor eenige maenden
Duizend"
NL-HaNA_1.04.02_3142_0576.xml,"Duizent fluxe koelis voor billijke
betaeling in dienst over te laeten.
en diend tot nadere informatie dat die
koelis, hier, in 't Laest van Iunij aanstaen„
„de dienden te weezen.
Nopens de pretensie van meerm: Regent
van zijn recht van vrije duikers bij de
aanstaande paerelvisscherije te hebben,
en de door de Engelschen ondernoomene
doorvaert van Pambes Engte, refereeren
ons aan het sekreet schrijvens van
huidigen datum, van den Achtbaeren
Raad van Politie; voor welke die mate„
„rien gehooren, schoon ze, door uE: met
de zaeken het Hof van kandia
betreffende, te gelijk verhandeld zijn
waarmede na groete blijve /:onderstont:/
als vooren /:getekent:/ D: Burnat, I: I:
Feber, I: G: van Angelbeek en A:m Moens
/:in margine:/ kolombo den 7:' Mai A:o 1765:
Aan als vooren
Hoewel we bij onze Iongste sekreete van
den 7: deeser uE: aangeschreeven
hebben, den bewusten Prins en pae„
„tendent"
NL-HaNA_1.04.02_3142_0577.xml,"2295
„tendent met een Vriendelijk andwoord
op te houden; zoo hebben we echter gis„
„teren om goede reedenen nader besloo„
„ten, Denzelven op dit Eijland te laeten
koomen, zonder ons egter in eenig enga„
„gement met hem voor als noch in te
laeten maar alleen, om item dan Persoon
te leeren kennen, en uit zijn Mond t' aan
hooren, 't geen Hij voor te stellen heeft,
en Tenden mits dien het smalschip
De Batavier om hem aftehaelen.
SE: word dus gelast hem bekend te mae„
„ken, Dat zeedert ons laeste andwoord
aan uE:, hier aen het Hoofd van zae„
„pen, gekoomen was de Heer Anthonij
Mooijaard kommandeur van Iaffana„
„patnam, die op het herhaeld verzoek
geneegen was zijn Hoogheid genoegen
te geeven, in het verzoek om hier te
komen en tot dat einde een bequaem
scheepje gezonden hadde, om zijn H:
af te staelen, ten einde over het bewus¬
„te onderweax nader te spreeken.
Indien Hij gelijk te denken is van zijne
voorige propositien nopens den
Kandiaschen"
NL-HaNA_1.04.02_3142_0578.xml,"kandiaschen Troon, wederom met uE:
wilde spreeken moet uE: zich niet in„
„laeten, maar Hem beleefdelijk tot ons
onderwijzen en als hij om een naemhafte
som gelds mogt aanzoek doen, moet
uE: zich ontschuldigen met het gebrak
van onze ordres, als meede van kon„
„tanten.
Dewijl wij voor als noch niet waeten,
inhoeverre wij met hem zullen
handelen, zoo kan hij ook voor mes
noch geen andere herbewijzen verlan„
„gen als die van een geapanageert
Prins, echter moet uE: bij zijn komst
in de logie, vertrek van daar en
komste aan boord eenige kanon
schooten doen, en Hem, in dien Hij
daar na vraegen mogte, verzeekeren,
dat hij hier meede met distinktie
zal ontvangen worden.
Ookvinden wij dienstig dat uE, indien
d'omstandigheeden uwe absentie
ginter voor een korten tijd, gedoogen,
hem in perzoon herwaerds geleede
of anders door den Tweeden Re„
„sident"
NL-HaNA_1.04.02_3142_0579.xml,"2296.
„sident doen geleiden, waer van wij
de Dispositie aan uE: opperhoofd den
b. De vos overgelaeten hebben neevens
alle verdere arrangementen die zijn
E mogte dienstig oordeelen, bij onze
ordres te voegen en het is zijn E:
aan wie uE: bij ontmoeting van eenige
bedenkelijkheid zich moet addresseeren
Indien deeze Prins bij het Hof van
Kammanadewaram eenig
aanzien heeft; zoo moet uE: hem zoe„
„ken te beweegen 't zelve aan te wenden,
ten einde de zendelingen des kandia„
„schen gevlugte den konings en voor
al den berugten oemar gatta in de
kinp te krijgen en moet uE: daer bij
vertoonen, toe zijn Eigen belang meede
brengt, daar toe zijn best te doen, Eens„
„deels om dat Hij daar door een groot
vertrouwen verwekken kan en ande„
„rendeels om dat hem 't meeste daer
aan geleegen moet zijn dat deeze
knaepen in de kaers vliegen voor
zoo verre hun Meester zijn
Antagonist is
n
hafte
ie
E
d"
NL-HaNA_1.04.02_3142_0580.xml,"Immidoels weeten we nauwelijx meer
wat we houden moeten van de geduu
„rige Tijdingen van nieuwe onderhande
„lingen aan het Rammanade„
„waramsche Hof en zijn geneegen
te denken dat daer over meer Bohai
gemaakt word als er van is, mogelijk
wel van Tommoteram pulle met het
oogmerk om zich bij ons ontzachelijk
te maeken
VE: moet dus geene angstvallige en
in het oogloopende rechenches daar na
doen maar met een onverschillige uite„
„lijke houding blijven waeken en zoo 'er
werkelijk een trajekt mogt ondernoom
worden maar onbewimpeld uiten, dat
de komp: het stuk hoog zal opneemen
en niet alleen dat toeleg door haere
waepenen te veriedelen, maar ook
op zijn tijd daar over reclatante satis„
„faktie neemen,
waarmede na groete blijve /:onderstond
als vooren /Ter ordonn: lb: /:getekent:/
I:n P: van Angelbeek, sek:s /:in margin
kolombo den 31: ' Maij A:o 1765
Aan"
NL-HaNA_1.04.02_3142_0581.xml,"2297
Kilkare
Aan De Residenten Keunemans en Scharff
Goede vrinden
olua
Op de bekome onaengenaeme Tijding van 's Teuvers
onderneemingen tegens onze loge, hebben we
ten eersten een detachement tot uwe hulpe
of ontzet in gereedheid gebragt, dat tans
van Nigombo oversteekt.
Aen dies kommandant, Den E: kapitain
Hendrik Daniel Bodenschatsz, moet
het gezag, zoo over de loge als de Dienaeren
ten eersten overgegeeven en teffens van al
het voorgevallene eerst bij monde en indien
zijn E. zulx begeerd, vervolgens ook bij ge„
„schrifte een omstandig en getrouw verslagh
gedaan worden, doch het Mercantite blijft
uE aanbevoolen
waarmede na groete blijve /:onderstont:/
als vooren /:getekent:/ Ter ordonn: &: I: P:
v: Angelbeek, sek:s /:in margine:/ kolombo
den 18. ' 9ber: 1765.
Akkordeert
Joanni Semvoo
E: k: van't
Jeh: Komm
gis"
NL-HaNA_1.04.02_3142_0582.xml,No 18
NL-HaNA_1.04.02_3142_0583.xml,"2298
Aankomende
Cochim
van"
NL-HaNA_1.04.02_3142_0584.xml,
NL-HaNA_1.04.02_3142_0585.xml,
NL-HaNA_1.04.02_3142_0586.xml,
NL-HaNA_1.04.02_3142_0587.xml,"2298
Colombo.
Aan Den wel Edelen Agtbaaren Heere
Lubbert Jan van Eck
Raad Extra ordinair van Nederlands Jndia
Mitsgaders Gouverneur en Directeur ten Eilande
Ceijlon met den Resorte van dien.
Wel Edele Gestrenge
Agtb: Heere!
Per het schip Kronenburg op 18. November J:o leden
hier behouden g'arriveert zijnde, heb ik Conformt
d'ordre en dispositie van haar hoog Edelheedens
de hooge Jndiase Regeeringe te Batavia ten
selven dage het bewind van 'sComp:s zaaken
en belangens ter dezer kuste overgenoomen
en vervolgens d' eere gehad te ontfangen uwel
Edele gestr: secreete missive gedateert 21. 9ber:
daar aan gerigt aan mijn antecesseur den af„
„geganen Commandeur weijerman van wie ik
elucidatie verzogt heb omtrend de werving der
sipais"
NL-HaNA_1.04.02_3142_0588.xml,"sipaijs en door zijn E: Mondeling berigt: ben
hoedanig het daar meede toegegaan is zoo als
ik d'eere hebbe uwel Edele gestr: dat schrifte„
„lijk hier nevens te presenteeren en over
welkers inhoud onder welduijdinge mij in
dezen niet breedvoerig zal uitlaten maar
mij daar aan gedragen en uwel Edele gestr
alleen communiceeren zal dat de werving
van sipais bij mijn kort aanweezen alhier
niet alleen iever is behartigt en 't getal
derselve aangegroeijt is tot 254. koppen wa
van thans 234. ingevolge uwel Edele gestr:
gedaan verzoek onder Commando van den
lieutenant Grenier per het schip De Liefd
9:
derwaards werden gezonden verdeelt in
vier Compagniens blijkens de dezen in eer
„bied verzellende naam rollen zijnde 18.
man hier verbleeven tot nader gelegentheid
om intusschen de werving voort te zetten
de resteerende twee hebben zich te zoek ge
„maekt
Ik heb het Cacanoors opperhoofd van rechtens
nieuw ernstig aanbevoolen om door alle
moogelijke middelen te tragten meerder sig
magtig"
NL-HaNA_1.04.02_3142_0589.xml,"2300
magtig te worden en twijffele niet of hij zal,
schoon de tijdt omstandigheeden niet favorabel„
zijn daar in eeniger maate slagen ik sal ins„„
„gelijks niets onbesogt laten om hier om deeze ge
contrijen meerder derselve aan te werven zoo
dit na wensch uitvalt zal ik uwel Edele
gestr: meerder van die kreijgers toezenden te
met het schip oud Carspel met welken bo„
„den ook zal transport verleenen aan de
beloofde 100. kappen toepassen onder Europee
„ze ander officieren die met brenger deezer
het schip De Liefde niet raadzaam g'agt heb
om aftezenden zoo om dat de plaatse op het
schip voor hen alleen seer nauw soude vallen
als uit bedugting dat de siphais en toepasseert
niet met Malkander zouden accordeeren in
en dus veele moeijelijkheeden kunnen ver„
„oorzaken
Bij secreete bedenkingen van den wel Edelen heer
Jan Schreeder raakende 'sComp:s staat en
ommeslag te Mallabaar hebben haar hoog Edel„
„heedens bij hoog derselver daar nevens gevoeg en
„de g'eerde besluiten dit ministerie g'ordon„
„neert om al het geschut met zijn toebehooren
dat
de
si
tig"
NL-HaNA_1.04.02_3142_0590.xml,"dat volgens de gemaakte reductie hier over
„tollig is hoe eer hoe liever na Ceijlon indien
uwel Edele gestrenge zulks nodig oordeelen
dog anders na batavia tezenden
Dog nademaal de mousson al verre verloopt
en dus den tijd te kort is om hier om„
„trent uwel Edele gestr: ordres in te wagten
zoo heb best g'oordeelt al het geschuet niet
zijn toebehooren zoo op Cochim als op de
buiten Comptoiren boven de gemaakte be„
„paling te vinden in het schip oude Carspel
te doen afscheepen en dien bodem daar meede
na Ceilon te laeten steevenen en met de lief„
„de eenelijk teverzenden een metale mor„
die
„tier van 6. d=m met dies bomben ten einde
uwel Edele gestrenge daar uit na believen
zou kunnen aanhouden en de rest na
Batavia verzenden
Oude Carspel is reets ten inneem van arthille
„rij goederen na Cananoor vertrokken en
zal van daar reverteerende, hier en op
andere plaatzen meede het overtollige
inneemen en daarmeede de reis na Ceilon
vervorderen;
Jntusschen"
NL-HaNA_1.04.02_3142_0591.xml,"2301
Ceilon
van dien Resideerende
Intusschen herhaale in deeze mijn gedaan verzoek
tot de continuatie van de minisame Correspon„
„dentie die tusschen uwel Edele gestr: gouverne„
„ment en de Mallabaar telkens heeft plaatse ge
gevonden onder deeze nedrige verzeekeringe
dat ik van mijnen kant niet nalaten zal en
alles te contribueeren wat tot smeesters nit gen
en aengroeij derselve strekken kan
waermeede uwel Edele gestrenge nevens 'sComp:
swaarwigtige belangens daar ten Eilande
in de veilige hoede godes beveele en d' eere
heb mij te noemen /:onderstond:/ wel Edele
Gestrenge Agtb: Heere uwel Edele gestr:
Dienstwilligen Dienaar /:was getekend:/
C: Breekpot /:in margine:/ Cochim dent
24. December A:o 1764—
Aen Den Edelen Heer en M:r Iman willem Falck.
Gouverneur en Directeur van het boven Gemeld wijd.
uitgestrekt Eijland de kuste Madure en den resorte.
Colombo.
Edele Erntfeste Manhafte Wijse
Voorzienige zeer Genereuse Heer!
te
Bij mijne Particulier schrijven de dato 26. Courant over
den
de
l"
NL-HaNA_1.04.02_3142_0592.xml,"den Tutukorijnsen landweg afgesonden en waer
van het duplicaat hiernevens voege uwel Edele belooft
zoo veel Europeese militairen /: francen en die sus„
„pect om te deserteeren zijn:/ als gemist konden
werden dat heen te zullen zenden
En bij gelegentheid dat thans zeer onverwagt het schip
Leijmuijden van Batavia alhier ter rheede
verscheenen en van eenige benodigtheeden voorsien
is soo heeft men in dien bodem volgens gemeene
brief van dato deeses ook over Ceijlon afgescheept
ƒ100000. 10. –. Contant aen ropias.
En zoo waaren ook met dit schip over volgens bij ge
„voegd Naem lijsie.
25. Gemeene Europeese militairen met volle waepene
dog waer voor geene randsoenen nog kastgelden
Pie
of gagie zijn afgegeeven soo dat deselve van P=
November aanstaande het een en andere genieten
kunnen en d' scheeps overheeden te goed gedaen we
„den de randsoenen die deselve op de reijse geno
„ten hebben En hunne afgeslooten reekenings stae
p:r vlietlust te volgen
Intusschen heb ik d' Eere wij met alle agtinge te
kunnen noemen. /:onderstond:/ Edele Erntfeste
Manhafte wijse voorzienige zeer Genereuse
Heer"
NL-HaNA_1.04.02_3142_0593.xml,"2302
Heer uw wel Edeles Heer Ootmoedigen
Dienaar /:was getekend:/ C: Breekpot,
/:in margine:/ Cochim Den 30. ' 8ber: A:o
1765.
Aen Als Vooren.
Soo wel uwel Edeles schrijven van 12. als 14. deeser
den
Per het schip vlietlust op 24. daer aen alhier
ontfangen zoo meede de papieren 'sComp:s weegen
met dien bodem ons toegeschikt.
Soo hebbe over het een en andere mijne gedagten laaten
de
gaan en insonderheid wegens het gedaan versoek
e
bij die van 14. voormelt om 50. â 60. gem: Europeesen
soldaeten uit ons guarnisoen na Ceijlon te zenden
En wegens het werven van sipahis op deese Noord
kust gedemandeert aen het Cananoors opperhoofd
en
kroonenberg en den overgekomen Capitain der
sipahis Cheek Machomet.
Europeese militairen zijn hier zoo te zeggen met
ee
te missen ons guarnisoen vermindert ook dagelijx
soo door sterfte als wel meest door desertie uit
oorsaake de francen zig op Maha weder geres„
„tabileerd hebben en 't volk daar heen loopen
veel al uit vreese van na Ceilon versonden te werden
en
The
schip
ten
g
fes
ste
e
u"
NL-HaNA_1.04.02_3142_0594.xml,"Ik heb den Capitain Commandant S:t Etienne geordon„
„neerd om met alle omzigtigheid en in secretesse
eens op te neemen hoe veel francen die het meest
suspect zijn van hier wel te missen zoude zijn
om dat heen te kunnen zenden en daer van na
„part Erlangd hebbende soo sal bij Eerst voorko„
„mende scheeps gelegentheid want met een sma
schip is zulx niet raadsaam soo veel manschap„
„pen als maer immers missen kan dat heen
besorgen
Toepasse soldaeten zou men hier mogelijk nog wa
kunnen aanwerven dog daerom geen versoek geda
zijnde heb ik zulx nog uitgesteld
De werving der sipahis hoope van succes zal zijn
Even wel vrees ik dat men geen te vasten stad
daar op maaken kan dewijl Ader Naik geen
krijgers uit zijn land zal willen missen alsoo
hij die zelfs noodig heeft dewijl van de noord
kant voor de Maretthes bevreest is en zelfs
genegen schijnt na de zuijd met een groote
magt te willen afsakken om eenige oude pre„
„tensien bij den sammarijn en Calastrij te willen
herhaalen
wat ik desweegen geschreeven en g'ordonneerd heb aen
het"
NL-HaNA_1.04.02_3142_0595.xml,"2363
het opperhooft kroonenberg staat bekend bij het
Copia Apart of secreet briefie het welk ik d'Eere
heb uwel Edele hier nevens te presenteeren
Ik versoek uwel Edele ondergunstige welduijdinge
gelieft voortaen bij schrijven onderscheid te mae„
„hen tusschen gemeene en Aparte of secreete zaeken
betreffende 'sComp:s dienst en het geen in het bijsander
of particulier tusschen ons verhandelt werd.
Het Eerste kan alles betreffen wat in vergaderinge
van Politie alhier gebragt moet werden dog
Het tweede niet tegenstaande zulx ook onder de
verhandelinge van 'sComp:s zaaken komt diende
wel in secretesse tusschen ons beide te geschieden
om reedenen genoegsaam g'allegueerd bij het
Copia briefie hier nevens leggende dat apart
of secreet door mij na Cauanoor is afgesonden
7„ zale
ende noodzaakelijkheid daer van zijn „ emel
Edele zeeker ook kunnen nagaan te meer alle
die gewisselde brieven onder 'sCompagnies secree„
„te papieren moeten afgesonden werden soo na
het vaderland als Batavia:
En door het laaste hoop is zal de vriendschap meer
en meer aangequeekt en onse Correspondentie
onbelemmert kunnen onderhouden en daer bij
oak.
heb aen"
NL-HaNA_1.04.02_3142_0596.xml,"ook wel bedeeld kunnen werden wat onse gedag„
„ten zijn over d'een en andere zaaken
Gisteren bij een besluit alhier ter vergaederinge
van Politie geresolveerd behelft het zaakelijks
om het schip vlietlust ten Eersten af te zenden
na Chettua om daer in te neemen al het daer
te veel zijnde en ten afscheep in gereedheid
leggende volgens secreete bedenkinge van den
heere schreuder.
kanon
Buskruijt.
Nelij &a
om van daer herwaerts komende na Porca
te zeijlen en daer in te neemen Een goede qua
„titeit Peper en van daer te rug komendea
„hier te volladen met Neli en voorts ook indi
bodem sal afgescheept werden
100000. guldens aan Contant in rap:s
want goude pagoden tegens 3 3/10 rap:s of ƒ 4. 19. —
„ ven ducaten „ 4 7/8. „ „ „ 6. 18. ¾.
„ 16½. „ „ „ 24. 15. —
en „ Johannissen
kan men niet afsenden als voor d' voorschreeve
prijs waer voor se hier ontfangen en bewaart
aen weder zelfs nog hooger ingewisseld te
werden"
NL-HaNA_1.04.02_3142_0597.xml,"2304.
werden anders zou men geresolveerd zijn een
grooter som als d' voorsz: thans afte zenden
in goude specien dog nu om reeden voorm: het
bij d' 100000. guldens hebben moeten laaten
berusten gelijk de andere beloofde som dan ook
op zijn tijd volgen zal
Dog meer niet wel mogelijk zal zijn ten zij men
goud alhier voor Ceilen accepteeren kan tegens
de prijs als voorsz: staat om dat dan ook sooda„
„nig derwaarts te besorgen en waer op bij gele
„gentheid antwoord verwagten zal:
De slaaven voor zoo veel dan zullen weesen inge„
„kogt zullen met vlietlust overvaaren
voorts zal alles geobserveerd werden wat bij
ged: 'sComp:s gemeene schrijven versogt is
Gelijk dan ook het schip vlietlust volladen zijnde,
spoedig te rug sal soeken te depecheeren en
waer meede soo veel maer eenigsint zal kunnen
bemagtigen afzenden zal.
koebeesten of kalveren.
kalcoenen
hoenders
benden &ra
g'requireerd bij uwel Edele voorm: schrijven
g„„
van"
NL-HaNA_1.04.02_3142_0598.xml,"van 12. Courant
Ik herhaal nogmaels mijne gedaene promissie
van in allen deele steeds te zullen toonen dat
ik ben. /:onderstond:/ als vooren /:getekend:/
C: Breekpt /:in margine:/ Cochim den
26. 8ber: A:o 1765. /:Lager :/ P: S: gaat af
over den land weg om of uwel Edele nog voor
dat vlietlust van hier terug vertrekt iets
te bedeelen of versoeken had waer op niet dat
schip het zelve nog b'andwoord of voldaen
konde werden
Copia Apart of Sekreet.
Cananoor.
Aan d E: Hendrik Kroonenberg.
Onderkoopman en opperhoofd aldaer.
Bij nevens gevoegd Extract brief door den
heere gouverneur en Raad te Colombo de dato 1
deser op 24. daar aan P:r 't schip vliet lust
alhier ontfangen zal uE: zien wat van die
van ons verzogd werd Egter daar op voor
af aanmerke dat diergelijke saaken en
handelingen wel bij aparte brieven verhand
Eerzaeme vroome Discreete.
en"
NL-HaNA_1.04.02_3142_0599.xml,"2385
en in secretesse dienen gehouden te werden te„
„meer de mallabaarse vorsten veeltijds hunne
handelingen en gedoentens schikken na de
gerugten diese maar alteveel, terhooren
komen hoedanig de saaken op Ceilon voor de
E: Comp: geleegen zijn
Dus zal uE: het geene deswegen te antwoorden heeft
bij apparte of secreete papieren aen den eerst on„
„dengeteekenden moeten bedeelen die sulx altoos
des noodig vindende in politicque vergaederin„
ge ter besoigne kan brengen.
Bij ged: Extract zal uE: bekend worden dat hier
overgekoomen is een Capitain der sipahischoak
machomet om op den kust eenige recruten
van gen: volk bij een tewerven
En ten dien Eijnde ook na ragia saib verder voor„
„gesonden moet werden om met den selven
bij aider Naijk alle middelen aantewenden
ten eijnde die werving te faciliteeren.
En om Ragia saib daer toe te animeeren soo is
gedagten Capitain der sipahis over handigd
den brief van den heere Ceijlons gouverneur
Talck met een kistken oliteijten aen dien
prins gerigt en gesonden.
ook"
NL-HaNA_1.04.02_3142_0600.xml,"ook dien moorman aen uE: te addresseeren om
den selven verder voort teschikken ter plaats
alwaer Ragia saib zig bevindt.
om dat oogmerk soo veel te bevorderen als
ons moogelijk is soo laaten wij gem: sipahi
Capitain p:r een almeede tot uE: overval
C
„ren met qualificatie om den selven soo
schielijk na de noord voort teschikken
als doenlijk zal zijn
En hem dog met een spaansaame hand te assestel
„ren 't zij niet vaartuijgen over eenig geld waer
„meede hij zijne reijse zal kunnen vervonde
„ren Egter het laaste ander quitantie en so
het uE: noodig oordeeld ook met een brief
door uE: te schrijven aen den gedagten prin
met recommandatie van dien persoon
en de saaken die bedoeld werden
want dat uE: inperzoon meede derwaarts soud
dienen te gaan soo als de Colombose Regeeringe
dat schijnt temeenen dat laat de tijds omsta
„digheeden te Cananoor thans niet toe veel
min kunnen wij de noodsaakelijkheid daer
van niet penetreeren d'wijl men uE: ten minst
in zijne rang en qualiteid en met een behoorlijk
suite"
NL-HaNA_1.04.02_3142_0601.xml,"2306.
suite dat heen soude moeten senden en dat niet
geschieden, kan of men souwden ook maar las
en wild in den buijdel van d'E: Comp: moeten
tasten en niet geschenken voor dien vorst en
prins moeten aankoomen wilde men zijn oog„
„merk bereijken en dat Egter ons dunkens
evenwel geschieden kan door den Capitain der
sipahis soo die maer een Eerlijk man is en niet
bedoeld om maer een groote voor uit verstrec„
„kinge van geld te Erlangen en dan mogelijk
soo als meermalen geschiedt is agter te blijven
of sonder volk terug tekomen met duijsenden
van uitvlugten dat veel moeijte gedaan
'sComp:s geld verteert de geworvene volkeren
H
verloopen en met die verantwoordinge thuijs
komt sonder iets verrigt te hebben
wij beveelen uE: dan attent te zijn op het een
8
en andere en wanneer eenige sipahis aldaer
geworven zijn dat ged: Capt: die maer na
sananoor besorgen kan alwaer uE: d' selve
E
een maand gagie soude kunnen voor uit ver„
„strekken almeede onder quitantie en dan dat
volk: ten spoedigste herwaerts te senden om bij
eerste gelegentheid so maer bij parthijen die
manschappen
."
NL-HaNA_1.04.02_3142_0602.xml,"No. 19
manschappen cito te kunnen oversenden na
Ceijlon jn welke verwagtinge na groete
Ei
verblijve /:onderstond:/ uE vriend /: was„
getekend:/ C: Breekpot /:in margine:/
Cochim Den 25 8ber: 1765. /:onderstond:/
Accordeert /:getekend :/ I: Pape g:Clercq
Akkerteert
Joanni Reintons
E: k: van't
ph: Kommieth"
NL-HaNA_1.04.02_3142_0603.xml,"Afgegaene brief naar
koetssien
No. 20
2307."
NL-HaNA_1.04.02_3142_0604.xml,
NL-HaNA_1.04.02_3142_0605.xml,"sekreet
2367
Mallabaar
Aan Den E: Heer
Kornelis Briekpot:
g'Eligeert kommandeur over 's komp:s
Importanten handel en ommeslag ter
opgemelde Kuste. —.
Rochim.
P: E: Erntfeste Manhafte
Wijze Voorzienige zeer
Diskreete!
Twee sipahis kapitains genaamt Mahomet
chafer, en Abdulleman. vertrekken
met twaalf gemeene sipahis per de chialoup
De standvastigheid van hier na derwaarts
om verder met gem: vaartuig naar Ranna„
„noor te geraken ten einde aldaar de alhier
zich bevindende sipahis te rekrouteeren, dier„
„halven verzoeke uw Ed:s zeer vrindelijk om
die menschen zo veel doenlijk behulpzaam
te
Te"
NL-HaNA_1.04.02_3142_0606.xml,"te willen zijn, op dat in de hun aan
vertrouwde kommissie mogen slagen
Ik ben naar gedienstige groete /:onderstont:)
E: E: Erntfeste Manhafte wijze voorzieni„
„ge zeer Diskreete uw Ed„e D: W: vrind
en Dienaar /:was getekent:/ L: J: van Eck
/:in margine:/ kolombo Den 12. ' Januarij
Anno. 1765.
E: K: van't
Akkordeert
Joam Hemtrus
geh: Komm:"
NL-HaNA_1.04.02_3142_0607.xml,
NL-HaNA_1.04.02_3142_0608.xml,
NL-HaNA_1.04.02_3142_0609.xml,
NL-HaNA_1.04.02_3142_0610.xml,
NL-HaNA_1.04.02_3142_0611.xml,
NL-HaNA_1.04.02_3142_0612.xml,
NL-HaNA_1.04.02_3142_0613.xml,"2368
Colombo.
Aan Den Wel Edelen Groot Agtb: Heer
Lubbert Jan van Eck.
Raad Extra Ordinair Van Nederlands India.
Gouverneur En Directeur Van Het Eijland Ceijlon
Het Dies Onderhoorigheeden Beneevens Den Raed.
Wel Edele Groot Agtb:
Wijd Gebiedende Heere.
Door den Eerstgetekenden op uwel Edele groot agtb
gevenereerde approbatie ter vervulling van de
in onse secreete vergadering vacant geraakte
stoelen zoo van zijn Ed: mits desselfs proni„
„terim aangevaard bestier deeser opperhoofdij
als van den na Costij Jongst vertrokkenen Ca„
„pitain DE: Jmhoff de Capitains D E:s
H.
Mappa en von kempen tot leeden dier vergade„
„ring g'assumeert zijnde vertrouwen wij Eerbiedigde
dat"
NL-HaNA_1.04.02_3142_0614.xml,"dat uwel Edele groot agtb: zig sulks sal laeten
welgevallen en communiceeren hoogst denselven re„
„verentelijk dat de van Jamblegam als elders
ingeloopene berigten tot nog niets anders mel„
„den dan dat den dessave en de Jngezeetenen te
Jamenkarwij na het Condiase hoff ontbooden
geweest zijnde de laatste in die provintie gere„
s:
„tourneerd waeren dog dat de Eerste zig nog
aan het hoff ophield, terwijl de Candianen
zig bij Continuatie hier amstreeks stil houden
en wij verhoopen dat te Batticaloa en aan de
vendeloose bhaaij meede van hunne zeijde geene
rouvementen zullen bespeurt werden hoewel
wij van die twee plaatzen in Een geruijmen
tijd geene narigt ontfangen hebben egter dage„
„lijks met verlangen van daar tijding sijn te gemoet
ziende
En alhoewel den Eersten Teekenaar de gedaane inqui„
-
„sitien van 't afgegaane opperhoofd den opperkoop„
„man de heer Rein nopens de gedivulgeert ge„
„worden sijnde landing van agt Engelsen ten
deesen Eijlande het vertrek van seeven daar van
en verblijf van Een te Candia waaraan uwel
Edele groot agtb: mits de daar van naderhand
ingeloopene
-.
sijt
4"
NL-HaNA_1.04.02_3142_0615.xml,"2389
ingeloopen discrepeerende berigten heeft gelieven
te resiteeren met nadruk vervolgt om te ontdek„
„ken of daar aan iets is dan niet zoo heeft zijn
E: egter tot heeden niets kunnen verneemen be„
„meeren
„ginnende de gerugten daar van „ eer meer te swijgen
t
des niet te min sullen de inquisitien continuee„
„ren en zijn deselve het batticaloos hoofd DE:
Pfeijffer Jongst bij reiteratie meede gerecomman„
„deert
Inmiddans vertrouwen wij dat uwel Edele groot agtb:
ons wel gunstigst sal gelieven te qualificeeren
dra
soo met het de Moussom wil permitteeren een goed
gedeelte van de bezetting aan de vendeloose bhoaijen
weeder intetrekken om aldaar soo veel manschafca
„pen bij continuatie te laeten Militeeren als 's
de omstandigheeden sullen vereijschen want hoevarte
de Eerstgeteekende wel mogte wenschen van diee
bezetting gebruijk te kunnen maeken om 't
benaamde project op Jamenkarwij door het
afgegaane opperhoofd vermeld werkstellig s
te maaken zoo wel egter het verswakte guarnisoen„
alhier niet gedoogen zulks voor als nog te
probeeren gemerkt de ziekte en sterfte in de
Campementen en insonderheid te Samblegam"
NL-HaNA_1.04.02_3142_0616.xml,"bij continuatie grasseert de afkomende zieken
uit de Campementen geremplaceert en deselve
boven dien nog dienen versterkt te werden waeren
booven het guarnisoen selfs wel Eene andere
gedaante vereijscht wanneer alhier Engelse schee„
„pen, mogten opdaegen invoegen wij vertrouwen
ƒ
dat uwel Edele groot agtb: zulks wel sal gelie„
„ven te considereeren behalven dat de reoccuperatie
Tamenkarwij Eene zaak is
van de provintie
die de Compagnie kan doen voor sig gaan wan„
„neer het haar Edele gelust en die de Eerstgetee„
„kende op zig neemt te doen effectueeren wan„
„neer de geleegentheid zig daar toe aan besten
sal presenteeren gelijk wij dan ook nog niet
kunnen weeten hoedanig de zaeken te Batti„
„Caloa staan hoe het aldaar bij Continuatie
zal uijtzien en wat gebruijk dat de word
mogte vereijscht hebben aldaar van de voor„
„schreevene bezetting ingevolge de van hier
gegeevene qualificatie temaken of nog mogte
komen te vereijsschen dog waeromtrent zoo
wel als voor zoo verre de geconquesteerde
landen alhier Eene formidable dekking mog„
„ten requireeren wij 't beste willen hoopen
waarmeede"
NL-HaNA_1.04.02_3142_0617.xml,"2310
waarmeede met de diefaste veneratie en hoog agting
de Eere hebben te sijn /:onderstond:/ wel Edele
Groot Agtb: wijd Gebiedende Heere uwel
Edele Groot Agtb: Gants onderdanige trouw„
„schuldige en Gehoorzaeme Dienaeren.
/:was getekend:/ L: von Frijtag, A: C: Mappas
A: von Kemphen, P: M: Trekels en N:s
P: von Lengerke /:in margine:/ Trincono„
„male Den 15. ' xber: 1764.
Bij den Eerstgeteekenden in Consideratie genomen
sijnde dat dewijl men tot nog toe met de hoofden
sijn
van de nieuw geconquestereerde landen te Battica
„loa om reeden dat gedagte landen in deeze tijds
omstandigheeden als nog niet kunnen gemeeten
en dus het regte voordeel van de Ed: Maatschappije
niet kan behertigt worden geene vaste Contrac„
„ten kunnen gemaakt worden en hoe dat het
vertrouwen der nieuwe hoofden merkelijk accres
„ceren kan en deselve meer en meer voor de be„
„langens der maatschappij te winnen sullen sijn
wanneer men hum Een tijd lang of tot dat de
zaeken op Eenen vasteren voet staan na Eijgen
Aan Als Vooren.
vrije"
NL-HaNA_1.04.02_3142_0618.xml,"vrije wille met hunne landen en onderzaaten
laat begaan sonder voor als nog met hun Con„
„tracten te traffen of hun de geregtigheid war
het nelij gewasch te vergen of in iets te bepaa„
len Eensdeels om dat sulks niet wijnig sal
contribueeren tot het cultiveeren en herbou„
„wen van hunne ten deele verwoeste landen
insonderheid wanneer hun de hand daartoe
gebooden word en anderendeels om dat het
overeijlig treffen van Een contract net deselve
en hun net dens Ten last op den hals te
werpen maar mismoedigheid en ten schadelijk
wantrouwen baart behalven dat daar in
geen reeel voordeel dat bestaanbaar en van
duur is voor de Compagnie opgeslooten
legt maar veel meer als Een ten papiere
pronkenden schijn winst kan aangemerkt
werden die soo haaft verdwijnt als hij geboo„
„ren en gefabriceert is zoo heeft dezelve
deeser daegen het hoofd te Batticaloa gelast
van het treffen van Contracten niet alleen
voor als nog aftezien maar de hoofden ook
in geenen deele Eenige geregtigheid te vergen dog
hun daerenteegen te animeeren tot 't sultiveeren
beplaeten"
NL-HaNA_1.04.02_3142_0619.xml,"2311
beplanten en bezaeijen van hunne landen
en dat zo hunne onderzaaten daertoe opwak„
„keren door welk middel best een weg sal
worden gebaant om in der tijd en wanneer 't
de omstandigheeden zulks koomen te favori„
„seeren en wanneer men Eene nauwere in„
spectie van de groot en vrugtbaarheid van die„
landen kan neemen sen voor de Compagniea
voordeelig en bestaanbaar Contract te treffen
dat haar Edele als dan dubbelt kan vergoeden
het gunt wat haar Edele voor tegenwoordig.
aen bijzondere reedenen en om de niet regte
bewusten grootheid gedagten landen niet
vergen nog hebben wil invoegen wij vertrou„
„wen dat uwel Edele groot agtb: sulks met
hoogst desselfs gevenereerde approbatie zal
bekroonen en sig genereuselijk verseekert
te houden dat de Eerstgeteekende niets min„
„der zal behartigen om soo dra met meerder„
seekerheid en voet tot het treffen van Con„
„tracten met de voorsz: hoofden kan wer„
„den getreeden zulks te doen absolveeren
op de voordeeligste wijze voor de Compagnie
C
bij welke geleegentheid zijn Ed: meede sal
observeeren
600„
t
ook
weeren
enn
:"
NL-HaNA_1.04.02_3142_0620.xml,"observeeren of de omstandigheeden willen
permitteeren Een opneem en meeting dier
landen te doen praecedeeren dan of sulks.
sonder dien best sal kunnen geschieden
waermeede met de diepste veneratie en hoog
agting de Eere hebben ons te onderschrij„
„ven /:onderstond:/ als vooren /:getekend:/
L: von Frijtag, A: C: Mappa, C. f von
Kemphen P: M: Trekels en N: P:
von Lengerke /:in margine:/ Trinkonoma„
„le den 21:' December A:o 1764:—.
Aan Als vooren.
wij hebben de sere uwel Edele groot agtb: Eerbiedigst
te communiceeren dat de tamenkarwijse hoofden
den Eerstgeteekenden op zijne schriftelijke nadi„
„ging om weeder op de zeijde van de Compagnie
te willen overkoomen door vertrouwelingen
in antwoord hebben doen weeten dat ze gansche„
„lijk niet volontair maer veel meer door
de overmagt der Candianen gedwongen gewor„
„den sijn hunne oude zijde weder te kiesen
Dat hun bij derselver Eerste onderwerping pro„
„messe gedaan geworden was om Een detachement
tot"
NL-HaNA_1.04.02_3142_0621.xml,"2312
tot dekking van hun in derselver provintie te
leggen dog vermits sulks niet geschied was de Can„
„dianen, gelijk te denken hun gemolesteert en ze
tot het wederkiesen van haare zijde genoodzaakt
geworden waeren; en Eijndelijk dat ze thans we„
„derom niet ongeneegen waeren tot de Compagnie
overtegaan indien men hun maar wilde dek„
„ken voor alle vijandelijke tentamens der Candia„
„nen door het senden van Een detachement in
hunne provintie om aldaar post te vatten
Dan vermits dit in der daad hun opregt sentiment
is en men soo voor heen niet in staat geweest
en nog veel meer teegenwoordig onmagtig is
hoe redelijk derselver versoek ook is mits oork
ons verswakt guarnisoen het selve te aen„
„plecteeren zoo zullen wij die gantsch niet
ongeneegene Clienten Jnwijlen in den goeden
luijm houden en met beloften paeijen op hoope
dat uwel Edele groot agtb: sulks guunstigst Con„
„sidereerende ons met Eenige Militaire ver„
„sterking sal gelieven te adsisteeren om aan 't
voormelde versoek te kunnen voldoen invoegen
wij daerom needrigst sijn versoekende soo om
reeden de bezitting der samenkorwijse landen
niet
digst"
NL-HaNA_1.04.02_3142_0622.xml,"niet alleen voor de Compagnie voordeelig is
maar de Jngeseetenen in der daad van tijd
tot tijd blijken van haere wel gezindheid schij„
„nen te suppediteeren
waermeede met de diepste veneratie en hoog agting
de Eere hebben ons te onderschrijven /:onderstond)
als vooren /:getekend:/ L: von Frijtag, A: C:
Mappa, A: von Kemphen, P: M: Trekels,
en N: P: von Lengerke /:in margine:/
Trinconoonale Den 8. ' febr: A:o 1765 —
Aan Als Vooren.
Eijndelijk deeser daegen van Batticaloa verslag
nopens de omstandigheden aldaar Inlangd heb„
„bende soo Communiceeren wij uwel Edele
groot agtb: met betrekking tot die hoofdije
reverentelijk
Dat de zaeken aldaar als voor heen continueeren
en dat het te Naijpattenioene als nog leggende
detachement dus lange geene ontmoeting ge„
„had heeft dog dat de zoo lange gedivulgeerde
gerugten dat 'er Candianen afzakten als
nog continueerden hoewel wij aan het Efffect
derselve ten eenemaele dubiteeren niet te
min"
NL-HaNA_1.04.02_3142_0623.xml,"2313
min oordeelen wij niet ondienstig 't voormelde de„
„tachement nog eenigen tijd te Naijpattemoene
voorsz: te laten verblijven soo tot dekking der
geconquesteerde landen als om dat wij bespeuren
dat het zelve 't vertrouwen der nieuwe hoofden
merkelijk doet accresseeren
Dat de geconquesteerde landen als nog in statuquo
verblijven en dat derzelver hoofden meer en
meer smaek in 'sComp:s protexie vinden Excapt
den wannnia van Nadene die zig te onder„
„werpen als nog geretireerd scheen nopens
den welken wij de bediendens gelast hebben
om heen door minnelijke wegen op sijn woo„
„rig: pad te brengen
Dat de Jngezeetenen der voorsz: landen kragtige
Jnstantie gedaan hebbende omme nelij te
mogen Erlangen ter bezoeijing van hunne
verdestrueerde zaeijvelden en het hoofd DE:
Reijffer om qualificatie verzogt hebbende
om hun nelij uit 'sComp:s pakhuijs te mogen
verstrekken ten fine voorsz: en zulks ver„
„mits die te gemoedkoming veel zoude contribure„
„nen om van hun de vereijschte diensten soo ter
faliciteering van den houtkap van dewelke
andersints
d
licite"
NL-HaNA_1.04.02_3142_0624.xml,"andersints in dit Jaer niet veel te wagten staat
als weseneer te kunnen hebben inzonderheid wa„
„neer hun de nelij geregtigheid van deesen Jaere
weder wierde geschonken zoo hebben wij Conside
„reerende eensdeels dat zij in voorleden Jaar
door de fatale Jnvasie der Candianen haar heele
zaeij gewas verhooren hebben en dus niets te Eeten
laat staan te zaeijen hebben overgehouden en
andersdeels wanneer den inlander in sijne
behoeftigheid niet wierde ondersteunt men sig
ook van die landen in langen tijds nog niets
soude kunnen flatteeren en dat deselve zig
daar nevens gedienstig en erkentelijk daar
voor souden betoonen de voorsz: bediendens
gelast om de gezamentlijke hoofden deesen
Jaere andermael van de nelij geregtigheid te
libereeren ander mits dat ze hunne behoef„
„tige onderzaeten te gemoed komen in het
verstrekken van nelij tot sultiveering
hunner landen mitsgaders dat zulx niet
toerijkende schijnende tot zoodanige onderstand
als de bediendens sullen vermeenen te ver„
„eijschen of tegen zie bij de hoofden verwekken
„de als dan 500. parras Rijst tegen 10000 pangs
Nelij"
NL-HaNA_1.04.02_3142_0625.xml,"2314.
Nelij vermits het laastgemelde graen Considera„
„bel aldaar in prijs gereesen is te mogen om„
zetten en de onderzaten na moete hoerer be„
„hoeftigheid daarmede tot Cultiveering haerer
landen te gerieven mits, dat hunne hoofden
voor de Compleete restitietie van het geleende
komen te caveeren en dat de voorm: bediendens
daar voor eene wesentlijke voor uijt zigt
van voordeel zoo omtrend den Eliphants
vongst als den houtkap hebben waar van
ze zig kunnen flatteeren dat het door de
Comp: geleende behalven de restitutie daar
van ruijm komt op te weegen en waar
voor de voorsz: bediendens souden moeten Jn„
„staen Jnvoegen wij neederigst vertrouwen dat
uwel Edele groot agtb: dat gedoente wel gein„
„stigst sal gelieven goed te keuren vermits dat
Expedient ons allezints convenabel toeschijnt
om op zijn tijd wanneer de omstandigheeden
het aan besten willen toelaten een dies te
voordeeligen Contract voor de Comp: te treffen/
behalven dat het goed gevoelen van de Jn„
„gezeetenen daer door opgewakkert en van
deselve Jntusschen diensten getrokken kunnen
werden
e"
NL-HaNA_1.04.02_3142_0626.xml,"werden die anderzints opreekening van onvermij„
„delijke onkosten souden moeten gestelt werden
wat voorts den Jnsae van peper en wax ten
meerm: hoofdije betreft zoo zal het nevensleg„
„gend Extract uit het schrijven der bediendens.
aldaar doceeren dat van het eerstgemelde pro„
„duct te wellitje een merkelijke quantiteid
door het hoofd DE: Pfeijffer besprooken ge„
„weest is dog omtrend de obtenue dier quan„
„titeid het gerucht wel dat zijn E: geffrustreerd
zoude geraekt zijn in voegen het voorm:
Extract bereeder uijt wijst waar aan wij
ons refereerende eenelijk noteeren dat wij
de bediendens meermeld den Jnzaem. van pe„
„per en wax met nadruk op het hart gelegt
hebben en ten dien fine de door hun nader
verzogte pagooden en ropeijen gepromitteerd
hebben voor zoo verre wij bevinden sullen
dat onvermijdelijk noodig sal sijn dewijl den
J. d
Eijsch daar van ons wat Excessiev te vooren
e
gekomen is te meer voor de in a:o pass:o
0
derwaarts geremitteerde quantiteijd dier
spetien eene geringe quantiteijt dier produc
f
„ten opgeluijkt is en wij in dat denkbeeld
sijn"
NL-HaNA_1.04.02_3142_0627.xml,"2315
sijn dat de kopermunt den jnkoop daar van
even zoo goed kan doen vlotten als de betaeling
in voorsz: spetien
voorts suppediteeren wij uwel Edele groot agtb: een
Extract Missive van de vendeloose Bhaeij in
dato 31. Januarij pass:o na Batticaloa geschree„
„ven tendeerende berigt van 't verval omstreeks
gemelde bhoeij van een twee mastig particulier
Engels vaartuijg en de precautie nopens het
„
zelve in conformite den leggende orders ge„
„nomen door het ter gedagte bhaeij Compee„
„rend hoofd den p:l luijtenant Heinruch
wij hebben den zelven de novo gerecomman„
„deert geduurig patrauljes te Emitteeren
en wel te letten of ook iets of ijmand
aan de wal gezet wierde en in dat Caste
werk, te gaen na de hem van hier meede
gegeevene ordres.
En of schoon wij tot heden van de voormelde
. .
Bhaeij geen berigt nopens den toestand van
zaeken aldaer g'obtineerd hebben soo twijffelen
. .
wij nogthans niet aen de goede constitutie
van onse bezetting aldaar willende de te
Batticaloa lopende gerugten dat de detachementen
te"
NL-HaNA_1.04.02_3142_0628.xml,"te Naijpattemoene en de meermelde vendeloose
Bhaeij aengetast souden werden dog waar aen
wij gelijk voorzigt geen geloof defereeren de„
„wijl die berigten van Batticaloa meer dan
dens ontfangen geworden en bevonden zijn
geene attentie te meriteeren.
Deese plaets en de geconquestreerde landen be„
ƒ
„treffende soo continueeren de omstandighee„
„den op den voet als onse Jongste advisen ko„
„men te melden
waermede Met de diepste veneratie de hooge Eere
hebben te zijn /:onderstond :/ als vooren /:ge„
„teekend :/ L: von Frijtag, A: C: Mappa, C: A:
von Kemphen, P: M: Trekels, en N:s
P: von Lengerke /:in margine:/ Trinko„
„nomale Den 15. ' febr: A:o 1765. /:Lager:/
P: S: van de vendeloose Bhaeij meede een brief
van den p:l Luijtenant Heinrich ontfangen
hebbende zoo meld dezelve ons dat het vooren„
„geciteerde twee mastig vaartuijg bereets
vertrokken is en dat van het zelve niets
gezet geworden is
nog iemand aan de wal
terwijl op den 4. deeser een driemastige
bodem onverkend aldaar was gepasseert
en"
NL-HaNA_1.04.02_3142_0629.xml,"2316.
en den toestand van zaeken nog als voor heen
continueerde
Aan Als Vooren.
uwel Edele groot agtb: voor af eerbiedigst een Relaes
1„ presenteerende van eenige van mij uitgesondene
sprons gegeeven
Moet ik uwel Edele groot agtb: voorts needrigst be„
„deelen dat mij voorzeeker te vooren gekomen
is dat den wannia sanderesegere Nelle Mapa„
„ne met betrekking tot de tusschen hem ende
wanniassen van Carrecattemoele en Jnnee„
„marrewaddij onder Jaffanapatnam sorteeren,
„de ontstaene revoltes effective oorsaak is
en dat hij volgens het zeggen en schrijven der
gedagte wanniassen 14. koppen van hun op de
Eliphants Jagt heeft laeten op vatten zoo als
de hier neevens leggende translaet ola bree„
„den zal aanthoonen hoewel hij mij maer
berigt heeft laten doen van een moor fel te
hebben gekreegen dewelke van het rot der
struijkroovers zoude zijn en dien ik hem
wel twee, â driemaelen heb doen weeten
om denselven ditheen tesenden het welk deselve
niet
voree„"
NL-HaNA_1.04.02_3142_0630.xml,"niet alleen niet doet maer heeft gedagten moor
bij hem in de ketting geklonken en daar en boven
in vilipendie van mijne soo dikwils gesondene
boodschappen en mondelinge adsortatien de uit
der bovenlanden afkomende menschen niet virra
als het waere belet om ditheen te komen om
deselve van de hand te setten maer haere vrag
„ten voor zig, zelfs aanhoud waar na hij desel„
„ve op het duurste aan de Trinconomaelse Jn„
„woonders weeder laet verkopen en is het gaen„
„sche gedrag van dien leemman strijdig met de
goede veerwagting die men van hem gehad
heeft en sijne onderweemingen daarnevens
zoo nadeelig voor de Comp: dat het in der
daad wel kan gesegt worden: Dat in dien
hij nooijt samblegam in het bezit verkreegen
had de Comp: als nu reets meer voordeelen
van die plaets soude gehat hebben als se
zig ooijt van deselve sal kunnen belooven
zoo lange den voorsz: wannia het selve
gebied want alle adhortatien en ola wisse
„len is te vergeefs om hem aan te zetten
om de Comp: eenig voordeel bij te brengen
hij houd zig aan zijn tribuijt en voor het
overige"
NL-HaNA_1.04.02_3142_0631.xml,"2317
overige paaijt, hij met schoonschijnende beloften
waer van het Effect verre is en tot bedek„
„king van zijne finessen en quade practijken weet
hij alles zoodanig te bewimpelen dat men gelo„
„ven soude hij in derdaet een trouw en ijverig
subjject was in voegen hij nog Jongst onder pre„
„text dat de Jaffanapatnam wanniassen hem
van sijne Eliphanten souden doen beroven door
den opgenotten hoop belhaemels van hier een
Esforte tot geleijde derselve gevergt heeft zoo als
de nevensgaande translaet ola breeder, sal
doen sien hoewel deselve buijten des secuur
en onverhindert gepasseert souden sijn en
dat versoek enkel gegront was om zig moedig
te toonen tegen desulke die hem geen anrust
toebrengen en ik heb mij gedwongen gevon„
„den met goed vinden van den secreeten raed
hem dat Essorte toe te staen en dat wel prin„
„cipael dewijl gedagten wannia een buijten
g
moeten Jntriquant mensch is die in staet
staet
was als men hem gewoegd sscorte geweijgert
„weg
hadde de sliphanten op den „ zelfs los te moe„
„ken en te laeten, looppen en vervolgens te
zeggen datse door sijn gewaerde tegenparthij
los
oor
boven.
dene
geen.
len
se
en
het
2
ge"
NL-HaNA_1.04.02_3142_0632.xml,"los waeren gemaekt om daer nae te meer
te kunnen klaegen en de schuld op mij te
schuijven dat ik hem niet volgens zijn ver„
„soek g'adsisteerd hadde.
Jnvoegen ik uwel Edele groot agtb: needrigst
versoeke mij met ordre te willen muniee„
„ren hoedaenig ik mij ten opsigte van voorsz:
leen man sal verhouden want ik hebbe
dien leemman tot heeden om alle verwij„
„deringen voor te komen in alles na gegee„
„ven en hem met alle bedenkelijke vriende
„lijkheid behandelt in de hoope dat hij sig
daar door zoude laten lijden dog alles is
te vergeefs.
waermeede met de diepste veneratie de here
heb te zijn /:onderstond:/ als vooren /:ge„
L: von freijtag /:inmargine:/
„tekend:/
Trinkonomale Den 28. ' febr: A:o 1765.
Aan Als vooren.
wij laeten deesen in Eerbied versellen een Extract
Jamblegamse Missive nopens het aldaer door
de uijtgesondene spions gerelateerde waar
aan wij ons needrigst refereerende eerbiedigh
melden
F"
NL-HaNA_1.04.02_3142_0633.xml,"2318
melden dat zoo zeer als wij en inzonder„
„heid de eerstgeteekende ten reguarde van
den wannia van Coetjaer alle Consideratie
gebruijkt en hem daarnevens schoon zonder
gezag zoo veel mogelijk gemaintineerd hebben
in het Caracter, waar in uwel Edele groot
agtb: heen heeft gelieven te stellen tot dat
wij gemunieert mogten zijn met uwel
Edele groot agtb: gevenereerde dispositien
op onse nood saekelijke schikking omtrend
de regeering dier provintie bij provisie
gemaekt het gerugt Egter ten sijnen op zig
„te wel dat hij als het waere in repre„
„caille getreeden soude zijn tot het trauwloos
bestaen om bij geleegentheid Jongst over Coet„
„jaer door de provintie Tammenkarwij van
hier brieven na vendelo en Batticaloa gede„
„pecheert sijn volk aan den vidaen van voorsz:
provintie en aan dien van Callale welke
laast gesegd word een swager van hem te
sijn te senden met persuasie omme de
brieven niet te laten passeeren vermits
den Candiasen vorst sulx verneemende op
hun misnoegt soude werden en heeft bij
die
ract"
NL-HaNA_1.04.02_3142_0634.xml,"die geleegentheid de hoofden van gedagte pro
„vintie die gedeeltelijk gereet waeren wee„
„der tot ons over te komen daar van af„
„geraeden Jnvoegen den luijtenant te Coetjaer
D. E: schuijling daar van na herwaerts be
„rigt gegeeven en den Eersten Teekenaer sulx
onderzogt hebbende die zoek niet ten
eenemaele dubieus en egter ook bij man„
„quement van authenticque bewijsen hem
wannia niet zeeker kan beweesen worden
dus dat wij best g'oordeelt hebben tot
preventie van pernitieuse practijken
hem ditheen te ontbieden en voor eerst
te laten blijven tot dat wij omtrend den„
„selven uwel Edele groot agtb: g'eerde on„
„dres hebben ontfangen.
waermeede wij met de diepste veneratie de
Eere hebben te sijn /:onderstond:/ als, voo„
L: von Frijtag, A: C:
„ren /:getekend:/
Mappa, c: A: von Kemphen, P: M: Trekels
en N:s P: von Lengerke /:in margine:/
Trinconomale Den 28. ' Februarij.
A:o 1765.
Aan
-."
NL-HaNA_1.04.02_3142_0635.xml,"2319
Aan Als Vooren.
wij hebben op den 7. deeser de hooge Eere gehad te
recipieeren uwel Edele groot agtb: steets geoe„
„nereerde secreete Missive van den 31. Januarij
bevoorens op dewelke wij reverentelijk melden
Dat hoe zeer wij en Jnzonderheid de Eerst geteekende
wenschen mogten het beroemde project op tam„
„menkarwij ten eersten te kunnen doen execu„
„teeren het welk door ons meede zeer noodsae„
„kelijk geoordeelt word en sulx om de wille
der accresseerende welgezintheid der Jngezeete„
„nen dier provintie die onderneeming egter
met onse presente Macht en der daet een al te
voorbaerig gedoente is en waer van de gevolgen
souden zijn om ons te Exponeeren aen een
gevoelig ongerief van Militairen en in de uiter„
„ste verleegentheid te verseeren in dien de Campe„
„menten versterking mogten vereijschen
want behalven de reedenen die bij de gemeene brieff
onder heedigen datum bekend gesteld zijn en
de daar uijt resulteerende noodzaekelijkheid
om ons zoo zeer verswakt guarnizoen
aan eersten te onder schraegen en in staet.
te stellen hoewel met zodanig als 't wel
behoorde
eld:
rij"
NL-HaNA_1.04.02_3142_0636.xml,"behoorde mitsgaders daar toe een gedeelte
der bezetting aan vendeloos Bhaeij in het
oog hebben soo is de gemelde bezetting op verre
na soodaenig niet gesteld omme eene formi
„dabele divisie te emitteeren. ter post vatting
in het tamencarweijsche en dit guarnisoen
te ondersteunen sonder daar toe niet mer„
„kelijk van volk ontbloot te geraken ge„
„merkt thans niet meer dan primo plan
110. koppen aldaar Militeeren waar van
tot versterking van ons guarnisoen ten
minsten meer dan de helfte noodsaekelijk
zijn om de Campementen van gesonde in
steede van sieken en gestorvenen te voorzien
en om het selve dog een gedaente te geeven in de
aannaderende daegen dat deese en geene vreemde
scheepen alhier kunnen op daegen in voegen
wij vertrouwen dat uwel Edele groot agtb: Consi„
si„
„dereerende de onmoogelijkheid om het voorsz:
project met onse presente Mogt uittevoeren
ons wel genereuselijk daar toe met eene Mili„
„taire versterking sal gelieven te ondersteu„
„nen te meer om dat Batticaloa en selfs ook
de vendeloose bhaeij voor eerst meede nog geene
militaire"
NL-HaNA_1.04.02_3142_0637.xml,"2320
Militaire diminutie kan ondergaen uit be„
„dugting dat de daarom streeks swervende stroo„
„pers de novo beweeging komen te maeken
en de geconquesteerde landen ontrusten
Betreffende wijders het genoteerde in rescriptie
op onse consideratien met relatie tot het
treffen van contracten en het hefffen van
geregtigheid te Batticoloa. soo dubiteeren
wij niet of den onsen van den 15. febr: pass:o
in 't breede Mentie maekende van de Consti„
„tutie van zaeken ter gedagte hoofdije sal een
nader ligt geeven die deselve niet alleen als
wel gepramediteerd maer inderdaet bijhans
als noodsaekelijkelijk verthoont in voegen
wij tot evitatie van een dubbelt resit ons
aan gedagte reverente letteren gedragende
uwel Edele groot agtb: eerbiedigst promiet„
„teeren geduurig attent te sullen sijn om„
„trend dat poinct 'sComp: voordeel te behar„
„tigen soo drae de baen daar toe g'opend en
de Jngeseetenen instaet sullen zijn om den
heere, des lands den verpligten tribuijt
te kunnen leveren
waarmeede wij met de diepste veneratie de Eere
hebben
.."
NL-HaNA_1.04.02_3142_0638.xml,"hebben te zijn /:onderstond:/ als vooren
/:getekend:/ L: von Freijtag, A: C: Mappa,
A: von Kemphen en N: P: von
Lengerke /:in margine:/ Trinkonomale
Den 12. ' Maert A:o 1765. —.
De door den Eerst geteekenden, ter verspieding van het
gunt in de bovenlanden passeerd gemitteerde spions
deezer doegen bij Retour gerelateerd hebbende
dat den Candiasen vorst zig in de provintie
welletje en wel in zeker Bosch op de hoogte
van een Berg ophield bij zig hebbende den
schoon zoon van Mahula Mohandiram ge„
„proviandeert werdende door de hoofden van
voorsz: provintie en die van Jammerharwij
mitsg:s dat gedagte vorst nevens zijnen aan„
„hang g'intentioneerd: was zendelingen na
de Cust Cormandel te depecheeren zoo hebben
wij op dat bericht en onse geresene pre„
1
„sumtie Dat, dat gezandschap aen de Engel„
„schee gedestineerd zal zijn ten eersten den
Heer Jaffanapatnams Commandeur en het
opperhoofd te Manaer daer van Communicatie
Aen Als vooren:
gegeeven"
NL-HaNA_1.04.02_3142_0639.xml,"2321
gegeeven en haar E: E: versogt na de Con
C„
„treijen onder hun sorteerende alwaar eenige
Jnscheeping of Embarcqueering van volk
kan geschieden de noodige ordres te willen
Depecheeren Jnsgelijks is ook aen de wan„
„niassen zoo hier als onder Jaffanapatnam
sorteerende Door olassen op het serrieuste
gelast om niemand hoe ook genaemt sonder
pass:o door haere provintien naar Jaffana„
„patnam te laeten passeeren maar alles te
doen opvatten en dit heen ofte naar voor
gemelte plaats te zenden op dat die onder„
„neeming gestuijt wende invoegen wij het
hoofd te Batticaloa almeede niet alleen
ernstig gelast daeromstreeks aen de stranden
goede wacht te doen houden maar ook daar„
„nevens van het zelve gedemandeert hebben
niets de nabijheid van de geciteerde pro„
„vintie welletje ten aller naukeurigsten te
inquireeren en na te vorschen de gedoen„
„tens en desseinen van gewaegden vorst waar
omtrend wij vertrouwen dat het gedagte
Hoofd niet minder sijn Devoir zal attri„
„bueeren als den Eerstgeteekenden ijverig
„ e
21
en
1„
catie"
NL-HaNA_1.04.02_3142_0640.xml,"Colombo
en attent is, om nopens den gemelden vorst, en
wat tot hem relatie heeft alles bij continuatie
te doen inquireeren en uit vorschen mitsgaders
uwel Edele Groot agtb: Conforn Hoogst desselfs Ca„
C
„lutaire begeerte te suppediteeren Dog dit na
vereijsch uit te voeren ontmoet zoo niet ten
eenemaele onmoogelijke ten minsten hoogst be„
„swaerlijke hindernissen, Dewijl het koonings
land hier aangrensende 't zeedert de glarierij„
„ke verovering van Candia door uwel Edele
groot agtb: thans veel striktec als ooijt bevoo„
„rens geslooten gehouden word.
waermeede wij met de Diepste veneratie de Eere
hebben te zijn /:onderstond:/ als vooren /:getee„
„kend:/ L: von Frijtag, A: C: Mappa en N:s
P: von Lengerke /:in margine :/ Trinconomale
Den 22 ' April Ao 1765.
Aen De Heeren Anthonij Mooijaart. Commandeur van Jaffanapatnam en
Marten Rein Commandeur van Kandia Protempore het
swaarwigtig Bestier van Ceilon waarnemende Benevens Den E:
secreten Raad.
E: E: Heeren en Bijzondere
Goede vrienden.
Het hoofd te Batticaloa ons deeser dagen met nelati
tot"
NL-HaNA_1.04.02_3142_0641.xml,"2322
tot den gevlugten Candiasen vorst een sodanig
verhaal hebbende gesuppediteert als Copia van
desselfs ontfangene brief van den 24. pass:o in
responsie geschreeven op het door den Eerst getee„
„kenden aen het selve gedemandeerde ter voldoe„
„ninge aen de solutaire last bij seer gerespecteer„
„de missive van den 20. Maart pass:o van â Costij
ontfangen gedetailteerd deesen accompagneerende
komt uitte wijsen waer aen wij ons ter wita„
„tie van een dubbeld resit nedrigst refereeren
„de eenelijk noteeren dat soo difficie het is mits„
de zoo striate land sluijting ten voormelde
hoofdij iets met sekerheid te inquireeren
en te verneemen, het niet minder alhier zoo„
„danig gesteld is dat selfs een enkel spion
de doortogt ter verspieding bij hans onmoge„
„lijk is dien ongeacht egter sal den Eerstgetee„
„kenden niets onbezogt laeten om nopens
het aan hem gedemandeerde eene soodanige
nauwkeurige inquisitie te doen als hij ver„
„mogend sal sijn, terwijl wij voor het overige
ons niet sonderlinge hoog agting onderschrijven
/:onderstond:/ E: E: Heeren en Bijzondere
goede vrienden uw: E: E: berijd willige
ale
men
Den
E:
en"
NL-HaNA_1.04.02_3142_0642.xml,"en ootmoedige Dienaaren /:was getekend:/
L: von Frijtag, A: C: Mappa en N: P:
ron Lengerke /:in margine Trinkono„
„male Den 1. ' Maij 1765.
Aen Als Vooren.
De van tijd tot tijd verergerende landsluijting.
de uijtgesondene spions van hier niet weijnig
koomende te frustreeren ter verspieding van
het gunt in de boven landen passeert is alhier
zeederd de depeche onser Eerbiedige laeste
letteren van den 1. deeser niets merkwaerdigs
ingelopen dan dat de Eerst getekenden deeser da
„gen van de vendeloose Bhaeij door het Com„
„mandeerend hoofd aldaer beregt is
Dat de kooning van Candia sig volgens het loopen
„de gerugt bij Buttenegerie in eene Dikke
bosschagie omtrend 12. uuren van de vendeloos
Bhaeij gelegen ophield dog dat die tijding
verificatie vereijschte Dewijl deselve op eene
losse voet niet aenneemelijk was invoegen de
Eerstgetekende het gedagte hoofd gelast heeft
1
de waarheid van dat gerucht te onderscheppe
-
+
en zoo er wat aan mogte weesen de regte
verblijf
161
61
3
ereer
tu dk
00
181
900
e N
148
-
-"
NL-HaNA_1.04.02_3142_0643.xml,"2323
verblijf plaets des konings de verre afgele
„gentheid situatie en wegen en Eijndelijk de sterk„
„te des koonings te doen Recognasseeren en midde
He
„lerwijlen ongevoelig klaerigheid tot den Marsch
van een Detachement te maeken sonder dat
ijmand het aller geringste van dat dessein be„
„speure Dies dat wij de verificatie daer van
afwagten en Jnwijlen hier bij noteeren dat het
meermelde commandeerend hooft meede dit heer
bedeelt heeft de gretige onderwerping van
eenige Dorpen van het Jammencarweische
District het digtste aen gedr: Camp leggende
en de gewilligheid der Jngeseetenen om dE:
Comp: te dienen mitsg:s de provisioneele
aenstelling door het ged: hoofd van een
ander vidaen op hun versoek in steede van
den ontweekenen invoegen de Eerstgeteekende
gedagten provisioneelen vidaen en eenige
mindere hoofden dit heen heeft doen ontbie„
„den om hunne vasalage te verifieeren met
annimatie om Conform hunne propositie
Eenige Eliphanten te vangen en deselve tot
een blijk van trouwe meede te brengen
Dit voor of Eerbiedigst gewaegt hebbende Notee„
„nen"
NL-HaNA_1.04.02_3142_0644.xml,"Noteeren wij met relatie tot de hoofden
van Tammen carwij dat de Eerst getekende
voor eenigen tijd eene ola responsive op eene
door zijn E: aen haer gezondene en desen
in Translaet verzellende ontfangen heeft
op dewelke zoo min als op eenige bevoorens.
ontfangene van gelijke natuur weijnig staet
te maeken geweest zijnde heeft men daer van
niets willen moveeren ende uitkomst heeft
doen zien dat wij in onse meening niet ge„
„frustreerd geraekt zijn eensdeels uit hoofd
de meermelde hoofden op de herhaelde
Niewelijke Juvitatien van den Eerstgetee„
„kende voor als nog geen naderen stap van
onderwerping gedaen hebbende en anderen„
„deels dat het gerucht ons heeft willen
verseekeren gelijk wij laest Eerbiedig ge„
„meld hebben Dat die hoofden den gevlugten
Candiaesen vorst met het noodige fournee„
„ren waer bij nog tot een blijk van haere
gantsch niet wel gezintheid komt dat men
van Coetsjaer nader berigt erlangt heeft dat uw
eenigen tijd niemand uit 't sammen carwi
„sche afgekomen is
Dien."
NL-HaNA_1.04.02_3142_0645.xml,"2324
Dien ong'acht egter hebben wij nog alreedelijk
omtrend ons oogmerk gevordert zoo door
de onderwerping der voorsz: districten
dewelke meestendeels aan strand leggen
als door de naderen onderwerping van
nog twee Jammen carweijse dorpen door
den vidaen te Coetjaer op Justigatie van den
Eerst geteekenden te weege gebragt en Dewijl
die twee dorpen meede aen zee strand leg„
„gen zoo hebben wij thans den geheelen strand
tot aen de vendeloose bhaeij wederom in
onse Macht hebbende den voorsz: Coetsjaer„
„sen widaen ook teffens belooft dat zig
de ontweekene vidaen van de Dorpen die
zig als voorsz: aen de vendeloose Bhaeij
onderworpen hebben desgelijks met den
over rest zijnen landstreek zal onder„
„werpen zoo dra hij maar secuuriteijt
en vrij geleijde van hier Erlangt hadde het
welk den Eerst geteekenden hem heeft laeten
geven en dus zijn wij nader den uitslag
daer van te gemoet ziende
waermeede wij Na dienst geneegene groete
De Eer hebben te zijn /:onderstond:/ als
vooren
gtee"
NL-HaNA_1.04.02_3142_0646.xml,"vooren /:geteekend:/ L: von Frijtag, A:
C Mappa, en N: P: von Lengerke
/:in margine:/ Trinkonomale Den
15.:' Maij A:o 1765.
Aan Als Vooren.
Met Relatie tot het gedemandeerde bij seer geres„
„pecteerde Missive van den 20. Maart pass:o heb„
ff
„ben wij voor af de eere uw E: E: eene deeser
daegen van Batticaloa ontfangen relaes te sup„
„pediteeren door eenige pediassen aldaar gedaen
Detailleerende een nieuwe schets nopens de
wegen en situatie der plaetsen waer van gemelde
Missive gewaagd en noteeren ten dien belan„
„ge wijders Eerbiedigst dat het zelve ons zoo
verwerpelijk niet te vooren komt egter wel
mogten wenschen sulx te kunnen verefieeren
tot het welk ons egter alhier deverergerende
landsluijting in vilipendie van des Eerstgete„
„kenden aangewende Devoiren den pas schijnt
te coupeeren invoegen deselve te Battikaloa
almeede daar omtrend ten uitersten houder„
„lijk is gelijk uw E: E: des, behaegende uit het
nevens gevoegd Extract uit het schrijven der
bediendens"
NL-HaNA_1.04.02_3142_0647.xml,"2325
bediendens ter gedagte hoofdije sub 15. deeser
zal: komen te blijken bij het welk meede ter
uwer E: E: g'eerde speculatie g'insereert is een
kort berigt aangaende den Candiasen vorst
l8
en de gezindheid der Condiaenen ten opsigte
van denselven promitteerende wij uw E: E:
egter reverentelijk dat wij en inzonderheid
de eerstgetekende niets onbezogt zullen laeten
omme ten nauwkeurigsten na het een ee
ander te inquireeren gelijk de eerstgetekende
ten dien belange dagelijks nadere berigten
uit het land verwagtende is en wij de
Battikaloase bediendens de Novo gerecom„
„mandeert hebben hunne attentie te appli„
„ceeren ter nadere Jnformatie na het gede„
„mandeerde
van de vendeloose bhaaij obtineeren wij meede
dubieuse berigten nopens den voorsz: vorst
waer aen de strikte landsluiting daar om„
„streekt mede de oorzaek is invoegen sulx
consteerd uit het deesen versellende Extract
uit het schrijven van den aldaer Commandee„
„renden P:l luitenant Heinrich sub 21. deeser
Dog betreffende het Tammencarwijse zoo melden
ten
aen
ete
het
den"
NL-HaNA_1.04.02_3142_0648.xml,"ten dien belange dat hoe wispoeltuurig de
hoofden dier provintie ons te voren komen
het Egter schijnt dat de overhaeling derselve
niet seer difficiel sal zijn invoegende Eerst
getekende te Coetjaer en de vendeloose bhaeij
mitsgaders door olassen al geduurig daar
aen laet arbeijden en binnen korte dat
succes daar van verwagt dat buijten de
sig bereets onderworpene hoofden de overige
en wel de voornaemste van dat destrict ook
sullen volgen en gezamentlijk ditheen ko„
„men ter verificatie hunner vasalage
gelijk de ingekomene berigten ons daar
van willen verseekeren wanneer wij
verhopen met betrekking tot het aen
bevoolene bij voorschreevene gerespec„
„teerde Missive een nader en geloofwaer„
„diger ligt nopens het een en ander met
minder moeijte te zullen kunnen ver„
werven
waermede wij ons de Eere aenmatigen met
Diep respect te verblijven /:onderstond:/
als vooren /:getekend:/ L: von Freijtag
A: C: Mappa en N: P: von Lengerke.
/:in margine"
NL-HaNA_1.04.02_3142_0649.xml,"2326
/:in margine:/ Trinkonomale Den 31.
Maij Anno 1765.
Hoedanige Relaesen deeser daegen met betrekking
tot den Candiasen vorst van Batticaloa alhier
ingeloopen zijn verthoont de Jngeslootene Copia
Missive de dato 7. deeser van daar na herwaert
geschreeven en een daar bij gehoorend Relaas; en
b'ngen de ingekomene berigten door des Eersten
teekenaars uitgesondene spions meede Dat den
voorsz: vorst zig op seekere plaets genaamt
Condegesale ophoud hebbende desselfs gemalen„
„ne en kinderen te windene nagerie gelaeten
terwijl de Candianen De stad Candia, randam beset
hielden en veele van onse besetting in deselve
quamen te overlijden
Intusschen iets verder verneemende sullen wij Eer„
„biedige Communicatie daar van suppediteeren
en hier bij eenelijk nog noteeren dat volgens
ingekomene berigten van de vendeloose Raeij hat
8
nieuw aangestelde hoofd Mira Lebbe met nog
eenige mindere hoofdjes van het zig onderwar„
„peu Tammenkarweijse gedeelte sig op weg
Aen Als Vooren
staande
met"
NL-HaNA_1.04.02_3142_0650.xml,"en hem bij provisie toegestaan versoek gegeeven
heeft als dat de ingezeetenen het gebruijk daer
van bij Continuatie mogten hebben invoegen
het sig wel haast sal uijtwijsen of zulx aen
onse verwagting gelijk wij hoopen, sal be„
„antwoorden
Intusschen laten wij deesen eerbiedigst versellen
een relaas nopens het gerelateerde door
uijtgesondene spians van hier aangaande
den Condiasen vorst het welk hoe wel het selve
met de voorgaande gesuppediteerde berigten komt
te disfrepeeren egter niet ondienstig g'oordeelt
hebben uw EE: onder oogen te brengen
waarmeede wij de eere hebben met diep schuldig res„
„pect te blijven /:onderstond:/ als vooren /:ge„
„teekend:/ L: von Freijlag; A: C: Mappa, R:
B: Fedderus en N:s P: von Lengerke
/:in margine:/ Trinkonomale Den 15. Julij
Aen Als vooren
Met retatie tot de Jamenkarwijse hoofden voor af
eerbiedigst noteerende dat wij als nog op hoope
lever dat deselve met haere onderzaaten de
weder
Ao 1765"
NL-HaNA_1.04.02_3142_0651.xml,"2328
weder onderwerping aan dE: Comp: zullen kie„
„zen waartoe het sig door de niuuwelijke Con„
„respondentie des Eerstgeteekenden met hun en
zijn Ed: Continueele invitatien in soo verre
redelijk laat aanzien dat zo dezelve met goede
beloften b'antwoorden en ook blijken van wel„
gezindheid geven hoewel het effect bij hun
nog wat dralende gehouden werd het welk
egter alhengskens meede hoope sal gewonnen
werden en waartoe de Eerstgeteekende het al
gaande weg tragt te brengen blijvende inwijlen
het nieuwe hoofd Mira Marika en sijnen
aanhang seer gedienstig contribueerende daar
neevens het sijne om de voorsz: hoofden de
weder onderwerping zoet te maaken Commu„
„niceeren wij uw E:E: voorts reverentelijk dat
de door den Eerstgetekenden uijtgesondene spians
geretourneert sijn relateerende
Dat de Candiase vorst thans op Angerenkatte Na„
„gerie en desselfs frouwen kinder vader en
:
broeder op windinnagere zig ophouden wel„
„ke laatste alle de weddassen bij sig geconjun„
„geert hield om wagt te houden en een gedeelte
1
van deselve op de lumiten van tamenkarwij
hadde
.
:."
NL-HaNA_1.04.02_3142_0652.xml,"hadde doen posteeren ter selven fine mitsgaders
dat onze bezetting in Candia in eene goede
staat continueerde welk relaas als eenparig
gemoveert sijnde nog al eenig geloof meriteerd
hoe wel de strikte landsluijting ende bevoorens
successive ingeloopene descrepeerende gerugten
nopens den voorsz: vorst en sijnen aanhaaig
ons geretireert houden aan het selve ten vol„
„len geloof te defereeren egter sullen wij
uijt het tamenkarwijse wel berigt ontfan„
„gen of sulks met de waarheid over eenkoms„
„tig is /:onderstond:/ als vooren /:getekend:/
L: von Freijtag, A: C: Mappa, R:
Z
Hedderius en N: P: von Lengerke
/:in margine:/ Trinkonomale den
13. ' Augusto Anno 1765.
Aen Als vooren
Deese word in Eerbied gerigt om uw E: E: bezijden
deese te presenteeren het secreet Compendium
van deese plaets en dat van Batticaloa gesloo„
„ten onder heedigen datum en het welk wij
vertrouwen uw E: E: G'eerde goedkeuring te
do
sullen weg draagen, blijvende wij inwijlen met
de"
NL-HaNA_1.04.02_3142_0653.xml,"2329
de uijterste veneratie /:onderstond:/ als vooren
/getekend :/ L: von Frijtag, A: C: Mappa,
R: Hedderius en N: P: von Lengerke
/:in margine:/ Trinkonomale den 15. Aug=s
A:o 1765.
Aen Als Vooren.
vermits de reden en mativen door het hooft
te Batticaloa DE: Rfeijffer bij desselfs be„
„zijden 'sComp:s gemeene brief van heedigen
datum overgaande Request ter opitenu van
verlossing geavanceert werdende met de waer
heit over Een komstig sijn zo koomen om
die hoofdije als selfde mogte vacant raa„
„ken:/ te erlangen van hier twee suppliantenh„
op als den ondercoopman en Administra„
„teur DE: Boekenberg Hedderus en
secretaris von Lengerke welkers reques„
„ten bezijden 'sComp:s meede over gaan en op
welkers conduite in zo verre mij bekent
is niets te zeggen valt dus een van beijde wel
.
uw E:E: gunstige reflectie meriteert en wel
in het bezonder den administrateur fled„
„derius zijnde tot die hoofdije een in allen
deele
-
loo„
wij
te
met"
NL-HaNA_1.04.02_3142_0654.xml,"deele bekwaam persoon dus ik bij deesen
mijn versoek bij het sijne voege In welke
verseekerde hoope laat ik deesen tot uw E: E:
g' Eerde speculatie nog versellend een deeser
daagen van batticaloa ontfangen relaas het
welke in het een en ander over een komstig
is met het bij secreete letteren van hier
sub dato den 10. deeser genarreerde het
welke mijne uijt gesondene spions gerelateert
hebben.
waarmeede met de diepste veneratie de Eere
heb te zijn /:onderstond:/ als voor en /:getekend
L: von Frijtag /:in margine:/ Trinkono„
„male Den 15. Augusto A:o 1765
Colombo
Aen den Wel Edelen Groot Agtb: Heer
M:r Iman willem Falck,
Gouverneur en Directeur van het Eijland,
Ceilon met den Resorte van dien.
Soo ongaarne als mijn antecesseur zoo wel als ik
Wel Edele Groot Agtb: Heer.
uwel
-"
NL-HaNA_1.04.02_3142_0655.xml,"2330.
uwel Edele groot agtb: met daleantien hebben
willen te vooren koomen net betrekking
tot 't verergerende gedrag van den wannia
van kattekolompattoe en Jamblegam san„
„deresegere nelle Maxane zoo heeft het Egter
onvermijdelijk noodig gescheenen Dat sulx reets
meer dan eens geschied is gelijk ik bij deese
jterative gemoveerde Doleantien
occasie mijne
gevergt worde te Renoveeren tongezien dien
deenman maer als ten schijn 'sComp:s protectie
amplecteert en onder de hand niet weijnig
met de vijanden Correspondeert bijzonder
met de afgevallene wanniassen van Pattaij
Madewaetje en Natoe welke laaste gehuuwt is
met zijne dogter dewelke hij niet alleen 't passee„
„nende in 'sComp:s limieten meede deelt maer
E
niet zout en andere ontbreekende behoeftens
fourneert en sig daernevens gantschelijk niet
meer aengelegen sijn laet, aen zijne Jteratieve
beloften en verbindingen bij het met hem ge„
„troffene contract te volsdoen of eenige de minste
sub ordonnantie meer te kennen gemerkt hij
mijne beveelen illuzair steld en zig aen niets
meer kreunt omwrikbaare bewijsen daer van
deesen"
NL-HaNA_1.04.02_3142_0656.xml,"deeser daegen gesuppediteerdt zijn dat hij
Eerstelijk in vilipendi van 't beloofde bij Contract
om de Majoraals de behulpzaeme hand te bie„
„den in 't Jnvorderen van hoofd gelden van de
zig in zijne provintien ophoudende onderdae
„nen sulx niet alleen als nu direct geweijgert
maer de Maijoraels met veragting gemeenwaij
„eert heeft niet teegenstaende hij zig de Eerste
Jaeren sulx heeft laten welgevallen
twee
en daar teegen niets 't geringste voor gebragt
Het tweede dat ik hem mits ontstentenis van zout
ter voldoening aen zijn Contract heb laeten
aen zeggen de geregtigheid daer van te contri„
„bueeren hij sulx meede absolut geweijgert heeft
te doen.
Derdens dat hij deese en geene afkomelingen die
gaarne na herwaerts willen om 't haere in
te brengen of om eenige provisien afte bren„
„gen volstrekt den pas coupeert om haeren
weg ditheen te kunnen ver vorderen
Behalven dat hij dagelijx olijken komt te geeven van
zijn brusq humeur en Jnderdaet wel meri„
teerde dat met hem eens met Rigeur wierde
gehandelt
heeft"
NL-HaNA_1.04.02_3142_0657.xml,"2331
gehandelt gemerkt de onder vinding geleert
de
heeft Dat de Minnelijke Maximes omtrend
hem g'useerd den grond tot zijn hart nekkig
Copnicieus en Jntrigeus gedrag gelegt hebben
Ca
in voegen ik mij ook onderwinde uwel Edele
groot agtb: needrigst te versoeken mij ten
reguarde van dien leenman met soodaenige
ordres te munieeren als uwel Edele groot
8„
agtb: ter beteugeling
sijner te verre gaande
Emancipatien best zal oordeelen
waermeede d' Eere heb mij met diep schuldig
respect en de meeste veneratie en Eerbied
te noemen /:onderstond:/ wel Edele Groot
Agtb: Heer uwel Edele Groot Agtb:
zeer onderdaenige en Gehoorzaame
Dienaer /:was getekend:/ L: von Freijtag.
/:in margine:/ Trinkonomale Den 1.
7ber: A:o: 1765. —
Aen Als vooren.
zeedert mijn aengevaerd prainterum bestier alhier
.
tot heedigen datum onvermijdelijk en op de
menagieuste wijse aen deese en geene vertrouwelin„
-:
„gen die ik ter verspieding g'emitteert heb
mitsg:s
::
E
n
eve
a"
NL-HaNA_1.04.02_3142_0658.xml,"mitsgaders tot de fraijement aen de wannias„
„sen van hattekolom en Tamblegam en
Coetjaer. het afgekomene nieuwe hoofd van
een gedeelte van het Jamenharwijse Mira
Marika en sijnen aenhang &=a door mij ver„
„strekt sijnde 40 parras rijst en 191: rd:s aen
Contant mitsgaders door het hoofd te Batti„
„kaloa DE: Pfeiffer voor het boekjaer 176 3/¾.
aen spions almeede uitgerijkt zijnde rd:s 172. 13.
versoeke ik uwel Edele groot agtb: nevens
het gedagte hoofd dat ons dat verschot â uso
'sComp:s
moge werden geremboursseert uijt
Cassa terwijl ik overigens met de uijtterste
hoog agting de eere heb te zijn /:onderstond:/
L: von Frijtagh
als vooren /:getekend:/
/:in margine:/ Trinkonomale Den 31:'
Augusto A:o 1765.
Aan Als vooren.
Den wannia van CoetJaer mij deeser dagen eene sol„
„danige ola geremitteert hebbende als deesen
in Translaet eerbiedigst bij gevoegt is heb ik
niet mogen afzijn uwel Edele groot agtb: deselve
needrigst onder oogen te brengen schoon het da
bij
-"
NL-HaNA_1.04.02_3142_0659.xml,"2332
bij gerelateerde mij in verscheide opzigten
dubieus te vooren komt en discrepeerende
is met andere alhier ingeloopene gerugten
hoe wel het selve ten opzigte van Candia
met de algemeene gerugten over een komt
en dat der Jamerkarwijse hoofden bij mij
eenige bedenking veroorsaakt uit hoofde
van haere continueele wispeltuurigheid en
vilipendi van mijne guseerde minnelijke
maximes om hun tot de weder onderwerping
e
te brengen moogen het sig sal uit wijzen
wat zij in den schild voeren terwijl ik den
voorsz: leenman die reets in nood vermeere
te sijn te vreeden gesteld en het commandee„
„rend hoofd te foetjoer aengeschreeven heb
wel op hoede te zijn en van een afzakkende
vijand iets secuurs verneemende mij daer
van berigt te geeven
waermeede met de diepste veneratie de Eere heb„
„be te zijn /:onderstond:/ als vooren /:getekend/
L: von Frijtagh /:in margiere:/ Trinkono„
„male den 15. 8ber: A:o 1765.
Van
as„
soo
dselve
het da"
NL-HaNA_1.04.02_3142_0660.xml,"De hooge Eere gehad hebbende wel te recipieeren uwen wel
Edele Groot agtb: hoog gevenereerde Aparte Missive
van den 23. 7ber: Jongstleeden repliceere op deselve
reverentelijk
Dat betreffende het gerelateerde door spions te Candia
dat in deese Contrijen of op de hoogte van dit res„
„hort door een Engels scheepje kruijt en bood &=a
ten behoeve der vijanden antscheept soude zijn
ik stark resiteere of daer aen wel iets waer is
na dien de stranden tusschen hier en Batticaloa
zig voor het grootste gedeelte onderworpen hebben
en al geduurig bewandelt zijn door mijne spions
en ik in soodanig een geval zeeker iets daer
van soude vernomen hebben niet te min zal het
door uwel Edele groot agtb: aen mij gedeman„
„deerd onderzoek dien aangaande mijne uijt„
„terste Attentie na zig sleepen
Dat ik mij nopens de g'ordonneerde repartitie
van het guarnizoen het welk reets lange en
twee Compagnien verdeelt en eene daer van
vacant is mits het overlijden van den Capitain
Militair DE: von kemphen onderwinde uwel
Edele groot agtb: needrigst ander oogen te
Aan Als Vooren.
brengen"
NL-HaNA_1.04.02_3142_0661.xml,"2333
brengen.
Dat de prezente bezettingen ter vendeloose baaij
en te Coetjaer ter eerstgemelde plaats 75. en ten
laast gemelde 50. koppen sterk onder Correctie
van uwel Edele groot agtb: hoogwijzer gevoelen
wel in statu quo dienen te blijven dewijl eerst
gedagte post bij eene nadere diminutie tot op
een sergeant 1. Corporaal en 12. gemeene aan
gevaer zoude g'exponeert zijn en van Battica„
„loo als 7. â 8 uuren daer van leggende soo schielijk
geen zecours kunnen erlangen in dien de daer aen
grensende qualijk gezinde tamenharwijse Jngezee„
„tenen iets vijandelijker mogten tenteeren of dat
daeromstreeks Engelse scheepen en vaartuijgen
op daagen en iets in praejuditie onderneemen
mogten
wel is waer uwel Edele groot agtb: heere dat in
sekreete bij een komste alhier op den 24. Maart
A:o pass:o geresolveert geworden is voormelde baaij
tot op 1. sergeant 1. Corparaal en 12. gemeene te
riminueeren dog te gelijker tijd wierd meede
beslooten ter herwinning van het Jamenharwijse
-:
in die provintie omtrent een uur van evengemel„
„de baaij een sterk detachement te plaatsen 't welk
dan
wel
sive
r
het
man„
uijt„
t
tie
pitains
uwel"
NL-HaNA_1.04.02_3142_0662.xml,"dan als na bij zijnde in staat soude geweest sijn
voor dien Jnhaen te respondeeren.
Terwijl de bezetting van laastgedagte Past om voor„
„segde reedenen meede niet te sterk is indien
namentlijk volgens de reets gereezene bedug„
„ting van den wannia dier provintie de tamer„
„karwijse volken deselve mogten invadeeren
buijten en behalven dat die provintie de
„plaats is alwaer de Engelsen in A:o 1763.
haare gevaarlijke Entreprises getenteert
hebben het zenden van een zendeling na
Candia en dus onder submissie daar voor
dient gesecureert te sijn
Dat daer en tegen egter het detachement te Naijpat„
„temoene wel ingetrokken soude kunnen wer„
„den tot renforcement van het guarnisaen
te Batticaloa welk guarnizoen zodanig
versterkt sijnde al egter niet gevoegelijk eene
dimunitie soude kunnen leijden dewijl het
selve daer door niet in staat soude gesteld
zijn de nood sulks vereijschende een goed datac„
„hement te emitteeren tot dekking der gecarcquers
„teerde landen die voor de Maetschappij van geeene
geringe aangelegentheid zijn
Dat"
NL-HaNA_1.04.02_3142_0663.xml,"2334
Dat wat de bepaalde bezetting der buijten posten be
„treft deselve met gevoeglijk met soo wijnig onder
officiers kan werden g'effectueert dewijl op de
post Oostenburg een Capitain of lieutenant leg„
„gende een sergeant en Corporael op de wagt
dient te sijn invoegen de overige posten als dwars„
in de weg de nieuwe Batterij en het waterpas
meede door sergeants als pasthouders wel dienen
bezet te blijven
Dat in Cas op de gemelde posten een Capitain en verdere
officieren zullen leggen het naadzakelijk vereijscht
dat voor deselve logementen aldaer werden
g'adificeert als wordende op de post oosten„
„burg thans eenelijk een wooning voor een
officier gebouwt dog op de overige posten word
gans geene lijffberging gevonden.
Invoegen ik op deeze mijne needrige remarques
aller eerbiedigst uwel Edele groot agtb: hoog
gevenereerde nadere dispositie ben imploree„
„rende en wij inwijlen met de diepste veneratie
onderschrijve /:onderstond:/ als vooren /:getekend:/
L: von Freijtag /:in margine:/ Trinkonomale
den 20 8ber: A:o 1765. —.
Joaim Heintous
A KRopteert
E: k: van't
geh: Kommette
ge"
NL-HaNA_1.04.02_3142_0664.xml,
NL-HaNA_1.04.02_3142_0665.xml,
NL-HaNA_1.04.02_3142_0666.xml,
NL-HaNA_1.04.02_3142_0667.xml,
NL-HaNA_1.04.02_3142_0668.xml,
NL-HaNA_1.04.02_3142_0669.xml,
NL-HaNA_1.04.02_3142_0670.xml,No 21
NL-HaNA_1.04.02_3142_0671.xml,"gegaene Brieven naar
Trinkonomade"
NL-HaNA_1.04.02_3142_0672.xml,
NL-HaNA_1.04.02_3142_0673.xml,
NL-HaNA_1.04.02_3142_0674.xml,
NL-HaNA_1.04.02_3142_0675.xml,"2335
Trinkonomale
Aan den Kapitain kommandant
Lodewijk von Frijtag
Nevens den sekreeten Raad
Manhafte vroome
In andwoord op uE: twee sekreete missive van
den 14: en 20: xber: Iongstl: diend met betrek„
„kinge tot de eerste dat Tammekarweij
diende gereokkupeert te worden, zo dra de
mousson het toelaat en de battel over en weder
vaaren kan mits vendelosebhaaij in die
tijd echter niet te zeer van volk ontblood
„re
werde en bij okkupatie de detachementen
van daar item van vendeloos baaij en
koetjaar, als genoegsaam in een drie hoek
ten minsten niet verre van elkander leggende,
telkens over en weder zo niet rekognosseeren
ten minsten dagelijk met den anderen kor„
„respondeeren kunnen.
Wijders diend op uE: laastgem: brief dat
het maken van kontrakten en invorde„
„ren"
NL-HaNA_1.04.02_3142_0676.xml,"„ren van geregtigheeden bij het okkupeer
van nieuwe landen en inzonderheid het
laatste voor nieuwe onderdaenen zekerlijk
„dat
niet te zeer animeert dog het aan den
anderen kant ook weder eene algemeene
staats maginie is, dat als nieuwe onder
„daenen buiten en behalven eene zagte
Regeeringe, ook boven dien moogen blijven
kontinueeren bij hunne oude Gods dienst
zeden, manieren en prarogativen men
dan aan hun de noodige requisiten
al ten eersten veel ligter bedingen kan, da
naderhand; wanneer men z'er van den
beginne af, al niet ongevoelig toegewen
heeft, mits men egter bij ondermoogen
en na tijds gelegentheid, wat door de
vingeren zie, ten einde dus aan den eenen
kant ons regt staande te houden en aan
den anderen kant eene bewijs van inschik
„kelijkheid en eene Iagte Regeeringe te
geven, ter animeeringe van zulke inwoo
„deren waar bij ook komt, dat het ieder natie
hoe onbeschaafd ook genoegsaam eigen is.
iets voor den Heere van haeren Landen
te willen opbrengen; zoo dat het in
deezen"
NL-HaNA_1.04.02_3142_0677.xml,"2336.
deezen veel afhangd van de manier,
hoedanig een volk behandeld word; en
dewijl alle de gemoveerde rrgumenten,
over dat artikel bij uE: laast gem brief
te vinden, zeekerlijk haere bedenkingen t
hebben, en bij de eerstgeteekende, wanneer
hij nog â kostij was geduurende den loop
dezer tijds omstandigheid, ten diergelijke
belange meer als eens opgekoomen
zijnde, zoo willen wij zulx aan uE: eige over„
„leg na bevind van tijd en zaeken liefst
overlaeten, als vertrouwende dat uE:
niet dan het beste voor de komp zullen
behartigen
waarmede na groete blijven /:onderstond:)
Manhafte vroome, uE: Goeden vrind
/:was getekent:/ M„n Rein, D: Burnat
en A: Moens /:inmargine:/ kolombo
den 31: Januarij. A„o 1765
Aan als vooren
Dezen diend eenelijk ten geleide van de
Kopia der Laetste sekreete missive van
hier aen uE: geschreeven, onder dato
den 31: Ianuarij I:o Leeden, zoo wel
als"
NL-HaNA_1.04.02_3142_0678.xml,"als ter nadere Limitatie van het daer
bij genoteerde namentlijk, dat indien
uE. kans zien, om Tammekarweij te
resigueeren
reokkupeeren, zonder iets te resceeren
en zonder vendeloos bhaaij te veel te
ontblooten zulx in zoo een geval als nog
zeekerlijk goed zoude zijn, dog dat het
anders nu geene zaeke is, om 'er Juist
iets aan te hasardeeren niet alleen, om dat
men het daar op toeleggende, zulx ten
allen tijde kan doen, maar voornament„
„lijk, om dat het sukces van 's komp.:s
waepenen tegen de kandiaschen vorst
thans zoo favorabel is, dat het als nu
op een spoedige wokkupeeringe dier pro„
„vintie, zoo zeer niet op aan zal komen,
ten minsten er niets behoefd om geresi„
„ceerd te worden, alhoewel ik ook niet
Zien kan, dat de reokkupatie geschie„
„dende, er iets naamwaardigst van be„
„lang aan soude moeten g'rasiceerd worden
waarmede na groete blijve /onderstont,
als vooren /:geteekent:/ M„n Rein /: in„
„margine:/ kolombo den 13. ' Februarij
Anno 1765.
Aan"
NL-HaNA_1.04.02_3142_0679.xml,"2337
Aan als vooren
Het andwoord op uE: brieven uitstellende
tot dat daar over het noodige beslooten zijn
zal, word deze gerecht, om uE: op te draegen
een nauwkeurig onderzoek nopens de situ„
„atie van de stad Bintane, ende ver„
„heid en gesteldheid der weegen naer
derwaerts
MW VE:s moeten daar over raadpleegen met
de kundigste Inlanders, en het opperhoofd
Pheifter aanbeveelen, zich daer na mede
op het nauwkeurigst te erkondigen, en
van zijne ontdekkingen een duidelijke
beschrijving over te zenden
Daar bij moeten inzonderheid aange„
„haald worden de revieren, bergen en
bosschaegien, die de passasie ligter of
beswaerlijker maeken; de verheid of
afstanden der plaetzen, de aert van het
terrein, of het handig, moeras sig of
steenachtig is, en al 't geen verder dienen
kan zig een recht begrip van die
passagie te formeeren.
Ook moet gem: Pheiffer zicherkondi„
„gen of men van de kant van Batti„
„kalva"
NL-HaNA_1.04.02_3142_0680.xml,"„kaloa gemakkelijk, in oeva kan koomen
en wel in in dat gedeelte van oeda dat
Baddoele genaamd word: en hoe veel
volk men wel zoude nodig hebben iets
tegens Bintane of Badoule van die
kant te onderneemen, nu een aenzie„
„nelijke gedeelte onzer krijgs-magt in
kandia legt, die zulke onderneeming
merkelijk soude kunnen faciliteeren.
Dat deeze berechten met grootste zorgsul„
„digheid ingewonnen en zo duidelijk als
mogelijk, ingesteld worden moeten: kun„
„nen uE:s uit het gewicht der zaaken
ligt begrijpen.
Ook moeten uE: en gem: Pheifter alle
moeite aanwenden, om van den ge„
„vluchten koning en zijne Hofs-Grooten
hunne schuilplaets en desseinen zoo
veel te ervaren en herwaerds te berechten
als mogelijk is.
waarmede na groete blijve /:onderstont:)
als vooren /:geteekent:/ L: I: Van bek
/:in margine:/ kolombo den 20. ' maert
Anno 1765
Aan"
NL-HaNA_1.04.02_3142_0681.xml,"2338
Aan als vooren
Door spions aan de Hoofden der kandia„
„se Bezettingen onder anderen gemeld
geworden zijnde dat de vijanden een
naamwaardig ontzet van kruit van de
Engelsen bekoomen hadden, dat in de
maand Iunij of Iulij Iongstl: door een
Engelsch vaartuig daar om streex zoude
aangebragt zijn, zoo word uE: zulx
bedeeld ten einde daar na niet al„
„onder
„leen „ zoek te doen, maar ook bij aan„
„weezentheid van eenige Engelsche scheepen
steeds een waekend oog op deselve te houden
en voor al te beletten dat eenige Inlan„
„ders tot d' Engelschen toegang vergunt
worde, zelfs niet onder pretext van Le„
„verantie van Leevensmiddelen ofr eenige
andere goederen, tot welk einde uE: aan
de overheeden der invallende scheepen
en vaartuigen bij hunne komste moeten
laeten bekend maeken, dat wij om goede
reedenen geene de minste konversatie
met Inlanders kunnen toestaan
en derhalven verzoeken zich met nie„
„mand derzelver in telaeten maer
hunne"
NL-HaNA_1.04.02_3142_0682.xml,"„hunne benodigdheid aan uE: te kennen
te geeven, ten einde gerieft te worden
Neevensgaende schikking omtrend de
Europeesche Militie in uE: opperhoofdije
moet tot narecht en observantie dienen
en we zullen op de tijdinge Exekutie van
deselve nauwkeurig letten, echter in„
„dien uE: omtrend de bezetting der buiten
posten en het daer voor bepaelde getal
eenige verandering nodig oordeelen
mogte, word uE: als van nabij over dit
stuk beeter kunnende oordeelen vrijheid
gelaeten daer van in zo verre aftewijken
mits nochtans zorg draagende dat de ver„
„deeling der militie in twee kompanien
niet te min na volgens deeze schikking
gevolch neeme uit dezelve blijkt onder an„
„deren dat onder medio aug:o welker korte
sterkte tot een basis deezer schikking ge„
„noomen is /:25: serjants bij 299: gemeenen
geweest zijn en dat wij dus maar al te ge„
„gronde reedenen gehad hebben uE: geduurige
sollicitatien tot de aanstellinge van noch
meer onder officieren van de hand te wijzen
waarmede na groete blijve /:onderstont/
als"
NL-HaNA_1.04.02_3142_0683.xml,"2339
als vooren /:getek:/ Im: will Falck /:in„
„margine:/ kolombo den 23: 7ber 1765
Aan als vooren
op de herhaalde klagten over den wannia
segere hebbe niet langer willen uitstellen
om uE: te qualificeeren, gelijk geschied bij
deezen om dien Leenman onder het een of
ander glimpig pretext, bij uwE: te ontbieden
en met de eerste sloep herwaards te zen„
„den, voorgeevende dat ik hem begeere
te spreeken.
maar voor al begeere ik, dat van zijne
goederen of bezettinge niets aangeraekt
en het Regentschap zijner onderhoorige
Provinsien aan den geenen opgedraegen
worde, die naar de wetten van dat Land
of d' oude gebruiken daer toe de naest
geregtigde is.
waermede na groete blijve /:onderstont:/
als vooren /:geteekent:/ Im: will Falck
/:in margine:/ kolombo den 25. ' 8ber: 1765
/:lager:/ P:s Hier nevens gaat een Extrakt
uit hunne Hoog Edelens g'eerde missive van
den 21e Junij 1765 waar bij eenige ver¬
„anderingen in het kontrakt niet
den"
NL-HaNA_1.04.02_3142_0684.xml,"den wannia van koetjaer aangegaen,
gemaakt zijn, meest tot verligting van
dien leenman welkers exekutie uE: bij
deesen aanbevoolen werd.
Joannis Htentou
geh: Kommitte
ƒ
Akkordeert
E: k: van't"
NL-HaNA_1.04.02_3142_0685.xml,
NL-HaNA_1.04.02_3142_0686.xml,82
NL-HaNA_1.04.02_3142_0687.xml,"Aangekoomene
Van
Brieven
Nagapatnam"
NL-HaNA_1.04.02_3142_0688.xml,
NL-HaNA_1.04.02_3142_0689.xml,
NL-HaNA_1.04.02_3142_0690.xml,
NL-HaNA_1.04.02_3142_0691.xml,"2340.
Colombo
Aan den wel Edelen Heer Lubbert Jan Baron van Eck
Raad Extra ordinair van Nederlands India Mitsgaders
Gouverneur en Directeur des Gemelden Eijlands der kuste
Madure Inchiado Etc=a Etc=a.
Manhafte
Edele Erntfeste
Wyze voorzienige zeer Diskreete
Het ter zijden uw Ed=e letteren van den 21.'
december Jongstl: ontvange gesloote pacquetje
aen het Madraspatnamse Ministerium be„
schreeven, heb ik het palliacatse opperHoofd
den koopman Philippus Jacobus Dormieux
onder mijne geleij letteren toegeschikt om
door een der op dat comptoir bescheiden
weesende pennisten aen den heer Gouverneur
te dier engelze plaatse besteld tewerden
met ordre van dies verrigting mij een
bewijs."
NL-HaNA_1.04.02_3142_0692.xml,"Aan als vooren.
toekomen dog sonder dat van
bewijs te doen
gemeld opperhoofd dierweegens nog eenig be„
rigt hebbe erlangt is mij het andwoord op
gemelde uw Edelens missive door het minis„
terium bij de inleggende onder cachet Vo„
lant aenhanden gekoomen en tot welkers
voortporting deesen dan soo wel laete dienen
als om uw Edele vriendelijk te versoeken dat
aen het hiermede ingesloote pacquetje
voor Batavia een secuure addresse gelieve te
doen bezorgen bij de eerste voorkomende
geleegendheid
Terwijl voor het Overige na minsame groete
met alle eerbied verblijve /:onderstond/ Edel
Erntfeste Manhafte wijze voorsienige zeer
Diskreete uw Edele dienstwillige vriend en
Dienaer /:was getekend:/ C: van Tijlingen
in margine Nagapatnam Den 10. febr
A„o 1765.
Bij myne aan uEd=e afgezondene Letteren
gedateerd"
NL-HaNA_1.04.02_3142_0693.xml,"2341
gedateerd den 29.:' Januarij Jongstleeden heb ik
uw Edele gecommuniceert dat den komman„
dant der france troupen Mons=r Hugel
mits de ontfangene ordre van den Com„
missaris de heer Law, het uit zijnen
naeme met den geweesen Collonel dier
natie d' heer Fischer aangegaen contract
ter embarqueering met desselfs Manschap
naer uw Edele gouvernement niet konde
naer komen dog seedert of op den 24. der
verweeken maend gedagte Mons=r Law
alhier verscheenen en bij die geleegendheid
door mij gevraagt sijnde hoedanig gedagte
troupes haar eens gegeeven woord konde
verbreeken repliceerde zijn Ed=e dat wel
lijden mogte deselve in het Heijmelijke
of oogluijkend hen bij dE: Compagnie
en gageerde maer niet gaerne, zoude
sien sulx publicq geschieden, waer op
vervolgens soo door weegen van Mons=r
Hugel als naderhand door hem selvs bij
mij
dat
10. febr:
10
Letteren
ad"
NL-HaNA_1.04.02_3142_0694.xml,"mij nader ernstig aenzoek gedaen wierd
om die Manschappen op den voorigen voet
tot uw Ed=e telaeten overgaen maer dewijl
daer in geenzints konde toestemmen uit
hoofde den tijd des veldtogts bereets soo
verre verloopen was heb ik egter gemelden
Hugel met veel moeijte getragt te diver„
teeren van zijne bevoorens geformeerde
pretentie om 5000. pagooden aen den
selven teverstrecken en hem teffens gesogt
te persuadeeren sig met zijn voek en steede
van 6. maenden voor drie jaeren te
verbinden waer inne dan eindelijk na
mijne uitterste aangewende pogingen
soo verre gereusseert ben dat van gedagte
geld Eijsch van 5000. pagooden ten eene„
mael afgezien dog zig met zijn Corps
niet langer heeft willen in dienst begee„
ven. dan voor twee Jaeren onderbeding
dat bij benooding voor nog een Jaer
zoude continueeren en welke gedaene
declareering"
NL-HaNA_1.04.02_3142_0695.xml,"2342
declareering ik van dat gewigt bevindende
om het selve aen den Raed ter overwee„
ginge te geeven door deselve dan ook nee„
vens mij om de aengelegendheid der zaeke
en dat dE: komp=e dus den tijd van drie
Jaeren ten dien Eylande van een gedresseerd
corps troupen die gelijk men zegt het vuur
gewoon zijn groote dienst konde hebben
beslooten is geworden gedagte Aanbie„
ding te amplecteeren en meermeede man„
schappen ingevolge de met haer lieden hoofden
geslootene en getekende over een komst
deesen in origineele versellende over Ma„
naer ter uwEdele assistentie te laeten reijs
ale
vorderen bestaende indrie Compagnien ieder
van 150. man primo plan onder beding
dat aen henlieden de Hoogste besoeding die
dE: Maatschappje aen derzelver dienaeren
toelegt sal werden verstrekt neevens de
Emolumenth kostgeld huijshuur E=a ge„
na
lijk zulks in zijn omstande wij gemeede
geschrift.
M"
NL-HaNA_1.04.02_3142_0696.xml,"geschrift gespecificeert werd bevonden en
waer aen mij ter vermijding van rediten
geheelijk refereeren in vertrouwe dat uw
Edele deeze mijne behandeling als tot mee„
de werkinge van het welvaeren en ter be„
vordering van scompagnies belangens
geschiet sijnde wel sal gelieven te appro
beeren.
Jntusschen dat uwEdele alver der communi„
ceere gemelde manschappen na Manaer
verdeeld sijn als volgt.
op de chialoup de Robijn 10. hoofd officieren
en 180. gemeene of tesaamen
190. koppen
op een Jnlandse phaar
- .. 120. do
„ „ do thonij
. 60. do
-
„
„ dubbelde chialeng - . 40. do
„ andere do do —
40. do
In het geheel als vooren 450 d=o
dewelke voor 20: dagen van het nodige
randsoen voor de reijs en van water
als
rer
Ce"
NL-HaNA_1.04.02_3142_0697.xml,"2343
als andersints sijn voorsien en aen henlieden
een maend gagie nevens kostgeld en huijs„
huur ten bedraegen van pagooden 857. 6:32
op hand is verstrekt geworden blijkens ac„
compaqneerende notitie mits het selve
bij uwel Edele weeder in dienende sullen
de van de bovengenoemde vaerthuijgen de
chialoup de Robijn eeniglijk op mijn ver„
zoek aen het Manaerse opperhoofd van
dat Comptoir weeder herwaerds terug
werden gesonden ende sig daer op bevin„
dene manschappen met vragt vaerthuij„
gen van daer in gezelschap van de overige„
door mij aangenomene Jnlandse phaer
thonij en dubbelde Chialengen na uwEd:e
hoofdplaetse overvaeren en het aen deselve
verstrekte staet met de verdere alhier ge„
8
daene ongelden by nadere gelegendheid uw
Edele gouvernement tewerden aengeree„
kend.
Hiermede uw Edele in Godes veijlige be„
„waering.
a
aer"
NL-HaNA_1.04.02_3142_0698.xml,"waering beveelende heb ik de Eere met alle
agting nahertelijke Groete mij te onderschrij
ve /:onderstond:/ als Vooren /:getekend:/
C: van Jijlingen /:in margine:/ Na„
gapatnam in het Casteel den 4. ' Maert
Anno 1765. /:Lager:/ P: S: na het vervaer„
digen deeses de troupen alhier gedeeltelijk
opgedaegt dog door een tusschen gekomene
opstokinge van Eenige quaedwillige onder„
voorgeevinge van de ongezondheid der
lugt ten dien Eijlande en dat het drink
waeter soude vergiftigt weesende ove„
rige agter weegen gebleeven sijnde heeft
Mons=r Hugel niet meerder dan de bij
Jnleggende Conditien vermelde twee
Compagnien bedraegen 193. man pri„
„mo plan bij den anderen konnen
bekomen dewelke dan ook thans maer
komen tevertrecken na Manaer te„
weeten per de Chialoup de Robijn
10. officieren en 63. gemeene afte
Samen"
NL-HaNA_1.04.02_3142_0699.xml,"2344
73. persoonen
een Jnlandse phaar 120. Gemeenen
&
ƒn
va
dus al gesegt 193. Man.
zullende de overige wanneer nog mogte
opdagen niet manqueeren deese met de
eerste geleegendheid telaeten volgen gelijk
ook de sig alhier in het Hospitael be„
vindende 7. Man so dra gereconvales„
seert zijn en dewelke dan beneevens de
bovengemelde 200: koppen sullen be„
samen. . . . ..
loopen
Aan als vooren.
van de bij het P: S: agter mijne Jongste
letteren de dato 4. courant vermelde 7. –.
perzoonen die alhier in het hospitael mits
siekte verbleeven zijn thans vijf stux
weeder gereconvaliseert geraekt laet
ik dezelve met een Jnlandse thonij ge„
naemt santiagoe waer op als tan
del vaert den inlander Aroelappen
Manaer tot uw Edele vertrekken
over
naamentlijk"
NL-HaNA_1.04.02_3142_0700.xml,"naamentlijk.
Ledoe van Bijansen
Bolabitie „ Pottre
Padoer „ Bordo
Bodewijk „ Dange en
Lezander „ de chartoe en Bause
aan dewelke meede voor 20. dagen rand
soen voor de reijs verstrekt en aen de
twee laastgenoemde op hun vertrek
alleen ieder een maend gage ten bedrae
gen van 3. nieuwe Nagapatnamse pa„
goden en 7. fanums of tesamen pag:
6. 14. verstrekt is geworden alzoo de ove„
nige drie hun gage bij het depart aen
Mons=r Hugel van hier van den zelven
bereeds hebben ontfangen dog van de
twee overige nog in het hospitael te
deezer steede continueerende perzoonen
schijnt weijnig apparentie tot harer
herstelling teweezen.
Voorts biede uw Edele neevens deezen aen
de.
N"
NL-HaNA_1.04.02_3142_0701.xml,"2345
de afgeslootene zoldij reekenings van de met
voormelde Mons=r Hugel tot uw Edele
vertrokkene drie tamboers en twee fluij„
ters in naemen Christoffel de kroes; Johan„
nes Jansen Harmanus Balthazar Reij„
Sig Petrus de Silver en Anthonij De Matoe
met gedienstig verzoek dat by de Boeken
van uw Edelens Gouvernement mogen worden
ingenoomen om aldaer vervolgens. Cours
teneemen
Waarmede deezen besluite en nauwEdele in
Godes veijlige hoede bevoolen te hebben met
alle agting en gemeegene Groete verblijve
/:onderstond:/ als vooren /:getekend:/
C: van Gijlingen /:in margine:/ Naga
patnam Jn het kasteel den 12. ' Maert
Anno 1765.
Ceijlon
aen"
NL-HaNA_1.04.02_3142_0702.xml,"Aan den E: Heer Anthonij Mooijaerd
Kommandeur van Jassenapatnam Mitsgad=s
Den E: Heer
Marten Rein Commandeur
van Kandia als prointerim, het gezagh en Prae
sidium in den Politicquen en sekreeten Raed
„fungeerende nevens de Leeden van het Geheime
Committe
Heeren en Bijzondere
Goede Vrienden
Bij mijne
aenkomste te deezer steede van
Batavia op den 14. Courant ter overnee„
ming van scompagnies belangens als sou„
verneur en Directeur deezer Chormandelse
custe uit handen van den afgaende heer
gouverneur christiaen van Tijlingen
heb ik tot sensibel leetweesen vernomen
het overleijden van den wel Edelen Gestr:
Colombo.
heer
Ceijlon
tot"
NL-HaNA_1.04.02_3142_0703.xml,"2346.
heer Lubbert Jan Baron van Eck Raed
Extra ordinair van Nederlands India mits„
gaders Gouverneur en directeur des in den
hoofde deezes gemelden Eijlands het geene voor
het welweesen der E: Maatschappije in deeze
tijds omstandigheeden van eene sorgelijke
aenschouw is dog nadien de besluiten en wille
van den Almogenden onveranderlijk zijn
moet men zig dit fatael lot getroosten en
zijne divine Majesteit aerbidden dat door deeze
swaere slag voor dE: Compagnie den vijand
geene progresse maken maer dat door uw
Edelens ijver en trouwe cordate besluiten
en prompte Executien den vijand verder te
onder gebragt of tot een voor de Maet„
schappije reputatieus vreede genoodsaekt
sal werden.
En nadien haer hoog Edelheedens bij haare
Jongste letteren den ondergeteekenden hebben
„gelast te blijven continueeren in de Corres
pondentie om alle het geene tot berijkinge
van"
NL-HaNA_1.04.02_3142_0704.xml,"Aan Als vooren.
van het bedoelde oogmerk sal kunnen
dienen derhalven versoeke mij ten Eersten
te doen geworden een ampel berigt weegens
den toestand der zaeke van oorlog ten bij
lande aldaer en hetgeene uw Edele sullen
oordeelen verder termijner kennisse te
moeten dienen.
de gerequireerde duizent flukse coelijs of Ca„
moetjes sijn van Ponducherij ontbooden
waer van dagelijks het andwoord tegeneo
zie voor het overige verblijve na hertelij
ke groete met agting /:onderstond:/
E:
Heeren en Bijzondere Goede vrienden Uw
Ed=e DW: Dienaer en vriend /:was gete„
kend P: Haksteen /:in margine:/ Naga„
patnam Jn het kasteel den 18. Maij 17
Niet voor den 29=te der gepasseerde Maend
Junij wierd mij inhandigt uwel Edeles Me
sive van den 1. der evengem: maend ne„
vens de copijen van uwel Edelens letteren
aen haer hoog Edelens de Ed=e Hooge Jn„
„diasche"
NL-HaNA_1.04.02_3142_0705.xml,"2347
asche Regeering gerigt schoon mijn intentie
niet geweest is uwEdelens soveel moeijten te
zeer
vergen ben ik dezelve daer voor nogthans s
verpligt als daer door bekoomen hebbende
een omstandig en volleedigt berigt van de
gepasseerde roemnugtige veedtogt en de
tegenswoordige toestand der zaeke het heeft
den Hemel niet behaegt de Edele heer van
Eck de vrugten van sijn glorie tedoen
plukken en de andere wel beredeneerde
propositien die aen haer hoog Edelheedens
voorgedraegen sijn ter uitvoer te laeten brengen
dewelke mijns bedunkens voornamentlijk
het vernietigen van het koninglijkes Gezagh
heijlzaem voor de Maetschappije weesen en
een eijnde van verdere andersints te
dugtend oorloogen soude maeken dan de
wijl uw Edelens voor de ontfangst deezer
wantonze brieven tot mijn verwonde„
ring lang onderweg blijven van Haer
Hoog Edelheedens intentie en dispositie dien
aengaende reets geinformeert sullen
weezen zal ik mij daer over niet ver„
der uitlaeten uwel Edelens nog thans
verzeekerende; dat de Correspandentie
sal onderhouden en uwel Edelens van
hier"
NL-HaNA_1.04.02_3142_0706.xml,"hier alle mogelijke adsistentie toebrengen ge„
lijk dan ten belange van de gerequireerde
coelijs siende dat er van Pandecherij wer„
waerts dE: van Tijlingen mij seijde om dat
volk geschreeven te hebben geen narigt quam
op nieuw volk gezonden hebbe die mij
berigtede dat dewijl de franschen beesig
waeren met Carrical en Pondecherij we„
der op te bouwen de Coelijs aldaer over„
vloedig werke konden vinden en niet te
disponeeren waren om over te koomen
egter op een nadere besending en aenbod
van meerdere betaeling hebben reets ses
hondert soo mij berigt is sig laeten
aenneemen en werden dagelijks verwagt
de chialengen tot haer Transport sijn
in gereedheid dus niet ongedult haer
komst te gemoed sie mij is beloofd
dat op denog manqueerende vier hondert
en mogelijk wel meerder want tot
2000. g'eijscht hebbe, ook staet gemaekt
daar
kan werden egter is „ niet op te Cijfferen
want dit volk is veel van spreeken
en belooven maer traeg en slegt
in de uitvoering
Belangende"
NL-HaNA_1.04.02_3142_0707.xml,"2348
Belangende den perzoon Moettoe soepper
Narresinga Maharasa sodanig een per„
zoon is hier niet bekent althoos niet on„
der die naem en dierhalven is het appa„
rent dat voorsz: perzoon die naem maer
onlangs eerst aengenomen sal hebben ge„
lijk bij haer als tot eenige waerdigheid
koomen off daar na tragten gebruijkelijk
is soo als dan ook de tegenswoordige uit
Candia verdreeven vorst voor dat hij tot
de kroon quam genaemt is geweest Gopala
Naiker van de Jentiefse Caste sijnde een
Naijker die bij
soon van Narnappa
de vorst op ceijlon is gelijk ook twee
van den laastgemelden Syne Broeders
in naeme China Lami en astana
Jami.
Maar te deser steede is woonagtig geweest
de voorschreven koning sijn moeders broe„
der genaemt Kanaija Naiker thans
ongevaer 40. Jaeren oud van een reijsige
gestalte."
NL-HaNA_1.04.02_3142_0708.xml,"gestalte blank en vrindelijk van abood hij
heeft twee zoons genaemt Apoe en China
sam de voorsz: kanaija Naijker heeft eeni„
ge Jaeren geleeden doormiddel en adjude
van de Hofsgrooten getragt sijn Neef de voet
te ligten en sig selfs op den Candiasen Troon
te plaetsen dog dewijl dat dessijn uijtlek„
ten eer het sijn volkoomen rijpheid hadde
moest den zelven die reeds op weg na Cau„
dia was weder herwaerds keeren alwaer
hij 's jaarlijx van den vorst een onder„
houd van circa 3000. pagooden genooten
heeft hij is 't sedert de jongste oorlog op
Ceijlon van hier vertrokken en heeft sig
bij den Jheuver heer begeeven met agterlae„
ting van een huijs het welk door een spian
bewaeket werd die ook teffens het opzigt
heeft over een tweede huijs dat de koning
sijn vaders broeder genaemt Rama
Kisnappa Naijker die nu 5. a 6. Jaeren
overleeden is toebehoort heeft.
Eenige"
NL-HaNA_1.04.02_3142_0709.xml,"2349
Aan als vooren
Eenige jaren geleeden of wel in het jaer
1741. of 1742. is in deeze stad ook een
perzoon geweest sig uitgevende voor een
bloed verwand van den tegenswoordigen
koning van vaders zijde sijn naem
weet men niet nog ook hoe hij weder obe
hier van doen is gekoomen egter waer„
schijnelijk deselfde persoon die in de
wannij dood geschooten is niets anders
dien aengaende teweeten hebbende kunnen
a
krijgen geve mij de Eere met alle agting
op
/:onderstond:/ als vooren Getekend
te zijn
P=r Haksteen /:in margine:/ Nagappatnam
den 12. ' Julij A=o 1765.
7
deeze dient ten geleijde van seevenhondert
coelijs die ik eijndelijk na veel moeijte en na
het aangaen van een ampel Contract
waer van het afschrift hierneevens gaet bij
elkanderen gekreegen hebbe welke sevenhou„
dert Coelijs hare volle gage tot ultimoe
aug=so
e
„
en
i
."
NL-HaNA_1.04.02_3142_0710.xml,"aug=o naast komende alhier genooten heb„
ben blijkens almeede inleggende reekening
het geen Ceijlon neevens haere Consumtie
't betaelde aen de vaertuijgen E=a sal werden
aangereekent die menschen sijn gedegieu„
teert van over zee te gaen door de komste
van eenige die bevoorens als Coelijs op
Ceijlon in dienst geweest sijn en dewelke ver„
haelen datse aldaer wel rijst maer geen
gagie krijgen uw Edelens sullen gelieven.
te onderzoeken hoedanig het daermede ge„
leegen is althoos deese hebbe ik verzeekert
dat haer na den inhoude van het Contract
betaaling soude geworden.
Waarmede de Eere hebbe te zijn onder„
stond /:als vooren getekend:/: P:
Haksteen /:in margine Nagapatnam
den 22' Julij Anno 1765.
Ceijlon
Aaen den wel Edelen Gestrenge Heer,
M„r Jman Willem Falck
Gouverneure en Directeur aldaer
Del"
NL-HaNA_1.04.02_3142_0711.xml,"2350.
el
Edele Gestrenge
Heer
ƒ
Jngevolge de gedaane instantie door het geheijme
Committe ter aanwerving alhier voor de aen„
staende Expeditie van 2000: Camatjes of Coelis, hebbe
ik bij mijn aankomst om daer aen tevoldoen
terstond het noodige werkstellig gemaakt en
op den 23. e' Julij Jongstleeden bereeds 674. koppen
na derwaarts gezonden, dog wat devoir ook ver„
der aangewend hebbe om daer in ten vollen te
reusseeren is zulks egter vrugteloos geweest
nadien zig niet meer hebben willen laten en„
gageeren als de tans na Jaffanapatnam ver„
trekkende om van daer verder voortgeschikt
teworden 79. uitmakende met voorsz: reeds ge„
zondene een getal van 753. koppen.
voorschreeven 79. huurlingen zijn door een
fransman Marquis genaamt aangewor„
ven en gaat met dezelve na Ceilon over hij
imploreerd uwel Edele gestrenge gunst om als
hoofd van de Coelijs geemploijeerd te werden
„tegens"
NL-HaNA_1.04.02_3142_0712.xml,"tegens zodanige betaaling als uwel Edele
gestrenge Convenabel zult oordeelen bij de
fransche heeren â Costij is hij wel bekent ik
wensch uwel Edele gestr: nogmaals alle be„
denkelijke zeegeningen en voorspoed in desselfs
gewigtige onderneeminge
Terwijl met alle agting verblijve /:onderstond/
wel Edele Gestrenge Heer Uwel Edele Ge„
strenges oodmoedigen Dienaer /:was ge„
tekend P: Haksteen /:in margine Na„
gapatnam den 17. Aug:s 1765.
Aan als Vooren.
Het Ceilouze ministerie versogt hebbende
haar tezenden 1000. a 2000. Camiatjes of Coe„
lijk sijn daar van in demaand Julij laast
leeden reeds verzonden 676 koppen nu 14
dagen geleeden weeder 73. thans gaan en nog
120. waar van 43. stux gehoorende sijn tot
debende eerst gezonden en reeds bij oncost ree„
kening opgebragt en de overige 77. sijn van
een"
NL-HaNA_1.04.02_3142_0713.xml,"2351
een later aanwerving dewijl er geen meerder
tebekomen sijn sullen wij nu vervolgens
de geheele aanrekening oversenden met de
zelve gaan ook over drie perzoonen die sig
aangeven als opzigters van haar maer
in der daad siel verkoopers die nog iets
van haar gagie soeken te profiteeren het
hoofd over honderd koppen wind 7. pa„
gooden 2. Mandoors bij voorschreven
getal 3½. pagoden ieder ende gemeene
twee pagoden, het loopt wat hoog op„
stok egter hebbe liever iets meerder wil„
len accordeeren als de Expeditie daer door
te vertraegen twee maenden hebben sij
mits op hand ontfangen tot den 23. october
en het accoord is dat haar maandelijks
de gagie moet werden voldaen en dat sij
na verloop van ses maanden de vrijheid
hebben uit den dienst tegaen.
Ik ben met alle agting /:onderstond:/ als
vooren Getekend J: Haksteen in margine
Nagapatnam den 25. ' Augusto Anno 1765.
lagen"
NL-HaNA_1.04.02_3142_0714.xml,"lager P: S: gisterin avond sijn mij geworden
uwel Edele Gestrenge letteren, die eirsdaags be„
andwoorden zal, de brieven voor Batavia
sijn met een Chaleng immediaat na Sadras ge
zouden of het schip de Vrouwe Petronella
Maria nog niet vertrokken mogt zijn het
welk uwel Edele Gestrenge nader sal bedeelen
Aan als vooren.
Jngevolge het jongste schrijven van uwel
Edele Gestrenge hebbe ik herstond perzoonen
afgezonden ter aanwerving van nog 500. a
à 1000. Camaetjes onbetaelt en haer van den
noodige Contant tot voor uit verstrekking
voorzien na dien dezelve zonder geld op
hand niet te bemagtigen zijn hoedanig
voorsz: perzoonen in haere Commissie
zullen reusseeren moet den tijd leeren wan
neer ik uwel Edele gestrenge daer van ten„
eersten zal adverteeren.
Met hier nevens gaande Translaat briefje
mij nu jongst aan handen gekoomen han„
delende over eenige perzoonen die door den
koniag"
NL-HaNA_1.04.02_3142_0715.xml,"2351
koning van Kandia gezonden en te Nacor
aangekomen zijn en waar van de Eere ge„
had hebbe bij mijne Jongste aan uwel Edele
gestrenge reeds eenige melding tedoen hebbe ik
noodig geoordeelt dezelve zulx tot speculatie
aantebieden so ik iets verders mogte ontdekken
zal uwel Edele gestaenge het zelve ten eersten
almeede werden betaalt
De brieven door uwel Edele Gestr: aan mij
gezonden ter verdere bezorging na Batavia
heeft niet kunnen werden geeffectueert na„
dien het schip De vrouwe Petronella Ma„
ria reets van sadraspatnam werwaerds
dezelve namentlijk gedepecheert zijn gewor„
den blijkens het genoteerde bij voorsz: mijnden
jongsten brief vertrokken Jk hebbe dezelve dud
weder terug ontfangen dierhalven verzoeke uwel
Edele Gestrenge dispositie het zij dat ze naco„
lambo terug zullen werden gezonden dan
wel aangehouden of er zig zomtijds in het
kort gelegentheid tot dies verzending op
deed dat apparent wel zoude kunnen ge„
„beuren."
NL-HaNA_1.04.02_3142_0716.xml,"gebeuren
Jk hebbe de Eer met waare hoog agting te zijn
/:onderstond:/ als vooren / Getekend:/ P: Haksteer
/:in margine Nagapatnam den 3. Septem
ber A„o 1765.
Bij mijn aankomst te Portonovo op den 11 dez
hebbe ik uw Ed=e Gesta: Missive in dato 9.
september uit handen van den lieutenant
Letanche die zig ten dien eijnde van Nagapat
nam naer derwaerts hadde begeeven wel ont„
fangen.
Jk zal niet in gebreeke blijven gem: Lieute
nand tot het aanwerven van sipahis de n
dige onderstand gelden te bezorgen gelijk
ten dien eijnde reets 5000. pagoden aan den
Resident te Partanovo voorsch: gezonden
zijn om daer uijt de noodige Contanten
aan meerm: Lieutenant die om des tespoedi„
ger de aanwerving tedoen aldaer verbleeven
is onder quitantie te fourneeren.
Iegelijk zal ik ook niet mancqueeren zoode
Aan als Vooren.
nige
Wm"
NL-HaNA_1.04.02_3142_0717.xml,"2352.
Aan als Vooren.
nige Manschappen die door hem Letanche
aangeworven en dit heen gezonden werden
ten eersten transport na Jasfanapatnam te be„
zargen
Ik blijve na gedienstige groete met agting
/:onderstond:/ Als vooren /:getekend:/ P:
Haksteen /:in margine:/ Nagapatnam
den 24. october Anno 1765.
schoon de zwakheid van het guarnisoen ten
deezen hoofd Comptaire zeer groot is zoo„
danig dat de anderhoorige Comptoiren
alwaar het meede niet favorabel staat van
het benodigde ontzet te kunnen voorzien als
bestaande in maer 214. gemeene Europesche
Militairen en 128: mixtesen hebbe ik egter on
dewille van de groote verlegentheid waar in
uw Edelens volgens denzelver schrijvens
van den 10. oktober op den 9. deezer
bij mij ontfangen ter recuuiteering van
deeze en geene verswakte Compagnien
verseeren en wijl men alhier thans voor
geen
dez"
NL-HaNA_1.04.02_3142_0718.xml,"geen vyandelijkheeden zo zeer te dugten heeft
willen afzijn uw Edelens alle mogelijke
adsistentie te bewijzen gelijk ik dan ten dien
eijnde onder Commando van den Luitenant
Gijsbert Segelaer, en vendrig Abraham
Meijtens volgens geincloseerde Monster
Polle tot uw Edelens laate overgaen
102. koppen zo Europeesen als miptisen
Egter van delaaste maar 13. perzoonen
in vertrouwen dat bij een gunstige veran„
dering dat den Hemel haast wil verleenen
ofwel dat eens schielijk eenige man„
schappen benoodigt hadde uw Edelens vol
gens denzelver pramesse ten eersten dit
nu ten uitersten verzwakt guarni„
zoen met een dubbeld getal zielt bij
springen
Alhoewel mij niet onbekent is dat â
Costij geen militaire officieren weder
queeren vereijschte nogthans de voor
zigtigheid geen hondert krijgers zou„
der opzigters te depecheeren ik twijffele
niet of uw Edelens zullen dezelve wel
kunnen"
NL-HaNA_1.04.02_3142_0719.xml,"2353.
Aan als vvooren.
kunnen emploijeeren
Terwijl na minzame Groete verblij
ve /:onderstond / als vooren getekend
P: Haksteen /:in margine Naga
patnam den 12:' November Anno
1765. lager P: S: hiernevens nog een
Naam Lijste van de overgaende Militai
ren waar bij Consteert dat zij hare
gage voor deeze maend genooten hebben
Eenige dagen na de aankomst van de
bij mijn voorgaande vermelde twee
Capitains der siparis Jemalchan en
sjech tussen genaamt ontfing ik
uwel Edele missive van den 21. october
Jongst leeden als meede het Duplicaet
van het geheijene Committe de dato 10. '
der zelve maand en uit eerst gemelde
letteren gezien hebbende de Commissie
voorschreeven officieren specteerende
zal ik niet ingebreeken blijven haer
in het aanwerven te accompleteering
hunner respective Compagnien alle ad„
sistentie te bewijzen en van de noodige Con
tanten voorzien gelijk ik aen dezelve
ten dien eijnde reets hebbe laeten af„
langen
2"
NL-HaNA_1.04.02_3142_0720.xml,"langen Een hondert Nieuwe Nagapatnam
se pagcoden nevens de gagie van de Jongst
gepasseerde en loopende maanden octob=r
en November ten bedraege van Rap:s
197. zijnde voor ieder maand zoo veel
als voorschreeven uwel Edele brief dic„
teerd.
Jngelijker voegen hebbe de gage ter somma
van Rop:s 32. laaten verstrekken aen
vier gemeene Sipaijs ten dienste van meer
gemelde Capitains almeede na herwaerds
overgekomen welk een en ander nahet
volbrengen der kommissie uwel Edele
gouvernement ten laste zal werden
aangereekend.
De Luitenand setanche verwagte da„
gelijks van Portonovo terug gelijk
hij mij geschreeven heeft de swaere ree„
gens deezen Jaare gevallen hebben zijn
werving eenigzints vertraagd.
Het pacquet met brieven dat uwel Edele
in demaand Aug„s ter voortschikkingen
na Batavia herwaerds heeft gezonden
alhier aangehouden zijnde wijl
het schip de vrouwe Petronella
Maria bereets vertrokken was hebben
Ek"
NL-HaNA_1.04.02_3142_0721.xml,"2354
Aan als vooren.
ik uwel Edele van de non verzending
bij een brief kennisse gegeeven niet ver
zoek wij teberigten of die brieven ver„
der zoude aenhouden dan wel na Costij
terug zenden hier op hebben nog geen
geen andwoord ontfangen weshalven
uwel Edele als nog verzoeke mij
daar omtrent de noodige elucidatie
telaeten toekoomen
waermede na gedienstige groete ver„
blijve /:onderstond:/ als vooren gete„
kent P: Haksteen in margine Na
gapatnam den 21. November Anno
1765.
P=r Negen dubbelde Chalengen vertrekt
op heeden den Lieutenant militair Letan
che met de sipais door hem aangewur
ven ten getalle van 406. koppen welk
getal op sig zelfs wel geruig sijnde
is het egter in deese tijds omstandigheedsn
nog al veel dat hij dezelve bij elkan„
deren heeft gekreegen want demeeste
Jnlandsche vorsten hier ter kuste gelijk
ook de Engelschen sijn sterk in de
weer
t
hebbe"
NL-HaNA_1.04.02_3142_0722.xml,"weer om diergelyke krijgers aantewer„
ven dus dezelve beswaarlijk tot den dienst
van dE: Comp=e te persuadeeren sijn
om dat se na Ceijlon moeten daarin
tegendeel bij de andere vorsten dienst nee„
mende in haar Land blijven ook hebben
de sware reegens die en in dese Noord
oost mousson gevallen zijn heen daer in
meede veel hiider toegebragt.
Onder voorschreeven luitenant gaan thans
ook tot uwel Edele Gestrenge over 1000.
patroontassen volgens het daer van ont„
fangen monster vervaardigt en in 6.
wijn kassen afgepakt het stuk komt
met haare riemen E=a te staen op 4. –.
fanums welkers geheele montant ne„
vens een somma van 6500. N: N: pagode
sijnde het geene successive aan meermeede
luitenant ter in dienst neeming van
voorschreeven sipais en het betaelen
van twee maanden gagie op hand is
afgegeven Ceijlon bij occagie sal wer„
den aangerekend.
Dien luitenant heeft veel moeite en hoofd
breeken met voornoemde sipaijs gehad
waer"
NL-HaNA_1.04.02_3142_0723.xml,"2355
waar van hem eenige als onder de hand
weder ontslugt sijn en nu schijnt hij wel
eenigsints verleegen te sijn dat met geen gooten
getal retourneerd dog ik verseker uwel
Edele Gestaenge dat hem sulks niet teimpu„
teeren is maer dat hij alles gedaen heeft wat
men van een vigilant perzoon kan poeten
deeren
ook sende uwel Edele Gestrenge hier bij inge
slooten Copia vrijgelijde die ik op versoek
van den moor Oeman Ghata ten behoeve
van de sendelingen van den kandiasen
koning verleend hebbe haer komst kan
de saak niet verergeren en ik sal
haar soo wat sien te amuseeren indien
er anders niet mede uit tevoeren is
k hebbe de Eere met demeeste hoog agting
te sijn onderstond als vooren getekend/
P: Haksteen inmargine Nagapaet„
name den 22. December Anno 1765 lager
P: S. Jpbenthans wel verzeekert dat
de Prins ofliever de pretendent die te ke
lambo sig onthoud niet vermaagd„
schapt is met de koning van kandia
als eenigsints door huwelijk want voor /:3
pretendent sijn overleeden suster is
getrouwt
„"
NL-HaNA_1.04.02_3142_0724.xml,"getrouwt geweest met Cannemanaijker
G:
welke laastgem: een oom is van de koning
teweeten de vorst sijns moeders broeder
E: K: van't
Gh: Kommitte
Joann Homtous
Adekordeert"
NL-HaNA_1.04.02_3142_0725.xml,
NL-HaNA_1.04.02_3142_0726.xml,123
NL-HaNA_1.04.02_3142_0727.xml,"Afgegaane Brieven Naer
Kormandel"
NL-HaNA_1.04.02_3142_0728.xml,
NL-HaNA_1.04.02_3142_0729.xml,
NL-HaNA_1.04.02_3142_0730.xml,
NL-HaNA_1.04.02_3142_0731.xml,"2356.
Kormandel
Aan Den Edelen Heer
Christiaen van Tijlingen
Gouverneur en Dierekteur over 's komp:s
Importanten handel en ommeslag. ter
gemelde Kuste, Resideerende.
Te
Nagapatnam
Edele Erntfeste Manhafte, wijze
voorzienige zeer diskreete Heer
Wij hebben 't genoegen uw Ed: bij desen kennisse
te geven; van het aller voorspoedigst succes onzer
wapenen in de Iongste generaele Expeditie teegens
den kandiaschen koning, in welke napeegen
op de vijand bevogtene viktorien, de Hoofd en
Residentie stad
kandia verovert en de koning
genoodzaakt is zijn Mijl te zoeken
in de vlucht naer Hangerankette een oud
Paleis"
NL-HaNA_1.04.02_3142_0732.xml,"Paleis in 't Rijk van oea, uit het welk Hij
door de onsen almede verdreeven en verolgens
in 't Diep gebergte van Badoele gevlucht is,
zulks onse blijdschap hier over volmaekt
zijn zoude, indien 't gode niet behaegt hadde
De wel Edelen Groot Achtbaeren Heer
Lubbert Ian Baron van Ick
onzen hoogwaerdigen Heere Gouverneur,
drie weeken, na dat zijn wel Edele Groot
Achtbaere uit de kampagnie, als overwinna
bij ons te rug gekoomen was, door den
Dood van ons te ontrukken, van welk
droevig sterfgeval aan uw Ed: en den E: Politiken
Raed bij gemeene missive, van den 3e. dezer naeder
word kennis gegeven.
Dan dewijl wij bij het leeven van deezen onzen
nooit volpresenen oppergebieder reets beslooten
hebben, met 't begin van de maand Aug=o
de krijgsoperatien teegens het hartnekkig Hof
met alle mogelijke nadruk voortteretten, en daer
toe niet zo zeer vereischt word, als het nodig
getal van koelis, zo word uwEdele op 't aller„
„instantig te versogt daar toe met de meeste
spoed."
NL-HaNA_1.04.02_3142_0733.xml,"2357
spoed 1000 flukse koelis of kamaetjes te werven
en gelijk als die in anno passato in kompagnien
verdeelt; van Europeesche onder officieren voor„
„zien en gemonteert in de maand Iunij „o 't be„
„gen van Iulij herwaards te zenden
wij vertrouwen niet noodich te hebben uwEdele
de onvermijdelijke noodzaekelijkheid daar van
kreedvoerig te vertoonen en begenoegen
ons met daar van te zeggen, dat sonder
die assistentie voorschreevene Expeditie
geen voortgang zoude kunnen neemen en
wij dus vertrouwen, dat uwEdele, met
postpositie van alle mindere bedenkingen,
de besorgingen daer van nae uitterste
vermoogen zal gelieven te beijveren, en ons
ten spoedigsten met desselfs andwoord hier
op te vereeren.
Insgelijks neemen w' de vrijheid uwEdele vriende„
„lijk te versoeken ons ten spoedigsten te laeten
toekoomen zo veel zwaer zool-en boven-heer als
tot 4000 paeren mans schoenen. vereischt word
Hoewel 't korps francen van den Heer
Hugel alhier gekoomen is, wanneer de
veldtocht mits de ophanden zijnde neegen
tijd"
NL-HaNA_1.04.02_3142_0734.xml,"tijd reets g'eindigt was, zo kan het zelve echter
kostelijk Emploi vinden bij de voorm: aanstaande
operatien, weshalven w' niet alleen voor dies
besorging onse vrindelijke Dankbaarheid betuigen
maar ook versoeken dat de 16: Duitsche Granc„
„diers, die D' E: Hartwich Bont zich aangemae„
„tigt heeft, van dat voor ons bestemde korps
ginter aantehouden, ten aller eersten her„
„waards gesonden worden, als mede dat
uw Edele ook zijn best gelieve te doen, dat de
noch agtergeblevene Manschappen tot dat
korps gehoorende, mede ten spoedigsten
volgen.
Waarmede wij desen besluiten en naer min„
„same groete seer gaerne blijven /onderstond:/
Edele, Erntfeste, Manhafte wijze, voorzie„
„nige zeer Diskreete Heer uw Edele D. W:
Dienaaren en bijsondere Goede vrinden /:was ge„
„tekend:/ D:l Burnat J„n G:t van Angelbeek
en A„n Moens /:inmargine:/ kolomboen
Den 20 ' April Anno 1765.
Kormandel.
-."
NL-HaNA_1.04.02_3142_0735.xml,"2358
Pieter Haksteen
Kormandel
Aan den Edelen Heer
Raed Extraordinair van Nederlands
India mitsgaders Gouverneur en Dierek„
„teur van 's E: komp:s Etablissementen
en handel aldaar Resideerende.
Nagapatnam
Edele, Erntfeste Manhafte, wijze
voorzienige zeer Diskreete Heer
wij hebben ons gisteren vereert gevonden met uw Edele zeer
g'achte Missive van den 18:' Maij Jongstl;, waar bij het
uwEd: gunstiglijk behaagd heeft, ons van desselfs
arrivement aldaar als Gouverneur en Dierekteur
vrindelijke kommunikatie te geeven
wij herhaelen onze hartelijke kongratulatie der„
„wegens, bij gemeene Missive van ons en de
verdere P:s leeden van den Politiken Raed
van
Te"
NL-HaNA_1.04.02_3142_0736.xml,"van huidigen Datum, doch kunnen niet afzijn
uEd: onze nadere dankbaarheid te betuigen
over het bijzonder deel dat we zien, dat
uw Ed:, in de staats en oorlogs zaeken
deezes Eilands gelieft te neemen, en het
strekt ons, tot geen geringe aenmoediging,
om door ijver en trouwe, kordaete besluiten
en prompte Exekutien, naer ons krank
vermoogen, tot bereiking van het groote
oogmerk, te blijven voort arbeiden, dat het
der Hooge Regeering van Nederlands India
behaagd heeft uwel Edele tot het kontinuee„
„ren in de korrespondentie met ons, aan„
„temoedigen, dewijl wij vertrouwen, dat uw Edel
ons, door wijs beleid en prompte adsisten„
„tie in het geen we van ginter noodich
hebben, gaerne zal willen assisteeren
om uwel Edele een volleedig berecht, nopens
den staat des oorlogs alhier, ten spoedig„
„sten toekoomen te laeten, hebben we best
g'oordeeld, hierneevens te voegen de kopijen
onzer reverente letteren, aan Haar Hoog
Edelens zeedert de te rugge komste van
onzen nooit volpreesenen Heere Gouv
„neur"
NL-HaNA_1.04.02_3142_0737.xml,"2359
„neur als overwinnaer van kandia, en
zijn kort daar op gevolgd ontijdig overleiden
geschreeven. waar uit uw Edele omstandig zal
zien, de progressen onser waepenen, onder
den zeegen van God Almachtigh in de
Iongste Glorieuse Expeditie, behaeld, de
hartnekkigheid van het, mits kandias
verovering naer Badoule in oeva gevluchte
Hof, om, tot het handelen over den vreede
Ambassadeurs met behoorlijke kredentiaelen
te zenden.
De hoopeloosheid, om met deze Mallabaersche
Regeering eenen bestendigen vreede te treffen
de twee projekten, door den Edelen heer Gouver„
„neur van Zek, Glorieuser Gedachtenis, tot grond
„vesting van 'skomp:s wel zijn alhier, in
^gebragt
voorslag ons voorneemen om in de maen„
„den Augustus en september, wanneer
de Reegen tijd verpoost, een Expeditie door de
vier korles naer kandia te onderneemen
om onze aldaer gelaetene bezetting te
approviandeeren, en Eeindelijk ook de ver
scheining op het staets toneel van Cijlon
van een Pretendent, tot den Troon
van"
NL-HaNA_1.04.02_3142_0738.xml,"van kandia, die zich qualifficeerd de meeste
daer toe te zijn tot dat einde 'skomp:s adjude
verzoekt, en daar teegen belooft, ons
des presenten konings Perzoon in han„
„den te willen leeveren, en het Rijk van
de komp aanvaarden op zulke voorwaar„
„den, als het Haar behaegen zal, omtrend
welke Perzonaedje wij hier nog moeten
bekend stellen, dat wij gelijk uwEd: uit
voorm: kopije brieven zien, zal reeds be„
„slooten hadden, van dezelve geheel en
al aftezien, om dat hij meede een Mal„
„labaersche Naiker is, en wij met de Edele
Heeren Schreuder en van Eck van begrip
zijn, dat met koningen uit dien stam
bezwaarlijk een eerlijke en bestendige
vreede zal te treffen zijn, doch, dewijl
deeze Prins zedert naeder aangeklopt
en als toen niets anders verzogt heeft,
dan dat wij hem slechts permitteeren
wilden, met onze eijge vaartuigen
te kolombo te moogen overkoomen
zonder ons tot iets verders te engageeren
dan om zijne propositien aentehooren:
zo"
NL-HaNA_1.04.02_3142_0739.xml,"2360.
zo hebben wij vermeend, zulx niet te moeten
afwijzen, dewijl men daar bij niets ter
wereld resiequeerd en ten minsten daar
door eenige diversie, onder de buiten des
reets weiffelende kandianen zal kun„
„nen maeken.
En nadien deeze Pretendent te Nagapatnam
bekend zijn moet, zo versoeken we vrien„
„delijk dat uw Edele de goedheid gelieve
te hebben zich naar desselfs perzoon
te erkondigen en iets ontdekkende ons daar
van elucidatie toekoomen te laeten, en voegen
tot meerder verlichtinge, hier bij een afschreffd
geschreeven
van zijnen brief aan ons
De koelis maeken ons grooter zorgen, als
alle andere zaeken, derwijze, dat we niet
nadrukkelijk genoeg beschrijven kunnen
de hooge noodzaekelijkheid, om van
elders in dit stuk merkelijk onder„
„steund te worden.
uw Edele kan dus ligt naegaen hoe
aengenaem ons de narecht geweest
is, dat reets 1000: fluxe koelis van
pondecherij ontbooden waeren, waer
van"
NL-HaNA_1.04.02_3142_0740.xml,"van het goed succes verder met verlangen
te gemoed zien, en 't waere te wenschen
dat uw Edele kans zag ons noch meer Ja al
was het een zo veel te bezorgen, want
hier van zal het gewenscht spoedig
einde
des oorlogs meer dan van eenige andere
zaeke , afhangen.
De Iongste berechten die wij van onze detach
„menten hebben zijn van wesenawe de
uitterste post in de zeeven korles volgen
welke de kandiaenen de onzen /: bestaan
in ruim 560 Man:/ dagelijx harkoleeren
en telkens met bloedige koppen afgeweezen
worden.
van kandia kunnen wij, niets het ligten der
posten tusschen die Hoofdstad en wisena
geene berechten krijgen doch hoopen, dat
daar alles wel is, om dat het teegende
van dien ten eersten zoude moeten uu
„tbaer worden.
Wij verblijven voor het overige na hartelijke
groete met bijzonder achting /:onderston
als vooren /:getekent:/ A: Mooijaard, I.
I. Feber, D. Burnat, I G: van Angelbe
en A: Moens /:in margine:/ kolombo Den 1:' Jun
anno 1765
Aan"
NL-HaNA_1.04.02_3142_0741.xml,"2361
Aan als vooren
De Hooge Indische Regeering qualifikatie
verleend hebbende, om op Chormandel
en Mallabaer, nog meer sipahis te laten
aanwerven, heb ik den Lieutenant Letanche
deeze kommissie omtrend chormandel
opgedraegen, en hem belast om zich
voornaemelijk op 't aanneemen van
gemeenen toe te leggen, ten einde dezelve
ter kompleteering van de reeds in
dienst zijnde, en geoeffende, kompanien
te gebruiken. Hier toe gelieve uwel
Edele Gestrenge, hem de noodige behulp
zaamheid te bewijzen, en zo veel kontan„
„ten, op goede rekening, te laeten ver„
„strokken, als hij tot het uitvoeren van
zijnen last zal noodich hebben:
Ie gelijk verzoeke ik om een spoedig trans„
„port van de aangeworvene manschap
naar Iaffanapatnam.
Ik blijve na gedienstige groete met
achting /:onderstond:/ als vooren /:getek:/
Im: will: Falck /:in margine:/ kolombo
Den 9:' 7ber: anno 1765—
Aan"
NL-HaNA_1.04.02_3142_0742.xml,"Aan als vooren.
Aan als vooren
Wij zenden uwEdele ook p:r den lieutenant
Letanche een Model patroontas, waar na
versoeken dat so dra mogelijk tot 1000:
stux inklusive mogen aangemaekt en
met de terug komst van gem: lieute„
„nant herwaards gezonden worden.
waarmede nae gedienstige groete met
achting. blijven. /:onderstont:/ als vooren
/:getekent:/ Im: will: Falck I„n J„n Feber
en I„n P: van Angelbeek /:in margine:/
kolombo Den 10:' 7ber: 1765:
Onze Europische krijgsmacht heeft door de schier
kontinueele heen - en weder-maaschen dermate
geleeden, dat we genoodzaekt zijn alhier van
het kolombosche gaanizoen meer dan hondert
koppen, die gedeeltelijk door wonden, gedeelte lijk
door zwakheid en verouderde ziektens, tot den
dienst onbequaem geworden zijn, te laeten repa„
„trieeren, buiten de zulken, welke verkoozen
hebben om naer Batavia te worden Gezonden,"
NL-HaNA_1.04.02_3142_0743.xml,"2362
of die wij, hier en daer, op plaetsen daer de dienij
maklijk valt, verdeelden moeten; en buiten een
ongelijk grooten getal, die bij de detachementen
in 't veld, en in de overige garnizoenen buiten ke
„lombo, door ziekte en zucht onbequaam zijn, on
tot eenig kommando gebruikt te worden. wijl
buiten dien de vier uitgekoomen schepen, in
stede van de toegezegde 800. nauwlijx 500: gezonde
militairen hebben aangebragt en vinden, wij - ons
belemmering
in Groot beking om de plaatzen van de
gesneuvelden gewonden, en onbequaemen, bij som„
„mige zeer verswakte komnpanien te vervullen
en zijn in't dien hooffde genoodperst om bij uwel
Edele gestr: assistentie te zoeken, Indien wij maar
met hondert gemeene militairen van de
„houden
chormandelse garnizoenen bij gesprongen worden,
zouden wij ons vooreerst uit onze verleegenheid
gered zien, en verbinden ons om uwel Edele gestr:
bij de minste veraindering van zaeken ten goede
/:die God geeve:/ met het dubbeld getal te ver=
„gelden der assistentie, die wij tans gevrangd
zijn bij uwel Edele gestr te zoeken.
Waermede"
NL-HaNA_1.04.02_3142_0744.xml,"Aan als vooren.
Aan als vooren.
Wij zenden uw Edele ook p:r den lieur
Letanche een Model patroontas, wa
versoeken dat so dra mogelijk to
stux inklusive mogen aangemae
met de te rug komst van gem:
„nant herwaards gezonden wor
waarmede nae gedienstige groete
achting. blijven. /:onderstont:/ als v
/:getekent:/ Im: will: Falck I„n J:
en I„n P: van Angelbeek /:in ma
kolombo Den 10:' 7ber: 1765:
Onze Europische krijgsmacht heeft door de
kontinueele heen - en weder-maaschen de
geleeden, dat we genoodzaekt zijn al
het kolombosche gaanizoen meer dan
koppen, die gedeeltelijk door wonden,
door zwakheid en verouderde ziektens,
dienst onbequaem geworden zijn, te laet
„trieeren, buiten de zulken, welke ver
hebben om naer Batavia te worden"
NL-HaNA_1.04.02_3142_0745.xml,"2362
of die wij, hier en daer, op plaetsen daer de diens
maklijk valt, verdeelden moeten; en buiten een
ongelijk grooten getal, die bij de detachementen
in 't veld, en in de overige garnizoenen buiten E
„lombo, door ziekte en zucht onbequaam zijn, on
tot eenig kommando gebruikt te worden. wijl
buiten dien de vier uitgekoomen schepen, in
stede van de toegezegde 800. nauwlijx 500: gezonde
militairen hebben aangebragt en vinden wij - ons
belemmering
in Groot betrding om de plaatzen van de
gesneuvelden gewonden, en onbequaemen, bij som„
„mige zeer verswakte kompanien te vervullen
en zijn ui't dien hoofde genoodperst om bij uwel
Edele gestr: assistentie te zoeken, Indien wij maar
met hondert gemeene militairen van de
„kouden
chormandelse garnizoenen „ bij gesprongen worden,
zouden wij ons vooreerst uit onze verleegenheid
gered zien, en verbinden ons om uwel Edele gestr:
bij de minste veraindering van zaeken ten goede
/:die God geeve:/ met het dubbeld getal te ver=
„gelden der assistentie, die wij tans gevrangd
zijn bij uwel Edele gestr te zoeken.
Waermede"
NL-HaNA_1.04.02_3142_0746.xml,"Waarmede wij na gedienstige groete met achting
blijven /:onderstond:/ als voor en /:getekend:/ Im:
will Falck, I: I: Feber, D: Burnat, I: J: van
Angelbeek en A: Moens /:in margine:/ kolombo
den 10' 8ber A„o 1765 —
Akkordeert
Jhannij Heintou
E: k: vanL
geh: kommitte"
NL-HaNA_1.04.02_3142_0747.xml,
NL-HaNA_1.04.02_3142_0748.xml,No. 24
NL-HaNA_1.04.02_3142_0749.xml,
NL-HaNA_1.04.02_3142_0750.xml,
NL-HaNA_1.04.02_3142_0751.xml,
NL-HaNA_1.04.02_3142_0752.xml,
NL-HaNA_1.04.02_3142_0753.xml,
NL-HaNA_1.04.02_3142_0754.xml,
