filename,text
NL-HaNA_1.04.02_8023_0001.xml,
NL-HaNA_1.04.02_8023_0002.xml,
NL-HaNA_1.04.02_8023_0003.xml,"No. 12 Pr. Walkem
Copia
Brieven
Batavila
van Banda mer
A' ao 1766
voor Putria
237
No 33.
8„7"
NL-HaNA_1.04.02_8023_0004.xml,
NL-HaNA_1.04.02_8023_0005.xml,
NL-HaNA_1.04.02_8023_0006.xml,
NL-HaNA_1.04.02_8023_0007.xml,"Batavia
Aan zijn edelheijd den Hoog Edelen Hes: Geve: Agt:s er Atris Alertus van der Parra
Pr d Chialoup de Toorpruis
Gouverneur Generaal en de wel Edele Heeren Raaden
van Nederlands India; —
Hoog Edele Gestrenge, Groot Agtbare
Manhafte, wel wijse, voorsienige, seer
Genereus Heer en Heeren.
De Chialoup de Troon prinsis op den 30: Maart Jongstleeden
met den voor dit Gouvernement gedestineerde secunde behouden
hier ter rheede g'arriveert en bij ons daarmede ontvangen de eerste
fatali tijding van het schip Tiessenburg, waar van de omstandigheeden
breedvoerig beschreven sijn in een verklaring van diverse schepelingen,
benevens twee brieven van den heer Gouverneur Breton dese versellende
de contrijten, papieren Lijwaten en slaven, met nog eenige klijnighee„
„den hebben wij per voorsz: vaartuijge g'assisteert van de pantjallang de
Snuffelaar Compleet ontvangen en laast gen: kieltje bereets na Ter„
„naten vertrocken we sende leven wij in hope dat de ministers
van Maccasser voor het Geene op Boeton onder toesigt
van den schipper Stuurmans verbleeven is, als ook ter afhaal van het
scheeps: —"
NL-HaNA_1.04.02_8023_0008.xml,"scheeps volk de nodige middelen reets sullen hebben bewerk, tul„
„ligt,
En gelijk brenger deses nade ordre uwer Hoog Edelheedens ten
eersten na Batavia komste te retourneeren Soo hebben wij feligtin d
gevonden teffens in alle eerbied te berigten dat voorland op den 16: Janu„
„arij snagt met een frisse kaelte binne geseijlt, en de standvastigheijd op
is
den 21: febr: met magt van Orembaaijs binnen gesleepties „ gewoorden
hebbende buijten de verdere lading daar meede ontrangen 39 2k bestanden
en dit ons genood saakt al op den 13: maart te besluijten omme de versteekeng
van Rijst voor alle sonder onderscheijt te bepaale op 20: lb voor elke ken
Smaands, onder dese alle sients demoedige instantie dat uwe hoog Edel
„heeden ons een vroeg ontset van 1000: lasten gelieven te laten toekom
nade vralen onse gansche voorraad niet meer als circa 400: lasten
beloopt, en bij de particulieren seer wijnig te koop is:—
De ministers van Macassar hebbe ons onder houden wegens
ƒ 3866:18:10: over het totaal bedragen der onkosten van de Chiaboep
de Troonprins, edoch wij hebbe vermeend hier van niet meer als ƒ46
:15:10: ten lasten van banda te konnen valiteeren en het overige â ƒ 39400
3: —: ondergunstig welduijden van uw Hoog Edelheedens Batavi
op reekening van dit vaartuijg te laten voortlope vermits het selve in
Banda"
NL-HaNA_1.04.02_8023_0009.xml,"Banda niet thuijshoort egter met afschrijving op dies inventaris van
een dreg, door het omslaan van de schuijt tussche Tannezeke en de vastewal
verlore volgens verleende en b'eedigd verklaring desen annex:
te
Voldoenende aan uw hoog Ed: bevel omtrent de b'antwoordinge der margi„
„nale disposities op het berigt van den visitateur Generaal over de ban„
„dase negotie boekken van 176 8/3: gaat deselve tans over, en wij bide„
„den een Goedertiere reguard te willen nemen op diverse van onsentwegen
voorgedragene Sakelijkheeden als hebbende deels door eene ontstentenisse
der benodigde papieren /:waar over al in den Jare 1762 geklaagd
is:/ en deels door de late ontvangst der nieuwe ordres niet anders
konnen worden Getracteert.
wij hebben verders pligtelijk G'oordeelt bi dese alle eerste gelegentheit
een kort verslag te doen van de af en toenemende ongeruitheeden der
bewoonderen ten eijlande Neijra over het verschrikelijk woe„
„de vande soo nabij gelegene vuurberg, en dus verzolgende ons
eerbiedig detail van demaand September 1765 berigte wij desenthal„
„ven dat sedert den 26 van de voorsz maand tot den 4 8ber geene ver„
„andering ten goede bespeurt wierd, ter Contrarie soo waren de slagen
Eeviger menig vuldiger en de uijtgeworpene steenen grooter dan
bevorens ook was de gang van de kruijt tot op twee derde beneden
waarts, daar men na het uijtterlijke aan sien sustineerde het meeste
vuur te sijn, holden gewordend, op somminge plasen met zuijlen, daar nu endansloeijende
steenen
id"
NL-HaNA_1.04.02_8023_0010.xml,"steenen sonder eenige geraas offte sigtbaar geweld tevoorscheijn quamen
de heuvel voor het land van de weduwe Courwal verhoogde almeede
seer sterk, een Grote menigte steenen volden hier omstreekt tot in
het water, en het riff was bij laag water daarmeede als bevloert, mitsgaders
het water hier off en aanspoelende sonder ophouden met een damp overdere
ruijschende teffens als een pot siedend water tevuur daar te boven
het water selve tot op de distantie van ruijm 20: roeden uijt dewal
soo het, dat men ed de hand geen drie tellens inhouden konde,
hoe wel dat de uijtbrijding van dien heuvel noordwaarts op sedert die tijd niet
alleen niets vorderde maar ook de gloed die bevorens op dese heuvel
soo sterk was veel verminderde na verloop van eenige wijnige da„
„gen was het vuur aan de voort van desen heuvel deste verschrikte
lijker, door de gestadige vertoning van een gloeijende over bij aftotinge
van het vaar water tusschen de werff en de goenoeng apie hadden equi
„pagie meester van der Donk bevonden, het water daar de buijtenste
klippen leggen van 5: tot 10: vadems diepte sijn en een halve Cabel lengte
van daar alwaar het bevorens tot 36: vadems diep was, door de afgevol„
„de steenen als nu tot beneden de 29 vadems bereet te sijn vermindert
sijnde dit gerekent in het midde van het vaarwater, en gevolgelijk het
geen voorheen een bogt binnen waarts was, tans een uijtsteekende
hoek ter lengte van vijftig vadems in de volgende dagen tot op den
15: 8ber: scheen het vuur hier ter plaatse eenige mate te verminderen
de"
NL-HaNA_1.04.02_8023_0011.xml,"de damp op het water verdweenen met deselve de hitte in het water om„
„trent desen tijd is twee keeren van Lonthoir berigt, dat aan de suijd
westkant van de berg eenige rooken ook een enkelde reijsligt soude
gesien sijn, van poeloaij had men de eijgenste tijding, en op den 16:
voormeld wierd ter eijlande Neijra daar ter plaatse gansch onverwagt
een sware damp vernomen kort daar na sonder geruijs en sonderslagen
van een groot vuur agter volgt, en wel in eene soo ruijme uijtgestrekheijt,
dat niemand twijffelde de nieuwe opening vrij wijder temoeten sijn als
die te dus verre aan de oost kant soo verbasende gewenst is, gelijk dan
verders dese nieuw apening door de swarte damp en door de geduurige
uijtwerpinge van Steenen, ter meerendeels aan de kant van Heijroo
langs de berg afrollende een nieuw voor werp van Consternatie
wierd temeer het uijtwerpen van die afreuse materies begost
te geschieden met geweld en onder doffe slagen, even als uijt
groff Canon op een verre distantie waar te boven bij gelegent„
„heijt van de sedert eenige dagen gevalle regens door de opreijsende
dampen klaardes als voorheenen te beschouwe viel wat een ver„
schrickelijke gloed, en inde meermelte heuvel en langs de hiervoren
gerepte gang tot op het toppunt van de berg moste sijn opgesloten, want
nauwlijks hield de regen op aff het was hier onstreeks alles weder ter
stond droog en in volle gloed, blijvende daaren tegen op andere nabij
gelegene plecke nat en vogtig op dese reegen was vervolgens de
uijtzalving aen de voet van meerm: heuvel met meerder aandrang
gepaart, en wel sodanig, dat in eenige wijnige dagen de passage
tegen over de werff ruijm 50: roeden quam te versmalle, en waarlijk
deese
i
eren"
NL-HaNA_1.04.02_8023_0012.xml,"dese droevige vertoning moste elken een aan het herte treffe en doen
vast stelle, dat wanneer dit vuur nog maar twee weeken op drie
maniere doordrong, als dan de passage tussche de bergende
werff met steenen toegestopt en Neijra door het voortkruijpende
vuur in een puijn hoop soude verandert worden in het midde
van de hier over ontstaen algemeene angstvalligheijt heeft den
allerhoogsten sijne Grote almagt alweeder sonnen klaar doen
uijt blinken, en getoond te sijn een godt van genade ende ontferminge„
namalen sedert den 17 9ber: de woede indien heuvel en omtrent de af„
„rollinge van Steenen en omtrent het vuur extra stil wierd blijven„
„de alleenlijk een klijne rook overwaar te boven de slage en
uijtwerpinge vande eerste opening dagelijks afnamen, en op den
laatste van dese maend ten eenemaal op hielden, tot grote gerusteijt
der Neijrase ingeseetenen dan het vuur door de nieuwe apening meerder
ruijmte gekreegen hebbende wierd hier door soo aan de suijd als aan
de Noord kant onder het tot hier toes onbeschadigt geblevene geboomte
een langduurige brand veroorsaakt, dog tegelijk ook het gesta„
„dige vuur op het midden van de berg geheelijk uijtgedooft met
de door brake der weste mousson verviel men in eene welgegronde vrie„
„se voor de te lijdene overlast van asch en Contagieuse siektens, het
eerste was ook nu en dan soo menigvuldig, dat men aller wegens be„
„dagt was over de putten adappen dake temaken egter niet van die verdere
gevolge"
NL-HaNA_1.04.02_8023_0013.xml,"gevolge als de oude geschiedeniss in gelijk standige ongelegentheeden
behelsen, maar ter reguarde van het laaste moete wij alweder vol„
„mondig belijde de onverdiende Goedertierenheijt der Heezen en
hoe het elke een als eene aller verwonderen Swaardigste saake
is voorgekomen dat soo veel stoff, asch en vuijle dampe als door
dewinden van dat saisoen over ons heen gewaaijt sijn geworden
geene bij sondere lighaams qualen verwekt gehad hebben, aan d' eene kant,
en dan van de andere sijde dat in weerwil van het dagelijks vermeer„
„derende uijtwerpen van gloeijende materis geen brand hier ten Eijlande
ontstaan is in tusschen sijn bereets twee derdens van de vrurberg
aan de kant van Neijra in Kuijlen, heuveltjes en opgestappelde uijtge„
„brande steenen verandert, het geboomte niet tak, stam en wortel
verbrand en gevolgelijk ook de westemousson vreesende benauwheijt
verlope verders nog de insacking van desenberg soo groot dat
men om tegen woordig het tappunt van deselve op het binnen
pleijn ten Casteel Nassauw te beschouwen, in vergelijkinge van
bevorens 17: vloersteenen verder agter uijt moet treeden en al
hoewel men het gevaar, off ten minsten de uijtwerkselen van sulke
ontsaggelijk vuur minder komt te deistineeren vermits het
grootste gedeelte van dien onder het schrijve deses nade suijd
westkant voortgedreven en hier door de landereijen daar om„
„streeks als nu mede ten eenemaal verwoest worden, soo is
er nogtans voor eerst geene de allergeringste hoope dat
de
kruijpende
midde
heeft den
doen
8
tferm
erminge„
de af„
blijven;
age
en
aan.
te
,het
tens
ens be„
ieverdere"
NL-HaNA_1.04.02_8023_0014.xml,"Batavia
de woede van dien berg staat op te houden, en sulks te minder
om reden het vervaarlijke geraas van binnen, de opstijgende
vlammen de herige slagen ende quantiteijt der uijtgeworpene
steenen dagelijks toenemen, sijnde nade erlangde relasen van
Lonthoirs hogeland de uijtkalvinge van gloeijende materies aan
de suijdwest kantruijm soo swaar, als in de maand 8ber
aan de oost sijde van desen affreusen vuurberg geweest is, en
de post de Rijk inde put buijten alle gevaar soo lange de daar agter
leggende valeij door de afgeroede steenen niet op gevtult
word de aard bevingen sedert onse laatste advise sijn
wijnig en ook van geen schadelijke gevolgen geweest
het bekostigde aan dit kieltje Monteert ƒ 15: 17:8: en wij eijn„
„digen hier meede in de allernedrigste hoedanigheeden van : /on„
„derstond:/ Hoog Edele gestrenge groot agtb: manhafte
wel wijse voorsienigen seer genereusen Heer en Heeren
/lager/ uw hoog Edelen gants gehoorsaamen en trouw
schuldig dienaeren /was geteekend:/ J„b Pelters,
E=s J„b Beijnon, J„n F„k Wolff
J=s Damius, J„bs D„l Fauchercau,
P„s W„m V„n Renesse en F=s Carlebur,
/in marginne/ Banda Neijra den 23 April 1766
Aan zijn Edelheijd den Hoog Edelen gest: grot Agt: Heer Plnis Albertus van der Parra
Gouverneur Generaal ende wel Edele Heeren Raaden van Nederlands India
Hoog"
NL-HaNA_1.04.02_8023_0015.xml,"Per'Tt Schip voorland
Omme na den gebruijke bij dese eerste scheeps gelegentheijt eenige
sakelijkheeden te verhandelen, die haar volkomen beslag reets erlangt
hebben, ten eijnde uw Hoog Edelheedens daar omtrent in here tenemene finale„
besluijten niet op te houden, soo nemen wij de vrijheijd, wegens het met reden
betuijgde misnoegen over de gebreckige versending der secretariale
papieren, alhier eerbiedigst te advanceeren, hoe sulks alweder ten vol„
„len bevestigt 's gouverneurs regtmatige beswaarnisse, over de geringe
attentie die zedert de komste van den onlangs overleeden secreta„
„ris van der Hoeven so wel, als op de aanstellinge van den nog fungee„
„rende eerste Clercq van Lingen gesleegt, en soo generaal geweest is, dat alle
de papieren van het gansche Jaare 1765 niet voor demaand februarij Jongst &e
leeden gecolligeert, gesorteerden ingebonden sijn geworden, niet tegenstaen,
„de bij de over hunne traagheeden verschijde reprimendes gehad hebben,
immers op den grond van dese waaragtige positie, is den eene so
wel als den andere Coupabel, aan de onvergeeflijke slordigheijt,
omtrent de overgesondene specerij rapporten, want hadde maar een van bij
den onse resoluties van den 26 8ber 1764 en 26 aug„s 1765 op geslagen,
Hoog Edele Gestrenge, Groot Agtbare
Manhafte, wel wijse, voorsienige, seer
Genereus Heer en Heeren:
en
aan"
NL-HaNA_1.04.02_8023_0016.xml,"ende over tesendene berigten geconfronteert tegens de zulke, diebij de
Certificateen en korte aanwijsing seer duijdelijk aangehaalt sijn, dan
zoude geenig erreur hebben konnen begaan worden, het sij dierhalven
gepermitteert van onse kant in alle nedrigheijt temogen staande houden,
tusschen de brieff en resoluties geen Jota verschil te resideeren, terwijl
van Lingen aan de andere sijde salmoeten afwagten, of hij op dit
Capitale stuk bij uw Hoog Edelheedens eene gunstige vergiffenis
kan uijt werken, door sijne ter resolutie van den 18: april ingeschree„
„ven fraaije verantwoordinge
Wat nu belangt de specerij lading van de op den 4. maij 1765 ver„
„drevene, en op Ambon terhouw gekomene Pantjallang de Helena
is in de eerste plaatse door het poeloaijs hoofd den Coopman Damiues
dien
bij gelijde letteren van eijgensten datum verwittigt, dat alle devette en mid„
delbare noten benevens 17: soekels foelij daar mede na Neijre vercom„
„den waren, en vervolgens bij een tweede brieff van den 20: voormelt
opgegeven het Calculatieff bedragen van dien Namentlijk, —
3680: —: lb=s vette en
22440:—: „ middelbare nooten, off te samen het montant van 26120:: lb
in onse eerbiedige brieff van den 4: Iunij 1765: vermelt, hebbende hij
naderhand bij een factuur gedateert 19 Iunij des voorschreven Iaars,
het Bandaze hooft Comptoir gedebiteerd voor 30281: lb gesor„
„teerde noten in soorten, teweeten 3758: lb: vette en 26523: lb mid„
delbare, en men van hier op de eijgenste maniere gehandelt, blijkens
factur"
NL-HaNA_1.04.02_8023_0017.xml,"factuur in de maand aug=s per de standvastigheijt afgegaan, resteeren„
„de mits dien een verschil van maar 46: lb tusschen de uijtlevering op Bata„
„via, ende Bandase aanrekeningen dan met bij sonder aanschruw op
de door uw Hoog Edelheedens gevorderde elucidatie in wat voegen
den afscheepte poloaij soude geschied sijn, verhoopt den Coopman
Damius tekonnen volstaan met desselfs op lossing, bij eenter
resolutie van den 13 maart Iongst leeden telesene berigt:—
In tusschen heeft het ongeluk alweder gewilt, dat de pan„
„tjallang De Rogh op den 14. April anne currentis met een Goede heb
wind van Poeloaij vertrocken, beladen met 18420: lb= magere nooten
180: sacken Geinfecteerde d=o en nog
25: soekels foelij in Zoort, en door de Stroom en door een
schielijk op gekomen oostelijke travaat verdreevan, mitsgaders
totheeden toe geenig narigt van dit vaartuijg erlangt is geworden, —
wij vervolgen op dit Chapitre dat dier gelijke verdrijvingen,
nade opinie van den werff op sinder van der donk, geensints
toete schrijven valt aan de ongemaniertheijt der vaartuijgen, nogte aanpligt de
versuijm der stuurlieden, maar wel hier aan, dat wanneer de vaar„
„tuijgen van poeloaij vertrekken en onderweegs stilte krijgen de stroom
haar om denoord sleept, hebbende agter de goenong apie geen goede
aankergrond, en willende omkeeren datse als dan met zaag wa„
ter gevaer loopen, op het riff van poeloaij te stranden, uijtwijsens
het bij resolutie van den 10: kujus ingelijffde berigt, waarmeede wij der
„hopen teffens voldaen te zijn aan uw Hoog Edelheedens requisiet
desent
de
den,
kens
blijk"
NL-HaNA_1.04.02_8023_0018.xml,"desenthalven,
In de sake van den geweesen waijers resident Puitten stellen
humbele danksegging, voor het genoomen reguard van uw hoog
Edelheedens op de vuijle en honendetaal, die hij tegens sijne wettige
gebieders hier telande gevoert heeft, maar het smert ons teffens dat
dese affairethans Iustitieel getracteert wordende op nieuw so veel
schrijvens komtte verwecken want wij hebben met opmerkinge ge„
„resumeert het berigt van den heer advocaat fiscaal desen aan„
„gaande, en daar uijt seer ligtelijk konnen bevroeden sijn
Guitton toelag, om de saak ten principalen verwaard,en ondoor
komelijk temaken, des wij ter wegneminge van verkeerde be„
„grippen het zelve in margine b'antwoord, op gehelderten
dienstig g'agt hebben met de daar bij aangehaalde stucken in
een apparten bondel, bij deese Gelegentheijt overtelaten gaan,
onder eene demoedige Supplicatie aan uw Hoog Edelheedens,
daar van sodanig gebruijk te doen maken, als na Hare hoge
wijsheijt sullen oordeelen te behooren, en is daar bij gevoegt
eene verbeterde reekening Courant ingerigt na het Jongste
bevel omtrent sijn Guitton te kort koning, en ter aanwij„
„singe dat door de afgelatene winsten op de specereijen,
sijn saldo te quaad van ƒ 30190: 14:8: tot op ƒ1470:2:8: vermin„
„dert is maar nopens de late versendige der papieren in anno
passato tot sijnen lasten, ingewonnen worden, uw hoog Edelhee„
„dens nogmaalen gebeeden, dat in Consideratie mag komen:
Eerstelijk"
NL-HaNA_1.04.02_8023_0019.xml,"„3
Eerstelijk
deiterative sware siekte en daar uijt overgeblevene Grote swakheeden
van den ondergeteekenden Gouverneur, die door deese besoekingen des
aller hoogsten, de saken naden regel niet heeft konnen bestieren,
Ten tweeden
de toenmalige geringe attentie van de bediendens ter secretarij van po„
„litie, tot soo verre dat men op hare betuijginge van alles in behoorlijke
ordre verrigt te hebben, geene de aller geringste staat konde maken; —
en ten derden
dat wanneer alle de papieren van Guitton sodanig waren afgesonden, als
dezelve op zijn vertrek geconstitueert geweest zijn immers soo veel het
negotie werk betrefft, in sulken geval: uw Hoog Edelheedens de aller regt„
„vaardigste redenen souden gevonden hebben, om gouverneur en Raad in de
aller eerste plaatse Corrigibel te verklaren, hoe seer sij ook â posteri„
„orie in volkomen staat mogte geweest sijn, hare onschuld sonne
klaar in het ligt ten stellen, en sonder hier te ondersoeken, off de sa„
„ken in diervoegen door konkelarijen, door quaadwilligheeden danr
wel anders door deselve obiter te tracteeren, in eene Sodanige nog i
ter bequamertijd ontdeckte wan ordre beligt waren, sal men het oor,„„
„deel desenthalven aan uw Hoog Edelheedens met eene gepaste vrijmoede de
overlaten, gelegt wordende op onse ernstige declaratie, dat
ter tegenwoordig van alle de Iustitieele papieren geen en veldstuk
tevinden is, ten blijke hoe schandelijk men ook op de secretarij van
Justitie
stellen
ver"
NL-HaNA_1.04.02_8023_0020.xml,"Iustitie daar mede tot hier toe heeft omgesprongen
Aan den Iustitieelen raad besorgt sijnde niet alleen een extract
uijt uw Hoog Edelheedens gevenereerde brieff van den 17. xber: 1765
wegens de annullatie der proceduures Contra Floris Boije en
Iacob Roeloffsz, maar ook een afschrift van het door den heer ad„
„volaat fiscaal overgelangde en daar toe op sigtelijke advis, heeft
dezelve daar op van ons versogt bij wege van verschoninge in alle eerbied
tewillen voordragen
dat de preses en verdere leden die daar overgesetenhebben, miet
hebben mogen wijgeren het tedere ampt van regten, schoon ook te„
„gen haar zien tebekleeden, dat zij dese charge moeten waarna„
men als een bij werk, en dus die tijd niet overig hebben dewelke
vereijscht word, omme door leesen en na soekens daar van een deeg
„lijk begrip te krijgen, dewijl anders het werk van de Compagnie
off stilstaan, off veragteren, en sij lieden in cas van versuijmenis
niet souden konnen volstaan met een beroep op hare Iusticel
besigheeden, dat niet een uijt den hoop eenige kennis heeft van
de maniere hoedanig een proces moet begonnen en vervolgt
worden, om met gerustheijt temogen sustineeren, nog tegens
detheorie, nog tegens de practijcq, nog tegens de placcaten, en
ordonnanties te zijn gehandelt, dat zij aan den fiscal Pauichercad
over"
NL-HaNA_1.04.02_8023_0021.xml,"overlatende te verantwoorden waarom hij soo en niet andersg:'
ageert heeft, met aanschouw op de zaak selve, in gemroede en op den 12
gepresteerden regterlijken Eed verklaaren, niet uijt eenige voore
oordeelen niet uijt eenige partijdigheijt, met uijt eenige particu„
„liere in Sigten, en niet uijt eene grotige amplectatie der midelen
bij den eijsch tegens haarlieden te berde gebragt, maar op eene vermeen„
ter
„de volkome bewijsbaarheijt, der gepleegde strafwaardige bedrijven„
sodanig vonnist hebben, als het Condemnatum tot haren lasten
behelst, dat /: soo als sij nu van agteren onderweesen sijn :/ de heb
aangeklaagdens in den beginne hadden behooren te versoeken ad„j w„
„missie tot een ordinaire proces, daar bij aantonende den handel
in snaphanen en verdere oorlogs ammeonitie sijn g'oorloofd off
anders het medium appellationis bij de hand nemen, dat de preses
en leeden niet sullen tegenspreeken, de door den heer advocaat fiscaal
voorgedragene productie van reprochabele stucken, maar wel
dat door deese productie nog niet beweesen is, dat men daer op regt: v„
gedaen hadde, nademalen volgens bekomene onderrigtinge houder
de
den van proclessen konnen gefourneert worden daar men onnut„
„te en onaannemelijke papieren bij gevoegt heeft, dan die egter
in de cidends ook als pruller en onbewijsbare stucken gepost
poneert worden, gelijk sij lieden na beste geheugen in dit ppe de
„ciale geval vansgelijken daar op geenig reguard genomen heb„
„ben, dat sij lieden nog eenige andere bestaanbare redenen van
en
verschoninge souden konnen aanhaalen, hadde den overleeden
Iustitieel
extract
3
is
l eerbied
bben, niet
ook te„
waar
d
welke
deeg
ie
is
ticete
van
heeft
gens
Sauchereau
„"
NL-HaNA_1.04.02_8023_0022.xml,"Justitieel Secretaris Stokman niet alle denotulen, proto collen en
Copij proces stucken geheelijk te soek gebragt, dat sij dien on„
„vermindert verklaren, het besteelen vande wapenkamer in
die tijd so bekend te zijn geweest, dat selve de klijne kinderen
daar van gesproken hebben, en dat dewijl het almede eene ou„
„de bekende ordre is, geene kisten nogte kassen, het zij van
de wapenkamer het zij uijt de arthillereij, buijten het Casteel
te brengen sonder deselve aan de hoofd wagt te openen, off
anders aldaar op te geven wat deselve inhouden, bij gevolge
in den wagt gehad hebbende officier Floris Boije als een
wan bedrijff heeft moeten worden aengemerkt, dat hij tegens
de toenmaals vernieuwde ordre op dit stuk eene buijten
het Casteel gebrakte geweer kist niet heeft laten openen,
toen de onder affeciers Iohan Hendrik Boise, en Casper
kok hem Boijetekennen gaven hare verdenking, dat er
misschien ijts in dese kist soude sijn als met een preesening
overtrocken, na het geene haar ten processe te vindene Con„
„sonant, en in de teegenwoordigheijt van den beklaagden b'
„eedigde verklaring met meerdere omstandigheeden moet
bevatten, in voegen dese sijn Boijes ongehoorsaamheijt en
overtredinge der ordres van een gouverneur op sig selve gecon„
„sidereert swaar genoeg was om hem te casseeren, dat boven dien met
betrecking"
NL-HaNA_1.04.02_8023_0023.xml,"17
betrecking tot den wapenhandel in Consideratie behoort te komen, hoe
Clandestine daar omtrent door Floris Boije en Jacob Roeloffsz
gehandelt is namentlijk met de snaphanen op eene Clandestine wijse
na poelo piesang te senden, en dan vervolgens weeder op eene Clan„
„etestine wijse van daar ofte haalen, daar egter Geen van bij den
nodig was, den handel in snaphanen g'oorlooft wesende, het is seer
aanmerkelijk met de Cerammers, en dat nog in een tijd dat men we„
„gens hare konkelarij en met de gorammiers en papoesen Over alordres
gestelt heeft, om dier gelijke negotie, waar meede den vijand en ver„
„rader nog meerder quaad soude konnen uijt voeren tegen tegaan
dat het bewijs van die Clandestine overbreng en afhaal van
snaphanen legt opgesloten, in de beswore attesten van vijff vrije
menschen, namens Herman Anthonijst, Iacob Dadel„
„beek, Djabat, Iohannes van banba en Ian Willem war„
„nar, dat verander stelt de geweer kist hier voren gemelt, hadde
niets in gehouden, off het mogte van elken een gesien worden, en
dat nog eens ver onderstelt, den anders Banda soo schadelij„
„ken handel in snaphanen met de inlanders mogte almede
vrijelijk en ongestrafft geschieden, dan even wel de voorn:
Boije en Roelaffsz door hare in directe handelingen, den
grond
Collen en
dien on„
er in
inderen
ou„
van
steel
olge
een
tegens
buijten
er
dat er
ening
Con„
aag
moe
moet
heij
ve
dien met
gecon¬"
NL-HaNA_1.04.02_8023_0024.xml,"grond tot het proces en daar op gevolgd Condemnatum gelegt hebbe, dat
wijders ook deese Floris Boije nooijt in Crimineele hegtenis gesee„
ten heeft, maar wel in Civiel arrest, hebbende door Het gansche Cisteel
Nassauw na zijn genoegen konnen wandelen, met een onverhindert.
acces van vrinden en bekenden, dat sedert meer dan Dertig Jaaren
geleeden de qualificatie van den regter niet gevraagt is, ter belegginge
van getuijgens, voor alniet ingevallen daar een quaaddoender, door
de politie, in handen van den fiscaal gesteltis geworden, dat de
ontstentenisse der approbatie van den Gouverneur op de gevelde
decreete, den raad van Iustitie onbekend wesende, daar
te boven niet kan seggen om wat reden dezelve agter geble„
ven is, en dat den fiscaal moet redenen geven, waerom hij
dien ongeagt tot de executie geprocedeert heeft, laastelijk ver„
soekende om tock door uw Hoog Edelheedens niet als quadereg„
„ters teworden geconsidereert, maar dat in tegendeel de opgedifte
informaliteijten, soo verre den preses en leeden betrefft, aan
onkunde mogen worden toegeschreven onder eene gansch denoedige
egter op regte protestatie, om haar des noods in dit speciale
geval door eenen specialen eed van alle haart, rijd partialiteijt
als andersints te suijveren:
Beteffende nu het voorgewende politig en ploij van dien. Boije, soo is het
daar mede Gansch anders Geleegen als hij te Batavia op gegeven heeft,
want den titulair opperCoopman Noordgreen sig verlegen gevonden
hebbende"
NL-HaNA_1.04.02_8023_0025.xml,"19
hebbende om deleeren in het pakhuijs te sorteeren, heeft hier op den
baasschoenmaker Liebe daar toelaten versoeken, en met hem
deesen Boije, als een famensschoemaaker sijnde, egter sonder de„
„minste voor kennis, en nog minder met eenige toestemming vanden
Gouverneur maar off uijt dit particuliere em ploij sodanige Conse„
„quentie kan getrocken worden, als het fiscaele berigt niet duijster
aan wijst, sal men aan het doordringen der Iugement van uw hoog Edel
„heedens ten aller eerbiediste de fereeren
Terwijl dat den ondergeteekenden Gouverneur uw hoog Edelhee„
„dens in alle submissie voordraagt, door twee motiven te sijn aangeset
om zig in het proces van Boije en Roelofsz neutraat te gedragen off
schoon na den gewonen stenter verschijde arresten op sijne appro„
„batie geveld sijn, en hier van Siet de eene op den, door demislijdende
aanrading van den fiscaal Daams, in 1762: politicq afgestraffte Jacob
Roeloffsz ten eijnde, op fondament van dit verdrietige historiaal
geene aanlijding te geven tot het trecken van verkeerde Conse„
„quenties, het andere daar en tegen op Floris Boije selve, deels
met aanschouw op een regt matig misnoegen over sijne bij letteren van
van den Jare 1763 breedvoerig beschreevene baldadig heeden Omtrent de
vreemdelingen, en deels ter sake van een nog billijken ressentimant
over sijne aan den predikant Tenkink g'openbaart wantrouwen
tot lasten van sekere Edele heer te Batavia benevens den Gou„
„verneur hier ter plaatse, immers op deese Gronde sijn de ter sijner
approbatie
hebben
dat
t.
Jaaren
inge
e door
gevelde
daar
eble„
de
tig
h
e
aan
oedige
den
speciale
tialiteijt
soo
heeft,
vonden
is het"
NL-HaNA_1.04.02_8023_0026.xml,"approbatie geslage appoinctementen en vonnissen dan ook niet g'accep„
„teert geworde moetende den fiscael Fauchereau daar en
tegen op geven en probeerende aan hem verleende qualifica„
„tie omme dien ong'agt sodanig voort te procedeeren, als
maar alle klaar blijkt door hem gehied te zijn, en wij eijn„
„digen dese periode met de eerbiedige notificatie, dat voorn:
Fauchereau de hem op gelegde: Somma van ƒ1667:1:8: per
ordonnantie in sComp=s klijne Cassa betaalt heeft.
voor het overigeneemt den nedrigen eersten tekenaar bij dee„
„se gelegentheijt met een de vrijmoede, aan uw Hoog edelheedens
voor tedragen sijne beswaarnisse, omtrent de Crimineele von„
„nissen sonder onderscheijt, want daar na het dictamender
patriase ordre van den Jare 1759 en een daar toe opsigtelijke reso„
„lutie genomen in Raade van India op den 25: februarij 1741
geene vonnissen importeerende lijffstraffen, volgens de aloude
ordres in Jndia ter executie mogen worden gelegt, voor en al eer
dezelve bij den Gouverneur off het opperhoofd sullen wesen g'ap„
probeer, soo is daar en tegen voor eene Bandaze gewoonte opge„
„drongen, om dese anders noodwendige approbatie tot alle Criminee„
„le vonnissen sonder onderscheijd te extendeeren, Ia zelve tot
civile arresten en executies, door welke extensie een gebieder
seer dikwils komtte vervallen, onder de onaangename ver„
denkingen van partialiteijt, hardigheijd en persecutie, aan de
eenekant, vermeenende den regten teffens van de andere sijde
door"
NL-HaNA_1.04.02_8023_0027.xml,"door de gevolg de approbatie van alle aansprekelijkheijt over
gepleegde in formaliteijten en averegtsheeden volkomen vrij
te zijn, 't gunt den ondergeteekende onder de bepalinge bij
voorsz extracten wel wil toestemmen, aangemerkt het als
dan van sijnen pligt is, het proces aandagtelijk na
tesien en 't overwegen off en hoeverre sig met vonnis
nagenoemde en beste kennis soude komen Conformeeren, edoch
in mindere graade van Iustitie, en wanneer de saken door
een ordinair proces konnen geschikt worden, vermeend hij onder
correctie van wijser gevoelen, diergelijke politicque approbatie
oneijgen te zijn, als doende een subalternen regter afwijken vande
anders te gebruijkene voorsigtigheeden indien de verantwoording
op hem blijfft beruste, en so veel teminder behoort sulks plaat„
„se te vinden in civile arresten, streckende tot gijseling ofte exe„
„cutie, reguard genomen, dat, dat een Gouverneur hier door onge„
„voelig word gewickelt in particuliere processen, Somwijlen
verkeerd aangelegt, somwijlen qualijk voortgeset en somwij„
„len ook abusieff gedecideert, edock waar van ten laasten
het verhaal op hem uijthoofde vande Gevolgde approbatie
soude konnen gesogt worden, en dierhalven smeekt hij uw
Hoog Edelheedens om interpretatie, hoe verre hij sig in dit
stuk met Iustitieele arresten en gewijsdens sal hebben te be„
moeijen.
Te deser occasie werd overgesonden den perkenier
Willem
aclep„
en
fica„
8:
dee„
g'ap„
en
te
tot
sijde
r"
NL-HaNA_1.04.02_8023_0028.xml,"Willem drieves, met het proces Crimineel teegens hem g'enta„
„meert, en tot een kort begrip van de zaak in haare 't zamenhang
in alle eerbied aan gehaalt, hoe volgens notu Lair besluijt
van den 15: 8ber: 1765 aan die man, om sijne pleijtsugt te bor„
„neeren, verboden zijnde sig voortaan met een anders saken, het
zij politicq het zij Iustitieel te bemoeijen, onder recommandatie
omme alleenlijk bedagtte sijn op de herstelling van sijn Specerijland,
dezelve hier over aan den dispencier: Harmanus Janszon een Zeer
bespottelijke briefje gesz: en onder andere honende termen den gou„
„verneur beschuldigt heeft, dat met behulp van eenen Gerrit
Bouwer souden soeken hem Drieves rotenkruijd in
te hepen, hoeden Gouverneur op de bestelling van dit brieffje
het zelve aanden raad van politie g'addresseert, en in schrip„
„tis versogt hebbende dien accusateur /: des Raadzaam oordeelende
op eene secuure plaatje te zetten; tot zolange hij de beschuldi„
„ging poincten soude hebben geverifieert, onder eene verdere
Onderwerping aan het gevoelen van den politicquen raad in dee„
„sen:, als toen op den 21: 8ber: g'aresteert is, om Willem Drieses
aan den fiscaal overtegeven, hoe dese man verre van het bij voorsz
in Jurieus Cartabel telaten berusten, het erlangde notulair extract
van den 15: 8ber: 1765 verscheijde keeren nageschreeven, g'auten„
„tiseert, getekent, rond gesonden, en daar bij gevoegt heeft eene
aanstotelijke subschriptie aan alle brave, eerlijke, voor het vaderland
staaten"
NL-HaNA_1.04.02_8023_0029.xml,"23
staten Heeren meesteren, het gemeene best, regt en geregtigheijt
strijdende Coloniers, hoe hij Drieves naderhand in het geregte„
„lijk verhoor niet alleen den raad van Politie Grotelijks belee„
„digt, maar ook tegens het Justitieel Collegie zsig seer on
eerbiedig gedragen heeft, en hier door den regter gepermoveert,
na de afgelopene en queste en ingedienden eijsch sodanig voa„
ƒ
„nis te vellen als appudacta processus gevonden word, - —
Dan niet sullende ondersoeken off die raad in alle op sig„
„ten na den regel gehandelt, en door onkunde niet alweder
eenige fauxepassen gepleegt heeft, so vind den ondergeteekenden
Gouverneur sij amptshalven verpligt voor uw hoogEdelheedens
ootmoedigst open teleggen sijne smerte ende gevoeligheijt, over
de ongehoorde en alvrij verre gaande gedagten en uijt spat„
tingen van dien onrustigen Collonier, met wien hij egter
nooij eenig verschil gehad; en aanwien hij ook nooijt eenig
regtmatig versoek afgeslagen heeft, als konnende
niets gruwelijker voorkomen, dan dat ijmand sijnen gebieder
van een tetenterene Crimen veneficie verdagthoudt, gelijk dese wil„
„lem Drieves bij een eijgenhandig geschreven Cartabel omtrent het hem
door den Gouverneur in te hepen rottenkruijd gedaan heeft beklagende den
nedrigen eersten tekenaar sig over die buijten sporige verdenking
nog meerder hier omme, dewijl zijn toelegte dus verre niet anders
gestreckt:—
et
datie
,
er
dee„
tract"
NL-HaNA_1.04.02_8023_0030.xml,"gestreckt heeft, als om de Coloniers over alle boegen in haren handel en
geppermitteerde voorneemens t' ondersteuren, met terdaad behulpsaam
te sijn, en alles uijtte benken, wat maar eenig sints kan strecken ter
berijkinge van hare oogmerken hier omtrent gelijk in eenige door uw
Hoog Edelheedens toegestane en voor de trafficquanten seer voor
deelige proposities sonnenklaar door straalt, en dat over sulks
hem een dubbelt chagrien moet verwecken, door den hier ondermede
begrepenen, en voorheenen nergens in beledigden Willem Priceses
in sijne reputatie soo en orm te worden beklad, bestreeden en bij de
gemeente verdagt gemaakt van een te ondernemene enna regten aller
afgrijselijkste Crimen veneficu, en zonder ook almeede veel op
tehalen van desselfs tweede wan bedrijff, namentlijk om door het na op
„roer sweemende addres degansche gemeente /desdoenelijk :/ tegens ha„
„ren gebieder te preeoccupeeren, en in het harnas tejagen, werd dese
facheuse affaire g'eijndigt met een aan uw Hoog Edelheedens
ampts halven te doene aller demoedigste Supplicatie ter op tenue
van sodanige verdere eclatente maintenue als uw Hoog Edel
heedens sullen goed agten de met de importantie der sake ende
enormiteijt ter misdaad over een te stemmen:
Tot eene nadere opheldering van het verhandelde in onse ne„
„drige en per de Troon prins versondene letteren van den 23: april
wegens: —"
NL-HaNA_1.04.02_8023_0031.xml,"25
wrgens de b' antwoorde batavias bevinding op de Bandaze boeken
van 176 1/3 hebben wijthans de eere temelden, dat het 1/6 bedragen op de
door de confrontisten over het hoofd gesiene Capieer fouten ter som„
„ma van ƒ 36:2: —: betaalt is, dat verders de klijn Cassier het erreur
van ƒ2: 8:—: door eene prompte uijtkeering geremedieert en hij daar nog
1/6 ofte agt stuijvers voor den visitateur generaal bij gelegt heeft, zijnde
wijders den boedel van Gerrit Aansorgh voor ƒ 428: 6: d:gedebi„
„teert en om alles te liquedeeren ƒ274: 5: 8: gebragt tot lasten van den Ge„
„weesen dispencier Sluijter, onder dese bij de posten het gewone pree„
„mie â ƒ61: 4:—: jtem ƒ39:4: mede begreepen, —
En op fondament van dese belastingen sijn dan ook de door den
dispencier genotene percentos in het boekjaar 176¾ niet alleen aan
de Comp: weder vergoed, maar ook in die van 176 2/5 alhet nodige
in de pernaasten tevolgene boeken geredresseert, sonder nogtans
hier door te worden wederhouden in het aan uw Hoog Edelhee„
„dens tedoene versoek, om toek het ministerie van den jare 1762:
niet te mulctueeren, over eene in train gelatene gewoonte, dewel„
„ke soo veel het klijn dispens betreft al voor agt Iaaren zoude g'abro„
„geert geweest zijn, hadde den visitateur generaal daar op ter bequame
tijd die remarque Gemaakt, dewelke na verloop van thien Iaaren voor,
de eerstemaal geprofereert is, Ia meer verhoopt hier inne van
uw
n
e
109
en
ende
se
april"
NL-HaNA_1.04.02_8023_0032.xml,"uw Hoog Edelheedens gerustelijk temogen verwagten eene
goedertierne relevatie, van het daar op te berekene. preemie â ƒ 10: 7. —
ter sake in die voorjarige schickingen het regliment van den jare
1752: tot een basis genomen en bijde komste van den presenten gouverneur
het nadere reglement van den 20: aug=s 150: onder veele andere voor name
papieren niettevinden geweest is, mitsgaders tot nog toemanqueert, —
Men heeft intusschen den hoofdadministrateur vrijgela„
„ten off het dispens selve waartenemen, off daar in van Sijnent wegen
een pennist te plaatse, mits blijvende bij de bepaalde percentos, maar
hij heeft betuijgt in dit opsigt niet gaarne tot eenige verandering tewillen
treeden, onder afferte teffens sig de nieuwe schicking; schoon ook
nadeelig, niet alle bereijd willigheijt te zullen submitteren, egter onder
eene aan uw Hoog Edelheedens tedoene Gansch onderdanige ver„
„toog, hoe de personeele waarneming van het klijne dispens hem aan
d'eene kant in het hoofdwerk grote kindernisse soude toebrengen, en
dan van de andere sijde mede, hoe hij de hem toegelijde percentos
aan een apparten dispencier gedeeltelijk moetende afstaen, voor hem
selve niets soude overschieten, maar boven al hoe ijuijt hoofde van
uw hoog Edelheedens consideratie omtrent het middel van bistaan
voor de dienaeren in dit akelige Banda, sig volkomen geruest
stelt"
NL-HaNA_1.04.02_8023_0033.xml,"stelt, op eene te obtinerene standhouding van het ruijm thien Jarige
gebruijk voor de Comp: naauwlijks 300: guldens in koops sjaars bedra„
gende, voor alnog ingesien dat de Compagnie, in alle onder de die„
„naren gedistribueerde ampten, voor de trouwe administratie een
ordentelijk inkomen toestaat, en Geensints begeert, om dezelve tot
eijgen nadeel waartenemen, —
Onder demilitairen dit Iaar van Batavia hier aangelant
seekere Pieter Wissel van gog volgens het op zij nen rugtebeschouwene
evidente kenteeken gevoegt bij desselfs extra Iudicieele confessie, in
het patria geschavotteert sijnde, vaart hij thans met afgesz: gagie over,
en is de daar toe op sigtelijke beedigde verklaring onder de bijlagen:
deeses tevinden,
Blijkens bevinding ter resolutie van den 18: april inge„
„lijffd, is delading van het schip voorland seer wel uijtgelevert, ex„
„cepto dat bij opening van een pak karikans groote roode 5: p„s te„
„min bevonden sijn, hoewel dat men de scheeps overheeden daer
voor niet heeft konnen belasten, als sijnde niet alleendroogen
wel geconditioneerd maar ook de buijtenste em ballage ongeschouden,
en tusschen het bruto gewigt bij herweging, geenig different ontwaard,
de verklaring de senthalven is beedigt en benevens het of pakbieffjen
ten
eene
rneu#
ame
ewillen
ver„
aan
hem
en
bij"
NL-HaNA_1.04.02_8023_0034.xml,"bij resolutie van den 13: Maart I: L: G'in sereert, mitsgaders bij
dese occagie terug gerekent het inkoops bedragen van voorsz
5: p=s lijwaten, omme vergoed teworden door die uw Hoog
Edelheedens als daar toe de naaste sullen gelieven te betasten
De lijwaten een andere benodigtheeden voor het aanstaande
Iaar staan op een onder de bijlagen tevindene memorie vermelt,
en ons gedragende aan de daarbij gemaakte temarques, bidden wij
onderdanigst dat van de vijftien eerste soorten niets mag ge„
„sonden worden want wij geen kans souden sien deselve te de„
„manueeren temeer de saken van den handeldoor het weg blij„
„ven den Cerammers grotelijks ueragteren, maar boven al
smeeken wij uw hoog Edelheedens den eijsch van duijsent
lasten rijst Compleet te voldoen, als van nu aff aan beginnende
tevreesen dat men om tot de komste van een der scheepen met
dien Corl rond te schieten tot eene tweede reductie in de verstief
„kingen sal moeten overgaan, namentlijk om in steede van 20: lb:
niet meer als 15: lb voor ijder k op smaands telaten opbrengen, ook
is de voorraad onder de particulieren tans geen 30: lasten,
groot en hier uijt dan zeep ligt aftelijden banbas nare toestand„
in eene omstandigheijt dat men uijt Ambon geene assistantie
te"
NL-HaNA_1.04.02_8023_0035.xml,"29
te verwagten heeft, en mits de vreese der Cerammers seer wijnig
sagoe word aangevoerd, wij zijn voor't overige wel volkomen verse¬
„kert Dat uw Hoog Edelheedens de sorgelijke staat de ser provintie
meer dan ooijt sullen gelieven ter herten tenemen, en ons niet dersel„
„ver hoog wijs Jugement te ondersteune, hoedanig te gedragen indien
de dagelijks vermeerderende woede van den vuurberg ons mogte noodsa„
„ken op middelen ter bevijliginge van s Comp=s dierbaarste effecte
bedagt te zijn, principalijk ten op sigte der levens middelen
als hebbende aan de overwal nergens eenige bequame bergpbat;
„sen, —
uijt de dienaren hier ter plaats bescheijden worden met
1
brengen deses overgesonden een assistent, een Cuijper, een Soldaaten
drie matroosen laboneerende aanqualen, waar toe te dus verre alle
middelen vergeeft geappliceert, en bij gevolge na de opgave van den
opperchirurgijn in Curabel sijn,
De Gelden op Wisselg'accepteet beloepen ƒ 384:1::
sijnde met de daar op te berekene agio van 4: percent volgens over
„gaande secunde wissel brieven en eene daar toe relative memorie 't
van den klijn Cassier rigtig betaalt, en wij versoeken dierhalven
dat houders van de origineele wissels een gelijk montant op
Batavia
en
staande
,
en
van
n
ook
20: lb:
stent
."
NL-HaNA_1.04.02_8023_0036.xml,"Wissel agio„
Batavia wederom mogen erlangen, namentlijk
Een wissel van den burgerlintenat Carel Johannes Harder
omme weder uijte keeren andenboekhouder Peter Cornelis Beekman ƒ 1704: 15: — ƒ 64: 4:—
Een van den ondergeteekenden gouverneur ter voldoenige aan dan
wel Edele gestr: Heeren Nicolaas Harting raad extra„
ordin: van nederlandsindia en Boudewijn versele vol
Faure eerste secretaris van Staat _ _ _ - - - „ 12000: —: —: „ 480: —: —
Een van den ondergeteken den Gouverneur omme voldaen
teworden aan den welEd: gestr: Heere Louis Taille„
„vert raadextra ordin: van nederlands jndia bena„
„vens d' Heer Gijsbert Jan Feijsch. . . . . . . . . . „ 12000: —: —:„
Een van den ondergeteekende Gouverneur ter voldoening
aan den notariste Batavia Andries Jan Zalle,
als gemagtigde van d' Heeren Adriaan en Abraham
koks in 'sgravenhage woonagtig - _ - – – – „ 4560: —: —:„
182: 8:—
Te samen - - ƒ30264: 15:—: ƒ 1206:12:—
engelijk wij am redenen bij resolutie van den 18: April aangehaal
brenger deses hebben moeten aenleggen, ter overvoer van
de specerijen, in steede van het verongelukte schip Pressenburg
in voegen na het bij die resolutie in gelijffde rapport van den werff
op Siender van der Donk C: s: daar toe volkomen
480: —:—
in"
NL-HaNA_1.04.02_8023_0037.xml,"in staat verklaard is, soo heeft men vervolgens op den ont„
„fangst van een onder de bijlagen tevinden tweede rapport,
met aanschouw op de gevisiteerde afmatting en afwatering
alle mogelijke spoedgemaakt met daar in te laden als volgt:,
56656:—:-: lb bette
348579:—:—: „ middelbare
83987:—:—: „ magere.
409222: —: —: lb: tesamen, bedragende met de ongelden, benevens het kosten,
„de van,
59374:—: —: lb: g'infecteerde, en
50935:—:—: „ stuckende. . . . . . . ƒ29894:15: —:
voorts: —
75650:—: „ lb: gesorteerde foelij in
454:-: soekels, met de onkosten. - - „ 33637: 7: 8:
en dan nog:
250:—:—: „ marmelade - - „ 122:7:-:
1000:—: —: p=s geconfijtenooten . . . . - - - „ 195:16:-:
25:—:—: lb: nooten olij - - - - - - - - „ 24: 5:—:
Laatstelijk over diverse bij facteur
vermelte aanrekenen. - . . . . . . „ 2530: 10: 28
2
Dus in het geheel - - - - - - - ƒ66405: 1: —:
Voor het overige heeft dese bodem hier Geene andere ongelden Gemaakt
als ten reguarde van het hospitael en eenige betaalde Gagies waar
door de scheeps sol dijens ƒ1037: 12: —: Gemonteert hebben. —
wij
0„-
62: 4.
480: —. —
480:
—:
182: 8:—
1286:12:—
gehaald
kom"
NL-HaNA_1.04.02_8023_0038.xml,"P: bijde tantentij lijt
wij wensche van herte dat voor sz: bodems met dies kotbarel adin„
„ge de gedestineerde haken Spoedig en Geluckig mag beseijlen, en uw
Hoog Edelheedens dierbare persoonen in Dehovas alleen
Salutaire hoede beveele hoedaenigheeden van /onderstond/ Hoog
Edele gestrenge Groot Agtbare Manhafte welwijse, voor„
„sienige, Seer Genereuse Heer, en Heeren /:lager/uw hoog
Edelens Gants Gehoorsame en Trouwschuldige Dienaeren
was geteekend:/ I=s Pelters, E: J„k Beijnon, I: F„n Wolff
J„b D„k Fauchereau en J„s Carlebur /in margine / Banda
Neira den 19 Maij 1766 , en daar onder :/ op het sluijten deeses
komt den Lieutenant ingenieur Dulez te versoeken dat ter spoe„
„dige Voltoijenge van de verdere gebouwen bij provisie mogten g'eijsch
worden 1000: p=s ribben van 3 en 4 d=m 400: p=s d„o van 4 en 5 d=m 500 p„s
pannelaten, 3000: p„s Chineese planken, 20000: dak pannen, 1000:
E
voorst d„o hebbende genee andere hout werken meer van nooden„
Batavia
Aan zijn Edelheijd den Hoog Edelen Gestrengen groot agtb: Heer
Petrus Albertus van der Parra
Gouverneur generaal, en de wel Edele Heeren
raaden van Nederlands India,
Hoog Edele gestrenge groot agtbare,
manhafte"
NL-HaNA_1.04.02_8023_0039.xml,"33
van de toenemende onsekerheijt der saken op dit ongeluc„
„kige eijland Neira, door het verschrikkelijke woeden van den
vuurberg hebben wij met de Throonprins een succinet ver„
„slag gedaan bij onse eerbiedige letteren vanden 23: april,
en verre van op eenige verandering ten goeden temogen
hopee, neemt de algemeene verslagentheijt sodanig
aan dat wij de middelen ter beveijliginge van sComp=s
dierbare effecten, insonderheijt ten aansien van de soo
hoog benodigde levens middelen in uw hoog Edelheedens
wijse meditatien op nieuw ten aller nadruckelijksten aan
beveelen want het gevaar is waarlijk groot en seernabij,
Niet lange daarna off wel op den 15:' maij hebben t„
wij in onse met het rijkbelade schip voorland afgevaar„
digde naden letteren eenige poincten verhandel, die
onses eragtens ten eersten behoorden afgedaan te
..
worden, en wij vertrouwen vastelijk dat die bodem
de haven sijner destinatie spoedigen sonder eenige
manhafte, wel wijse voorsienige,
surdiscrete Heer en Heeren,
rampen
are
ladin„
dees
ijshh
r
en
agtbare,"
NL-HaNA_1.04.02_8023_0040.xml,"rampen sal beleijt hebben,
Tans is het de beuit van de standvastigheijt vm de seder
ingesamelde specerijen overtevoeren, hoe wel tegens
verwagting in een seer geringe quantiteijt, nademalen hard
ruk winde en langduurige reegens de perkeniers alweder
groote schadens veroorsaakt hebbende, boven dien niet
apprenctis voor medio September
eenige foelij van belang te sullen
gelevert worden,
Wij sullen dan ook bij dese gele„
„gentheijt den generalen Staat van
Banda op eene beknopte maniere be„
„schrijven, en na gewoonte voor aanstellen
de b'antwoording van het,
Extract uijt de generale
Missive gesz door de Edele Hoog
agtbaare Heeren 17: in het Patria
aan"
NL-HaNA_1.04.02_8023_0041.xml,"35
van den 18: april 1766 g'insereert, op dat de pos
teriteit daar uijt moge blijkende veele ongelukkige
evenementen van sijnen ijder voor sComp: blan„
gens, door de lasteringen van afgestraften
ontrouwe dienaaren en een koop misnoegde
contionarissen, hoewel de erlangde satisfactie
van Batavia veele tot stil stant gebragt heeft
Dat de gedevaliseerde staat van de Comp: hier telande,
Het veel leedweesen, en Geen minder onge„
so als die door den ondergeteekende Gouverneur inde maand
xber: 1761: bevonden is sedert immers so veel de
„noegen, uijt der ministers advisen bij zonder
voornaamste poincten betreft volkomen gerestau
„reert is, heeft hij onder anderen bij sijn noodwendige
die van den 17:' Iunij 1762 gezien hebbende de
verdeediging van den Jare 1764 seer duijdelijk aan„
„geweesen, en staat het zelve bij bandase resolutie
onaangenaame en voor de Comp: zo nadeelige
gevolgen van de verwarringen en oneenig
heeden, die onder het bestier van den voorigen
gouverneur Barriel ten deesen Comptoire
zijn ontstaan, heeft het ons ook weeder voedoening
gegeven dat den nieuwen gouverneur Petters ter„
stont na zijn aankomst alhier is bedagt geweest, om
door een naaukeurig ondersoek van zaaken te ont„
„dekken alle de seedert eenigen tijd, zo schaam„
teloos gepleegde fielterijen en Grove verwaarloo„
singen en vervolgens uijt den dienst te dimoveeren„
of na verdiensten te straffen alle de geene die zig hder
aanschuldig gemaakt hebben, en dat hij door het be„
„raamen en emploijeeren van de nodige middelen
aan hunne Hoog Edelheedens den
Gouverneur generaal en de Raden van
India tot Batavia gedateert Am„
„sterdam den 10: october 1764 vervat„
„tende de Materie van Banda:
van
de
egens
harde
er
niet
llen
al
sedert
le
Pat
Patri"
NL-HaNA_1.04.02_8023_0042.xml,"weegens de pagtrefereert men zig in alle eerbied aan
het b'andwoorde patriase Extract dat ind„o 1765: san
hier versonden is, en de tijdsalleeren hoe verre aan
de ernstige begeerte van haar Ed: hoog agtb: met
aanschouw op de verpagting der in en uijtgaande
regten sal konnen gehoorsaamt worden, hebbende
den presenten Gouverneur, om sig in geene nieuwe
hatelijkheeden g'impliceert tezien met advis van
Rade best g'oordeelt twee leeden opte draagen de
commessie van een te maakene op stelder ar„
„ticulen ende voorwaardens met het intrest van de
Comp: so wel als het waar belang van de ingeseetenen
bestaanbaar ten eijnde na erlangde goedkeuring van
Batavia als dan publicq te laten aanslaan, —
wij moogen vervolgens ook niet zonder grond
verwagten, dat de swaarigheeden welke de
ministers bij het marginaal andwoord op ond
letteren van den 2:' 8ber: 1759: hebben bij gebragt
tegen de Introductie der publicque verpagting
van sComp=s domainen, en waar op zij vervolgens
hebben gefundeert hun verzoek, om Banda van
die verpagting /:immers voor zo verre betreft
de in en uijtgaande regten, te esimeeren, zedert
van reddres, heeft getragt weeder te herstellen
en in goede ordre te brengen de zo zeer vervalle„
„ne zaaken van deese aangeleegene provintien
Wij landeeren over zulx dien prijslijken ijzer
van Gemelde Gouverneur Pelters, en van de verdere Mi„
„nisters, hun teffens recommandeerende, dat voetspoor
bij continuatie te volgen, ter bevordering van sComp:
belangen andeese hunne loffelijke betragting schrijven
wij meede toe dat het hun eijndelijk is gelukt de ver„
„pagting van sComp: domainen en geregtigheeden in
zo verre te introduceeren, dat die van de winkels en
Ba zaar is aangeslaagen voor een Iaar tot een somma
van ƒ1548:—: —: uijtmaakende een Considerabel ver„
„schil met het geen die middelen bevoorens, bij Col„
lecte hadden afgeworpen
door"
NL-HaNA_1.04.02_8023_0043.xml,"37
uijt hoofde van de betugting dat de na Maccassar
tesendene vaartuijgen door eijgen gebrek geen
ladingen van rijst sullen kunnen erlanger, defa„
taliteiten sedert drie Iaaren de provintie Ban„
„da overgekoomen door het blijven van drie
door hun zelve als min aanneemelijk zullen
sijn beschouwt en dat sij zig uijt dien hoofden ins
gelijks zullen toeleggen om de voorsz verpag„
„ting van de in en uijtgaande regten mede in te
voeren, op zodanige Conditien als met het intrest
van de Comp: en het waare belang van de Ingeseetene
bestaanbaar zijn,
Wij kunnen en tusschen niet afzijn hier
bij aantehaalen dat onse intentie immer is ge„
„weest, de ingeseetenen door het in voeren der ver„
pagting te beswaaren en dat voor so verre bij de
Conditien waar op winkels en Bazaar zijn ver„
„pagt geworden, nieuwe lasten mogten zijn g'in
troduceert wij ons wel willen conformeeren
met de veranderingen welke u Ed noodig g'oordeelt
hebben, en deselve temaken
de nadere beveelen met betrekkinge tot de hier ne„
Over de vaart uijt deese provintie en die van
„vens gemelte vaart sullen naderletter opgevolgd
worden hoe wel dat men sig onder het schrijvende„
Amboina na Macassar hebben wij ons bij
„ses seer verleegen vind, niet so seer ten respecte
van de ordre selve, want noodbreekt wet maar
voorige brieven uit breede g'expliceert ende reede„
„nen van onse bedugting voor het misbruijk
dat daar van zoude kunnen werden gemaakt. 12
scheepen hebben de ruijme voorraad van de Comp.
sodanig
zo
erstellen
rovintie
tie.
ijse
ij
erdere Mi„
tspoor
ting
cheije
ver„
eenn
tig
Somma
dergrond
opond
pagting
volgen
vervol
van
betreft
zedert
Comp:
valle„"
NL-HaNA_1.04.02_8023_0044.xml,"sodanig vermindert dat men al op den 13„e maart anni
currentis heeft moeten treeden tot het extrem besluijt om elk
en een van de hoogsten af tot de geringste toe te bepaalen
op 20: ponden smaands, terwijl dat de particulieren door de
generaale verstrekking die seedert den jaaren 1762: â 30: rd„s het
last gecontinueert heeft ter ontwijking van schade en bederff haar
rijstgedeeltelijk aan vreendelingen verkogten ge„
deeltelijk buijten 'slands vervoert hebben, als sijnde var„
„lies voor de hand in dit stuk met de Comp: een perijste
houden en even hier om sullen anderenmiddelen
behooren bewerkstelligt te worden, op dat bij ver„
„dere niet te hoopene ongelukken geen grooter gebrek
aan dit hoog benoodigde voed zel kome tecxteeren
en men daar door ten laasten inradeloose omstandig
reeden vervalt wij seggen andere middelen want
indien de Conditioneele ordre van den Jare 1753:
na den letter mogte opgenoomen, en deweerft het magua„
„zijn vande Comp: aangeteest worden wanneer de particulie„
„re rijst tot op 50: rd=s gereesen was, dan soude denualvrij
sterk klaagende particuliere traffis quanten haar
ten principaalen toeleggen, oms de aan te voerene rijst
binnende provintie te verkoopen en dan konde men
bij een uijtte blijvene ontset Comp=s weegen veele
ongeleegentheeden bij tijds voorkoomen egter versoe„
„ken wij onderdaanigst excus over deese orse na gemoe„
de voorgedraagene geringe remarque en mij bidden boo„
„ven al dat dezelve niet mag worden opgenoomen voor
een tentamen om de reedenen voor het contrarie krag„
„teloos temaken vermits debozaar nog daagelijx voor„
„sien wordende door de bewoonders van Celamen waijer„
ourien, Louthoir en poloaij het benoodigde voor een
maand per ordonnantie werd afgehaald uijt aanmer„
„kinge van de volstrekte ondoenelijkheijd omda„
„gelijx op Neira over te koomen, en voortoverige
werd hier voor gerepiteert gehouden de noodwendi„
„geschikking teleesen bij bandase resolutie van
den 17: Iulij 1766: —
ons gantsch vreemd en onaangenaam is
Zo kunnen wij niet ontveisen dat het
Dan aangesien uE de noodzaakelijkhid
en de redenen, welkeuE tot de open stelling van die
vaart hebben bewoogen, en welke uE gemeent heb
„ben kragtig genoeg te zijn om dezelve bij continuatie
opengesteld te houden telkens hebben tragten te fun
„deeren op de verleegentheijd waar in de voorm: pro„
„vintien zoude kunnen werden gebragt door ge„
„brek aan rijst, en dat uE, om ons zo veel mogen
„lijk gerust te stellen, dat sodanig misbruijk
geen plaats zoude vinden ons te meermaalen
hebben verseekert dat de permissie omde
vaart te excerceeren, alleen zoudeblijven bepaald
aan het gebrek van dat voedzel, onder zo„
„danige precautien als uE g'oordeelt heb„
„ben toerijkende te zijn tot voorkooming van
alle nadeelige gevolgen
zo duijdelijk aan uE vertoond dat wij daar
van ten deesen niet verder zoude behoeven te
spreeken, -
voor"
NL-HaNA_1.04.02_8023_0045.xml,"39
voor gekoomen niet er daad temoeten ondervin„
den dat het gebrek aan rijst niet meer is de
eenige grond waaron de voorn: vaart bij
Continuatie zoude moeten blijven Gepermit„
„teerd maar dat dezelve ook dienen moet
tot andere oogmerken, terwijl men thans geen
swarigheijd maekt opentlijk te erkennen dat
de burger vaartuijgen, niet ten allen tijden ge„
zouden sijn, off nog gezonden worden ter
afhaal van rijst, maar dat dezelve ook
dik wils dienen tot voortsetting van den smal„
„lenhandel met bijvoeging zels quasie, /:omde
noodsakelijkheid van dien handel te Juttisien,
de
„zen, dat de provintie van Banda buijten desel„
„ve, niet soude kunnen bestaan, —
En
Dit gebruijk van de vaart is egter un„
ten eenemaale strijdig tegen onse in tente, en
vermeerdert onse bedugting, die wij althoos ge„
„had hebben voor de schadelijke gevolgen van
desen vaart:—
wij ordeelen vervolgens nodigteijn : 2
daer
beijd"
NL-HaNA_1.04.02_8023_0046.xml,"daer teegen te voorsien en gelasten uE der
halven, voortaan ex presselijk te interdiceeren
het afzenden van eenige vaartuijgen na Mac„
casser, anders dan ter afhaal van rijst, en
zulx onder deese speciaale conditie, dat daar
toe geen permissie zal mogen worden verleend
dan in cas van absolutie noodzaakelijkheijd
Het strekt ons in tusschentot genoegen dat
nu het presente Ministerium meer dan bij
eene geleegentheijd heeft te kennen gegeven
/:mede van begripte sijn dat de meer gem: vaart
voort belang van de Comp: schadelijk is,
de aanvoer van rijst zoo opulent is geweest,
dat sij niet noodig hebben g'oordeelt zelfs
maar een vaartuijg van hier na Elderste
verzenden, en wij verwagten, dat uEl hen
ook int vervolg zoo veel moogelijk, zullen
voorsien van dat benoodigde voedzel ten
eijnde hen te houden buijten de noodzaake„
„lijkheijd, om zig van de meermelde permissie
te moeten bedienen,
Terwijl"
NL-HaNA_1.04.02_8023_0047.xml,"het blijft thans eene vaste gewoonte dat de gecom„
„mitteerdens bij retour voor de deugdelijkheijd huu„
ner opgave met speciaal aanschouw op de spe„
cerij boomen den Eed presteeren:—
Terwijl wij al voorens van deese materie
af te stapppen nog met op sigte tot de versee„
kering, welke uE ons hebben getragt te geeven,
dat in't drijven van dien vaart, niets nadee„
„ligs voor de Comp: zou leggen opgeslooten,
immers dat het selve zoude werden gepre¬
venieert door de genoomen precautien, nog
moeten remarqueeren dat het niet buijten,
exempel is, dat onderneemingen, voor
welkers schadelijke gevolgen wij gegronde be„
dugting hadden, bij de uijtkomst inder daad het
gevreesde nadeelige effect gehad hebben niet
teegenstaande uE even als in dit geval ons
meede hebben getragt te persuadeeren, dat de
middelen om schadelijke gevolgen van dezelve
voor te koomen toereijkende zoude zijn bekenden
Dat den Gouverneur, om te beeter staat te kun„
„nen maken op de rapporten van de Exter
„pateur niet alleen derselver instructie
hadde verbeetert, maar ook door de gecom„
mitteerdens na de zuijd oostersche Eijlanden,
doen presteeren den Eed voor de deugdelijkheijd
hunner gedane opgave, dat se wel persoonlijk
in
nd"
NL-HaNA_1.04.02_8023_0048.xml,"doene eijschen van huijs balken die togh somwijlen verkeerd
g'emploijeert worden Insonderheijd konnen haar Ed:
hoog agtb: op de teegenwoordige berigten volkomen
staat maaken nademalen het bij de stukken blijkt
dat de opsienders door kennis en liefhebberij de voorsz
plantagie in de twee laaste Jaaren seer op geruijmd, de
kromme boomen om vergekapt de regt op schietende bij
continuatie gesnoeijt, en op de Jonge planten door
verplaatsinge als andersints goede sorge gedraagen
hebben
word de hand gehouden, de voordeelen hier van bereeds ge„
aan de kiatenbosschen op Rosingain en poulo Rhun„
in de bossen op accessible plaatsen waaren ge„
„weest maar Geen specerij boomen hadden ont„
„dekt is ons voorgekoomen als een blijk van
sgouverneurs attentie op dat stuk, wij hoopen
mitsdien ook, dat hij de vereijschte zor gezaldwa
„gen, dat de Comissianten zig niet bedienen van
eenige pretexten om de executie van dit zo nood„
„saakelijk werk te staaken of te delaijeeren, maar
dat in teegendeel op alle de omstreeks geleegene Eij„
„landen Iaarlijx eene naauwkeurige vi sitatie
werde gedaan, ten eijnde de aldaar gevonden wor„
„dende specerij boomen te exterpeeren, —
Met de kiatij plantagie ten eijlande Rosingen
is het tot ons genoegen (:niet teegenstaande de vreese van
den Gouverneur dat de bevoorens Gedaane favorable
berigten niet met de waarheijd zoude vvereen„
„stemmen : egter Conform het niader gedaane
ondersoek zodanig bevonden geleegen te sijn, dat
men daar van nu en bij vervolg van tijd veel gerief
en voordeel heeft te verwagten, uE hebben
dierhalven wel gedaan de behertiging de„
„ser plantagie aande ministers te recom„
„mandeeren,
expectentie dat men in tijds vervolg daar van in het huijshou„
„den groot gerief sal kunnen hebben en teffens uijtwinnende te
„nooten sijn wel eeniger maaten gering, maar everwel van die
dat"
NL-HaNA_1.04.02_8023_0049.xml,"de bandase brieven van den 5: Iunij 1763
en 30: maij 1764: vervatten alles wat tot
destructie van verkeerde op vattingen
omtrent het articul vande rijstimmers so
veel den presenten gouverneur belangt heeft
konnen g'advanceert worden
En om eene eens verhandelde sake niet te her
haalen sij het ons g'oorloofd ter beandwoor„
„dingen van het hier besijden te leesene poinct
temoogen aanhaalen de bandase resolutie
van den 22: Maart en 24: Maij 1763: beneevens
de brief van den 5: Iunij des eijgensten Jare
dat de ministers onaangesien den overvloed
van Rijst, weder hebben kunnen goedvinden
8:
den verkoop van dien ten Bazaar te staaken,
ende behoeftige ingeseetenen Over tewijsen tot de
particuliere handelaars, heeft ons, op nieuws
zeer veel misnoegen gegeven, wij zullen ons
egter dien aangaande niet verder expliceeren voor
dat wij zullen hebben ontfangen de verandwoor„
„ding die wij van de Ministers hebben gevordert:
bij onse letteren van den 24: xber: 1761. over
hun besluijt van den 27„' febr: 1759 om den ver„
„koop van Rijst van den Bazaar te doen cassee„
„ren, niet teegenstaande zijn doenmaals, eeven als
in het presente geval overvloedig van dat
graan voor sien waaren
zoo als wij meede zullen tegemoed sien
het door uE gerequireerde berigt, nopens het
verschil inde opgaave van de geraale lasten
en winsten de a„o 176 / in Comparatie teegen die
van het voorige boekjaar, waar over wij uijt
hoofden van dat verschil als nu met geen zee„
„kerheijd hebben kunnen oordeelen, ons inmid„
„dens conformeerende met de remarques,
welke
ge„
den
ont„"
NL-HaNA_1.04.02_8023_0050.xml,"sijnde bij de papieren van den jare 1763 almeese aen„
„geweesen de verkeerde behandeling met den Jn„
„lands burger Iacob Roeloff door heb urge„
„listen bedrijff van den toenmaaligen fiscaal te
zijn veroorsaakt geworden en geensints met
insigte omme voorbedagtelijk het regters ampt
politicq temanieeren,
welke uE hebben gemaakt, zoo ten deesen op sigten,
als met ralatie tot eenige andere zaaken, die door de
ministers, met de vereijschte attentie niet zijn
behandelt
In't bij sonder houden wij voor wel gedaan
dat uE de ministers ten ernstigste hebben ge„
„reprocheert over hunne willekeurige en vio¬
„lente behandelingen met den Inlands burger
Jacob Roeloff, die door hun ter zaake
van zeekere teegen hera ingebragte beschuldi„
„ging, bij een politicq besluijt was geconden
„neert, om door de dienaaren van de Iustitie
strengelijk tewerden gelaarst en daar onboven
nog te betaalen een boete van 50: rd=s dan wel bij
onvermoogen zolang in de ketting te werden
geklonken tot dat hij dat bedraagen zoude heb„
„ben ingedient, en dit alles, onaangezien den
fiscaal verklaard hadde bij gebrek van
klaare bewijsen Geen Crimineele actie tegen
de g'accuseerde te kunnen inbrengen:—
En dewijl uE de absurditeit van die be„
handeling reeds gebragt hebben ondertoog der
ministers, zullen wij bij deesen eeniglijk
inhereeren"
NL-HaNA_1.04.02_8023_0051.xml,"451
de Bataviase ordre van den Jare 1763.
is weesmeesteren aangekondigt, en vol„
„gens dezelve betaalen haar Eerw: even als
andere particulieren van de te remitteerne
gelden 4: p„r Cagio:—
in hueeren uE gedaane Serieuse recommandatie
aan dezelve, om zig voortaan zorg vuldigte
wagten voor eenige uijtstappen van die aart, of
zig aantemaatigen dispositie overzaaken
die tot de Iustitie behooren:
uijt der ministers letteren van den 4: 7ber:
1762 gezien hebbende, dat behalven de daar
bij vermelde wissels, die met de gewoonlijke
agio 4: P„r C=o in Cassa waaren g'accepteert door
weesmeesteren. ten deesen Gouvernemente ook
was overgemaakt een Somma van ƒ31928:13:
om aan weesmeesteren te Batavia te wer„
den uijt gekeert, zonder agio, en teffens in
aanmerking genoomen sijnde dat bij remitteeren
per adsignatie van penningen uijt Indien aen
de respective weeskaamers hier telande even
als ten opsigten van particulieren werd gekrt
het ordinaire verlies van 7 3/3: p„r C=t zullen uE
ons moeten informeeren, of er eenige bijsondere
reedenen zijn, waarom de weeskamer in dit Gouver¬
„nement bij het overmaaken van gelden na
Batavia, van de betaaling der voorszagio zoude
behooren te werden gelibereert, —
Niet zonder bevreemding hebben wij gezien
de"
NL-HaNA_1.04.02_8023_0052.xml,"beweesen in die van den Jare 1765 mitsgaders
nog ten overvloede tot onderregting vanden ad„
„vocaat fiscaal gillustreert door de hij bandase resolu„
„tie van den 13:' maart 1766 te leesene marginaale
op lossingen der onwaarheeden die hij Quitton te
Batavia op gedist heeft,
den onderCoopman Guitton heeft de genade die„
haar hoog Edelheedens hem beweesen hebben b'
antwoord met een Gedrag, dat sijne voor afgegane
in Congine handelingen verre overtreft dedeluseert
inde papieren vanden Jaare 1764: en word nader
de dispositie, welke door uE is genoomen niet
opzigt tot den alhier beschijden geweest zijnde on
„der Coopman en Soldij boekhouder George Charles
Guitton, dien uE ingevolge uw besluijt van den 9„e
November 1761: met afgeschreeven Gogie na Ba„
„tavia hebben op geroepen op fundament van 't
vermelde ten zijnen lasten, bij missive van de
bandase ministers van den 7: 7ber: bevoorens,
weegens het intriquante opneemen van Gagie bij
de Comp: nog niet verdient, en het slordig
behandelen van boedels, onder hem berustende,
want vermits die teegen hem ingebragte be„
„schuldiging nader werd geconfirmeert bij der mi„
„nisters letteren van den 17: Iunij 1762: met bij
„voeging zelfs van verdere door hem Gepleegde
buijten spoorigheeden hadden wij niet kunnen
verwagten, dat uE souden hebben geresolveert hem
weeder te herstellen en sijne Gagie te laten Cours„
neemeen, en zulx op een door hem ter uwer
sessie van den 12: November ingediende request,
dat alleen gegrond is op sijne armoedige ge„
„steldheijd, en het Gedaane rembourssement van
de schad, die hij quasie aan de Comp: zoude hellen
toegebragt"
NL-HaNA_1.04.02_8023_0053.xml,"47
Het gebrek aan militairen in deese provintie
word hoelanger hoe grooter, om de lijste der
dooden naslaande sijn daar onder welruijm
drie vierde gedeeltens van de baarse soldatesque
tevinden sijnde teffens een ongeluk voor Banda
met het aller slegtste volk voorsien te worden
waar door men dan ook niet in staat is tevol„
doen aan het heijl saame oogmerk van haar
toegebragt,
En het heeft ons nog temeer verwondert datuba
den Gem: Guitton tot opperhoofd van waijer hebben
g6
aangestelden hem in de qualiteit weder na dit Gou
vernement laten overgaan, geconsidereert, dat
de wan order, en verval waar in deese provintie
is gebragt, voor het grootste gedeelte, zo niet
geheel moet werden G'attribueert aan dit spoor„
„in
„loosen slordig gedrag van sommige bediendens,
en dat hij uijt die hoofden meede van daar op ont
booden zijnde:/ ook niet weeder na die provintie
had behooren te zijn gesonden:
Wij laaten vervolgens ook gaarne aan
uE eijge overweeging over, hoe onaangenaamhet to
voor ons is te meermaalen te ondervinden ende
dat men bediendens van de Comp:, die om
billijke reedenen zijn gedemoveert uijt deposten
welke sij bekleed hebben weeder hersteld en
emplojeert tot bedieningen, die sij zig uijt
hoofde van hunne gehoude conduites
onwaardig gemaakt hebben, —
Daar en teegen is ons, ten genoegen
gebleeken dat uE op de Instantie vande
ministers ordre gesteld hadde, om de
hoog
100: militairen
d
hebben
den"
NL-HaNA_1.04.02_8023_0054.xml,"„ten op de gesondere buijten comptoiren om
haar aan het Clemaat tedoen gewennen, want
dan soude men de de Casteelen Nassauw en Belgi„
„ca van bessettelingen ten eenemaal ontblooten,
maar indien haer hoog Edelheedens 't eeniger
tijd sooveel konde missen om het verswakt
bandase guarnisoen met gezonden frisse
manschap te accompleteeren so is ook in dit
Capitaal stukk een voordeelig nedres te verwagten
hoog Edelheedens tot verdeeling van de soldae„
100: militairen welke uE tot recrnteering
van het gants in Compleete Guarnisoen hadden
gedestineert, met gezonden fris volk
tevoldoen, En wij hoopen dat uE door het
bekoomen ontset uijt nederland en staat
sullen sijn gesteld, om dit Gouvernement
met de verdere benodigde manschapp
te voorsien,
Waarmeede overgaande tot het eerste en wel aller voornaamste Capit
„tel van dese onse Generale beschrijvinge, namentlijk, het poinct van de spe
„cerijlanden en alwat daartoe eenige betrecking heeft, soo werd in alle
nedrigheijt voor aangestelt de belofte van uwhoog Ed=s bevel omtrent de
niet langer te berekene intrest op versondene specerijen voortaan te
sullen gehoorsamen, sijnde door eene niet tegelovene verwaering
ten negotie Comptoire, herkomstig van de op een andere plaatse
souman klaar bewesene onkunde en sorgeloosheijt den baaren, ver
oorsaakt dat en in dit en in verscheijde andere op sigten sonder requar
op eenige ordres door de gemeene pennisten in het Concipieeren der
factuuren na eijgen goed vin den gehandelt is geworden, en alhoe„
„wel tegenwoordig door eene beteretoesigt van den nieuwen seculde den
ondergetekende Gouverneur van veel verdriet ende hert seer daar
omtrent"
NL-HaNA_1.04.02_8023_0055.xml,"29
Omtrent ontslagen is, soo neemt dit egter niet weg de aan uw hoog Edelhee„
„den voor tedragene noodsaaklijkheijt om dit Comptoir van Batavia
met eenige bequame pennisten te voorsien nademale van deknindigt
door sterfffens en vertrek nauwlijks een overgebleeven is,
wat nu betreffdde verbrandinge der stuckend en g'infecteerde
nooten uijt de leverantie van de maand Junij 1765 daar van sijn
alle de berigten ingelijfft bij resolutie van den 20: 9ber des eijgensten
Jaars en wijser deselve aan dat de stuckende hebben bestaan in
39170:—: lb= voorts de g'infecteerde in
28755: „ makende te samen
67925: ponden en wegens de bedurvene partijen uijt de
leverantie van de maand December 1765. valt inde reso„
„lutie van den 1„' augustus Jongstleeden te beschouwen den stuckende
nooten te sijn afgewoogen ten quantiteijt van
50935: lb en de g'infecteerde
73531: „ offte met malkanderen
124466: ponden
van dese twee samen treksels over het totaal 192491: ponden
sommeerende sijn de speciale rapporten so wel als die van
het afhaalen en verbranden na behooren b'eedigt, in de twee
voorsz resoluties stuks gewijse ingelijfft en onses weeten niets
over"
NL-HaNA_1.04.02_8023_0056.xml,"over het hoofde gesien om uw hoog Edelheedens G'ruct testele
dat na beste kennisse met de vereijschte omsigtigheijt en ten Goeder
trouwe gehandelt is, sullende de secretarij bediendens in de eerste
plaatse actionabelen Corrigibel sijn wanneer de versending
der papieren hier toe betreckelijk weder soo ongeschikt en agteb
behandelt word als in den vergangen Iaare geschied
is:
van de slaven die uw hoog Ed=s voor de perkeniers hebben
gelieve Overtesenden sijnder verscheijde op reijse overleeden
en somede uijt de hoop der geener die siek aande wal
gebragt sijn, weshalve van voorland maar 18: stuk
en van de stantvastigheijt niet meer als 40: over gebleven
mitsgaders uijt die van Giessenburg eenelijk 38: over ge„
„schooten wesende, men so wel vande bekomene Zuijdwra„
„terlingen als het erlangde ontset van groot Timor daar
nog 46: slaven bij gevoegd, en op die wijse na het beslotene
ter sessie van den 13:' maart eene generale uijtdeeling
bij het lot gedaan heeft waar van het resultaat in dere sol
„tie van den 17:' Iulij te b'oogen, en met de betalinge alles soo ver„
„re tot liquiditeijt gebragt is, datter alleenlijk ontbreekt de somma
van"
NL-HaNA_1.04.02_8023_0057.xml,"van 855: rd=s door de poeloaijse perkeniers- nog tebetaelen men
heeft den Coopman Damius aangeschreven op de prompt
inpalminge ten uijterste attent te sijn, en voor het overige
in de verdeelinge niemand g'excuseert, als de weduwen
Mol duse voor de aangerekende prijsen niet heeft wil„
len accepteeren, benevensde arroganten David
Iacob Levie, dewelke den boswagter had afgeweesen
met de brutale taal laat de gouverneur de slaven om sijn hals
hangen, egter sal de nedrigen -eerste tekenaar het laten
beruste bij de door hem in de allerlast hertigste termen
afgesmeekte vergiffenis in sijn bij resolutie van den 17:'
Iulij ingeschrevene requesten wij offerleren dan bij desen
uijt name der gesamentlijke genietens de allerhambel„
„ste danksegging, voor de nieuwe onderstaande die uw hoog
Edelheeden haar lieden hebben gelieve te bewijse, onder
eene te doene gansch demoedige voordragt bij voorte„
„komene bequame geleegentheeden een gelijk standig ont„
„set temogen erlangen, temeer na de Jongste perkvisite
het getal der overledene in 156 koppen bestaan heeft in het
overgaande rapport van dese visi te blijket mede hoe slegt
het gewas in de meeste perken bevonden, en dat de beheer„
ders van dien door de daar in op genoemde fataliteijten
al weder groote schade veroorsaakt is geworden hebbende
voor
hebbe"
NL-HaNA_1.04.02_8023_0058.xml,"voor het overige veele aan hare wooninge, de nooten Combuijsen
en rook parraparas Capitale verbetering en gedaan, gelijk de
gecommitteerdens in haar berigt almede getuijgen mergens
eenige nagelboomen affte spruijties van dien ontwaard te
hebben
Ten opsigte der particuliere schiekingen over drie
meesters veranderde perken gedragen wij onse alle erbie daan
de besluijten van den 20: 9ber 1765: dem 19: febr: en denottel van
23: maij daar aanvolgende, maar met de betalinge van Theeren
Contingent heeft men sig moeten vergenoegen door een teverleen tick
om het selve uijt de specerij gelden bij termijnen te voldoen, na
voorige exempelen mij vervolgen dit capittel met de onaange„
name egter alle sints regtmatige supplicatie van den burger
perkonier Nicolaes Gilbersz tevinden bij resolutie van den 10.
maij deser Jaars ter vergoedinge van de bij hem geledene schade
door het stranden van desselfs Chialoup op de reijse na Groot
Timor waar van de schuld word toegeschreven aan het moet
willig bedrijft van den tot de portugeesen gediserteerden stuurman
Ambrosius Bang blijkens het omstandige relaas van de Com„
„missiant Abraham van dorssen ter Sessie van den 18: april
bevorens in gediend ons notulair besluijt van den 16:' xber: 1765
dat ook al in den vergangen Jaare overgesonden is doet nader
Sien"
NL-HaNA_1.04.02_8023_0059.xml,"sien dat men sijne toenmalige voorslag van de domagement in
cas van eenig overtekomene ongeluk niet onbillijk g'oordeeltheeft,
vrijmoede uw hoog Ed: te versoeken om toch een goedertieren re„
„guard te willen neemen op smans gedane sollicitatie, nade„
„malen het vaartuijg voor de aantevaardene reijse alhier
gevisitent mitsgaders in een seer bequamen staat gevonden
is, om ter afhael van Slaven met Gerustheijt temogen g'en
„ploijeert worden tot soo verre dat na ons gering begrip
also men te diep in sComp: beurs soude getast sijn hem
voor het gemis van sijn vaartuijg, gedaene equiguegie en
calculative voordeelen, een montant van drie duijsend rd=s
toete wijsen als datter van sijn kant eene valabele redensou„
„de sijn over dese geproportioneerde vergoeding eenige be„
„swaarnisse intebrengen met de visitatie der om leggende eijlanden,
teneijnde hier door te ontwaaren off op deselve eenige specerij boom„
„pjes gevonden wierden continueert men Jaarlijks, en het be„
wijs van dien sal uw hoog Edelheedens voorkomen in eenige onder
de bij lagen te vindene b'eedigde attesten, die van de gecommitteer„
dens op de suijd oost en suijd west daar onder mede begreepen
Laatstelijk betreffende het perk Bejaauw soo designeert
de overgaan reekening van 176 5/6 dat de leverantie van
Specerij
ren
'Hlstij
en"
NL-HaNA_1.04.02_8023_0060.xml,"specerij almede van wijnig belang geweest is denooten Combuijs is be„
„reets van steen seer hegt op gemetselten men wagt naden aan oos
van adappen, om als dan met het op leggen van de balke en de voltooijen
„ge van het date te konnen voort vaaren die eijgenste reden heeft ok tot
hier toe tegen gehouden met de slaven tampatten een begintemaken, en is het
dat de Comp=s dit perk verderheen wil in passestie houde dan soude het wij
voordeeligen uijt vallen deselve van steen in steed van de dagelijksin prijs
verhogende bamboesen die alle twee â drie Jaaren vernieuwing vereijschen„
optehaalen, temeer de hoogte van het met selwerk niet boven de ses voeten kon
en de aerlijkheijt van dien hier niet te betragten valt maar in sonderheijt is heb
nodig hier ter plaatse en pakhuijs extraeeren tot beginge van twee drie
hondert lasten rijst na demalen de dagelijkstoenemende sorgelijke toesta
van het eijland Neijratans meer dan ooijt eene diergelijke precantie
vereijscht om de wille van het vreeselijke vuur datoebewonder seenenaer
verwoesting voor spelt, wanneer god d' heere sig over ons niet komte ontfenn
D' administrateurs generaliter
betreffende heeft men de desen Jare ontvangene ordres aan ijder die het
aangaat meede gedeelt, en teffens gewaarschouwt op der selver nakkoming
steets attent te sijn, —
om"
NL-HaNA_1.04.02_8023_0061.xml,"55
Om verders te preevenieeren sodanig verdrietig nasoekens als in der
sake van Poondorff heeft moeten geschiede, is ter sessie van den 18:'
april verstaan alle borgtogtelijke papieren met betrecking tot sComp=s
administraties voortaan bij de resoluties te laten in sereeren nietalleen
maar ook met de reets gepasseert van 't gelijken sodanig te handelen, —
Ten op sigte der dienaren die in eenige nieuwe functie getreede, en egter
niet in staat geweest sijn eenige Cantie te stellen, heeft men voaorsComp:
intrest gesorgt door de voortloping van haare Soldijen, en degenerale
lijste hier van staat g'insereert bij resolutie van den 17:' Julij
deses Jaars:
wijders sijn de gesamentlijken administraties weder op nieuw
van alle onbequame goederen gesuijvert en men is onder het schrijven
deses alomme beesig met eenen exacten opneem, ten opvolginge van
uw hoog Edelheedens jongste ordre op dit stuk — van
de Hoofdadministratie in het bij sondere werd
eerbiedigst gemelt dat deselve nade komste van den secunde Beijnon
ten eersten overgegeven, en alle: redelijk weluijt gekomen is, egterseer
slegt voorsien van gewilde lij waten als sijnde van de soo hoog benodijden
witte guineesen en witte salmpoerissen niet een stuk ontvangen,
waar
enen
ontferm
a"
NL-HaNA_1.04.02_8023_0062.xml,"waar door dee sleet van de andere minder gesogte doekens van wij„
„nig belang is, daar te boven moeten wij uw hoog Edelheedens
in gunste voordragen het algemeen beklag over de toenemende
inkoops prijsen, en dat men op die wijse de Comp: in tijds
vervolg de tot hier toe behaelde fraaije advances niet salkon„
„nen blijven beschieken, buijten en behalven dat op de deugt
„saamheijt van het lijwaat in vergelijkinge tegens die van vroegere
Jaaren alvrij veel te seggen valt,—
Om redenen onder het Capittel van de klijne Cassa te verhandelen
is het sogenaam de suijker pakhuijs, sijnde een sufficant verwielf„
„sel van gekapte steenen tot de groote geld Cassa g'appropineert
voorsien van twee sufficante. deuren met vaderlandse slooten,
en tot meerdere securiteijt voor brand en in fractie de buijtenste
deur met koper beslagen, waar door de ongerustheeden van
verscheijde Jaaren dan ook nu ten eenemaal ophouden
Maan d' opwisselig van dtuijten wil niet sullederen want het
gebrek aan die kopere munt is tans soo algemeen, dat men om
daar van in het huijshouden voorsien te worden tegenwoordig
ruijm soo veel moeijte heeft als bevorens om deselve sonder opgeld
tegens silvergeldt trocqueeren, en daarom nemen wijdeswijnende
uwthoog"
NL-HaNA_1.04.02_8023_0063.xml,"uw hoog Edelheedens te versoeken, de voor weesmeesteren gedespiceerde som„
„ma van seven duijsend rd=s in schellingen en dubbeltjes te voldoen.
sullende bij dies ontvangst uijt onsen geld voor raad een gelijk montent
aan ropijen uijtkeeren het overige tot Chappitre betreckelijk
siet op de maandelijkse restanten, en desenthalven gedra„
„gen wions te vermijdinge van onnodig schrijvens, aan de laat„
„ste periodes van de besluijten sub 20: 9ber: 20:e Jann: 19: febr:
13:' Maart 18:e Appril 17:e Iulij en 15„e Aug=s Jongstleeden
D'artillereij word door eenen Jodocus Cornelisten
genoegen en met behoorlijke attentie waargenoomen, maar die man
te eerlijk omme door ongepermitteerde middelen van dese sorgelijke
administratie een ordentelijk middel van bestaan voor sig selve
te procureeren en egter ook van sijn tegenwoordige Gagie en kost
geld in dit akelige Banda niet konnende leeven, heeft uijt dese
hoofd meer dan eens versogt, om daar van weder ontslagen off anders
na Batavia gelicentieert teworde waar van hij egter nog wel soude
te devateeren sijn, in dien uw hoog Edelheedens hem als absolut
lieutenant met de daar toe staande Gagie ende emoleementen
mogten gelieven te bevestigen wij versoeken derders om eeni„
„ge bequame artilleristen want de dood heeft dit Jaar verscheijde
weggerukt
elen"
NL-HaNA_1.04.02_8023_0064.xml,"weggerukt en om daar teffens in quant en Qualiteijt te voldoen de ap
den eijsch vermelte 50: p=s affuijten met hare raders en verder
toebehooren dan den voorraad van buskruijd nog in 83600: lb
ruijm bestaand, hebben wij vermeend: genoeg te sijn dese keer maar 2:
â 3000: lb: tevorderen, en gaat van de proeve onder de bijlagen een
omstandig berigt over
Over de administratie van den Gewesen Opsien der Jan Wil„
„lem Koks /:wiens nalatenschap bij de Comp=s â ƒ 107:49: 8: genamp„
„tiseert, en na het beslotene op den 28: Jann: 176 alleenlijk eene
montant van ƒ 379:16: ter betalingen van de doodschulde
aan de boedel redderaas wolff en wacker daar uit aan deselve
afgelangt is / sullen wij onder het Cappittel van den belastingen
ons nader expliceeren maar wegens de 76: vaatjes beduurven
buskruijt gelieven uw hoog Edelheedens voor advis aantenee„
„men dat wij op den 26:' aug=s 1765 dus boedel daar voor met de gewone
percentos belast hebbende, naderhand door smansborgen instantie
gedaan is; daar in wat moderatie te handele, en de belastinge tesleke
op 50: percent advans, soo dat boven het restant der boedel gelden
â ƒ698: 3:8: nog ƒ778:7:12: door de laast genoemdent staan vol„
„daan te worden, om hier meede dese quadpost volkomen te liquideeren
het"
NL-HaNA_1.04.02_8023_0065.xml,"het historiaal van de Ambonse kruijd kisjes daarentegen moet
alweder door uw hoog Ed: direct gedecideert worden, want gelijk
wij in den vergangen Jaare gemelt hadden, dat de artillereij we„
„gens geduurige arpasselijkheeden door meerm: Raks met zorten en
stooten wierd waargenomen, soo moet sulks dan ook inde eerste
plaatse strecken tot eene verschoonbare reden waarom hij op den ont„
„fangst van dat ambonse buskruijt niet de uijterste accorratesse
betragt heefft, trouwens het berigt der gecommitteerde weegens, is
na de ordre uwer Hoog Ed: door den eenen b'eedigt, en door den an„
„deren met sijn intusschen g'exteerde overlijden in formant proban„
„ten gebragt voorts wegens de questie ter principalen uijt alle om„
„standigheeden met sekerheijt aftelijden, dat den artillerij op sien„
„der te ambon door sijn onvoor sigtig gedaag in het afweegen en af„
„scheepen der grond gelegt heeft tot de hier over ontstane disputen,
na het geene in onse resolutie van den 13:' maart 1766 werd be„
„weesen uijt die selfde reglementen, die men te amboina ten Con„
„demnatie van koks g'allegueert heeft terwijl dat wij nopens de door
uw hoog Ed: gevorderde elucidatie wegens den Lieutenant marcus Tim
alhier voor g'inghereert houden de korte oplossinge te vinden
bij resolutie van den 19:' februarij 1766:
de wappenkamer is na het dimoveeren van den ontrouwen
meesterknegt
nee„
gewone"
NL-HaNA_1.04.02_8023_0066.xml,"meesterknegt storm gekomen onder opsigt van eenen Iohan
Caspar Schwullius, en dese heeft getoond alleenlijk door uijl insigt„
te sijn veroorsaakt, dat die aangelegene plaats tot hetuijterste vere
geraakt is immers de eijgenste geweeren die men kort bevorens
voor onbequaam opgegeven en tee versending in een hook wegge smee„
„ten gehad heeft, tot soo verre dat selve demandelijkse gecommitteerden
derselver onherstelbaarheijt hebben moeten affurmeeren, sijn na„
„derhand weder voor die dage gehaald, en na verloop van eenige maan
„den ruijm drie quart uijt den hoop weder volkomen bruijkbaar gemaakt
sijnde voorn: storm over eenige ontbekte quijtereijen door de Justitie
tot gemeen ambagtsman gedeporteert en hiermede het eijnde berijkt
van sgouverneurs geduurige ongerustheeden over de wapenkamer,
alleenlijk worden uw hoog Edelheedens gebeeden onrenige bequaam
getallen herwaarts te senden, ten eijnde de saken op den presenten
welgereguleerden voel te doen Continueeren
voorts heefft men nade ernstige begeerte uw hoog Ed: den fis„
caal ter sittinge van den 19: febr: gedemandeert, omme
alle vigilantie aan te wenden, ter op speuringe van de konke„
„laars in Comp=s geweeren, edoch de saken waren tefijn aangelegt
omme de gesuspecteerdens met goed fondament in regten te konnen
aanspreeken en vervolgen, naluijd het fiscaels berigt bijresolutie
van"
NL-HaNA_1.04.02_8023_0067.xml,"61
van den 17„' Julij 1766 9' insereert staande wij voegen hier nog bij de
kragtige versekering, dat de slaven op de wapenkamer geplaats
tot hier toe nergens anders gebruijkt sijn geworden, als om te helpen
smeeden en de blaasbalgte trecke, egter is demeesterknegt g'ordoneert
dese dienstbaar in het slootenmaker en swaardveeger met de ge„
„ringste onderwijsinge te doen,
De Klijne dispens, de werff de Smits winkel
het Materiaal Pakhuijs en het quartier verschaffen
dit maal geene bij sondere stoffen ter uijtbrijdinge in desen wordende
de klijne winkel tans waargenomen op dien voet als uw hoog Edel
heedens in overeenkomste van onse voorjarige aanmerkin„
„gen hebben gelieven te beveelen ende sulks door den boekhouders
fredrik Hendrik Beijnon, die teffens ook aangestelt is
tot klijn Cassier, in steede vanden ontrouwen Harmanus
Dresser wij sullen hier met ophaalen van alle de argli„
stige handelingen die de laast genoemde op malkanderen
gestapelt heeft, om den gouverneur te mislijden te verstucken en te bedregen,
maar in de eerste plaatse gedragen aan het notulaire besluijt van den
3„' maij, nopens deredenen waarom hen die administratie niet
langer mogte worden toevertrouwt, en daen tweeden aan de re„
„solutie van den 17„' Iulij waar bij de saak in cortinentishandelt,
afgedaan
smee„
uaam"
NL-HaNA_1.04.02_8023_0068.xml,"afgedaan en de Comp: ter somma van ƒ 6870:17: gededomageert
is, alles gegrond op sijne eijgenhandige valsche opgaven, reekeningen
ende rendementee
En on nu te komen op het precursoire berigt onder de hoofd
administratie nopens de groote Geld Cassa soo hebben wij de kort bevo
„rens hier toe gedestineerde plaatse moeten gebruijken om de
klijne geld Cassa aldaar over tebrengen, wegens de in het begin van
de maand november gepleegde dieffstal met violente in fractie
waar van de omstandigheeden breedvoerig beschreven sijn in drie
bij resol: van den 20: 9ber: 1765 ingelijffde berigten, men heeft tot on
deckinge van dit geweldadig bedrijffpaal moeijte aangewend, maar
alles te vergeeft en vervolgens het gestolen ter somma van 740: rd=s
na een door den voormaligen Cassier gepresteerde eed laten afschrijven
van de maandelijkse restanten werd aanwijsinge gedaan in de eij„
„genste resolatien die ten opsigte der grote geld Cassa geciteert sijn, en
de tegenwoordige schickingen omtrent dese administratie verhoopt
men te sullen sufficieeren tot wegneminge van alle verder
ongerustheeden, immeers soo lange men met een eerlijken Casser
te doen heeft want anders blijfft een gouverneur bij voortvarentheijt
de dupe vande historie, alhadde hij argos oogenen salomon wuijs lijt
van de Generale Contra cassa reekening subult„ ug:s 171
die herschikt, en in sodanige ordre gebragt is dat uw hoog
Edelheedens"
NL-HaNA_1.04.02_8023_0069.xml,"63
Edelheedens deselve als nu voor een deugdsaam papieren kon„
„nen accepteeren, werd mentie gemaakt ter sittinge vanden
20„' 9ber des vergangen Jaars, met aanwijsinge dat om alles
te vereffenen alleenlijk resteert de post van eenen Jambroes ter
somma van ƒ198:—: die ook in het boekjaars 176 5/6. voldaan
sijn ten belange van de hier toe op sigtelijke nadere reekening sullen
wij maar in traalite meldie dat soo vEel den gouverneur bij de
aangetekende ordonnanties en Cassiers reekeningen ter loops
heeft konnen beschouwen, het daar ende vansgelijke op een goede
voetstaet, sullende dit papier na Macassar volgen, indien den
opstellen daarmede tegens die tijd kan klaar komen:
wegens het Hospitaal passeert den nedrigen eersten tekenaar
met veragtinge het vilain gedrag van den overleden opper„
„meester Zeegers, als bij inde eene bandase Gewoonte en welda„
„den met lasteringen te b'antwoorden, de dood heeft en eijnde ge„
„maakt van de ergernisse over sijne onordentelijke handelingen
en omtrent de sieke, en omtrent de hen toegevoegde Comp=s slaven
blijkens twee onder de bijlagen tevindenen en bij resolutie vanden
28„e Januarij aangehaald rapporten vande buijten regenten men
heeft in desselfs plaatse gestelt eener Carel Siebregts maar het is
te dugten off die men het lang sal goed maken wegens sijne toenemend
swaakelighaams"
NL-HaNA_1.04.02_8023_0070.xml,"swaakelighaams dispositie daarte boven laboreert de opperchirurgijn
van het Casteel aan allerhande Corrupties, en dus soude in Casian
mittehopene sterfgeval dese provintie een Groot ergrieff vaon„
„den toegebragt, temeer van de aanwesige ondermeesters mit eene
door onkunde en de banckesijts toete vertrouwen is, mitsdien
in alle nedrighijt versoekende dat uw hoog Ed=s nog een bequaam opper„
„chirurgijn gelieven herwaarts te sende al wat het ook maar om na
het exempel van den Jare 1752 als visitateur van de buijten
posten voor eerst g'emploijeert te worden, en daar door een
„gekennisse te krijgen van de tans sterk grasseerende landsquaalen,
de resolutie van den 18:' april doet aan wijsinge van eenige
noodwendige redressen in het siekenhuijs en de onder de bij„
„lagen tevindene notitie van den negotie overdrager vervat
alles wat in het boekjaar 1756. aan den hospitalier verstrekt
is geworden met aanwijsinge van de prijsen daar voor aan
de Compagnie betaalt met de sieken heeft men het dese heer
seer ongelukkig getreffen, in weerwil van alle toe„
„gebragte ververschingen, Commoditeijten als ander sutt
de grond oorsaken hier van worden ten principalen
toegeschreven aan de guarde dampen en uijtbraakselen
van den vuurberg, en gevolgelijk dan al weder een klareblijken
van"
NL-HaNA_1.04.02_8023_0071.xml,"65
van de sorgelijk toe stand waarin het ongeluckige eijl ande
Neijra fluctneert daar te boven is het guarnisoen seer ver„
„swakt door de g'exteerde sterffens, als sijnde sedert primo
September 1765 tot ult„o Julij 1766 overleeden
1: Predikant
1: ondercoopman
1: Capitain lieutenant
1: Commandeerende Sergeant
5: sergeanten
2: Corporaels
1: pijper
77: Soldaeten
1: hospitalier
1: boekhouder
1: onderstuurman
1: oudermeester
1: Cansuier
2: quartiermeesters
28: mattroosen
2: Cuijpers
„2: bosschieters
2: Smits
1: Copperslager
1: Glasemaker
1: huijstimmerman
."
NL-HaNA_1.04.02_8023_0072.xml,"1: blockemaker
1: koster en
1: baas metselaar, te samen 136: koppen bedragende
van de Collegies in het algemeen, sowel als de gesa„
„mentlijke burger officieren designeert onse resolutie van den g
februarij de daarinne gemaakte noodwendige veranderingen
en met aanschouw op
den Raad van Justitie, in het bijsondere die is ook val
„komen in staat gestelt, om de waartekomen saken door va tal„
„ligheijt van heeden na behooren te decideeren de paeale ardres uw
hoog Edelheedens schijnen ten uijterste noodsakdelijk geweest te s
nademale sedert dies ontvangst ende excutie de fiscael in
sijn ampt niet meerder ernst ende attentie komste ageren, en
gelijk de aplettentheijt van een president hier toe al wrij veel kan
contribueeren soo vertrouwt men dat de Iustitieele Saken
voortaan minder stoffe tot reproche ende misnoegen sul„
„len uijtleveren, als inde drie laatste Jaaren door onkunde
en Caprices maar alteveel geschied is wij maken op dit Chapita
medegewag van de ter sessie van den 18:' april besloten
waarschouwinge aan den poothouder te Rosingain, omm
een"
NL-HaNA_1.04.02_8023_0073.xml,"11
een wakendrog te houden op de ginter geplaatst banditen en 9:
wij versoeken uw hoog Edelheedens derselver toenemende getal
tewillen in Consideratie neemen, ter voorkominge van onheijle
in der tijd,
In de weeskamer is weder tot president aangestelt
den fiscaal Fauchereau, en niet alleen dat men haar Eerw:
per extracte heeft verwittigt van de door uw hoog Edelheedens toege„
stane tempareele relevatie van te betalene renten op seker Capin„„
„taal groot 27505: rd=s maar ook soo sijn de reets betaalde rd=s
2063: 43: 8: aan deselve uijt sComp: klijne Cassa gerembourseert,
anders valt dese keer van dit Collegie niet temelde, uijtge„
„sondert de vertoning van den staat der pupillaire en andere
gelde, te leesen bij resolutie van 17: Iulij 1766:
onder de Kerkelijke saken komt in de eerste plaatse
voor het tedoene onaangename berigt dat den braven pre„
„dikant Heijneke op de Suijdwester togt overleeden is, na
vooreff in de maleijtse taal gepreedikt en 19: Jonge kinderen door
het sacrament des H: doops de Christelijke kerke ingelijff te
hebben van het genoege dat uw hoog Ed:s over smans goede
voortgang"
NL-HaNA_1.04.02_8023_0074.xml,"voortgang in die tall hebben Gelieve te betuijgen heeft men den
eerw: Grimmelius verwittigt en G'adhorties, dat loffelijke
spoor met lust en ernst op te volgen, gelijk door hem ook be„
„looft is seer gaarne te sullen nakomen, soo dra hem nog
een Collega soude sijn toegesonden te verligtinge in
den algemeene dienst:
Bij sittinge van den 28„e Ianuarij is gedisponeert diverse
voordagte van den kerkenraad maar de adjudicatie van 22 mama
gagie aan den Leermeester Abraham Pieres, sijnde den tijd dat
hij op aroe door de agterlandse volkeren ingevankenis gehouden
is hebben wij niet durven op ons neemen op ons neemen, en
nog minders het uijtekerene so genaamde losgeld van hondert
rd=s egter niet belofte sulks uw hoog Edelh:s te sullen voordragen
De door uw hoog Ed: goed gekeurde middelen te ver
„meerdering van het Neijrase Kerken fonds blijven
staand houden en sullen indertijd aan de verwagtinge
Compleet voldoen na de hier aff te b'ogene preuves in
de kerkrekening van 176 /6 aan wijsende dat de gewone
Geregtigheeden"
NL-HaNA_1.04.02_8023_0075.xml,"69
geregtigheeden hebben beloopen rd=s 220:—: de collecten s rd„s 40: 40:8:
de boetens is 365: 4: —: en de liefde giften rd=s 90: offte met malkanderen
rd=s 816: 32: 8: hier van nu afgetrocken de ordinaire lasten
van Costersloon W„a â rd=s 147: 2: dan heeft dit godhuijs gepros
„pereert een montont van rd=s 669: 30: 8: die gevoegt bij het restant
onder ult„o aug=s 1765 â rd=s 1976: 34:-: heeft men hier uijt in
mindering van 'sComp=s verschot afgelegt de somma van
2000: rd=s en dus beloopt het resteerende de bet nog 290: rd„s
terwijl dat de kerkenstaat op sig selve beschouwt komt te„
bedragen rd=s 18095: 16:8: daar van rd=s 146: 16: 8: aan Contan„
„ten 4050: rd=s aan schepen kennissen, jtem rd„s 13899:-: over
het vernieuwde godshuijs, Consistorie en Casters- woning -en
aangesien weesmeesteren soo wel als diakene nietten vollen
behoeve de door uw hoog Ed=s bepaalde Jaarlijkse somma van
7000: rd=s voor den tijd van vijff Jaaren, dat alle intresten moeten
blyven stilstaan, sonder dat de kerke van Neijra
onder de distribatie van dien begreepen is, in weerwil van
het evidente gemis der renten â rd=s 328: - per annam op
de voortlopende schepenkennissen soo werd aan uw
hoog Edelheeden op het eerbiedigste voorgedragen hier in eenige
veraanderinge"
NL-HaNA_1.04.02_8023_0076.xml,"veranderinge ten goeden tewillen maken en voor die
stilstaande intrest uijt het voorsz Capitaal soo veel toete
leggen, gerekend sedert primo 7ber: 1763 tot ult„o aug:
1768 als deselve na hare hoge wijsheijt sullen gelieven goed
tevinden,
Aan Diakenen heeft men bij sittinge van den 28„e Jann:
Permissie verleend, ter afgave van sekere slavin aan de ge„
„trouwde weesdogter Algita Nassauw, als sijnde dese meijd
aen deselve pertestament vermaakten door een verkeerd
begrip van die broederen ten onregten aangehouden, appreeteit
dat het regt van naastinge het weeshuijs soude Competeeren
Naderhand off wel op den 10„' april is onder het oog gekomen
eene onbevoegde handelwijse van diakenen in het uijtselten van
gelden, en datse onder andere tegens het oude gebruijk
boven het hijpostheeden geene borgen hadden latten stellen bij se kere
schepenkennis van den 8: maart 1765 mieni heefftb hare toenmaals
ook gedemandeert hier van redene tegeven, maar sijhebben
deselve tot hier toe niet willen Suppuditeere en tot een nader staats
van haarlieden willikeurige gedoentens staat bij resolutie vanden
huijus"
NL-HaNA_1.04.02_8023_0077.xml,"11
hujis aangetekend, dat bij de op den 17„' Iulij bevorens inge„
„diende staatrekening der armen middelen onder de debiteuren
gevonden word een post van 500: rd=s tot lasten der erffgenaame
van Iohan Lodewijk Marlie Cassimier, daar nogtans volgens
geroijeerde schepenkennisse in daar onder gesteld quitantie alop
den 10: September 1765: met de diaconen verrekend ende geligqui
„deert is geworden daar entegen heeft men die broederen toeseggen„
„ge gedaan van de ter resolutie van den 28: Ianuarij vermete schol„
„boeke voorts op den 17: Iulij toegestemt diverse voorgedragene
nieuwe beleeninge en dus eijndigen wij dese materie met de
korte bij voeginge dat de generale in koomsten van 1767/6 ge„
„monteur hebben rd=s 3041: 4: 8: de uijtgaven rd„s 3241:9:—:
en het voortlopende Capitaal rd=s 62695: 31:8:—
van Commissarissen van klijne saken benevens
de onbekende weesen valt dese keer niets temar„
„queeren, maar dit konnen wij niet seggen van
Den gewesene Curator adlites van Renefse want op den
19„e febr: gedelibereert over het requisiet uwer Hoog Edelheedens
ten sijnen op sigte, heeft de tans fungeerende g'uarnisoerboek
houder"
NL-HaNA_1.04.02_8023_0078.xml,"houder bij eene distincte en ten sitting van den 1' huijis ingelijfft
memorie aangetoond door hema ten behoeven van diverse na„
„latenschappe nog te moeten verantwoord: worden de somma
van rd„s 838: 25:—: edoch om ons desenthalven ingenie de batten in
telaten is hem aangesegt, over die talmagtige liquidatie bij uw hoog
Edelheedens direct temoeten verantwoorde de presente Cura„
„tor adlites betoond voor sijn aandeel meerdere oplettenthijt, en
heeft nade opgave van den Cassier Beijnon nu kortelings be„
„taalt een montant van rd„s 114: 10:8:
van de sequester belijff stand houde de bij voorjarige ad„
visen gedaan fondamenteele klagte van den Gouverneur dat bij ver
sterff verplaeting den eene den anderen intraagheijt enattnte iet wel
verbeteren, en staat over sulks nitte verwordere dat de presente
Justitieel secretaris van Lingen het sij door onkunde het sij door
moetwilligheijt Continueele ergernisse komtte verwecken, ten
principaale hier op sturende dat de applicatie van Corrosire
middele den gebieder op nieuw soude doen vervalle onder
de verdenkingen van eene straffen de spoticq bestier, altans
van de voldoening aan het politicque besluijt van den 19„e' febr:
1766"
NL-HaNA_1.04.02_8023_0079.xml,"73
1766 wegens drie daar bij aan hem opgedragene Commissies is op den
8„e aug=s daar aan na verschijde voor afgegane aan porringen ende
dreijgementen maar een gedeelte gepresteert, namentlijk het
in palmen van 160 7/6 rd=s over betaalde en door uw hoog Ed=s gedies
approbeerde rekeningen uijt den boedel van Cederwal deontbree„
6
„kende rd=s 59 7/24 souden op Amboina moeten ingevordert
worden van de aldaar removeerende soon van de Chineese
weduwe oen Soengnio, en versoekende om van Batavia defent„
halve deministers ten voorsz Gouvernemente het nodige te
wille aanbevolen, noteeren wij verders dat meerm: van Lingen
bij resolutie van den 15: ujus gelast is de twee nog onvoldane
Commissies sonder langen dilai te volbrengen, in voegen sulks
meede in ernstige termen gerecommandeert is aan de Justitieele
leeden strup en Ianszon, als eene Sequeele der politicque
resolutie van den 17:' Julij 1765.- die volgens opgave geen
effedt gehad heeft door de versuijmnisse der secretariale bedienden
van die tijd, om het nodige extract ter behoorlijke plaatse tela„
„ten besorgen, een voor wendsel van d' eijgenste natuur
werdingebragt door den gewesen p„l fiscaal van Penesse,
ten belange van het indato eersten Maij 1765: gevorderde
maar nu eerst ingediende berigt over de nergens t ontdec„
„kene blijken van het geene den Overleeden Se que ster Thiele
in"
NL-HaNA_1.04.02_8023_0080.xml,"in anno 1761 na Batavia had geschreeven nopens der„s 340.
die in dese provintie ten voordeele des boedels van seene Ciderwe
nog uijt stonden om evenwel diergelijke en veele andere dagesj
voor vallende slordigheeden te doen Cesseeren en uw hoog Edelhee„
„dens door het uijtstellen van derselver veel g'agte ordres, geene san
„dere misnoegen te veroorsaken soo soude het voor een
sekere tijd wel nodig en noodsakelijk sijn de dienste van
eerste Clercq van Politie en Secretaris navoorige exempelen
te splisse, aangemerkt door een Continueel beroep op de
Justitieele besigheeden het eerste Clergschap ten eenemaal
word verwaarloost, —
de Confiscatie reekening is na het verhandelde bij
resolutie van den 20: 9ber: 1765 bevoordeelt met ƒ 96:-: over de Cale
„latoir waarde van een den vermoorden bandiet Douglasta
horige een door den regten de Comp=s toegewesene maenslaaff over
„stappende tot het articul van —
„
S Comp„s Damainen, is in de eerste plaats
noodsakelijk om uw hoog Edelheedens te versekere
dat den pagter van de basaar wel op een wettige
wijse tewerk  gaat, maar dat er verscheijde ingesete
sijn"
NL-HaNA_1.04.02_8023_0081.xml,"„5
sijn die op een onwettige wijse wijgeren de gestateueerde betalin„
„gen te presteeren, en dat den ondergetekende Gouverneur te
ontwijkinge van nieuwe hatelijkheeden die man meer dan eens
te vreeden gestelt heeft in voorvallen dewelke den fiscaal derect
hadde behooren aftedoen, met den eerst genoemde daar omtrent nade
billijkheijt te mainteneeren de pagt penningen van 1765 sijn tenvolle
vereffent, en heeft dese pagt bij weder op veijling behaalt de som„
„ma van ƒ1713:12:—: dan met aanschouw op het requisiet der Edele
hoog agtb: heere Majores, om de in en uijtgaande regten van sge„
„lijken te verpagten, en tot welke eijnde ter sessie van den 18„' april
1766 de twee oudste leeden van politie op gedragen is het Conci„
„pieere van Sodanige Conditien als met het intrest vande
Comp en het ware belang van de ingesetene mogten bestaanbaar
sijn, omme na sulks door de gesamentlijke leeden hier op al
mede g'adviseert, ende goedkeuring van uw hoog Edel
heedens, afgewagt te worden soo is eer wijnig lust betoond het
beslotene natekomen, alweder tot nadere bevestiging van
deij verloosheijt in den dienst vande Compagnie, na het geene
twee bij resoluties van den eerste maij en 19:' Julij 1765 teleeden,
„ne notabele Commissies omtrent de taxatie der specerijlanden
en
al"
NL-HaNA_1.04.02_8023_0082.xml,"en de beveijliging van s Comp=s effenten nog alklaar der bewijsen,
Meerder genogen sullen uw hooghd=s onses exagtens komen te
scheppen inde nu optenoemene verrigtingen onder den titul van
Fortificatie Timmeragie en Reparatie, uijshaen„
„rende, en wij sullen hier aller Collective stellen om door afgebrokene
relasen in het besoigneeren geene hindernisse te canseeren,
dus melden uijt en reguarde
Van Neijra
dat het nooten huijs van binnen overal vernieuwt is, de onderstemund
„gie tot draginge derbalken volkomen herstel, en verders
ook van buijten alles geheelijk gerepareert benevens een Commo„
dien steene hok tot berginge der stuckende en G'infecteere noten:
dat de nieuwe passer almede voltooijt en de nodige appartementen
soo voor den pagter als bassaart oppsiender voltoijt twe senden
wijders derengmuur van sComp=s slaven quartier, ter kircon„
„ferentie van ruijm 1100 voeten weder op gemetselt, de paarde
stal van de grond off op gehaalt, en aan de woning van
den oppermandadoor alle Capitale reparaties. haar beslager langt
hebben, —
Dat"
NL-HaNA_1.04.02_8023_0083.xml,"77
Dat de woning van den schaffbaas weder logabel gemaekt,
een geheele zij muur op gemetselt, de kamers gerepareert, de in
gestorte ringmuur van ruijm 200: voeten van de grond aff op
gehaald het ontbreekende aan het nieuwe hospitaal valtooijt
en een ruijme Combuijs voor de sieken aangebouwt is
geworden, —
Dat bij het hoornwak voor Nassauw een nieuwe gragt en
sluijs gemaakt, een lang gedeelte van de ingestorte Gragts muuren
aande noordhoek weder op gehaalt, voorts de boven vloer van het
Kruijt maguasijn ten Casteel Belgica in het Centrum 16=en hooger
gemaakt en met Cement sodanig voorsien is geworden dat Geene
inwatering meer te dugten valt, sijnde de soldaten Combuijs
van sgelijken herstelt en de Justitie plaats van sijne gebreeken gere„
„pareert:
van het hogeland.
dat de redacten Celamen Denter van nieuwe daken voor
„sien, alhet overgeblevene inlandse houtwerk tegens Jatij
verwisselt en de gedevaliseerde muuragies totalder ge„
„repareert sijn, wesende Lacquooij alleenlijk
verlaten verdekt,—
Van
ene
,
en"
NL-HaNA_1.04.02_8023_0084.xml,"van Waijer
dat het nootenhuijs soo veel het hout werk belangt ten eenemaal van
„nieuwt, en de onderste muragies volkomen gerepareert sijn
benevens het rijst pakhuijs, de combuijsen andere klijne ver„
„trecken voorts het onvolmaakte fort aldaar op de drie besk:
„ons voorsien van goede borstweerings, teffens ook op gemetselt
met een dwaas afgesmoeden Sijmuur de Courtines tegen arn
het nooten huijs, daar anders de vierde bastion geplaatst melte sijn
geworden dan nog een steene trap voor het volk, om niet ge
„noodsaakt te sijn door de wooning van het opperhoofd nabosa
te klimmen,: in voegen het Canon nu ook binnen geplaatst
is, en bevijligt voor de baldadigheeden der passanten,
van Poeloaij
Dat de noord courtine met de poort van de grond opgemetselt,
de fondamenten dieper ende in gestorte muuren dieker gemaakt
sijn een gedeelte vande borssweering aan de suijd oost Courtine en
bastion almede weder opgehaalt, alle de overrige bij verschijde rap
„porten aangehaalde Capitale scheuringen oopengekapt en niet vert
dingen geremedieert, de beddings en vloeren herstelt, de opbalken
berustende vier sware scheijmuuren in de opperhoofds wooning
afgebrooken"
NL-HaNA_1.04.02_8023_0085.xml,"79
afgebrooken planke schotten in de plaatse Gemaakt, d' ingestoote com„
buijse, gemaakhuijsen en sijmuuren weder opgebouwt, de solders
deuren en vengsters vernieuwt, sijnde men Onder het schrijven deses
beesig om het nootenhuijs, van dak, schotten, vloeren onderbal
„ken &„a ten eenemaal op nieuw te voorsien, en uijt dit waaragtige
detail sonnenklaer te beschouwen dat men niet alle magt in het lakere
geweest is om uw hoog Edelheedens in de spoedige absolutie ders
aanbevolene werken genoegen te verschoffe de prijselijke arbeijd vanden
architers Dulez kan dan ook niet onaangeroerd gelaten, en daar
op gerustelijk versogt worden eene Goedertierne adjudicatie van
sijne te doene Sollicitatie bij een onder de bijlagen Overgaande re„
„quest temeer de intusschen g'exteerde verandering sijnen fami„
lie saken hem bevroogen hebben van de reijse na Europa aftesien,
in dien hij hier te lande eenig verderen- welgemeriteert hoger en
„ploij konde verwerven wij vervolgen op dit Chapitre. dat door
de aangehaalde verrigtingen het boekjaer 176 7/6 het laatste sal
sijn daar sulke swarelasten moeten vertoond worden, en egter ver„
„trouwen wij dat deselve meerder ingres zullen vinden dan
dat men om quasi mindere bouw gelde op te brengen, met
een handje valvolk g'arbeijd, en daar door het generale werk
nog een reeks van Jaaren verlengt hadde de Leverantie van Kakkan
is"
NL-HaNA_1.04.02_8023_0086.xml,"is alomme opgeregt en de huurlingen sijn tot den laatsten matt toe
afgedankt, want het geens nu nog behoort gedaan te woorden bestaat al„
„leenlijk in de vernumorien van eenige sake en waangster raamen
waartoe deribben, latten en paaren tans op den eijsch vermalt staan„
en die almede bereets voor het grootste gedeelte souden g'ab:solveert gjn
indien men door het blijve der scheepe niet van de benodigde matriale
ontrieff was geworden intusschen konnen wij ampetshalven niet na„
„laten uw hoog Edelheedens op nieuw in bedenkingen te geven
het geene in den vergangen Jare wegens hollandia en de logie
voorgedragen is, de kosten sullen soo excessieff niet vallen
en de tegenwoordige criticque gesteltenis vereijsch betijds op mid„
„delen bedagt te sijn ter beveijliging van volken goederen, wanneer
den Allerhoogsten sijne oordeelen in granschap over het nare eijland
onse bewooninge mogte willen uijtstorten, als moetende het
aller verstokste herte vernieuwt worden op het verbasende gesigt
der vuurige materis, die sonder op houden en bij dagten bij
nagte van de opperste kruijn als een sterk vlietend weten aff„
„rollen, en wel met een geruijsel het gehoor ten eenemaal belem„
„merende
van de klijne vaartuijgen en derselver emploij doet
den"
NL-HaNA_1.04.02_8023_0087.xml,"„1
den werff op siender een: pertineit verslag bij het onder de bijlagen
tevindene berigt van de Ongeluckige togten die deselve doorgaans
doen is in onse voorlopen bereets het nodige aangehaalt en men ssal op
die wijse welgenoodsaakt sijn haar ten afrhaal van specerijen niet
langer teemplojeeren, buijten en behalven dat sulks met meerder gerusteijt
per orembaaijs kan geschieden wanneer men sorgedraagt voor lec„
„kagie en datter steets goede preesinnings in voorraad sijn
de pantjalling de parelis in dato 24:' Junlij na ambon gesonden
ten afhaal van rijst, en de op den 31 Julij van daar over de suijd
wester eijlanden gereverteerde pantjallang derog weder ten
eersten derwaarts gedepacheert maar de Chialoup d'agata
Susanna wegens onherstellaarheijt na het besloten op den 17„'
Iulij publicq verkogt op conditie van totale slopinge en de
gemeijnt door Kontenberg voor de somma van rd=s 110: —:—
egter met recommendatie aan voorn: vandorck om de daar
bij gehorige equipagie goederen moeten verantwoorden
daar entegen sal de helena, die almede seer gebreckig
worden een onderwerp van geduurige reparatie is, tegens
medio September na Maccassar reijs vorderen, ten
overbreng
land"
NL-HaNA_1.04.02_8023_0088.xml,"overbreng van sodanige papieren als met de stant vaslijkge
niet overgaan, en om dan van daar met een lading padij te
„rugtekeeren voor het overige versoekende ons gouvernement
net twee hegte pantjallangs tewillen assisteeren
wegens den inkoop van huijselijke benodigtheeden gedran
„gen w'ons aan het geene het hier na te volgenen verslag van den handel
bevat, en om uw hoog Edelh: jongste ordre op dit stuk naden
letter te volbrengen soo sal men voortaan van het intekopene
ten vergadering exacte lijste laten produceer, ten eijnde sove
over de benodigheijt als de prijsen het nodige ten meesten voer„
„deelden maatschappij te beramen maar dewijl op de lampolij mit
aftekingen valt soo gelieven uw hoog Edelheedens ons door aan
„dere Canelen: daar van te gerieve, sijnde van Java mits outvan„
„gen, en van Ternaten maar eenige hondert kannen en w
belangt de gelicentieerde verkoop van vaderlandse provisien
soo staat alleenlijk aantemjken dat er nu en dan wel een
„ge particulire versoeke tot dien eijnde gedaan sijn, dan
de verbeeldinge dat sulks soude mogen geschieden in koopsprijk
'tgunt wij geoordeelt hebben ons niet te weesen gelicen„
tieert
onder de
Jn"
NL-HaNA_1.04.02_8023_0089.xml,"83
In en afschrijvingen: stellen wij voor aan het besluijt vaaden
20: 9ber: 1765 ten afschrijvingen van een sware dreg, met 60:
vadem touw, benevens nog een dreg met een heele ijsere tros uijt
de equipagie van de helena, het eersten op den 25: Junij op de
Suijdoosthoek van poelobabie en het laatste den 8:' Iulij op
de rheede van wettenr volgens b'eedigde verklaring onver„
„mijdelijk geweest sijnde dan een gelijk standig besluijt
van den 28„e Iannuarij 1766 wegens sekere na vermoeden on„
„der het laden vermiste soekel foelij heeft Geen gevolg gehad,
uijthoofde vande door UW hoog Edelheedens gedaene goed
gunstige advertentie, dat bij ontlossing van de standvastig„
„heijt het in de factuur aangerekende getal soewels rijtig
wat uijt gekomen
wij hebben verders ten evengecteerde sittinge moeten
treede tot eene tweede afboekinge van een dreg en een
halff Cabeltouw, op de voorsz ongeluckige pantjallang
bij een nader togt onder het land van adenare verlooren,
en met b'eedigde atteste gecorrobareert, maar met be„
„trecking tot de memorie van spillagie in de gesamentlijke
administraties
-"
NL-HaNA_1.04.02_8023_0090.xml,"administrateur geduurende het boekjaar 176 2/5 is aan de
negotie bediendens ten selve dagen verwittigt daarom„
„trent in alle op sigten temoeten handelen na de reglementen„
sonder meer.
Het articul van belastingen ende Ontheffingen,
door het volhandigen werk ten negotie Comptoir maar ge„
dieltelijk konnende verhandelt worden, nademademalen
de bevindings op diverse getransporteerde administrateur
nog niet ingediend sijn egter inhoope dat deselve over„
Macassar sullen konnen volgen, soo alle gedune wij
aanvanglijk onse resolutie van den 20. fber 1765 vol„
„gens dewelke den ontrouwen Siekevader Bastiaan
Veldhuijsen belast is voor het uijt koops bedragen
van 29: door hem te soek gebragte deekens, men heeft
ten eijgens ten dage op reekeninge van den Stuurman
Ambrosius Bang gestelt het uijtkoops kostente
van 670: lb rijst door hem bij transport van ses
lasten na poeloaij aldaer temin uijtgelevert, en
—
vervolgens:"
NL-HaNA_1.04.02_8023_0091.xml,"1
Vervolgens bij nadere sitting van den 28„e Iannuarij deses
Iaars den Curator adlites g'injungeert, uijt de nalatenschap
van den stuurman Hans decker met de gewoone percentos
in sComp:s Cassa te betalen sodanige equipagie goederen, als
bij de toenmaals ingediende maar niet voor valabel erkend
onderhandse verklaring vermelt staan, invoege sulks
tot lasten vanden quartiermeester Ian Ioost Tootman
mede plaatse heeft gevonden, ten regaarde van verscheij„
„de niet verantwoord klijnigheeden op de pantjallang de
Parel, egter met afschrijving van twee cabeltouwe en een
swaare dreg, op fondamentte de door den werff op siender
vander donk gesuppediteerde redenen, na het geene
de besluijten van den 13„e maart en 17: Iulij breed„
„voerige behelsen,
Op de Negotieboeken, van 76 7:is de belans
den 28„' Ianuarij overgelegt, de beneeminge van Con„
„frontiste ten eersten geschied, edoch door allerhande
in conveniente met het laatste niet voor den Eerste
hujus gedaen werk gekreegen haar berigt staat
ter
tan
„"
NL-HaNA_1.04.02_8023_0092.xml,"ter sittinge van den 15„e aug=s g'insereert, en op di va
„se daar in aangehaalde posten van debet en Credi
hier na het nodige sullende advanceeren, maken
wij voor aff gebruijk van de aldaar te vindene. Generale staat
reekening, ten blijke dat de lasten van 176/5. hebben geme
„teert ƒ10094: 16:8: ende winsten daar entegen ƒ 8469:5: 8
dus de laatste afgetrocken van de eerste aan neerdere la„
„ten ƒ92525:11: voorts vergeleeken tegens het boekjaer 1764
ƒ24898:14:—: meerder aan lasten, dog teffent ƒ 35185:4:8: aan
meerdere advances, gevolgelijk tusschen bij den een nadelij
verschil van ƒ10286:9:8: mitsgaders bevonden nog gebon„
fronteert tegens de memorie van menagie ƒ 2594:6:8:
aan lasten boven jtem ƒ1530: 14:8: aanwinsten benes
de Calculatie deredenen door de Confrontistem. na
pens de onvermijdelijke vermeerdering van ƒ12781: 4:
aan ordinaire ongelden sijn ten vollen gefundeert,
en het kan geene tegensprake veelen dat de memorie
van menagie in dit stuk alte nauw bepaalt, Jaab sc
onuijtvoerlijk"
NL-HaNA_1.04.02_8023_0093.xml,"87
onuijtvoerlijk is, wij wegen daarnog bij dat deverwisselin„
„ge van alhet onbequame artillerijs goede bestaande in
affuijten en rampaerde na deboeken ƒ8374:16:8: bedragen
heeft en dat sulks dan ook nader bevestigt once protestitie
van de voorgeschrevene bepalingen niet te konnen op volgen,
sonder teffens in den dienst eene grote verwaering ende
verwaarlosinge te doen resulteeren, als sijnde alle menage
geen voordeel, in sonderheijt wanneer een gebieder quasi
om hier in eeniger mate te beliven bij het begrip blijff
het sal mijn tijd wel uijthouden
altans door dese valsche grondregel sijn de saken van
de Compagni sedert het depart van den Edelen heer de
klerk seer gedevaliseert, en hier uijt is vervolgens op
de bij gekomene brouillenis na het politicque ministerie
sulken generaal verval ontstaan, dat den ondergetee„
„kenden gouverneur het onaangename lot getroffen heeft
de staatrekeningen Iaarlijks te sien toenemen in lasten en
ongelden, om alles weder te restaaneeren, waartoe de soo hoog
aanbevolene absolutie van verschijde nieuwe werken en
de
eese
Not
ab"
NL-HaNA_1.04.02_8023_0094.xml,"de herbouwing van het geene de vreesselijke aarbeving
van 1763 verwoest heeft al vrij veel gecontribueert hebben wij
gebruijken dierhalven de vrijmoede ter uijtwining van veele
onnodige vergelijkingen van uw hoog Edelheedens
te versoeken, dat in het stuk van de calculative lesten
alleenlijk maar met een regel mag genoteert wor„
„dende inde radicale beschrijvinge van den Jare
1756 gestelde Somma van ƒ166000:—:—: soo in overeen
komste van het geene onder de bandase materie bij pa„
„triase missive van den 10: 8ber: 1758 vermelt is als
om op die wijse eene gepaste over eenstemminge te vinden
tusschen de gegiste en wesentlijke lasten gelijk dat in
tijds vervolg van een weergeloos succes
sal sijn door het observeeren van uw hoog
Edelheedens Iongste beveelen, met aan
schouw op de slaven guastos en abu sieff
berekende hoge soldijs opgelden
In de tweede plaatse staat wegens
dewinsten van het boekjaer 176 2/5
antemerken, dat wij nog wegens
de"
NL-HaNA_1.04.02_8023_0095.xml,"31
Guitton
de belasting van
nog wegens de afgeschrevene
goederen van Wiltrijk
die verandering heb¬
ben konnen merken
die uw hoog Edel heedens
laast gevenereerde mis„
„sive bevatten maar
dat de hier toe op Sigtelijke
redresse is het boekjaer
176 5/6 naden Lasten sul„
„len volbragt worden
hebbende men voorn:
Guitton over Specerijen
uijtkoops moeten debiteere
nademale onse handel
uijse inder sake van
Aan Sorg"
NL-HaNA_1.04.02_8023_0096.xml,"Aan Sorg omtrent de
inkoops bereekende noo„
„ten gedis approbeert was
het heeft ons onder wijle
tot de uijtterste satisfac„
„tie gestrekt dat de betoonde
eerst tot melioratie vanden
handel bij uw hoog Edel
heedens volkomen
g'ageert is, en wij durven
op ons woord van een
versekere, dat alle
mer Cautile middele
steets betragt worden
hoe wel het gewis der
doeken die na de eerste
memorie"
NL-HaNA_1.04.02_8023_0097.xml,"93
memorie van menagie
hier de meesten winste mae„
„ten af werpen hier inne
grote hindernisse toe„
„brengen, en ons ###d,
saakt met de verkoopinge
van minder gewilde Lij¬
waten eeniger maten de hand
teligten ten eijnde deselve
niet weder Jaaren Lange
in de pakhuijsen opgesloten
te houden het generaal ren„
„dement van 176 4/5 is bij reso
„lutie van den 15„e hujus
tevinden, en daar uijt
te beschouwen dat in weerwil
van"
NL-HaNA_1.04.02_8023_0098.xml,"van de magere advances
op de soo slegt geconstitu„
„eerde goederen van het
ongeluckige Schip
WilStrijk, op de Corman
„delse gewoonnen is 52:
op de bangaalse 52: op
de Souraatse 41: op di„
verse andere articule
82: in op de rijst 12: ten hon„
„dert ofte over het geheel
gerekend op ƒ 96377:12:8:
inkoops ƒ 36210::1:—: maken„
„de 38: percents schaars, van
38:
al het welke nadere ouderteere
word gegeven in het onderstaande
Verslag"
NL-HaNA_1.04.02_8023_0099.xml,"95
- – – – – – „ 223: –:8
151: 42:
„ 107:12:8
der Haij
van den
Bandasen Mandel
In het Boek Iaar 176 2/5 Namentlijk
D' Contanten
waaren ultimo augustus A„o 1765: Aes
Ten Hoofd Comptoir
In De Groote Gjeca Cassa aan diverse Specien - - - ƒ172064:11:-:
„ „
1- winkel „ —
kleene _o _o „ _:o _=o. . . „ 9622: 17: 18:
Ten Comptoire hollandia
ende
Residentie Ourien
Aan diverse Specien
Den Compt„r Revengie.
aan diverse specien
Ten Comptoir waijer
aan diverse Specien
-
Den Inkoop heeft in het Boek Jaar 174 6/56 bestaen in
Ten Hoofd Comptoire
232646 lb= Gesorteerde Maris off foelij als,.
227761: lb: goede:
4885: „ gr: en onr
232646: lb voorsz kosten, door den anderen - - - ƒ 96085: 2:—
866201½: lb Gesorteerde nooten muschaten
756708: lb= Goede
109493: „ Stukkende
866201:: lb= als gesegt bedragen door den anderen . „ 33971: 2:8:
454¼. lb: Lampolij
700. „
1:
6000 lb zout
„
Orembaij
47½: „ Canarieolij
Door den Ingenieur Dulez Ingekogt
150: p=s Chineese planken . . - ƒ 57:12: —:
17192:: tonn: kalk
-- -„20631:12:—
--
192500: p=s adappen
30: -: boek kleen formaat papier - - - - - - „ 27:—:—
100:-: p=s penne schagten - - - - -
259 „ tammerinde - - - - -
„ 924:—:—: „ 21613: 4:
4: boek groot formaat papier - - - - - „ 8: 6:—:
13000. „ bamboesen Iavaas - - - - - - - „ 1404:—:—
3300 bossen Saguweers bladeren - - - - - „ 495:—:—
1932:: boss: gespannen goemoeth - - - - - - „ 193:4:—:
8640: lb padij bij ponden - - - - - - „ 104:1:-:
—¼ real swaere stampparsen - - - - - - „ 18:—:—
1000 p=s geconfijtenooten - - - - - - - „ 66:—:—
50: lb nooten olij - „ „ 45:—:
_=o Swangie - - - - - „
Paerd - - - - - - - „ 96:—:—
50:-: bosse rottings Iaavas - - - - - - „ 20:19:—:
150: „ marmelade - - „ 45:—:—
280:-: „ booter „ 168:—:
85: k: kamirie olij - - - „ 136:—:—
60 „ olijven olij - - - „ 62:6:-:
3646½: lb: arak - - - - - - - - - „ 1607:19:-:
37: p=s Swalpen - „ 111:-:
-
Transporteere
-. „ 39527:15:—:
—:—ƒ181687:8:8:
„
„
„
.„
--
- - - „ 3823:12: 8:
– – – – – „
-
:ƒ225038:16:—:
—:18:8:
- – – – „ 182:–:–
—
– – – – – – – „ 48:–:
„
57:-
ƒ 157126:19:
e
„"
NL-HaNA_1.04.02_8023_0100.xml,"21:2:8:
47: 7:—:
Transport
ƒ157126:19:—:
de volgende Goederen zijn na het overlijden vanden opper coopmanenal
minist=s Hans Iohan Noordgreen aan de gecom„
mitteerdens der hoofd administratie den Capit: Luijtenant
militair Ian Fredrik Wolff en den boekhouder
Cornelis Haffeld, te veel overgegeeven, en
sijn hem uijt koopstegoed gedaen ter gemoed ko„
ming van 't geene dezelve te kort is gekoo„
„men als volgt, —
22:½:
peeper
29: —„ p=s parcallen bruijn blauw - - - - „
42: - „ ijser - - - - - - - - „
3:½ „ gariaffel nagulen - - - - - „
2: p=s bethilles br: bl - - - - -. „ 23:10:—:
637 lb tarwe - - - - - - - „
198½ „ wax - - - - - - - - „
18. „ Coffijboonen - - - - - „
36:½ „ Cattoene gaeren - - - - „
10:-: „ thin -
3 ps rottings met zuwee knoppen - - - - „ 121:-:8:
27 vellen kalfleer - - - - - - - „ 248: 1:8:
7 lb Looth - - - - - - „ 1:11:8:
5 p„s heeleleggers - - - - „ 252:2:—:
209 lb: gesorteerde maxis affoelij
208:: lb: goede. - . . . . . . . ƒ 86:16:8:
1: „ gr: enonr:. . . . . . . „ —:4:-„ 81:—:8: ƒ1294:—:8:
De temeldene goederen zijn op waijer voor reek: van den geweesene resident
quitton, teveel over gegeeven 'tgunt hem tegemoet koming
van derselver debet dusdanig is gecrediteert
als:
2 7/8 f guinees gem: gebleekt. . . ƒ 31:16:—:
5: -: „ doodkisten - - - - „ 12:15
13:-: bossen Louth - - - - - - „ 6:16:8
Almeede is hem gecrediteert het be„
draegen van soodanige kalk enlampolij als
exte waijer nog van geciteerde quitton is
gevonden, en door den tegenswoordigen resi„
„dent renesse ter naedere verantwoor„
„ding aangevaart
8: - torm: kalk
9:12:„
Door de Zuijd wester Commissianten alhier
aangebragt:—
12:–: stux leijfeijgenen als
8: maans. . . . . . .ƒ
576:—:—
4: vrouwen - - - -
240: —:ƒ
4
816:—:—:
7255: ed= gesorteerde wax als
2
:4485: lb: witte - - - - - ƒ 1720:1:—:
2775: „ swart - - - - - „
799. 4„—„
2519:6:—:„ 3335: 5½—:
Door de Zuijdooster Commissianten
alhier aangebragt, —
1: p=s orembaij - - - -
68: lb voogelnessies - - -
1143 „ gesorteerde parl d'anwoer schulpen
Ten Comptoire Hollandia
ende Residentie Ourien
74120:: lb= G'sorteerde macis off foelij als
71910:–: lb= goede
2210:—:„ gr: en onr:
74120: lb: voorsz kosten door den anderen
271016:- „ Nooten muschaaten in zoort als
226823: lb= goede
„ 44193:: „ stukkende
271016: lb= voorsz kosten door den aenderen . -. - „ 10389: 14:—:
– – – – – – „
434:½ bossen rottings
50:–„ p=s zoekelmatten
226: tonn: kalk
1:–: p=s doodkist
325:-: lb: zout
75:½: lb booter - - - - - - - - „
63½: lb= buspoeder - - - „ 22:8:8:
50: : lampolij- -
143: „ tweede - - -
ps schoenen - – – – – – „ 3: 18:—:
– –  „
1006: lb: eerste - - - - - - „
——
2048: lb Rijst - - - - - - - - -
1 – –  „
--
115: 4:
8: 5:—„
123: 9:—:„ 395:12:—: ƒ 162285: 4: 8:
ƒ 30475:16:—
181:15:—
ƒ 41342:6:8 ƒ162285: 4:8:
„
60:-
212:3:::
„„
59:12:—:„ 133: 8:—:
73:16: —„
41:2:8:
22:18.—.
59: -: -:
9:18:—:
159: 10:—:
49: 3: —:
10:2:-:
Transporteere
15:e A
„
133:1: 8:
3:12:—:
50:-„
ƒ
-
„
-
-..
1
„
—„ - -
ƒ
„
—
„„
„
„
„
271:4:—:
4: —: —:
4:7:8:
—
4
15
1
22"
NL-HaNA_1.04.02_8023_0101.xml,"P„r Transport ƒ 41342:6:8 ƒ 16285:4:8:
31: k: Aarak -
17: bossen Lonth
45/8 lb= Zegullak - - – - -
46¼ lb: Lampolij - - - „ 23:2:8:
1000: „ adappen
126:198: 18: —: r=m
238: 1:- 30:7:„
132:12:8 68: 1/3: —
-
1200: p=s bamboesen in zoort - -
-– – – – –
Ten Comptoire Revengie,
37995: lb: Gesonteerde Macis of foelij
31740:—: lb
Goede
255: -. = Gr: en onr:
37995: —: lb voorsz kostende door den aanderen-
127292: lb= Gesorteerde Nooten muschaeten
105642: lb goede
21650 = „stukkende
127292:—: lb voorsz kostende door den aanderen
1185: p„s Zoekelmatten -
2 3/8 lb= Zegul Lak
110: - tonn: Kalk
Ten Comptoir Waijer
34933:-: lb= Gesorteerde Macis off Foelij
34508: lb Goede
425 „ gr: en onr:
34933 lb= voorsz kostende door den aanderen
Gesorteerde Nooten Muschaeten als
102745:
93468:—: lb Goede
„ 9277:—:—„ stukkende
102745:-: lb: voorsz kostende door den aanderen. . . - - - - ƒ 27657:10:—:
439—: lb= vleesch - - - - - - - - - - - - - - - „ 119:17:8:
947:-: „ zout . . . . - - - - . - - - „
47: 1/8 „ peeper - - - - - - - - - - - - - - „ 6:18:_:
115:- p„s Zoekelmatten - - - - - - - - - - - - - „ 34:10:-:
64½ bossen rottings Iaavas - - - - - - - - - - - „ 38: 14:—:
23½: lb= wax Caarssen - - - - - - - - - - - - - „ 10:19:8:
38½: l: Lamp olij - - - - - - - - - - - - „ 19:5::
10:- „ bossen Louth - - - - - - - - - - „
2 5/8 lb: Zegullak - - - - – - - – „
53: tonn: kalk
100:-: „ _o bruijn blauw
:975: „ salempoeris bruijn blauw
55 „
-
237: „
129 „
351: „ bruijn blauw
100: „ _:o _=o kleene
109: „ Gingam onderbroeks geruijte —
24: „ gingam pinasse - - -
40: p„s kousen -
„
6: p=s rokken en broeken - - - -
119 „ _=o fijn _=o „ 493:1578„
129: „ bethilles gem: gebl: „ 705: 9:8„ 832:4:-„
1/29 „ moeris fijne gebleekt „ 192:19:8„ 325:12:—„
108: „ _:o _=o gestheepte „ 2555:13:–„ 3382:9:–„ 826:16:—:
1121 7/8 p=s Guinees gem: gebleekt ƒ 11096:17:—ƒ 18939:6:–ƒ 7842:9:—
197: „ roemoels geruijte groote - „ 1970: 1:„ 2332:4:8„ 362:3:8: 18 1/3 „
34 „ Zeijdoek gem: ruwe „ 161:15:8:„ 279:18:—„ 118:2:8:
50: „ _=o _o gebleekt - - „ 241:12:8„ 393:8:-„ 151:15:8:
335 „ _=o gem:: gebl - „ 1424:19:8„ 2482:7:–„ 1057:7:8 73:½: sch:s
906: „ parcallen _o _ - - - - „ 2182:3:8„ 3579:11:8„ 1397: 8:-: 64: —: 5:
11 „ _o bruijn blauw „ 1074:12:8„ 1151:10:8„ 76:18:- 7:—: —:
150: „ hembden - - - - „ 261:11:-„
– bruijn blauw - - - - „ 777: 4:8:„ 1015:5:8:„
_=o gem: _:o - - - - „ 162:15:„ 756:12:–„ 193:17: 34: 1/3 s
1410: 8:½:„ 1676:11::„ 966:3:-
758:12:8„ 264:17:—:
„ 87:17:—„
134:—:8„
285:—:—„
77: 17:8„
-„ 1066:10:-„ 1774:—:-„ 707:10:—:
. „ 1237:9:8„ 1637:11:—„ 400: 1:8:
„ 2802: 16:8:„ 3685:10:8„ 882:14:—: 31:½„
29: 7:8„
---„ 5520:6:—:„ 8873:9:-„ 3353 3:—
—=o fijne _ - - - - - „ 87:10:8:„ 163:12:-„ 76:1:8 87: :s
– - – – – – – „ 52:–: –„
Transporteere
ƒ 35995:148 ƒ54784:4:8:ƒ10785:10:—:
Den verkoop was Ten
Hoofd Comptoire
9: 9:8:
57:9:8:ƒ 47616:1:—: „ 272765:14:8:
4:10:8:
ƒ19650:3:—:
132:2 -:„ 21164:16:—:
„ 4861:5:—
- -ƒƒ15805:11: 8:
18:19:—:
151:4:—:
148:16:—:„
41699: 13:—:
5: 19:—:
70 1
31: /6r=
60: /1:
46:3:8:
25: 17: 8:
23:9:-„ 8: 7/8 „
15: –. —:
-
-
„
„
„
– – – – – – – „
„
1
- – – – – – –  „
- – – – –  „
--
6: 148:
10:9:8
„ 355: 10:
--
– – – – – – – - – –  „
„
—-
—
-
—
„
44:718„
1
52: 7/8 „
53 74
63:-
62: 2/3 2„ 11
32 1/3 r=m
32 1/3: 11
66: 1/3 „
50: -: sch
51: R=m
9:6:-:
97"
NL-HaNA_1.04.02_8023_0102.xml,"P=r Transport ƒ 35995:14:8ƒ 54781:4:8ƒ18785:10:—:
59:—:„
4:„ p=s Chitsz pattenaese
61
589 „ tapekankenia smale fijne - - - - - - „ 728:6:8„ 1156:12-„ 428:5:8
220: „
_=o breede ordinaire „ 547:6:8„
430: „ baftas sw: sm: heele - „ 1558:6:8„
_=o „ „ halve - - - - - „ 2143:17:8„
1045:
18 „ deekens gecattoeneerdens groote - - - „ 133: —:8:
62: „ barikams grooteroode. . . . . . . „ 180:19:8„
_=o kleene _=o . „ 462:13: 8„
197.
-
„
975
3: „ vlagge doeken in zoort - - - - - „ 15:12:—„
232: „ niquaniassen Groove - - - - - „ 753:2:8„
52¾ @ draap de daame swarte. „ 303:12:—„
1905: lb= ijzer in Zoort - - - - - - - „ 175:2:-„
25. „ vatentbieren in zoort „ 673:5:8„
629:—: p=s Chitsten sm: ordinaire - - „ 1849:12:—„
3446 steenen Zeep Sourats „ 388: 9: – „
hamens fijne met goude - – – – – „ 1008: —: 8„
Eetst breede ordinaire - - - - - „ 4222:16: —„
4211:½ lb Cattoenegaeren - - - - - - - - - „ 893:13:-„ 2243:2:„ 1344::9:-: 151—:„
1749082: lb= rijst
uijt de kleede winkel,
10: p=s deekens gecottoeneerde Groote Zourats ƒ 74:6:-: „ 111:8:8ƒ 37:2:8
50: —: sch:
11: „ parcallen sijn gebleekt „ 44:-:-„ 61:17:-„ 17:17:—: 40:—„
54: „ _„o gem: do - - - „ 115 3 –„ 268: 4:-„ 153:1:–
133: —:„
46: „
_o br: blauw - - „ 152:14„ 252:–:–„ 99: 6:– 65:8:„
-
27 13/40 „ guinees gem: gebl - - „ 320:12:8:„
509: 19:/8„ 189: 7: - 59: —: r=m
8:: „ gingan pienoes „ 30:12:—„
45: 4:—„ 14: 12:- 46: 73: —:
9 - „ bethilles bruijn blauw - „ - - - - „ 61: 4:8 „
106:17:8„
14: „ gingam onderbroeks gestreepte „ 191:15:8„
228:19:8„
9:- „
_=o geruijten -
169:13:8„
„ 105:6:—
11:: „ Chilst sm: ordinaire „ 102:18:8
141: 9:—:
42:- „ kari kans groote roode - - - - „ 146::1:
206: 4:—„
161½ „ roemaes geruijte groote - - - - - „ 170:5:8
288:13: —„
40 „ karikams kleene roode - - - - „ 94: 10:
141:15:—„
47: 5:—
9: „ baftas Sw: sm: halve 1 - - „ 32:12:8
16 88
49: 1:-„
37 14: —
41:-: „ tapekamkenia sm: fijne - - - „ 79:3:
116: 17:—„
11:-: „ baftas sw: sm: halve - - - - - „ 22:5:8„
9:16: 8
32:2:-„
45: 16:8:
181 â Laken swarte - - - - „ 91:13: —„
137: 9:8„
9:15:8.
27: 4:8„
3:–: p=s Salemp=s bruijn blauw „ƒ 17:9: —„
6„14„—
24:10:—„
Chitst pattenas. -
96377:12:8 ƒ132507:13:8 ƒ36219:1:—
Somma
ƒ
voege nog bij de winst 't geene bij de boeken ten
voordeelen der EComp: ingenoomen is als. —
van 't Matteriael boek
van 't groote negotie pakhuijs
45: 13:—„ 74:½„
#
37: 4:—: 19: 1/3. sch
64: 7 8 61:—
38:10: 8„ 37:2:—:
60: 3 - 41: 1/3:-:
118: 7:8 170: —: sch
18: 16: —„
-
Den Comptoir Hollandia.
ende Residentie Ourien
2: –. p=s doodtkisten
6: —: p„s schoenen
11 1/8 p=s guinees gem: gebl
Coffij boonen
44:- „
„ cadjang groene
300
229:: lb= vleesch
spek
80: —: „
102
„
30:
peeper
„
12274
rijst
43:-: lb: Caabse Tarwe „ 1:16:-„ 2:4:-„ 8:-„ 2279:-
poeder zuijker - - - - „
63 steene Zeep sourats - „ 7: 2:-„ 10:13:-„ 3:11:-„
Somma
Ten Comptoir Revengie
2:–: p=s doodtkisten
5: k: lampolij - - - -
3: tonn: kalk
150- : „ tarve - -
34045 „
rijst
142½„
1. lb= caneel - - -
2½ lb= peeper - - - - - - - - „
1 1/8 „ guinees gem. gebl: - - - - - - „ 10: 5:- 21:3:-„ 10:18:—
booter
Somma
1: 2:8„
78„ 118„
6: 10:—„
95712:8ƒ
17: 12:—ƒ 12 9–
- - - „ —:15:8 2 7 0„ 1:12:-:
- – – – – - „ 3:12:—: 5:8:—„
90: 12:8
6: 4:-:
9 - —„ 2:12:8
—114: 8
18: ½¾ r=m
240: —.r
184 23/3 r=m
30 —„sch
d
thie
11. —.–ƒ
4:10:8„
17:12 ƒ
19: 11:8„
301 19:8„
34: 2:-„ 8: 2:—„
11:13:8„ 2:15 –„
5: 17. —„ 1: 7 -„
643„ 118ƒ
8:18:8„
4:10:—:„
542 4 8
6:78:
„ 266:7:8„
725:15: 8: 816:8. -„
----„ 15:1:–„
- --„ —:6:—:
63:5:-:
––ƒ 6:12:–ƒ
– – – – – „ 26: –: –:„
—:8-
- - - - - - „ 110: 3:–„ 113: 2:8„ 2:19:8„ 2:/3:—:
5:11:8„ 8:7:8„ 2:16:-„ 44 – sch
- - - - „ 5:14:8„ 7:9:8„ 1:15:-„ 2:_ r=m
- - – – – „ 84:8 8„ 110: 9:8„ 26: 1:„ 30 7/8: 1
-–– – ƒ 5: 3: –
815:17:8ƒ
45: 12:-:
„
72:15:8:
118:7:18
Somma ƒ36328: 8:8:
42:4:—„
14: 2:8
1539:3 -„ 531 2: 8
748: 6: „ 200 19 8 36:¼ r=m
2118:18. –„ 560: 11:8
3075:12:8„ 931:15:—: 43 1/3: sch
68: 2:—: 51: 1/8-
201: 2:8„
113: 11:8 62:¾:—:
294:11:-„
232: 19 8: 50:¾:
695:13:-„
1911: 8:8: 45:¼: r„m
6134: 4:8:
11:8—
27:—:—„
73 1/3.-
171: 11:8: 22:/3:—:
924:14:-„
93:17:8:
397:9:8„
30:73
364:7:8„ 189 5:8: 108:—: sch
696:—:—„
22: 14:8: 3: 1/6r=m
2354: 2:-„
504:10:—:
27:¾:—
582:9:-„ 194: 50:—: sch
diverse kleenigheeden - - - - - - - „ 4671: 8. 8„ 8738:16:—„ 4067: 7:8: 87: —: r=m
- - - - - – – – „ 37773:5:8„ 42552:14:–„ 47:79: 8:8: 1213:„
343
– – – – – „ 28: 1:8„
4:—: „
-
-
-––– „
ƒ
„
„
„
ƒ
ƒ
.
-
-
-
-
„
—
-
„
ƒ
ƒ
-
-
27:¼:
55: ijsch:
50: —: sch:
44: —: r=m
47 ½: sch:
50: —:„
45: 1/5: r=m
38: —: sch
uijt
Spe
50 r
31 ¼ r
15 — S
30-
3¾. r=m
100 - „
101.-„
100. -„
50: —
2066 2/3. „
41 -:
12: 7/12:
23:
17 3/8: r=t
14:16:8
141:15:—:
1:16:-:
100 17:-„
35: 12:—
778
5215: sch:
bl
50: —: r=m 796
84"
NL-HaNA_1.04.02_8023_0103.xml,"99
Ten Comptoir Waijer: —
waijer
thiende
d
uijt de
sct
zoldijs op geld van
winsten op den handel
796 5
„ nooten muschaeten - - - - - - - - „ 332:7:8: „ 23895:—:-: „ 23562:12:8 7097:—„„
p
Ten faveure deser is ingenomen - - -
Somma ƒ28891:12:—
D'winsten op Coopmans ter hoofd Comptoir ƒ91377: 12: 8: ƒ 132587:13:8 ƒ36310:1:—
_=o „ Comptoir hollandia - - „ 542: 418 „ 643: 1:8„ 100:17:- 10½s
_„o „ _. o Revengie. „ 815:17:8„ 957:12:8„ 141:15:-
_ – „ _o waijer
„ 954:: 15:—„ 29822:13:8„28867:18:8
Addeert te Saemen - ƒ98687:10:8ƒ63709:15:8 ƒ65320:11:8
hier bij gevoegt het geene ten voordeele van d EComp: is ingenoomen
„ Comptoir waijer —
Op affsignatie en diverse geld specien ontfangen de somma
Somma van ƒ52726:4:8: omweeder uijtgekeert te worden
ƒ2086:11:— aan Cornelis Domburg
576: —:— „ den wel Edelen gest: heer Louis Taillefert
1608:-:- „ arnoldussens
3360 —:- „ David Barheracht
1461: —:- „ Pieter Cornelis beekman
4920: —:—: „ den welEde: gest: heer riendijs; harting, romp en alting als execut:s wijlen zijnde collentie wessel
_Do Hillefert
9600-:-:„ 0
750: 14:: „ d' wed=e Arij versteegh
432:16:—: „ Ian hendrik Crootsen
241: 8:- „ Ian hugo van de putt
610: —:-: „ ad: maurits en pieter hourentzoon
14400: —:—: „ den welEd: gest: heer Taillefert
10766 5:8 „ weesmeesteren
500: —:—: „ david Iulius van Eijtsman
ƒ1413 —:—: „ I: H: mordregt. to
ƒ 2109:8:8:
ƒ52726: 4:8: waer op d'agio d 4: p„r C:t „ rx: bedroegen heeft.
:
Sommeert
diverse afschrijvings ten deesen gouvernemente als
Ter hoofd Comptoire .
Compt=r hollandia
_=o revengie -
Ten hoofd Comptoire - - - - - -
„
-
_:o waijer - - - - -
ƒ
„ 23: 13 8:
15:
Somma ƒ 954:15:—: ƒ29822:13: 8 ƒ28867:18:8 3045: 1/8:s
7785 lb= Rijst - - - - - . . „ƒ162:12:8„„ 186:18:8„ 24:6:-:
15 /5: lb: aarak - - - - - - - - „ 4:10: -„ 7:-:8„ 2:10:8: 250: —:
p=s guinees gem: gebl: - - - - - - - „ 18:8: -„ 22:8:-„ 4:-:- 21: 1/3: r=m
45½ lb wax Kaersen - - - - - - - - „ 61:14:8„ 128:18:8„ 67:4:-„ 107: 1/3:„
8 p=s doodtkisten - - - - - - - - „ 20:8: -„ 70: 8:-„ 50: -:- 98:—
848: lb macis affoelij - - - - - - - - - ƒ 354:14: 8 ƒ 5512: —:: ƒ 51575:8: — 1457:— sch
38: —: sch
17 3/10 r=
ƒ 10239:15:
17:13:
„
40: 1:—:
„
#
2
6
57096:11:8
Resteert aan zuijvere winsten d' somma van
De opgelden van betaelde soldijen item belastingen monteeren
Ten hoofd Comptoir
„ Comptoir hollandia - -
_=o revengie - - - - -
„ _:o waijer
ƒ
De Inkomsten sijn geweest ten hoofd Comptoir
2151: 16:8„
d' tol van in een uijtvoerde coopmans ƒ
7625: 14:8
„ „
Sheeren Contingen then vaste goederen,
kleene Zeguls - - - - - - - - - „ 1340: —: —:
d' thiende uijt de specerijen - - - - - „ 4571:12:8
57: 6:—
Eijk penningen . . - - - „
1392:—:—
pagt penningen
„ – – – –  „
reekening van Jntrest
waarvan dit boekjaer werd gedetrareerd - - - - - - - - „ 3106:12:-„ 20194:18: 8:
Revengie
specerijen1
138: —:8:
--- – –
van Mollandia - - - - - - - - - - -
-
ƒ 40'000:—:
„ 5125: —:—
—
„ 25000: —„ „ 70 126.
Dus aan meerdere winsten ƒ 18344:5:8:
Dog bij de staat reecq: voor de mindere winsten ƒ1530: 14:8: oorspronklijk door dien
bij de memorie 't opgeld der zoldijen op ƒ82000:—:— is gesteld ƒ25000:—: sijnde
sulx 30 17/24 p„r C„o daer en volg„s haar hoog Ed„s Jongste ordre niet meerder mag werden berekent dan
6¼: p„r C„to over sulx geeft dit tusschen de staet reek: en't verslag van den handel
een verschil van
„ 4886:11:—
2066: 15: 8„
„
1858 8: —„
—
–
„
D'Zuijvere winsten, en Inkomsten addeeren
Bij de Memorie van menagie is gesteldt
„ 6163: 1:-: bedraegen „ 23301:10:8:
- – – – – – –
ƒ88469:5:8:
– – – – – – – – – – – – – – –
slands inkomsten
-ƒ 2640: 11:8:
177: 3:—:
194:6:8:
„
-
„. 154: —:—:
„
„ 3166: 1:—:
- - - - - - „ 118:7:8:
ƒ19875:—:—
r=m
5: sch:
„
6¼ r=m
4
3: sch
/8
2:9
rd„
-1
737
21
8
0:
sch
m
sch
„
sch
k
/3:—:
sch
sch:
-: r=m
—:sch:
sch:
9:
sch
½
„
ƒ
„
1/3„ rm=m
2
/9.
sch
r=m
„
„
2:11
10: r=t
-
-
-
-
—
—
„
„
- – –
—
.
-
2
-
- - - - - - - -
-- -
-
-
-
-
1
—
1
-
-
-
„
„
„
ƒ
-
--
-
-
ƒ
67572: 1:—:
—– – –  –
--––
-
- – – – – – – - –
- - „ 2313 8:
66: —: „
3054 7/8
-"
NL-HaNA_1.04.02_8023_0104.xml,"De Ordinaire Lasten deezes Gouvernements
bedraegen Anno 1767/5:
Ten Hoofd Comptoire
zoldijen van Guarnisoen
weegens betaelde zoldijen en belastinge op reecq:
Mondkost van 't Guarnisoen
weegens kostgeld en randsoenen aan diverse dienaren - - - - - „29886: 17:8:
Ordinaire ongelden
schrijf gereedtz en boeken - - - ƒ 770:16: 8:
verband doek - - - - „ 248: 16: 8
dispens waeren - - - „ 2571: 11:8
Equipagie goederen - - - „ 2733: 14:8.
material boek – – - „ 198:19:—:
bataviasche aanreekening – – „ 3499: 5: 8.
brandhoud - - - - „ 260: —:—:
gegagieerdens - - - - „ 1151:8:—:
de swartveegers winkel - - „
Extra voor de agtbaere heer -
d'gogies van de Jnlandse leenmeester „ 2986 —:—:
amboinase aanreekening - – – „ 10: 3: —:
diverse kleenigheeden - - - „ 2530:14:—: ƒ24609: 18:—:
Waer van subtraheerdiverse ten faveure deses ingenoomen „ 2599:17:-: „ 22010:1:—:
Extra Ordinaire ongelden
schrijf gereedsz – – - – – – – – „
Hospitaels Ongelden
9401 ½ lb: rijst aan 571: Coppen in 7183 dagen door malkanderen ƒ 203:15:8
voor d' 5½ sts: aanspijs ten 1: stver: medicamenten - - „ 2399: 6: 8:
dispenswaaren - - - - - „ 45: 7:8:
dewinkel - - - - „ 277:19:—:
diverse kleenigheeden - - - „
199:-:8:
amboinase aanreekening – – – „ 15: 16:—„
3201: 4:—:
waar van detraheerede ten faveure deser gebragte halve gagie
„ 1044:13:—: „ 2156:11:-:
Slaven Ongelden
aan 4: madienjes aan Contante. . . . ƒ 48: 12:—:
dispens waeren - - – – – – 2314: 6: —:
sij wat tot kleeding
-.
„ 1223:16:—:ƒ 3586: 14:—:
Ten Lasten der specerijen is batavia aangereeken dat aovertrekk en„
2008: 5:—:„
1578. 19—
Condemnatie reekening
tracteeren der leeden van Iu stotie in 2/m - - - ƒ 48: —:—:
dispens waeren
„ – – – „ 307: 17:8:
e
Justitie dienaers onderhoud – – – „ 345: 12: —:
Iaarlijxe weder of mantelgeld - - - „ 425: 2:—:
diverse kleenigheeden - - - - - „ 226:19:8:
bataviasche aanreekening
– – - „ 30:12:–:
1384: 3:—:
waren van detraheere 't ten faveure deeser ingenoomen
234: 7:—: „ 1149:16:—:
Chialoup Zeijl N„o Ongelden
schrijfgereedschappen. . . - - - - -ƒ
3: 9 1/8
winkelwaeren . . . - „
49: 2:8:
dispens goederen. -  - „
92: 6:8:
arthillerij goederen - - - - „ 108: 5:8.
Equipagie
—- - - -„ 5107: 14:8
amboinase aanreekening – – – „ 643: 8: 8:
'tmatteriaalboek – – „ 1: —:5
bataviase aanreekening – – „ 64 2: 8:
diverse kleenigheeden - - - „ 564: —:—:
maccassaerse aanreekening – – - „ 186: 3: —:
y
medikamenten – – – „ 200: —: — ƒ 7022:12:8:
waar van aftrekke 't gunt ten faveure deeses komt - - - „
40: 2:8:„
6982:10:—:
Timmer: Repar: en Fortific: ongelden
Equipagie goederen - - - - -
ƒ
ƒ
daerts gloeke - - - „ 38467: 16: 8
arthiller
317:12:-:
- - -„ 8374:16:8:
diverse kleenigheeden - - - - „ 807: 14:—:„ 48253:1:8
Pen faveure deses is gekoomen een somma van - -
„ 3644: 1:—: 44609:—:8:
Inlandse dienaers maandgelden.
aan Contanten tot huuren van inlandse mattroosen
Transporteere
wapenkamers goederen - - - „ 3184: —:8
atthillerij _=o - - - „ 378: 3:8:
huijshuur - - - - „ 2505: —:—:
rottings met sulverre knoppen - – – – – – ƒ 231: 10:—:
dispens waeren - - - - - - - - „958:12:—:
arthillereij goederen - - - - - - - - „ 196: 6:—:
wapenkamers goederen - - – - – – - - „
d' Smits winkel - - - „ 151:12:—:
medicamenten - - - „ 650: —: —:
bataviase aanrekening - – – – – – – „ 161 10:8:
diverse kleenigheeden - - - - - - „ 1059:12:- „ 2613:19:8:
ƒ 9:-:
56: -:-:
ƒ43473:9:8
„ 299: 4:—:
2
„ 600:—:—
119:13:8:
1
„
ƒ
-
ƒ154809:18:—:"
NL-HaNA_1.04.02_8023_0105.xml,"ƒ154009:18:1:
-„ 1848:14:8
ƒ160365:19—:
5556:15::
P=r Transport
Onkosten van scheepen en scheepssoldijen
dibark D' Draak
betaelde soldijen van d' 6¼ prC„o opgelden doodsschulden ƒ 226: 15: —:
3: 10:—:
belastingen van hospitaal ongelden
1086: 4:8:ƒ
_=o 1 tekort koomende goederen
'T schip Suijdbeeveland
9:8:8:
verbanddoek
-
69:12:—:
doodschulden
belasting van hospitaels ongelden,
'T schip d' vrouwe Rebecca Iacoba
9: 8:8:
verband doek
Equipagie goederen
64: 4:—:
„
betaelde soldij en van 6¼ prC„to opgeld doodsch:„
885: 6:—:
belasting van hos pitaels ongelden - - „
52:19:—:„
1011:17:8:
'T schip wiltrijk
-
d' smitswinkel
9:-:-:
betael soldijen met 6¼ p„r C=to opgeld en dood't schulden
637:19:—:
„
belasting van hospitaal ongelden
255:-:„
#
'T schip d' standvastigheijd
Tot
bet„s zoldijen met 6¼ p„r C„o opgelden, d„ schulden ƒ 1371:17: —:
belastingen van hospitaels ongelden - - „
110: 7:
_o van tekort komende goederen „ 654: 9:—:
verbanddoek - - - - „ 14:8: 8.
dispens waeren - - - - „ 194: 17:—:
Equipagie goederen - - - - „ 44:19:-
d' smitswinkel - - - „ 25:6:—:„
2416:3:8:
D'ongelden van 't Hoofd Compt: Nassauw beloopen
Hollandiase ongelden
betaelde soldij en aan 's Comp=s dienaaren
kostgelden randsoen--
Ordinaire Ongelden
Prauwloon - - - ƒ
brandhoud,
„
.
verband doek - - „ 62: 9: 8:
dispens waeren - - - „ 481:15:-:
schrijftuijg
- - - „ 87: 6:8:
waapen Camers Goederen - - - „ 48:17:—:
diverse kleenigheeden - - - „ 1158:1:8:
arthillerij goederen - - - „ 155:3:—
medicamenten – – - „ 60: —:8:„ 2099: 4: 8:
Extra ordinaire ongelden,
dispens waaren.. ..ƒ
arthillerij goederen. . . „
contant.
„
Condemnatie Reekening
dispens waaren
winkel_
6d
Timmeragie Rep: en Fort=ong:
Contant
diversc kleenigheeden
D'Mollandiase Lasten bedraegen
Revengie ongelden
het zoldijenn aan 's Comp: dienaeren
kostgelden en randsoen
ordinaire ongelden
gagienenten. - - - ƒ
brandhout „
verbandoek . . . „
dispens waeren
schrijfgereeds
„
wapencamers goederen. . „
diverse kleenigheeden - - „ 1074:14:-:
arthillerij goederen - - - „
medicamenten„
Extraordinaire ongelden,
dispens waeren. .
-
ƒ
aan Contanten
d
Condemnatie Reekening
dispens goederen
ƒ
Iustitie dienaeren onderhoud-„
winkel waaren
ƒ
Timmer: Repar: en Fortif ongelden
dieverse kleenigheeden
ƒ
De revengie Lasten bedragen
ƒ
62: 6:—: „ 141: 6:8:
- - - „ 187:7:
ƒ
„
„
24: — p:s
416-
ƒ 3326:14:8:
1901:11:8:
28:16:—:
47 2:8
304:18: 8:
233: 6:8:
11:12: —:
60: -:-:„
33:10:8
13:12:8:
21:12:—:
24: —:—
ƒ 3034:15:—:
670: 4:—:
1316:9:8:
55:19:—
60: —:—:„
1899:—:8:
17:10:8
219: 12:—:„
„299 9:—:
41: 13:8:
44:—:8:
148:18:-:
203: 6:8:
—:17:—:
„
Transporteere
-
:
-.
ƒ
101
ƒ
-
ƒ
„
144:—:—:
24:—:—
—
-
7363:11:—:
237: 2:8
:-
--ƒ175298:2:8
7568:12:8"
NL-HaNA_1.04.02_8023_0106.xml,"299: 4: —:
Waijerse Ongelden
betaelde zoldijen aan 's Comp:s dienaeren
kostgelden en rand soenen
Ordinaire ongelden
verbanddoek - - - - –
56:10: —:
dispens goederen - - - - - „ 236: 8:8
arthillerij goederen - – – – – „ 78: 8: —:
schrijf gereedschappen - - - „ 11: 4:8:
brandhoud - - - - - - - „ 24: —:—:
diverse kleenigheeden - - - - „ 329: 9: —:
waapen Camers goederen - - - „ 243:14:—:
medicamenten - - - – – – „ 30: —: —:
Ted - - ƒ 1009:14:—:
„
Ten faveure deses ingenoomen - - „
152: 8:—: „ 857: 6:—:
Condemnatie Reek:
dispens waaren
ƒ
10:12:—:
d' Kalkbranderij
366:19:—:„ 377:11:—:
„
Timmer: Reparatie en Fortif: ongelden
arthillerij goederen.
-„ 34:6:—:
D'waijerse, Castentellen . „ 5696:14:—:
gesamentlijk lasten van 'T Hoofd Comptoir, Item hol„
„landia Revengie en Waijer monteeren tesaemen.
ƒ180994:16:8:
volgens de
volgens
Te saamen trekken der lasten de boeken
memorie van Menagie
Ten Hoofd Comptoire
soldijen van 't guarnisoen - - - ƒ 43473: 9:8
mondkost „
_o - - -
29886: 17:8:
1„
ordinaire ongelden - - - „ 22010: 1: —
Extra ordin: ongelden - - - „ 2663: 19:8:
Slaven,
=o - - -
„ 1578: 9:—:
_=o - – – „ 2156:11:—:
Hospitaals
condemnatie reek: - - - „ 1149:16:—:
Chialoup Zeijl &„a ongelden - - - „ 6982:10:—:
Timmer: reparatie en fortificatie ongelden „ 44609: —:8:
Jnlandse dienaers maandgelden - - „
onk:s van scheepen en scheepszoldijen - -
Ten Comptoir Hollandia
zaldijen van't guarnisoen - - - ƒ 3034:15:—
7368:—:
maad kost van't guarnisoen - - - „ 1848:14:8
13664:—:
ardinaire ongelden
-„ 2099: 4:8:
-
:-:-
Extra ordin:
_- – – – - „ 304: 18:8:
1000:-:
Condemnatie reek:
47: 2:8:
:„
:-:-:
timmer: reparatie en fortificatie ongelden
200:—:—:„ 9934: 4:—:
28: 16:—:„ 7363:11:—„
Ten Comptoir Revengie
zoldijen van't guarnisoen - - - - ƒ 3326: 14: 8:
7368 4-:
ƒ
mondkost van 't guarnisoen - - - „
1901:11„8:
1366:4 —:
ordinaere ongelden
„
1899:—:8
-:-:-
Extra, ordin: ongelden - - - „ 237: 2:8:
„ 1000: —:—:
Condemnatie reek:
203: 6:8:
„
:-
Timmer: reparatie en fortificatie ongelden „ —: 7:—: „ 7568:12:8:
200:—:- 9934: 4:—:
Ten Comptoir waijer
zoldijen van 't guarnisoen - - - ƒ
1715: 8:-
7368: —: —
ƒ
i oudkost van 't guarnisoen - -- „
8573:-
„ 1366:4:—:
ordinaire ongelden
„
6:-:
:–:—
Condemnatie reek:
377: 11:—
„
1000:-:-
„
timmer: reparatie fortificatie ongelden„
34:6:—:„ 5696:14:–½
200: —: —
ƒ9934: 4:—:
Dus Te saemen aan Lasten
ƒ180994:16:8
ƒ155000
„ 155000:—:—
zo dater boven de Calculatie aan meerder lasten komt ƒ25994:16:8:
Op voorjaerige Laesten en ongelden is ten faveure van diverse belast ƒ 3589:16:8:
I=o winst en verlies is ten faveur van diverse belast
„-
„ 4754:1:8
ƒ 8343: 18: —
Ten faveure van voorjaerige winst en verlies is ten faveure van diverse belast—
7:13: —
ƒ
„
Blijven de sulx over geheel bandaten nadeel.
8336:5:—:
ƒ
ƒ
5556 : 1:
„
ƒ 160365:19 —
„
ƒ 61896:—:—
40401: 8:—
„
6800: —:—:
1000:—:—:
1500: —:—:
2700:-:-
„ 1900:—:—
5000:-:
2000:—:—
—:—:5:
2000: —:—
ƒ125197:8:—:
„
„
„
-ƒ 2710:8:—:
„ 1717: 3: —:
P„r Transport - - - - ƒ175298: 2:8:
Maart
-
ƒ
„
„
„"
NL-HaNA_1.04.02_8023_0107.xml,"103
Maar om weder te komen op de negotie boeken voormeltsoo
moeten wij ten belangen der rekeningen van debet en Credit,
voor aff in het Confrontatie rapport bij sandere gevlaeg worde gewaakt
nu almede aanhaale dat de Credit posten van ƒ199:16:-: jtem ƒ75:9:- aen
de wettige pretendenten, sullen afgelangt, en die van ƒ 1205: 2: mits„:s
„gaders ƒ226: 10:8: als verschotene gelden bij de bocken van 176 5/6 ge„
„valideert worden, handelende teffens met de posten â ƒ 113: 17: 8: en 199:
3: —: na het voorstel van de Confrontisten terwijl dat met aan=
schouw op de de betposten tot uw hoog Edelheedens gerustheijt word
genotens de somma van ƒ9126: 17:—: door de suijdwester Com„
missianten bij hare op den 28: Ianurij in gediende rekening in be„
„hooren te sijn verantwoord, hebbende de posthouder op haar ge
„nerale agterstal van ƒ1689:4:8: volgens d'eijgenste rekening
ƒ117:19:8 betaalt en gelijk het suijd ooster debet van ƒ30:1:8.
in de boeken van 176 5/6 staat geliquideert te worden, soo salmen
daar bij met een afschrijvinge doen van ƒ422:12:—: teffens vande
bij voorjarige advisen vermelte agterstalle van Lacase
en schuijler ingevolge vande permissie hiertoe door uw hoog
Edelheedens verleend maar de post van Cederwal
â ƒ 469: 16:—: heeft blijve voortlope door een versuijmenis
der
7:8: —:"
NL-HaNA_1.04.02_8023_0108.xml,"der secretarij bediendens om het vereijschte extract ten me
„tie Comptoire te besorgen want men had op de eerste maj
1765: beslooten deselve Batavia weder aanterekenen, en
het blijkt ook uijt de jongst gedenereerde resudriptie, dat
beschadigde borg Bacharad daer over aangesproken ik„
worden:
Ten besluijte vandese materie schietten nog over
het historiael van den gewesen Cassier Poondorff
wierd borgtogt na veel soekens eijndelijk uijt een koop
weggesmeete papieren opgeraapt, de 18. april inge
„diend en als toen beslooten is vande aanwesige Goed
borgen te laten in casseeren rd=s 426: 16:-: met dit gevolg dat
deselve nu wijnige dagen in sComp=s klijne Cassa voldaen
sijn, wegens de mede borgen Craaij, Poelenburg
en vanglan heeft men niets konnen uijtvoekern
want denalatenschappen alvoor eenige Jaaren geremisteert
sijn maar op Maccassar is Carolus Joostensz voor
op zoldijen belast in steeden van Een zuijkr
de somma van Een hondert rd=s 't gunt sekerlijk een
bataviase Schrijffout moet geweest
sijn:—
-
de"
NL-HaNA_1.04.02_8023_0109.xml,"165
leeden gaantans over, en leveren Geene stoffe uijt ten bij
sondere remarque in desen.—
Het Cappittel van de huijsselijke bestellingen
daar en tegen doet ons aanvanglijk affereenen de aller nedrigste
dank segging van den peckenier van den broeke, voor
de goed gunstige legitimatie sijne drie kinderen, dewelke bij
affiscie van billjetten, klooken geluij en andere versogte Ceremo„
„nieele omstandigheeden, als wettige gepubliceert sijn geworden,
na dat hare vader vooreff ten voordeele van het Comptoir ge„
„neraal voldaan hadde, de door den Justitieelen raad bepaalde
„boete van twee duijsend rd=s uijtmakende 1/5: gedeelte van
Smaastotaal besit,
Voorts is ter sittinge van den 28„' Ianuarij aangetekende
het verleende domicilu aan den Chinees Khokinko,
en wij moeten hier bij voegen dat de bandase trafftgquar„
„ten het toenemend getal der Chineesen niet Tal onsie
beschouwen, als sijnde bedervers van den
particulieren handel,
De bij resolutie van den 18„e april gedesigneert=
de soldij boeken geslooten onder ultimo Iunij Jongt
Sordig"
NL-HaNA_1.04.02_8023_0110.xml,"slordigheeden van de Justitieele se cretarissen van Lingen
C: L: omtrent verschijde schepen kennissen heeft men laten reme„
„dieeren op sodanige wijse als het latere besluijt van den 17„e
Iulij behelst
Ook sijn ten laast gemelte dage op het vertoog van den hoofd
administrateur de boeken gesuijvert van parthij oude„
geschondene entans hier niette gebruijkene seguls
De gegagieerders ter getalle van 5, stuks versoeker de„
„moedigst om weder voor een jaar in het genot van de gewone
rustgagie te mogen gecontinueert worden en staan hare na„
„mens bekend op een onder de bijlagen te vinden notitie,
van meerdere extentie ende aangelegentheijt is het poinct
der generale rijst verstreckinge uijt 'sComp=s matigen voor„
raad, en ten ontwijkinge van radelose omstandigheeden werd
de eerste bedenkelijkheijt gevonden in onse resolutie vanden
13:' maart 1766 hebbende in tijds vervolg gebleeken dat de
toenmalige reductie niette voorbaarig geweestis, ja het toe„
„nemende gebrek aan dit hoog benodigde buijkeroedsel / na„
„demalen de particulire aan voer niet noemens waardig
was :/ heefft ons op den 17:' Julij daar aan genoodzaakt
de"
NL-HaNA_1.04.02_8023_0111.xml,"107
de gemeene randsoentreckende dienaren te permoveeren omme
hoofd voorhoofd 10: lb: 'smaands te laten vallen en daar voorgeld
te ontvangen, wijders alhet quantens volk halff rijsten halff
sagoe te verstrecken, tot dien eijnde van de door de vreemdelangen
aantebrengen partijen de helfft voor de Comp: tegens prijs
Courant aanhoudende, in laatstelijk van de aanwesige drie
klijne pantjallangs twee na Amboina te senden, om het sij daar
off anders op Macassar met rijst volladen te werden, ter„
„wijl dat de laast gemelte resolutie tegelijk doet sien op wat voet
men de saken geschikt heeft op dat niemans van de algemeene
verstrecking na den inhoud der laatsten zielbeschrijving mog„
te worde uijtgeslooten. . uw hoog Edelheedens sullen op
dese gronden dan ook een goedertierne reguard gelieven
teneemen op onsen reets gedane eijsch van een duijsend
lasten, met deselve Compleet te voldoen dewijl men anders
in anno proxima niet in staat zijn sal, elken een al was
maat te
maar mondjes „ moet te gerieven, teffens considereerende
de droevige gevolgen bij eene toenemende groote gebrek en
„hoe alle onse voor sorgens niet meerder konnen bewerken
aan"
NL-HaNA_1.04.02_8023_0112.xml,"aan om op den tegenwoordigen voet tot medid februarij 1767
rond te schieten bij gevolge en vroegtijdig ontset ten uijterste
noodsakelijk om niet in de aller uijterste disperatie te verva
van Lonthoir en Ourien, stant niet anderste adver
„teeren, als dat het volk op hollandia onder de poort moet huij„
„houden, vermits de logementen niet langer bewoonbare en de saken
ingestort sijn; Sullende beneeden in delogie van sgelijken h
dak als andersints om vervallen, wanneer de noodwendig
reparaties niet ten eersten onder handen worden genomen en
wat belangt Rresidents wooning op ourien die sal bij ontvangst den
houtwerken binnen korten volkomen herstelt sijn maar
op Poeloaij is gedaan werk, en niet te dugten datten in een
reeks van Jaaren /: buijten in verhoopte toetallen:/ het ij aan
de fortificatie werken dan wel de gesamentlijke apparte„
„menten nogten het nooten huijs eenige noemens waardige
onkost sullen moeten besteed worden, dan omde meer
en meer instortende kerk herbouwt tesien sal sulk
door Comp=s volk moeten geschieden geconsidereert
de aanbesteeding tot hietoe niet gesuccedeert heeft
de gecollecteerde gelden waaraff de lijffbij resolutie
van"
NL-HaNA_1.04.02_8023_0113.xml,"109
van den 20: 9ber: 1765 te vinden is sijn het opperhoofd
ter nadere verantwoordinge toevertrouwt en wij wensch
„ten wel uw hoog Edelheedens portement desen aangaande
temogen weten voor alten opsigte der materiale, wanneer
het poeloaijse kerken fonds niet mogte toerijken ter
betaling, namentlijk off men in sodanigen voorval de
verstreckingen Comp: wegen op Credit sal doen, off anders
uijt het armen Capitaal te Neijra een parduijsent rd„s bij wegen
van leening ligten en daer toe emplaijeeren:
van de Jatij plantagie op poelo Bhun ontvangt men bij
continuatie voldoenende berigten, de bosschen worden schoonge„
houden de boomen regt op geleijd, en tot meerder succes van
dien is van een korten tijd derwaarts gesonden den Serge„
„ant holderman die gesegt word van dit werk grondige ken„
„nis te hebben,
Te waijer het dak vermaakt en de soldering vernieuwt
sijnde sal het wel nodig sijn, dat de resident even als
bevorens ginter domicilie houde, want door het geduurig
verblijff op Neijra vervalt de discipline onder het Velk, den
gouverneur"
NL-HaNA_1.04.02_8023_0114.xml,"gouverneur vind sig met aller hande verdretige saken
accableert, en daar te boven is het onverantwoordelijk een post
van die aangelegentheijt aan de sorge van een sergeant
te defacceeren wat Rossingain betelft daar vereijscht de
veronderde woning van den posthouder eene total vermeu„
winge, en dit sal sonder veel omslag konnen geschieden, da
114
door de hiertoe temploijeeren en beriat gekapte balkjes va
17: voetenlang, en deels door en aldaar op teregten nieuwe ka
brandizij mitsgaders mit behulp vreede aldaar geplaatste ben„
„diten die de gecondemnatie reekening van 176 /6 alweder met een
pare duijsend guldens bevoordeelt hebben, door het leveren van k
en kromhouten blijkens resolutie van den 20: 9ber: 1765 en
15„' hujus voor het overige met den jatij plantagie ginter
seer wel geschapen staande
om de Burgervaart tot nut van de maatschappeij en Colonie
te sien harbloejes sal het ter principalen van uw hoog Edel
heedens afhangen, de particuliere handelaars daar in tegemoed
te komen, want de meeste voordeele proflueeren uijt die verkoop
van sodanige lijwaten, waarin den handel voor de Compagnie
moet"
NL-HaNA_1.04.02_8023_0115.xml,"11
moet gereserveert blijven, de andere articulair van negotie
sijn geensints vandat belang om de kasten voor Equipagie
&„a goed te kenne werkenen gevolgelijk is het alleenlijk de rijst
waar op sij nog eene matige winst soude konnen behaalen
indien daar omtrent met haar een gelijk matige prijs van 45: â 54: rd„s
het last gehouden wierden, maar om dien Corleven als de Comp:
voor 30: rd„s van de hand te setten sijnde nauwlijk 12: percent
moet na de falquatie van de ongelden in staat van winst ver„
„lies geven, en is hier uijt verders seer ligtte begrijpen dat soo al
eenige rijst word in gevoerd, schoon sulks in het lopende Jaar
seer wijnig geweest is, egter de Colonier daar bij geenig voor
„deel geniet, als wordende aff aanden vreemdelingen verkogt„
off buijten slands vervoerd was het dan mogelijk de saaken
heenen te dirigeeren
1
daar leverantie dengenen dat mend ingesetenen vande derde
Classe / geen Comp: dienaeren nogt perkenier we sende/
hare benodigeheeden bij de particuliere Rijst handelaar liet op
koopen onder eene de laastgenoemdens voorteschrijvene
peenale restructie om met de prijs niet bovende 50 rd=s te
stijgen, immers en prijs voorbanda soo matig dat el„
„ken een seer wel soude te vreden sijn daar voor het
gansche
oed
koop
ie
gnie"
NL-HaNA_1.04.02_8023_0116.xml,"gansche Jaar door te konnen geriefft worden en waarna de
ordre van den Jare 1753 lastelijk begreepen ook in gerigt
is, wij durven uw hoog Ed: versetteren hier uijt het govenste
nut ten eersten te sullen volgen, want den handelaar hadde
exprotantie op passabele winsten, de ingeseeten miet gerust
omtrent een duursaam gerieff vande benodigde rijs
ende Comp: konde door de te meermalen soo hooglijk
aanbevolen voorraad van dien in tijde van ongelegenthij
haarselve eenige maten redden, mitsgaders de behoeftige
adsistentie bewijsen, daar men nu door de sedert drie Iaeren
ondergane fatale gebeurtenisse allerhande middelen moe
uijt denken een bewerkstelligen om een algemene hongerij
tevermijde als konnende teegenwoordige particulier
niets op doen alwilde men 150: rd=s voor het last betaelt, da
te boven is geene vreesen voor eenige monopolie wann
delands regenten buijten, het spel blijven en alleenlijk goede
„dres stelle dat de ingevoelde rijst aan slands in gesete
verdebiteert word
de herhaalde ordres nopens de vaart op maccas„
sal men stipt volbrengen, en schoon de nood seer gra
is"
NL-HaNA_1.04.02_8023_0117.xml,"13
is egter nog geen sollicitaat opgedaagt de suijd wester eij„
„landen sijn ditmaal maar van eenige bevaaren, en op de
suijd oostertogten is wijnig geprosponeert, waaruijt den
al weder van selve volgt dat en buijten de verwittigde ontheffing
van te betalene tollen op den goederen na die eijlande nog andere
middelen tot opluijking van de burgervaart moeten bij de
hand genomen worden,
de Commissie nade Suijd wester Eijlanden
is onder primo September: 1765 onder nomen en in de
maand Ianuarij daar van volbragt, wij doen hier geen resiet
van al het geene de hier toe relative en bij resolutie van den
28: Januarij 1766: ingelijfde papieren bevatten, maar noteeren
kortelijks dat de gecommitteerdens door een mindere
trocque van Lijwaten tegens de daar vallende producten ons
maar tenhalven voldaen hebben als sijnde niet meer dan
3734 lb= wax in soortten benevens 11. slaventerugge
beloopt
bragt het gedestribueerde onder de posthouders „ ƒ 91:2:—:
en al het overige soo aan Contanten als Lijwaten
is ter behoorlijke plaatse weder verantwoorde,
mitsgaders door ons gering reguard genomen
op
moe
wanner
ass
gra"
NL-HaNA_1.04.02_8023_0118.xml,"op hare provisionel betuijginge dat het wax voor de bepaelde prijpean
niet konde gelevert worde, want wij hier uijt met reden vermoeden
dat de voormaald g'cepteerde baatsugt weder boven drijfft, dewijl egter
delande regente in persoon soude over komen om hare belangens
tot dien eijnde voor te dragen, soo sal men bij derselver verschijning
hier omtrent nade billijkheijt jugeeren, en onderwijlen hiernog bekend
stellen dat volgens der gecommitteerdens opgave de vreemdelingen
daar omstreeks met meenigte van vaartuijgen verschijnen, en bal„
„dadigheeden pleegen wanneer sekens sien haar oogmerk te beraij„
„ken, egter sijn eenige uijt den hoop gekripten hier aan de gemeene
werken geplaatst men heeft de posthouders twee vaatjes kruijd en 25:
lb snaphaan kogels toegesonde, om in cas van noodsaklijkeijt
de orangkaaijs daarmeede te geneven, onder ernstige recom„
„mandatie hier van geen verkeerd gebruijk temaken, terwijl dat
onder de post van Damme aangetekend staat hoedanig
den stuurman de graaff debaaij aande oosthoek bevonden
heeft, in hope hiermede aan uw hoog Ed: intentie te sullen vol„
„daan sijn en almede goed gekeurt word, dat men de
ingelaste Loratters die na het dictamen der resolutie van
28„' Januarij verklaard hadden. seer gaarne in het
quartier"
NL-HaNA_1.04.02_8023_0119.xml,"115
„quartier tewillen blijven, na verloop van eenige maanden
hare dimissie heeft gegeven.
de Commissie nade Suijd ooster Eijlanden
is vansgelijken niet na wensch geslaagt, gelijk de resolutie van
den 17:' Iulij in eene behoorlijke extentie aanwijst, ten minsten
het ontbreek aangeene voorwendselen ter verontschuldiging
van onse buijten executie gelatene ordres, en daar men voor
heenen altijd geklaagt heeft over het vroeger vertrek van
de particuliere vaartuijgen, weshalven onse Commissiant
de laaste keer dan ook betijds gedepecheert is, soo schuijff men
nu de schuld op de schouders van den posthouder, die de inge„
„samelde producten aan andere verkogt hadde, en dese door
en tegen beswaart sig over het manquement aan gewilde
negotie dus heeft de geheele handel bestaan in ƒ397:16:-:
aan parel d' amoer schulpen, gevolgelijke &„a daar onder
5: lb Caret, en wij advanceeren nopens het laaste dat het aan
onse timiditeijd geen sieits toe te schrijven is, dat de geconi„
mitteerde examinateurs het in de vergange Jaare aangebragte
ondeugend Caret voor de Comp: niet hebben durven accepteeren,
als"
NL-HaNA_1.04.02_8023_0120.xml,"als konnende in Cas van nadere afkeuring te Batavia
ons daar voor niet aansprekelijke doem verklaeren pe„
tans eene attente behandeling in de receptie moetende plaatse
hebben, soo soude het ons seer qualijk worden op genomen,
wanneer men de Compagnie niet onlezerbaare goed wilde
op scheepen en op desen grond versoeken wij uw hoog Edel„
heedens ons van geene verkeerde excusen tewillen ver„
dagt houden want is het dat de beste stucken door ver
duijstering in verkeerde handen konnen, hier voor moet
den fiscaal sorgedragen, hoe wel dat hij in de navorsching
alsoo wijnig sin heeft, als dat de particuliere handelaars van
hare kant met veel ernst staande houden, den aanbreng
van Caret onder de vrije negotie te sijn begreepen, en off
het eenige verandering ten goeden mogte bewerken, soo soude
men dan een preuve moeten neemen miet sulks bij placa
te verbieden, in voegen wij bij anticipatie beslooten hebben
voortaan door de gecommitteerden met eede te laten bekrag„
„tigen, datse desenthalven sComp=s intrest na vermogen
behertigt hebben,
vreemdelingen"
NL-HaNA_1.04.02_8023_0121.xml,"117
Vreemdelingen: van de circum jacenteijlenden, bestaende in
gorammers, Cerammers en Suijdwesterlingen sijn hier ter
gewonetijd geweest, en hebben dese provintie met haere
lands producten in een ruijme mate vervult mitsgaders den
ingeseeten van veele smolle negotie weder ontlast, egter de
laatse met meerder overlegals in vroegere tijden, door hunne
toenemende kennisse in de waerde der geld spesiet, eijschen„
„de tans ducaten en ducatons, voor het gerne sij bevoorens tegens
snuijstereijen met gretigheijd getrocqueert hebben, —
Met de Nabuurige Gouvernementen word
de Correspondentie gecultiveert, en sijn deselve nabehooren
gecrediteert voorde ontvangene rijst, padij, koebeesten, lamp
olij en nagelen, benevens alle daar toe gehorige ongelden
na het dictamen onser resoluties van den 28: Ianuarij en
18:' april deses Jaars, welke laatste met een doet sienden
fatalen uijtslag der Commissie na groot Timor, waar aff
hier voore onder het Capittel van de perken bereets gewaagt
is, en welkent halven men aande eene kant wel heeft moeten
besluijten, de aan reekeningen van het timoreesen opperhoofd
voor"
NL-HaNA_1.04.02_8023_0122.xml,"voor 42: slaven, item diverse noodwendige verstreckinge te va„
„lideeren, edoch van de andere sijde verschafft sulks meede
eene regtmatige reden van doleance, dat door dusdani„
„ge ongeluckige evenementen het gouvernement bande inde
boeken van 176 5/6, alweeder eene ongemeene last post van
ruijm 10000: -: guldens sal hebben te ondergaan, mitsdien
dubbelt Chagrinant om het besuijnigde in diervoegen te
moeten sien absondeeren ten waere dat dat uw hoog
Edelheedens ons wilden toen staen om dese ver„
„liefsen gevolgt bij het inkoops bedragen der overlee„
dene slaven, ten lasten der specerijen op tebrengen,
als deselve direct specteerende,
Op de wissels, ten getalle van 4: stukks
te samen bedragende ƒ 3626:3:—: is de
agio ter Somma van ƒ 145: 1:—: almeede
volgens memorie van den Cassier voldaan
en wij versoeken over sulks dat
de houders van de Eerste wissel
brieven betalingemogen erlangen,
in"
NL-HaNA_1.04.02_8023_0123.xml,"119
Wissel Agio
Een van den V„ hospitalier Carel Siebregts
ƒ 1500: —:— ƒ 60: —: —:
houdende aan den burger Adriaan Specht:
Een van als even ter weder uijtkeering aan den tweeden
administrateur van de medicinale win„
kel Krebs
-
„ 480: —: —„ : 19: 4: —:
Een van den burger Gerrit Bouwer ten voor
deele van den boekhouder Pieter
Lourenszon - – - - - - - „ 732:7:-„ 29: 6:—:
Een van den Stuurman Cornelis Snoeij
aan den burger Adriaan Specht. . . . . . „ 93: 16: „ 36: 1:—
Sommeerende als boven - - - ƒ 3626:8. ƒ 4:1:
onse aanmerkingen op den nute volgend princistabeti
eijsch bestaan hoofd sakelijk hier inne, dat uw hoog
Edelheedens toch in ernstige meditatie gelieven ten eemen
ons seer verswakte guarnisoen, en hoe in weer„
wil vande soonauw genomene bepaling bij
de memorie, egter alleenlijk op de toegestane 585:
militairen 273: kappen manqueeren; waar door de
Casteelen en buijte posten seer slegt beset wesende den
dienst voor de overigen seer swaar gemaakt word:
sijn de blijkens de generale korte sterkte onder medio
in manier als volgt:
aug=s"
NL-HaNA_1.04.02_8023_0124.xml,"aug=s de andere dienaeren almeede seer vermindert
en bij gevolge de op den principaal eijsch vermelte
manschappen seer noodsakelijk, dat wij ders uw hou
Edelheedens een goedertieren aanschouw willen na
„men op ons gebrek aan grove Lijwaten, namentlijk
guinees gem: gebl: Parcallen gem: gebl Salempoeris Gem
gebl Salempoeris br: bl: baftas br: bl: Karikama
roode en Chitsen Souraatse breede ordinaire, en
dat laatstelijk omtrent alle andere articulen
inde vorderinge geenig exces begaan, maar
alles ten uijterste nodig, mitsgaders ten belang
der glaasen aande ordre voldaan is, eerbidigt verpa
„kende dat de weeginge der padij mag blijven stand houden ten Eijnde in Calvan
atte excessive onder wigten het nodige te konnen bewerkstellingen, en
ons met geen enkeld stros te vergenoegen, wanneer het selve voorsz
woed aangeschreeven, gelijk de bevinding van destand vastigheijt dameede antn
dat in weerwil van de gebruijkte preecautees bij den afscheep, egter nog alvo
veel te kort gekomen is, daar te boven hebben wij door ons hier toere„
„tative versoek geensints gedoelt op afgetrapte padij, want desel
„ve na het algemeene gebruijk met het stroo tegelijk aan het
bestiaal"
NL-HaNA_1.04.02_8023_0125.xml,"121
Eijschen
Restanten: verstrekt: voor 1767 1768:
166694: ƒ265840:—: niets — niets: —
hamans met goude hoofde
Chitsen ordinaire smalle
tapekankenias fijne
vlaggedoeken
men voor het Iare
1767: niets benodigt, en
ook niet in staat
is op tegeven hoeveel
na gissing voor 1768 soude
dienen gevordert te„
worden: —
beestiaal word verstrekt, maar wij konnen ook niet op
ons verkrijgen, om stilswijgende te passeeren, dat een bos padij bij den
ontfangst vijff off meer ponden wegende ter gelegentheijt van de
uijtlevering nauwlijks twee ponde kan behaalen, en dat de scheeps
vrienden souden konnen volstaan met het enkelde beroep op het ver
antwoorde getal der bosschen, schoon ten meeren gedeelte leeg, ende
padij quasie door verwerking verspilten vertrapt,
Principalen Eijsch, van alle sodanige
Goederen als men eerbiedigst versoekt dat met
believen van Haar Hoog Edelheedens in
Quant en Qualiteijt ten behoeven van het
Bandase Gouvernement voor den Iare
1767 mogen voldaen worden:
Contanten
Cormandelse Lijwaten
bethilje gem: gebl:
bethilje br: blauw
deekens Gecattoeneerden
gingam onderbroek gestreepte
gingam pinas
moeris br: bl:
moeris fijn gebl:
parcallen fijn gebl:
roemals geruijte
Cassa fijn met Goude hoofde
hier van is nog soo
veel in voorraad, dat
en"
NL-HaNA_1.04.02_8023_0126.xml,"Eijschen
Restanten verstrekt voor 1767: voor 1768.
219.
680:
210:
84.
149
70:
200 ps
100. -„
240„
800 „
960 „
700 800 „
247
Souratse Lijwaten
400: p„s 200 ps baftas witte breede heele
740: 1400 „ 100„ _=o swarte _=o heele
— 200 „ 100 „ deekens gecattoeneerde
300 „ 100 „ pathoolen gemeene
400 „ karikams Groote roode
400 „ karikams klijne roode
480. „ Chitsen ordinaire breede
_o blauw —
Swart
-
—: rood
lampher Crips
1500 lb: Cattoene gaeren dispens zoort
150 paren schoenen
200 p=s bengaalse hemden
— „ hoeden ood debeks
_=o in soorten
„
800 lasten Rijst
1000 lb: peper swarte
1500 „ Coffi boonen
15 „ Spek
15 „ vlees
3 12: - 6 „ tarwe
— 1: — — „ rogge
1626 1480: 2000 steenen„ 1000: teenen Souratse seep
11: 12 vaten 8 vaten booter
fijn groen Laken
80 „ bier
1279
1.500 „
20: d=o
17
12 20 r:o
400 1000: lb
—: 100: v:o
125.
ƒ
— 16:0
4: rollen
250: paren
100 „
200l: 700: l: 1000 lasten
150: 500: p=s
— 200 „
155 2700 3000: lb
1: stuk
diverse Goederen
bengaalse, Lijwaten
100 p=s Chitsen patnasse
„photassen gemeene
120 „ ni quaniassen
160 „ gerassen
100: p=s
100 p„s Chelassen geruijte
1600: „ 1200 „ Guinees gem: gebl:
80: „ 80„ _. o fijn _=o
160: „ 100„ _ o bruijn blauw
100: „ 100: „ Gingam taffechelas
100:„
— „ _:o roode fijne
100: „
— „ _. _:o gemeene
200: „
200 „ moeris gem: gebl:
200:„
200: „ paliacatse neusdoeken groote
100:-„
100 „
_=o
_=o Klijne
640: „
320: „ Salempoeris bruijn blauw
640: „ 320„
_=o witte gem:
„ Cambajen roode
16
55
33
ƒ
-
849
„
„
„
160: 11:
-
„
160.„
30
228
„
„
„
—
—„
—
—
1:„
1:„
2: „
1
—
-
—
—
—
ƒ
_o
_:o"
NL-HaNA_1.04.02_8023_0127.xml,"123
eijschen
Restenten Verstrekt voor 1767 voor 1768:
151
12:
4 „ 3„ tammerinde
6„ 6„ kool in soorten
4„ 4„ Joopen bier
4„ wijn tint
3000: lb: 4000 bossen 2000 bossen padij met bekert stelling van het gewigt
—: ink stoffen in Soorten
150 lb
—. Jugtleer
80 vellen
20 „
— kalffs leer
27 24 leggers 20 legg: arrak
90 kan olijven olij
90 kan
400 „ hollands asijn
400 „
10 lasten zout
13: 15 losten
14000 30000 lb 15000: lb: ijser in platte en vierkante staven verdeelt
3 Confaster
3 Canaster Candij Suijker
15
Hoeder.
300:b 45006 609Ø 4000 dubbelde bossen rottings
„ 1kos — roosen water
— 2 „ 2: kas porcelijn voor den Gouverneur
3500: 1500 lb. 1500: lb: Cadjang
21 50 p=s 30 p=s Iavas hoornvee
— : 20 lb 10 lb thuijn saad in flessen met wijde monden
500 „ staal
10 bladen Geelkooper
10 „ rood _=o
7:. 10 „
— maalsteenen van 18: d=m inden diameter
2
— riemen Groot formaat papier
25. riemen
_ kleen _„o
o
40: „
_=o blauw klad
_:o imperiaal
-
2: „ — _:o mediaan
_=o driek
2: „ — —
100 bossen - bossen schagten
100 lb - lb zeijl garen hollands
25 „ — „ root Zegullak
50 p=s — p=s pennemessen
50 „ — „ potloot pennetjes
15 lb — lb: potlood en roodaarde
10 p:=s — p„s Ceijffer leijen
20 „ - „ _=o Grifften
6 „ — „ Comptoir almanacke van 1767
— „ bataviase heere boekjes
25 lb - lb: Gaaren hollands
25 ps p=s boekbinders naalden
-vellen parkement
met witte bottelzek
voor kerk en schoolen
bijbels in Quarto
psalmboeken in octavo
A: B: C: boekjes
2: „
6 24 Vaten 24 vaten gort en pruijme tesamen
13. 24„
700 1000 „
—: 11: 20 bladen
1: „
—
100
278
400
V:l
8421:
90
1:
1000 b:
150 lb
50 lb
6
ƒ
1
1
4„
6„
—
—
:
—
:
8:
ƒ
-
-
„
e Coev
6
e
8
ƒ
212
22
25 vellen
1 kas
3 „
-
_=o
„
_o
1"
NL-HaNA_1.04.02_8023_0128.xml,"Restanten Verstrekt voor 1767 voor 1768
20:
2000 lb: 2000: lb bus poeder
15 p s
affuijten van 18: pond
12„
_=o „ 12: „
12„
_:o „ 8: „ Caliber met haar toebehoor
6„
„ 6: „
6:„
40 „
500 kippen
1 p:s
150 bladen
3 vatten
100 p=s
14„
50 lb
1 val
57 40 boeken
—
patroon papier
„
Lont in Soorten
dommekragt
Kurk
theer
wissers en Lepel stokken
kruijd siffen, daar onder 8: fijne
Kopere Spijkers
hollands harpuijs
houte blok en nijptang tot Afhaal van handgranaten
Cardoes _o
voor de wapenkamer
laade houten
houten trommen
helmbaarden
trom vellen
trom zijnen
trom snaren
zijn
amaril
borax
sal armoniac
ijser draat
haije vellen
4 10 p„s trom draagbonden
20 „
20 „
16„
30„
6„
4„
30 lb
16„
20„ 100 p=s
10 „
10 30 bofs:
10: 30„
8
10
15.
2
7
69
2
136
611
83500: 327.5
_o „ 3: „
voor d' artillereij
trappen der Jeugd
Kathegismussen
korte uijttreksels de leere der waarheijt
predikatie boeken over de Cathegismus
nagtmaal boekjes
maleijtse predikatieboeken
_=o Cathegismussen
staten bijbels in folio:
1
5
8ƒ
5
3
„
„
4
30
2:
2:
30:
20:
30:
Eijschen
„
„
ƒ
1
-
21
541
66
25
1 p=s
3
4:
13
8
—:
-
1
-"
NL-HaNA_1.04.02_8023_0129.xml,"125
eijschen
Restanten Verstrekt voor 1767. voor 1768
1500 p:s
3000 p:s
2 lb
2„
1„
3„
2„
6„
3¼
1„
6:„
2„
6„
100„
6„
4„
Medicamenten
voor het gouvernement volgens apparten Eijsch
Medicamenten
voor het hospitaal volgens apparten Eijsch
voor het Maderiaal Pakhuijs
G=m
ribben van 3: â: 4:
_=o „ 4 „ 5: „
-
_o „ 5 „ 6
-
panne latten
moole planken van ¾: d=m
–„ 1:—: „
_„o
-
_.
Chineese
dak pannen
vorst pannen
Spijkers als
600: lb= enkelde
500: „ dubbelde
800: „ lasijser
200: „ schot
1000: -  vijff duijms
gru
glase ruijte van 6 en 8: d=m
zijn olij
witloot
Koningsgeel
vermilioen
zo0 kan
800: lb
30„
810
147
1025:
26
3100 lb
100 „
5000 „
20000 „
2000„
5458:
984
2750
11300
1070
2. 100 5762
1142
200:„
200„
7500 „
800 „
.„
voor de lademaker
beijlen
handsagen
spansagen
vermoorbijtel
gudsen
houten omslagen
schaven in soort
bank schroeven
hand schroeven
platte, en halff zonde vijlen
snij ijser niet top
groote blaasbalg 5 voor de roerslotemaker
buijgtangen
raspen
arm veijlen
2
5
Ee
8
E
8
8
7
5
8
5
8
1„
...
1
:
„
ten
oebehoor
26
20 „
-"
NL-HaNA_1.04.02_8023_0130.xml,"Eijschen
Restanten verstrekt doon 1767 voor 1768„
berlijns blauw
15
24„ 20 „
95 50 „
45 20 „
22
6
2 p=s
5 vaten
5„
10 „
10 huijden
10 „
2 ps
2„
10 „
6„
12 bofs
voor de werff en Smits winkel
brand spuijten
ijsere dreggen van 300 tot 500. lb=
2 „ schuijts dreggen
pik
harpuijs hollands
theer
pompleer
boeij leer
m
Cabeltouwen van 8: â 9: dm
5: „ 6: „
_„o „
pardelijnen hollands
6„ eijsser trossen—
wiel trossen
Caijer _=o
huijsings
marleijns
geele ooker
Spaans Groen
Swartsel
verff quasten in Soorten
Luijwagens
platte boenders
ronde boenders
witquasten
penceelen
raagbollen
aand' olij
timmermans dissels
klijn boorijsers in soorten
handhoag vijlen
drie kante vijlen
steek bijtels
kant bijtels
Schaaf _=o
quesjes en Vermoortjes
hand sagen
schulp sagen
spaan _=o
ploegen in soort
blok schaven
schuijff slijpsteenen
draaij slijp steen
Groote door ijsers van een duijm.
ktrijt
buijtangen
nijplangen
20 lb
12„
12 „
12„
12:„
2„
6 „
500 lb
10 p=s
260: 200„
16 50 „
166 400 twnn
80 100 p=s
12„
4 6 „
28 12 „
— 24 „
19 24. 11
12 12 „
4 6 „
18 20 „
20 „
7 12 p=s
4 12 „
2 4 balijs
59 50 „
13. 10 „
6:
-
„
5
2
5
8
56
6
1
„
-
1
ƒ
„
81
195
„
10„
4 „
3„
12„
_=o
_:o
_=o
F
F"
NL-HaNA_1.04.02_8023_0131.xml,"127
Restanten verstrekt: door 1767: voor 1768
Eijschen
30 „
30 „
30 rollen
20 „
14: p=s
20 „
50 lb
30 hoeden
12
10 stukken
4
4
2
2
5
2
1
5
3
8
1
12
4
18 p=s
300 lb
24 p=s
300„
12„
12„
2„
4„—
zaamen
40 balde
25 „
6 p„s
5„
4„
geteerde leijn in soorte hollands
Lantharen hoorent
Zeijl en lijknaalden
Zeykdoek hollands
grauw
werk doek
Zeijlgaeren hollands
half sleeten groot zeijl
1 _=o ook
_=o sware touw
-
poortLaken
halve aamen
Smeekoolen
blicke slonsjes
hand Lantharens
reijst keetel.
Vis _
koeke pannen
Staart _=o
parkemente kaarte van d' suijt oosterEijlanden
_=o _o  „ „ _:o wester Eijlanden
koopere kaarte passer
Zee kaarten van Banda na Maccassar
schrijffpasser
graot stokken
gemeene nagthuijs Compas
roos tot een klijne peijl Compas
_:o „ „ groote Compas
Compasnaalden
lootteijnen hollands
heele en halfuurs glassen
roek
theer quasten
blasbalg van 8½ voet
_= „ 522 „
-
smelt kroesen
traan
dubbelt blik
_=o
enkeld
koopere kraanen
anker stokken
inlandse riemen
spieren in soort
Iatij duijgen
houte bottaliers pompen
ronde nogt huijs Lampen
persiaansrood
1: p=s
1„
1„
3:
6:
1:
„
1:
1„
1„
1000 lb:"
NL-HaNA_1.04.02_8023_0132.xml,"Restanten verstrekt voor 1767 voor 1768
24„
3„
24„
12„
. 6„
„ 5„
„4„
5„
4„
3„
12„
31
6„
8„
4„
6„
4„
4„
6„
6„
3„
2„
4„
12:„
12„
6„
4„
2„
4„
20„
4„
6„
4„
2 vatten
Diverse Dienaren
predikant
Capitain Lieutenant
pennisten, waar onder 3: voor 't negotie Comptoir
Seijl plaaten
timmermans beijlen
diesels
pik Leepels
oogleijsers
sneijeijsers
Cuijpers dissels
_=o hamers
nagel eijsers
raspen
Craanbooren
omslagen
schrop sagen
houte leggers passers
door slagen
Rouw beijtels
draijers beijtels
steek _
draaijers brillon
_=o haken
_=o gudsen
kloofmessen
haalmessen
hol niessen
mast passers
pomp schulpen
draaijers rad
Speijkershamers
Calvaat
_=o
Kroosen
sethamers
mokers
Speerhaaken
gereedschappen in soorten voor den kooper slager
Kuijpers houweelen
vuur blakers
gaat schijven
Setten
naalde hoorns
hoepel tangen
brussels zaut
dieplooden van 15: tot 40: lb
-
Eijschen
4: p=s
1
4„
4„
6„
-
1„
ƒ
—
2„
4„
6„
1:
1:
8:"
NL-HaNA_1.04.02_8023_0133.xml,"129
Restanten versterkt vor 1657: voor 1768
slotemaker
groff Smits
blik slagers
koper slagers
seijlemakers
blokkemakers
draaijers
Cuijpers
Eijschen
4:
Opperchirurgijn
_=o
onder
trompetter
militairen met volle wapenen
vuurwerker
bombardier
Constabels
Cannoniers
glasemaker
„roer slotemaker
Lademaker
mattroosen
geelgieters
Swaard veegers
pathoontasmaker
2.
50:
De door uw Hoog Edelheedens verleende beveelen omtrent de
soldijen, rodewijn, bindrottings, monteeringen, en inlandse
brieven sijnde ijder die het aangaat ter executie aanbevoolen, benee„
„vens alle zodanige andere bij sondere schickingen, als in deesen
buijten expresse aanhaling gelaten sijn, nader te sien in onse be„
„soignes over de patriase brieven en bijlagen sul 19:' febr: 13 ' maart
18: april en 15: hujus,
wat nu betrefft de scheeps Materie soo moeten wij ten
vervolge van het Geene over de gedeeltelijk gesalveerde ladinge
van
1:
1:
300:
1:
1:
2:
4:
8
2:
2:
2:
2:
2:
2:
2
2:
2:
2:
2:
2:
„
-
1
-
1
-
-
-
-
1"
NL-HaNA_1.04.02_8023_0134.xml,"van het schip Giessenburg op den 23:' april bereets verhonden
is hier nog bij voegen, dat men op het ter sessie van den 15: uijns
gediende berigt wegens 7: slaven van welkers overlijden men
dor het agter bijven van de scheepelingen hier ge blijken van
sekerheijt heeft konnen op speuren, goedgevonden heeft dies
inkoops bedragen â ƒ 723:14:-: bij dese Gelegentheijd terugte
rekenen, met qualificatie anden ngtie boek ender va
inselver voegen temogen handelen, met alle de overige hier
ontvangene Goederen uijt de lading van voorsz: ongeluckijesihen
Daar en tegen is na het dictamen der bevinding op deuijt
„geleever de lading van het schip de stand vastigheid niets van
belang te kort gekomen, maar wij sijn genootsaakt geweest
dien bodem met volk te assisteeren als sijnde veele in het hospiter
overleeden de verstrekte noodwendigheeden belooft
ƒ23:5:—: en de Guastos van het sieken huijs ƒ 231:13:—:
jiteme, Soldijen ƒ 1512:3:—
onder"
NL-HaNA_1.04.02_8023_0135.xml,"131
Onder de dienaaren herft den titulare oppercoopman Beijnwan
versogt, dat alhier mogte plaatse gegeven worden aan sij„
„ne demoedigst dank legging voor uw Hoog Edelheedens.
soo goedertierenst verleende adjuditatie ter verplaatsing na
dese provintie, onder eene alle sints opregt versekeringe
dat na uijterste vermogen soude tracten de dierbaere gunste
uw Hoog Edelheedens verder heen waardig temaken
versoekende wijders
den Lieutenant ingenieur Gideon Dulez om de bevordering tot
Capitain
den boekhouder Abraham Arondeus om de bevestiging in
sijn present emploij met de daar toe staande onder Coopmans
qualiteijt en Gagie,
den boekhouder Iohannes Cappel hof om bij verschan„
„sing hier off elders ten goede bedagt te worden,
den memorielosen Lieutenant Christiaan Green, ter be„
vordering tot Capitain Lieutenant
de vaandrigs Iohan ulrick Sneijder en Jan Hend„k Buslan
dat"
NL-HaNA_1.04.02_8023_0136.xml,"dat een van beijde als Lieutenant militairen mogte op tweeden„
den Extra ordinaird uurwerker Iodocus Cornelison
de qualiteijt en Gagie van absaluit Licutenant der arthillerij,
den Commandeerend sergeant Iohan Christiaan Hender
om de promotie tot vaandrig —
Voorts den opper chuirurgijn, Iacob Rudalph wilhelmie„
en den hospitalier Iohan Joachim Siebregts, ommerit
ruijme tijds expiratie ingagie verhoogt te worden,
De Lading van brenger deeses bestaat na den Inhoud
#
der factuur
149: soekels foelij daar onder
35: _=o klim
104: _=o raapen
10: _=o gruijs, nog
204615: ponden nooten in soorten als
21659: lb= vette
131943: „ middelbaare en
51013: „ magere, benevens;
1747: parel d'amour schulpen
5: lb Caret
8: Diverse vogels te samen met de ongelden beloopende ƒ 26212: 62: 8
Wij"
NL-HaNA_1.04.02_8023_0137.xml,"133
wij eijndigen dan met de hertgrondige wensch dat het schip
de standvastigheijt spoedig en geluckig ter indiase
hoofd plaatse mag arriveeren ende venerabele persoonen,
uwer Hoog Edelheedens in Iehovas alleen salutaire
bescherminge beveelende, onderteekenen wij deese inde aller
needrigste hoedanigheeden van /onderstond:/ Hoog Edele„
Gestrenge Groot Agtbare, Manhafte, welwijse, voor
sienige seer genereuse Heer, en Heeren /:lager /uw hoog
Edelens gants gehoorsame en Trouwschuldige Die„
„naeren /was geteekend:/ J„s Petters, E: I: Beijnan, P„r
F„n Wolff, J„s D„ Faucherecau, en F=s Carlebur/ter sijde/
Banda Neira den 24: Augustus A„o 1766.
Batavia"
NL-HaNA_1.04.02_8023_0138.xml,"Batavia,
P.:r de pantjalling de helena
dria maerissen
Petrus Albertus van der Parra„
Gouverneur Generaal, en de wel Edele Heeren
raaden van Nederlands India
Aan zijn Edelheijd den Hoog Edelen gestrenge Groot Agtb: Heer
Hoog Edele, gestrenge groot agtbare
manhafte, wel wijse voorsienige seer
discrete Heer en Heeren,
Niet alleen dat de papieren, dewelke bij vertreck van het
schip De standvastigheijd op den 24: aug=s Iongstleeden niet
hebben konnen vervaardigt worden, tans Compleet overgaan„
maar ook soo bevinden w' ons instaat om bij dit nabrieffje
eerbiedig verslagte doen van het geene in de toenmalige Generale
advisen onder het hoofddeel van de belastingen ten ont
heffingen uijtgestelt is en dus ter sake overgaande alle
gaaren wij het nadere besluijt van den 30 der voorst maard,
bevattende ses diverse bevindingen door d' geinteresseerdens
b'antwoord"
NL-HaNA_1.04.02_8023_0139.xml,"135
b'antwoorden waar op wij onder anderen gedisponeert
hebben, —
Eerstelijk:
om den gewesen p„l hoofd administrateur Iohannes Damius
buijten en behalven de tekort bevondene rijst betalinge te laten doen
van de te min verantwoorde:
354: kannen arrak
20: _o holl: asijn
1: p=s Chitse smalle ordin:
1: „ Guinees gem: Gebl:
10. 1/8 lb=s kooper in soort
163: „ vlees
89½ „ Candij suijker
2 „ thier
1: „ Zegellak en
20: boeken klijn formant papier
edoch viceverse toegestaan het sij in geld het sij in natura nasig
teneemen de overbevonden
5: lb peeper
26: „ poeijer suijker
6: „ booter
——½ „ Loot
43: „ ijser
9¾ „ Cattoen
109¾ „ wax
45: „ Caabse tarwe
275: „ Coffij boonen
2: bottels france wijn
58½: boss padij
Heer
ren
are
seer"
NL-HaNA_1.04.02_8023_0140.xml,"58½ boss padij
1½ lb= garen holl
15: steenen zeep
11:¾ lb: staal
13: bottels rodewijn
303: lb: souratse tarwe
44: „ tammerinde
26: kann: Olijven olij
17¼ lb: ijsere slootplaten
456 „ Cadjang
Ten tweeden.
om ten opsigte van de werff, soo als die door Abraham van Dorssen
waargenomen is ten principalen aan uw hoog Edelheedens te
defereeren, off tot sijnen voordeele sullen mogen komen de in de laeste
periode vermelte equipagie goederen tot een inkoops bedragen van ƒ 10:
als hebbende wegens de voorgekomene bedenkingen daar omtrent
sulke op ons niet durven neemen; ter sake onses beduukens demoneanse
daar ten plaatse alwij ongeschikt toegaat, en bij gevolgter bevordering
van Smeesteren intrest ten hoogste nodig g'oordeelt sodanige ver„
„dere arrangementen temaken als in margine van de bevinding seer
omstandigte b'oogen valt want op die wijse willenelaten vor weden
soude ten laatsten alhet Comp: goed door de Canolen van blan kinlu
„se reekeningen in verkeerde handen komen
Ten derden
om den boedel van den overleeden Lieutenant der arthillerij
Jan"
NL-HaNA_1.04.02_8023_0141.xml,"137
Ian Willem Kok van d' eenekant wel wrij te spreeken, weegens eeni„
„ge temin getransporteerde klijnigheeden, benevens de te kort koning
van 68¾: lb buspoeder, die door de gewoonte omset kruijd bij goed
weer te keeren, sonder ijets daar voor op te brengen, verspilt
sijn edoch vande andere sijde weder te belasten voor 35: lb: lode
handgemeer kogels en twee draaijbassen sijnde de minderheijt van
237: p=s lang scherp gebleeven ter verantwoording van den tegen
woordigen op siender Iodocus Cornelis, vermits hij de gansche=
quantiteijt sonder natellen overgenomen heeft, en voor het ore„
zonder eenige
„rige „ swarigheijt ten voordeele van de Comp: aangehouden een
menigte van verschijde quasiteveel getransporteerde oorlogs
ammonitie ten bedragen van ƒ 1310:—: inkoops
vierdens
Om de voormalige Gecommitteerdens vande hoofd administratie
wolff en haffelt te ontheffen wegens diverse klijne posten van
6: pennemessen
10: A: B: C: bortjes
50: kannen aard olije
118: soekel matten, moetende sijlieden aan de Comp: uijtkoops betaalen
2: bethieljes gem: gebl:
1: moeris _o
_o
1: _:o br: bl:
11: tapekan kenias smalle fijne
1: karikams klijne roode
4. ellen
an
enbur
ri"
NL-HaNA_1.04.02_8023_0142.xml,"4: ellen Swart vrouwelake
15:¾ kann holl: asijn
4:½ _=o france wijn
32: lb= booter
1000: kurke proppen
40: ¾ lb= Coffij boonen
141: — „ Cadjang groene
17: „ Condij Suijker
75: „ peeper
1: roemals Geruijte groote
daar entegen heeft men haerlieden laten gaudeeren
12549:1/3: lb: rijst
838 - „ poeijer suijker
421 kann: arrak
3 p=s salemp=s br: bl:
75 lb spek
87½ „ Cattoen
1/32 „ potloot en rood aarde
69½ „ Caabse tarwe
7: „ thin
1: „ spiaulten
11 „ borax
5: „ kooper
2 7/8 p=s Guinees Gem: Gebl:
10: „ bethilje br: bl:
406:¼ „ ijser insoort
23¼ „ _=o aansloot platen
35: „ staal
10: „ Koperdraad
4: bottels francewijn
64: steene Zeep.
12: swart hondjes
26¼ lb= wax alles soo veel de Dispens wharen betrefft na detractie
van de percentol voor den klijn dispencier, terwijl dat niet op
sigte tot de hoeden en roode wijn gebleeken heeft derselve meerderhijt
herkomstig"
NL-HaNA_1.04.02_8023_0143.xml,"139
herkomstig te sijn van eene dubbelde betaeling, en bij gevolge„
het remboursement van ƒ419: 16: sonder heesitatie ingewilligt, —
Vijffdens
Om het gewesen p=l poelo Aij Hoofd Iacob David
Fauchereau voor eerst niet anders te accordeeren als het
genot van:-
4: soekel motten
½: kan arrak
1¼: „ blijven olij
½: „ waxkaersen
7 1/8 lb Cattoen
¾: „ nagelen
1: steen Souratse seep
61 bossen bind rotting
1 1/8 Guinees Gent: Gebl:
76¾ lb= zout
1½: „ peeper, en
3 1/8 „ Candij zuijker blijvende de finale dispositie over ƒ15: 8: 8:
aan overbevonden Contanten, jtem 5587: lb= rijst offte nade af„
„getrocken gewone spillagie nog ruijm 9: percent op dien
Covel, uijtgesteld tot soolange de boeken van 16 5/6 in vol„
komen ordre sullen gebragt geconfronteert en van alle mits
reekeningen gesuijvert sijn; Laatstelijk
Ten sesden
om aen door de Justitie gedeporteerden opsiender vande
wapenkamer
ie
Heelvincke"
NL-HaNA_1.04.02_8023_0144.xml,"wapenkamer Iacob Storm niet meer tevalideerenals
1: tromvel
½: lb: tien en
1: „ staal en hem daarentegen te belasten
voor
32: bajonetten
30: deegen scheeden
32: piek doppen
4: doornhouwers
23: kopere deegen greepen
1: Suijmes en
22 lb- loot voorts ten voordeel van den Comp: in te boeken
de quasiteveel getransporteerd
3: snaphanen
28: bajonet scheeden
41: patroon tassen
32: Cardon riemen
23: deegens
2: portepees
14: kritsen
4: pistoolen
5: padangs en
3 hellebaarde
In de voorsz resolutie hoog Edele heeren staat wijde
ingelijff de generale Contra Cassa reekening van 176 6/6 ten
bewijse dat de in sComp: Cassa te tellen, somma van ƒ7502
op diverse datums rigtig voldaen is en wij weeten ten dien
regaarde"
NL-HaNA_1.04.02_8023_0145.xml,"141
1: _=o gingam gestreept
regaarde mits anders bij tevoegen als dat de post van ƒ198:0:
over agterstallige sheeren Contingent van eenen Iacobus
Ianibooes, de laatste keer vermelt bij sitting van den 25„e
9ber 1765. blijkens eene door den Gouverneur vertoonde
quitantie van den klijn Cassier: in de maand Aug„s Jongst
leeden ten vollen gelequideert is, —
Wat nu betrefft ons postiruier besluijt van den 8: huijus„
daar in komt hoofd sakelijk voor het versoek van de borgen
voorden hier voren genoemden Ian Willem Kokk, te relesatie
van sekere belasting over het gedeeltelijke bedragen van de 76:
vaatjes bedurven buskruijd, waaraff gesproken word in onse
nedrige genarale advisen van den 24: aug=s deses Jaars onder
het Capittel van de arthillerij, fundeerende haar op sodanige ixcip„
„tive redenen als derselver request beval, en twelk wij heb„
„ben aangenomen uw hoog Edelheedens ter gunstige
contemplatie voor te dragen, soo als wij dan verders
bij desen boven de principale eijsch nog spiecelater ver„
„soeken om
2: packen palmpoosen
1: packen
boeken"
NL-HaNA_1.04.02_8023_0146.xml,"1: packen gingam onderbroeks
1: _:o Zeijl kleeden fijn gebl
4: _:o parcallen gem: gebl:
500: p=s Jatij duijgen
1000: lb= hoep ijser en
1: schilder
De woede van den vuurberg in demaande 7ber
en 8ber: 1765 op het hevigste geweest sijnde, begint nu in het
gesigt van Neijra alweder ongemene sterk toeteneemen,
door de vehemente slagen en het uijtwerpen van steenen
van eene bij na nitte gelavene grootheijt, na het geene men
uw hoog Ed=s niet sekerheijt kan berigten, vermits verscheijde
van de afgeroede en onderweegt gedeeltelijk geborstene
mitsgaders op het lagste, ter Rrijkleggen geblevene steene
bij meticg nog 5: tot: 12: voeten in den diamater groot bevonden
sijn en onder anderen ook een van 15: voeten langen 9:
voeten dik waar uijt seer ligt te oordeelen valt van de
sware steenen die halven weegs in de zuijlen en asch
leggen blijven, maar wel voornamentlijk van de sulka die bij
het uijtwerpen nog heel en gaaff sijn en alhowel van de eere
kont eeniger maten tot gerustheijt soude dienen te strecken
de"
NL-HaNA_1.04.02_8023_0147.xml,"143
de sterke ontlasting van gloeijende materies in het suijdwesten
niet sulken meenigt dat er bereets veele tot aan het laagste
strand eenen Grooten weg gebaand hebben, soo moet egter het g'
exteerde in die twee benouwde maande, waanneer de overvaart
van de werff na de vuurberg ter lengte van 1100: voeten, niet
alleen 300: voeten versmalt, maar ook in dit met steenen
gedempt bestek teffens een heuvel van ruijm 30: voeten bo„
ven het water op geborrelt is, veere bestaanbaare redenen
van nieuwe bekommernisse uijtleeveren, en ons billijk aan
porren ter aanhoudentheijt bij uw Hoog Edelheedens dat de
nare toestand van Neira toch inernstige overweging
mag genomen en demiddelen van beweijliging ten uijtern;
„sten noodsakelijk g'oordeelt worden, want het gevaar is
groot, seer na beij, en met geen pen te beschrijvende
affreuse voorwerpen die dit rasende gevaar te
ons met geduurige veranderingen daet beschouwen te
meer en tusschen poos ofte stilstand van ses minute
tans voorlang moet gehouden worden, ons onder
. 2„
Een"
NL-HaNA_1.04.02_8023_0148.xml,"een nog al nader in extense ter men op te haalen van het gedreu
en geschokt ten eijlande onser bewoning, wanneer diergelijke ver„
bosende vuurklompen met gevaldadige slagen uijt haare divers
Canalen tot verre boven detop van diemberg / welkers per perdic
„laire hoogte van de platte groot op sig selfs gereekent 1572
voeten beloopt:/ na buijten gedreven worden, sal men
sig ten aansien van het ons over het hoofdhangende gevaar„
alleenlijk beroepen op de korte schits hier van te forme
„ren vallende uijt de annex afteekening ingerigt na het
tegen woordige prospect, en van dese droevige expe
tentie, dat bij voortvarentheijt van dien, sonder de
Goedertierne bijstand des heeren, mits kan bel
den blijven:
wij doelen hier meede geensints op de ontruij
„ming van het seer wel gesitueerde en tegens openbar
in vasies door de natuur sterk gemaakte Neijra a
nog minder op de verlating van het selven, nademalen het
kloekmoedig gedrag van den Heer Coijet in eene gelijk
Standige"
NL-HaNA_1.04.02_8023_0149.xml,"145
standige verlegentheijt door den nedrigen versten tekenaar
Sonder intermissie sal herdagt en op gevolgt worden,
maar wij de Haroogen ten principalen op eene veijlige be„
bewaar plaatse voor de levens middelen, ter ontwijkinge van
sware hougersnood, en wij fundeeren ons ten deesen op sig t
te bij uijt stek op het mindere gevaar aande overwal, alwas
het maar alleenlijk aan de kant van Lonthoir daar de ver„
heijt van de lagie lijn regt genomen tegens de post Rijk in
de pat ¾ mijl ofte 9375: geometrische voeten uijt maakt
bij gevolge die vande aangehaalde nauwe overvaart
bij de werff Considerabel overtreffende maar was
de post water vliet bij comber nog in weesen wij
souden dat terrein den voorvang geven konnende
by een totaal herstel van de gesamentlijke logementen ten eerst gem:
plaatse —
getal
v een ruijm van volk soo boven als beneden ge„
plaatst, mitsgaders inde pakhuijsen almeede een
goede quantiteijt van Levens middelen gesalveert
worde, althans wij seggen bij herhaelinge dat de on„
kosten soo exceffief hoog niet sullen op stokloopen,
en
C"
NL-HaNA_1.04.02_8023_0150.xml,"en wij veronderstellen teffens dat uw hoog Edelheedens
onse voorjarige propositie maar Conditioneel hebben van
de hand geweesen op fondamenst datter buijten dien nog ge„
noeg te doen was, invoegen de toenmalige bedugting van hier
door in het generale werk te sullen worden verhindert;
Nie, ten eenemaal ophoud ende nood: perst ons aan, voor de
tweede maal op het aller kragt dadigste te versoeken, om
qualificatie tot herstellinge der Lontorse gebouwen, uijt
hoofde van de hier uijt voort te vloeijene algemene seekerheeden,
temeer: sedert Eenige wijnige dagen de voormalige klijne chaa
steentjes aan de noordkant vrijsterker als bevoorens rookenen:
boven die hier omsteeks als nu op verschyjde plaatsen een sware damp
op rijst, sijnde het na bij staande geboomte op een grote de stantie
tot de grond toe verbrand, eenige hoopen uijtgebrande steeren
klaar te sien dat men niet reden mag vermoeden dat het rum
aan die kant almede lugt soekt, ten ook krijgen sal, vermits de uijt
drijvinge van aarde, afch en stoff bereets twee klijne weegen ge„
„baart heeft:—
Jn"
NL-HaNA_1.04.02_8023_0151.xml,"147
In den afscheeps der soekels foelij per de standvastigheijd en
soekel raap foelij temin en een soekel Gruijs foelij te veel
aangetekent sijnde word sulks te deser occasie door
-
behoorlijke aanreekening geredresseert,
wij hebben almede d' eer uw hoogh„d aante bieden vier
stuks 'tmeede wissel brieven ten bedragen van ƒ14236:15:—
in sComp: Cassa getelt, en welkers agio â ƒ 569: 9: 8: vol„
„gens memorie van den klijn Cassier vansgelijke voldaen
is, de eerste wissels sijn aande houders overhandigt
en wij versoeken oversulks dat op vertooning van de„
selve betalinge mag gedaen worden in maniere als volgt, —
Een wisselbrieff voor Jacob David Fauchereau en Johann An„
„dries wacker ten voordeele van den Cornet der burger Casal„
„lereij te Batavia Ian Pieter Zeijller groot - ƒ1819:1:—:
Een wissel briff voor Carel Iohannes Harder ten behoeve
van den burger Lourens Cornelis bedragende ƒ 2400: —: —:
Een wissel brieff voor den ondergetekenden gouverneur en
directeur deser provintie omme weder uijttekeeren
aan
ge„"
NL-HaNA_1.04.02_8023_0152.xml,"4
aan den wel Edelen gestrengen heere Louis Saillosfert
raad extra Ordinair van Neerlands India benevens
den heer oud scheepen Gijsbert Jan Feijt hbelevender gba
Een Wisselbrieff voor Fredrik van der donk ten favai„
„re van den aanspreeker Nibolaes Nichot ter Comma van ƒ 417: 14:—
Laatstelijk sij het ons G'oorloofft te insteeren
om een vroegtijdig ontset van Rijst en Lijwaten,
en indese verwagting uw hoog Edelheedens toe„
„wenschende eene allergesegenst bestier, gepaart van
alle selfs desiderabele vergenoegingen, betuijgen wij
niet een in violabel ontsagte volherden in de nedrige
hoedanig heeden van /onderstond:/ Hoog Edele
Gestrenge Groot agtbare, Manhafte wel wijsc„
voorsienige seer discrete Heer, en Heer en
/lager:/ uw hoog Edelens Gants gehoorsame en
Trouw schuldige Dienaeren /was geteekend / J=s Petters,
E: I: Beijnon, I=n I„n Wolf, I„s D: Fauchereau, G„d W=m
V=n Renesse en F=s Carlebur :/ terseijde / Banda Neina
den 14:' September A=o 1766:—
D n tameliun
Accordeert."
NL-HaNA_1.04.02_8023_0153.xml,
NL-HaNA_1.04.02_8023_0154.xml,"g'Colentioneerd en accordeert
met dies orgineel
Gaingen
Fr„s Carlebur"
NL-HaNA_1.04.02_8023_0155.xml,
NL-HaNA_1.04.02_8023_0156.xml,
NL-HaNA_1.04.02_8023_0157.xml,
NL-HaNA_1.04.02_8023_0158.xml,
NL-HaNA_1.04.02_8023_0159.xml,
NL-HaNA_1.04.02_8023_0160.xml,
