filename,text
NL-HaNA_1.04.02_8697_0001.xml,
NL-HaNA_1.04.02_8697_0002.xml,
NL-HaNA_1.04.02_8697_0003.xml,"Van
behoort tot het 2 de Deel
1739 Per Schellael"
NL-HaNA_1.04.02_8697_0004.xml,"de
R
beloft"
NL-HaNA_1.04.02_8697_0005.xml,"Register van alle Tohanigh
Den 16 maart pr 't schip
Groenswaard
den 2:' april pert
schip 't Land van
beloften in een kassje
ten selven dage en p: als
pacquet. —
Siam
Register der Papieren
. - - - - folio 1:
missive van het opperh:t Theod:s van den heuvel en raad in Siam
aan haar Ed„s tot Batavia ged:t 25:' Jann: 1738 - - - - - „ 4: —
in een ander pacq:t Briefje aan als Even gerigt weg:s de visitatie en bevinding
van't schip Groenswaard annex 2:' rapporten daar toe relatif „ 49:—
Gewisselde brieven tusschen Siam en Ligor 't sedert den 14:'
februarij tot den 14:' 7ber: d'anno pass:o. . – – – – – – – – – – „ 51: —
Rapport van gecommitt:s wegens te kort bevondene hamans
in 5 packen annex vijff afpakbriefjes en een attestatie daer
toe relatief - - - - - - - - - - - - - - - - - - - - - „ 149:
Resolutie genomen den 16: December 1737: wegens het
sluijten der boeken - - - - - - - - - - - - - - - - „ 154:—
Translaat schuldkennisse verleent door de factoren van't
Siamse hol aan d' E: Comp: gedat:t 27:' meij d' a:o pass:o
annex afreek: met ged:te factoren opdien datum
gehouden - - - - - - - - - - - - - - - - - - - - - - - - - „ 165:
Even in een apart pacq: Aparte brief door het opperh:t vanden heuvel aan welgem:
haar Ed„s tot Batavia gerigt in dato 25:' Jann:
nog in een ander Briefje vande Siamse bediendens als Even gerigt
de dato - - - - - - - - behelsende de gedane visitatie
1738 - - - - - - - - – - - - - - - - - - - - - - „ 166:
brieven en daar toe gehoorende
bijlagen als in desen zijn
ingeschreven en Successi„
„velijk ontfangen van
van./."
NL-HaNA_1.04.02_8697_0006.xml,"Edelh:t ter Secretarije
gezonden
van't Schip 't Land van beloften zoo bij zijn
arrivement tot, als vertrek van Siam annex
2 rapporten daar toe relateeff - - - - - - - - - - - - „ 169: —
Den 28: april door zijn Translaat maleijtse brief gesz: door den Oija bercquelang
van Siam uijt name van den koning aan haar
hoog Ed:s tot batavia alhier aangebragt den 3:'
bevorens - - - - - - - - - - - - - - - - - - - „ 170:
d„o d„o door gem: bercquelang aan als Even gesz: en
ten voorm: dage alhier aangebragt - - - - - - - - - - „ 172:"
NL-HaNA_1.04.02_8697_0007.xml,
NL-HaNA_1.04.02_8697_0008.xml,
NL-HaNA_1.04.02_8697_0009.xml,"folio 1./
Register van
Sodanige Papieren, De=
welke Heden met het Schip
Groenswaard naar Batavia
werden versonden; Geconsi=
gneerd Aan zijn Hoog Edelheijd
den WelEdelen Groot Agtbaren
Heer Adriaan Valkenier
Gouverneur Generaal, benevens
de WelEdele Heeren Raaden
van Nederlands India.
N:o 1. Origineele missive door het Opperhoofd
en Raad deeses Comtoirs, aan
haar hoog Edele Agtb„e de hooge
Indiase Regeering tot Batavia.
„ 2. Secreete dito door het Opperhoofdal-
leen geteekent, aan als boven
geschrc. onder dato deses.
„ 3. Copia d=o. de dato 20. april A:o p=to. aan
en daar als vooren.
4. Dito Dagregister ten desen Comptoir ge-
houden sedert 15. Januarij 1737.
tot 23„ Januarij 1738.
„ 5. - - Een rapport, annex een attestatie
en. /"
NL-HaNA_1.04.02_8697_0010.xml,"Van Siam Den 25. Januarij A„o 1738.
en vijf pakbriefjes, converneerende
hee te kort bevondene op vijff
packen hamans.
N:o 6. Origineele Eijsch van benadigtheeden. soo voor
de Comtoiren Siam en Ligoor, als
den Coning en bercq: voor de Jaaren
1738
11 3/39.
„ 7„ Twee stelle Copia negotie Journaal, groot- en
Casta boecken, voor Siam en
36
Ligoor de Iaaren 17 23/37.
„ 8. ses stellen Copia soldij, Brobeh en Journaal
boeken, van Siam en Ligoor
de Jaaren 17 9/47.
„ 9. Twee generaale Opnemen deses Contoirs, onder
ult=o febr: en ult=o aug. p=lo.
„ 10. Een Enkostrecquering van het onvermijdelijke
verstrekte aan desen bodem.
„ 11. Een Bondel afgaande en aankomende brieven,
naar en van het Contoir Ligoor
sedert 14. febr: tot 14. 7br: p=to.
„ 12. Een Origineele resolutie bij het sluijten der
boeken onder ult=o augl: genomen.
„ 13. Een bondel staal, van diverse Persiaanse en
Suratse Stoffen.
„ 14. Twee kastjes met modellen van Siamse pagoden,
om/"
NL-HaNA_1.04.02_8697_0011.xml,"3
Van Siam Den 25. Ianuarij A:o 1733. /.
om in diervoegen, des mooge-
lijk van glas te werden naa-
gemaakt.
N:o 15. Een bondel Staaltjes van diverse grove
Súratse Chitsen, die door het
hoff gerequireerd werden.
„ 16. Naam Rolle van des Canings Paarde Coopers.
„ 17: Copia Translaat Schuldkennise, ver=
leerd de dato 27. meij A:o p=to.
met dies afreign:
„ 18. Een Cas, warin de Conings en Bercquelangs
brieven beslooten zijn.
„ 19. Een Origineele memorie, de soldijen
Concerneerende.
20. d=o d=o brieff aan het Eerwaarde Cal-
Clegie van heeren Weesmeesteren
tot Batavia in Cachet volant.
„ 21. Twee requesten van den Pakhuijs Opsiender
Floris van Essen en Jacob Dirksz:
„ 22. Een berolfingt Casije met modellen van
glaswerken, die úijt 't Vaderland
werden gereqúireerd.
„ 23. Cognoissement factura van het geladene
in desen bodem.
ts
ts
Siam in't N=ts Compt„r Pudja, adij 25 ' Junnij
1736. /was geteekent:
N„o 1 Bang.
Batavia:"
NL-HaNA_1.04.02_8697_0012.xml,"Copia van ons Jongste
den 6. 8br. en 7. xbr.
aangekomen.
Van Siam Den 25. Januarij A:o 1738: /:
Batavia
Aan zijn Hoog Edelheijd, Den Weledelen
Groot Agtbaren Heere
Adriaan Valkenier
O
Gouverneur Generaal, benevens De
WelEdele Heeren Raaden Van
Nederlands India.
Hoog Edele, Erntfeste,
Groot agtbaare, Manhafte,
Welwijse, Verresiende
en seer Genereuse Gebieden.
de Heeren
Naar het afgaan van ons Jongst Eerbiedig schrij„
vens, de dato 20. april p de Chialoup Ligoor, hier„
schrijvens gaat hiernevens in Copia bezijden, quam ons eerst aan handen p=r
de scheepen zijn hier eerst het schip Groenswaard op 6. octob: er p=r het
schip het Land van Belofsen op den 7. Xbr:
Pr
P=r de Scheepen
'T Land van Bdelo=
ften en Groenswaard.
ontfangen den 16„e maert 1738
Annoƒ"
NL-HaNA_1.04.02_8697_0013.xml,"Van Siana Den 25. ' Januarij A:o 1738. /.
Dankbetuijging over de
gunstige approbatie
houd an de Logie
ontfangen.
A:o p„lo, uw hoog Edelens hoog g'agte schrijvens
van 13. Iulij en 24. Augustus bevorens, uijt welke
met de uijterste Vergenoeging gesien hebbende, de
gunstige approbatie van ons gedrag en behand
delingen, omtrent de passeerde zaaken alhier, onses gedrags.
soo betuijgen wij diendwegen een seer poedmoedige
dankbaarheid, onder Verseekeringe, dat geene
particuliere insigten, hoe die ook mogten ge-
„sullen
naamd werden, oijt of oijl beweegredenen „ kunen
weesen, om aftekien, van een zaake, die niet
alleen volgens hed en pligt, maar ook om het
lang genooten brood gehouden bennen, en allen„
deelen of te bevlijtigen en te behertigen, dat wij Uw
hoog Edelens op het aldernedrigste bidden, soo
wel te willen gelooven, als dat nooijt of
oijt gedagt, veel minder g'effectueerd hebben,
om de Siammers te brengen tot de Leverantie Noijs is hier Sappan-
van een enkeld stuk Sappanhoud aan de
Logie, maar dat geduurende het anwesen
van den eerst ondergeteekenden dese Verfstoffe
/:waar van dit Jaar hebben ingesamelt picols
10945. –. –. :/ althoos naar oud gebruik in
des Conings Clang ontfangen en geladen,
mitsgaders na de beneeden pakhuijsen gevoert
is, Want stellen het wel een goede en voordee=
lige. /.
5"
NL-HaNA_1.04.02_8697_0014.xml,"Van Siam Den 25. Ianuarij A:o 1738. /.
voordeliger, dog onmoo=
gelijk te bewerken
soude sijn.
Twijffelen niet, of uijt
schrijvens van 20.
april vermelt, sal ge„
bleeken.
dat het al de klagten
opperhoofd, als wel om
Waar van diverse peuwen
in't da gregister.:
Den 22. Iunij schrijvens van
de geringe na batavia
thin met de Chialoup.
lige saake voor dE Comp. soude wesen, maar
Niet tegenstaande het soo onmoogelijk bij de Siammers te bewerken,
als met de handen aan den hemel te rijken.
Wij twijffelen niet of uw Hoog Edelens
zullen uijt boven gemeldse schrijvens van 20.
April, albereets niet onduijster hebben ontwaard„
dat alle hier voorgevallen stribbelingen,
moejelijkheeden en darop gevolgde, valsche
klagten, niet soo seer sijn geschied, uijt een
anthipalie tegens den Eerst ondergeteekenden
of zijn gedrag, maar wel om ontslagen te wesen
en aftesetten een op reden steunende en alder-
niet soo seer tegens het billijkste versoek van uw Hoog Edelens, een ge-
andre reden zijn geschiet meene asialise fins en bij alle desselfs natien
in gebruijk, waarvan uw HoogEdelens des gelie-
vende, nog evidenser prouven van tijd tot tijd
kunnen vinden, in onse dagelijkse. aan-
teekening, daar aan ons refereeren, om desen
se verkorten, voor soo verre deselve particulier
zijn, en geen of weijnig aspect op d' ECompc
hebben, maar verder stellen, dat den 22. Junij
Ligaar ontfangen, megen bekomende, een brief van d' Ligoorse Residenten,
gesondene Quantiteijd waar bij bleek, dat meer geciteerde Chialoup Li-
goor tegens het sterk aanschrijven en ernstige
Recom- /"
NL-HaNA_1.04.02_8697_0015.xml,"Van Siam Den 25. ' Januarij Anno 1728.
spargeeren, om goede
valt.
Recomendatie van den bercquelang, door den Pijx som-
battibang, 13. dagen opgehouden, en met maar
38, bhaaren thin was afgescheept, soo deeden
wij ons uijterste best met Insigt om den Coning, die
als het op geen geld saaken aankomt, bijson-
der eergierig begint te werden, ditter kennis te doen dat onder de hand
komen, en de Bercquelang, den welken dood vijand mrrigten.
van gedagten sombatiban is, nog meerder tegens
hem te animeeren, dit aan vertrouwelingen der
grooten en mandorijns, die dagelijks bij ons
quamen te verhaalen als in secreteste, met
bijvoeginge, dat dierglijken gedaente grootelijks
strekten tot descredit van den Coningen
schande van den Bercquelang, vermits daar
uijt konde getrocken worden, dat een Vorst, die
pretendeerd soo magtig te wesen, en in der
daad magtig was, geen vermoogen hadde om
200. beloofde khaaren Thin te betaalen, niet-
tegenstaande sijnen Voornaamsten Minister
daartoe beveelen uijtgav an een minder, die
direct onder hem sorteerde, en oversulx een
Veragting en bespotting.
Dit viel nu omtrent den Bercquelang na Tmelknar Wenchuijs-
wensch uijt, want op 24. Iulij en 13. augustus
ons om te klagen aangeset, en wij uijt vreese
van."
NL-HaNA_1.04.02_8697_0016.xml,"Van Siam Den 25. ' Januarij Anno 1738. /.
En worden door den ber„
klagen, dat excuseeren„
Dog eijndelijk anneemen,
effectueeren.
den Sombatiban van Ligoor.
desselfs valsche reeqz. ver=
nomen.
van een quaden uijtslag en meer andre reeden, in
cquelang aangesevam te het Dagregister op evengenaamde datums, om-
standig genoteerd, zulx g'excuseert hebbende,
soo quamen eijndelijk overeen, om, als den Opra
blad van Ligoor die opentbooden was, soude
en met een goed sulver sijn aangekomen, zulx s' effectueeren, en nam
dit ook ter gestelder tijd sijn Vortgang met een
goed Succes, vermits Communicatie fgaande
met den genoemden Oprablat, niet alleen ge-
noemden blat hebben behouden en bewaart
van sijne totole ruine, die hem over een partheij
valsche klagten van gedagte Sombatiban
over het hoofd king, maar ook gemaakt, dat
Eijsombatiban van Ligoor tot groote avansagie
met voor deloverde Crmp„s van d' CompC. /: want soo lange hij daar gebleeven
was sou der geen naam waardigen thin door
sijne Tijrannije en baatsugtigheijd, waarinne
den koning gelijkt soo niet overtreff, in onse han=
den gekomen zijn :/ sol moeten verhuijsen, mitts-
worpen, en d' onsf aangegaders zijne reecquening van 289. bhaeren aan de
residenten geleeverd thin, dien hij sinisterlijk
en om sijn morserije met de Chineesen te bewimpelen,
heeft opgegeven gehad verworpen, en d' onse maar
bedragende 159. bhaaren en 235. Cattijs, volgens
de Ligoorse boeken is aangenomen, waarbij nog
quam"
NL-HaNA_1.04.02_8697_0017.xml,"Van Siam Den 25. Ianuarij A:o 1738. /.
mitsgaders al den Thin hier
rustende, erlangt voor
d Comp.
Quantiteijd van dit
dems geladen.
Apparentie tot een goeden
quam, dat den Coning gepigueert, door de redenen
voormelt, die wij tegens den een en andern had=
den geuijs, mitsgaders nu ter zijner ooren, door de
quaatwilligers van den Sombasiban waren ge- in 's Conings pakhuijs be-
komen, resolveerden om aan ons te doen geven
-
alle den thin, die in de pakhuijsen en onder de zijne
in Voorraat was, dat bestaan heeft in 224. bhaeren
1.
en 54. lb. waar bij koomende de van Ligoor gesonden mineraal, in beijde bo=
bharen 185: 345. bb. mitsgaders hier ingekogte
45. bh:n en 157. lb. bedraagt den insaam, niet tegen-
staande alle stribbelingen en het Verbot nog
in dit boekjaar, bhaaren 455: 192. lb. die in de
twee scheepen geladen zijn, behalven de 38.
bh=rn 138. ab. met de Chialoup versondene, die nu
bij factura aangerekent werden.
Soo er nu staat te maken is, op de beloffen
van meergemeldten oprablat, die thans het insaam ten deesen Iaare
p„l gesag over de Ligoorse procintie is aanbe-
troud, gedaan den 29. Octob. thoen in de Logie
ons quam besanken, voor de aan hem bewese hulpe„
moeten wij VW. Hoogh Edelens van een goeden in-
saam in desen Iaare verseekeren, waaraan wij
te minder twijffelen, om dat zig spiegelende aan
het Exempel van desen, wel sal aflaaten met
de. /."
NL-HaNA_1.04.02_8697_0018.xml,"Van Siam Den 25. Ianuarij Anno 1738. /.
Den Sombatiban altoos eer
geweest en oersaak van
het thin verbat.
Dat thans hersteld is, en
gekomen.
om laag en den sevendenen
scherken weder boven.
Die den 11. dito werdenin
overgegeven.
de Chineesen te morssen, te meer hij althoos nog
al op zijn woord heeft gestaan, en betoont een
gereegen Vrind voor d'E Comp. te wesen.
Dat contrarie is, met den Sombatiban, want
dien wel ten regten mag toegeschreeven werden, door
quaadwillige van d' Comp: zijnen quaden raad, beglims met beloffen van
groote winsten, een meede en voorname ooirsaak
van het thin verbot op Ligoor en alle de ons over-
gekomene moejelijkheeden, te wesen, dien wij nu
god„ Lof nog meer of min op een reputatieure
alle swarigheijtse boven wijse, soo het uw Hoog Edelheedens dus mogte ge-
vallen, tegens onse gedagten en verwagting zijn te
boven gekomen.
Want op het ontfangen berigt van den pak-
huijs Opsiender op het Eijland Amsterdam, pr een
Het opperhoofd den 5. xbr. expresse praauw, dat het schip in 't gesigt was, den
's Conings brieven en ge- eerst ondergeteekende sig den 5. Xbr. met alle spoet
om laag begeven en ordre gesteld hebbende, tot het
aanstonds ontscheepen en boven voeren der schen-
kagie: reverteerden den selven daarmeede op 7. d=o,
waarvan berigt aan den berequelang lieten doen, en wierden
de brieven en schenkagien den 11. d=o daar aan volgende
gewoonlijker wijse afgehaald, mitsgaders naa de Tjouw=
elang gebragt.
Waarop 7."
NL-HaNA_1.04.02_8697_0019.xml,"„
Van Siam Den 25. Ianuarij. Anno 1738. /.
den bercquelang gingen.
dien seer en hebbelijk
vonden.
Em ons om den prijs der
Lijwaaten te vermin=
deren, wederom op alle
manieren aan is.
Warop te weeten sijnde gekomen, dat gedagte brieven
al in het Siams waren overgeset, soo gingen wij warop den 21. xbr: naa
den 21. Xbr. gesamentlijk met de Overheeden van
beijde scheepen, dien minister opwagten, ten Eijnde
zijne Gunste te versoeken, tot een favorabelant-
woord en spoedige depeche, maar vonden dien
heer seer stuurs, en kreegen geen ander antwoord
op voorschl. Compliment en versoek, als: het
is goed.
Voorts began dien heer den eerst ondergeteekenden
te prijsen, en thoen toetevoegen, dat dewijl den Co=
ning van Sinswas, hem een Eeren naam en
daartoe gehoorende Ernamenten, als goude beetel-
doos en houwer te schenken, nu wat Insigten
moest gebruijken en soo hartrekkig niet wesen.
en daarnaa wanneer denselven gelijk nog al 2. à 3.
reijsen gedaan heeft gehad, zulx op de alderbeleefste
wijto excuseerde en gunste voor de Comp. versogt,
onder betuijging, dat in alles bereid was, en - in
schikkelijk te wesen, soo het maar billijke en
doenlijke begeertens waren, die gepretendeert
wierden, te haquesteeren over den brief en meende
daaruijt te kunnen bewijsen, dat UW hoog Edelhed„s
imclineerden en ons gelast hadden, om den prijs
der./."
NL-HaNA_1.04.02_8697_0020.xml,"Van Siam Den 25. Januarij Anno 1738. /.
dat standvastig excu-
seeren.
scheid nemen.
mitsgaders bedenkingen
het werk te slaan, baart.
twee om redenen ver-
schoven werd.
der Lijwaaten te verminderen en Looden Gomlack
in plaats van Sappanhout aantenemen; dit
mooren en teemen duurden wel 2. uuren lang,
niettegenstaande energier het Contraire van het
een en ander beweerden, mitsgaders overluijd uijt
de overgekomene maleijtse brieven lasen, dog
dit mogt niet helpen, wes heen gingen naa ge=
nomen afscheijd, met het ontroostelijke woord;
slegte Troff bij het af-soo den prijs der Lijwaten niet kan vermin=
dert werden, soo valt er voor d' E Comp. niet
te doen.
Dat ons, op de bereets gepasseerde beleefde
Dat wonderlijke gedagten en minnelijke onthalingen reflecteerende, seer
om de latste hand aan verwanderde, en veel bekomering baarde, mits-
gaders onder den anderen al deed overwegen, om
de Laste hand aan het werk te slaan, en maar
regt uijt 's Comp. Intentie bekent te maken„
dog eensdeels bedenkende, dit wel een streek om
ons te soetsen en te probeeren mogte wesen,
en dat den Coning beloofd hadde, d Comp. gun-
Maar egter nog een dag over stig te willen zijn, en anderndeels, ons voor
oogen stellende, de quaade gevolgen, die het
soude baaren, wanneer een sake, waar over soo
grooten ophef was gemakt, dus ligt wierd af=
gestaen. /."
NL-HaNA_1.04.02_8697_0021.xml,"13
Van Siam Den 23. Januarij Anno 1738. /.
Den 22: Xbr: door twee
berequelang nader Eluci-
Die meede proponeeren,
dewijl het thin versoek
onmoglijk is, oliphants
tenemen.
geslaan, mitsgaders da te er ui't Vervolg op eenig Ver=
soek niet anders stond te volgen, om het selve
aftesetten, dan een brusque onthaal, en diet
gelijker als ons was aangedaan, waarbij nog ko-
mende, dat 'er altijd tijds genoeg is, het errigste
te kisen, soo vonden wij goed, de zaake nog een
dag of twee in tesien, dog desen tijd was 'er
niet eens van doen, want met het vallen van
den avond, daar aan ovr den 22. d=o quamen twee vertrouwelingen van den
der voornaamste vertrouwelingen van den bereque dotie bekoomen.
lang, namentlijk Simieen Bonnak en Simi-
een borkut uijt Name van Sijne Exellentie
den eerst ondergeteekenden aanteseggen, dat het
gepasseerde op gistern avond ons niet moesten aan-
trecken, als zijnde eenlijk geschied, Eerens halven,
en overmits den brief van uw hoog Edelens seer
scherp was, dog dat geensins soude aflaaten
ons alle mogelijke hulpe te bewijsen, met bij
den Vorst te insercedeeren, to't erlanginge van eeni=
ge satisfoctie voor d' Compc. maar dat zulx
aangaande den versogten thin onmogelijk was tanden en gomlak aan-
door dien bereets all den thin uijt de pakhuijsen
aan ons hadden doen geven, en met die op recq: te
stellen, 's Compl. Intentie om de schuld te vermind=
ren, niet soude wesen voldaan, alsoo 'er nog ruijm
buijtenƒ"
NL-HaNA_1.04.02_8697_0022.xml,"Van Siam Den 35. Januarij Anno 1728.
Daar Categaris antwoord
op versoeken.
buijten het bedragen der nu aangebragte kleeden
door de morssereijen van den Sombastiban met
die Chineesen in dat mineraal 500. bhaaren te-
quaat waren, en soo daar nog meer bij quam, die
reeq: sodanig soude beswaart werden, dat 'er niet
anders op konde volgen als klagten, gelijk thans
op het Sappanhous, waarbij quam, dat d'Comp:
in het vergrooten der Thin resgz: sijnes eragtens
geen Voordeel hadde, aangesien all den Thin van
de Ligoorse protiintie, genoegsam in hande van
deselve was gesteld, en overgegeven; Wes den
Coning veel tot afbetaalinge benodigt zijnde te
leveren, den Inkoop der residenten na rato na=
toirlijk moeste verminderen en geringer wesen,
dat sijne Intentie was, om het quaad tot den
grond toe uijtseroeijen en diendhalven overdagt
hadde, Eliphandts Tanden en gomlak te geven„
in plaatse van thin, om tegens Sappanhout
te werden afgeschreeven, voor eens en niet voor
altijd, waar over een Categoris antwoord ver-
sogt, om het den Coning, die nu in een seer goed
humeur was, des morgens met den dag te Kunen
voordragen; wij de kans ook niet willende
verlijken, staeken aanstonds de hoofden bij
den anderen en beslooten de Eliphants Tanden
aan"
NL-HaNA_1.04.02_8697_0023.xml,"15
Van Siam Den 23. Ianuarij Anno 1733. /.
En wij de sanden aange-
cuseeren.
egter, naa dato accep¬
Reeden warom.
aantenemen; en het gemlak te excuseeren, sonder
veel te denken of de redenen van de berequelang so- nomen, dog het loeger
lide waren af niet, vermits notoirlijk bleek, wat
wij ook daar hadden tegen ingebragt, van den
Thin niets soude hebben gevallen.
Dog genoemde Mandorijns hielden haar seer
vreemt, over dat geen Gomlack begeerden, en
gaven niet onduijster te kennen, dat bij en aldien
hier bij bleeven persisteeren, mogelijk alles soude
verdwijnen, aangesien dese Verf expres door de
Tjauw Clangs was ingekogt om aan d' EComp. Dat half gedwongen,
die seekerlijk gedagt hadden, de Conditien haar teeren.
van den Coning voorgeschrl. soude aanvaert
hebben, te leveren; of wij nu hier tegen in-
bragten dies volumineurheijt, en dat de Conditien
onmogelijk aantenemen en al te hart waren
geweest, en meer andre dierglijke redenen, sulx
vond geen Ingang en mogt niet helpen, wes
overdenkende dat de Voorsigtigheid Ceerde,
geen schip te sloopen om een schuijt te
bouwen, mitsgaders dat deese gom op de Sappan
hout reecq: stand afgeschreeven te werden,
en dies bedragen in onse handen quam, in een
koopwaare, dewelke sonder schade door D' Corpl.
wierd /"
NL-HaNA_1.04.02_8697_0024.xml,"Van Siam Onder dato 25: Januarij A. o 1738 /:
dan een over eenkoming
van den prijs.
hooge opgave van dien.
Dog gebragt op 25. theij. -
'1 gomlacq.
Dat den Bercquelang
andienen, en die weder
den Coning.
wierd omgesel, 't welk nogelijk op boven gedagte
reecq van Sappanhout blijvende in een reex van
haaren niet te verwagten was; in dat hout, zijn —
delijk om uijt twee quaden het shirmste te ver-
Wes 'er nu niet resteerden werpen, resalveerden om die gom anteneemen,
soo dat nu het eenigste verschill maar bestond
in de Quantiteijt en prijs, dewelke voornoemde
sendelingen op onse afvraginge declareerden,
namentlijk
Eliphans tanden soo veel als 'er in de Clang
waren tegens 's Conings prijs á 30. thaijlen de
twee in het picol en gomlak 350. picols à 4½ thaijl
'T picol: welke prijsen voornamentlijk van de
sanden door ons verworpen sijnde, soo quamer
wij eijndelijk na veel en lang debatteerens over=
een, dat de Tanden moesten gelden 25. thaijlen
len de Tanden en 3½ theijl de twee in 't picol, zijnde 20. pC=tos minder
als 's Conings vastgestelden prijs, en het Gomlak
3½ theijl, het geene ook immediatelijk den
Bercquelang gingen andienen, en genoemden Mi=
nister in gevolge zijn beloften des morgens vroeg
weder den Coning, draagende zulx op het favo-
rabelste voor, dog vond bij dit inhaelig mensch„
soo ons van goeder hand berigt is door Vrunden
die /.
:"
NL-HaNA_1.04.02_8697_0025.xml,"Van Siam Den 25 Ianuarij A:o 1738
Eerste seer brutaal weij
van sommige voorna¬
vrunden advoueert
aan ons berigt geven
ouden voet herstelt is
„ loofde tanden en
die aan het hof hebben, wij veel tegenstant, gefondeert
principael op een stijfkoppige reeden, zonder nadenken: den welken dit in het
vand' E: Comp: wil niets Laaten vallen; waerom zou„ get aan te neemen
„de ik myn goed minder geven en waaren den Pia
rappacdie en pia poelothip den bercquelang niet toegevallen
met den vorst te demonstreeren de Langdurige resi„ dog door intercessie
„dentie van d' E: Comp: in dit Land, en dat het schande men mandareijen onse
zoude weesen om over soo een geringe saeke die voor het hoofd
te stooten. gewisselijk was weder alles het onderste boven
geraakt, maer het schijnt dat Evengem: reeden den
vorst bewogen was ook aanstonds hier van door drie man„
„dorijnen namentlijk den opra sipipat den oluangtjeducq en dat selvs hier van
en oluang tijpacdie= ons verslag Liet doen, soo dat nu niet
alleen een goede bres in de sappanhout reeck: is ge„
„maekt: maer ook alles weder op den ouden voet gebragt wes alles weder op den
mitsgaders den thin handel tot Ligor /:werwaerts
ten spoedigste met dese tijding en uw hoog Edelens
nadere beveelen tot een goeden insaem d' barcq den thin„
„gieter staen afte senden :/ herstelt, mitsgaders het gom
Lak in prijs 48: pC:tos minder gebragt als waer
voor particulier is ingekogt, ende tanden 1 pC=t schaars
Cto
wanneer daer van gerebateert werd 17:½ prCt:t verlies
op het zilver en 2½ pC=to Courtagie:
En bestaed de beloofde quantiteyt in 150:—
picols Eliphants tanden, en 350:- picols gordlak, bedragen vande be
het welke te saamen bedraagt lattijs 223: 15 th:s gomlak. —
8 2/9 en zal daer voor afgeschreeven werden 12307.
picols"
NL-HaNA_1.04.02_8697_0026.xml,"Van Siam Onder dato 25: Januarij A. o 1738 /:
dan een overeenkoming
van den prijs.
hooge opgave van dien.
Dog gebragt op 25. theij
'T gamlacq.
Dat den Bercquelang
andienen, en die weder
den Coning.
wierd omgeset, 't welk nogelijk op boven gedagte
reecq van Sappanhout blijvende in een reex van
haaren niet te verwagten was; in dat hout, Eijn—
delijk om uijt twee quaden het slimste te ver-
Wes 'er nu niet resteerden werpen, resalveerden om die gom anteneemen,
soo dat nu het eenigste verschill maar bestond
in de Quantiteijt en prijs, dewelke voornoemde
sendelingen op onse afvraginge declareerden,
namentlijk
Eliphans tanden soo veel als 'er in de Clang
waren tegens 's Conings prijs à 50. thaijlen de
twee in het picol en gamlak 350. picals á 4½ thaijl
'T picol: welke prijsen voornamentlijk van de
sanden door ons verworpen sijnde, soo quamen
wij eijndelijk na veel en lang debatteerens over=
een, dat de Tanden moesten gelden 25. thaijlen
len de sanden en 3½ theijl de twee in 't picol, zijnde 20. pC=tos minder
als 's Conings vastgestelden prijs, en het Gomlak
3½ theijl, het geene ook immediatelijk den
Bercquelang gingen andienen, en genoemden Mi=
nister in gevolge zijn beloften des morgens vroeg
weder den Coning, draagende zulx op het favo-
rabelste voor, dog vond bij dit inhaelig mensch„
soo ons van goeder hand berigt is door Vrunden
die /
."
NL-HaNA_1.04.02_8697_0027.xml,"Van Siam Den 25 Januarij A:o 1738
Eerste seer brutaal weij
van sommige voorna¬
vrunden advoueert
aan ons berigt geven
ouden voet herstelt is
„ loofde tanden en
die aan het hof hebben, wij veel tegenstant, gefondeert
principael op een stijfkoppige reeden, zonder nadenken: den welken dit in het
van d' E: Comp: wil niets Laaten vallen; waerom zou get aan te neemen
„de ik myn goed minder geven en waaren den Pia
rappacdie en pia poelothip den bercquelang niet toegevallen
met den Vorst te demonstreeren de Langdurige resi„ dog door intersessie
„dentie van d' E: Comp: in dit Land, en dat het schande men mandareijen onse
zoude weesen om over soo een geringe saeke die voor het hoofd
te stooten. gewisselijk was weder alles het onderste boven
geraakt, maer het schijnt dat Evengem: reeden den
vorst bewogen was ook aanstonds hier van door drie man„
„dorijnen namentlijk den opra sipipat den oluangtjeducg en dat selvs hier van
en oluang tijpacdie ons verslag Liet doen, soo dat nu niet
alleen een goede bres in de sappanhout reeck: is ge„
„maekt: maer ook alles weder op den ouden voet gebragt wes alles weder op den
mitsgaders den thin handel tot Ligor /:werwaerts
ten spoedigste met dese tijding en uw hoog Edelens
nadere beveelen tot een goeden insaem d' barcq den thin„
„gieter staen afte senden:/ herstelt, mitsgaders het gom
Lak in prijs 48: pC:tos minder gebragt als waer
voor particulier is ingekogt, ende tanden 1 prC:to schaars
wanneer daer van gerebateert werd 17:½ prCt:o verlies
op het zilver en 2½ pC:to Courtagie: —
En bestaed de beloofde quantiteyt in 150:—
picols Eliphants tanden, en 350: - picols gordlak bedragen vande be
het welke te saamen bedraagt lattijs 223: 15 th:s gomlak. —
8 2/9 en zal daer voor afgeschreeven werden 12307.
picols"
NL-HaNA_1.04.02_8697_0028.xml,"Van Siam Den 25:' Ianuarij A„o 1738
der courijs. —
Picols Sappanhout waer op reets zijn ontfangen
150: picols tanden en 100: picols gomlak die met
dese boodems afgaan w
maar dewijle ondergedagte tanden zijn 72: p:s
kleene wegende tesaamen 5: picols en 69 cattijs na
volgens de ordres en gebruijken niet aan neemlijk,
moeten wij uw hoog Edelens ootmoedig versoeken
hier omtrend onse overtreeding genadiglijk aantesien,
alsoo die niet willens maer genoegsaem door con„
„trainte, van den koning geschiet is want den
vorst 150: picols beloofd hebbende dog soo veel tan„
„den ind' Elang niet vindende begeerden wel
Expresselijk dat wij deselve om voorschreeven
getal van picols te vervullen, zouden aanneemen,
onaangezien meer als Drie dagen hier tegens hebben
geprotesteerd. —
Dit is nu alles wat wij met het uijtterste
devoir ten voordeele van onse hoog g'agte heeren
en meesters hebben kunnen uijt voeren, en aan de
geresspecteerde beveelen van uw hoog Edelens
in dese saeke onder verhoopinge van een gunstige
agratie voldoen, dat attoos onse eenigste bestrag
„ting zal zijn: enthans ook zullen Effectueeren
met de gerequireerde rescriptie; of de agter houdin„
rescriptie op het point: ge der notificatie voorde tesendene couris en dies
debit onder de hand geen stribbelingen alhier
mat./"
NL-HaNA_1.04.02_8697_0029.xml,"Van Siam Den 25 Januarij A:o 1738
En kunnen die wel zon„
der stribbelingen uijt
chineesen gedaen
dies waerde. —
met het hof zouden bhaaren; —
Waer omtrent uw hoog Edelens op het Eerbie„
digste moeten suppediteeren van neen, dewijl die hoo„
rentjes met d's Comp:s vaertuijgen werdende bo„
„ven gebragt in de pakhuijsen kunnen koomen, en
op geslagen werden, buijten weeten van het hof;
en vervolgens ook uijtgegeven en aan de man gehol„
„pen zonder suspitie, de wijl deselve dagelijxe door
een ijders handen tot den inkoop van kleenighee „ gelevert werden
„den passeeren: en geen de minste ceremonie onder
worpen zijn omze gangbaar te maeken.—
Welke maniere hier dagelijk door de chineesen
werd gepractiseert niet tegenstaende hunne vaertuij= gelijk dagelijx door de
„gen ten alder nauwkeurigste visite onderworpen zijn, werd. —
Enthans nu de zaaken alhier in een beeteren
stand zijn: te meerder doenlijk is voornament„
„lijk wanneer het uw hoog Edelens quame te
belaegen, de helft der overgezondene quantiteijt
maer te melden aanhet hof; dog met prijs
specificatie tot voorkominge van haquetten
dient weegen, die op alle sorteringe niet Equal,
maer op de kleenen meerder als de grooten is
„dewijl bij den tel valideeren, dog Egter Ligt specificeering van
te vinden met een picol te doen na tellen, en
6400: voor een tical of 26: stvrs te reekenen,
Mits. /"
NL-HaNA_1.04.02_8697_0030.xml,"Van Siam Den 25:' Iannuarij 1738
dien schrijven d' siam„
righeijt toe. —
geene vreemdelingen
besogt, en is dies re„
„geering nog Eventira
„nicq.
Niet tegenstaende
ordres gedagt hadden
mits dan een rabat van een tical of ijets meer voor
toegift gemaekt werd, en zal het hof ook desen
prijs aangenaem zijn.
Want meerendeels nu niet uhoog Edelens
E
onvermogen: maer wel hunne geerig en inhaligheijt
het niet senden van toe schrijven: dat geene overgekoomen zijn, waerinne
„mers hun Eijgen gie, wij den bercquelang Eijgen mondig onder het
discoureeren
Nog hebben gesterkt met te seggen dat die zee
gewasjes voor 6: rijx: waaren ingekogt, het wel„
„ke hier 2: theijlen reekend.
Endewijle nog onder de zaeken van dit rijk
dit rijk werd nog door zijn zullen wij uw hoog Edelens nopens het
zelve kortelijk melden dat het nog van geene
vreemde natien werd besogt, en daar inne nog
dies regeeringe geene voornaame veranderinge
dan ten onsen aansien te bespeuren is mitsg:s alles
zoo blijft verdrukt onder een tirannije als wij,
Eerbiedig bij successiev schrijvens uw hoog Edelens
gecommuniceert hebben.
Tot welkers veranderinge nevens ons een
ijder met het afsterven der Eerste konninginne
dat geweest is den 6 aug:s a:o pass:o een gedagten
ten goeden hadde, overmits den vorst seer hier
door/.
E
6
6„"
NL-HaNA_1.04.02_8697_0031.xml,"Van Siam Den 25:' Iannuarij 1738
„ginne op 6: aug:o pass:o —
mandorijns dagelijx
van queda die hem belee„
voorstel aan ons gedaen
om ten dien Eijnde na
d' hooge Jndiase regeering
door aangedaan zynde wel een maand Lang meerder sagtsin„ door de doot der konnin„
„nig, medogent en handelbaar als bevoorens was; maar dit
verdween in rook na die tijd: en leeft hij thans weder als vooren
waer van differente staaltjes zijn omstandig in onse dage, dat weder is verdweenen
„lijxe aanteekening beschreeven.
Onderwelke wel het voornamste is dat zijne man„ den koning laat zijn
„dorijns kleen en groot tot den bercquelang incluijs dagelijxe doet willen. -
in het wit schieten met musquets snaphaanen en pijl en boog
om deselve te bequamen ten oorlog na queda dien vast in
het hoofd heeft, of dat dies koning heult met de bougi
„neesen: de welke a:o pass:o een groote quantitijt menschen
op de kust van Tannasserij geroolt hebben, ende siamse wijle tegens den koning
afgezondene aan hem op een schandaleuse wijze berooft digt heeft, wil oorlogen
en gehandelt heeft: ook heeft hij den ondergeteekende door
den bercquelang al Laaten afvraagen of den gouverneur
van malacca wel zoude willen obedieeren bij en al
„dien wij derwaards een brief schreeven, om aan het
bouginees gespuijs van dient oird geen Levens middelen malacca te schryven
^hier op antwoordende dat wij
of ammunitie van oorlog te verkoopen, dog wij ^ als
mindere zijnde onsen meerder niets konden gelasten: dat Excuseeren en op
maer zulx direct van uw hoog Edelens moest afvloijen te schuyven. -
dewelke niet tegenstaende al overlange ordres om aan dese
schelmen haare dood vijanden geenig geriet van Levens
middelen en ammunitie van oorlog te doen, hadden uijt
gegeven om de vrundschap van den koning soo daar om
versogt./"
NL-HaNA_1.04.02_8697_0032.xml,"Van Siam Den 25 Jannuary 1738
dat ingang vind
schenkagie op het rouw„
beklag der koninginne
gedaen
waer op een guntigh
approbatie werd versogt
versogt wierden door zijne hoogheyt wel zoude willen
dese ordere reittereeren
Soo repliceerde dien heer het is goed dat heb ik niet
geweeten: en vermijnen wij ook te kunnen voorsien dat
dit maer Een snorkerij zonder gevolg zal weesen, schoon
den opra blad van Sigoor al tot een der veld heeren is
g'Eligeerd doordien het spel Eerst over twee jaaren zal
een aanvang neemen
Met het avfrleijden der koning inne gehouden weesende
het rouw beklag navolgens praticq en 's lands wijze te
doen; zoo begaaven wij ons den 7:' aug:o bij den bercque„
„lang en voldeeden onsen pligt meedenemende een geschenk
van ƒ960: 19:- bestaende in
70 p:s zanen
80 „ Gerrassen
50. „ haamans
Somme het verschonkene monteert voorm: ƒ960:19:—
Waeromtrent uw hoog Edelens gunstige appro„
„batie versoeken alsoo zulx na voorige Exempelen on„
„vermijdelijk en op het menagieuste, mitsgaders min„
„der als op het rouw beklag van den Iongst overleeden
koning ƒ263:1:— gedaan is —
Welke menagie ook betragt hebben in het repa„
„reeren van d' Logie, dog dewijle het ons heeft gegaen
gelijk.
e"
NL-HaNA_1.04.02_8697_0033.xml,"Van Siam Den 25:' Jannuarij A„o 1738
Eenigsints bruijk
„eert —
der mattroosen smit
nootsaekelijk was. —
gelijk een ijder die aan oude gebouwen begint tevoeren, soo
bedraagt de gedaane reparatie aan deselve en het praauc„
„wen hok dat ook was ingevallen ƒ4538:14:— door dien
den swaeren voorgevel afbreekende: bevonden meer als
twee derde van het dak ten Eenemaale prot en vergaan
te zijn, en een spoedige herstellinge noodig te hebben
Maar zijnde daer van gekoomen Cosijns, steenen; den athaal en dato
en houtwerken, die maer bruijkbaar waaren g'em„ „baer was g'Emplooij
„ploijeert tot het benuren en voorsien van de twee bam„
boese Loopsen: die voor d' Logie staat Eertijds ge„
bruijkt tot het packen der vellen en nu tot berging
van des bootsmans dagelijkse gereetschap en andere
kleenigheeden, ten Eijnde daer van een smits winkel tot Een nieuwe wooning
en Logijs voor den bootsman en Smit, mitsgaders winkel &=a dit seer,
mattroossen te maken, niet alleen om dat het
gebouwijes dat ten Eijnde voorsz: agter de Logie
staet met den Excessiven Water vloet van voor 2
Iaeren een swaeren krak heeft gekreegen en gans
begint over te hellen, mitsg:s bouwvallig is, maer
ook en wel ten principaalen om die knaapen onder
het oog te brengen, de welke agter en buijten sigts en
gehoorlogeerende, in plaats van werke, sig tot dronken
drinken en het pleegen van baldadigheeden
en alder hande insolentien begaeven
p op de Jongst ontfangene Extracten uijt de
generaale;"
NL-HaNA_1.04.02_8697_0034.xml,"Van Siam Den 25 Jannuary 1738
dat ingang vind
schenkagie op het rouw„
beklag der koninginne
gedaen
waer op een guntige
approbatee werd verogt,
versogt wierden door zijne hoogheijt wel zoude willer
dese ordere reittereeren
Soo repliceerde dien heer het is goed dat heb ik niet
geweeten: en termijnen wij ook te kunnen voorsien dat
dit maer Een snorkerij zonder gevolg zal weesen, schoo
den opra blad van Sigoor al tot een der veld heeren is
g'Eligeerd doordien het spel Eerst over twee jaaren za
een aanvang neemen
Met het overleijden der koning inne gehouden weesen
het rouw beklag navolgens praticq en 's lands wijze
doen; zoo begaaven wij ons den 7:' aug:o bij den bercqul
„lang en voldeeden onsen pligt meedenemende een gesche„
van ƒ960:19:— bestaende in
70. p:s zanen
80 „ Gerrassen
50. „ haamans
Somme het verschonkene, monteert voorm: ƒ 960:19:
Waeromtrent uw hoog Edelens gunstige app
„batie versoeken alsoo zulx na voorige Exempelen on„
„vermijdelijk en op het menagieuste, mitsgaders min
„der als op het rouw beklag van den Iongst overleeden
koning ƒ 263:1:— gedaan is —
Welke menagie ook betragt hebben in het repa
„reeren van d' Logie, dog dewijle het ons heeft gegae
gelijk."
NL-HaNA_1.04.02_8697_0035.xml,"Van Siam Den 25:' Jannuarij A:o 1738
Eenigsints bruijk
„eert —
der mattroosen smit
nootsaekelijk was. —
gelijk een ijder die aan oude gebouwen begint tevoeren, soo
bedraagt de gedaane reparatie aan deselve en het praauc„
„wen lok dat ook was ingevallen ƒ4538:14:— door dien
den swaeren voorgevel afbreekende: bevonden meer als
twee derde van het dak ten Eenemaale prot en vergaan
te zijn, en een spoedige herstellinge noodig te hebben
Maar zijnde daer van gekoomen Cosijns, steenen; den afhaal en dato
en houtwerken, die maer bruijkbaar waaren g'em„ „baer was g'Emplooij
„ploijeert tot het bemuren en voorsien van de twee bam„
„boese Loopsen: die voor d' Logie staat Eertids ge„
bruijkt tot het packen der vellen en nu tot berging
van des bootsmans dagelijkse gereetschap en andere
kleenigheeden, ten Eijnde daer van een smits winkel tot Een nieuwe wooning
en Logijs voor den bootsman en Smit, mitsgaders winkel &=a dit seer„
mattroossen te maken, niet alleen om dat het
gebouwijes dat ten Eijnde voorsz: agter de Logie
staet met den Excessiven Water vloet van voor 2
Iaeren een swaeren krak heeft gekreegen en gans
begint ove te hellen, mitsg:s bouwvallig is, maer
ook en wel ten principaalen om die knaapen onder
het oog te brengen, de welke agter en buijten sigts en
gehoorlogeerende, in plaats van werke sig tot dronken
drinken en het pleegen van baldadigheeden
en alder hande insolentien begaeven
p op de Jongst ontfangene Extracten uijt de
generaale.
23"
NL-HaNA_1.04.02_8697_0036.xml,"Van Siam Den 25:' Jannuarij 1738
antwoord op de jongst
ontfangene Extracten
uijt het patria
generaale missive door de hoog Edele groot Agtb:s heeren
seventhienen in't Patria aan uw hoog Edelens
gerigt sub dato: 12: 7ber A:o 1726: ende welke hier
onder vermeld staan kunnen wij met diep schuldig res„
„pect niet anders antwoorden dan. —
Extract uijt de Generale
missive geschreeven door de hoog
Edele Heeren 17en in't Vaderland
aan haar Edelens Den Gou„
Verneur Generael, ende
raeden van India, tot
Batavia, gedateert den
12:' September 1736. vervattende
De materie van
Siam
De Siamse zaeken zijn en blijven in een
slegten stand, op den Eliphants tan„
„den voor d' Compagnie in gekogt was,
na aftrek van het verlies op de duca
„tons in den tijd van drie Jaaren door
den anderen geslagen inde souratse
directie niet meer geprofiteert als
1¼4 pC=tos. het restant van 's konings
schuld ontstaande uijt het onvoldaen
gebleevene derde deel der overgezondene
zilver werken, inplaats dat het
zelve in Contant of thin had
behooren voldaen te worden, soo als
Dat de hier in A:o 1730: aan„
„gebragte zilver werken
„sijn verrekent
in contanten thin en sappen
„hout na volgens het Ex„
„empel van't jaar 1722:
waer tegens soo door de
Jltustre jndiase regeering
en de bediendens alhier wer
genoeg is gedaan zonder
Baat, want na veel protes
„tatien op en weder men
Eijndelijk die heeft moeten
in den jaere 1733. verreeke„
„nen in voegen als voorsz:
staat, waer uijt dan mede
is./
UWE: /"
NL-HaNA_1.04.02_8697_0037.xml,"25
Van Siam Den 25 Jannuarij A:o 1738
is koomen te profluee„
„ren het considerabele
verlies van ƒ17387:1:8:—
door dien het bedraegen
bij factuura monteeren
„de Cattijs 551:19:10
7/18 of ƒ 79485:-: - soo
heeft het hof gedagte
zilver werken hebben
„de doen na weegen daer
voor niet meer willen
goed doen dan Cattijs
355:10:- zijnde dies
waere gewigt in selver,
mitsg:s het maak
Loon van 4¼ theijl
15: Cattij dat bedraegt
Cattijs 75:14:7: 8n
over zulx te samen
Cattijs 431:4: 13: wes
verlies Cattijs 120:14:
13 7/18 of ƒ 17387:1:8:—
Uw E: dat gaarn gezien hadden
was met sappanhout betaalt,
het welk bij verkoop daer in loco
niet meer had mogen gelden
als ƒ2:5:- 't picols van 118 lb
ook was op gem: zilver wer„
„ken die met de ministers van
't hof niet Eerder als in't
boekjaer 1734 hadden konnen
verrekent worden, volgens den
brief van't opperhooft W=m
D' Ghij en raed van 24: Xber,
desselven Iaars verlooren een
Excessive somma van
ƒ17387:1:8:—, en had men
onaangesien dit verlies, /:na
dat wij uijt dat schrijvens be„
grijpen:/ Egter konnen goed
vinden de voorsz: schuld
te verEeffenen en den koning
te quiteeren, zonder dat wij
uijt deselven Even gemackelijk
hebben konnen verstaen,
Waar uijt dit verlies op de
zilver werken Eijgentlijk is
ontstaan, of Wat de waere
oorsaek van het zelve geweest
zij, dat de ministers in zul¬
„ken gevallen wel wat duijde„
^ behooren te melden wijders hadden
„lijker hadden ^ de lasten van
het Comptoir in den jaare
1734."
NL-HaNA_1.04.02_8697_0038.xml,"Van Siam Den 25 Jannuarij 1738
1734: bedraagen ƒ 3515:1:8: zijnde
ƒ867:11:— meer dan het jaar te
„vooren, waer tegens geen, winsten
zijn behaald om dat de Siammers
de kleeden en Lijwaeten soo het
Schynt in't geheel niet hebben
willen accepteeren, en beven dit
alles bedroeg het gunt de koning
aan d' E: Comp: nog schuldig bleet
uijt andere Hoofden een Capitaele
somma van ƒ174221:7:8:, en
„de schuld die den bercquelang
nog apart ten agteren is, bedraegd
meede ƒ3836:14:— welke agterstallen
uw E: gaarn zouden sien dat
in contant of thin mogten vol„
daan worden in plaats van dat
ongewilde verfhout dat nu als
gezegd is voor ƒ 2:5:- het picol is
verkogt, veel verschillende van voorige
tijden, volgens het genoteerde
bij onse brief vanden 14:' 7ber
1731. waer uijt blijkt dat uw E:
in die tijd van opinie waren,
dat het overschietende Sappanhout
in Siam zelve aande chineesen
wel met 50 pC:tos advance zoude
konnen worden omgeset, en
dan.
ƒ"
NL-HaNA_1.04.02_8697_0039.xml,"Van Siam Den 25:' Iannuarij A„o
1738
Dan diende men nog wel voor
een singuliere gunst bewijsing
van't hof aante merken de ge„
„daane Leening van 200: Cattijs
Siamse mund zonder intrest
daer den koning en benquelang
boven en behalven het te kort
betaelde op de zilver werken nog
zoo Een notable Somme van
ƒ178058:1:8:— aan d' Comp: schul„
„dig zijn, wij zien wel uijt uw E:
brief van den 30:' november 1734
dat uw E: ter verbeetering van de
negotie dese en geene middelen
hadden in't werk gestelt, als
namentl: bengaalse, en Cor„
„mandelse Lijwaaten afte zen„
„den, om te Ervaeren of die in't
Siams rijk met meerder ad„
„vans zouden konnen worden
de Eliphants tanden zijn
nu na de begeerte en
omgezet, dat uw E: ook voorne„
ordre van de Jllustre
„mens waren Caabse Eliphants
Jndiase regeering
op een lageren prijs
tanden /:daer uwE: vermeenden
gebragt, maer is
rijkelijk genoeg van te konnen
dies insaem voor als
nog niets naamwaer„
voorzien worden:/ voor den han¬
„digs, dog hebben daer
„del in Souratten te Emploijeeren
van een beeteren ver„
„wagting vermits alle
in plaats van Siamse om dersel„
Stribbelinge aan
een kant zijn, en den
„ver duuren inkoop en slegt
vorst
rendement"
NL-HaNA_1.04.02_8697_0040.xml,"Van Siam Den 25:' Jannuarij 1738
vorst ten opsigte van
d' E: Comp: ten Eenemaale
is verandert, en zullen
wij zoo wel hier in
vigileeren en dekans
terwijl nu alleen in
dit rijk binnen, waer
„neemen als met
uijtterste vermogen
demenagie beherti„
„gen en betragten -
Rendement ten waere de
Siammers te disponeeren
waaren om de tanden 20:
â 25 pC=to beeter koop afte staen
maer of dit alles veel op neemen
zal om de frequente handel
der Engelse en mooren die
met af en aan vaeren groo„
„ter negotie drijven als d' E:
Comp: met haere vaste residen„
„tien, zal men vanden tyd dienen
af te wagten, en verder de zaeken
aan uw E: goede voorsorg ende
attentie der ministers bevoo„
„len Laten; soo Lang men doen
geresolveert is niet soo seer om
winst als wel om andere po„
„litique redenen de Comptoiren
van Siam aante houden,
Insonderheijd zullen de ministers
alle mogelijke devoiren dienen
aante wenden, om de oude schul„
„den inte vorderen, en voor al niet
grooter te laten worden, de privile¬
„gien te maintineeren, alle schade„
„lijke nieuwigheeden vande hand
te wijsen, de Lasten en onkosten
zoo van scheepsruijmte als ander„
„sints te menageeren en voorts
alles te doen wat zij in een
zoo sobere toestand van negotie
In dat rijk voorden welstant
van d'E: Comp: volgens Eeden pligt
verschuldig zijn
nader./"
NL-HaNA_1.04.02_8697_0041.xml,"29
Van Siam Den 25:' Jannuarij A„o 1738
Nader Extract uijt
voorsz: missive onder de
materie van
Bengale. -
Ondertusschen valt het verdrietig
telkens te verneemen, dat
d'Comp: soodanige schade en
winst derringen moet ondergaen
door dien dat de gezonden han„
„del whaaren vande verEijschte
deugt niet en zijn als dat
blijkt niet alleen bij de beven
gem: sergies en ras de ma„
„ronnos eenige stucken fluweel
en andere goederen meerder in
de brieven hier en daer voorko¬
„mende, maer dat ook sommige
goederen soo Lang bij de pack„
„huijsen blijven overleggen, datse
ten Eenemael bedurven en
onverkoopbaer zijn, hebbende
Volgens uw E: brief van den
31:' Julij 1734. een stuck
Carmosijn rood Laken Lang
47 @: het welke sedert den
Iaere 1680: was blijven overleggen,
met een verlies van 60¼ pC=to
moeten verkogt werden, dat
heel."
NL-HaNA_1.04.02_8697_0042.xml,"Van Siam Den 25 Jannuarij 1738
heel Ligt te previneeren zoude zijn,
zoo de pakhuijs meesters maer de moeij
„te wilden neemen vande goederen
die na de buijten Comptoiren afgezon„
„den worden, alvoorens terdeeg te
^ en nasien of wel geconditioneerd
Examineeren ^ en behoorlijk in
gepakt zijn, diet ook de ministers
van alle de Comptoiren presise daer
toegehouden wierden dat zij jaar
een Lijst van de restanten bij de pak„
„huijsen na Batavia of zenden,
met uijt druking vande tijd, wan¬
neer de Goederen aande Comptoiren
ontfangen zijn in welken gevalle men
heel Ligt zou konnen ontdecken
welke en hoedanige goederen daer
van ouds geleegen hebben, om de„
„zelve tot verhoeding van verdere
schade in tijds vande hand te setten
en voorte koomen dat het goed
zoo Lang niet Leggen blijft,
't geen wij dan ook verstaen, dat
voortaan precise zal moeten
werden geobserveert terwijl niet van
sints zijn al zulke schadens,
die Enkel door versuijm of bedrog
werden veroorsaekt, Sanger voor
reeck: van d Comp: te laten passee„
„ven daerom hebben uw E: wel ge„
„daen het verlies op het thin, dat
om de Vuijligheijt daer in en onder
vermengd met een min wigt
van 13775 lb: had moeten versmelten
worden/"
NL-HaNA_1.04.02_8697_0043.xml,"31
Van Siam Den 25:' Jannuarij A„o 1738
kort bevonden 10 p:s
de scheeps overheeden
op reeck: gestelt zijn
worden, te laaten vergoeden door
de geene die het in Cimbeerde. —
/:onderstond:/ Accordeert /:getekent:/
G„s Cluijsenaer E: g Clercq
Wij betuijgen ook onse ootmoedige dankbaar
„heijt, met alleen ofr de verleende qualificatie tot
afschrijvinge van ƒ3205: 17:—, A:o pass:o aan de
scheepen d' Hopvogel en opperdoes verstrekt,
mitsg:s die van ƒ43: 6: 8:—, spruijtende uijt een
nagelaten disperaate Ligoorse schuld door den re„
„sident alexander walraat, en dat uw hoog Edelens
hier omtrent onsen misslag zoo gratieus hebt
gelieven ofe het hoofd te sien maer ook voorde koop„
„manschappen provisien, en andere goederen, dien uw
hoog Edelens behaagt heeft ons per het schip
'T Land van beloften thans toe tezenden en maer zijn daer op te
zijn deselve wel uijt geleverd Excepto 10: p. s hamans namans in 5 packen
inde packen N 971: 970: 983: 976 en 1003. navolgens
luijd van een hier nevens gaende rapport en attesta„
„tie en blijk der pakbriefjes gedateert Houglij
Den 7:e maart A:o 1737. en getekend door J:n drabbe
en In: thielen, te kort bevonden zijn thoen deselve
als hun gewigt niet houdende, wierden geopent
door den tweeden D' Glij, en Expresse g'committer„ die tot naderen ordere
„dens ten overstaen, en in het bij weesen der scheeps
overleeden, dewelke dies bedraegen gereekent tegens
vkoops
8
6"
NL-HaNA_1.04.02_8697_0044.xml,"Van Siam Den 25:' Jannuary 1738
het betuijging over het
afsterven van zijn hoog
en verheuging wegens
d'aenstelling van
zijn hoog Edelheijt
tot successeur in die
Eminente Scharge
bij den Eijsch na de
ordre gerigt gaat thamp
dubbelt over —
verkoops prijs, en apzulde ƒ103:10:— bij provisie en
ter nader ordre van uw hoog Edelens op hunne
reeck: gelast hebben te stellen en thans bij fac
„tuura terug schrijven
Met groot Leedwesen is ons gebleeken bij
Edeltheijt, A:n Patras Schrijvens van 13:' Julij A:o passo: het afsterven van
zijn hoog Edelheijt den wel Edele groot agtbaren
Adriaen valckenier heere Abraham Patras, en daer en teegen
wederom met veel verhuiginge de aanstellinge van
zijn hoog Edelheijt den Wel Edelen heere Adriaan
valckenier tot gouverneur generael van
Nederlands India, weshalven nopens 't sterf
geval pligt schuldig onse Condolleantie afleggen,
en wijders de vrijheijt neemen zijn hoog Edelheijt
als successeur indese Eminente en hoog wigtige
charge met alle respect te feliciteeren, God
almagtigh smeekende op zijne hoog Edelheijt„ be
„neffens uw wel Edele hoog Agtb:r Jllustre persoonen
en familie zijnen mildrijken zeegen uijt testorten
soo tot welvaeren van 's E Comp:s belangen, als vol„
„doeninge van eens ijders wenschen inhet bijsonder. —
Op den thans dubbeld afrgaenden Eijsch, na
de ordre met den vertier voor een rond jaer, dies wins„
„ten en restanten, mitsg:s dat 'er benoodigt is gerigt en
welkers voldoeninge so na doenlijk van uw hoog
Edelens"
NL-HaNA_1.04.02_8697_0045.xml,"Siam Den 25 Jannuary A:o 1738
Van
consideratie nopens
het zenden van een
meerder quantiteijt
Lijwaten. —
het restant van
Pappanhout bestaat
een verband schrift
te maeken nopens de
Erlangde tanden &a
Edelens seer needrig versoeken hebben, wij maer soo veel
Lijwaten gestelt als desen Iaere zijn aangebragt
dog zoude het oversenden van een meerdere quantitijt
onses geringes Cragtens onder het wel wijser oor„
„deel van uw hoog Edelens niet nadeelig aan
d E: Comp: en het hof /:dat thans met de verban„
„ding der koninginne als uijt geput is, dat uw hoog
Edelens best en klaer in onse dagelijxe aantekening
bij den Consideraabelen afhaal van doeken die alle ver„
„bruijkt bennen of uit kort staen te werden sedert
6: aug:s tot 18: Decemb: kunnen ontwaeren aen„
„genaam zijn, en draegen wij Eerbiedig dit uw: hoog
Edelens voor, vrmits de insigten dien'er mogten ge„
„weest zijn om bekronpen te handelen nu als ver
„dwijnen en ophouden; Eensdeels om dat uw hoog
Edelens benoodigt sappanhout tot stuwing der
na het Vaderland vertreckende scheepen, waer van ons restant
thans is ld: 461197. en met het geene nog staan in te
Samelen genoeg om 3 scheepen wanneer het uw hoog Edelens nog picols.
noodig oordeelen die te zenden te laeden en anderdeels
dat na het optineeren der Eliphants tanden en gom„
„Lak, den Eerst onder geteekende gevergt en genoodsaakt het opperhooft versoot
werdende na de gebruijken alhier een verbant schrift te
„passeeren, dat dit maer voor eens was geschied en nooijt
of ooijt meer zoude gebeuren door hem of eenig ander
opperhooft, zulx niet heeft willen Executeeren, dan
onder reservatie van dese Clausul, bij en aldien
de/.
33"
NL-HaNA_1.04.02_8697_0046.xml,"Van Siam Den 25 Iannuarij 1738
van een clausule reseva„
toir zal na komen
voordragt en bedenk in„
„gen open tot het zenden
ducatons
den berquelang g'uijt
dat onder reseratie De reek: van Sappanhout niet weder te veel en groeijden
te hoog opstok komt te loopen houdende alsoo een
middel aen handen om die reek: te temperen
Nog draegen wij uw hoog Edelens ootmoedig voor
van 21000 p:s zilvere dat bij en aldien konden resolveeren over te zenden 500:
Cattijs zilver, of 21000 Ducatons, schoon die hier voor
als nog niet zeer benodigt zijn, en een tamelijke somma
contanten in voorraed hebben, zulx mogelijk zeer soude
bevorderen eenen vrijen handel in alles alhier, met
daer bij aan den bercquelang te schrijven, dat in
Vertrouwen van vrijheijd in den handel voortaan te zullen
Erlangen dese penningen of wierden gezonden, dog on„
„der dese restrictie aan ons desselvs dienaeren
bij en aldien het den koning mogte behaagen dit
gelijk zijne voorsaeten toetestaen dese ducatons na
d' elang te brengen, en andersints of bij weijgeringe
te rug weder na Batavia te zenden, vermits het
een alte groote schade voor d' E: Comp: is, sjaarlijx
geld om met groot verlies vermunt te werden over
te zenden zonder een middel te hebben om het zelve
te besteeden mitsgad:s dat het rendement der
contantien vande kleeden genoeg is met het geene
hier nog in Cassa resteert, om Eenige Iaeren
den thin handel tot Sigoor ende guastos alhier
die selfde reeden tegens voor te setten en te doen dese Eijgen reeden hebben
wij op de vraage waerom desen Iaere geen contanten
6
waeren."
NL-HaNA_1.04.02_8697_0047.xml,"35
Van Siam Den 25 Jannuarij A„o 1738
antwoord daer op —
bedenking door wat
middel den vrijen
gaan hier nevens
op het sluyten der
Waaren aangebragt aan den berquelang, en dien heer
weder aan den koning toegevoegt den welken daer 's konings favorabel
op hadde g'antwoord het is soo met verdere favorabele
declaratie nopens den handel voor ons, dog het schijnt
dit geen voortgang neemt, En eenlijk op het nader dog heeft geen gevolg
insteeren van uw hoog Edelens gewagt werd, het
welke te meer ingressie zal vinden wanneer uw
hoog Edelens de Iaerlijxe Schenkagie voor de
aenstaande reijs vergrooten, en 4 a 5 swaare sou„
„ratse bodidaers mitsgaders 3: lb: goud en een Ed
zilver draat daer bij voegden want hier om is het handel te bevorderen
hof zeer verleegen en zijn wij van den bercque¬
„lang versogt het een en ander met en beneffens
twee p:s fraaije uijt gekapte snaphaanen met
goud off zilver beslagen sonder daer in het
kostende te ontsien voor hem zelvs Expresselijk
van uw hoog Edelens te Eijsschen
Nevens negotie en soldij boeken van beijde Comp„ diverse bij laagen,
„toiren twee generaele op neemen van ult:o februarij
en ult:o augus:o pass:o een onkost reek: van het onver„
„mijdelijken verstrekte aan desen boodem ten bedraa„
„gen van . . . . . . . . . . tot welkers afschrijvinge uw
hoog Edelens gunstige approbatie zijn versoekende
en Een bondel afgaende en aankoomende brieven
van Ligoor, gaat nog over onse resolutie op het item een resolutie
sluijten der boeken genoomen waar bij uw hoog boeken genoomen
Edelens"
NL-HaNA_1.04.02_8697_0048.xml,"Edelens op het onderdanigste werd verthoont dat gedagte
boekjes dit Jongste Jaer zijn geslooten
Dit Iongste Iaer gesloten met een Last van - - - - - - - - - - ƒ45312: 4:—
Gevolgelijk dit Jaer meerder Lasten dan A:o pass:o - - . - - - - - - - - ƒ 7057:7: 8:—
Ook is a:o pass: aan Winsten afgeworpen Een somma van. . . . ƒ30973: 8: 8:
mitsgaders aan winsten dit jaer - _ _ _ _ - - - - „ 28236: 15: —:
Bij Gevolge dit Iaer minder winsten - - - - - - - - - - - - - - „ 2736:13: 8:—
welke vermeerderde Lasten en minder winsten bij den anderen getroeken
verthoonen dat aan de beijde Comptoiren dit boekjaer in vergelijking
van A:o pass:o is veragterd Een somma van - - - - - - - - - ƒ 9794: 1: —: —
gelijk uw hoog Edelens bij de volgende reekeningen nader zal komen
te blijken en daer van Eerstelijk
Ten desen Comptoiren
A:o pass:o
Jongtmeder sont mirder
Dit Jaar
Ordinaire Randsoenen. - - - - - - - ƒ 3134:4:8:3251: 7: - ƒ - - - - - - ƒ 117:2: 8. —
– – – – – – – - – – „ 5320: 1:–„5826:13:—„. . . . . . . . „ 506:10:—
Soldijen
ordinaire ongelden - - - - - -„ 1998:11:12106:11:—:„- - - - - - - - - „ 108:—:—
Extra ordinaire ongelden. . . . „ 958: —:—„ 330: 3:— „ 77:17: 4: - - - - - - --
- - - - - - -ƒ9972:2:818903:12:8„1068:10:—„ - . - - . -. .-
Schenkagie
Inlandse dienaeren Maandg:s „ 1080: —: ƒ 1080:—: „ - - - - - - „ - - - - - - - - - -
Reparatie en Timmeragie - - - - - „ 6772: 9:—„1414:— 815358: 8: 8:„. - . . . . . . . ..
Last barcquen ongelden. . „5340: 5: 4:2923:9: —2116:16:8: . -. . . - .
Equipagie van scheepen - - - - „4078: 7:8ƒ3736:3:— 3424:8: „ - - - - - - . - - -.
Transporteere - - - - - - . . . . . ƒ 9263:16:8 ƒ 131:12: 8:—
En in A:o 17 7/36. met - _ _ _ _ _ _ _ _ _ _ _ _ _ _ _ _ _ _ . „ 38254:16: 8:
Van Siam Den 25 Jannuarij A„o 1738
P=r"
NL-HaNA_1.04.02_8697_0049.xml,"57
Van Siam Den 25:' Jannuarij A„o 1738
Jongste meene Jomgt minder
P„r Transport . - - - ƒ9263: 16: 8 ƒ 731:12:8: —
De verminderde Lasten van de vermeerderde d:o afgetroeken tot „ 731: 12: 8:
komt voor de vermeerderde Sutanditjaer tnden omtoren 32:1:—:
Idem tot Ligoor
I: meerder I: minder
dit jaar A: pass:
Ordinaire randsen ƒ816: 4: ƒ 832: 5: 8: ƒ. . . . . ƒ 16: 1: 8:
Soldijen - - - - - - „1967: 7: „1690:3:—„ 277:4:—„ - . . . . . -.
Ordinaire ongelden. - ƒ 984: 3: 41592:4:8„ - - - - - - „ 688: 1:8:
Schenkagien - - - - - - - - „1364:3: ƒ1476:17:-. - - . . . -. „ 112:14:—:
gelden
Inlandse dienaaren maandalgts„ 547: 4: „ 547:4:—„ - - - - - „. - . . . ..
reparatie en timmeragie. . - - „606: 17: ƒ1907: 6:8: - - - - - - „ 300: 9:8:
Equipagie van Scheepen. . . „ 372: 3: „ 86:17:1285:6:—„. . . -.
De vermeerderde en verminderde Pastreets:
ten Comp:s Ligoorbeloopen. . . ƒ 562: 10:— ƒ 2037: 6: 8:
De vermeerderde v: de sminderde afgetrocken tot . . . „ 562: 10:—
komt voorde eminderde Lasten in dit betjaer tot Pigoor. . . „ 174:16: 8:
op ged:e mindere lasten van 't Comptoir Ligoor van de
meerdere d:os ten desen Comptoiren afgetrocken zynde
zoo blijkt als vooren dat in vergelijking van A:o pass=o
dit boekjaar meerder Lasten tot - - - - - . . . . . ƒ 7057: 7: 8:
van welke vermeerderde en verminderde Lastposten de waare
oorsaken hier agter volgens Eerbiedig zullen verthoond
werden, en daer van Eerstelijk
Ten deesen Comptoire
Estraordinaire ongelden, desen Iaare vermeerdert tot - - - -
ƒ77:17:—
ƒ
herkomstig wegens het meerder verstrekte uijt Cassa tot Praauw
huuren als boelij loonen, waermede het opperhooft /:ter ordre van
Transporteere. . . . . - . - - - - - - - - ƒ 7:17: —
1
.
. . ."
NL-HaNA_1.04.02_8697_0050.xml,"Van Siam Den 25:' Jannuarij A„o 1738
van den koning en op het versoek vanden berequel:s naer prabat is
P=r Transport. . . . . . . ƒ 77:17:—
Schenkagie, dit Iaer vermeerdert tot - - - - - - - - - - - - - - - - „ 1668: 10: —
veroorsaakt uijt het veragterde op de Schenkagie goederen A:o pass:o
door haer Edele hoog agtb:re aanden koning en bercquelang inge„
„schenk gezonden, idem het onvermijdelijk geschenk op het rouw be„
„klagen der overledene koningin, zijnde andersints dit Iaer min„
„der verschonken dan A:o pass:o en waer uijt ged: vermindering blijkt
Reparatie en Timmeragie, Iongst vermeerdert tot - - - - - - - - - - ƒ 5358: 8: 8: —
ontstaen wegens de noodige reparatie die men dit Iaer heeft moe
„ten doen, soo in het afbreeken vande voorgevel desor Logie, als
het vermaeken van het, mitsg:s Eenige andere noodsaekelijke
verhelpinge, volgens, g'Eerde qualificatie van haer Edele hoog agtb:re
de hoge indiasche regeeringe tot batavia bij missive : en ao 1736—
Oorspronkelijk uijt het bekostigde aande beijde vaertuijgen de Chialoup
Ligoor ende barcq d' thinnegieter, soo inhet kielhaalen, Calvaten
breeuwen smeeren &=a; idem het vnieuwen der tex Eenemael
verot bevondene weggering het afbreeken der vergaane en door
gebeetene verdubbeling, als het maken van een nieuwe Combuijs op
de barcq, mitsg:s het verstrekte aan Equipagie goederen ammunitie
van oorlog aan beijde de vaertuijgen, dat onvoorkoomelijk heeft
moeten geschieden en waer uijt gem: vermeerdering spruijt-
Equipagie van scheepen, vermeerdert, tot - - - - - - - - „ 342: 4: 8: —
Ontsaen uijt het meerder verstrekte uijt Cassa tot het in koopen
van provisien voor de Chialoup Ligoor, dat van hier over 't
comptoir Ligoor, Batavia waerts op dato 20:' april
pass:o is vertrocken, dat a:o bevoorens niet is geschied. -. -..
Last barcquen Ongelden, vermeerdert tot - - - - - - - - - - „ 2416:16:8:8
komt voor de vermeerderde Lastposten als vooren. - - - - - ƒ 9263: 16:8:—
Dat Transporteere
gewest
– – – – – – – - – - - - - - - - -"
NL-HaNA_1.04.02_8697_0051.xml,"39
Van Siam Den 25 Jannuarij A„o 1738
4: —:—
De oorsaeken der vermeerderde reeckeningen aldús verthoond
hebbende, volgens die der verminderde, en Eerst de reek: van
ordinaire Randsoenen desen jaere vermindert Een
somma van. . . . . . . . . . . ƒ 117: 2: 8:
Soldijen. . . . . . _:o _:o _o „ 506: 10: —
Ordinaire ongelden - - - „ „ „ „ 108: —: —:
welke bedraegen der Verminderde Last reek: afgetroeken van 't
montant der Vermeerderde Lastpoosten tot - - - - - - - - - „
komt voorde vermeerderde Last posten ten desen Comptoire - - - - - ƒ8532:
D' oorsaken der voorsz: verminderde reek:s zijn ontslaen uijt het
mindere verstrekte kostgeld aan sommige hier minder bescheijden
^van ordinaire randsoenen het minder verstrekte op reek:
geweest zijnde dienaeren op reeckening van soldijen door de mindere
manschappen alhier bescheijden zijnde mitsg:s het mindere be„
„taelde uijt cassa aan Coelijloonen, en het geene, men heeft kunnen
besuijnigen op de reeck: van ordinaire ongelden waer uijt ged:
vermindering ontstaan is. —
P„r Transport. . . - . - - - ƒ9263:16: 8: —
Voorts wegens het Comptoir Ligoor
Soldijen, dit jongste jaer vermindert tot - - - - - ƒ 277: 4: —
Veroorsaekt wegens het meerder vertreckte op
reeck: van winnende maend gelden aan den secunde
en adsistent aldaer dat a:o pass:o niet is geweest
Equipagie van scheepen, vermindert tot - - - - - - „ 285: 6: —
sterkomstig van het meerder bekostigde aan 't schip„
groenswaerd, of het inkoopen van Cadjang in steede
van het bedurvene volgens verklaring op voorm:
bodem, 't welk a:o verleeden niet is geschied —
komt voor de vermeerderde Lastposten als vooren d „ 562: 10: —
vermeerderde reeck: dusdanig verthoond hebbende volgen
nu die der vermeerderde d. os, als
Ordinaire Randsoenen, dit Iaer vermindert tot ƒ: 16:1: 8:
_„o „ „608: 1: 8:
_„o
-
_„o ongelden
Transportere - - - - ƒ 624:3:-— ƒ 562:10:— ƒ 8532: 4:—
731: 12:8:—
8:
8:"
NL-HaNA_1.04.02_8697_0052.xml,"Van Siam Den 25 Jannuary 1738
P„r Transport ƒ 624: 3:— ƒ56:2:10:— ƒ 8532: 4:—:—
Schenkagien Iongst vermindert tot - - - - - - „ 112: 14: —:
Reparatie en Timmeragie - - - - - - . . . „ 1300: 9: 8:
„2037: 6: 8:
Welk meerdere van het mindere afgetrocken zijnde komt voor de beminderde
Lasten aan ged: Comptoirtje - - - - - - - - - - - - - - - - „ 1474: 16: — 8 —
D' voorsz: verminderde reek: zijn ontstaen Eerst wegens het minder
kostende van provisien op reek: van ordinaire randsoenen, het
afschrijven van 2 p:s metale Canons A:o 1735. p:r 't schip Terstorst
batavia waerds verzonden, en A=o pass:o ter ordre van Haer Ed:
hoog Agtb:s belast dat Compt:s ten Lasten te brengen, 't welk
doen ter tijd op reek: van ordinaire ongelden is Geschied,
idem een geschenk aanden nieuwe gouverneur inhet minder
kostende der Schenkagie goederen in a. o pass:o als dit Iaer
mitsg:s de reparatien in a:o verleeden aan 's E: Comp:s Logie
smeltloos &=a; als het kostende van bouwmaterialen
en het verstreckte uijt Cassa op reek: van reparatie en timmer„
„ragie, het geene indit Iaer in vergelyking van het vorige op di„
„verse reek: aldaer heeft kunnen werden gemenageert —
De verminderde Lasten ten Comptoire Pigoor voorm: van de vermeer
„derde d:os ten desen Comptoiren afgetrocken zijnde soo blijkt dat
dit Comptoir veragtert is Een somma van - - - - - - - - - - ƒ 7057: 7: 8: —
Waer bij gevoegt de mindere winsten door den minderen Hrier van
kleeden en Lijwaaten in dit Iaer dan A:o bevoorens, tot een
Gevolgelijk als voorwaerds aende beijde Comptoiren in dit Iaer meer„
„der dan A:o pass:o veragtert Een montant van. . . . . - - - ƒ 9794: 1:—:—
somma van - - - - - - - - - - - - - - - - - - - - - - „ 2736: 13: 8: —
Voorsz meerdere veragteringe ten principaelen spruijtende uijt
den minderen aanbreng van kleeden, en gedaane hoog noodi
„ge reparatie sodanig als Eerbiediglijk hier voorwaerds verthoond
is, in dit jaer tot ons Leed zijn onvoorkomelijk geweest
zijnde, versoeken onderdaniglijk deselve door uw wel Edele
groot agtb:s gunstiglijk mogen werden gepasseert —
op
-"
NL-HaNA_1.04.02_8697_0053.xml,"41
Van Siam Den 25 Jannuarij A„o 1738
„nings brief, werd aan
deren naem en daer
menten gegeven
op onse iterative instantien Eijndelijk tegens den 20: deser
gedaagt zijnde om 's Conings en berquel:s breven te ont„
„fangen. —
soo wierd ten dien dage ind' tjoun clang gecompareert
weesende met als neder gezeeten waeren, door den heer bij het afhaelen van 's ko„
bercquelang aan een mandarijn belast dat voor den het opperhoold een
eerst ondergeteekende moeste stellen een Goude beetel, toe gehoorende orna„
bouset en Siamse houwer met d:os gevest en scheede
en uijtsede verders na dat dit was verrigt, dat dese
ornamenten inteeken van agting door den koning aan
hem wierden geschonken met de name of titel van
oluang appaja wietchit, in verwagtinge dat tot Erken„
tenisse van dien voortaen zoude continueeren inde
vriendschap van d' Comp: met dit rijk te cuttiveeren
en bestandig te maeken;
Waerop den Eerst ondergeteekenden die hier
mede wierd gesurpreneert en ongeraeden vindende
dit geschenk en dien titel gelijk bevoorens alvier maa„
„len heeft gedaen gehad te weijgeren, want zulx
zoude seekerlijk indeesen korseligen Coning aan„
„stonds alle agting en genegenth:d in haat en afkeerigheijt
verandert hebben wes het zelve niet alleen naars,
'slands wijze met het boven zijn hoofd te heffen
en zig na het paleijs gekeert hebbende drie maal te
„buijgen aanvaarde maar ook te
„betuijgde hier voor altoos ten uijttersten dankbaer
te zullen blijven, onder belofte van alles te willen
bij"
NL-HaNA_1.04.02_8697_0054.xml,"Siam Den 25:' Jannuarij 1738
Van
versoek van gedagte opper
„ hooft om de zelve te
moogen behouden
van partije monsters
Eixcuus versogt
bij brengen dat Eenigsints maer konde strecken
tot een Eeuwigen band van vriendschap tusschen
den koning en d' Comp: in hoope en verwagting dat zijne
majesteijd hem ook geen zaeken zoude opleggen
dan zoodanige dewelke een Eerlijk dienaer ten
aansien van zijne meester pasten uijt te voeren,
en te bevorderen, welke een en ander dien ministers
ook aan nam den Vorst te zullen bekent mae„
„ken
Dit nu wederom een staaltjen zijnde van des
konings wispelturig humeur dat van geen mid„
„del weg en weet maer inmediaetelijk van het Eene
uijterste in het andere valt gelijk te meer maelen
de vrijheijt hebben genoomen van uw hoog Edelens
nedrig te suppoediteeren, zoo moet den Eerst onderge„
„teekende uw hoog Edelens niet alleen versoeken dat
het uw hoog Edelens behaege dit geschenk hem
te Laaten behouden, tot staet houding, onder belofte
van een weeder geschenk ten genoegen van den vorst
te doen, en d' Comp: desen aengaende buijten schaede
te zullen houden,
Maer wij gesamentlijk ook bidden dat het
ofer het aenvaerden uw: hoog Edelens gelieven inte schieken, het aen
„vaerden van partije staelen van Souratse en persiaense
goude en zilvere stoffen ons bij de reseptie van
den brief overgegeven zonder Eenige verdere Elucidatie,
dan."
NL-HaNA_1.04.02_8697_0055.xml,"43
Van Siam Den 25 Jannuarij A„o 1738
„nen die gezonden te
hebben nopens 2 pagoo„
zouratse chitsen
Dan dat die in den brief van den bercquelang ge„
„melt waeren, schoon hier omme een en andere maele
insteerden en versogten. —
Wes ook moeten besluijten en uw hoog Edelens reeden waerom verneijd
onderdaniglyk ten narigt suppediteeren dat het weesen. —
requisit van dien niet zoo seer geschiet uijt een
benoodigtheijd, dan wel om uw hoog Edelens te
„loetsen ente probeeren, of wel zoo veele consideratie
voor hem den koning zult hebben als voor desselfs
voorzaeten gehad hebt, ten Eijnde daer na in't vervolg
zijne maet reegels te neemen en d' E: Comp: na
bevinding van dien te handelen, dat wij te vaster stel„
„len de wijl daagelijxe Ervaeren, dat desen vorst het
minsten dat hem tegen valt of na zijn sin niet
geschiet voor kleenagting opneemt, vermits zig sel„
„ven inbeelt onberispelijk te regeeren en in dat stuk
alle zijne voorsatten te avertreffen en dienthalven
ook meerder g'Eert en ontsien moet weesen als
deselve, met welk ook dagelijx van zijne hoove¬
lingen geflateert werd als weesende het Eenigste
middel om hem ter neder te setten, en desselvs
gunste te winnen
Maar heel anders en Ernstiger is het geleegen die een ander intigte
met 2 p:s modelle in 2:' Cassies om die vant beste „tjes en 4 staele grove
glas in't Vaderland te doen na maeken met zoo
rondom als op de zijde daer met wit geteekent
en geverft bennen, zonder Eenige de minste verandering
mitsg:s"
NL-HaNA_1.04.02_8697_0056.xml,"Van Siam Den 25:' Jannuary 1738
van welk Laast geth:
40 â 50 corgies werden
g'Eijscht —
4 p.s paerde coopers en
haere dienaaren gaan
mitsg:s vier F: staaltjes van grove Souratse chitsen
die doorgaans 1½ a 2 Cob:s breet en van 14: tot 18:
cob:s Lang Vallen, vermits Eerst genoemde glas
Werken zullen strecken ter gedagtenisse vande
overleeden koninginne en om als een op offeringe aen
haeren swervenden geest, mitsg:s Laest gen: of de
chitsen schoon niet in den brief vermelt ten alderhoogs
„ten tot voeringe als andersints aan het hof noot„
„saekelijk zijn, wes den koning ook zeer aengenaem
zoude weesen bij en aldien uw hoog Edelens
des magtigd zijnde 40: â 50 corgies alwas het meer
met d' Chialoup Ligoor, om welkers spoedige te
„rugkomst wij ootmoedig versoeken mogte behaagen
te zenden met en beneffens de kleeden het zij
in partije of geheel nade inden Iaere 1732: over
„gezondene monsters gemaakt want desen onver„
„vuldigen vorst ons door den heer bercquelang
at heeft Laeten aanseggen om uw hoog Ed„s
te adverteeren dat bij en aldien niet van Sins waa„
„ren deselve te doen vervaerdigen, de monsters maer
wederom kant zenden, en dat die dan aan
anderen coopluijden zoude gegeven werden
Wij hebben ook niet kunnen afslaen om
of na ouder gewoont desen Iaere 4: p:s paerde koopers genaemt als
volgens hier bij gevoegt Lijstjen, en 4. haerder
dienaeren met het schip Groenswaerd, na
volgens 't contract dat nu belooft is in alles
stippelijk./"
NL-HaNA_1.04.02_8697_0057.xml,"45
Van Siam Den 25 Jannuarij 1738
schuld zedert de Jongste
4. ½ 6 38910:15:—
1 2/3 ƒ48298: 7:—
1 —„94363:13:—
7: —ƒ181572:15:—:
5 3/15 98074:4:8:
7 7/18 ƒ 88498:10:8 —
stipptelijk te zullen, werd op gevolgt, te Laeten vertrec„
„ken ten Eijnde om als deselve van uw hoog Edelens
en Leening van Contanten tot Batavia hebben
Erlangt, na Iava ten inkoop van die beesten verder
voort te zenden
En vermits den tijd te kort is om thans Eene formeele het afgelegde op 's koninge
afreecq: te houden, neemen wij de vrijheijt uw hoog Ed:s alreecq: werd hier betoopte
onderdaniglijk te betoogen dat bij Iongste af op 27:
meij a:o pass:o gedaane d:o desen nevens een trans„
„laat schuld kennis der clangers versellende,
des konings a
schuld bestond in contant. . . . . . . . . . c:a 270: 4:
in thin bh: 419: 77:2¼. - - - - - - - - - „ 335: 8:
in sappanhout picols 36041:68:2 27/30 - - - - - - - - - - „ 655: 6:
te Samen. C. a. 1268:18:
Waer van afgetrocke het geene sedert boven gemelte
datum op zijn majesteijts reek: is afgelegt En
Eerstelijk—
Ten deesen Comptoire
. . . . . . . . . . . . /. 270: 4: 4: 1/15:
in contante
-thin. -. bh:n 224:54:-. - - - - - „ 179: 614: 1/18:
— Sappanhout pic:s 7460:—:— - - - - - - „ 135:12:11: 1/18
C=a: 585:3:14:—
Ten Comptoire Ligoor
1/18
in thin bl:n 119: 254:- - - - - - - - - 95:17:8: 1/8
het afgelegde op zijn majesteijts de bet soo ten desen comp„
„toiren als tot Ligoor bedraagt te samen
. . . .
het welke afgetrocken zijnde vande geheele schuld des
konings soo in contant thin en sappanhout soo res„
„teert nog - - - - - - - - - - - - - - - - - - - - C:s 579: 17:
Waer van nog afgaat het geene zijn majesteijt op afkorting
van de Sappanhout reek: afgelegt heeft, te weeten
in Eliphants tanden picols 150:—:- - - - - - C: 162:10: 8 2/9
8. /¾ ƒ 32223:14:—
„ Gomlak. . . . _„o 350: —: — - - - - - - . -. — 61: 5: —:—„
223:15:
soo is thans nog de geheele konings schuld - - - - - - c:o
8 1/18 ƒ 51274:16:8:—
356: 1:
En bestaende in de volgende, namentlijk
11. . „ 8666:11:—
60:3:
inthin bl=en. . . . 75: 69: 2¼ - - - - - - - - - - - - - - „
13: 1/18: „42608: 5: 8:—
„ Sappanhout p:c:o 16274: 1: 13 - - - - - - - - - - - —
295: 17:
8:/½2 ƒ 51274:16:8:—
- - - – – – – – – – - . -
356: 15
681:1:
C:o"
NL-HaNA_1.04.02_8697_0058.xml,"Van Siam Den 25:' Jannuary 1738
van welk Laast gen:d
40 â 50 corgies werden
g'Eijscht —
4 p.:s paerde coopers en
haere dienaaren gaan
mitsg:s vier F:s staaltjes van grove Souratse chitsen
die doorgaans 1½ a 2 Cob:s breet en van 14: tot 18:
cob:s Lang vallen, vermits Eerst genoemde glas
Werken zullen strecken ter gedagtenisse vande
overleeden koninginne en om als een op offeringe aen
haeren swervenden geest, mitsg:s Laest gen: of de
chitsen schoon niet in den brief vermelt ten alderhoogs
„ten tot voeringe als andersints aan het hof noot„
„saekelijk zijn, wes den koning ook zeer aengenaem
zoude weesen bij en aldien uw hoog Edelens
des magtigd zijnde 40: â 50 corgies alwas het meer
met d Chialoup Ligoor, om welkers spoedige te
„rugkomst wij ootmoedig versoeken mogte behaagen
te zenden met en beneffens de kleeden het zij
in partije of geheel nade inden Iaere 1732: over
„gezondene monsters gemaakt want desen onver„
„vuldigen Vorst ons door den heer bercquelang
at heeft Laeten aanseggen om uw hoog Ed„s
te adverteeren dat bij en aldien niet van Sins waa¬
„ren deselve te doen vervaerdigen, de monsters maer
wederom kant zenden, en dat die dan aan
anderen coopluijden zoude gegeven werden
Wij hebben ook niet kunnen afslaen om
of na ouder gewoont desen Iaere 4: p:s paerde koopers genaemt als
volgens hier bij gevoegt Lijstjen en 4. haerder
dienaeren met het schip Groenswaerd, na
volgens 't contract dat nu belooft is in alles
stippelijk."
NL-HaNA_1.04.02_8697_0059.xml,"45
Van Siam Den 25 Jannuarij 1738
schuld zedert de Jongste
4. 1/3 ƒ 38910:15:—
1 2/3 „48298: 7:—
1 —„94363:13:—
7: — ƒ181572:15:—:
6 3/18 ƒ98074:4:8:
77/2 ƒ 83498:10: 8—
stipptelijk te zullen, werde op gevolgt, te Laeten vertrec„
„ken ten Eijnde om als deselve van uw hoog Edelens
en Leening van Contanten tot Batavia hebben
Erlangt, na Iava ten inkoop van die beesten verder
voort te zenden
En vermits den tijd te kort is om thans Eene formeele het afgelegde op 's konings
afreecq: te houden, neemen wij de vrijheijt uw hoog Ed:s afreecq: werd hier betoogt
onderdaniglijk te betoogen dat bij Iongste af op 27:
meij a:o pass:o gedaane d:o desen nevens een trans„
„saat schuld kennis der clangers versellende,
des konings
schuld bestond in contant. . . . . . . . . . C:o 270: 4:
in thin bh:s 419: 77:2¼ - - - - - - - - - - „ 335: 8:
in Sappanhout picols 36041:68: 2 17/80 - - - - - - - - - - „ 655: 6:
te Samen. C. a 1268: 18:
Waer van afgetrocke het geene sedert boven gemelte
datum op zijn majesteijts reek: is afgelegt En
Eerstelijk—
Ten deesen Comptoire
. . . . . . . . . . . c. a. 270: 4: 4: 1/3:
in contant gen
—thin. . -. bh:s 224:54:- - - - - - „ 179: 614: 1/18:
— Sappanhout pic:s 7460:—:- - - - - - - „ 135:12:11:1/8
Ca„ 585:3: 14.—
Ten Comptoire Ligoor
in thin bl:n 119: 254:-. - - - - - - - 95:17: 8: 1/8
het afgelegde op zijn majesteijts de bet soo ten desen comp„
„toiren als tot Ligoor bedraagt te samen
. . . .
het welke afgetrocken zijnde van de geheele schuld des
konings soo in contant thin en sappanhout soo res„
„teert nog. - - - - - - - - - - - - - - - - - - - - C:s 579: 17:
Waer van nog afgaat het geene zijn majesteijt op afkorting
van de Sappanhout reek: afgelegt heeft, te weeten
in Eliphants tanden picols 150:—:- - - - - - C: 162: 10:8 2/9
8: 2/¾ „ 32223:14:—
„ Gomlak. . . . _„o 350: —: - - - - - - - . -. — 61: 5: —:—„
223:15:
soo is thans nog de geheele konings schuld - - - - - - c:o
8 1/18 ƒ 51274:16: 8:
356:1:
En bestaende in de volgende, namentlijk
11. „ 8666:11:—:
60:3:
inthin bl=en. . . . 75: 69: 2¼ - - - - - - - - - - - - - - „
13:1/18: „42608: 5: 8:—
„ Sappanhout p:ic:o 16374:1: 13 - - - - - - - - - - -
295:17:
356: 1: 8:½ ƒ51274:16:8:—
/18
- - - - - - - -. . .
681:1:
C:o"
NL-HaNA_1.04.02_8697_0060.xml,"Van Siam Den 25:' Jannuarij A„o 1738
brieven hier bezijden
„ven weder geschuk desen
Iaere—
nog hier nevens een
origineele memorie &a
Item een request van
Filoris van Essen
's koningsenbesequelaende de in Een bijsonder Casjen gepaekte 's konings en bercque„
„langs brieven welkers a weder geschenken desen Iaere
bestaan nam: van den koning
specificatie van den zel„ in 38 blaaren 2 picols 10 C:s 18 th:s 3 ticals 1 m:d thin, en 1483 pic:s
62 Cattijs 14 theijle Sappanhoud, en
van Den heer Bercquelang
in 7 bhaaren 1 picol 97 cattijs 5 theijle thin, 6 picols 90:
Cattijs Eliphants tanden en 96 picols 25 Cattijs 2: teijle
Sappanhout
zijn nog verselt van een origineele b'antwoorde memorie
de zoldijen conserneerende, item een brief in Cachet Volant
aan het Eerw: collegie van Weesmeesteren, nog een request
van den pakhuijs op siender Floris van Essen, dien ons
nevens den adsistent Pieter hous den barcquir Dirk
Tjerksz: en matt:s David van Geelbergen, versogt
hebben uw hoog Edelens voorde aanstellinge, advan„
„cement en vermeerderinge van gagie ootmoedig te bedan„
„ken onder belofte van door ijver inhaaren dienst, en een
goed gedrag, hun dese gunste te zullen waardig maeken
maer het voorsz: request van Floris van Essen, is
gerigt om onderdaaniglijk, te smeeken, van uw hoog Edelens
te werden begnadigt met dat nevens het opsienderschap,
mag Erlangen de qualititeijt van boekhouder en ƒ30:—
termaand gelijk den vorigen pakhuijs op siender
Andries Wens, in den Jaare 1728. heeft ge„
„nooten het geene wij de vrijheijt neemen uw hoog Ed„s
te Eerder voortedraegen, om dat niet alleen de
Comp:,
-"
NL-HaNA_1.04.02_8697_0061.xml,"Van Siam Den 25 Jannuary A„o 1738
versoek om de reeck:
van Steeven van
verbeteringe van den
Comp: Lange Jaeren gedient en ƒ36: ter maand gewoonen
maer ook ons ten vollen genoegen bereets gegeven
heeft door accuratesse en Vigelantie in zijnen dienst
het geene bij dese verafgeleegen pakhuijsen nootsaekelijk
werd verEijscht, en in ons een groote gerustheijt baart;
Wij versoeken meede dat het uw hoog Edelens, be„
„laagt de reecq: vanden Iong mattroos Steeven van Steenweegen, en
Steenweegen, — van Leuwwen A:o 1736. met het smit.
schip Vlissingen, in India gekoomen, en dien wij
in plaatse van een ander dien zijn tijd uijt is geweest, aen
dewal geligt hebben, toe te zenden alsoo bij de scheepsboek:t
niet bekent staet, mitsgaders vermits Exepiratie zijner
tijd in gagie te verhoogen den roerslootenzaeker, Christoff:
kielaerd, die in A:o 1734: per het schip D' boot in
India aangeland is—
Soo als desen stond te werden geslooten ovfrleet den
adsistent Coenraad Coster, zonder ijets na te Laten
het geene wij andersints zouden hebben aangeslaagen
voord' E: Comp: ter voldoeninge van ƒ2062:10:—, die bij
de thans overgaende memorie, dersoldijen conserneeren„
„de ons gelast zijn hem opreeck: te stellen; en vermits
den Jongeling Iacob Dirksz: van mallacca,
wiens request, hier nevens gaat nu Eenigen tijd al„
hier den dienst aande penne heeft waergenoomen, en
Een goed schrijver, is, versoeken wij uw hoog Edelens
den selven te willen begunstigen En in den dienst der
„neemen
E: Comp: aan voor soldaat aan de penne;
nog"
NL-HaNA_1.04.02_8697_0062.xml,"Van Siam Den 25 Jannuarij A:o 1738
18 stot.
adij 25:' Jannuarij A:o 1738. —
Heuvel, W:m de Ghij, N:s Bang /:in margine:/ Siam in't s:ts Ccomptoir Iudja
Nog zend den koning een kleen Casjen met modellen
en versoek aan uw hoog Edelens om daer zodanige werken
van het beste glas, te willen in't Vaderland Laaten naa„
„maeken als desselfs zijn en wijders gespecificeert staet
bij Een Lijsjen door ons in ged:e Casjen gelegt en geformeert
naar op gave van 's Conings zendelingen de welke nog gerecom„
„mandeert hebben uw hoog Edelens onderdaniglijk te versten„
„digen dat met die te doen vervaardigen en spoedig herwaerds
te zenden den koning een singuliere dienst staet te ge„
„schieden, alsoo deselve zullen dienen ter voldoeninge van een
belofte door den Vorst in zijne voorjaere siekte gedaen
Na volgens hier annexe factuura is het gelaadene in
deese boodems.
P:r het schip 'T Land van beloften
500109: lb Sappanhout
73785: „ thin
11070: „ Eliphants tanden
16740: „ gomlak opstokjes
459: „ buffels hoorns
50: „ potten hooning
35: — _„o roode piaang kalk
2: „ aguillhout
182 7/48. realen of 339 17/32 Ticals in 2 halve staafjes. 10 heele d=os
en 3 paerde voetjes goud
kostende volgens Factuura. . . . . . . . . ƒ70315: 14:—:—
P:r 'T schip Groenswaerd —
499965: lb Sappanhout
73906 „ thin
8912 „ Eliphants tanden
16920 „ gomlak op stokjes
1266 „ bufsels hoorns
100 potten aatehair
193 1/16 realen of 360 17/32 ticals in 15 staavjes goud
. . . . . „65005:19:8:—
kostende...
Monteeren te samen volgens factuura een somma van ƒ135321: 3: 8
En verblijven wij met diepschuldige respect Hoog Ed:s Erntfeste, groot agtbaere,
manhafte wel wijze, verziende en seer genereuse gebiedende Heeren /:lager:/ uw
hoog Ed:s onderdanigste en gehoorsaeme dienaeren /:getekent:/ I„s I:s van den
Batavia."
NL-HaNA_1.04.02_8697_0063.xml,"Van Siam Den 25 Iannuarij A:o 1738
Batavia
Aan zijn Hoog Edelheijt
Den Wel Edele Groot agtb: Heere
Adriaan Valckenier
gouverneur Generaal, benevens
D Wel Edele Heeren Raeden van
Nederlands India
Hoog Edele Erntfeste, groot Agtb:
Manhafte Welwijze, Verresiende Seer
genereuse Heeren
Hoog Gebiedende Heeren
-
Ingevalge uw wel Edele hoog agtb: veel g'agte ordre
dient met alle onderdanige Eerbied tot Communicatie
dat wij desen bodem soo wel op zijn aankomst als
vertrek door gecommitteerdens behoorlijk hebben
Laten visiteeren, en in deselve voor soo verre haarlie„
„dens is voorgekomen geen particuliere goederen ondekt
zijn geworden, mitsg:s soodanig diep gaende bevonden is
uw wel Edele hoog agtb:re bij de ingeslotene rapporten
aan ons dier wegens ter hand gesteld, en dese in copias
autenticq zijn Verzellende, zal komen te blijken,
Waermeede verhoopen uw wel Edele hoog agtb=r veel g'agte
ordre ten desen te hebben volbragt en verblijven met
ootmoedige Eerbied /:onderstond:/ Hoog Gebiedende
Heeren /:lager:/ uw: wel Edele Hoog agtbaare on„
„derdanige en Geringe Dienaeren /:getekent:/ Theodorus
H:s"
NL-HaNA_1.04.02_8697_0064.xml,"Siam Den 25:' Jannuarij A:o 1738
Van
I:b van den Heuvel, W:m De Glij, N:s Bang
/:in margine/ Siam in't N:ts Comptoir Iudja Den
25 Jannuarij A:o 1738.
Rapport aan d' E: E: Heer
Theodorus Iacobus van den Heuvel
Koopman en opperhooft over den Handel
Der E: Comp: benevens den Raad
Erntfeste voorsiende en seer Discreete
Door uw E: Ed„s g'ordonneert en na dese rheede afgezonden
zijnde om het schip Groenswaerd behoorlijk te visiteeren
soo dient dierwegens met Eerbied dat wij ondergeteekende na dies„
verrigtinge voor soo verre hebben kunnen ontdecken, geen particu„
„liere goederen in ged: bodem hebben gevonden, en op zijn aankomst
ter deser rheede is diep gaende voor derthin en Een half en agter veer„
„thien en een ¼ voeten, met welk een en ander vrmeenen aan
uw E: E:s g'Eerde beveelen ten vollen te hebben, voldaen in ver
„wagtinge vandien verblijven met veel respect /:onderstond:/ Cont„
„feste voorsiende en seer Diecrete /:Lager:/ uwE: E:s gehoor„
„same Dienaeren /:getekent:/ W:m D' Ghij, en F:s van Essen
/:ter zijde:/ Ter rheede Siam den 3:' October A:o 1737.
Rapport aan d' E: E: Heer
Theodorus Jacobus vanden Heuvel
koopman en opperhooft over den handel
der E: Comp: benevens den Raad
Erntfeste voorsiende in seer discreete
Door uw: E: E:s g'ordonneert en na dese rheede afgezonden zijn„
„de om het schip Groenswaerd behoorlijk te visiteeren, soo dient
dier wegens met Eerbied dat wij ondergeteekende na dies verrig„
„tinge voor soo verre hebben kunnen ontdecken, geen parti„
„culiere goederen in ged:e bodem hebben gevonden, en op zijn
vertrek van deese rheede is diep gaende voor vijfthien, en agter
Seventien voeten, met welk een en ander vermeenen aan
uw EE:s g'Eerde beveelen ten vollen te hebben voldaen, in verwagtinge
van dien verblijve met veel respect /:onderstond:/ Erntfeste
voorsiende en seer Discreete /:Lager:/ uw E: E:s Gehoorsame diena„
„ren /:getekent:/ W:m d' Ghij, en F:s van Essen /:ter zijde :/ Ter Rheede Siam
den 4: feb: A:o 1738.
-"
NL-HaNA_1.04.02_8697_0065.xml,"51
Van Siam Onder dato 25. Ianuarij A:o 1738. /:
P„r den peguer
Siam
Aan D' E. Heer Theodorus Iacobus
van den Heuvel, Coopman
en Opperhoofd over den
handel der E. Comp
benevens den Raad aldaar.
Erntfeste, Voorsienige en seer
Discreete.
Tjauwsil.
Door de overeenstemende berigten van verscheijdene
ml„s die deese moussan uijt Siam alhier zijn
aangekomen, van de behouden komste des schips
Opperdoes ter Siamse Rheede verseekert Zijnde
sal het senden der duplicaten den met dien bodem
afgegaane brieven, gedateert 19. 7br. A:o p=to om-
nodig wesen en thans uw Edl: kennisse gegeven
werden, van het geene uijt de voorvallen sedert
dien tijd uwer Ed: attentie waardig schijnd seggende
voor af, dat het ons leed doed, geene vroeger gelegen-
heet.-"
NL-HaNA_1.04.02_8697_0066.xml,"Siam Den 25:' Jannuarij A:o 1738
Van
I:b van den Heuvel, W:m De Glij, N:s Bang
/:in margine/ Siam in't N:ts Comptoir Iudja Den
25 Jannuarij A:o 1738.
Rapport aan d' E: E: Heer„
Theodorus Iacobus van den Heuvel
Koopman en opperhooft over den Handel
Der E: Comp: benevens den Raad
Erntfeste voorsiende en seer Discreete
Door uw E: Ed„s g'ordonneert en na dese rheede afgezonden
zijnde om het schip Groenswaerd behoorlijk te visiteeren
soo dient dierwegens met Eerbied dat wij ondergeteekende na dies
verrigtinge voor soo verre hebben kunnen ontdecken, geen particu„
„liere goederen inged: bodem hebben gevonden, en op zijn aankomst
ter deser rheede is diep gaende voor derthin en Een half en agter veer„
„thien en een ¼ voeten, met welk een en ander vermeenen aan
uw E: E:s g'Eerde beveelen ten vollen te hebben, voldaen in ver
„wagtinge vandien verblijven met veel respect /:onderstond:/ Cont„
„teste voorsiende en seer Diecrete /:Lager:/ uwE: E:s gehoor„
„same Dienaeren /:getekent :/ W:m D' Ghij, en F:s van Essen
/:ter zijde:/ Ter rheede Siam den 3:' October A:o 1737.
Rapport aan d' E: E: Heer
Theodorus Jacobus vanden Heuvel
koopman en opperhooft over den handel
der E: Comp: benevens den Raad
Erntfeste voorsiende in seer discreete
Door uw: E: E:s g'ordonneert en na dese rheede afgezonden zijn„
„de om het schip Groenswaerd behoorlijk te visiteeren, soo dient
dier wegens met Eerbied dat wij ondergeteekende na dies verrig„
„tinge voor soo verre hebben kunnen ontdecken, geen parti„
„culiere goederen in ged:e bodem hebben gevonden, en op zijn
vertrek van deese rheede is diep gaende voor vijfthien, en agter
seventien voeten, met welk een en ander vermeenen aan
uw EE:s g'Eerde beveelen ten vollen tehebben voldaen, in verwagtinge
van dien verblijve met veel respect /:onderstond:/ Erntfeste
voorsiende en seer Discreete /:Lager:/ uwE: E:s Gehoorsame diena„
„ren /:getekent:/ W:m d' Ghij, en F:s van Essen /:terzijde:/ Ter Rheede Siam
den 4: feb: A:o 1738.
-"
NL-HaNA_1.04.02_8697_0067.xml,"51
Van Siam Onder dato 25. Januarij A:o 1738 /
P„r den peguer
Siam.
Aan D' E. Heer Theodorus Jacobus
van den Heuvel, Coopman
en Opperhoofd over den
handel der E. CompC.
benevens den Raad aldaar.
Erntfeste, Voorsienige en seer
Discreete.
Tjouwsil.
Door de overeenstemende berigten van verscheijdene
ml„s die deese moussan uijt Siam alhier zijn
aangekomen, van de behouden komste des schips
Opperdoes ter Siamse Rheede verseekert Zijnde
sal het senden der duplicaten den met dien bodem
afgegaane brieven, gedateert 19. 7br. A:o p=to on-
10
nodig wesen en thans uw Edl: kennisse gegeven
werden, van het geene uijt de voorvallen sedert
dien tijd uwer Ed: attentie waardig schijnd seggende
voor af, dat het ons leed doed, geene vroeger gelegen-
heet.-"
NL-HaNA_1.04.02_8697_0068.xml,"Van Siam Onder dato 25. Januarij A.o 173. /.
heit gehad te hebben, niet alleen om uw Ed:e na
belofte te eerder de voldoening der resteerende
40. bh: konings thin schuld, dewelke op den 13.
„ pass=o
November d=o. a„o gevolgt is, en aldus de oude
200. bhaaren eijndelijk afbetaald zijn, te be-
rigten, maar ook om uw Ed: te versoeken, se-
kerabuijsen, bij de Jongste factuur begaan, te willen
redresseeren, en in plaats van 1464. , voor het getal
der dubbelde ranken te stellen 1794. welkabuijs
is bijgekomen door dien de Resident bij het optellen
van jder daags weegsel het getal der ranken, die
de scheeps overheeden op den 11. 7br. ter quanti=
seijt van 330. toegewoogen, zijn uijtmakende
met de 1464. eerstgem: de waare somme der afge-
scheepse ranken, over het hoofd gesien heeft,
dog vermits gemeldte facluur nu alsodanig ver-
sonden is, en egter het gewigt of de ponden der
bovenstaande 330. ranken niet over„slagen
maar in de somma van 35429 meede begrepen
zijn, voorts ook in het Cognoissement van
geen getal der ranken, maar alleenig van dat der
ponden gespraoken werd. soo hoopt de Resident
dat haar hoog Edelens die fout niet ten quaatsten
zullen gelieven te duijden, maar voor deese
reis gúnstiglijk perdoneeren, zúllende hij sig
in /."
NL-HaNA_1.04.02_8697_0069.xml,"53
Van Siam Onder dato 25. Januarij A. o 173. /.
ƒ
in 't aanstaande met alle vlijt voor dierglijken
wagten.
Soo kragtig als de nieuwe Gouverneur na het
genoteerde bij vorige Letteren, des Elangs heeren
tot het afleggen der reeds gemeldse 200. bhaaren
Conings thin Schuld aangezet heeft, soo seer
heeft hij naderhand sijn werk beginnen te
maaken, met eene goede Quantiteijt van dat
Mineraal self magtig te werden, hebbende over
al sijn volk op uijtgesonden, om het selve
opte kopen; dit gedoente quam ons eerst heel
vreemt voor, als met sijn vorig gedrag en gedane
beloften gantsch niet over een te brengen wesende,
maar op den 1. deser de ob:tja, nog en den
laten avond uijt name van den Gouverneur
en Raad ons door 's Comp. Tolcq hebbende
laten bekent maken, dat de Coning van Siam
wederom den Incoop van Thin aan d'E Comp.
alhier verbaden had, soo verstrekte zulx tot
eene Onlossing van dat raadsel. Den volgenden
morgen, wierd het verbodschrift, waar van de
Copia desen verselt in de Logie verthoond, be=
helsende, volgens opgave van den Toliq, onder
andern drie principaale poincten, die sijne ma=
jesteijk."
NL-HaNA_1.04.02_8697_0070.xml,"Van Siam Onder dato 25. Januarij A. o 1738. /.
jesteijt tot het verleenen van sodanige ordre
bewogen hebben, eerstelijk, dat d'E Comp. tegens
het oude Contract geen sappanhout meer uijt
Siam had willen ontfangen. Ten sweeden, het
Gomlacq niet voor de gestelde prijs anneemen,
dewelke ook darom ter ordre van sijn Majesteit
vermindert was geworden, Ten derden dat
dien ongeagt het hollands opperhoofd egter
de Cleeden niet tot minder prijs, na rato van't
Gomlacq, had willen afstaan; wat hier van
rij, is ons voor 't grootste gedeelte onbewust,
alsoo tat nog geen schrijvens van uwEd„s ontfangen
hebben, alschoon ons dat wonder wel terstaade
soude sijn gekomen, want, indien wij daardoor
vroeg genoeg de Lugt hadden van gekreegen,
souden wij dit Jaar geene Contanten op Leven
rantie van thin verstreckt hebben, daar
nu in tegendeel th=en. 4370. op bharen 190. voorschoten.
uijtstaan, en van A:o p=to. nog 22½ ld. onvoldaan
zijn, behalven b. bh: van Tjauw tipauw niame
en den ob: tja nevens het geene op openstaande
recq: sal blijven voortloopen, dog alschoon
die penningen of het thin daar voor wat
traag inkomen mogten, gelijk te vresen is,
zullen wij egter naa allen schijn voor d' Eerste
twee./"
NL-HaNA_1.04.02_8697_0071.xml,"55
Van Siam Onder dato 25. Januarij A:o 1738. /.
twee zaaren geene Contanten van uw Ed.:s sroe=
ven te versoeken, als zijnde daar van nog wel
versien, al was het schoon, dat ik het naast-
komende daar de thin handel aan d'E Comp.
wederom toegestaan wierd, hoewel d'apparen-
tien daar toe niet groot zijn, wont alschoon
de Coning en dit laaste verband sijne procedui-
ren eenen Schijn van regtvaardigheit heeft
tragten bij te setten, de daarbij gestelde sware
straffe bestaande hier in, dat de geene die be-
trapt wierd eenig thin aan de hollanders te
willen vercoopen, zal gedood, desselfs doode
Lichaam ten afschrik voor andre op een paal voor
me 's Comp. Logie geset, en alle zijne goe=
deren geconfisqueerd werden, toond in haare
omstanden duijdelijk genoeg aan, gelijk in ver-
scheijdene andere voorvallen meer als alteslaar
gebleeken is, wat hert hij sE Comp. toedraagt,
en wat geringe verbeelding hij van het vermogens
derselve hebben moet, soo datter qualijk eene
Verandering ten goede te gemoed gesien werd,
soo lange d' siamse Monarchie aan deese
hoofdquaal onderworpen blijffb, ten waare
haar hoog Edelens een kragtig middel mogten
uijtvinden, om dien Vorst tot redelijke gedagten
te 7."
NL-HaNA_1.04.02_8697_0072.xml,"Van Siam Onder dato 25. Januarij A. o 1738. /.
te brengen, dog dit schijnt also onmoglijk, als het
is, het Siams Amsterdam in een hollands temeta-
morphoseeren, of het eerste maar voor een
klijn gedeelte na het Laaste te doen gelijken.
nog minder hope blijft ons over, dat uw Edl:s jets
tegen het meer gemelte verbod souden kunen
practiceeren, en het intrecken van dien bewer-
ken, vermits hier onder den Inlander gemom-
peld werd, dat de Coning besloten heeft 's
Cmp. dienaaren geheelijk uijt sijn rijk te setten,
en deselve niet zullen wederom admitteeren, mo-
gelijk is zulx naa sijn Majesteijts gevoelen met
de Ed: hollandsche Maatschappije alsoo gemaa¬
kelijk te doen, als hij bij de Swacke fransche
en eenige engelsche Larrendraijers, die de naam
der Engelsche Campe- misbruijkten, ondervonden
heeft, maar in deese meening soude hij zig hiel
ligt bedragen kunnen vinden, indien de hol-
landsche Leuw door hem allereer getergt
zijnde, eens sijn klauwen en Tanden mogt
komen te toonen; Wij hebben wel ons beste
gedaan, met den Gouverneur en Raad te versoe-
ken, dat ten minsters de voorjarige Schulden
op dewelke het tegenmordige verbad geene be-
trecking hebben kan, vrijelijkheeden in thin aan
ons ."
NL-HaNA_1.04.02_8697_0073.xml,"57
Van Siam Onder dato 25. Januarij A. o 1728. /.
ons mogten werden voldaan, dog het antwoord
was, dat vermits de Strengheit van 's Conings
ordre, sij niet souden durven op zig nemen, een
enkelde boeter aan ons te laten volgen, of
rij souden sig daar door zelven aan de gesta-
tueerde strafe bloot stellen, soo dat wij wreesen
onsen geheelen insaam van dit Iaar met 's
Conings thin daar ondergereekent, nog geene
100 bhaaren zal kunnen uijtmaken.
D' aangehoudene 1¼. bh„r thin vermelt bij
ons briefje van den 25. Iulij A. o p„to hebben
wij tot 's CompC. prijs aan den Eijgenaar moeten
goed doen, alsoo de g'arresteerde Chinees bij Exa-
minatie sijn seggen, van dat thin na de holland-
sche Logie te hebben willen brengen, staande
gehouden, en daar door sijn ontslag erlangh
heeft, dog buijten twijfel heeft dien sluijker
zijne zaake door het gewoone middel, waar-
meede men alle siamse processen winnen
kan, goed gemaakt, en wij souden seer wel
de Nietigheit van dit zijn voorgeven affe hebben
kunnen aantoonen, mitsgaders op desselfs ver-
sending na Siam aandringen, maar hier door
souden wij seekerlijk eenige Leden der Ligaarte
Regeering"
NL-HaNA_1.04.02_8697_0074.xml,"Van Siam Onder dato 25. Januarij A.o 1738.
Reegering geprostitueerd, ende selve mede tot
vijanden gekreegen hebben, het welke niet raad-
saam was, en nog minder nu daar de Coninghels
soo seer op d'E Comp. gebeten is, dat hij in
plaats van haar bij de verkreegene privilegien
te mainteneeren, deselve ten Eenemaal vernie-
tigt, Ja de hollandsche natie ruwer handelt,
als alle andre, want men kan niet nagaan,
dat het oijs op doots strafe verboden is, aan
Chinesen, franschen, Spaniers, portugeesen,
of Engelschen, thin te verkoopen, soo als
sijn Siamse Majesteijt thans bij d'E Comp.
doet fhaand onder de opgem: nalies eenige
sware misdaden in sijn rijk begaan, ook de
fransjes wel eer naa de siamse kroon gestaan
hebben, maar om uw Ed: verdriet niet langer
met dese soo aantreckelijke stoffe te voeden,
zullen wij het daar bij laaten en intussen
blijven. /:onderstond:/ Erntfeste, Voorsienige
en seer discreete. /: lager :/ uw Ed„e gehoorsame
Dienaren. /:was geteijkent:/ I. C. Werlikz, en
W=m Meijboom. /ter zijden :/ Ligoor den
14:' febr: 1737. /:onderstond:/ Accordeert
/:geteekent:/ W=m Meijboom.
Siam"
NL-HaNA_1.04.02_8697_0075.xml,"59
Van Siam Onder dato 25. Januarij A.o 17330. /.
Pr. C
I=r het Vaartuijg van
den Chinees Tjauw Thai.
Aan Den E. Heer Theodorus Jacobus
Van den Heuvel, Coopman, en
Opperhoofd over 's Comp. be-
langen, Benevens den
Raad.
Erntfeste, Voorsienige en
seer Discrete.
De ingeslotene Copij van opsen I„o de dato 14.
der even gepasseerden maand febr: zal uw
Edl„s bij aldien het origineel niet mogt zijn
aan handen gekomen, vertoonen den tegen-
waordigen slegten toestand van 's Comp. affai=
res ten desen Comptoire, spruijtende uijt dat
fameure verbod, welt uijtwerkingen hoe langer
hoe claarder te kennen gegeven, dat 's Conings
volstrekte Intentie is, d' Comp alle negotie
afbesnijden en deselve aan sig alleen te trecken,
soo dat 'er thans niets anders te verwagten
schijns, als de finale ordre tot opbraeke„
Siam
van"
NL-HaNA_1.04.02_8697_0076.xml,"Van Siam Onder dato 25. Januarij A. o 1738. /.
van hier, die genoegsam in dat selve geschrefd
alreeds opgeslooten legt, en wie weet, wat
particuliere bevelen dien aangaande aan den
Gouverneur en raad alhier afgevardigt zijn,
ten minsten kunnen wij daar geen goed ver-
moeden van hebben, om dat men ons maar
heel sobertjes over de Schouder en voor onnus
in deese plaats, begint aantesien, dog dat de
Coning in alle sijne Landen de negotiant al-
leen wil wesen, openbaart zig nader in dese
wijse, op dewelke de nieuwe alhier aange-
komene Chineesen behandelt werden, te twee
aijmuijse Jonken thans te deser rheede leg-
gende, mogen haare Coopmanschappen niet
gelijk voor desen aan wier zij willen, nog ook
de Ingesetene alhier eenig thin aan haar
verkoopen 't welk pubelijk verboden is, maar
den gouverneur en raad zal voor recq: van sijn
Majesteijt hunne geheele Ladingen aanslaan„
en haar als dan soo veel thin uijt 's Conings
Elang overlaten, als zij van nooden hebben,
te weeten tot 30. thijl ijder bhaar, ook werd
gesegt, dat all het thin het geene particuliere
chineesen of andre kleine handelaars na desen
aan 's Conings Cang te koop zullen brengen.
tot 7."
NL-HaNA_1.04.02_8697_0077.xml,"61
Van Siam Onder dato 25. Januarij A:o 1733. /
tot 's Comp. prijs of Th: 23. de bhaar zal aange-
nomen en betaald werden, waar door dan de
Eenigste oorsaak die den eenen of andern Wag=
hals mogelijk nog soude hebben bewogen, steels-
gewijsse eenig thin in de Logie te practieeren, om
liever 23 dan 20. thijl, 't welk tot nog toe 's Conings
prijs geweest is, voor de bhaar te ontfangen, zal
komen op te houden of altemet de te onder-
gaande dood straffe nog niet kragtig genoeg wesen
mogt jeder een van sodanig voorneemen afte
schricken.
Wij verlangen seer naa uw Eol: schrijvens
en ordres, hoedanig wij ons bij desen Conjuncture
van tijden zullen hebben te gedragen, en willen
uwEd„s wel eens en bedenken geven, of het niet
raadsaam soude wesen, de eene kist met Contanten
dewelke nog sodanig is, alsse van uw Ed„s ont-
fongen hebben, met 's Comp: verwagt werdende
bodem uwEd:s weederom toetesenden, om voor
eerst die irretamenta maloruw uijt het Pag
en bereijk van een verkeerd geslagt en in
salvo te brengen.
Waarmeede desen besluijtende, bevelen
wij/."
NL-HaNA_1.04.02_8697_0078.xml,"Van Siam Onder dato 25. Januarij A:o 173. /.
P=rs den Chinees
Tjauw Eeng.
„wij 's Compl: dierbaren belangen ter gunstige
herstelling in dit Rijk, onder de Cragtige hand
van dien groten beschermheer, die deselve
nu all soo veele Jaaren in goeden postuur
gehouden heeft, en verblijven in tussen. /:on-
derstond:/ Erntfesse, voorsienige en seer di-
/:Laager:/ uw Ed: gehoorsame Die-
sereete,
naaren. /: was getekend:/ I. E. Werliz, en
W=m Meijboom. /:ter zijden :/ Ligaar den 2. Maart
Wm
A:o 1737. /:onderstond:/ accordeerd. /was gelee=
kent :/ W=m Meijboom
Siam.
Aan DE Heer Theodorus Jacobus Van
Den Heuvel, Coopman en Opper=
hoofd over's Comp: Belangen
benevens den Raad.
Erntfeste, Voorsienige
en seer Discreete.
Onse twee Jongste van den 14. der Vorige en 2.
deser."
NL-HaNA_1.04.02_8697_0079.xml,"63
Van Siam Onder dato 25. Januarij A.o 1738. /
deser maand, welke laaste desen in afschrift
verseet, ten desen gedient hebbende ter beschrij=
ving der quaade keer, die's Comp. affaires al-
hier onlangs gekreegen hebben soo sullen
wij thans en vervolg van dien reggen, dat naa
alle aangewende moeijte tot het invorderen der
uijtgezette Contanten en voorjarige schulden,
egter tot nog toe niet meer dan th: 46. –. of
het overschot op 2. bhaven thin ingekomen
zijn, soo dat wij niet sonder reeden over de trage
voldoening dier penningen in Contant all, een
swaar hoofd beginnen te krijgen, het soude der=
halven niet ondienstig wesen, dat uwEd„s sig
dien aangaande eers aan den heer bercquelang ad=
dresseeren en sijn Exellentie voorstelden, dat
vermits het strenge verbad van sijn Majesteijd
om geen thin meer aan dE Comp. te mogen ver-
koopen, door den heer Gouverneur en Crommecan„
alhier soo verre getrocken is, dat haar Edelens
daar onder niet alleen de voldoening in thin
van de Contanten, dewelke op Leverantie van
het selve nog voor het expedieeren der gemeldte
ordre schrift verstrekt zijn, maar ook van de
voorjarige Schulden, alsthoon eenige derselve
al over de vier Jaaren oud zijn, hebben gelieven
se. /."
NL-HaNA_1.04.02_8697_0080.xml,"Van Siam Onder dato 25. Januarij A. o 1738. /:
se begrijpen, het in alle billijkheijd van sijn Exel=
lentie soude mogen versogt werden, om aan-
gem: Crommecan t'ordanneeren, voor de afbe-
taaling der meermelte schulden in Contant te
vigileeren, voor allen mogt de heere Opra„
„Blad in sodanig beveel schrift van den heer
Bercquelang wel met name genoemt werden,
als zijnde met den opzig genomen Debet van
desselfs broeder den Aluang Thraan alleen om-
srent th: 1000 Ligoors aand' E Comp. Schuldig¬
op dat d'E Compc. bij Wanbetaaling niet genood-
saakt werde, ter vermijding van meerder ver=
lies, als deselve buijten des in het agterlaaten
van Eene met swaare kosten opgeregte en tot
dus verre onderhoudene Logie, nevens dies depen-
dentien zal moeten ondergaan, wanneer dit
Comtoir opgebrooken werd, sijn Maijesteijd
zelfs deswegen Lastig te vallen.
Het is niet onwaarschijnelijk, dat haar
G
Hoog Edelens tot Batavia nog dit Jaar met
het eerste te verwagtene schip de opbrake van
hier soude kunnen ordonneeren; bij aldien deselve
door UWEd„s met de Iongste gedepecheerde Comp.
bodems van deese groote verandering ten quade
Cent/."
NL-HaNA_1.04.02_8697_0081.xml,"65
Van Siam Onder dato 25: Januarij A:o 1723. /.
in't Siamse Rijk verwitligt zijn, het welk
onses eragters wel heeft konnen geschieden,
aangesien het voor aangehaalde verbond al
in't Laast van Octob. A. o p=to. en deis lange voor
het ordinaire vertreck dier scheepen verleend
is, dog of, alse met de Expeditie van dat geschreft
soo geheijm gehouden was, dat VWEd„s niet vroeg
genoeg daarvan gekreegen, en gevolgelijk ook
niet gegeven mogten hebben, de vereijschte ken-
nisse aan de hooge Regeering tot Batavia,
zoude het eene wenschelijke en voor 's EComp.
belangens gontsch nodige zaake wesen, indien
het mogelijk was, haar hoog Edlens, het zij door
het afsenden van een der Chialoupen, dan wel
door andre gelegenheit van desen allen a hoe
eer hoe liever schuldpligtig verslag te doen,
want als dan souden zeekerlijk ter tijd der Siam.
se besaignes de affaires geheel anders gereguleert
werden, als wel te verwagten is, bij onstente-
nisse van eene behoorlijke Elucidatie, uw
Ed„s kunnen gunder best oordeelen, wat hier
in gedaan diens, en darom laten wij het ook ten
Eenemaal aan derselver goed beleijd over, terwijl
na nederige groete altoos verblijven /:onderstond:/
Erntfeste, Voorsienige en Seer Discreete,
/:lager:/ uwEd:s gehoorsame Dienaren, /:was
getekent. /. /."
NL-HaNA_1.04.02_8697_0082.xml,"Van Siam Onder dato 23. Januarij A. o 1737.
geteekent:/ I. C. Werliz en W:m Meijboom, /: ter
zijden :/ Ligoor den 17. Maart 17737. /:onderstond:/
Accordeerd. /:was getekend:/ W=m Meijboom.
Betavia.
Aan zijn Hoog Edelheijd, Den Wel Ede=
Een Groot Agtbaren Heere.
Abraham Patras.
Gouverneur Generaal
En de WelEdele Heeren Raden
van Nederlands India.
Hoog Edele Groot agtb: Man-
hafte, Erntfeste, Welwijse,
Verresiende en seer Genereuse
Heeren.
Hoog sediende Heeren.
Bij Missive der Siamse bediendens van den 20.
der voorledene maand april, per de Chialoup
Ligoor./.
S"
NL-HaNA_1.04.02_8697_0083.xml,"67
7:
Van Siam Onder dato 23. Januarij A. o 1733. /.
Ligoor, nevens een paqueet papieren onder Ca-
chet volant, aan uw hoog Ed=s beschreeven; en
een Siams Onderschrift van den heer berque-
lang aan deese regeering ter afleevering van
280- bh: thin aan den resident, alhier op den
15. deser ontfangen, gelast zijnde, genoemt kieltje
met de soo evengem: 200. bh: of met soo veel, als
darop voldaan kunden krijgen, na Batavia te
senden, en bij nader schrijvens aan uw hoog-
Edl„s te suppediteeren, sodanige reedenen, draij-
cregen, als alhier souden voortgebragt werden,
tot den niet afgeef, het zij in 't geheel, het zijden
deele van dien, soo soude ik in desen wijd loopiger
dienen te wesen, als de veelvuldige affaires van
meerder belang, die uwwel Edele Groot agtb:
werks genoeg verschaffen, en gedurig beezig
houden, wel mogten toelaten, waarome ik
hoope, niet te zullen mitdoen, wanneer ik
de Vrijheijd neme, omtrent de voorgewaagde reeden
en draijereijen mij reverentelijk te gedragen,
aan het bijgevoegt rapport sub L=ra B.
en hier alleen aanhalen, dat ongeagt de
scherpe ordre van sijn Majesseijd, ende door mij
aangewende kragtigste midlen, om deselve ter
Executie gebragt te zien, egter daarop niet meer
dan/."
NL-HaNA_1.04.02_8697_0084.xml,"Van Siam Onder dato 23. ' Januarij A:o 1734.
dan eene niet naamwaardige Quantiteijd van
bh: 38. lb. 138. afgedaan is, dewelke uw hoog.
Edl„s thans volgens factuurtje werden toege-
sonden, sonder geld some, in hoope dat mijne
geringe Verrigtingen in desen zullen vinden
uw hoog Edelens gunstige approbatie.
Den Boekhouder en Secunde deses Com-
soirs Willem Meijboom en den assistent Cor=
nelis Looths nevens E. Mattroosen, door Uw
hoog Ed„s ongemeene genereusheijd in Qualiteijt
en gage verhoogt en verbeetert, waar van de actens
thans meede ontfangen en aan haar afgegeven
zijn, betuijgen hunne ooitmoedige dankbaar
heijd daarvoor en beloven, dat Ider in sijne
funitie en dienst sal tragten te betoonen die
gunste niet onwaardig genooten te hebben, hoe-
wel ik omtrent den eerst genoemden tot mijn
Leedwesen zeggen moet seer swijffelen, of hij wel
ooijt in zijn gedrag tegens mij zal laten blijken
een regten indruk van dankbaarheid in sijn
gemoed opgeslooten te zijn, hebbende mij nog
Ik wanneer ik uijt de voorgeciteerde missive
der Siamse bediendens toen eerst te weeten
Krijgende, dat hij op eene Clandestine wijse
in 7."
NL-HaNA_1.04.02_8697_0085.xml,"69
Van Siam Onder dato 25. Januarij A. o 1728. /
in A:o p=to. over mij meede geklaagt hed, Capij van
desselfs brief begeerde, om mij behoorlijk daar op te
kunnen verantwoorden, sulx geweigerd, onder
een niet wel ingesien voorwendzel, van dat pam-
pier niet te kunnen vinden, soo als de verclaring
onder Lit: E. hier nevens aantoond, daar ik in
tegendeel de verclaring tegen hem in A:o p=to.
en dese telkens daags na datse verleend waren,
aan hem g'intrageerd heb, met waarschouwing
van mijn beklag dierwegens te sullen doen, dog
over welke eerste hij naderhand tegen mij gezegt,
heeft; eens helder geslaggen te hebben, en
buijten twijffel is dat de reden geweest, waar—
rome hij 't niet eens de penne waardig geagt
heeft, het briefje de dato 19. Septemb. A. o C=to.
waar in ik mij bij het Opperhoofd en raad in
Siam over hem beswaard hebbe, van mij te eijschen,
of in den bondel der afgaande brieven, waaron-
der het alle uuren van den dag soude hebben
konnen vinden, natezien; het soude mij niet
Swaar vallen verscheijdene Staaltjes van desselfs
onverdraagelijke Laatdunckendheijd en groots-
heijd, de Eerste al dikwils tegens mijn gezag aan—
loopende, ende Losse altoos strijdende met
mijn naturelt, opte halen, en met suffisante
Attestatie . /."
NL-HaNA_1.04.02_8697_0086.xml,"Van Siam Onder dato 25. Ianuarij A.o 172. /.
Atlestalies te bewijsen, maar vreesende met soo
een verdreekig subject uw hoog Edls. bereets alte-
lang moejelijk gevallen te zijn, versoeke ik
gants needrig excuse daar over, met alderoor 'tmoe-
digste beede, het van uw hoogEdelens welbeha-
gen zij, door eene favorable dispositie te beletten,
dat een langer broeder mij niet boven het hoofd
groeje, of de meerdere den minderen dienen, al-
soo door Gods Goedheijd ende genereurheijd mijner
betaals heeren de honger mij alhier soo hart
nog niet heefd aangelast, dat ik het regt der
Eerstgeboorte door uw hooghEdelens onwaar-
deerbaare weldadigheijd mij te beurt gevallen,
veragten en tegen een Linsen kooksel ver-
kopen soude.
Na dat dese dus verre geschreeven was,
wierden door 's Conings factoren nog in de
Logie gebragt en ons toegewogen 5. bl: 211.
de Thin, dog dewijl de hier vooren beschreffvene
38. bh: 138. lb. bereeds afgescheept en de fac=
fuuren opgemaakt waren, was het niet mo-
gelijk, sonder tijds verlies met het langer op-
houden der Chialouppen buijten andre incon-
venientien eenige verandering daar in te ma=
ken. /."
NL-HaNA_1.04.02_8697_0087.xml,"Van Siam Onder dato 25. Januarij 1738 /.
P=r den Pequer Nai
Koo.
ken, en die geringe Quantiteijd meede affescheepen,
weshalven deselve onder uw hoogEdl„s gunstig
Welduijden sullen aanhouden tot de Comste van
7 Comp. bodem alhier, waar meede afbreekende
's Comp. importanten omeslagen uw hoog Ed„s
illustre Persoonen en families onder de oogen der
hemelsche Majesteijt beveele, verblijvende altoos
met diep ontzag. /:onderstond:/ hoog Edele groot-
agtbare, Manhafte, Erntfeste, Welwijse, Verre-
siende en seer genereuse gebiedende heeren, /:lager:/
uw hoogEdelens alderonderdanigste en gehoorsame
dienaar, /:was geteekent:/ I„n C:l Werliz. /:verzijden:/
in't N„ts Comptoir Ligoor den 28. Meij 1737. /:onder-
stond:/ deese met de alhierbrustende Copia gecol„
lationeerd. /accordeerd, /:geteekend:/ W:m Meijboom.
Siam.
Aan D' E. Heer Theodorus Jacobus Van
Den Heuvel, Coopman en
Opperhoofd over 's Comp.
handel, benevens den
Raad aldaar
Erntfest, Voorsienige en Seer Discreete.
Dat."
NL-HaNA_1.04.02_8697_0088.xml,"Van Siam Onder dato 25. Januarij A.o 1738. /.
Dat de Chialoup Ligaor op den 15. ' deser alhier
aangekomen en den 28. daar aan wederom gede-
pecheerd, nevens het geene in die tusschen tijd
voorgevallen is, omtrent het besolliciteeren
van de bewuste 200. bh: thin, waar op niet meer dan
3 à 44- bh: afgedaan zijn, zal uw Ed„s omstandig
voorkomen bij het nevens gaande Copeijbriefje en
hoog
C
rapport door den resident aan haar „ Edl: afge-
sonden, waar aan wij ons ter vermijdinge van
onnodige herhalingen sullen gedragen, en hier nog
bekent stellen, dat na afleevering der laaste
5. bh=ren. van voorsz: 3. â 44. de heer ol: fija
uijt name der gesamentlijke Regeering, ver-
sogt aan uw Edl„s te schrijven, soo als sij meede
pheer bercquelang
aan den  doen souden, als of thans
door haar Ed„le voldaan en in de Chialoup afge-
scheept waren 89. bhaaren 121. p:s het geene
men beloofd heefd, om dese regenten niet eens
Claps voor 't hoofd te stooten, of bij een voor-
spoedig Lugtje meer zeijlen bij te retten, als de
Voorsigtigheid toelaat, daar in dit onweers Land
het geheugen van de laaste onguure buije nog
al te versch is; wij laaten het egter aan Uw-
Edl. wijser oordeel, welke Quantiteijd van beijde
met de minste aanstaat aan de een of andre kant
doar."
NL-HaNA_1.04.02_8697_0089.xml,"73
Van Siam Onder dato 25. Ianuarij A. o 1738. /.
door UEd„s zal mogen opgegeven worden, met
deese remarque nogtans, dat de bequaamste om
den heer Prasombatibaan de Voet te ligten, onses
bedunkens, wel de beste is, want dien mandorijn
mag tot nog en solang als het duurt, een Vriend
des keijzers wesen, maar hij zal nooijt een opregt
Vrund van dEComp. werden; sijn particulieren
„ nieuwe
handel met de „ Chineesen gedreeven, de verkoop
van eene groote Quantiteijd thin aan deselve,
waar door alleen de presente schraalheid van
dat metal ende geringe voldoening op voorm:
200. bh: veroorzaakt is, en de Crimineele exor-
sies van den Inlander kunnen daar al vrij wat
toe contribueeren, en houts genoeg verschoffen,
tot een stok, om hem daarmeede eene partheij
per fas Fnefas 't samen geschraapte Tickals
uijt de beurs te kloppen, waar toe hij dog van
natuure gereigt sijn:
Onder de Siamse papieren door Uw Edle
herwaarts gesonden, is wel een Tra geweest,
waar in verboden werd, /:dog niet op dood straffe:/
aan de nieuwe Chineesen eenig thin te ver-
koopen, maar wij vresen, dat de heer Pra som=
batibaan sig daar niet veel aan stooren zal,
soo /."
NL-HaNA_1.04.02_8697_0090.xml,"Van Siam Onder dato 23. Ianuarij A.o 17389.
soo lang den Siamsen voorsz: niet behaagt, de
vorige privilegien aan E Comp. te restitueeren,
en ons daar door de magt te geven van dien
Caloeanger wat in't Vaarwater te zilten.
Dit dan van de materie der Siamse papieren,
voor af gegaan zijnde, soo zullen wij thans over-
gaan tot eene Carte beantwoording van uw Edl„e
geerde missive de dato 20. april en voor eerst
onse schuldige dankbaarheijd betuijgen voor de
discreete goed keuring onser geringe verrigtingen,
als ook voor de favorable voorschrijvingen
aan Haar Hoog Edelens ten opsigte der g'advan-
ceerde en verbekerde Persoonen ten deesen Com-
toire, zullende wijders naa besten vermoogen tra-
gten te verbeeteren, het gheere bij gemeldte UwEd„s
schrijvens als berispelijk voorgekomen is, en onse
boekjes belasten voor sodanige summen, als
uWEdl„s ons hebben gelieven te ordonneeren;
maar omtrent de redrespost van ƒ124. 4. —.
versoeken wij eerbiedig, door VWEdl„s nader gelu=
cideert te werden, alsoo het ons wat duijster
voorkomt, eerstelijk dat gesegt word, van 4. Tin-
merlieden, die in A:o p=lo Pansen souden gewerkt
hebben, en dan weegens de ƒ12. 3. 8. dewelke
niet./."
NL-HaNA_1.04.02_8697_0091.xml,"75
Van Siam Onder dato 25. Januarij A. o 1728.:/
niet naa gaan kunnen, onder wat Post ons
in A. o 1734. door UWEdl:e te veel aangetee-
kent zijn, za wij souden schier denken, dat
daar eene Copier foute onder schuijlde; dewijl niet
wel onneemlijk is, dat een abuijs in A. o 1734. be-
soude
gaan, nu eerst ontwaart wesen, weshalven, ge-
lijk gezegt, nader Elucidatie versoeken, met
aanwijsing, op wat Lastrecq; de eerste summe
eijgentlijk moet overgedragen worden, het
gheere VWEdl=s seggen in A:o p=to doar ons verge-
sen te zijn, als meede van welke recqn de laste
of ƒ 12. 3. 8. moeten aftrecken, op dat niet
wederom abuijs begaan, met ons naa vorige E=
xempeln te reguleeren, gelijk wij in het stellen
der eerste post bij de afgelegde boeken precise
naa de Voorbeelden van A. o 17 4/40. op pag. 5. en 19.
en van A o 17 2/2. op pag: 7. en 27. in de Negotie
Journaalen te vinden, te werk gegaan zijnde,
gedaan hebben; Verders blijven wij UwEdl„e ook
sen hoogsten verpligt voor de seer sagtsinnige
behandelingen onser verschillen, dog vermits
die sagtsinnigheijd, mogelijk aan weerskanter,
niet te regt begreepen, waar in tegendeel nadere
occasie tot disputen daar uijtgenomen is, soo heeft
de Resident moeten resolveeren, bij deese gelegen=
heijd /."
NL-HaNA_1.04.02_8697_0092.xml,"Van Siam Onder dato 28. Januarij A. o 1738.
heijd Haar hoog Edelens andermaal met deese
verdrietige stoffe Lastig te vallen, soo als
EewEdl. het meermelte briefje en de nevens
gaande verclaring kunnen aantoonen, van
welke haar hoog Edelens wij dan ook met de
alderdiepste Submissie de Determinatie dier
zaak zullen afwagten, en in tusschen stipt
opvolgen de ordres door uw EdE„ aangehaald
en heerwaarts verleend, seedert den Jaare
1726 en 1730. waar van den Resident niemand
met Waarheid zal kunnen nageven, eene
enkelde overtreden te hebben, alschoon de —
selve kunnen oorsprong aan gantsch andre
gevallen verschuldigt zijn, want toen wilde
de Resident in't geheel van geen Tweede hier
weeten, nam hem de kleijne Cassa af; gebruijk-
te hem alleen als Capijisf en sond hem eijnde-
lijk op na Siam, dierglijken den tegenwordigen
nooijt in sijne gedagten gekomen is, en darom
soude het hem al wat hard vallen, indier
onder de gemeldte ordres eene gevonden wierd,
en hij deselve obediëëren moest, die dicteerden, dat
de Resident niet eene naa bij Jobs komende Lijd-
saamheijd al swijgende verdragen moest, wan-
neer de tweede weijgerde sijne Ordonanties te
respe-./"
NL-HaNA_1.04.02_8697_0093.xml,"77
Van Siam Onder 25. Januarij A. o 1738. /.
P=r den Caloeang
Coen Brom.
respecteeren en ordres naate komen, dog daar
is tot nog soe soodanige ordre niet in wesen„
en zal ook zeekerlijk nooijt komen, alsoo
die regtsdraads soude aanloopen, tegen alle
maximes van goede regeering of huijshouding.
Waar meede, noa de twee kleijne spruijten
van het Siamse Rijk, dewelke met's CompC:
grooten Ooeaan Comunicatie hebben, onder
de verdere gunstige aanschouwing van den
oppersten ziender bevoolen te hebben, desen be=
sluijten en met Eerbiedigheijd blijven. /on-
derstond:/ Erntfeste, Voorsienige en seer
Discreete /:lager:/ UWEdl: gehoorsame Die-
naaren, /:was geteekent :/ J=n C„l Werlix en
W=m Meijboom, /: ter zijden :/ Ligoor den 30. Meij
1737. /:onderstond:/ Accordeerd /:was geteekent:/
Wm Meijboom.
Siam
Aan als Vooren.
De Zuijdwestelijke Winden, dewelke zedert het
Vertreck der Chialoupen tot nog toe tamelijk hard
door/."
NL-HaNA_1.04.02_8697_0094.xml,"Van Siam Onder dato 25. Januarij A. o 1738.
door gewaaijd hebben, zullen tot eene spoedige
reijse van gemeldse kieltje, bij aldien het selve
die ook sodanig gehad heeft, soo favorabel
^daer
niet geweest sijn, als wij wenschten ^ en tegen
zullen uw Edl„e hier door te eerder toegebragt
wesen ons Jongst afgesonden briefje en bijlagen„
welk eerst genoemde in Copeij hier nevens regt„
en waar op wij thans tot een vervolg van het
g'adviseerde melden, dat ons uijt den tragen
voortgang der Clangs heeren in het op samelen van
Thin, een weijnig minder als onmogelijk voorkomt,
tot en bij het aanwesen van 's EComp. badem de
gerequireerde 200. bh: te zullen erlangen, voor
al niet, so de Pra tot den weeder vergunden
vrijen inkoop en de herstelde Voorregten der Comp„
de nog aanwesende nieuwe Chinesen den pas
niet in tijds komen aftesnijden, die, ongeagt
het laaste verbood tegen den Verkoop van thin
aan haar, slim genoeg zijn, de gierigheijd der
Jnlanders te doen overhellen naa de kant van
der hoogsten prijs, en haar lieden soo gemak-
kelijk te maken, als over zulks verbod niet eens
in de Wereld ware, ook werd door het uijtblij=
ven der voorm: Tra, self het gros van's ECamp.
Debiteuren met hun thin alhier gedeverteerd
en./."
NL-HaNA_1.04.02_8697_0095.xml,"79
Van Siam Onder dato 25. Januarij A.o 1728. /.
en zijn door deselve, egter buijten nadre aan-
maning, nog onlangs eenige bh„n aan ons
gerestitueerd in Contanten, die mogelijk meede
sluijt de beursen der geseijde Chineesen
gekomen en tegen dat mineraal verwisseld
zijn; Wij twijffelen niet, of uw Edle zullen
deese Inconvenienten voorzien, en davan alle
bedenklijke middelen geadhibeert hebben, om hoe
eer hoe liever een goed beveelschrift van sijn
Majesteijt te erlangen, ten minsten, wij hebben
op het goed succes daarvan de voorsz: De-
biteuren selkens getragt opte houden met te
seggen, dat 's EComp. Chialoup met sodanige
Pra dagelijks verwagteden, maar of dien vorst
en sijne Raadsluijden soo schielijk zullen
hebben kunnen toesnijden een Manteltje
tot het bedecken van eene alte onbesuijste
verbad, als se wel haft eenen draaij meenen
klaar gehad te hebben; voor de ongeluckig
verdigtede Leening van 200. bh: thin aan d'E Comp.
daar van hoopen wij per naasten door Uw Edl=s
te zullen werden onderrigt.
Den Oluang Wiset, dewelke met dit vaartuijg
vertreckt, en al op den 24. 7br: A. o 1735. Th:o 460. —
op/."
NL-HaNA_1.04.02_8697_0096.xml,"Van Siam Onder dato 25. Januarij A.o 1738. /
P=r de Caloeang
Mon Prom.
op Leverantie van 23. bh: thin alhier opge-
nomen, dog nog niet meer als 1½ bhaar daar
op afgedaan heeft, souden wij gaarne na de
voorbeelden voriger Jaaren in deese sijne
Rijse geslut hebben, maar moesten het om voor
gerepte reeden agterweegslaaten, waar op
uwEdl„s dan al meede, indien zulx dienstig oordeelt,
zullen mogen fundeeren haare nadere Instantien,
ter spoedige redresse, dewelke wij van herten wenschen,
dat binnen korten komen, kragtig wesen en lang
„duuren mag, ten besten van 's EComp. belangens„
en ter verheuging van /:onderstond:/ Erntfesse,
Voorsienige en seer Disereete, /:lager :/ Uw Ed:s Ge-
hoorsame Dienaaren, /:was geteekent:/ I=n Cl„
Werliz en W„m Meijboom. /: ter zijden :/ Ligoor den
20. Iunij 1787. /:onderstond:/ Accordeert. /: was
geteekent. /. W=m Meijboom.
Siam
Aan als Vooren
Na dat ons briefje van gisteren al geslooten
en geteekent was, wierd ons deesen morgen, om —
trent 2. uuren in de nagt, daar seekeren Verspieder,
dien /."
NL-HaNA_1.04.02_8697_0097.xml,"81
Van Siam Onder dato 35. Januarij A.o 17328. /.
dien mij alleenig zeedert de komste der Chialoup
alhier op onse zijde gekreegen en gehouden
hebben, berigt, dat de Chineesen besig waren,
met eenig thin in haare Sampan te laden, om
het selve naarbij de Logie na boort te brengen
soo als ze dat bevoorens al, meermalen gepracti-
„ van
„feerd hadden, en waar hij ons meede wel verwit-
ligt had, dog wij dorsten qualijk hazardeeren, in
deese haggelijke lijden en omstandigheeden jets
daar tegen t' ondernemen, tot dat eijndelijk dat
spelal te grof en zelfs Conings ordre so onbeschaamt
tegen gaande, wij zulx niet langer met goede oogen
en al stil sittende konden aansien, weshol-
ven aanstonds 4. man met hun geweir gereed
deden staan, om soo dra als zij de Chineese
Sampan hoorden aankomen de paart te ope=
ren en in dat Vaartuijg te vallen, dit dan soo-
danig gedaan en een goed partheijtje thin darin
ontdekt zijnde, soo bevonden wij na ontlossing
van 't zelve 57. matten zakken reven 7½
enkelde Marrados van grote en quaart boeters
uijtmakende, na Calculatie op een der gewogene
zaeken gemaakt, omtrent 12. bh: dewelke
de Chinesen opentlijk Leijden, van den heer
Calodang Prasombatibaan te wesen, het gheene
ons verscheijdene Inlanders weijnige uuren daar
naar"
NL-HaNA_1.04.02_8697_0098.xml,"Van Siam Onder dato 25. Januarij A:o 1728. /:
naar meede verzeekerden. Wij hebben den
Ol: Tja die zaak al vroeg bekent maken
en verzoeken laten, om jemand ter Na telling
en opteekening van die Quantiteijt in de
Logie te willen senden, soo als geschied en voorts
op onse Instantien door sijn E. van dit Voorval
schriftelijk kennis gegeven is, aan bovengenoemde
Pra Sombatibaan en Crommecan, met versoek
dat gem: thin ons door 's Conings Weeger en gecom-
mitteerdens in afkorting op de geordonneerde
200. bh: toegewogen werden mag, dog heeft sig
de hier Oluang Tja wel gewagt in het advijs briefje
bekend te stellen, der Chineesen gedeclareerde, dat
namentlijk dit mineraal van den Sombatibaan
was, of nu zulx nagelaten is, uijt bevreestheijt
voor dien grooten Caloeanger, dat wel om dat
sijn E. self mogelijk Participant in die verbodene
negotie is, kunnen wij niet vast seggen, en voor
als nog ook niet weeten, hoe dit ons gedoente bij
deese regeering of aan het hoff en Siam zal wer-
den opgenomen, het is bekend, dat alle dinge twee
handvatsels hebben, en dat men deselve van 2.
kanten beschouwen kan, sodanig is het hier meede
ook gesteld, wil men het van de regte kant aan
zien, daar zal wel ruijm soo veel proportie in
te /."
NL-HaNA_1.04.02_8697_0099.xml,"83
Van Siam Onder Dato 35. Januarij A:o 1728. /.
te vinden sijn, als in het onlangs gehoudene
gedrag van sijn Majesteijt tegens d' EComp.
da zelf aan de scheeve kant zolzig het eer-
ste op verre naa soo enorm niet verthoonen,
als het laaste, want hier behoort in Consideratie
te komen, dat, so al op sijn quaadste genomen,
jets onbehoorlijks aan de zijde van d' EComp. be=
gaan is, de schuld daar van gemakkelijk op
1. â E. van haar hoog Edelens Aagtb„s geringste
Dienaren afstuijten kan, daar in tegendeel de
gemelde Vorst dotLelijke kind voor de geheele
Waereld zelfs genadert en voor egt verklaard
heeft, waar en boven nog tot onse verschooning
strecken kan, dat wij't bij't aanhouden der
voor geciteerde 12. bh. thin alleenig ter despo-
sitie en voor reecq: van sijn Majesteijt, gheene
andre Intentie gehad hebben, dan om dien
vorst te behagen, door onse weijnige diensten te
contribueeren ter betere nakoming van desselfs
gedugte beveelen; so wel nu deselve wederom
ter begunstigiging van dE Comp. geregt zijn,
als wij ons met alle gehoorsaamheijd daar aan
onderworpen hebben, wanneer die tot derselver
nadeel verstrecken: Als men nu de zaaken
Questie een weijnig met de nadige Omstandig-
heeden"
NL-HaNA_1.04.02_8697_0100.xml,"Van Siam Onder dato 25. Januarij A:o 173. /.
heeden egter met alle mogelijke beknopsheijd
wil insien, so kan men overwegen, dat des ko=
nings soo dikwils beklaagt thin verbod tegen
dE Comp. wel g'emaneert is, maar dit schijnd door
de Iongst toegestaane 200. bh: genoegsam her—
roepen, en gevolglijk 's EComp. slapende pré-
vilegien daar door als wederom waeker geworden,
daar en tegen is een onder verbad van even dien
vorst, dat thans aan de Chineesen belet, het geene
voor deesen aan ons niet toegestaan was, nog in
sijn volle vigeur, of behoorde ten minsten soo
te wesen;
Voor d'Executie van het eerst-
genoemde heeft de heer sombatibaan soo goede
sorge gedragen, dat wij in all die tijd geen enkeld
Cattij thin voor dE Comp. hebben kunnen magtig
worden, dog van het Laaste is hij zelfs de eerste
en grooste overtreder en moest men tot allen
desen stil swijgen. Elihus vreese van een aan-
staande buijkbersting soude hier door maar al-
teveel toenemen; Het is ligt te bedenken, dat de
spiritues in 't Weerglas van dien buijten des oploo-
penden Mandarijn wel eenige graden rijsen sal,
als hij zig soo pijnlijk op sijn seer getraps ti,
vaeld, maar wat is 'er aangelegen of het zelve
soo veel hager of lager toond, daar geene hoope
meer."
NL-HaNA_1.04.02_8697_0101.xml,"85
Van Siam Onder dato 23:' Januarij A.:o 1728. /.
P=r de Bark, de
Thingieter.
meer over blijfd, dat hij orijt tot de getempers-
heijd van 's CompC. lugtstreek overgaan zal.
De Tijd ontbreekt ons, en mischien soude
het niet minder aan de bequaamheijd van's Comp„
Tolig alhier haperen om uijt het verhaalde
in deesen een bondig geschrifb optemaken en
aan sijn Exellentie den heer Bercquelang Pad-
dresteeren, waaromme wij aan UwEd„le zullen
overlaten en versoeken het gheene uijt onsen
name of op eene andere wijse teverrigten, wat
oirbaar zal g'oordeelt werden, terwijl wij met
eene bezondere agting verblijven /:onderstond:/
Erntfesse Voorsienige en Seer Discreete;
/:laager:/ UWEd„s gehoorsame Dienaren /:was
geteekent:/ I:n C„s Werliz en W„m Meijboom,
/:ter zijden :/ Ligoor den 21. Iunij 1737. —
/:onderstond:/ Accordeert, /:was geteekent:/
Wm Meijboom.
Siam
Aan als Vooren
Die Eerloose gedoentens der Siammers, zijn Uw Edd„s
soo /"
NL-HaNA_1.04.02_8697_0102.xml,"Van Siam Onder dato 25. Januarij A. o 1733 /.
soo wel bekend, dat wij gemaekelijk de moeijte
souden mogen sparen, van uw Edl: met een
derselve uijt ontelbare andre in deesen t'onder—
houden, ware het niet dat onse pligt ons hiertoe
noopte om uw Edl„s thans den uijtslag van het
proces over de P„o aangehoudene 12 bharen thin
bekent te maken, waar van het historieel be-
deels hebben ans laaste briefje van den 21. Junij
dat nevens een ander, maar eenen dag ouder zijnde,
in Copeij hier bijgevoegt is. De eerste beweeging
dan, dewelke over het gemelde Thin gemaakt
wierd, was, dat de heer Pra Sombatibaan 's daags
naa de aanhaaling van 't zelve omtrent 3 morgens
te 10. uuren, wanneer 's Conings Wegen en diverse
schrijvers ter ordre van den auden heer Gouverneur
en Crommecan bereeds in de Logie gekomen waren,
om ons dat Mineraal toesewegen: seekeren Ca-
loeang Meun Wisit met eenen secretaris en
ander gevolg in de Logie sond, welke eerst ge-
noemde na de manier der Inlanders uijt een
^en onderherhaalde betuijgingen dat gep„te swart boekje niet dan witte whaagheeden.
swart boekje met veel omstandigheeden behelsde,
den Resident deed voorlesen, dat de heer Pra
Sombasibaen op soodanigen dag /:NB„e / nog
voor de Camste der Chialoup en dus al voor het verbad
tegens den Verkoop van Thin aan de Chineesen :/ van
zulken/"
NL-HaNA_1.04.02_8697_0103.xml,"87
Van Siam Onder dato 25. Ianuarij A.o 173. /.
zulken Chinees gekogt had, goud, zijde en
koper goed, beloopende over de 8 Cattijs aan
zilver, waar voor hij aan dien Chinees eenige
dagen geleden had laten leveeren 11. bh: en
eenige Cattijs thin lot 13: th: Siams jederbh:
het welk juijst de zelve waren, die wij aange—
houden in thans in bewaring hadden, dog aan—
gesien de gemeldte goederen, gelijk gezijt, nog
voor het Verbad tegen de Chineesen ingekogt wa-
ren, soo hoopte de heer Pra sombatibaan,
wij souden gheene swarigheijd maken, even gem:
thin te largeeren; dit was de principale inhoud
van dat geschrift. Waar op lieten antwoorden,
dat in dit Cas niet anders ofer beeter doen konden,
dan ons te bedienen van de wel bedagte uijt —
legging van het verbod tegens het Verkoopen
van Thin aan de Hollanders en de darop gegronde
Resolutie, wanneer mij versogten, dat de voor-
jarige schuld, waar van eenige 7. andre 5.
en de Jongste bijna 2. Jaren oud waren, hebben-
de thoen van de 193- bh: die meede al lang voor
dit verbad uijtgezet waren, niet eens willen rep-
pen, aan ons in thin mogten voldaan werden,
namentlijk, dat wij niet souden durven op ons
remen, een enkeld Cattij van meermelte thin
te:ƒ"
NL-HaNA_1.04.02_8697_0104.xml,"Van Siam Onder dato 25. Januarij A:o 1723. /.
te largeeren, alsoo het selve om goede redenen
aangehouden en ook alreeds aan den Cromecan
soo wel als na Siam, om dat het thin voor sijn
Majesteijts recq: ter spoediger bemagtiging der
Jongst toegestane 200. bhaaren aangeslagen was,
kennis daarvan gegeven hadden, voorts doer-
den dien zendeling meede te gemoed, met ver-
soek van het selve nevens het vorige te registree-
ren, te weeten: dat 'ergants gheene Evenredenheijd
was in sijn Exellentie tegenwoordig gedragen
het gheene ons toenmaals geordoneert wierd, te
houden, dicteerende, dat onse uijtgeschootene
„ran/.
Contanten op Leventie van Thin wederom eij-
schen moesten, want anders had hij het goud zijde
en kooper aan dien Chinees behooren weder
te geven, of om de koop niet te breeken, in
silver te voldoen, gelijk den selven na den te=
neur van dat geschrift op soo veel Cattijssil-
ver berekent en niet op eenige bharen thin
gesloten was; Deese bal in diervoegen terug
gekaatscht zijnde, wierd het door haar lieden
nu en dan wel over een ander boeg gegoeijdb
om te probeeren of zij die hoek niet te boven
souden komen, dog daar door al so min als met
het vorige hun oogmerk bereijkt hebbende, zul-
len7."
NL-HaNA_1.04.02_8697_0105.xml,"89
Van Siam Onder dato 25: Jenuarij A:o 1732. /.
zullen wij die projecter om niet altelang
te vallen voor bij slaan en hier nog maar
melden, dat na de Coloeang Meun Wijet met
3 Conings weger en schrijvers gesprooken had„
deselve onverrigter zaaken met hem weder stad-
waarts keerden. De Heer Pra Sombatibaen
in onsen antwoorden geen behagen vindende,
en in tegendeel qualijk te vreeden zijnde, dat
het thin niet aanstonds gerestitueerd hadden,
sond in den agtermiddag den heer Ob: tja bij
ons, mischien denkende, dat eene persoon van
hooger Qualiteijd grooter vermogen op ons
hebben souwde, dog dien heer toonde zig om alle
suspicie te benemen, als of hij in die negotie ge-
interesseerd was, al vrij indifferent, sprak niet
eens van het ontslag des gearresteerden thins,
keurde integendeel ons gedoente daaromtrent
voor goed en betuijgde eeniglijk darom gekomen
te zijn, om voor het Dog van genoemden Coloe-
anger aan desselfs ordre te voldoen en ons
uijtsluijtsel over die zaake schriftelijk op-
tenemen: het welk sijn Ed: even sodanig als be-
voorens aan mein Wisit opgegeven wierd, maar
wanneer den selven dat Geschrift quam optelesen,
soo bevonden dat zijn E. het in veel sagter Termen
als/"
NL-HaNA_1.04.02_8697_0106.xml,"Van Siam Onder dato 25. Ianuarij A. o 1728. /
als de gedagte Wisit opgesteld en al wederom
niets gemeld had van het reggen der Chineesen,
dat veelmelt thin van den heer Sombatiboen
was, wethalven sijn E. versogten, dit nog te wil=
len bij voegen, alsoo imers de Eerste sendeling bij
sijn schriftuur in alle Omstanden het selve
bewaarheid had, maar sijn E. hield zulx niet
voor raadsam, om reden, dat in dierglijken ge-
vallen het seggen of schrijven van sodanigen
sendeling niet anneemelijk was, en indien hij
dat mogt komen te regeren, sijn E. soo wel als
wij voor Leugenaars souden te boek gesteld wor-
den, waar door wij gepersuadeert wierden aan
sijn E„s sinlijkheit ons Zegel te hangen-
Na dat de nieuwe heer Gouverneur nu gesien
had, dat de tweede bezending van geen beter sui-
ces geweest was als de eerste, soo wierd ons uijt
sijnen name een hoog dravend geschrift ter hand
gesteld, sub No:o 2 deesen in Origineel en
Translaat versellende, waar op wij het antwoord
onder N:o 4. posten, maar dit pos getranslateerd
en nog niet in't net geschreeven zijnde, hadde
Tolk al boden en ordre om bij voorm: Gouverneur
te komen, mogelijk, dewijl dien mandarijn in
fijne"
NL-HaNA_1.04.02_8697_0107.xml,"91
Van Siam Onder dato 25. Januarij A. o 1728. /.
sijne Conscientie, soo dezelve niet door het brand-
ijser van hebrugt ten eenemaal al toegeschroeijd
is, van de schurfheid sijner zaake overtuijgt
was, of wel onder het herkrauwen van 't ant-
woord aan meun Wisit gegeven, en door desselfs
secretaris na onse Intentie massiv genoeg ge-
boekt, proeven kon, dat all sijne spaanse spreek=
wijse, met goede duijtsche reden souden weder-
legt werden. De toek dan bij sijn Exellentie ver=
scheenen sijnde, soo vraagde hij wel of het ant-
woord op sijn voormelt geschrift, klaar was„
maar wanneer den Toek berigt had, dat het soo
even over geset was, en nog niet in't net geschree=
ven was, soo seijde dien heer, dat zulx niet
nodig was, maar liet hem onder het uijtmeeten
van sijne goede diensten in het bezorgen der vori=
ge Konings thin Schuld aan d'E Comp. bewesen,
met de lange el een ander papiertje in de hand
stoppen, waar bij onse finale declaratie over
het Largeeren van sijn Thin als dreijgender wijse
afgevordert, en hier op door ons eene schrifte=
lijke ordre van den Crommecan daar toe versogt
wierd, soo als beijde die translaaten onder de
Nummers 5. en 6. uw Edl:s zullen aanwijsen,
dog alschoon soodanige ordre niet erlangt hebben,
moesten:/."
NL-HaNA_1.04.02_8697_0108.xml,"Van Siam Onder dato 25. Januarij A. o 1738. /:
moesten wij egter treden tot de restitutie der
aangehoudene 12. bh: thin, op een geschrift
onder het zeegel van veel melten meun Wisit,
ter ordre van den Nieuwen Gouverneur ver-
leent, dat Origineel hier in geslooten is, om
dien assuranten mandarijn, nu door onse heer—
haalde Weijgering al volkomen in 't harnas ge-
bragt, door lange tegenstreving niet altemet
tot naadeeligere messures voor het belang der
CCompc: aanteretten, te meer, dat ook de oude
gouverneur en Crommecan uijt vreese voor den
nieuwen ons all meede tegen gevallen waren,
behalven dat, soo meender mijnale wEd„s prijselijk
en resolut voorbeeld bij de laaste onlusten,
met het hoff gegeven en na mate van onse
swakke Steun all genoeg gevogten te hebben,
als wij maar door dit geval sijn Majesteijt,
/:nieusagierigheijd ligtelijk wegens het missen
van dat, hoewel maar kleene toegedagtbrokje,
soo het door eenen bequamen ontleder voor
gedient werd, zal kunnen gaende gemaakt werden:/
konden doen blijken, wat ontrouwen dienst —
knegt hij over het Ligoorte gebied gesteld heeft,
dag indien de vorst nog al langer door de bril
van Voor Oordeel of andre valsche glasen ziende,
rig. /."
NL-HaNA_1.04.02_8697_0109.xml,"93
Van Siam Onder dato 25:' Ianuarij A.o 1728. /.
zig niet onder het reffenen van de wel verdiende
strafe aan dien grooten avertreder gevoelig
toond, soo laat hij duijdelijk genoeg blijken,
dat het hem met de d„o Tra tegen's vercoopen
van thin aan de Chineesen, met sodanigen Ernst
geweest is, als met die onvergeef en onvergeer-
lijke dootstrafe, gestatueerd tegens de over-
freeders van dat verbad bij het welk wij thans
geen bijmoord weeten te voegen, het geene des-
selfs afse huwelijkheid na vereijsch uijtdrukt,
hoemel onse nieuwe heer Gouverneur, om dat
het soo wel in sijn Craam dient, daar meede
besonder in zijn schik is, uijt welken hoofde hij
telkens weder daar van ophaald en op de obser-
vantie van het selve tot nog soo kragtig aandrings,
daar in tegendeel om de nakoming van het andre„
dat tegens de Chineesen is, niet eens ged„te werd, heb=
bende dien hoogmoedigen gast in den beginne der
verschillen over het aangehoudene thin zig niet
geschaamt aan den Gouverneur en Raad te
laten weesen, dat hij nog 50 â 60: bk. aan de
nieuwe Chineesen schuldig was, dewelke hij al
so wel, als de evengeciteerde 11â 1E. bh„n aan haar
Lieden leveren soude en dat haar Ed„s in dien zij oor-
deelden, dat hij qualijk daar in doet, hun beklag na
siam doen konden, dog dat hij uijt kragte van sijn
Characteer./."
NL-HaNA_1.04.02_8697_0110.xml,"Van Siam Onder dato 25. Jabuarij A. o 1738. /
Cheracteer als hier en hoofd over de Elang
niet gehouden was, om aan jemand in 't Land
van Ligoor, reekenschap van sijn gedoente te
geven, soo dat ingevolge van dien op goed fon-
dament bij sijne geschriften gesegt en met sijn
eijgen Exempel bewesen werd, dat het thin van
dit Jaar niet voor de hollanders /:Sic inteb=
Eigendam maar wel voor de Chineesen :/ is, en
darom het laast gem: verbod door hem niet hoeft
gerespecteerd te werden. Maar gelijk wij voor
vast stellen, dat zijn Ed: in die stellingen en
andere Expressies, omtrent het reclameeren
van sijn thin, bij desselfs papieren gebruijkt,
sig verre te buijten gegaan heeft, soo twijf-
felen wij ook geensints of een soo expert Dan=
meester gelijk deese, zal meer dan een Capriool
weeten uijtlevinden, om eenen valschen pas
met gratie te doen, westhalven wij de voor-
aangehaalde papieren in origineel oversenden,
met versoek dat Uw Edl daar van soodanig
gebruik gelieven te maken, als uwEdl„e be-
quaamst zullen bevinden, ter bewerking dat
opgem: springer onder het doen van sijne uijtge-
vondene Capriolen aan 't glippen rake, dog
ingevalle het geheele spel aan de Cant: van
sijn v."
NL-HaNA_1.04.02_8697_0111.xml,"95
Van Siam Onder dato 25. Ianuarij A.o 1738. /.
sijn Majesteijt niet ruijver zijnde, men ook
daar door sijn oogmerk niet berijken kan,
mag men het wel aan eene doorzagte middelen
ongeneesbare nationael ziekte der Siammers
loeschrijven, dat d'E Comp. nu al sedert soo
veel Jaren in dit Rijk het voefpadder reede
met de grootste lijdsaamheijd bewandelende, soo
weijnig siamse Coningen of andre Rijxgrooten
daar op ontmoet heeft, ten zij men wilde ree=
kenen, het groot getal der geener, die in hunne
rijse op de heirbaan van onredelijkheid het
voorm: pad met geweld over kruijpende, dikwijls
de voortgang op het selve seer moeijelijk en nog
kortelinks bij naa onmoogelijk gemaakt hebben.
maar om in dierglijken aanmerkingen niet te dwalen,
zullen wij daar van aftien en voorts uwEdl, berigten
dat op den 7. der J„o verledene maand Iulij in mindering
dergeleende 200. bh: thin. nog bh: 21. lb 317. uijts
Conings Clong ontfangen hebben: soo dat thans darop
in allen afbetaald zijn bh„n 65. b 312. waarbeij nog
noteeren onse Verlegenheit, om Chineese ijsere smelt
pannen, alsoo niet meer als nog maar 2. onbeschadigde
hebben, en deesen Jaare geene uijt China aangebragt
zijn, men vind alhier wel veele van Sontgra tekoop,
maar die zijn alle te kleijn en daar boven so dun en
broos. /"
NL-HaNA_1.04.02_8697_0112.xml,"Van Siam Onder dato 25. Januarij A:o 1738. /
broos van Stoffe, dat se qualijk eene smelting
souden konnen uijthouden, weshalven
versoeken te mogen weeten, of bij uw Edl. te bekomen
zijn, moetende aan de bovenste rand 2¾ voet in
diameter wijden in't midden 13 à 14. duim diep
wesen, soo Ia, souden uw Edl' ons seer verpligten
met 4 à 6. p„s daar van intekoopen en bij eerste
occasie p„r Inlands Vaartuijg heenoarts te senden,
want om de Barcq durven wij voor eerst nog niet
versoeken, dewijl niet alleen de Tra tot den weder
vergunden vrijen Inkoop van thin nog uijt blijff,
maar ook de eene kist met Contanten nog onaan-
gebrooken is, darom zal men dienen aftewagten,
in wat gedaan te rig de zaaken alhier, naa er
langing zulker Tra of veel meer, naa haar hoog-
Edelens wijse schikking der Siamse affaires, zullen
vertoonen, intusschen smeeken (wij de oneijndige
goedheijt, om alles ten besten der EComp: ter wil-
len keeren.
Deese tot dus verre opgesteld zijnde, om p=r In=
lands vaartuijg te werden afgesonden, wierd ons
op den 10. deser door den Barcquier Dirk Tijerhor:
ter hand gesteld uweldE. geresspecteerde van den
12. Iunij A. E. nevens een versegel de bamboes, waar
van."
NL-HaNA_1.04.02_8697_0113.xml,"97
Van Siam Onder dato 25. Januarij A.o 1728. /.
van de Inleggende Tra, soo als wij daags daran bij
oplezing derselve in's Conings zale verstonden,
alleen aan den Iucobad, hoewel die dat ampt tot
nog maar bij provisie waarneemt, en den Al.tja
gerigt, en daar bij, glijk men uwEdl„s bij de overgave
van dien berigt heeft, de voldoening van 417. bb„r
284. P„s en 9. thaijl thin aandE Comp. g'ordonneert
was, de reden warom de naam van den ouden sou-
verneur in den hoofde dier Tra niet gesteld was,
konden wij verder niet begrijpen, dan eenige dagen
daar na, wanneer door seekern Caloeang de tijding
van desselfs op ontbod na Siam overgebragt wierd,
„den
maar „ opra Blad betreffende, die heer had ons
bevorens al berigt, dat na Siam op komen moeste,
en dat voornamentlijk, volgens voorgeven, wegens
de Redatie rebellie, uijt deese sobere addresse,
en de voor verhaalde thin negotie der Chineesen,
die dit district soo kaal van dat Mineraal ge=
maakt hebben, dat bij na niets meer daar van
te vinden is, zullen UwEde ligtelijk presumeeren,
kunnen, wat missräftig antwoord wij erlangden,
op ons gedaan versoek, om hoe eer hoe liever een
begin met het afdoen der schuld te maken, ver-
mits 's EComp. bodem dagelijks verwagte den,
sijnde het selve sodanig gewesen, dat wij seer vreesen
daar maar weijnig van vallen rol.
Han"
NL-HaNA_1.04.02_8697_0114.xml,"Van Siam Onder dato 25. Januarij A. o 1738. /.
Aangaande het verschil met de Tjau Pra Elangs
van 2. bh. 42. bs. 7 /9 thaijl af lb 758, sulx is
spruijtende uijt de bevondene minwigten in A. o
1735 en 1736. waar van Haar hoog Edelens tot
Batavia volgens uw Ed„e geerde de dato 20.
april J„o leden gratieuselijk hebben gelieven
toesestaan de afschrijving van lb 688. welke
gunste wij altoos zullen erkennen met een
dankbaar gemoed. Als men nu het laast gemelte
getal der d aftrekt, van het eerste, soo schieten
over lb 70. die wij na den teneur van even gem:
missive ons zullen moeten getroosten voor
eijgen reeckening te nemen, en Contant in Cassa
dan wel in thin te voldoen, Wanneer Uw EeE:
ordre daaromtrent zullen erlangen, in opvol-
ging van dewelke wij ook na oud gebruik„
schoon dat in veele Jaaren in onbruijk geraakt
is, Iaarlijks zullen overzenden de Copiaas der
aangekomene sa wel als de afgegaane brieven.
'S Comp. badem Groenswaart, op den 14. deser
behouden ter Ligoorse Rheede ten anker geko-
men zijnde, soo werd uw E EdE. thans toegesonden,
„der
het grootste pacquet„ papieren van Batavia
ontfangen en aan Uw EdE, gesuperscribeert, inge-
volge/."
NL-HaNA_1.04.02_8697_0115.xml,"99
Van Siam Onder dato 25. Januarij A.o 1728. /.
I=r d: heer Opsra
Mad.
volge der gevenereerde bevelen van boven gem:
per
haar hoog Edelens, zullende het andere pen den
heer Opva Blad die binnen korten te vertrecken
staat, dan wel so er eenig vaartuijg eerder afgaat,
met het selve volgen.
Waar meede desen besluijten en blijven, son-
derstond:/ Erntfeste. Voorsienige en seer discreete.
/:lager:/ UW Edl„s gehoorsame Dienaaren /. en was
geteekent.:/ P„n C„l Werlir en W„m Meijboom, /: ter
rijden:/ Ligoor den 18. augusti 1737. /:onderstond:/
accordeert /:was geteekent:/ W=m Meijboom.
Siam.
Aan als Vooren
De Heer Opra blad, die uw EdEl„ bij behouden
varen, na het beloofde p=r de Chialoup, waar
van onse laaste brief dese in afschrift verrelt,
staat over te brengen, het 2=e pacquet, door haar
hoog Edl„s de haoge Indiase Regeering voor Uw EdE„s
herwaarts gesonden; was dags voor sijn vertreck
in./."
NL-HaNA_1.04.02_8697_0116.xml,"Van Siam Onder dato 25. Januarij A:o 1738. /.
in de Logie en versogt seer sterk, sijner bij UwEd„
ten besten te willen gedenken, sonder twijffel
om dat aan het slaan van sijn puls al voelen
wesen
kon, uwEdl„s hulpe te zullen benodigt hebben, &-
cuseerende zig zeer naadruckelijk dat het baa
geduurende het aanwesen van den Pra Sombatibaan
tot sijn Leedwesen onmogelijk geweest was d'EComp
eenige diensten te doen, dewijl gemelt Caloeanger
alle zaaken alleen en buijten de Crommecan na
sijne sinlijkheijt gedirigeert had, welk reggen wij
ook niet konden tegenspreeken als zijnde van
de Waarheijt van die, ten vallen verzeekert, maar
mogten egter voor uw Edl:s niet verswijgen, dat voor
de komste van den Pra Sombatibaen onser wee-
kens niemand hem weederhouden heeft, in een
gedeelte van sijn oude schulden aan d'E Comp.
aftedoen, ja wij stellen vast, dat eerst gem: self
nu hoe grooten vijand hij ook van 's Comp. In
berest is, den laast genoemden niet qualijk soude
„genomen hebben, indien sijn Ed: in mindering
derselve eenige dh„r thin in de Logie had willen
senden, dit hebben mij voor tegenwoordig nodig
geagt AlVEdl„s te communiceeren, met versoek
dat zulx bij lwhdl„s eenige reflexie meritieren
mag, wanneer sijn E. altemet van nieuws en op
de 7."
NL-HaNA_1.04.02_8697_0117.xml,"101
Van Siam Onder dato 25. Januarij A. o 1738. /.
P„r 'T Schip Groen-
swaart.
de oude kerfstoek of met eene geldleening voor
den dag komen mogt.
zedert de komste van's Compl. schip alhier niet
meer dan 17. bh: en 35. Cattijs thin in mindering
van 's Conings schuld afgeleverd en weijnige hoop
tot den ontvang van meerder zijnde, zullen wij dien
bodem niet langer dan uijterlijk tot den 10. 7br: aan-
houden en als dan of wel verder reijse vorderen laten
tot UWEd„s die wij in de heijlige hoede van den all-
mogenden bevelen en intusschen verblijven /:onder-
stond:/ Erntfeste, Voorsienige en seer Discreete,
/. lager:/ UWEd„s Gehoorsame Dienaaren. /: was
geteekent:/ J„n C„s Werlir, en W„m Meijboom /:ter
zijden :/ Ligoor den 26. aug: 1737. /:onderstond:/
accordeert /:was geteijkent :/ W„m Meijboom.
Siam.
Aan als Vooren.
Wat onseijte wij ook gedaan hebben ter bemag-
tiging van jets naamwardigs op 's Conings thin schuld
is egter geduurende het vertoef van 's Compl. badem
ter./.
ƒ"
NL-HaNA_1.04.02_8697_0118.xml,"Van Siam Onder dato 25. Januarij A.o 1723. /.
ser deser Rheede niet meer ingekomen als bh: 43.
C„o 157. Weswegen wij, om gemelde kiel tegens
de strecte ordres niet langer opte houden, ge-
noodraakt werden, den selven te depecheeren, met
eene geringe Quantiteijd van lb 52245. . – waar
waar van voor sijn Majstsreegk:
afgeleevert zijn. 1. l 39294. en in de
eerste 6/m. deeses boekdaars ingekogt „ 12951. soo als
uwEdl„e nader sal komen blijken bij de factuur
en negotie boekjes, dewelke Uw Edl„s thans werden
^ verdere
toegesonden, met sodanige papieren als op het
register daar van genoteerd staan, waar onder
te vinden is een Copeij verclaring der scheeps over=
heeden, aanwijsende, dat hunne provisie van
Cadjang geheel bedurven bevonden zijnde,
over boord heeft moeten gegaeijdt worden, dewijl
het dan onverantwoordelijk was, het scheeps
volk gebreek aan dat nodig voedsel en honger
te laten lijden, bijsonder in deese tijd daar 's Comp.
Europeese Manschap door eene swaare sterfse
sodanig gesmolten is, dat de scheepen niet
naa vereijsch daar meede hebben kunnen be-
het werden, soo hebben wij op het aanhouden
der gemelte scheeps overheeden ½½ Cajang groe=
ne Cadjang opgekogt en aan deselve verstrekt
nevens./."
NL-HaNA_1.04.02_8697_0119.xml,"103
Van Siam Onder dato 25. Januarij A. o 1738. /
nevens een nieuw ijser Tross van 9. paaren, in A. o
p„to voor dit Comtoir van Batavia gesonden,
niet alleen, om dat het selve tot slagen aan de
vlagge steng wat te dun bevonden en desen Iaare
op onsen eijsch een andere van 12. paaren, het
geene ook abreeds daar toe g'emploijeert is, ons-
fangen hebben, maar ook om dat hum Touw,
waar meede bezig waren, de scheepsbootter ver-
timering op de Wal se halen, verscheijdene
reijsen quam te breeken, en het onmoogelijk
was, dat vaartuijg daarmeede uijt het Water te
krijgen. Verders hebben wij ook wegens de slegte
gesteldheid dier boot en de ongemeene droogte der
revieren, uijt gebreek van regen ontstaan 's Comp„
bodem van versch waler moeten versien, blijkens
de onkost. reecq: waarop het een en 't ander be-
hoorlijk belast is, in hoope dat ons gedaente
door UwEdl:s zal werden goed gekeurd, gelijk
meede het verschillend boeken der Bataviase
factuur, die desen in Copeij verselt, om Uw Edl„e
te doen sien, dat de 2 pl=ten bataviase ongelden
niet naa oudgebruijk op de geheele summe
der aangebragte goederen zijnde ƒ1379. 3. —
maar alleen op eene summe van ƒ580. 1. —
belast zijn: vermits het nu niet mogelijk was,
den. /."
NL-HaNA_1.04.02_8697_0120.xml,"Van Siam Onder dato 25 Januarij A. o 1738. /.
den Oortprong der Laast gem: somme naa te
speuren ofe te weeten, wat goederen daar onder
begreepen souden wesen, en boven dien ook
strijdig met de ordre in dato ult=o Julij A„o 1723.
van Siam heerwaarts gegeven, voorm„e pC=to
over den geheelen aanbreng eenrklaps te extendeer
ren, soo bleef geen ander weg voor ons open, dan
de somme der ongelden volgens factuur maar
ƒ11. 12. — zijnde te vergrooten en op 't geheel,
montant der factuur te nemen, bedragende ƒ27. 12.
om in gevolge der evengeciteerde ordre bij het
inneemen derselve soort voor soort elk met de
Bataviase ongelden post voor post te kunnen
beswaren, het welk een verschil van ƒ16. —. —
heefd veroorzaakt, waar over UWEdl=s zullen
gelieven naa Batavia te schrijven om naa re-
dreste aldaar met het Comtoir generaal t'accor¬
deeren; Nog gaat hier nevens een request van
den hier bescheijdenen derdemeester Guillaum
Seisseire, dewelke mits tijds Expiratie haar hoog
Edelens om verhoging in gage en Qualiteijt
komt te smeeken en dewijl hij een persoon is,
niet alleen bequaam en vigilant in sijne functie„
maar ook Loflijk in sijn gedrag: soo kunen
wij niet nalaten, bij uw Edl:s voor hem te inter=
cideeren./."
NL-HaNA_1.04.02_8697_0121.xml,"105
Van Siam Onder dato 25. Januarij A.o 173. /.
cedeeren, om denselven bij welgem: Haar Hoog
Edelens favorabel voor tedragen, ten eijnde
hij door UwEdls: goed behulp in sijne beede
verhoort werden mag.
brenger deeses souden wij na ter neder gestelde
bij onse voorgaande gaarne op den 10: gedepe=
cheerd hebben, maar door den ten ontfangteligeer
„den en in tegendeel ter afgane kruijpenden Inlan-
der ten gemeldsen dage eerst nog 20: bh: thin op
's Conings reeq: afgeleeverd en toegewogen zijnde,
soo heeft deselve ten inneeming van dat partijtje
tot heeden moeten versoeven, wanneer all
wederom een staartje van 10. bh: 137: P„s op de
even gem: reciq: ontfangen hebben, die wij egter
niet afsekeeper kunnen, vermits de boeken
reeds geslatende; de factuuren opgemaakt en
reeds geteekend zijnde, daar sonder eenige dagen
tijdspullens geen kans toe sien, ook soude den
door trapten en thans meesterlijkfeijnsenden
Pra Sombatibaen, die ongeagt sijne geoefen-
de Wreedheid ten dien eijnde, egter niet
konstig genoeg geweest is, het eens door hem aan
de Chineesen verkogte Thin wederom uijt de
ruggen der arme bergheeren te kloppen; 's Comp„
bodem /.
P:
P:"
NL-HaNA_1.04.02_8697_0122.xml,"Van Siam Onder dato 25. Januarij A o 1738. /.
bodem met het toegoeijen van hulke brokjes
bij sussenposen wel tot het verlopen der muson
gaande houden, indien men hem door opvol-
ging van sijn eijgensinnig humeur eenen soo
gemackelijken weg daar toe baanden, wij sul-
len deswegen voormt: V: bh:, in vertrouwen
dat daar niet qualijk in doen, tot het aan-
staande Jaar leggen laten, en hier nog noteeren„
dat nu op 's Conings nieuwe Thin Schuld van
bh: 417. r„s 234. — in allen afbetaald zijn
129: bh: 258. P„s waar bij tot besluijt herhalen
ons nedrig versoek om uw Edl„s adjude, dat
den Tra dat den wedervergunden vrijen Inkoop
van Thin ons soo spoedig als mogelijk is, toeko=
men mag, niet alleen om 's Comp voorleden
Jaarse Debiteuren, die uijt vreese voor boven-
genoemde Caloeanger, tot nog toe het hert
niet hebben, eenig thin in de Logie te brengen,
daar door te beveijligen, ser geruster voldoening
haarer schulden, maar ook om door het leggen
van Wagters aan de boom deser revier en gebruijk
van andre Voorsorge te kunnen beletten, dat.
niet de Chineesen of andre naties den Vooroegst
der Ligoorse gebergtens afmaijen en daar mede
strijken gaan, tot nadeel der E Comp, en in
Spijs.
."
NL-HaNA_1.04.02_8697_0123.xml,"107
Van Siam Onder dato 25. Januarij A:o 1738. /.
spijt van /:onderstond:/ Erntfeste, Voorsienige en
seer Discreete /:lager :/ UWVEdl:s gehoorsame Die=
naaren /:ter zijden stond:/ Ligaor den 14:' 7br: 1737.
/onderstond:/ Accordeert. /:was geteekent:/ W:m Meijboom.
Registertje der Papieren de welke
per de Chialoup Ligoor gesonden wor-
den aan zijn hoog Edelheijt, den
Wel Edelen Groot agtbaren Heere
Abraham Patras, Gouverneur
Generaal en de WelEdele Heeren Raden
van Nederlands India, door den
Resident van Ligoor.
Lit A. Origineel briefje aan boven gemelde haar hooghdtl„s van
den Resident, onder dato van heeden.
. B. schriftelijk rapport aan hooggem: haar hoog Ed:s door
den gem: Resident, gedaan in dato voorschrl. over
het invorderen van 200. bharen thin
„ C. Origineele Verclaring ten Laste van den Boekhou„
der en secunde deses Comtoirs W„m Meijboom.
„ D. Connoissement factuurtje van het geladene
thin en boven genaemde Chialoup.
„ E. Onkostreecq: van het verstrekte drinkwaler,
brandhout &„a aan gemelt kieltje.
In 't N„ts Comtoir Ligoor den 28. Meij 1787. /:onderstond:/
deese met de alhier leggende Copia gecollationeerd,
„acordeerd. /:was geteekent:/ W„m Meijboom.
Schriffelijk"
NL-HaNA_1.04.02_8697_0124.xml,"Van Siam Onder dato 25. Januarij A:o 1728.
bodem met het toegoeijen van hulke brokjes
bij sussenposen wel tot het verlopen der muson
gaande houden, indien men hem door opvol-
ging van sijn eijgensinnig humeur eenen soo
gemackelijken weg daar toe baanden, wij sul-
len deswegen voormt: 1: bh:, in vertrouwen
dat daar niet qualijk in doen, tot het aan-
staande Jaar leggen laten, en hier nog noteeren,
dat nu op 's Conings nieuwe Thin Schuld van
bh: 417. r„s 234. — in allen afbetaald zijn
129: bh: 258. P„s waar bij to't besluijt herhalen
ons nedrig versoek om uw Edl„s adjude, dat
den Tra dat den wedervergunden vrijen Inkoop
van Thin ons soo spoedig als mogelijk is, toeko¬
men mag, niet alleen om 's Comp voorleden
Jaarse Debiteuren, die uijt vreese voor boven-
genoemde Caloeanger, tot nog toe het hert
niet hebben, eenig thin in de Logie te brengen,
daar door te beveijligen, ser geruster voldoening
haarer schulden, maar ook om door het leggen
van Wagters aan de boom deser revier en gebruijk
van andre Voorsorge te kunnen beletten, dat
niet de Chineesen of andre naties den Vooroegst
der Ligoorse gebergtens afmaijen en daar mede
strijken gaan, tot nadeel der E Comp, en in
Spijs7.
."
NL-HaNA_1.04.02_8697_0125.xml,"107
Van Siam Onder dato 25. Januarij A:o 1738. /.
spijt van /:onderstond:/ Erntfesse, Voorsienige en
seer Discreete /: lager :/ EVEdl:s gehoorsame Die-
naaren /:ter zijden stond:/ Ligaor den 14:' 7br: 1787.
/: onderstond:/ Accordeert. /:was geteekent:/ W:m Weijboom.
Registertje der Papieren de welke
per de Chialoup Ligoor gesonden wor-
den aan zijn hoog Edelheijt, den
Wel Edelen Groot agtbaren Heere
Abraham Patras, Gouverneur
Generaal en de WelEdele Heeren Raden
van Nederlands India, door den
Resident van Ligoor.
Lit A. Origineel briefje aan boven gemelde haar hooghdtl„s van
den Resident, onder dato van heeden.
. B. schriftelijk rapport aan hooggem: haar hoogEd:s door
den gem: Resident, gedaan in dato voorschr. over
het invorderen van 200. bharen thin
„ C. Origineele Verclaring den Laste van den Boekhou„
der en secunde deses Comtoirs W=m Meijboom.
„ D. Connoissement factuurtje van het geladene
thin en boven genoemde Chialoup.
„ E. Onkostreecq: van het verstrekte drinkwaler,
brandhout &„a aan gemelt kieltje.
In 't N„ts Comtoir Ligoor den 28. Meij 1787. /: ondersond/
deese met de alhier leggende Copia gecollationeerd,
acordeerd. /:was geteekent:/ W„m Meijboom.
Schriffelijk"
NL-HaNA_1.04.02_8697_0126.xml,"Van Siami Onder dato 25. Januarij A.o 1728. /:
Schriftelijk Rapport, gedaan
Aan zijn Hoog Edelheijt, den Wel-
Edelen Groot Agtb„r Heere Abraham
Patras, Gouverneur Generaal, en
d' WelEdele Heeren Raaden van
Nederlands India tot Batavia
door den OnderCoopman en Resident
tot Ligoor Jan Christoffel Werlix,
wegens het voorgevallere tusschen
de Inlandse Regeering ter Laastge-
meldse Plaatse en hem Resident,
omtrent het besolliciteeren van
seekere 200. bh„n thin, dewelke
ter Ordre van den Coning in Siam
uijt sijn Majesteijts Pakhuijsen
aan DE. Campl. moesten gelevert
en per de Chialoup Ligoor versonden
werden naa Batavia.
Hoog Gebiedende Heeren
Op den 17. deeser, als wanneer het den heer Coloe=
anger Sra sombatibaan of soo genoemde Gouver-
neur eerst gelegen quam, de meede gebragte Siamse
papieren p„r de Chialoup Ligaor terecipeeren begaaf
ik ƒ"
NL-HaNA_1.04.02_8697_0127.xml,"109
Van Siam Onder dato 25. IJanuarij A. o 1738. /.
ik mij met den seveinde deeses Comtoirs Willem
Meijboom na de stad en overleeverden deselve
na gebruik in's Conings Zole, welke alle ter
onser presentie en aankoring opgelesen zijnde, so
verstonden wij uijt het ordre scrift van den heer
berequelang ter afleevering van 500. bh: thin
aan den Resident der holl„ns tot Ligoor, dat om soo
goed als men kon, de presumtie van sijn Majesteijts
al se hoog gaande Wispelfuurigheijd, in keer, be„
rouw, vreese voor na Weën, of eenige andere ge-
drogtelijke gemoedsdrefb: soo niet geheel wegte.
nemen, ten minsten wat te verminderen, de
zaak eenen vreemden dog bijde naderkende  In-
landers selfs, so als de heer Ol: sijn naderhand
in vertrouwen betuijgt heeft, tegenstrijdig bevon=
den drag gekregen had, bestaande daar in, dat het
holC„s Opperhoofd in Siam aan sijn Majesteijt sou„
de versogt hebben, om 200. bh: thin aan d' EComp.
te willen leenen, onder presentatie van deselve met
Contant te betalen, dan wel tegen Cleeden te ver=
reekenen, over welk laaste nog niet voor vast be=
slooten was, maar het eerste, namentlijk de
Leering van 200. bh„n thin aan d'Comp. hadde
Coning gunstiglijk toegestaan en ordonneerde
deswegen aan den Caloeanger Pra Sombatibaen
om. /."
NL-HaNA_1.04.02_8697_0128.xml,"Van Siam Onder dato 25. Januarij A. o 1738. /.
om den ouden Gouverneur en Raad aantesetten
en te besorgen, dat het gemelde thin binnen 9: 18.
dagen aan den Capitain der hollanders tot Ligoor
geleeverd wierde, om met de Chialoup die de ordre
overgebragt had, na Batavia versonden te werden,
na het eijndigen deeser Pra liet ik den Nieuwen heer
Gouverneur vragen, wanneer en in hoeveel dagen
sijn Edle oordeelde, de meermelte 200: bh„n te kunen
laten afgeven; maar dien heer toonde zig seer
verwondert, dat in deese tijd de voldoening van soo
eene groate Quantiteijd uijt 5: Conings Clang
geeijscht wierd, door de bergluijden eerst begonnen
hadden hun thin te smelten, het welk niet voor
de maanden Iulij en Augustij in de Clang stond
te kommen, die thans genoegsaam ledig was,
dog mij welweetende, dat sijn Ed: bereeds een aan-
merkelijke Quantiheijd van dat mineraal aan
en gehoort
de nieuwe Chineesen verkogt hebbende ^ dat den
selven sijn Majesteijts thin Inkomsten niet so als
behoorde in's Conings maar in sijne eijgene pak=
huijsen bergen liet, om soo veel te gemaekelijker
met de boven gem: handelaars te Konkelen,
soo antwoorde ik; dat mij sulx seer vreemt voor-
quam, alsoo in 't voorleedene daar om deese tijd
al wrij meer dan 200. bh„ door ons in 's Camp pakhuijs
vergadert.
."
NL-HaNA_1.04.02_8697_0129.xml,"111
Van Siam Onder dato 25. Januarij A o 1738. /.
vergadert waren geweest, en dat met reeden gepresu
meert werden mogt, thans wel ruijm soo veel in
voorraat te weesen, aangesien de Coning soo scherpe
ordres verleend had, om al het hier vallende thin
voor sijn Majesteijt alleen aanteslaan, waarvan
tot nog geen enkelde bhaar naa Siam afgescheept
was, maar de heer sombatibaen bleef bij sijn
vorig seggen, daar bij voegende, dat om deese tijd
geen thin te bekomen was, hoe groote moeijte
men ook daar toedoen mogt, waar door mij genood=
zaakt wond, hem het vuurwat nader aan de Voelen
te leggen met te zeggen, dat, indien sijn Ed: rig„
dan maar finaal geliefde te verclaren, ten eene-
maal onvermogens te zijn, om aan sijn Majestijts
ordre in deesen te voldoen, ik op morgen de Chialoup
so ledig alsse gekomen was, soude depecheeren,
alschoon deselve op expres bevel van gem: Maje-
steijs afgesonden was, niet alleen om aan uw-
hoogEdelens de blijde tijding overtebrengen, dat sijn
hoogheijts opgevatten dog doorvalsche rapporten
van 's Compl: quaadwillende porthij verwekte gram-
schap tegens de Nederlandsche Maatschappije
dan wel haare dienaaren, thans in eene gants onge-
meene affectie /: genoegsaam aftemeeten uijt de groote
Eere aan'thol. Opperhoofd bemeesen en zig door den
selven./."
NL-HaNA_1.04.02_8697_0130.xml,"Van Siam Onder dato 25. Januarij A. o 1738. /.
selven op sijn majesteijts Offerreijse na Prabat
te doen versellen en uijt het schenken van Een
Eeren kleed aan sijn E. :/: tot deselve verandert was,
maar ook om tot een nader blijk hier van, deese
200. bh:n thin meede te nemen en aan uw hoog Edl„n,
te offereeren, en na het geene ons dien aangaande
van Siam was aangeschreeven, weshalven ik
bij onstentenisse van het laaste versogt sijn Ed„e
mij niet geliefde te Impeteeren, indien ik volgens ge-
houdenis een amstandig en waar berigt van al
het gheene in deese Conferentie voorgevallen en
mij verders van de gesteldheijt der zaaken hiertoe
betreckelijk, bewust was, soo wel na Batavia als
na Siam quam te senden. Dit bragt dier ander—
sints alloas paraaten en onverwaarden mandarijn
tot wat meerder opletsenheijd en naa een poosje
in gepijs gezeeten hebbende, uijtede hij zig, dat dewijl
nu al de Raadsleeden niet bij een waren, haar
Ed„s op morgen in volle vergadering over die zaak
delibereeren souden en mij den uijtslag daar van
door 's Comp. Tolcq weeten laaten; deese dan door mij
den volgenden morgen naa de stad gesonden
en eerst segenden avond gereverteerd zijnde, be=
rigtede, dat naa 't samen trecking der nog uijtstaan.
de koninglijke revenuen en thin, bevonden was,
deselve./."
NL-HaNA_1.04.02_8697_0131.xml,"113
Van Siam Onder dato 25. Januarij A. o 1728. /.
deselve over de 200 bhaaren te behoopen, het gheere
den dl: Tijn, die daags daar aan bij mij quam, Confii=
meerde, begrootende de somme op 211: bek:n voorts zijde
dien heer ter ordre van de heeren gouverneurs en Raad
gekomen te zijn, om het voorenstaande meede aan
mij bekent te macken en teverseekeren, dat haar
Edl: met alle mogelijke spoed tragten souden de
g'ordonneerde Quantiteijd thin bij den anderen te krij=
gen, dag bij aldien het gebeuren mogt, dat eenige der
Debiteuren wat fraag in het voldoen haarer quotas
waren, so lieten haar Ed: mij versoeken, de J„o voor
reeq: van sijn Majesteijs aan dE Comp. alhier afbe-
taalde 40. bhs ter Leen aan haar te willen over laten,
om daar meede de 200. bh: voll te maken, beboovende,
dat sij dit thin in de naast komende maanden Iulij en
augusti sonder fout restitueeren souden, waar op ik
sijn Ed. naa eenige obstacuben tegen die Leening
ingebragt te hebben, antwoordden, dat ik wel niet
sonder reede vreesde, dit gedoente van mij, indien het
tevooren van uw hooghdelens of 's Comp. Ministers
in Siam quam, niet wel opgenomen te sullen werden,
dag dat egter om haar Ed„ te complaseeren, dit hafard
onderdaan wilde, onder Conditie dat de andere 160. bk„
„gesette
alsdan binnen deg 16. dagen afgelevert werden,
en dat ik, die tijd verstrecken sijnde. sonder de Com-
pleete./"
NL-HaNA_1.04.02_8697_0132.xml,"Van Siam Onder dato 25. Januarij A:o 1738. /.
pleele voldoening derselver erlangt te hebben, niet
langer aan mijn woord konde gehouden werden, in
deese Conditie willigde sijn Ed. onder herhaalde ver-
zeekering, dat binnen 10. dagen diE quantiteijd al
in de Logie en toegewogen wesen soude, het gheene
ik gerust op hem staan mogt laaten, alsoo hemde
Comissie daarover opgedragen was, mits d' indispositie
van den ouden heer Gouverneur, en d' absentie van
den heer Opza blad, hier meede soude men hebben
kunnen derken, het spel all gewonnen te wesen
dog daags daaraan of op den 20. d=o. dien selfden
mandorijn nog eers bij mijn gekomen en door hem
naa veele omweegen sijne groote verlegerheid om
nog 20. bh: te kennen gegeven sijnde, ter oorsake
hem voor sijn eijgen hooft een fartum opgelegt was,
dat hem onmoglijk viel te kunnen bijbrengen,
soo versogt sijn Ed: de even gemeldte Quantiteijd
van dat Mineraal uijt onsen voor Contant inge-
kogten Voorraad ter Leen te mogen hebben, de
restitutie daar van all meede in de maanden
Julij en augC:s beloovende. dit versoek dan met de
goede en quaade gevolgen die uijt eene gulle toe-
stemming of aanstotelijke weijgering soude kun-
nen ontstaan, overdagt sijnde, soo heeft mij nog al
best vfoegescheenen, het selfde meede t' accordeeren,
egter/."
NL-HaNA_1.04.02_8697_0133.xml,"115
1738
Onder dato 25. Januarij A„o
Van Siam
egter met bivoeging. dat wegens de onbillijke
behandeling van den nieuwer heer Gouverneur
zelf as voor den aanbreng van het bewuste verbond
tegen den verkoop van thin aan de holl=n. thans
nog maar pas soo veel in vooraad was, so dat in
afgave der voormeldle 20. bh: geen picol meer in
ons pakhuijs overschieten soude, mitsgaders dat ik
hier toe alleen traden sijn Ed: en de geheele Regee=
ring daar door nader t' overtuijgen, hoe seer ik ge=
neijgt was haar Ed:s en hem in't particulier bij alle
voorkomende Occasies na mijn uijterste vermoogen
dienst te doen.
Door deese precaulie meende ik wel den pas
tot alle verdere aanzaekingen van die natuur
afgesneeden te hebben, maar de heer oprabladidie in
tussen van sijne reijse gereverteerd was, quam op den
25. daaran zelfs in de Logie en gaf; naa eenige voor=
afgegaane Camplimenten aan weerskanten over
de groote Vrundschap en reconciliatie sussen sijn
Siamse Majesteijt en d' ECompc. te kennen, dat de
heeren Gouverneurs en raad, ongeagt haar Ed„s
uijterste pogingen tot nog toe niet meer als groote
38. bh: thin waren meester geworden, waar op dan
even sodanig versoek, als dat van den EE: Tija
volgde./.
ƒ"
NL-HaNA_1.04.02_8697_0134.xml,"Van Siam Onder dato 25. Januarij A.o 1723. /.
voegde, 't welk ik om reeden als hier voren gemeld
is, op betooning van Onvermogen volstrekt weij-
geren moeste, ongeagt sijn Ed: in die benaauwde
buije meer goed voor de EComp. beloofde, als hij
mogelijk bij mooij weer in geen 10. zaaren van sints
was te volbrengen; Dewijl dan de 10. dagen tot het
versamelen van de vermeldte 200. bh: gestafueerd,
op een na verlopen waren, en de heer Opra bladop
mijne gereiteerde Instantien om meer thin fij fi=
naal gedeclareerd had, absolut onmogelijk te
wesen, hoger dat tot 40. bb: te kunnen komen, voor't
vertreck der Chialoup, het gheene ik zijn Edl. op des-
zelfs afvrage verseekert had, imediaat na den
thienden dag en inscheep van dat mineraal te
zullen voor zich gaan, soo versogt ik sijn EdE:
op gemeldten thienden dag 's Conings Weger ne=
vens de gecommitteerdens binnen de Logie te
willen senden, het welk sijn Ed. annam te doen.
VEd dat den thienden dag verscheenen en door
deese Regeering niet meer dan maar th: 38. lb 138. —
gelevert was, liet ik haar Ed=s verwittigen, dat
vermits sij haar gegeven woord soo slegt naagekomen
waren, ik ook niet op mij nemen durfde, de Condi=
tioneel beloofde 10. bh: daar bij te voegen, maar dat
ik /."
NL-HaNA_1.04.02_8697_0135.xml,"117
Van Siam Onder dato 25. Januarij A o 1733 .
ik de Chialoup met de gem: bh: 38. lb. 138. all een
weg senden soude, laatende voor de rest de Ver-
antwoordinge daar van voor recq: van de gheene, die
in in der tijd daar over aangesprooken stonden te
werden; Waarmeede aan de ordre van het Opper-
heefd en Raad in Siam vertrouwende voldaan te
hebben, soo geve ik mij d' Eere met de allerdienste
submissie te blijven. /:onderstond:/ Hooggebiedende
Heeren. /:lager:/ uw HoogEdelens Groot Agtbarens
allerooitmoedigsten en Gehoorsamsten Dienaar.
/:en was geteekent:/ I„n C„l Werliz. /:ter zijden:/
Ligoor den 28 Meij 1737. /. /:onderstond:/ Desen
met de alhier berustende Copia gecallationeerd,
accordeert. /:was geteekent:/ W:m Meijboom.
Verklaring wegens het Voor-
gevallene tussen den Onder-
Coopman en Resident ten
desen Comtoire Jan Christoffel
Werlit, ten Eenre, en den boek-
houder en Secunde Willem
Meijboom; ten andre.
Wij Ondergeschrc. Cornelis Loots, Poulus Scheeper,
en/."
NL-HaNA_1.04.02_8697_0136.xml,"Van Siam Onder dato 25. Januarij A:o 1738 /
en Gúillaúme Teisseire, verklare bij dese in plaatse
van Eede, ter requisifie ende ten versoeke van
den Ondercoopman en Resident ten desen Comtoire
Johan Christofel Werlix, dat hij requirant den
Boekhouder en Secunde alhier, Willem Meij-
boom, ten sijnen huijse, daar wij deposanten toen
present waren, heefd versogt, om de Copia, van
den brief, dien den even gem: secunde A:o p=to ter
lasten van den Requirant, aan het Opperhoofd
en Raad en Siam, heeft geschreeven; waar op
den ged„e Secunde, ten onsen presentie den requi=
rant antwoorde, zulx niet te kunnen bijbrengen,
vermits het selfde Copia geschreft, door hem ge-
„sogt en niet kunde vinden, om aan den requirant
te behandigen, All het welk voorschr. wij de-
posanten verclaaren de zuijvere Waarheid te wesen,
geevende voor reden van wetenschap, daar bij aan en-
de present geweest te zijn, wijders niet getuijgende,
presenteerende het selfde ten allen tijden des noods
zijnde, met Eede te bevestigen; Aldus gepas=
seerd, gegeven en daar ons onderteekent. /:onderteekend:/
In 't N=ts Comptoir Ligoor, den 21. Maij A. o 1737. /:en
was geteekent:/ C„s Loots assistent: P=ls Scheeper
Onderstuurman en Pro. Seisseire, derde Meester,
/:onderstond:/ Accordeert. /: wos geteekent:/ W:m Meijloom.
Cognoissement"
NL-HaNA_1.04.02_8697_0137.xml,"119
Van Siam Onder dato 25. Januarij A. o 1738. /.
ssement Factuurtje van
in, het welk de Ondergeteekende
doen afscheepen en laden in
ialoup Ligoor, vertrekkende
eede onder Godes Geleijde en behoor¬
„teekende Verbands schriften
hier direct naa Batavia, ge=
gneert aan sijn hoog Edelheijt
We EEdelen Groot agtbaaren
= Abraham Patras, Gouverneur
Generaal en de WelEdele Heeren Raa-
den van Nederlands India.
In't Nederlands Comtoir Ligoor den 8:' Maij 1737.
13593. lb. of 38. bh: 138. d: thin, bestaande in
229. baten, alle gemerkt &. a door 's Conings
factooren alhier op een Quantiteijt van
200. bh„n voldaan, en den Onderstuurman
en Gezaghvoerder op gemelde Chialoup
met ½ pC=to overwigt op de hollandse
schaal toegemogen, dewelke volgens ordre
van Siam sonder geldsomme gesteld
werden. /:was geteekent:/ I=n P„s Werlix.
De vooreenstaande 13590 lb. thin, bekenne
ik ondergeteekende ten genoegen ontfangen te hebben,
en beloove bij behouden varen, datt Godgeve, het
selve/.
42
ƒ
1409"
NL-HaNA_1.04.02_8697_0138.xml,"Van Siam Onder dato 25. Ianuari Ao 173 /
en Gúillaúmo Teisseire, verkla
van Eede, ter requisifie ende ten
den OnderCoopman en Resident
Johan Christofel Werlit, dat hij
Boekhouder en Secunde alhie
boom, ten sijnen huijse, daar mij de
present waren, heefd versogt, on
den brief, dien den even gem: sec
lasten van den Requirant, aan h
en Raad in Siam, heeft gesch„
r op
den ged„e Secunde, ten onsen presentie den requi=
rant antwoorde, zulx niet te kunnen bijbrengen,
vermits het selfde Copia geschrift, door hem ge-
„sogt en niet kunde vinden, om aan den requirant
te behandigen, All het welk voorschr. wij de-
posanten verclaaren de zuijvere Waarheid te wesen„
geevende voor reden van wetenschap, daar bij aan en-
de present geweest te zijn, wijders niet getuijgende,
presenteerende het selfde ten allen tijden des noods
zijnde, met Eede te bevestigen; Aldus gepas=
seerd, gegeven en daar ons onderteekent. /:onderteekend:/
In't N=ts Comptoir Ligoor, den 21. Maij A. o 1737. /: en
was geteekent:/ C„s Loots assissent: P=ls Scheeper
Onderstuurman en Pro. Seisseire, derde Meester,
/:onderstond:/ Accordeert. /: was geteekent:/ W:m Meijboom.
me
Cognoissement.
oofd"
NL-HaNA_1.04.02_8697_0139.xml,"119
Van Siam Onder dato 25. Januarij A:o 1738. /.
Cognoissement Factuurtje van
het Thin, het welk de Ondergeteekende
heeft doen afscheepen en laden in
de Chialoup Ligoor, vertrekkende
daar meede onder Godes Geleijde en behoor¬
lijk geteekende Verbands schriften
van hier direct naa Batavia, ge=
consigneert aan sijn hoog Edelheijt
den WelEdelen Groot agtbaaren
Heere Abraham Patras, Gouverneur
Generaal en de WelEdele Heeren Raa-
den van Nederlands India.
In't Nederlands Comtoir Ligoor den 2. Maij 1737.
13590. lb. of 38. bh: 138. ld: thin, bestaande in
229. baten, alle gemerkt &. a door 's Conings
factooren alhier op een Quantiteijt van
200. bh„n voldaan, en den Onderstuurman
en Gezaghvoerder op gemelde Chialoup
met ½ pC=to overwigt op de hollandse
schaal toegewogen, dewelke volgens ordre
van Siam sonder geldsomme gesteld
werden. /:was geteekend:/ P=n P„s Werlix.
De vooreenstaande 13590 lb. Thin, bekenne
ik ondergeteekende ten genoegen ontfangen te hebben,
en beloove bij behouden varen, datt Godgeve, het
selve./."
NL-HaNA_1.04.02_8697_0140.xml,"Van Siam Onder dato 25. ' Januarij A. o 1738. /.
selve sodanig te zullen overleeveren aan sijn
Hoog Edelheijs, den WelEdele G„r Agtb„ Heere
Abraham Patras, Gouverneur Generaal, en
de WelEdele Heeren Raden van Nederlands India,
tot Batavia. In teeken der Waarheijt, zijn
hier van gemaakt en door mij geteekend, twee
verband schriften van desen inhoude, het eenen
voldaan zijnde, werd het andere van onwaarde.
/:onderstond:/ in 't N=ts. Comtoir Ligoor, ten dage
voormelt /:en was geteekent:/ I=s Scheeper. /on—
derstond:/ accordeert /:was geteekent:/ W:m Meijloom.
Onkoft Reecquening van het verstekke
Drinkwaser, brandthout &„a ten behoeve
en Laste der Chialoup Ligoor.
In't Nederlands Comtoir Ligoor den 28. Meij 1737 ƒ
p=s 4. Praauwen die het drink water na boord
gebragt hebben à th„s 1. jeder - - tk. s 4. —. —
20. Coelijs, dewelke op die prauwen
zijn verdeelt geweest, á 3. maas jder.
3. 12. —
8. Praauwtjes die's Water van boven ge-
haald hebben met 2. Coelijs op jder, à
6. Maas tesamen. . - -
„ 500. p:s brandhout à 8. Maas 's hondert - 2. 8. —
3. Levendige Varkens à th: 2½ tp=s. . 7. 8. —
1. Inlands Timerman die een der Chia-
loup pompen gerepareert en
vier stokken daar doe gemaakt heeft . — - 8. —.
21. 4 —
Summa th:s
of ƒ76. 10. —
geteekent W:m Meijboom.
/was geteekent Poulus Scheeper. /onderstond:/ accordeert. /:was
„ 3. —. —
Schriftelijk/."
NL-HaNA_1.04.02_8697_0141.xml,"121
Van Siam Onder dato 25. Januarij A. o 1738. /.
Schriftelijk Rapport,
gedaan aan D' Heer Jan
Christofel Werliz, Onder-
Coopman en Resident sen
desen Camtoire.
Door uw„s geordonneert en naa deese Rheede,
afgesonden zijnde, om het schip Groenswaart
behoorlijk te visiteeren, soo dient dierhalven met alle
Eerbied, dat wij ondergeschreevene voor soo verre
hebben kunnen ontdecken geen particuliere
Goederen in opgemeldte bodem te zijn, en bij der-
selver aankomst ter deeser Rheede is diep gaande
voor„ 12½ en agter 14. Voeten onder Water; met welk
een en ander vermeene aan uwEd„s geerde ordre te-
hebben voldaan. . /:onderstond:/ in't schip groensaard
leggende ter Ligoorse Rheede den 15. aug. 1737. /: en
was geteekend :/ C„s Loats en G=ne Feisseire. /:onder-
stond:/ accordeert. /:was geteekend:/ Wm Meijboom.
Register der Papieren, de —
welke heeden P=r de Bark de
Thingieter versonden werden naa
Siam, g'addresseert aan den E.
Heer. /."
NL-HaNA_1.04.02_8697_0142.xml,"Van Siam Onder dato 25. Ianuarij A. o 1738. /.
Heer Theodorus Jacobus
van den Heuvel, Coopman en
Opperhoofd, benevens den
Raad aldaar, door de Resi-
denten tot Ligoar.
N:o 1. Origineele brief van gem: Residenten aan als
boven van heedigen datum.
„ 2. Twee Copeijbriefjes van en an als even, de
datum 20 en 21. Junij J=o leden-
„ 3. Translaten origineel Siams Geschrift door
den Prasambatibaen in de Logie gesonden,
om 12. bh:r thin, door de Residenten aan-
gehouden, gelargeert te hebben.
„ 4. d=o Antwoord van den Resident op 't selve.
„ 5. „ tweede geschrift als vooren
„ 6. „ dito antwoord darop.
„ 7. „ Derde geschrift vorvattende expresse ordre
tot het largeeren van boven gem: thin.
„ 8. Een verseegeld paqueet papieren p=r het schip
Groenswaart aangebragt en door Haar
Hoog Edelens de Hooge Indiase Regeering
tot Batavia geaddresseert aan boven
gemeld Opperhoofd en Raad in Siam.
/:onderstond :/ Ligoor in't N=ts Comptoir den 18.
aug. 1737. /:en was geteekent:/ J„n C„l Werliz.
/:onderstond:/ Deese met de alhier berustende Copia
gecollationeerd accordeerd. /:was geteekentt./
W„m Meijboom.
Translaat."
NL-HaNA_1.04.02_8697_0143.xml,"123
Van Siam Onder dato 25. Januarij 1738. /.
Translaat Siams Geschrift
door den Nieuwen Gouverneur
Pra Sombatiboen in de Logie
gesonden, den 23. Junij 1737. /.
Den Caloeang stok meuw Wisit maakt door den
Toek bekent, dat hij het schriftelijk antwoord
van den ol: sija ontfangen en aan den nieuwen
Gouverneur bekent gemaakt heeft, waar op
den nieuwen Gouverneur Legt, dat er een order is
van den Heer Berquelang aan den Gouverneuren
Raad, die verbied dat den Resident in het Land
van Ligoor ende daaronderhoorige districten, geen
thin, Io geen eene rank koopen mag voor als nog
en dat soo eenig inwooner steelswijse thin aan de
Compl: verkoopt en gevat word, deselve met de daad
zal gestraafd worden; het blijkt ook duijdelijk
bij de Tra van den heer Bercquelang, dat het shin
van dit zaar niet voor reecq: van d' E Comp. is, wes-
halven bij het verveeren van het thans aangehou-
dere Thin, geene kennis aan den Capitain der
Holl„s daar van gegeeven heeft, dog de Capitain
heeft het selve opdragen en in de Logie bergen
laaten, alschoon de Chineesen, die gem. thin in
hadden zijden, dat het van den nieuwen Gouverneur
was, so de Capitain de Chineesen niet geloofden
kan"
NL-HaNA_1.04.02_8697_0144.xml,"Van Siam Onder dato 25. Januarij A.o 1738. /.
kan hij deselve tegengehouden en den tolk gesonden
hebben, om de Waarheijd daarvan te weeten, ge-
lijk de Tolcq in dierglijk gevallen althoos gebruijkt
werd en nooijt manqueert; Naar den Capitain
en tweede hebben door den Tolcq die zaak aan den
gouverneur en Raad bekent maken laaten, en de
Gouverneur heeft daarop de Clangsheeren en weeger
gesonden om dat thin te weegen: op wat tijd is
er ordre gekomen, dat de Gouverneur, die heer
en hoofd van de Clang is, geen thin tegen sijde,
goud en Coopmanschappen vervuijlen mag;
evenwel heeft den Capitain dat thin aange-
houden en gesegt, dat hij daarover aan den
Capitain in Siam geschreeven heeft, maar
wat heeft die met de nieuwe Gouverneur te doen!
De Tolk werd belast, dit geschrift aan den Capi=
tain en sweede bekent te maken en te seggen,
dat sij hier op een duijdelijk antwoord geven
zullen, om aan den nieuwen Gouverneur de
Weet daar van te doen. Op Sondag den 11. der
donkere maan, in de sevende maand van t Iaar
ma som nop pa soe. /:onderstond:/ aldus door 's
Comp. Tolk in 't Portugees opgegeeven en in't
nederduijts overgeset door /:was geteekent:/ I=n
C„ Werbz:
Translaat"
NL-HaNA_1.04.02_8697_0145.xml,"125
Van Siam Onder dato 25. Januarij A. o 1738. /.
Translaat antwoord op het
Voorenstaande Geschrift.
De Capitain der Hollanderen zijnde geordoneert, om
op het geschrift, dat de Nieuwe Gouverneur en de
Logie gesonden heeft, zegt, dat hij wel weet, dat
dit daar een ordre van den heer Bercquelang
gekomen is, die verbied, dat de holl. Campl. geen
thin alhier inkoopen mag, maar hij weet ook
wel, dat met de Chialoup een ordre gekomen is,
van den heer Bercquelang aan den heer Gouverneur
en Raad, om on den Capitain 200. bh: thin Le le-
veren, en dat daar op nog niet meer dan 43 of 44.
bhaaren ontfangen sijn, waar omme de Capitain„
gehoord hebbende, dat de Chineesen veel thin in
haare Tonken hadden, en nog dagelijks meer
afscheepten, en ziende, dat hij om die reden de
gem: 200. bh: niet voldaan krijgen kon, eens
haare Sampan heeft laten visiteeren, en daar in
omtrent 12. bh: thin gevonden hebbende, soo
heeft hij dat thin aangehouden en ten eersten
volgens gebruijk en zijn pligt aan den Gouverneur
en Crameron kennis daarvan gegeven, die ver=
soe ken laaten, dat gem: thin voor sijn Majesteijts
reecq: in mindering der 200. bh: hem toegewoogen
werden magt. 'T is waar, dat de Chineesen, die
dat. /."
NL-HaNA_1.04.02_8697_0146.xml,"Van Siam Onder dato 25. Januarij 1723. /
dat thin meenden te vervoeren, zeijden, dat het
thin van den Nieuwen Gouverneur was, maar
dewijl de Nieuwe Gouverneur met alle Naer.
stigheijd gewaakt heeft, dat sedert de ordre
van den heer Berquelang hier voren gemeldE,
geen een boeter thin aan de hol=s alhier verkogt
is, soo kon hij dat seggen der Chineesen niet an-
ders als Leugenagtig aanmerken, vertrouwende
in tegendeel, dat de nieuwe h„r Gouverneur even
goede sorge soude dragen, dat de ordre van den
heer Bercque lang, dewelke meede met de Chialoup
overgebragt is, en verbied, dat aan de Chineesen
ook geen thin ook geen een boeter verkogt wer-
den mag, naafgekomen werd, welke ordre inde
zale ter presentie van de Capitain opgelesen
zijnde, soo heeft hij daaruijt niet verstaan, dat
de nieuwe gouverneur in Qualiteijt van hier
en hoofd van de Clang, daar bij uijtgesondert was,
dog soo de nieuwe heer Gouverneur eene andre ordre
ontfangen heeft, dicteerende dat sij E. aan de
Chineesen thin, voor zijde, goud en Coopman—
schappen verruijlen mag, soo gelieve hij deselve
maar aan den h„r Gouverneur en Raad te verthoe=
nen, en als den Raad daarop belast, het thin te
largeeren, soo sal dat bevel aanstonds gehoorsaamt
werden./"
NL-HaNA_1.04.02_8697_0147.xml,"127
Van Siam Onder dato 25. Januarij 1740./.
Wijders heeft den Resident aan den
werden
Capitain der hollanders in Siam over deese
zaak geschreeven, om reeden, dat die 18. bh„r
thin voor reecq: van sijn Majesteijt aangehou=
den zijnde, het nodig was, dat de Capitain aldaar
kennis daarvan geven moest aan den heer Ber-
cquelang. /. onderstond:/ Aldus aan't' Comp. tolk
opgegeven in't Portugees, en door hem in't Siams
overgezet. Den 24. Iunij 1737. /. /: en was getee=
kent :/ I„n C„l Werliz.
NB. Dit voorenstaande geschrift is niet overge-
geven, alsoo het selve nog niet ins het geschreven
was, wanneer de Toek bij den nieuwen Gouver-
neur geroepen wierd, en aldaar het volgende
ontfingen
Translaat tweede Gerchrijff,
door den Nieuwen souder-
neur aan's Comp. Toekbehan-
digt, den 25. Iunij 1737. /.
De Nieuwe Gouverneur belast bij deesen aan den
Tolk om aan den Capitain en Tweede te vragen,
wegens het aangehouden thin, of de Gouverneur
en Raad ordre gegeven hebben, dat thin aan-
teslaan, dewijl de Capitain en tweede, wanneer
versogt. /."
NL-HaNA_1.04.02_8697_0148.xml,"Van Siam Onder dato 25. Januarij Ao 1738. /.
versogt wierd, dat zij het selve largeeren soulden
aan den ol: Tija zijden, dat zij zulx uijt haar
eijgen Willekeur niet doen konden, maar de ordre
van den Gouverneur en Raad deswegen afwagten
moesten, maar ik zal den Gouverneur en Raad
niet aanspreeken over het thin, dat de Capitain
en de tweede inde Logie hebben dragen en bergen
laaten, het is thans de tijd dat de Chineesen ver-
trecken willen, darom werd belast het voorscho„
thin overtegeven, het kan althoos voor eerst an
der Chineesen Coopman gerestitueerd werden, en
soo de Capitain en Tweede daaromtrent eenigen
„sulx
twijffel of jets te seggen hebben, kan,„ d daarnaa
geschieden, dewijl de nieuwe Gouverneur voor
als nog in Ligoor blijften hier op moet zig de Capi=
tain en tweede finaal verklaaren, of zij het thin
willen geven of niet. /:onderstont:/ Aldus
door 's Comps: Tolk in't Portugees opgegeeven,
en in 't Nederduitsch overgeset, door /: was getee„
kent :/ J:n C„s Werlir.
Translaat antwoord op het
tweede Geschrift van den
nieuwen Gouverneur.
De. /."
NL-HaNA_1.04.02_8697_0149.xml,"129
Van Siam Onder dato 25 Januarij A. o 173. /
De Capitain en Tmeede maken door mean Wise vaan
den Nieuwen Gouverneur bekent, dat zij sijn
E: s ordre ontfangen hebben, dewelke inhoud, dat ver-
mits thans de tijd tot het vertreck der Chineesen
is, het aangehoudene Thin moest gelargeert
werden, wij souden dat gaarne doen, indien niet
volgens vorig gebruik aan den Gouverneur en
Raad kennis daarvan gegeven hadden; Wanneer
de ordre quam om alhier 200. bharen thin aan de
Comp. te leeveren, soo wierd door den nieuwen
heer Gouverneur gezeid, dat de berglieden nog niet
gesmoeten en de bergheeren hun thin nog niet
afgebragt hadden, en dat darom maar weijnig
thin soude te bekomen mesen, maar wij in
tegendeel gehoort hebbende, dat er veel thin
door de Chineesen vervoerd werd, soo hebben wij
eens haare Sampan gevisiteert, het daar ingevon=
dene thin angehouden en den Gouverneur en
Raad kenniss daarvan gegeven, dewelke ook
ten onsen Versoeke de Clangsheeren en den Wee-
ger in de Logie sonden om ons dat thin toete-
wegen, dog het welk tot nog niet geschied is,
hebbende de Gouverneur en Raad naderhand
gesegt, dat die zaak nog niet klaar was, ver-
mits dan de nieuwe Gouverneur om dat de
Chineese/."
NL-HaNA_1.04.02_8697_0150.xml,"Van Siam Onder dato 25. Januarij A.o 1738. /.
Chineese Coopluijden op hun vertrek staan,
het gemeldse thin begeert gelargeert te
hebben, soo versoeken mij volgens gewoonte,
een ordre schrift van den Crommecan te
mogen hebben, waarop het thin aanstond sal
gerestitueerd
gegeert werden. /:onderstond:/ Aldus dan
's Comp. Tolk in 't Portugees opgegeeven, door
hem in 't Siams overgezet en afgegeven den
25 Iunij 1737. /:was geteekent:/ I=n C„s Wertez.
Translaat derde Geschrijkt, door
den Nieuwen Gouverneur Pa-
sombatibaan in de Logie geson=
den, den 26. Iunij 1737.
Dit geschrift komt van Meijn Wisit Sombat
ter ordre van den Nieuwen Gouverneur aan
den Capitain en tweede; Vermits een ordre van
den heer Bercquelang op bevel van Sijn Mijelteijt
aan den Gouverneur en Raad gekomen is, ver-
biedende, dat de hollanders in't Land van Ligoor
en wat daaronder resorveerd, gheenthin
mogen inkoopen, ook geen eene rank of en—
kelde boeter, en dat soo eenig inwooner steels„
gewijse./"
NL-HaNA_1.04.02_8697_0151.xml,"131
Van Siam Onder dato 25. ' Januarij A. o 178. /.
gewijse thin aan de Hol-verkoopt en gevat
word, dezelve met de dood zal gestraafd wer-
den, behalve andre zaaken in gemelde Tra
vervat, soo blijkt daar bij, dat het thin van
dit Jaar niet voor reecq: van de hol- is. Egter
hebben de hollands. thin in de Logie dragen
laaten, schoon die gheene die het selve ver-
voerden, aan haar zeiden, dat het thin van den
nieuwen Gouverneur was; ook heeft de Capi=
toin en Tweede den Tolcq niet gesonden, om de
Waarheit te weeten, maar hebben aan den Gou-
verneur en Crommecan kennis daarvan ge-
ven en versoeken laaten, om de Clangsheeren
te senden, op dat haar het gemelte dhin toegewo-
gen werden magt, waarop den nieuwen Gouver=
neur Coerprom en den provisioneel Jucobat
over deese zaak gesonden heeft aan den Gou-
verneeur Blad en verdere Crommecan, dog de
gouverneur en Raad hebben ontkent, dat zij
ordre gegeven hebben om thin vanden nieuwer
Gouverneur aan te houden; seggende, dat de
Capitain en tweede zeer verkeerd gedaan
hadden met het thin van den nieuwen sou-
verneur aanteslaan, en behalven dierhalven
al het gemelte thin in gevolge van dit geschrift
over/."
NL-HaNA_1.04.02_8697_0152.xml,"Van Siam Onder dato 23. Januarij A:o 1738. /.
overtegeven. Dit geschrift werd gesonden op„
Woensdag en 14. dag der donkere maan in de 7=de.
maant des 1099. Iaars, genaemt Ma Som nop soc„
/:onderstond:/ aldus door 's Comp Tolcq in 't
Portugees opgegeven en in't Nederdúijtsch
overgezet, door /:en was geteekent:/ I„n C„n
Werliz. /:onderstond:/ Accordeert. /: en was
geteekent:/ W:m Meijboom.
Ligoor.
Aan Den OnderCoopman Ian Christoffel
Werliz. Resident benevens.
Den Boekhouder Willem Meijboom,
Tweede.
Goede Vrunden
Ter beantwoording van Eel: Succint schrijvens
de datis 25. Julij, 26 en 30. aug. mitsgaders
197."
NL-HaNA_1.04.02_8697_0153.xml,"133
Van Siam Onder dato 25. Januarij A:o 173. /.
19: 7br. A.o p=so en 14. febr, 2 en 17. maart deses
Iaars, hadden wij de pennesal eerder opgevat bij
en aldien eerst door d' ons aangedaane moejelijk
heeden van dit haf en daar naa door een optogt
van den eerst ondergeteekenden met den Coning
na Prabat, daar inne niet waren verhin-
dert geworden, dog nu de handen wat ruijmer
hebbende, seggen wij dan eerst op die van den
14. febr: 2 en 17. Maart, als wel de principaal-
ste zijnde, dat met de uijterste ontroeringen
verbaastheijt daar uijt ons te vooren quam, niet
soo veel het verbot van den thin handel, want
wel weeten, dat de schroepsugt en inhaligheit
de domineerende passien van desen Vorst zijn,
als wel de sinistre en Clandestijne wijso, waar
meede dat selve belegt is, dat ons nu ook klaar
doet zien, al de ons aangedaane brufaliteij-
ten, mitsgaders de begeerte van afslag op den
lijvaaten, als wel weetende wij hier toe sonder
particulieren Last niet konden treden, gepre=
mediteert zijn geweest, en enkel gesogt, om daar
op dit fameuse verbad so als VE: het welki„
tubeert, te fondeeren.
Was dt Instantien nu hier omtrent aan
het hoff ^ soo het ons foeschijn uijt de beleefde
ontha-"
NL-HaNA_1.04.02_8697_0154.xml,"Van Siam Onder dato 25. ' Januarij A. o 1738. /.
onthaalingen en veel sogter behandelingen als te
vooren nu bemerkt den bal te hebben misge-
slagen en met alles te willen begeeren, alles te
zullen verliesen, al berouw over dit gedoente schijnt
te hebben, gedaan en de antwoorden daar op erlangs
zullen UL: soo wel uijt den brief aan de hooge
Indiase Regeering thans in Cachet volant tat
uL: overgaende, om na het bijvoegen van een
Connoissement factuurtjen der twee hondert
bhaaren thin die den Coning heeft toegestaan
en in de Chialoup moeten geladen werden, te
werden geslooten en versegelt, gelijk het behoort,
kunnen ontwaeren, als dat er voor de aankomst
der Scheepen geen apparentie is, den vorigen
handel te restaureeren, mitsgd=s dese twee hondert
bhaaren, waar van een seer scherpe fra tot dies
vaerdige voldoening thans overgaet, sonder gelt-
som moeten werden versonden, vermits, afschoon
dienswegen hart hebben aangehouden, geen
finaal antwoord is te obfineeren geweest, en
schijnt het ons soe, of den Coning dese wil doen
valideeren, in plaetse van de uijtstaande
's Comps. gelden, waer omtrent mede genoeg inde
weer zijn geweest, en ook wel een Tra hadden kun-
nen verkrijgen, om die in Contant te doen restitueeren,
dog /."
NL-HaNA_1.04.02_8697_0155.xml,"135
Van Siam Onder dato 25. Januarij A. o 1738. /.
dog hebben het gedagt nu de zaaken wat meer na
onse kont beginnen te hebben, beter te zijn en met
's EComp. Interest meerder te quadreeren, deselve
nog maar te laaten voortloopen en in statu
te houden tot de komst der scheepen, dan daarvoor
de bloote penne. sonder de minste Interest niet te=
genstaande die lange uijtgestaan hebben, weder
te moeten ontfangen en anneemen:.
Maar bij en aldien den thans tot uwent
zijn den Calouanger Pra Sambatiban, welkers in-
halig quastig en kriegel humeur ons ten vollen
bekent is, en dienthalven ook doet approbeeren
de aan hem geschonkene ƒ90. –. –. vermits
die so wel als VE. noodsaakelijk en onvermijde-
lijk agten te zijn geweest, nu weder een spaak
in't Wiel mogte steeken, en gedagte Tra in't
geheel naa den Letterlijken sin niet obedieeren,
met de Chialoup ten spoedigsten voor te helpen,
daar seer voor vreesen, door desselfs handel met
^ aldaer
de 4 ^ althans zijnde Jonken, so sult UE. maar
aanneemen en afscheepen, wat daar op krijgen
en ontfangen kunt, mitsgd=s. daar omme de
selve niet mogen heerwaarts maar directe na
Batavia senden, ten eijnde onse advijsen addres
mogen. /."
NL-HaNA_1.04.02_8697_0156.xml,"Van Siam Onder dato 25. Januarij A. o 1738. /.
mogen erlangen, voegende al egter daar bij met nader-
schrijvens aan d' Illustre hooge Indiase Regeering
sodanige reeden en drajeregen, als daar sullen voort-
gebragt werden tot den niet afgeef, het zij in 't ge-
heel of het sij ten deele van dien.
Dewelke ook niet moet nalaaten so het so ge-
viel, dat egter niet willen hoopen, ons p=r alder-
eerste Gelegenheijt te verstendigen, om dientwegen
bij het hoff een nader beklag te doen; en vermits
thans van de malerie van den thinzijn, zullen
wij ons daar bij houden en verder ter neder stellen,
met veel genoegen gesien te hebben, dat de thans
afgescheepte en ontfangene Quantiteijt van
65665. lb. uijt des Conings Clang: sonder minwigt
is geweest, dat ook daarop, onangesien de hooge
Indiase Regeering goedgunstelijk heeft behaegt
toetestaan, de afschrijving van jongst gevallene
688. lb. dat UE bekent maken, niet meerder als
voor VE. reecq: werd verwagt vermits bij het
overzien der papieren geen Exempel is te vinden,
jets diergelijks soude zijn gebeurt, sedert het
oversenden der stantgewigten, waar omtrent
dan wel over het verschil van dien niet en twij-
felen af zulk bereets zijn overeen gekomen, met
de. /"
NL-HaNA_1.04.02_8697_0157.xml,"137
Van Siam Onder dato 25. Januarij A. o 1738. /:
de Clangs bedientens, vermits hier wel eenig ge=
vernomen
mompel, dog nog weeger nog gewigt hebben „ en
deesen thin, gelijk voorschreeven staet, wel
uijt gekomen is.
Welke Quantiteijt bereffens de nog daar
UL: genegotieerde 124522. lb. met de twee aan-
gehaalde bhaaren op beijde scheepen nam: d'
hoopvogel en Opperdoes zijn verdeelt en naa
Batavia gesonden is, so en diervoegen als ons
aangesz: hebfwes onmogelijk het abuijs van
330. temin gereekende dubbelde ranken, dat
wel anders hadde mogen weesen en meerder op-
letterheijt verdient te redden, of remedieren,
dan met een ootmoedige Excccus versoeking van de
Mlústre Indiase haage Regering onse gerespecteerde
heeren Gebieders, gelijk wij zijn doende bij ons
Schrijvens.
Maar aangaande UL: Cansideratien, nopens
het belet van de Thin Sluijkereij, vermelt bij
Letteren van 25. Julij, moeten wij door de op-
pressie van den handel nog tuijgen, en onse
gedagten gereserveert houden tot nader en dat de
sijden, waartoe nu graate apparentie schijnt, eens
sullen"
NL-HaNA_1.04.02_8697_0158.xml,"Van Siam Onder dato 25. Januarij A:o 1738.
sullen zijn gebeetert, dog wat aanbelangt het
verschenken van 6. boven gewoone thaijlen
uijt de in A:o 1785. aangehaalde thin aan de
aanbrengers; gelijk meede het restitueeren der
Waarde van 1¼ bhaar d=o agterhaelt van den Chi=
rees tjauw tipaniauw zien wij schoon het gedaa-
ne zaaken, dewelke ons alvoorens die te effectuee-
ren, wel hadde mogen ter kennis gegeven zijn,
voor goed en welgedaan aan, eerstgemeldte om de
noodzaakelijkheid in dien tijd, en de laaste over
op dat met hier meede harsneekig te weesen, niet
tegenstaande een billijke zaake voorhad (:dat
wij, die hier daagelijkse Exempelen van hebben,
en zien, ook wel willen en kunnen gelooven:/
soud geprostitueerd hebben, eenige leden van den
Ligoorsen Raad, en is de Vreese van zulkx den
Opra Blad te doen, mitsgaders hier door den
Bercque lang, wiens grooten Vrund en Vertrouwe-
ling hij is, aan den hals te krijgen, ook de reeden,
dat wij van de schuld van dien ons althoos seer
welmeenenden Mandorijn geen particuliere men-
sie hebben gemaekt, dog zullen wij niet naa-
laten te zijner tijd met een particulierbriefjen
hem tot voldoening aantespooren en te maanen,
intusschen hier van afbreekende en tot de repa=
raties."
NL-HaNA_1.04.02_8697_0159.xml,"139
Van Siam Onder dato 25. Januarij A. o 1738. /
raties overstappende, vermeijnen wij het voir-
baar te zijn, de smeltloos soo lange ongemaijt
se laaten, tot dat de zaaken op beeter en wisser
voet sijn, waarome dan ook excuseeren, messe=
laars te senden, te meer het gantsch van onse
approbatie en goedvinden niet is, dat het dak
der Logie, waar aan dese Werksluijden eerst wout
emploijeeren, geheel in kolk werd gelegt, en
sulx eens deels wegens de excessive kosten, so aan
kalken arbeijds loonen die hier oploopen, en
anderdeels, om dat VE. geene packgoederen al-
daar te bergen hebt, en sig wel sult kunnen
behelpen, een plaets te bewoonen, in dier voegen
als nu veele Iaaren geleden agter den andern„
sonder sodanige grooten op hef en wijdlieffige
klagten te doen, daar andre residenten is be=
woont geworden, wes oak tot nader order van
haar hoog Edelens, welke het een en ander onder„
daniglijk hebben gesuppediteert, hier van voor
soo verre het geheele dock betreft, moet af=
gesien en maar eenlijk met de Vorsten in kalk
te leggen, als zijnde dit ten uijtersten nodig, tot
Conservatie van 't gebouw af voor 't gevaren, so
nog niet begonnen is, af anders begannen werden.
Nopens den Oluang tja, zijn ons nog gheene
de 7."
NL-HaNA_1.04.02_8697_0160.xml,"Van Siam Onder dato 25. Januarij A.o 1738. /.
de minste berigten van Batavia toegekomen,
en bennen wel verzeekert, dat daar niets van
sal vallen, eensdeels, om dat den dief Johannes
van houtte hier alles afgenomen en geplukt
zijnde, toen naa der waarts ter Judicature
gesonden wierd, gheene gelegenheit in het Gevan-
genhuijs zal gehad hebben, jets te kunnen pro-
spereeren om aan dien mandarijn te voldoen, en
anderdeels, door dien gelooven dat haar hoog Ede-
lens niet sullen treden tot eenig remboursement
vermits geen wet leert, dat een M„r voor een knegt,
die een formeele dief is, hoeft te caveeren, op
intestaan, so dat hij Oluang Tja, zig met sijn
verlies, daar wij wel van bennen verzeekert, dat
in lange naa soo groot niet, mitsgd=s naa de Siam-
se wijse met een Capitaal advans ruijm opgege-
ven is, sal moeten getroosten, als meer andere„
die daar dusdanige ongeriefelijke maniere van
doen, haar goed quijt raken; en moeten VE. hem
„ verder
ook in 't vervolg afsetten en ons hier meede, niet
meer vermoejelijken, vermits van hier hem
geene de minste beloften gedaan zijn.
Maar bij en aldien den Coen patapor niet
op gedaagt nog bij UE. na te vraagen in, so moet
so 7."
NL-HaNA_1.04.02_8697_0161.xml,"141
Van Siam Onder dato 25. Januarij A o 17380. /.
so wel de Obigatie ons weder te rug senden, ten
eijnde daar op dies bedraagen van den borg Tere-
mias broucheborde, alhier kunnen innen, als in
1E. negolie boekjes redresseeren ƒ124. 4. —
spruijtende wegens Loon van 4 Timerlieden, die A:o
p=l sotuwent gewerkt hebben en dewelke wel
bij VE. boekjes zijn ingenomen, dog egter vergeeten
hebb, weder op de Lastreecq: over te draagen, dog
hier van moeten afgetrocken worden
ƒ12. 3. 8. dewelke mij in A„o 1734. VE. se veel hebben
aangereekent.
Hiermeede nu het principaalste en datre-
flerie meriteerde van VE. schrijvens b'antwoord
hebbende, soo komen wij nu tot VE. briefjes van
19:' 7br: door den Resident Werliz: den 24. ' 7br:
door den tweeden Brijboom, jder besonder getee-
kent, en waar van dan wel dies inhout geene ver-
dere mentie zullen maaken, dan dat het ons
ten alderhoogsten verwondert, dat UE. die be-
reets Jaaren van bescheijdenheijt hebb, over sul=
ke nietige en geringe zaaken tot deusdanige
„ grooten
ongemeene proceduuren en „ klagten overgaat.
Dit seggen mij niet om hier door den Resident
voet/"
NL-HaNA_1.04.02_8697_0162.xml,"Van Siam Onder dato 25. Ianuarij A:o 1738/.
voet te geven tot alles maar despoticq en na
zijnen wille te dirigeeren en te verrigten, mitsg=s
zijne plaisiren ten lasse en Caste van d'EComp.
te neemen, nog om den tweeden meijboom, te
animeeren tot onreedelijke Contralleering
of tegenspreeking van den Resident; Neen,
geensins, maar op dat VE. met den andern sodanig
sulten moet handelen en leven, als d'ordres van
d' Eompc: vereijschen, die VE. zult kunnen vin—
den in brieven. sedert den Jaere 1726. tot 1733/:
derwaarts geschrc. toen het haaselijke en verfoe=
gjelijke soet van tweedragt op VE. Comtoirtje
meede martelen hadde geschooten, dog voegen
egter hier nog bij tot Conservatie den goede
harmonie, die soo het ons toeschijns, uijt VE.
laeter schrijvens al bereets getroffen is, of anders
op sigt deeses dient getroffen te werden, bij en
aldien den onwilligen zig niet wil onderwerpen
de hoogste indignatie van haar hoog Edelens„
en ons resentiment, voor soo verre over VE gesteld
zijn.
Dat voortaan geene verstrecking of uijtgave
van pennc. door den tweeden Meijboom, meer sullen
geschieden, dan op schriftelijke ordonanties
van 7."
NL-HaNA_1.04.02_8697_0163.xml,"143
Van Siam Onder dato 25. Januarij A:o 1733. /.
van den eersten Resident Werliz, waar inne vol=
gens stijle uijtdruckelijk moet gespecificeerd staan„
de reeden der uijtgave, en zal hij tweeden dan„
ten zij het alleverre buijten den hoek springt, hier
tegens geene protestatien mogen maken, nog
vervolgens weijgeren 's EComp. brief te teekenen,
dat een ongehaorde, onverantwoordelijke en
regtdraets tegens 's ECompC: ordres en Constitutien
strijdende zaake is, en ongetwijffelt seer swaar
door onse hoog gerespecteerde) heeren gebieders„
wie daar van kennisse, so als het behoort, is
gegeven; sal werden genomen.
Naar soodanige ordonnantien, waar over
twijffels dan wel meijns eenige reden van tegen-
spraak te hebben, naa heerwaarts ter onser de-
cisie te senden, met en benevens sijne gravami-
nas tegen deselve, dog niet afsonderlijk, maar in
den gemeenen brief 's EComp. wegen dan te
schrijven met een bijsonderen past, dewelke
den eersten Resident, soo als hem opgegeeven
werd, ook gehouden blijft op sijn plaats, off daar
het best voegt te insereeren met sijn te genreden
off replicq. dit is volgens d'ordres en stijle, maar
wij willen hoopen en verwagten, dat tot VE:
eijgen. /."
NL-HaNA_1.04.02_8697_0164.xml,"Van Siam Onder dato 25. Januarij A. o 1732.
eijgen beste geene diergelijke hocquetlen meer voor=
vallen en dit middel so weijnig sal gebruijkt
werden als mogelijk is, waar toe niet weijnig sol
helpen, dat een jder wat Waater in zijnen Wijn
doet en niet ten eersten op de minste beweeging
of gepretendeerde fassoens freding te paarde stijgl
en dus de sinnen aan het hollen helpt.
De van ons g'eijschte Schrijfgereetschappen
zijn wij door gebreek niet in staet te voldoen,
wes VE. deselve so wel als de halve vol plat Lood
van Batavia, weerwaerts uwer Eijsch geschiekt
is, sult moegten verwagten, dog hebben om VE.
se gerieven alhier E. doods hoofden of tuffers
laaten maaken, dewelke in de Chialoup gelaeden
zijn en soo aan houtwerk als arbeijtsloon kosten
ƒ14. 8. — waar voor deselve bij uwe boekjes sult
moeten belasten met en beneffens nog ƒ577. 13. 8.
zijnde soo veel bedraagt het Loon aan 12 Inland-
she mattroosen voor 79. dagen die in de Jongste
voijagie gediens hebben en 2. Inlandse timer-
lieden voor 60. dagen, nam: de mattroosen
ƒ511. 17. 8. en de Timerlieden ƒ 65. 16. — sonder
dat hier van om de kleene importantie en dat thans
geene Contanten ingevolge VE. aanschrijvens, oversenden,
een Cagnoissement gemaakt is.
Nog7.
—"
NL-HaNA_1.04.02_8697_0165.xml,"145
Van Siam Onder dato 25. Januarij A. o 1738. /.
Nog gaat nevens deesen 4. actens, waar bij het
de Illustre hoog Indiase Regeering op onse Voor-
dragt goedgunstiglijk behoegt heeft, den tweeden
negjboom te advanceeren tot boekhouder met
ƒ30. mitsg„s Cornelis Loots, aante stellen tot abso-
lut assistent en ƒ24. p=r m„t en de mattrosen
Cornelis hage Pieter Gabriel Monier te verhoogen
in gagie, nam: eerstgenaemde tot ƒ 13. en den
laesten ƒ 9. —.
Tot dus verre met deesen gekomen sijnde,
bragt ons den Tolk nevens de tra van de 200. –
bhaaren Thin, nog 2. versegelde bomboesen, om
aan den Gouverneur en Cromecan tot Ligoor
t'intragueeren, dewelke souden behelsen, een
seer sterk verbolschrifs aan gen: regeering, om
geen thin aan de vier aldaar Chineese donken
te doen leveeren; of dit nu de Waarheijd er effec=
siff: so dan eenlijk ons maar wat in de hand ge-
stopt is, om te swijgen en aftehouden, van
meerdere demanstratien aan het hoff te doen, we-
gens dat 's EComp. schuld deser Jaare niet
soude kunnen voldaan werden, bij en aldier
aan deese Chineese handelaars den vrijen teugen
en thin insaem wierd gegeeven: sullen wij bij VE.
eerste./"
NL-HaNA_1.04.02_8697_0166.xml,"Van Siam Onder dato 25. Januarij A.o 1730 .
eerste advijsen moeten afwagten en intusschen
verblijven /:onderstond:/ UE: goede Vrunden
/:was geteekent:/ T„s J„s van den Heuvel.
Wm
W„m D' Ghij en N„s Bang. /. ter zijde:/ Siam
in 't H=ts Comtoir Judja, adie 28=en april, A„o
1737. /:onderstond:/ accordeert. / en wos geteekent/
A:s Bang
Ligoor.
Aan den OnderCoopman Jan Christoffel Werlis.
Resident, Benevens.
Den Boekhouder Willem Meijboom
Tweede.
Vermits naa veele sallicitaties en heen en
wederloopens, eijndelijk erlangt hebben een
al lang gewenschte en versogte afreekening
van de djauw Praclangs, mitsgaders van den heer
Goede Vrunden
Bercqueling."
NL-HaNA_1.04.02_8697_0167.xml,"147
Van Siam Onder dato 25. Januarij A. o 1738. /.
Berquelang een ardres schrift tot dies Valdaeninge,
so is het, dat wij VE. gemelte geschreft zijn
toesendende in diervoegen als het hebben ont-
fangen; Namentlijk verzegeld als vooren;
wes voor ons onmogelijk, dien aangaande
jets verders te melden, dat dat op mondelijke Ver-
zeekering gedagte versegelde bamboes soude in-
houden een seer ample ordre tot de prompte
Voldoening van 's Conings agterstal aan d'ECompC.
het gheene thans bestaat in 417. bhaaren, 234.
Catsijs en 9. shrijlen, segge vierhondert seven-
thien bhaaren, twee hondert vier en dertig Cattijs,
en neegen thaijlen, en welke bedragen VE.
op meer melte geschrift met alle naarstigheid
ook spoedig, moet invoerderen, mits aan ons
p=r desen bodem toetesenden, de netse reecqu
van de vorige schuld, aangesien daar omtrent
met de Tjauw pra Elangs een verschil hebben
van twee bhaaren, twee en veertig Cathijs
7¼. Thaijlen sij lieden geven voor dat de geheele
schuld van 379. bhaaren 159. Cattijs en 79.
thaijlen, voldaan is, en bij VE. aanschrijven blijkt,
dat maar hebt ontfangen 377. bhaaren 117. Cattijs,
wes hier omtrent den spoedigsten Elucidatie ver-
wagten, ten Eijnde dit te mogen redresseeren
Bij./."
NL-HaNA_1.04.02_8697_0168.xml,"Van Siam Onder dato 25. Januarij A:o 1748. /.
Bij ons Jongste Schrijvens, dat hier in Copiane=
eens gaat, hebben wij onder meer andere
zaaken VE. op het Enstigsde gerecomman=
deert, eene goede harmanie, en verwagten ook
niet anders, of die zal al bereeds zijn getroffen,
en door den Tweeden Meijboom als de minste„
den eersten stap wesen gedaan, want dit soude
ons aangenaam en VE. seer nut zijn.
Intussen dat VE. moeten aanbeveelen voor't
aan de aankomende brieven na volgens oude
ordre en gebruik in Copia soo wel als de
afgaande, overtesenden, mitsgaders deesen
bodem sen alherspoedigsten heerwaarts te
doen vertrecken, verblijven wij /:onderstond:/
VL. goede Vrunden. /: was geteekent:/ P„s J„s
Jn
V„n D„n Heuvel en W„m De Ghij. /:ter sijden:/
Siam en 't N„s Comtoir Iudja den 12. Junij
A:o 1737. /. /:onderstond:/ Accordeert. /. en
was geteekent:/ W=m Meijboom.
Rapport"
NL-HaNA_1.04.02_8697_0169.xml,"149
1738
Van Siam onderdato 25:' Iannuarij
Rapport aan Den E: Heer
Theodorús Jacobus van den
Heuvel, Coopman en opperhoofd
Ingevolge uw E: ordre gecomitteerd zijnde geweest om
nevens den tweeden W:m d' Glij de Laeding vant schip
'T Land van Belofte, te ontfangen en inde pakhuijsen
te brengen soo hebben wij zulxe van tijd tot tijd g'Effectueerd
en geen minderheeden of onderwigten bevonden dan
aan 5 packen hamans, namentlijk:
No 971. moest wegen ld 239. en heeft maer gewogend 27:tkot 62:
„ 970: _„o _„o „ 242: „ _„o _„o _„o „ 240 —. „ 2:
„ 983: _„o _„o „ 255: „ _„o _„ _„o „ 252 d„ 13:
„ 976: _„o _„o „254: „ _„o _„o _„o „ 252 _„ „ 2:
„ 1003: _„o _„o „248: „ _„o —. 3„ _„o „ 245 —„ „ 3:
Wes deselve niet tegenstaende van buijten wel ge¬
„conditioneerd waaren, openende ten averstaan der scheeps
overheeden ontwaerden dat niet alleen twee der binnen
banden van ijder pak aanstucken gesneeden waeren,
maar ook den sak wel twee voeten gescheurt, mitsgs
dat die packen ijder 58: p:s en ofr zulx 2: p=s ijder of
10 p:s te saemen minder in hielden dan daer in zijnde
bevonden pak briefjes melden die alle van een datum
en volgende zijn nam: N:o 971: voor slam, hier in 60 p:s
grove hamans L:a 23: 24: b:t 2 1/3 l:o wel en schaars
/:onderstond:/ Houglij, Den 7:' maart A:o 1737. gemeten
getelt afgepakt en versegeld /:getekent:/ I:n Drabbe,
en I:r thillen /:in margine :/ genegotieerd door den E: E:
agtb:
-"
NL-HaNA_1.04.02_8697_0170.xml,"Van Siam onderdato 25:' Jannuarij A:o 1738
agtb:r heer Directeur I: A:t Schiterman, en raad
/:Lager:/ ter ordre voormelt E:s Stervenberg g' Clercq
voorts dat het pak No 976: wel met die nommer is besz:
geweest van buijten dog het daer in gevonden briefjen ge„
„merkt was n:o 1005: met welke verhoop uW E: g'Eerde
ordre te hebben volbragt, wes verblijven /:onderstond:/
E: Heer /Lager:/ UWE: onderdanige Dienaaren /:getekent:/
P:r Hous, en P:r Cherijn /: in margine Siam in't
N:ts Comptoir Iudja adie 3:' Iannuarij A:o 1738 —
Op huijden Den 3e: Jannuarij 1738
Compareerde voor mij Nicolaas Bang, adsistent en
soldij boekhouder in dienst der E: Comp: ten Comptoire
Iudja in Siam tot het passeeren deses g'autoriseert
present de naar genoemde getuijgen Pieter Hous, en
Pieter Chevijn beijde adsistenten, en inboven gem:
dienst dewelke verklaerden ter requisitie van d' E: Theod:s
Iacobus van den Heuvel Coopman en opperhoofd ten
ged: comptoiren g'committeert te zijn geweest om
nevens den secunde W:m d' Glij de Lading van't schip
'T Land van beloften te ontfangen en in de pakhuijsen
te bergen, 't welk van tijd tot tijd zoo als de goederen
aanquamen Effectueerende hebben geen minder„
„heeden of onderwigten bevonden dan aan 5:
packen hamans te weeten
No 971."
NL-HaNA_1.04.02_8697_0171.xml,"151
Van Siam onder dato 25 Jannuary 1738
No 971. moest wegen d 29: eneefs maer gew: de 237. te weijnighd 2:-
_„o „ 242 „ „ _„o „ 240: _o„„ 2:—
„ 970:
„ 983: _„o „ 255 „ „ „ „ 252: _„o 3: —
„ 976: _„o „ 254 „ „ „ „ 252: _„ 2:—
„ 1003 _„o „ 248 „ „ „ „ 245: _„o 3:—
Waerom ook deselve niet tegenstaende van buijten wel
geconditioneerd waaren g'opent bennen ter presentie„
van de scheeps overheeden en is daer aan ontwaard dat
niet alleen twee der binnen banden vanider pak
aanstucken waeren gesneeden, maer ook den sak
wel twee voeten gescheurt, mitsgaders dat die packen
in't na tellen ider 58 p:s en overzulde, 2 p. s ider of
10: p:s te samen minder in hielden dan de daer in
bevondene pakbriefjes melden, die alle van een
datum en volgende inhoude zijn, namentlijk
971 voorsiam, hier in 60 p:s grove hamans, L: k
23: 24: b:t 2 7/8 cob:s wel en schaars, /:onderstond:/
Houglij den 7:' maart A:o 1737. gemeten geteld af
gepakt en versegeld /:getekent:/ I:n Drabbe, I„n
thielen /:in margine:/ Genegotieerd door den EE: agtb
heer Directeur I:n A:t Sichterman, en raad
/:lager:/ ter ordre voormelt, E„s Sterrenberg g Clercq:
voorts dat het pak N:o 976: wel met dies nommer is
besz: geweest van buijten dog het daer ingevonden brief„
„jen gemerkt n:o 1005: al het geene voorsz: staat
verklaaren zij attestanten de suijvere sinceere waarh:t
te weesen gevende voor reedenen van weetenschap als
in"
NL-HaNA_1.04.02_8697_0172.xml,"Van Siam onder Dato 25. Jannuary 1738
in den text onderbereijtwilligheijt van des gerequireert
Werdende dit hun getuijgde ten allen tijde met Eede
te bevestigen
Aldus gedaan en gepasseert ter presentie van de
assistenten Coenraed Coster en Christoffel
wens, als getuijgen hier toe versogt die nevens de
comparanten en mij g'authoriseerd scriba deminute
deses hebben onderteekend Siam in't N=t Comptoir
Iudja dags maand, en Iaere voorschreeven /:g:/
P„r hous, P„r chevijn (Lager) In kennisse van mij en getekent/
N„t bang /ter sijndestond:/ ons als getuijgen /:getekent:/
E: Coster, in Christoffel wens. —
Voor Siam
Hier in 60: p:s Grove hamans L:t 23: 24: b:t 2 1/8 C:o wel
En schaars /:onderstond:/ Houglij Den 7:' maart A:o 1737.
gemeten, geteld, afgepakt en verzegeld /:getekent:/ J:n Drabbe,
en I:n Thielen /:in margine :/ genegot:d door den E: E: agtb:
heer Directeur Ioan Albert Sichterman, ter ordre
voorm:t / E:s Stervenberg gClercq. —
voor Siam
Hier in 60 p:s grove hamans L:a 23: 24: b:t 2 7/8 C:o wel
Enschaars /:onderstond:/ Houglij Den 7: maart 1737
gemeeten, geteld, afgepakt, en verzegeld /: getekent:/ I:n
Drabbe en I„n thielen, /:in margine:/. genegotieerd door
Den E: E: agtb: Heer Directeur Ioan Albert Sichterman
en raad /:lager:/ Ter ordre voormelt /:getekent:/ E„s
Sterrenberg g Clercq.
voor"
NL-HaNA_1.04.02_8697_0173.xml,"153
Van Siam onderdato Den 25 Jannuarij 1728
Hier in 60: p:s grove hamans L=d 23: 24: b:t 2 7/: C:o
wel en schaars /:onderstond:/ houglij den 7:' maart 1737.
gemeten, geteld, afgepakt en verzegeld /:getekent /: IM:
Drabbe, en I=n thielen /:in margine:/ genegotieerd
door den E E: agtb: heer I:n H:t Sichterman, en raad
/: Lager:/ Ter ordre voormelt /:getekent :/ E: Sterrenberg
g: Clercq: —
Voor Siam
1 Hier in 60 p:s grove hamans L=d 23: 24: b:t 2 7/8
C:a Wel en schaars /:onderstond:/ houglij, den 7: maart 1737.
gemeeten geteld en af gepackt en verzegeld /:getekent:/
In: Drabbe en I=n Thielen /:onderstond:/
genegot:d door den E: E: agtb: Heer Directeur
Ioan albert Sichterman en raad
/:lager :/ te rordre voormelt /:getekent E: Sterven„
„berg g'Clercq
voor Siam
Hier in 60: p:s grove hamans L:r 23: 24: b:t 2 7/8 l:s
wel En schaars /:onderstond:/ houglij den 7:' maart A:o 1737
gemeeten geteld afgepakt en versegeld /:getekent:/ P:n Drabbe
en I:n Thielen /:in margine:/ genegotieerd door den
E: E: Agtb: heer Directeur Ioan Albert Sichter„
„man en raad /:lager:/ Ter ordre voormeld /: was
E: Sterrenberg G: Clercq. —
getekent:/
Voor Siam
Maandag"
NL-HaNA_1.04.02_8697_0174.xml,"Van Siam onder dato 25:' Jannuarij A„o 1738
Maendag Den 16:' December A„o 1737
Present
Den Coopman Theodorus Iacobus van den Heuvel opperl=t
„ ondercoopman Willem D' Glij, Tweeden, en
„ adsistent Nicolaas Bang, soldij Boekhouder
vermits den Laatste aankomst van 't schip 't Land van belofte welkers
overheeden niet eerder dan op den 7: ' deser ten desen comptoiren zijn g'arriveerd,
en uijt dien hoofden ook de goederen die per opgem: bodem door haer Edele hoog
agtb: tot geschenk gezonden aan den koning en berequelang op 11:' daar aan zijn
overgeleverd, waer door als mede door de trage hoedanigheeden deser Landaard geen
waer berigt van 's vorsten en berg:s wedergeschenk hebben kunnen ontfangen, soo
geeft het opperhoofd in den hoofde deses gemelt ter ovrweginge, of het niet noodig
zoude weesen op ged: goederen als in voorige Iaaren ten Lasten van openstaende
reek: te brengen, omme naer bekomen berigt van gem: 's vorsten en bercq:s weder ge„
„schenk â uso daer van weder ontheft te werden, en alsoo bereeds alle noodige op
en afschrijvinge, mitsg:s de Lasten van't comptoir Ligoor inde Iongste handel„
„boekjes waeren ingenomen, omme maer verder ten spoedigsten met het
afsluijten der gem: boekjes en met het resumeeren dergesamentlijke Lasten
en winsten voor t te vaeren, ten Eijnde dezelve met de Eerst vertreckende
bodem te kunnen overzenden, het welke Eenpariglijk goed gevonden zynde
heeft men bij naspeuringe der Lasten en winsten deselve in vergelijkin„
„ge van het jongst gepasseerde Iaar bevonden als volgt, te weeten. —
d' Generaale Lasten van het boekjar :o 173/ te beragen :ƒ 3:16:8:
_„o _„o „ 173 1/7 „ _„ 145312: 4: —:
wes Halven dit boekjaer meerder Lasten dan a:o pass:o - - - - - - ƒ 7051: 7: 8:
Voorts zijnde winsten van A:opap:s gweet een somma van ƒ30973: 8: 8:
Ende winsten van dit Iaar - - - - - - - - - - - - - 128236: 15: —:
ofe zulxe dit Iongste Iaer minder Winsten dan A pass: - - - - - - - „ 2736:3: 8:
D' voorsz: vermeerderde Lasten en verminderde winsten bij den anderen
getrocken verthoonen dat men aan de beijde Compt: Siam en Ligoor
dit Iongste boekjaer in vergelijking van a:o pass:o bagtert is een somma
van - - - - - - - - - - - - - - - - - - - - - - - - - - - - - - ƒ9794:1:—
welke.
_„o"
NL-HaNA_1.04.02_8697_0175.xml,"155
1738
Siam onderdato 25:' Jannuarij
Van
Welke voorsz: gesamentlijke Lasten soo ten desen Comptoire als Pigoor, mitsg=s
de vermeerdering en vermindering van ider reeck: in't bijzonder en waer uijt ontstaen
hier agter volgende omstandig verthoond werden waar van Eerstelijk
D'ordinaire Randsoenen. . . . . . . bedraagen tot Siam ƒ 3134: 4: 8:
3950: 8: 8:—
„ Ligoor„ 816: 4:—
„sigoor „ 1967: 7:—: „ 7287:10:—:
„ligoor„ 984: 3:—„ 2982:14:—
958:—:—
„ligoor „ - -. . . . . . „ 958: —:—
„ligoor „ 1364:—3:—„ 11336:5:8:—
_„o „ Siam ƒ 1080:—:—
„ Ligoor „ 547: 4:—„ 1627: 4:—:
_„o „ Siam ƒ 6772: 9:—
„ Ligoor „ 606: 17:—: „ 7379: 6:—
:-„ 5340: 5:8:
„ Sigoor„
„ Equipagie van Scheepen. . - - . - /o „ Siam ƒ4078: 7: 8:
„ Ligoor „ 372: 3:—„ 4450:10:8:—
sommeert als vooren de gesamentlyke Lasten aan de beijde Comptoiren
in dit boekjaar A:o 172 2/7 tot - - - - - - - - - - - - - - - - ƒ 45312: 4: —:
daar van ten Comptoire Siam. . . ƒ38654: 3: —
_„o Slgoor. . . „ 6658: 1: —
komt als Vooren ƒ 45312: 4:-:
soo als hier ondervolgende ook nader zal blijken de vermeerdering en vermindering van
ider reeck: in't bijzonder en waer uijt ontstaan, daar van Eerstelijk —
Ten den Comptoire dit jaer A„o pass:o Iongstm:r / I:o minder
117: 2: 8:
D' Reek: van ordinaire randsoenen. . ƒ 3134: 4: 8: ƒ 3251: 7:—ƒ - . . . - „. . . . . ƒ
„ _„o „ soldijen. . - - - - - - - - - „ 5320: 3: —„ 5826:13:—„ - - - - „ - - - - „ 506:10:—
„ _„o „ ordinaire ongelden. . . . - „ 998:11:—„ 2106:11:—„ - - -„ - - - - - „ 108:—:—
„ _„o „ Extraord: _„o. . . . „ 958: — —„ 880: 3: —„ 77„17:—„- . . . . . . .
1 _„ „ schenkagien. . . . - - - - „9972: 2:8„8903:12:8„ 1068„10:—:- . - . - - . -
„ _„o „ Inlandse dienaaren maandgelden „ 1080: — —„1080:—:—„ - - - - „- - - - - „ - - - - - - - ..
„ _„o „ reparatie en Timmeragie. . . - „ 6772: 9:—„1414:— 8„ 5358:„ 8: 8„. - - - . . . ..
„ _„o „ last barcquen ongelden. . . . „5340: 5: 812923:9:—„ 2416:„ 16: 8„ - - - - - - - - ..
_„o „ Equipagie van scheepen. . . . . „ 4078: 7:8„37363:—„ 342„ 4: 8:- . . . . . . . .
Transporteere - - - . - . ƒ 9263„ 16:8: ƒ 731:12:8:-
„ Soldijen - - - - - - - - - - - adjdem, Siam ƒ 3320: 3:—:
„ Inlandse Dienaaren maandgelden.
„ Reparatie en Timmerragie - - - --
„ Last barcquen ongelden. . - - - _„o„ Siam ƒ 5340: 5: 8:
„ Ordinaire-ongelden. . . . . . _„o „ Siam ƒ 1998:11:—:
„ Extraordinaire _„o - - - - - - - - „ „ Ramƒ
„ Schenkagien. . . . . . . . _:o „ Siam ƒ 9972: 2: 8:
„"
NL-HaNA_1.04.02_8697_0176.xml,"1738
Van Siam onder dato 25 Jannuarij
Iongst meerder Iongst minder
P„r Transp:t ƒ 9263:16: 8: ƒ 731:12:8:—
Welk verminderde vande vermeerderde Ladtreek: afrekent „ 731: 12: 8:
soo blijft aan vermeerder de lasten ten desen Comptoire. . . - ƒ 8532: 4: —:
waar bij gevoegt de verminderde winsten in dit Jongste Jaer tot. . „ 2736: 13: 8:
sommeert, voor't pragterde ten dese comptoiren in't Jongte boetn ƒ 1268: 17: 8:
Van welk vermeerderde en verminderde Past reek: de waare oorsaken hier agter
volgens werden verthoond, en Eerstelyk wegens de vermeerderde
1
Laast reek: ten desen Comptoire, waer van
Extraordinaire ongelden Iongst vermeerdert tot ƒ. - - - - - - - - - - ƒ 77: 17: —:—
onstaen wegens het meerder vetreckte uijt Cassa tot praauw huuren als
Coelijloonen, waermede het opperhooft /:ter ordre van den koning en op
het versoek van den heer bercquelang :/ naar prabat is geweest.
Schenkagien, dit Iaar vermeedert tot een somma van - - - - - - - - - „ 1068: 10: —: —
herkomstig uijt het sagterde op de schenkagie goederen die A:o pass:o door
haar Edele groot agtb: aan den koning en berquelang van dit rijk
in geschenk zijn gezonden, Idem het onmijdelijk gesch: op dat
rouw beklagen der ovl: koningin, uijt de a:o pass:o aangebragte lij„
„waten, zijnde andersints dit jaar minder verschonken dan A:o pass:o
waar uijt ged:e vermeerdering blijkt.
Reparatie en Timmeragie Iongst vermeerdert tot - - - - - - - - - „ 5358: 8: 8: —
de oorsaak dese vermeerdering is herkomstig wegens d'nodige reparatie
die men dit Iaer heeft moeten doen, in het afbreeken van de
voorgevel deser Logie en het vermaken van het dak, mitsgaders Eenige
andere verhelpinge volgens g'Eerde qualificatie van haar Edele hoog
Agtb: de hooge Indiasche regeeringe bij missive van A:o 1736. —
Last barcquen ongelden, dit Iaer vermeerdert tot - - - - - „ 2416: 16: 8: —
oorspronkelijk uijt het bekostigde aan de beijde vaartuijgen d'chialoup„
Sigoor en de bercq: d'thingieter, soo inhet kielhaalen, calfaten brau„
„wen smeeren &=a, Item het vernieuwen den ten Eenemaal grot be„
„vondene wegering, het afbreeken der vergaane en door gebetene
verdubbeling, als het maken van een nieuwe combuijs op de barcq
mitsg:s het verstreckte aan Equipagie goederen, ammunitie
van Oorlog &a. aan beijde voormelte Vaartuijgen on voorko¬
„melijk heeft moeten geschieden
Transporteere. . . . . . . . . . . ƒ 8921:12:—:—"
NL-HaNA_1.04.02_8697_0177.xml,"157
Van Siam onder dato 25:' Jannuarij 1738
731:12:8:—
P„r Transport - - -
-ƒ8921:12:
Equipagie van scheepen Iongst vermeerdt: tot - - - - - - - - - - - „ 342: 4: 8:—
veroorsaakt uijt het meerder vertreckte uijt Cassa tot het inkoopen van
provisien voor de Chialoup Ligoor dat van hier over 't Comptoirtje Ligoor
bataviawaards op dato. . . pass:o is vertrocken dat anno
bevorens niet is geschied - - - - - - - - - - - - - -
sommeert de vermeerderde Lastposten als voren. . . . . . . . . . . ƒ 9263:16: 8:—
d'oorsaken der vermeerderde reek: aldus verthoond hebbende volgen nu
die dervermeerderde, en eerst de reek: van
Ordinaire Randsoenen Iongst vermindert tot
spruijtende uijt het weijniger verstrekte kost penn: aan diverse
mindere bediend:s als a:o pass:o, dat ook het verstreckte uijt
cassa ten Lasten deser reek: een vermindering uyt m=kt
van ƒ202:12:8 daer en tegen het meerder kostende
van provisien een somma van ƒ86: 10:- welk meerder van
het mindere afgetrocken zynde soo consteert ged:
mindere veragtering een montant van ƒ 117: 2: 8:—
Soldijen, desen Iaere vermindert ter somma van. ƒ 506: 19:—:
dat ontstaan is wegens de mindere mansz: desen
Iaere aan dit Comptoir weshalven ook de
verstrecking tot ƒ506: 10: — minder is geweest..
ordinaire ongelden Iongst vermindert tot. . . - - - „ 108: —: —
herkomstig wegens het minder betaalt uijt
cassa aan Eenigen coelijloonen als het min„
der verstreckte aan Equipagie goederen ammunitie
van oorlog &=a veleeden ten Lasten deser reek:
is afgegeven. . . . . . . . . . . . . . . —
d' voorm: verminderde Lastreek: van de voorsz: vermeerderde
Last posten afgetrocken ter somma van . . . . - - - - -„
komt als vooren de vermeerderde Lasten ten Comptoire Siam
dit boekjaar - - - - - - - - - - - - - - - - ƒ 8532: 4: —:—
Dat Transporteere
117: 2: 8:—"
NL-HaNA_1.04.02_8697_0178.xml,"Van Siam onderdato 25:' Jannuarij 1738
P„r Transport
-- - - ƒ 8532: 4:—
d'mindere winsten ontstaan door dien dit Iaer minder kleeden
En Lijwaten zijn vertiert dan a:o bevoorens, over sulxx minder ƒ 2736:13:8:—
winsten tot - - - - - - - - - - - - - - - - - - --
Het peragterde ten desen Comptoiren in dit boekjaer sommeert
als vooren-
- - - - - - - - - - - - - - - ƒ11268: 17:8:—
Volgen nu de vermeerderde in verminderde Last reeck: ten
Comptoire Ligoor, en daer van Eerst
dit jonste jaer A.:o pass:o Jongstmeerd:, I: minder
d' reek: van Ordinaire Randsoenen ƒ 816: 4:—ƒ 832:5: 8:ƒ. . . . . . . ƒ 16: 1: 8:
„ _„o „ Soldijen. . . . . . . „1968: 7: „ 695:3: —„ 277: 4: —:„. . . . . . . .
„ _„o „ ordinaire ongelden. . ƒ 934:3: „1592:4:8: - . - - -: „ 608: 1: 8:—
„ _„o „ Schenkagien. . . . . . „ 1364:3:—: 1476:12:8: - -. . . „ 112:14:—:
„ _„o „ Inlandse dienaaren maenden 517:4:„ 57:4:—„. - - - - - - „ - - - - - - -.
_„o Preparatie enTimmeragie ƒ 606:1:—„:1907:6:8: - - - - - „ 1300: 9: 8:
_„o „ Equipagie van scheepen „ 372: 3:—„ 86:17:—„ 285:6:—„—
d' vermeerderde en verminderde Last posten ten Compt:
Ligoor sommeeren een somma van. . . - - . . ƒ 562:10:— ƒ2037: 6:8:—
d' vermeerdering vande vermindering afgetrocken tot - - - - - - - - ƒ 562: 10: —
soo blijkt dat ten Comptoire Ligoor desen Jaere d' Lasten minder
is geweest als 't jaar bevoorens. . - - - - . . . . ƒ 1474:16:8:—
Waer van de reedenen naarspeurende bevond men
Eerstelijk wegens de reek: van
soldijen, dit jongste Iaar vermeerdert tot - - - - - - - - - ƒ 277: 4: —:
veroorsaekt wegens het meerder in dit Iaar aan a:o pass:o
verstreckt op reek: van winnende maandgelden aanden
secunde en afsistent aldaer dewelke in't voorige jaer
niet heeft genoten.
Equipagie van scheepen, dit jaar vermeerdert tot - - - - - ƒ 285: 6: —
ontstaen wegens het meerder bekostigde aan't schip
Groenewaerd, tot het inkoopen van Cadjong in steede
van 't bedurvene volgens verklaring op voorm: bodem
dat a:o pass:o niet is geweest. —
d' vermeerderde Pattposten tot Ligoor bedraagt - - - - ƒ 562:10:—:
Transporteere - - - ƒ 562: 10: —ƒ1268: 17: 8:—
--"
NL-HaNA_1.04.02_8697_0179.xml,"159
Van Siam onderdato 25:' Iannuarij A„o 1738
P„r Transport ƒ 562:10:— ƒ11268:17:8:
dusdanig de vermeerderde Lastposten aangethoond hebbende
soo treede tot die vande verminderde, en Eerstelijk van
ordinaire Randsoenen Iongst vermindert tot - - ƒ 16: 1: 8:
ontstaan wegens het minder kostende van
provisien als a:o bevoorens
ordinaire ongelden vermindert tot - - - - - ƒ608: 1: 8:
dese vermindering is veroorsaekt wegens de mindere
waerde van 2 p:s metale canons a:o 1735:
p:r 't schip TerHorst batavia waards
verzonden, en a:o pass:o tet ordre van den wel
Edele Heeren raden ordinair, en Extraordr
Adriaan valckenier, en Iohannes
Theedens Commissarissen of de zaeken
rakende de Generaale directie van nederl:d
India, dat comptoir aangereekent
en waar uijt ged:e vermindering ontstaen
Schenkagien, dit Jongste Iaer vermindert tot ƒ 112:14:—
Herkomstig wegens een geschenk aan den nieuwen
gouverneur a:o pass:o uijt cassa verstreckt Idem
het minder kostende der schenkagie goederen
in dit Iaar dan anno bevoorens dat gem:
vermindering uijtmaekt.
Preparatie en Timmeragie vermindert tot - ƒ 1300: 9: 8:
oorsaakt
rrdeerd wegens het in a. o pass:o uijt cassa meerder
verstreckt op dese reeckening als het kostende
van bouw materialen tot het repareeren
van 's Comp: Logiv en smeltloos, 't welk
dit jaar niet is geschied en waar uijt dese
vermindering spruijt. —
D' Vermeerderde Lastreekeningen voorm:t: van de vermeerderde
afgetrocken ter somma van - - - - - - - - - - - - - „ 2037: 6: 8:
soo blijkt dat in het Iongste Jaer op Ligoor minder sagtert
is dan A:o pass:o een somma van. . . . - - - - - - -. „. . - . . . „ 1474:16: 8:
Welke verminder de Lasten aan 't Comptortje Ligoor afgetrocken van
de vermeerderde d:os ten desen Comptoire, soo blijkt als vooren gesegt
is dat desen Iaare meerder veragtert is dan a:o pass:o Een
- -ƒ9794: 1:—
somma van - - - - - - - - - -
3
1"
NL-HaNA_1.04.02_8697_0180.xml,"Van Siam onder dato 25:' Jannuarij A:o 1738
d' gesamentlijke Last reek: aan d' beijde Comptoiren Siam en Pigoor
mitsg:s de oorsaken van derselver vermeerdering en vermindering aldus geresumeert
en verthoont zijnde is onderhope van haar hoog Edele groot agtb:
gunstige approbatie Eenpariglijk goedgevonden de voormelte Pastposten
op d' reek: van't Comptoir generaal te Lequideeren
Voorts bevond men op d' reeck: van
winst en verlies, inhet omsetten van 11461 p:s diverse klee„
„den en lijwaten geduurende dencours deser boeken ten desen
Comptoire bevoordeelt is een somma van - - - - - - - - ƒ28236:15: —:
op gelden, voor de behaalde advanc op de verstreckte soldij en
aan de m beijde Comptoiren in 12: maanden daar van
tot Siam . ƒ 313: —: —:—
„ L19001. - . „ 127:15:—
Het bevoordeelde op de verstreekte soldijen aande beijde
Comptoiren in 12: maanden bedraagt - - - - - - - - - „ 440: 15:—:
Wijders sijnde restanten bij het sluijten der negotie boekjes aande beijde
Compt: geresumeert en bevonden te bestaen inde volgende namentlijk —
Tot Siam
a: Contant in siamse mund - - - - - - . . . . . :s 160: 2:15 :/ ƒ 2961:10:—:
„ Goud - - - - - - - - - - - - - - - . - -. -r 348 17/16. —. „ 1916: 17: —:-
:
„ thin. . - - - - . . . . . . . . . . . . ld 75317: —:
„24801: 19:—:
„ Sappanhout. . . . . - - - - . . . . . . . . . „ 177261: —:—„ 32644:10: 8:
619: —: — „ 712: 8: —:
„ Eliphants tanden. . . . . . . . . . . . . . . „
„ Gomlak op stokjes. . . . . . . . . . . . . . . . . „ 2860:— — „6276:16:—
„ kleenigheeden voor batavia - - - - - - - „ - - - - - - „ 52: 4:—
„ moerissen roode Cust. . . . . . . . . . . . s 400: - . . „ 632: 1: 8:
„ Salempoerissen _„o. . . . . . . . . . „ 960: —: „ 8060: 17: 8:
Transporteere . - - - ƒ 2659: 3: 8:"
NL-HaNA_1.04.02_8697_0181.xml,"161
Van Siam onder dato 25. ' Iannuarij A„o 1738
P„r Transport . . . ƒ 36159: 3: 8:
g' Hamans Grove bengaals - - - - - - - - p:s 1380: —:—
— „ 10276. 3: —:
„ 11009: 4:—:
„ zanen
9„
„ Gerrassen „ „ - - - - - - - „ 4000:—:—: —„ 13301:10:—:
397: —: —:
„ photassen
„ - - - - - - - - „ 100:—:—:—„
„
„ d' Koning van Siam „. . . . . . . . c:ao 17241:18: 5 1/9„247956: 1:—:
„ openstaende reek: - - - . . . - - - . . . . . . . . - „ 125:17: 2: 8:
„ ongelden opkoopmansz: - - - - - - - - - - - - - „ 8455: 16: 8:
„ schenkagie goederen - - - - - - - - - - - - - - . . . . „ 1417: 4: —:
„ provisien - - - - - - - - - - - - - - - - - - - - „ 828: 14: —:
„ schrijftuijg - - - - - - - - - - - - - - - - - - - - - - - „ 107: 11:—
„ ammunitie van oorlog – – – – – – – – - - - . „ 505: 2: —
„ medicamenten
„ vlagge doeken in soort - - - - - - - - - - - - - - „ 139 18: —
„ ijser instaven - - - - - - - - - - - - - - - - „ 29: 1: 8:
„ plat staal – – – – – – – – – - - – – – – – – - „ 10: 5: —:
„ spijkers in soort - - - - - - - - - - - - - - - - - „ 111:16:—
„ rotting Iava - - - - - - - - - - - - - - - - - „ 198: 14: 8
D' Restanten desen Comptoire sommeeren - - - - - - - - - ƒ 1: —
En tot L19001.
„ spijkers in soort - - - - - - - - - - - - - - - - - - - - -„
_„o. . . . - - - „ 2500: —.
„ Equipagie goederen - - - - - - - - - - - - - - - - - - . „ 1199: 8: 8:
„ diverse gereetsz: - - - - - - - - - - - - - - - - . . . „ 3488: 16: 8:
1 huijs meublen - - - - - - - - - - - - - - - - „ 211:13: —:
â Contanten in siamse mund. . . . . . . . . . . . . ƒ 46065:13: 8:
„ openstaende reek: - - - - - - - - - - . - „ 4161: 12: —:
„ Schenkagie goederen - - - - - - - - - - - - - - „ 802:16: 8:
„ provisien - - - - - - - - - - - - - - - - - „ 90: 13: 6:
„ medicamenten - - - - - - - - - - - - - - -. . . . „ 102: 6: 8:
„ ammunitie van Oorlog - – – – – – – – – - - -. „ 3980: 2: —
„ Equipagie goederen - - - - - - - - - - - - - - „ 223: 16: 8:
„ schruijftuijg - - - - - - - - - - - - - - - „ 39: 11: 8:
„ diverse gereetsz:. - - - - - - - - - - - . . . . „ 1878: 9: 8:
„ ijsere smelt pannen. - - - - - - -. . . - - . . . . „ 28: 16: —:
„ ijsere giet Lepels - - - - - - - - - - - „ 12: 14:—:
- – – - - - - - - - - - - - . „ 129: 10: 8:
D' Restanten ten Comptoire Ligoor bedragen
Somma d' restanten onder ult:o augustus A:o 1737
Tot Siam en ligoor monteeren te samen. . . . . . . ƒ695844: 7:—
- - - - ƒ 57394:12:—
ƒ632149:15:—
De Welke.
8: —: 8:
--"
NL-HaNA_1.04.02_8697_0182.xml,"Van Siam onder dato 25:' Jannuarij 1738
De welke heden ten Lasten d' beek: van 't Comptoir generaal gebragt werden omme
op morgen bij de nieuwe handelboekjes daar van weder te ontheffen en naar behooren
cours te Laten neemen
Eijndelijk zijn bij de soldij boekjes deses Comptoirs door d' volgende Persoonen perslot
van reek: te quaat gebleven; als namentlijk
Pieter vander Vlam van Leijden, Hooploper - - - - - - ƒ175:—:—
Willem kool. - - . . „ Dort, Leggermaeker. . . . . „ 16: 18: 10:—
niet ontstaan door een teruijme verstrecking maar door het te quaat
aangebragt ten desen Comptoire
verhoopende het een en ander voorsz: door haar hoog Edele groot agtb: gunstige
approbatie te Erlangen
Aldus gedaan en beslooten Tot Siam in't N:ts Comptoir
Iudja, dage maand, en Iaare voorsz: /: was getekent:/
TTheodorus Jacobus van den Heuvel
W=„m d' Glij, en N„s Bang
Translaat schuldkennisse verleend door de
Factoiren, van't Siamshof de Clang naij
En Clang wisit aan d'E: Comp: in dato 27:' meij 1737.
Vrijdag den 11:' van den afgaande maane der sesde maand van
het kleene slange Iaer nade Siamse tijd reeckening het
een duijsent agt en negentigste Iaar den oluang radaij hoofd
van de clang naij, oluang raxa sombat derde persoon van den
bercq: coensirat navat zegel bewaarder van gem: clang
meun radna pimoen meuntjan en meun in haijtjang, als
bediendens van 's konings Clangen, in de tolang clang of
bercquelangs zaale, bij een gekomen zijnde, om met den
secunde deses Comptoirs den ondercoopman Willem
D' Glij, benevens de assistenten Nicolaas
Bang, en pieter hous, als gecommitt:s mits„
„gaders 's E: Comp: tolken Coentrompanit en
meun wisit pasa, de hof schuld te confronteeren, waer
bij men bevond dat in volgens afreek: van 22:' Iann:
A„o 1735. 's konings agterstal nog verbleeven is
In
-"
NL-HaNA_1.04.02_8697_0183.xml,"163
Van Siam onder dato 25:' Jannuarij 1738
in contant . . . . . . . . - . . . . . C: 274:5:3: 1/8
„ thinbh 379. 159:7 7/90 - - - - - - - - „ 303:12:8:½
„ Sappanhout pircolsƒ 24377:20:14. . . . - -„ 625: —:12 /¾6:1202:18:8: 1/18
'T zedert welken tijd op ged:t schuld nog vermeerdert
is wegens het weder Geschenk van Ao
1736. en 1737. het verstreckte aan de paarde
Kopers, Idem Voor A:o 1736: aangebragte
kleeden, Lijwaten, en 30 pic:s cauris bedraegt
in contant--
- - - - - - c:o 2704:4: ½
„
„ thin bl: 419:11:8:¼. - - - - - - - - - „ 335:4:9:/8
„ sappanh:t picol 18435:13: 6 1/3. . . . . . . „ 3363:10 1/8
„ 940:12: 9: /4:
Somma r„o 2142:1: 1:1/9:
Waer van het betaalde 't zedert den 22:' Jann:
A:o 1735 afgetrocken zijnde, te weeten. —
:. - - - - - - - . . C:s 274: 5: 3 1/3
in Contant.
. .
„ thin bl: 279: 159: 7 7/90 - - - - - - - - „ 303:12:8: 72/
„ Sappantout picols 18340. . . . . . . . „ 334:3:10:1:„ƒ 912:16:—
soo blijkt dat zijn majesteijts agterstal onder
huijdigen datum nog monteert. —
in Contant - - . - - - - - - - . . . C: 270:4:4:½
„thin bh: 419:11:8¼ . - - - - - - - -. „ 335:4:9: 1/3:
„ Sappanh:t pic: 4432:24: 4 1/½. . . . -. . . „ 626: —13 1/8: „ 1231:9: 1: 1/18:
Inteeken der waarheijt hebbende clang bediend:s dese schuld„
„kenisse aanden secunde voormelt verleend en met
de zegels haarer bediening bevesitigd /:onderstond:/
Aldus door het voorlesen van 's Comp: tolken uijt de Samse
Taale inhet nederduijts getranslateert tot Siam
in't N=ts Comptoir Iudja, ten dage maand en
Iaare voorsz: /:lager:/ door mij /:was geteekent:/
N„o Bang /:onderstond:/ Accordeert
/:geteekent:/ N„s Bang.
afreekening"
NL-HaNA_1.04.02_8697_0184.xml,"Van Siam onder
173521: Jann: is de schuld des konings volgens schuld kenisse van de langs bediendens nog Vbleeven
1736: 10: Feb„j het wedergeschenk van den vorst voor d'anno passo: aangebragte schenkagie goederen - - - - -
„ het verstreckte aande paarde koopers tot rd„s 2100 stux - -
-
1
„
„ ult:o aug„s d' a:o pass:o aangebragte kleeden en lywaten „ „ 15950 _„o waer v: 60 ps salempoerissen roode kust
meerder en 10 p:s zaanen bengaals minder zijn als bij de laaste controntatie is algereekent
1757:14: Jan: het wedergeschenk van zijn majesteijt vorde A:o 1736. angebragte schenkagie goederen. . . . . .
—:'t weeder — „ 1 den Vorst 30: picols off 3540 lb louris - - - - - - - - - - - - - - - -
„ „
't welk bij de schuld deskonings komt - - - - - - - - - - _ _ - - - - - _
Waer van afgaat 't geene sedert 2 Jann: a:o 1735 in mindering : sin majitegt rek:/ ontfa
Weshalven de waare schuld deskonings volgens confrontatie met ge:t guwelangs onder huij
1735: 2 Jann: Verbleet de schuld van heer berquelang - - - - - - - - - - - _ _ _ _ _ _ N:o A No 2.
1736:10: feb: voor het weder geschenk van dien heer voor dat Jaar - - – – – – - - - - - „ 21 „ 3
1737:14: Jann: het weder geschenk van die Iongst afrgeleveerde schenkagie goederen en 4picols Couris. „ 3.
somma. . . ..
Waer van afwreeken het geene zedert de Jong ste afreek: alhier ontfangen is tot - - -.
Soo pblijft de schuld van den heer berequelang onder dato deses nog - - - - - - .
Somma, de schuld van den Koning
Siam in't N„t Comptoir, Datum
Afreeckening Gehouden met de Bediendens
Willem d' Grij, benevens Dasistenten. . . . .
22"
NL-HaNA_1.04.02_8697_0185.xml,"165
Dato 25: Jannuarij
1738
A„o
In Sappanhout
65:10 ƒ1609:3:141/0
„naij en Clang
van 's Konings Thiesorie de Clang, „ wisit door den onder Coopm:
Nicolaas Bang, en Pieter Hous, Indato 27: meij A:o 1737. —
In sappantout
Insappanhout In Contant Inthin
Inthin
in contant
Cattijstch: maas bhaaren Cat:s teijlen picols Catijfslijlen atijs : aken bhaaren latjst. picols Catt:t hob:
. . . . . . . . . . . . . . . . . . . . . . . . . . . . . . . . / 274: 5:3:/8: 379: 159:13/10 34577:20:4:—
. . . . . . . . . . . . - -. . . . . . „ 40: 134: —:ƒ 1776:95: —:
16: 12:14: : 721:87: 8:
320:801:4: 14091:147: 1/3:
40:217: 8: ƒ 1796:18:15
1: 28: 2:ƒ 48:12:8
– . – . . . . . . . „ — 17: 8:
. - - - - . 270:4:4:1/3. 49: 11:84 18435:136:1/6:
Somma e 549:7:1/: 98: 17: / 52812:34 4: 1/
. . . . . . . . . . „ 274:53:1/6. 379 154: 3/6 18880: —: —:
t rek: ontfangen is tot.
..
-
-
„
. . . . . . . . c„s 2704:4: 1/½: ƒ 419: 11: 84 34432:34:1: /½
sonder huijdigen datum nog monteert -
In Eliphants tanden Inttin
picols Catt:s th:
blaaren Catijs l.
picols
No 1 - - - - - - - - - - - - - - -.
909:10:—: 1/10.
12:186:3:
5291: — „ 53831:1: 1/5
1: 92:—:
No 4 No 2. . .
161:2:12: 1/3.
3: 204 —: 18.
„ 25 „ 3. - - - - - - - - - - - - - -
„. 3.
1 - - – – – – – –192:—:
22:84:3: 3/8 1609:3:14 1/18
1:92:—: 22:18:9: 7/8. - - - - - - - - -
En Bereque lang bedraagt Tesamen C: 270:14:4:1/8: 49:17: 2„ 3604163:2: 1/
Wm EGlij.—
Voorschreeven /getekent:/
. . C: 13: 2: 8
eekert - . - „ 256: 4: 4: 13.
. . . . . . . — — — . — — —. „
– – – – – – – – – – – – – – – – - – – – – – – - – – – – - -
– – – - - - - - - - - - - - - . . -
Batavia
leeven
ust
.
. . ..
-
-
ƒ"
NL-HaNA_1.04.02_8697_0186.xml,"Van Siam Den 25 Iannuarij A:o 1738
ontfangen per 't Land van
beloften den 2' april 1738
Batavia
Aan zijn hoog Edelheijt
Den wel Edelen grot agtb: Heere
Adriaan Valckenier
Gouverneur Generaal, benev„s
De Wel Edele Heeren Raaden
Van Nederlands India
Hoog Edele Erntfeste groot agtb:
manhafte wel wijze, verresiende en
seer genereuse Gebiedende Heeren
aangezien den heer bercquelang so aanstonds en na
dat de papieren al geslooten waeren een brief sent
om particuliere en niet bij 'sComp:s papieren te ver„
„zenden na suratte: en den ondergeteekenden onder„
regt is geworden, dat ged: briefs inhoud ten princi„
„paelen bestaet in groote beloften, en, opgave van tols
vrijheijt om de suratse coopluijden, die in geen
twee Jaeren hier zijn geweest, en dit Land om de
„gruwelijke aan haar gepleegde extordien hebben ver„
Laeten weder herwaarts te troonen en aan te locken,
dat gansch niet voordeelig voor de Comp: zoude
weesen en den handel hier stooren
Soneemt hij de vrijheijt uw hoog Edelens
dien bij desen ootmoedig op te draegen ten Eijnde
den zelven g'oopent en getranslateert weesende
/:dat men hier niet heeft durven onderstaen nog
aan iemant vertrouwen /: uw hoog Edelens
niet./"
NL-HaNA_1.04.02_8697_0187.xml,"167
Van Siam Den 25:' Jannuarij A:o 1738
Per het schip 't
Land van beloften
niet alleen hier vande waerheijt, maar ook de innerlijke
gesteltheijt des konings ter welkers Expresse ordre is
vervaerdigt moogt ontdecken, mitsgaders sodanige
mesures neemen als uw hoog Edelens zullen bevin„
„den te behooren. —
dog bidde onderdanig inden aanstaenden brief aan den
berequelang te willen schrijven dat desen briev voort
gezonden is ten Eynde den ondergeteekenden bij hem
in vertrouwen en Credit blijft. —
terwijl met het alderdiepste respect is /:onderstond:/
Hoog Edele, Erntfesten groot agtb:re manhafte,
welwijze verresiende en seer genereuse gebiedende
Heeren /:lager:/ uw hoog Edelens onderdanigen
En gehoorsamen Dienaer /:was geteekent:/ J„s
I:bs van den Heuvel /:in margine:/ Siam in't N„ts
Comptoir Iudja den 25 Jannuarij A:o 1738 —
Batavia
Aan zijn hoog Edelheijt
Den Wel Edelen groot Agtb: Heere
Adriaan Valckenier
Gouverneur Generaal, benev„s
D'Wel Edele Heeren Raaden van
Nederlands India
Hoog Edele Erntfeste, groot agtb:
manhafte, welwijze verresiende, en
seer genereuse Heeren
Hoog Gebiedende Heeren
In /."
NL-HaNA_1.04.02_8697_0188.xml,"Van Siam Den 25:' Jannuarij A:o 1738
Ingevolge uw wel Edele hoog Agtb: veel g'agte ordre
dient met alle onderdanige Eerbied tot communicatie
dat wij desen bodem soo wel op zijn aankomst als
vertreckt door gecommitteerdens behoorlijk hebben
Laten visiteeren, en in de zelve voor soo verre haer„
„Lieden is voorgekomen geen particuliere goederen
ondekt zijn geworden, mitsgaders soodanig diep gaen„
„de bevonden als uw Edele hoog agtbare bij de
ingeslotene rapporten aan ons dier wegens ter
hand gestelt, en dese in Copias autenticq zijn
verzellende, sal komen te blijken waermeede ver¬
„hopen uw: wel Edele hoog agtbaere veel g'eerde
ordre ten desen te hebben volbragt en verblijven
met ootmoedige Eerbied /:onderstond:/ Hoog
Gebiedende Heeren /:lager:/ uw: wel
Edele Hoog agtbare onderdanige en
„deringe dienaaren /:was getekent:/ T:s
Iacobus van den Heuvel, Willem
D' Glij, Nicolaas Bang /:in
margine:/ Siam in't N„s Comptoir Iudja
Adie Jannuarij A:o 1738.
Rapport Aan d E: E: Heer
Theodorus Jacobus van den
Heuvel, koopman en opperhooft
over den Handel der E: Comp:
benevens den Raad. —
Door."
NL-HaNA_1.04.02_8697_0189.xml,"169
Van Siam onder dato 25 Iannuarij A„o 1738
Erntfeste voorsiende En seer discreete
Door uw E: E:s g'ordonneert en na deese rheede afgezon„
„den zijnde om het schip 'T Land van betoften
behoorlijk te visiteeren soo dient dierwegens met
Eerbied, dat wij ondergeteekende na dies verrigtinge
Voor soo verre hebben kunnen ontdecken geen particu„
„liere goederen in ged: bodem hebben gevonden, en op
zijn aankomst ter deser rheede is diep gaende voor
vijfthien en agter sesthien voeten met welk een
en ander vermeenen aan UwE: E„s g'Eerde beveelen
ten vollen te hebben voldaan in verwagtinge van dien
verblijven met veel Respect /:onderstond:/ Erntfeste
voorsiende en seer Discreete /:lager:/ uwE: E„s
gehoorsame dienaaren /:getekent:/ W„m d' Ghij, en
Floris van Essen /:ter zijde:/ Ter rheede Riam
Den 3:' December A„o 1737.
Rapport aan d' E: E: Heer
Theodorus Jacobus van den Heuvel
koopman en opperhooft over den handel
der E: Comp: benevens den raad
Erntfeste voorsiende en seer Discreete
Door uw E: E:s g'ordonneert en na dese rheede afgezondene
zijnde om 't schip 't Land van beloften, behoorlijk te visiteeren
soo dient dierwegens met Eerbied dat wij ondergeteeken„
„de na dies verrigtinge voor soo verre hebbe kunnen
ontdecken geen particuliere goederen in ged: bodem
hebben gevonden en op zijn vertreck van dese rheede is
diep gaende voor seventhien en agter agthien voeten,
met welk een en ander vermeenen aan uw E: P:s g'eerde
beveelen ten vollen te hebben voldaan in verwagtinge van dien
verblijven met veel respect /:onderstond:/ getekent:/ als Vooren
/Ter zijde / ter rheede Siam, den 4:' Jannuarij A„o 1738.
Translaat"
NL-HaNA_1.04.02_8697_0190.xml,"Van Siam Den 25:' Jannuarij A:o 1738
Ingevolge uw wel Edele hoog Agtb: veel g'agte ordre
dient met alle onderdanige Eerbied tot communic.
dat wij desen bodem soo wel op zijn aankomst als
vertreckt door gecommitteerdens behoorlijk hebbe„
Laten visiteeren, en in de zelve voor soo verre ha
„Lieden is voorgekomen geen particuliere goederen
ondekt zijn geworden, mitsgaders soodanig diep ga
„de bevonden als uw Edele hoog agtbare bij
ingeslotene rapporten aan ons dier wegens te
hand gestelt en dese in Copias autenticq zijn
verzellende, sal komen te blijken waermeede ver
„hopen uw: wel Edele hoog agtbaere veel g'eer
ordre ten desen te hebben volbragt en verblijve„
met ootmoedige Eerbied /:onderstond:/ Hoog
Gebiedende Heeren /:lager:/ uw: wel
Edele Hoog agtbare onderdanige en
„deringe dienaaren /:was getekent:/ T:
Jacobus van den Heuvel, wille¬
D' Glij, Nicolaas Bang /:in
margine:/ Siam in't N„s Comptoir Iudjo
Adie. . . . . Jannuarij A:o 1738.
Rapport Aan d' E: E: Heer
Theodorús Jacobus van den
Heuvel, koopman en opperhooft
over den Handel der E: Comp:
benevens den Raad. —
Door"
NL-HaNA_1.04.02_8697_0191.xml,"169
Van Siam onder dato 25 Jannuarij A„o 1738
Erntfeste voorsiende En seer discreete
Door uw E: E:s g'ordonneert en na deese rheede afgezon„
„den zijnde om het schip 'T Land van betoften
behoorlijk te visiteeren soo dient dierwegens met
Eerbied, dat wij ondergeteekende na dies verrigtinge
Voor soo verre hebben kunnen ontdecken geen particu„
„liere goederen in ged: bodem hebben gevonden, en op
zijn aankomst ter deser rheede is diep gaende voor
vijfthien en agter sesthien voeten met welk een
en ander vermeenen aan Uw E: E„s g'Eerde beveelen
ten vollen te hebben voldaan in verwagtinge van dien
verblijven met veel Respect /:onderstond:/ Erntfeste
voorsiende en seer Discreete /:lager:/ uwE: E„s
gehoorsame dienaaren /:getekent:/ W„m d' Ghij, en
Floris van Essen /:ter zijde :/ Ter rheede Riam
Den 3:' December A„o 1737. —
Rapport aan d' E: E: Heer
Theodorus Jacobus van den Heuvel
koopman en opperhooft over den handel
der E: Comp: benevens den raad
Erntfeste voorsiende en seer Discreete
Dooruw E: E:s g'ordonneert en na dese rheede afgezondene
zijnde om 't schip 't Land van beloften, behoorlijk te visiteeren
soo dient dierwegens met Eerbied dat wij ondergeteeken„
„de na dies verrigtinge voor soo verre hebbe kunnen
ontdecken geen particuliere, goederen in get: bodem
hebben gevonden en op zijn vertreck van dese rheede is
diep gaende voor seventhien en agter agthien voeten,
met welk een en ander vermeenen aan uw 3: P:s g'eerde
beveelen ten vollen te hebben voldaan in verwagtinge van dien
verblijven met veel respect /:onderstond:/ getekent:/ als vooren
/Ter zijde / ter rheede Siam, den 4:' Jannuarij A„o 1738.
Translaat"
NL-HaNA_1.04.02_8697_0192.xml,"Van Siam Den 25:' Jannuarij A:o 1738
Ingevolge Uw wel Edele hoog Agtb: veel g'agte ordre.
dient met alle onderdanige Eerbied tot communic
dat wij desen bodem soo wel op zijn aankomst als
vertreckt door gecommitteerdens behoorlijk hebbe
Laten visiteeren, en in de zelve voor soo verre h
„Lieden is voorgekomen geen particuliere goederen
ondekt zijn geworden, mitsgaders soodanig diep ga
„de bevonden als uw Edele hoog agtbare bij
ingeslotene rapporten aan ons dier wegens te
hand gestelt, en dese in Copias autenticq zijn
verzellende, sal komen te blijken waermeede ver
„hopen uw wel Edele hoog agtbaere veel g'eer
ordre ten desen te hebben volbragt en verblijve
met ootmoedige Eerbied /:onderstond:/ Hoog
Gebiedende Heeren /:lager:/ uw: wer
Edele Hoog agtbare onderdanige en
gderinge dienaaren /:was getekent:/ T:
Jacobus van den Heuvel, wille
D' Glij, Nicolaas Bang /:in
margine:/ Siam in't N„ts Comptoir Iudja
Adie. . . . Jannuarij A:o 1738.
Rapport Aan d'E: E: He
Theodorús Jacobus van den
Heuvel, koopman en opperhooft
over den Handel der E: Comp
benevens den Raad. —
Door
a"
NL-HaNA_1.04.02_8697_0193.xml,"169
Van Siam onder dato 25 Iannuarij A„o 1738
Erntfeste voorsiende En seer discreete
Door uw E: E:s g'ordonneert en na deese rheede afgezon„
„den zijnde om het schip 'T Land van betoften
behoorlijk te visiteeren soo dient dierwegens met
Eerbied, dat wij ondergeteekende na dies verrigtinge
voor soo verre hebben kunnen ontdecken geen particu„
„liere goederen in ged: bodem hebben gevonden, en op
zijn aankomst ter deser rheede is diep gaende voor
vijfthien en agter sesthien voeten met welk een
en ander vermeenen aan UwE: E„s g'Eerde beveelen
ten vollen te hebben voldaan in verwagtinge van dien
verblijven met veel Respect /:onderstond:/ Erntfeste
voorsiende en seer Discreete /:lager:/ uwE: E„s
gehoorsame dienaaren /:getekent:/ W„m d'Ghij, en
Floris van Essen /:ter zijde :/ Ter rheede Riam
Den 3:' December A„o 1737.
Rapport aan d: E: E: Heer
Theodorus Jacobus van den Heuvel
koopman en opperhooft over den handel
der E: Comp: benevens den raad
Erntfeste voorsiende en seer Discreete
Door uw E: E:s g'ordonneert en na dese rheede afgezondene
zijnde om 't schip 't Land van beloften, behoorlijk te visiteeren
soo dient dierwegens met Eerbied dat wij ondergeteeken„
„de na dies verigtinge voor soo verre hebbe kunnen
ontdecken geen particuliere goederen in get: bodem
hebben gevonden en op zijn vertreck van dese rheede is
diep gaende voor seventhien en agter agthien voeten,
met welk een en ander vermeenen aan uw E: P:s g'eerde
beveelen ten vollen te hebben voldaan in verwagtinge van dien
verblijven met veel respect /:onderstond :/ getekent:/ als Vooren
/Ter zijde / ter rheede Siam, den 4:' Jannuarij A„o 1738.
Translaat"
NL-HaNA_1.04.02_8697_0194.xml,"Van Siam Den 25:' Jannuarij A:o 1738
Ingevolge uw wel Edele hoog Agtb: veel g'agte ordre
dient met alle onderdanige Eerbied tot communic
dat wij desen bodem soo wel op zijn aankomst als
vertreckt door gecommitteerdens behoorlijk hebbe
Laten visiteeren, en in de zelve voor soo verre
„Lieden is voorgekomen geen particuliere goederen
ondekt zijn geworden, mitsgaders soodanig diep ga
„de bevonden als uw Edele hoog agtbare bij
ingeslotene rapporten aan ons dier wegens te
hand gestelt, en dese in Copias autenticq zijn
verzellende, sal komen te blijken waermeede ve
„hopen uw: wel Edele hoog agtbaere veel g'ee„
ordre ten desen te hebben volbragt en verblijve
met ootmoedige Eerbied /:onderstond:/ Hoog
Gebiedende Heeren /:lager:/ uw: wer
Edele Hoog agtbare onderdanige en
„deringe dienaaren /:was getekent:/ T
Jacobus van den Heuvel, wille
D' Glij, Nicolaas Bang /:in
margine:/ Siam in't N„ts Comptoir Iudtj
Adie. . . . Jannuarij A:o 1738. —
Rapport Aan d E: E: He
Theodorús Jacobus van den
Heuvel, koopman en opperhooft
over den Handel der E: Comp
benevens den Raad. —
Door
Pe"
NL-HaNA_1.04.02_8697_0195.xml,"169
Van Siam onder dato 25 Jannuarij A„o 1738
Erntfeste voorsiende En seer discreete
Door uw E: E:s g'ordonneert en na deese rheede afgezon„
„den zijnde om het schip 'T Land van betoften
behoorlijk te visiteeren soo dient dierwegens met
Eerbied, dat wij ondergeteekende na dies verrigtinge
Voor soo verre hebben kunnen ontdecken geen particu„
„liere goederen in ged: bodem hebben gevonden, en op
zijn aankomst ter deser rheede is diep gaende voor
vijfthien en agter sesthien voeten met welk een
en ander vermeenen aan UwE: E„s g'Eerde beveelen
ten vollen te hebben voldaan in verwagtinge van dien
verblijven met veel Riespect /:onderstond:/ Erntfeste
voorsiende en seer Discreete /:lager:/ uwE: E„s
gehoorsame dienaaren /:getekent :/ W„m d' Ghij, en
Floris van Essen /:ter zijde:/ Ter rheede Riam
Den 3:' December A„o 1737.
Rapport aan d' E: E: Heer
Theodorus Jacobus van den Heuvel
koopman en opperhooft over den handel
der E: Comp: benevens den raad
Erntfeste voorsiende en seer Discreete
Door uw E: E:s g'ordonneert en na dese rheede afgezondene
zijnde om 't schip 't Land van beloften, behoorlijk te visiteeren
soo dient dierwegens met Eerbied dat wij ondergeteeken„
„de na dies verrigtinge voor soo verre hebbe kunnen
ontdecken geen particuliere goederen in get: bodem
hebben gevonden en op zijn vertreck van dese rheede is
diep gaende voor seventhien en agter agthien voeten,
met welk een en ander vermeenen aan uw E: P:s g'eerde
beveelen ten vollen te hebben voldaan in verwagtinge van dien
verblijven met veel respect /:onderstond:/ getekent:/ als vooren
/Ter zijde / ter rheede Siam, den 4:' Jannuarij A„o 1738.
Translaat"
NL-HaNA_1.04.02_8697_0196.xml,"Van Siam onderdato 25:' Jannuarij 1738
Translaat malaijse briev
Geschreeven door den Oija barka„
„lang van Siam uijt name
en van wegen der selver Coning
aan Haar hoog Edelheedens
de hoge Indiase regeering te
Batavia ontfangen den 3:'
april 1738.
Desen briev van Faupea serri dermarat
detja tjaat amat tiantjaat Pipit catna
raat kosa te boedie apea perri bora kroma
palok tjauwpea barkalang komt aan den
heer Gouverneur generaal Adriaen Valckenier
die van wegens d' Comp met en benevens de raden
van India het gesag en bewind voeren off geheel
India en nademaal deselve uijt een suijver en
genegenherte tot sijn hoog aansienlijk majesteijt
Somdat boroma boepit pra oepoe detjoe
d'joehoewa onse Genadigen souverain hunne
briev en geschenken vervaardigt en doorbestelling
van den schipper van 's Comp:s schip naar Siam
overgezonden hebben, met versoek om door mij
aan zijn hoog aansienelijk majesteijt te werden
geoffereerd, soo is naar dat de inhalinge van 't
Een en ander volgens de aloude gebruijkelijkheijt
Was."
NL-HaNA_1.04.02_8697_0197.xml,"171
Van Siam onder dato 25:' Jannuarij A„o 1728
Was geschied, zulx ook g'Effectueerd, onder bekentmaking
van de dood van den gouverneur generaal Abraham
Patras ende successie van Adriaan valcke„
„nier in desselvs steede als gouverneur generael
om benevens de raden van India de saken te
Batavia te bestieren 't welk zyn hoog aan„
„sienlijk majesteijt onse gehadigen souverain seer
behaagelijk was te verstaan en wel voornamentlijk
over de betuijging die den gouverneur generaal Ad:m
Valckenier, en de raden van India bij die
brief quamen te doen te weeten dat genegen wae„
„ren den weg van onderlinge vriendschap met het
Siamse rijk te Cultiveeren en den volgende
versogte dat Comp:s affaires mogten gefavoriseerd
en begunstigd worden, soo is het dat bij aldien
den gouverneur generaal Adriaan Valckenier
ende raden van India verstandiglijk hande„
„len ingevolge den inhoud der Contracten en niet
aangaan teegens de Siamse Wetten en maxi„
„men, maar den weg van onderlinge vriendschap
in allen deelen op regtiglijk op volgen en onderhou„
„den soo zullen Comp:s affaires tot Siam en
Ligoor, meer en meer gefavoriseerd en daer
omtrent de behulpsame hand geboden worden
ten Eijnde alles bestendig blijven soo als
geweest is jn voorige tijden, en de winsten
meer./"
NL-HaNA_1.04.02_8697_0198.xml,"Van Siam onder dato 25: ' Jannuarij 1738
meer en meer mogen zijn dan wel accresseeren, naar
den wensch van den gouverneur generaal ende raden
van India
alle verdere zaken worden in't breede verhandeld bij
den brieff van den oija barkalang, dierhalven
werd ter onderhoudinge van den weg tanonderlinge virend
en bontgenootschap tussen zijn hoog aansienlijk majes„
„teijt Babat somdat boroma Copit pra oepoe
detjoe djoehoewa; onse genadigen souverain met
den prins van oranje, en omde goede Intelligentie
tusschen mij en den gouverneur generaal Adriaen
valckenier, de directie aller saaken gedefereerd
gelaten aan de wijze, en verstandige beschickinge van
den gouverneur generaal Adriaan
valckenier ende Raden van India
Geschreeven op donderdag den tweeden dag van
de tweede maand In't Slangen Iaer - /:onderstond:/
voorde oversetting /:getekent:/ J„s Simong. —
Translaat Malaijse briev
geschreeven door den Oija barckalang
van Siam, aan Haar hoog Edelens
de hoge Indiasche regeering te batavia
ontfangen den 3: april 1738
Deesen briev van Tjauwpea serri dermaraat
detjaa„"
NL-HaNA_1.04.02_8697_0199.xml,"173
Van Siam onder dato 25:' Jannuarij 1738
Detjaa tjaat amat tiantjaat pipit Ratna
vaat kossa taboedie apea peribora kroma
pahok tjouwpea barkalang, die een suijver
en genegen hert is toe gedraagen tot den gouver„
„neur generaal Adriaan Valckenier
den bestierder van 's Comp:s saken in India, om
dat den gouverneur generaal Adriaan Valckenier
ende raden van India uijt een geneege herte tot sijn
hoog aansienelijke majesteijt Somdat boroma
bopit praoepoe detjoe djoehoewa onse gena„
„digen souverain hunne brieven geschenken vervaar„
„digt en met Comp schip door bestel van den
schipper na Siam hebben gezonden /:zijnde
deselve alhier aangekomen op Woensdagh
den 20: dag van de Eerste maand in't slangen
Iaer :/ met versoek aan mij om't een en ander
aan zijn hoog aansienlijk majesteijt onse gena„
„digen souverain te willen offereeren, soo heb
ik alle deselve met den brieff en geschenken aan
mij gehoorende, naar 't al oude gebruijk doen
in haalen, en nadat mij alles was gebleeken
wat de brieven dicteerde soo meede wat den
schipper heeft weeten te vertellen, te weeten
dat den gouvern: generael Abraham Patras
was overleden en dat Adriaen Valckenier
tot 't generalaat is gesuccedeerd, mitsgaders dat
die ."
NL-HaNA_1.04.02_8697_0200.xml,"Van Siam onder dato: 25 Iannuary 1738
die met de raden van India in Een goede harmonie
was Levende, heb ik ten Eersten 't een en ander
aan sijn hoog aansienlijke majesteijt gecommuniceerd,
die daar op sijn bij zonder welbehagen heeft betuijgd
en wel voornamentlijk over de belofte van den
gouverneur generaal ende raden van India, om met
een waare genegentheijt den weg van onderlinge vriend
en bondgenootschap die 'er is met den prince van oranje
en de nederlandse Comp: te sullen onderhouden en
naar komen.
En aangezien door sijn hoog aansienlijke majesteijt
aan mij g'ordonneerd is alle sakelijkheeden in rijpe
overweeginge te neemen, en daer op naar waer
off omwaerheijt soo als de selve bevonden worden
van periode tot periode de verEijschte rescriptie te
doen aan den gouverneur generaal Adriaan
valckenier ende raden van India, soo dient
dat op het versogte om van't sappanhout te mogen
g'Excuseerd worden, en dat daar en tegen geriefd
mogen werden met Eliphants tanden, gomlak
en Loot, ik siende op den weg van onderlingen vriend„
„schap de Clangs volkeren daer toe heb gepersuadeerd
soo dat sij lieden voor en inplaats van't sappanhout
leeveren zullen Eliplants tanden, gom lak en loot
en dat voor minder prijs als versogt worden aan andere
traficanten, te weeten op 't Picol Eliphants
tanden 2: taijls minder op 't picol gom lak 2 maas
en"
NL-HaNA_1.04.02_8697_0201.xml,"175
Van Siam Onder dato 25 Jannuarij 1738
En op 't picol Loot 1: maas, dog de Clangers hebben
daer en teegen ingebragt en mij versogt aanden gou„
„verneur generaal ende raden van India te willen
schrijven dat de Lijwaten van de Comp: veel heger
in prijs zijn als die vande andere handelaars
waardoor sij lieden gestadig groot schade moeten
ondergaan, en versogten des dat den gouverneur gene„
„raal Ende raden van India van haare sijde ook
de prijsen der lijwaten gelieven te verminderen, op
dat sijl: soodanige Excessive schade niet mogten
onderhavig weesen, te meer om dat sijlieden
veelmaals het opperhooft hebben aangetoond
dat de Lijwaten die ingekogt werden vande moo„
„ren, Tentiven, portugeesen, en Engelsen die
geen bontgenooten zijn, allet beeter koop sijn
als die welke sij lieden van d' Comp: nemen, om
diereeden kan ik niet na laten den gouverneur
generaal ende raden van India sulx voorte houden
want d' Lywaten van andere Cooplieden vergeleeken
zijnde teegens die van de Comp: heeft men die
van een en desselfde valeur bevonden soo dat
d' Comp: daar bij voordeel heeft ende Clangers
daer en tegen soo veel schade hebben als reets
in't breede gedemonstreerd heb bij de brieven
die afgegaan zijn in't steenboeken, en in't
serpente Iaar, en aangemerkt den gouverneur
generael"
NL-HaNA_1.04.02_8697_0202.xml,"Van Siam onder dato 25 Jannuarij 1738
generaal en de raden van India alhoewel dik
„wils, dog maar Eenelijk seggen schade te hebben
op 't sappanhout zonder te distingeeren hoe„
veel en op wat plaats, soo wensche ik wel dat ge„
„lieven te demonstreeren hoeveel de schade wel is
diekomt te behaalen op 't sappanhout en op wat
plaatsen dat verfhout vande hand geset worden
met soo veel schade, soo als ik van mijn kant duij„
„delijk heb aangetoond ten opsigte van de Lijwaten
die de Clangers van de Comp: hebben genegotieerd
op dat men zulxe weetende de clangels te beter
mogen ter needer setten want niet alleenig te
seggen dat d' Comp: verlies heeft op het Cappanh:t
en daer om dat verthout wil verwerpen is
dunkt mij niet voldoenend genoeg en kan daer
meede ook de Clangers niet te vreede stellen
Op het seggen vanden gouverneur generaal
ende raden van India dat op de tokassen met
goude en silvere spreepen, die met seer veel
moeijte en groote Costen zijn gemaakt geworden
en vervolgens na Siam gezonden en daer
niet geaccepteerd maar te rug zijn gezonden
ook schade zoude geleeden hebben gehad,
soo antwoord daar op dat ik door den
Sabandhar die tokassen heb Laten vergelijken
tegens andere, dog zijn deselve soodanig niet
bevonden./"
NL-HaNA_1.04.02_8697_0203.xml,"177
Van Siam onder dato 25:' Jannuarij 1738
bevonden als Effectiff wesen moeten, dan wel soodanig
als van hier g'Eijst is geworden, vermits men bevonden
heeft dat nooijt soodanige tokassen van hier zijn gere„
„quireerd geworden, maar wel Carawang cleeden met
goud en silver volgens het overgezondene monster daar om
heb ik dientwegen mijne sendelingen bij 't opperhoofd
en tweede persoon gesonden om die te vragen off er ook
ooijt van hier een Eijsch gedaan was van soodanige cleeden
dan offer ook monsters daar van bij haar E: berustende
waeren soo heb ik ten antwoord bekomen dat 't opperh:t
met zijn Eerste aankomste op Siam vier monster stukjes
van de soo genoemde Carawangcleeden in Comp:s pakluijs
had gezien en de tweede persoon wist te seggen dat
d' Comp: alleen die vier monster stukjes op Siam had
gezonden, endat het opperhooft te dier tijd die monsters
„gings
bij den vorigen Oija barkalang ter besigtige had
gezonden, maar dat den oija barkalang gem: soor„
„te van Cleeden had afgekeurt als in siam niet
bruijkbaar, en dat om die reeden die monsters
in't pakhuijs ware blijven Leggen, en den tegen
woordigen opperhooft met zijn aankomste die
cleeden in't pakhuijs gevonden en vernomen hebbende
dat 'er geen vertier van was in siam, heeft de zelve
te rug gezonden want was het zake dat de siam„
„mers die Cleeden hadden besteld, soo zouden bij
zeekerlijk deselve ook aangenomen hebben ge
„had.
-"
NL-HaNA_1.04.02_8697_0204.xml,"Van Siam onder dato 25:' Jannuarij 1738
„had maar sulxe soodanig niet zijnde hebben sij de„
zelve niet willen aanneemen dierhalven is mijns
bedunkens onreedelijk dat de clangers zouden ge„
„Imputeerd werden over de schade die d' Comp: daar door
heeft ondergaan;
ook iser Gesegd geworden het wenschelijk zoude wesen
dat 't wit Lijwaat op Batavia gemaakt wierden
als wanneer men geen moeijte en costen zoude
behoeven te maken om deselve van andere plaatsen
te halen, des geen groote Guatos zoude onderlevig
weesen soo lang men beesig is die Lywaten inte ko„
„pen gevolgelijk zoude dan ook de prijs daer van
minder wesen, maar nu soodanig niet zijnde konde
de prijs niet vermindert worden over welk seggen
ik seer verwondert ben, vermits ik wel weet dat
niet alleen alle Cooplieden die ter negotie gaan
guatos moeten maaken, maer selfs die in haare
negorijen en huijsen stil sitten moeten Eeten, en
om daer toe te geraken onkosten doen soo dat niet
gesegd kan worden dat alleenlijk de sulke moeten
oncosten maken die op andere plaatsen ter ne„
„gotie vaaren en ook dat de Comp: haar scheepen
moeten gebruijken wanneer Lijwaten willen gaan
kopen op andere plaatsen is ook waer want
niet te denken is dat de Comp: vergeefs haare
Scheepen"
NL-HaNA_1.04.02_8697_0205.xml,"Van Siam onder dato 25:' Jannuary 1738
scheepen Elders zoude senden nog ook niet dat de
scheepen Elders gezonden zoude worden om Enkelijk
en alleen Lijwaten die aande Clangers vergenegtieert
worden, te gaan koopen veel min dat d' Comp: haare
scheepen na Cormandel en andere plaatsen meer
zoude senden zonder dat voorsien hadden
Winsten te zúllen doen nade trant van
alle Cooplieden, want op een plaats gekomen zijnde
neemen sijn hunne Ladingen vertrekt daar meede
na een ander om hunne wlaaren met winsten te
verkoopen, dus behaalen sij, d' Eerste winst, en dan
daer ter plaatse weder andere Whaaren Ingekogt
hebbende brengen sij, die op Een ander plaats te coop
dus hebben daar weder winst op, soo dat al het gene
op d'eene plaats gekogt is, op een ander wederver„
„cogt word, waer van het Comt dat dikwils veel
winsten behalen 't sij dat de reijsen ver off
na bij sijn, daer geen coopman nooyt op sien maer
vaeren op alle plaatsen, soo dat men niet seggen
kan, soo als den gouverneur generaal gedaan heeft,
te weesen dat om dies Wille de Lijwaten van
andere plaatsen moeten haalen bij d' Comp: sulxe
niet gedaan kan worden sonder grote oncosten, en
oversulx ook geen vermindering inde prijsen kan ge„
„maakt worden, alle welke positien mij seer vreemd
voorgekomen is.
over
17"
NL-HaNA_1.04.02_8697_0206.xml,"Van Siam onder dato 25:' Jannuary 1738
over het gesegde dat de Siammers de oude gebruijke„
„lijkheeden sogten te veranderen, moet ik mij ook
grootelijks verwonderen vermits niet weet dat
de Comp: in't Coopen en vercoopen Eergens in
gedwarsboomt is geworden, maar dat aan een
Ider op Ligoor Verboden is geworden geen thin aan
de Hollanders te vercoopen, is geschied naer volgens
de Contracten, soo dat de siaimmers van hare zijde
Endat opsigte niet misdaan hebben tegens de
gewoonte en voorige contractten, alsoo bij het con„
tract vande hollanders die onder den sabandhar be„
nust gesproken werd dat wanneer de hollanders
komen te manqueeren in't voldoen aande jnloude
der contracten, als dan zulx reciproque van de kant
der siammers zoude mogen gedaan werden;
Den gouverneur generaal nu in't serpente
Iaer aller hande soorte van Lijwaten herwaards
gezonden hebbende om aande Clangers verne„
„gotieerd te worden, heeft het opperhooft Egter
geen monsters daer van na boven gezonden om
aan de Clangers vertoond te werden soo als dat
gebruijkelijk en door de voorige opperhoofden altoos
gedaan is geworden, soo dat 't opperh:t in dit
geval misdaan heeft, te meer, ter tijd dat ik
't opperh:t zond om
's Conings dienaaren tot
t
^ hij daar omtrend qualijk had gedaen soo heeft
hem te seggen dat hij sig soodanig daer teegen
gestelt en tegens haar Lieden geageerd, dat
inge."
NL-HaNA_1.04.02_8697_0207.xml,"Van Siam onderdato 25 Jannuarij 1738
Ingevalle menten scherpste tegens hem nade siamse
Welten zoude procedeeren hij zeekerlijk met de
dood zoude moeten gestraft worden, dog ik heb sutol
ingezien en laten passeeren maer Eenelijk daar op
geordonneerd geen tin op Ligoor aan de hollanders te
verkopen, op dat de hollanders  van haare zijde ook
gevoel daar van hebben, en weeten zouden, dat
Sij gezondert hadden tegens de Contracten.
Ook is herwaards aangeschreeven dat den gouver„
„neur generaal geen pitis Candaga had maar die
willende hebben van Solok moete Llaten haalen en
soo meede dat 't picol daar van niet minder zoude kon„
„nen gegeven worden dan voor 8 â 9 pahas en dat
aangezien de Clangers niet meer voort picol
willen geven dan 7 pahas zoo soude ter voorkoming
van schade geen pitis Candaga meer herwaards
„senden
aanrder 't welk mij toeschent Een argumeend te weesen
die sterk helt naar Eijgen baat en niet ovr een komstig te
weesen met de onderlinge vriend en bond genootschap
tusschen de Comp: en't Rijk van Siam, te meer omdat
vande zijde van Siam de thin en't Sappanhout die voor
de Lijwaten worden geleevert altoos aande Comp voor min„
„der prijsen worden afgestaen als aan andere trafiquan„
„ten, te weeten voor ider bhaer tin ztaijls, en voor ider
picol Sappanhout 291. pitis minder ofer zulx soo als
gesegd is betaald d' Comp: aan de Clangers voor de thineut
Sappanh:t.
„
181"
NL-HaNA_1.04.02_8697_0208.xml,"Van Siam onderdato 25 Jannuarij 1738
Sappanhout veel minder als doen andere negotianten, en
dienrvolgende de 900 Catt:s Silver verdeelt in drie deelen
en dan vervolgens Een gedeelte van't Silver daar van
afgetrocken weesende resteerd 'er nog twee gedeeltens
als Een deel voor tin eu't ander voor Sappanhout, soo
verliesen de Clangers 's jaarlijx op die twee sorten van
negotie goederen een montant van 46 catt:s 17 taijls 2:
pahas, en 700 pitis aan silver, buijten en behalven de
overige schade die die menschen ondergaan moeten
op 's Comp:s Lywaten waar van voor Een bedragen van
ruijm 1000 Catt:s silver 's Jaarlijxe werd vernegotieert.
Den gouverneur Generaal geliefd ook te seggen
dat op jder picol petis Candaga die Iaarlijx aande
clangers zoude komen te zenden een â twee pahas
schade zoude hebben, des is het zeeker dat op de
200: picols Een verlies van 2 Catt:s en 10 taijls soude
hebben wanneer maar Een pahasschade had op jder
„dog wanneer het verlies was 2: pahas op ider picols
picol, soo zoude zulx beloopen Een montant van
5 catt:s silver 't welk ik geerne wil gelooven, maer
dog wanneer daer en tegen sal willen stellen de schade
die de Clangers dragen op 't tin en't Sappanhout om
dat die voor minder prijs aande Comp: worden afge„
„staen dan verkogt worden aan andere negotianten
zoo soude immers bevinden dat verlies vande
clangers surmonteere die van de Comp: en dier„
„halven dunkt mij dat de saken niet naerbillikh:t
zoude behandelt werden wanneer om voorsz: reeden
alleen de g'Eijste 200 picols pitis Candaga 's jaarlijx niet
zoude"
NL-HaNA_1.04.02_8697_0209.xml,"183
Van Siam onder dato 25 Jannuarij 1738
zoude Gezonden werden. —
Den Gouverneur Generaal ende raden van India
hebben bij Continuatie ook wel geschreeven dat geerne willen
bij brengen en contribueeren al het geene dat zoude
konnen streeken tot genoegen en gerieff van 't Siamse
rijk, dog 't schijnt off zulx maar bij woorden off belof„
„ten word gelaten- want hoe veel Iaaren is niet alver„
„leeden, dat den voorigen oija barkalang, Een
monster van prakaboen off Traoang cleeden na
batavia heeft gezonden en daer bij versogt Eenige
daar van ten dienste van't hoff te willen besorgen,
en na die tijd heb ik in't tijger Iaer Een monster
van 'tapak tjatoors Cleeden met verscheijde
gronden na batavia gezonden met versoek om dies
besorging, dog hel zoo wel van't Een als 't ander
geen gevolgd gezien niet tegenstaande sulx nu
drie mousonnen verleeden is, dier halven bij aldien
den gouverneur Generaal ende Raden van India
waerlijk gereegen waaren geweest 't hoff dienst
te doen soo souden sij, die Jmmers 's jaarlijx haere
scheepen na Cormandel ter negotie zenden die
goederen konnen besorgd hebben is het niet in
Een Iaar door Eenige verhindering soo zoude sulx
in twee jaaren tijds konnen geschied hebben, maer
neen sulx is nu in soo veele Iaaren niet
GE. /.
6"
NL-HaNA_1.04.02_8697_0210.xml,"Van Siam onderdato 25:' Jannuary 1738
geEffectueerd, 't welk dunkt mij niet of een komend
is met de belofte van den gouverneur generaal ende
raden van India die bij reiteratie betuijgd hebben
't hoff te willen en zullen dienst doen.
Den gouverneur ende raden van India hebben ook
versogt dat ik de vrouw vanden stuurman schippers mogte
permitteeren van Siam te vertrecken waer op ik reets
heb gereschribeerd te weeten dat zulx strijdig was te„
„gens 's lands wetten enden volgende buijten mijn magt
dog Ingevalle den gouverneur generaal ende raden van
India bij dat versoek als nog persisteeren en geern een
goede uijt slag daar van willen sien, soo souden den
gouverneur generaal ende raden van India van haar
zijde moeten treeden en besluijten om sonder foute de petitien
van 't hoff in allen deelen te voldoen door het prompt besor¬
„gen van alhet geene bij 't hoff werd gerequireerd op dat daar
door blijken mag de ware toegenegentheijt en sinceere be„
„rijtwilligheijt van den gouverneur generaal ende raden
van India zullende ik /mij sulx gebleeken zijnde :/ niet
manqueeren als dan zijn hoog aansienlijke majesteijt
Brabat somdat borom bopit pracepoedetjoe
djoehoewa mijnen heer en Souverain op het aller on„
derdanigste te jnsteeren tot het verleenen van den
stuurman, schippers van Siam, ter voldoening aan't
versoek van den gouverneur generaal ende raden
van."
NL-HaNA_1.04.02_8697_0211.xml,"85
Van Siam onder dato 25:' Jannuarij 1738
Van India, waer in zijn hoog aansienlijk majesteijt als
dan, zonder twijffel sal Condessendeeren
Voorts hebben den gouverneur generaal ende
raden van India geschreeven en mij versogt dat ik,
ziende op den weg van onderlinge vriend en bont„
genootschap zoude besorgen dat insteede van
Sappanhout voor de waerde van 200 Catt:s zilver
aande Comp: voortaan mogt geleverd werden thin,
en soo sulx niet wesen kan silver, en dat mede niet
wesen konnende, andere Coopmanschappen insteede
van't Sappanhout, dient wegen gelieven den gouver„
„neur Generaal ende Raden van India niet te
twijffelen aan mijne goede meenige, want tot twee
differente keeren heb ik 't opperhooft met de Clangers
over die saak bij mij ontboden, die naar veel de batten
en argumenten Eijndelijk over een gekomen sijn en
besloten hebben, dat de Comp: 't Sappanhout
zal blijven accepteeren, en dat daar entegen ook
de Clangers zullen aannemen Comp: Lijwaten
voorde gefixeerde prijsen zonder vermindering
dus zoude dan de Leveerantie van silver, tin en
Sappanhout voor de Lijwaten van d' Comp: voor altoos
bestendig blijven ingevolge de aloude gebruijke„
„lijkheden en Costume, daar op heeft het opperh:t
mij versogt bij de Clangers te willen bewerken dat
zij.
ƒ"
NL-HaNA_1.04.02_8697_0212.xml,"Van Siam onderdato 13:' Jannuarij 1738
zijlieden voor't agterstallige Sappanhout mogten Lee„
„veren. 20 â 30 picols Eliphants landen van 2 in
Een picol, voor 1 Cattij en 5 taijls 't picol, soo heb ik,
ziende op den weg van onderlinge vrienden bont„
„genootschap 't soodanige bij de Clangers bewerkt
dat sij Eijndelijk aangenomen hebben om voor't agter„
„stallige Sappanhout te zullen Leeveren Eliphants
tanden tot de quantiteijt van 50: picols, daar op
heeft het opperhooft om nog 20 picols Eliphants
tanden versogt, 't welk sij Lieden aan hem ook
hebben geaccordeerd, te weeten van twee tanden
in Een picol tot 1 Cattij en 5 taijls silver hier
op hebben de clangers bekent gemaakt dat
zij, lieden een goede quantiteijt gomlak hadden
en dat zijlieden die meede aan d' Comp zouden
willen Leeveren voor 't agter stallige sappanhout,
het opperhooft nu bevonden hebbende dat de
clangers overgehaalt waaren om Eliphants
tanden te Leeveren voor't agterstallige sappanh:t
en dat voor minder prijs als vercogt werden aan
andere Coopluijden waar door de Comp: grotelijk
bevordeelt wierd, soo heeft hij Een nader versoek
gedaan te weeten dat de quantiteijt van Eliphants
tanden voor het agtterstallige Sappanhout mogte
vermeerdert, en't gomlak afgestaen werden
voor 3 taijls en 2: palas 't picol, daar op heb
ik."
NL-HaNA_1.04.02_8697_0213.xml,"187
Van Siam onderdato 25 Jannuarij 1738
ik ziende op den weg van onderlinge vriend en bont„
genootschap, de Clangers gepersuadeerd om een meerder
quantiteijt Eliphants tanden te Leeveren, dog niet
alle van 2. in Een picol, maar ook Een quantiteijt van
100. picol van 7. in Een picol overzulx te samen soo groot
als klan 150 picols, soo meede dat de Clangers het
gomlak zullen Leeveren tot soodanigen prijs als
Waar voor het opperhooft die gebooden had, dat is 3:
taijls en 2: pahas voor het picol, ter quantiteijt van
350: picols, met dit beding nogthans dat zulx
maer voor dese kerk zoude wesen, om door soodanigen
toegeeventheijt te onderhouden den weg van onder„
„linge vriendschap, maar niet dat zulx in ge„
„woonte zullen mogen getrocken worden als
off zulx een wet was aangemerkt daar van
niet gemeld worden inde Contracten welk be„
ding het opperhooft geadvoueerd heeft onder betuij„
„ging dat zulx maar voor Een keer zoude wee„
„sen en niet tot een gewoonte ofte wet zoude
getroken worden, aangesien de contracten die
beseegeld en inbewaaring zijn, daar van niet
spreeken, dus zyn de Clangers met 't opperh:t
over een gekomen inde Leeverantie van Eliphants
tanden en gomlak voor en Involdoening van't
agterstallige Sappanhout zonder meer en
zullende dien volgende de Clangers de leeverantie
van."
NL-HaNA_1.04.02_8697_0214.xml,"Van Siam onder dato 25: Jannuarij 1738
van die twee soorten van negotie aan het opperhooft
doen, tot en insoo verre 't agterstal comt te bedragen
waar van de reecqueningen in weder zydse handen
zijn
maar voor de Eliphants tanden van 2 in een picol, die
verreekent zullen werden tegens andere negotie whaaren
prentendeerde de Clangers voor Ider picol te hebben
30: taijls, en daer entegen heeft het opperhoofd voor ider
picol maar geboden 1 Cattij en 5 taijls dies voor ider pic:l
5 taijls minder als aan andere word verkogt belopende
des op de 150 picols 37 Cattis en 2: tayls silver
En voorts picol gomlacq pretendeerde de Clangers
te hebben 4 taijls, daar en tegen heeft 't opperhooft
voor 't Picol maar geboden 3 faijls en 2 palas afrzulx
voor jder picol 2 palas minder als aan andere negotian„
„ten werd vercogt, 't welk te samen getrocken zijnde
zoude voorde 350: picols, 6 Catt:s en 10 tayls silver
minder betalen, dan aan andere werden verkogt, dus
hebben de Clangers in desen tijd die twee soorten van
negotie goederen aan d' Comp: afgestaan voor 43.
Catt:s en 12 taijls minder als aan andere zouden
konnen verkoopen
In't serpenten Iaer heeft het opperhoofd mij„
komen seggen dat de Comp: manquement had
aantin, en versogte mij om 200: bhaaren ter Leen
te mogen hebben, daar op heb ik ^ de clangers be„
„werkt dat sijlieden aan het opperhooft terleen hebben
ge„"
NL-HaNA_1.04.02_8697_0215.xml,"189
Van Siam onderdato 25 Iannuarij 1738
gegeeven 200: bhaaven tin ter voldoening aan zijne gedane
versoek, om dat hij voorgaff dat bij de Comp: dat minerael
benodigt was, soo dat aande zijde van siam niet soo
naauw gezien werd op weijnig voordeel dat anders zouden
konnen behaalen maar altoos de onderlinge vriend„
„schap daar omtrent de voorrang doet hebben, waer
uijt blijkt dat vande zijde der Siammers de saeken soo„
„danig niet worden getracteerd als wel gedaan word van
de sijde vande Comp:, want den gouverneur generael
Eenigsints maar bevindende dat het voordeel op het
een off ander niet groot is, soo werd soo Een saek al„
geschreeven, dan wel gesegd dat het ondoenlijk is, zonder
Eens te willen in aanmerking neemen dat de
Eliphants tanden en't gomlak die aan d' Comp:
geleveerd worden, voor een veel minder prijs aan de
Comp: werd afgestaan dan aan andere Cooplieden
zoude konnen vercogt worden.
het verbod 't welk ik heb laten afkondigen op ligor
te weeten om geen tin aande hollanders te verkopen, heb ik
weder Laten intrecken, en heb ten dien Eijnde een
brief aan den Coning bedientens en clangers tot
Ligoor geschreeven dat de hollanders weder ge„
permitteerd zijn 't tin op Ligoor te mogen in
coopen, soo als gedaan hebben invroeger tijden
op de betuijging die den gouverneur generael
ende raden van India hebben gedaan te weeten
dat."
NL-HaNA_1.04.02_8697_0216.xml,"Van Siam onder dato 25 Jannuarij A:o 1728
dat geerne het hoff zouden willen dienst doen soo
werdenze thans vercogt niet te willen manqueeren
omme ten dienste van het hoff soodra doenlijk te
besorgen de G'eijste prakaboen cleeden na dies over
„gezondene monster soo meede de overlang g'eyste tracang
kleeden met schoon gemaekte draden soodanig als is
de monster die afergezonden is geworden, als ook de tapak
„tjatoers cleeden waer van Een monster bereets is ofgeron„
„den, die wesen moeten met Geschilderde boorden ende
hoofden jountig geschilderd, soo meede plaat silver, en
ook te willen laten soeken en 's Jaarlijx herwaards
zenden de verkogte pitis Candaga op dat men in
siam, daar om niet verleegen mogte weesen als ge„
„weest is invroeger tijd op dat daar door de saken
vande Comp: insiam naar Wensch mogen gaan
en zulx tot eenblijk mag strecken van de regt vaer„
digheijt en wel menentheijt van den gouverneur
generaal ende raden van India omtrend 't
Kamsehoff.
op het herwaarts aangeschreevene dat den vorigen
oija barcqualang voor ontfangene Lijwaten van
d'Comp: nog schuldig gebleeven was, tin en sappanhout
zoo heb ik zijne debiteuren tot de voldoening hun„
„ner agterstallen laten aanspreeken, en vervolgens
voor sijn reek: in het serpenten Iaer aan het opper
hooft Laten Leeveren z tin tot de volle vereffening
en daer bij nog maer een quantiteijt van 445: picoll
Sappanhout
He"
NL-HaNA_1.04.02_8697_0217.xml,"191
Van Siam onderdato 25 Jannuarij 1738
Sappantieut en sullende niet manqueeren om de de„
„biteuren van den vorigen oija barkalang aan te
„setten tot de volle voldoening van hunne nog te quaat
zijnde Sappanhout ter quantiteijt van 454 picols
10 Catt:s en 1: maas ten Eijnde 't agterstall van
den vorigen Oya barqualang wegens genotene
Lijwaten van d' Comp ten vollen mag veroffent„
„Woorden
Bij de Clangers worden thans gerequireerd
chimka djoerbaal met goude en silvere gronden
grote patholen met goude en silvere streepen, atlasen
met goude streepen, mitsgaders goude en zijde
bloemen op reijen van diverse coleuren en gedaan„
„tens na de monster, met nog 27. soorten van
Lijwaten waar vande monsters, van ofrgezonden
zijn geworden alle welke g'eijst werdende goederen
gelieven den gouverneur generaal ende raden van
India /:ziende op den weg van onderlinge vriend
en bontgenootschap :/ ten spoedigste doenlijk herwaards
aante schicken en met het vertrek van 's Comp:s schip
van batavia na Cormandel aldaar te laten
aanbesteeden de hier boven genoemde Chimka
djoerbaal na volgens dies monster en vervolgens
die magtig geworden zijnde, al was het maer voor
Eerst van Ider soort 2 â 3 rollen herwaards aan
te besorgen; ook werd bij de clangers gerequireerd
tarang"
NL-HaNA_1.04.02_8697_0218.xml,"Van Siam onder dato 25: Jannuarij A:o 1738
Tarang koea cleeden tot Gebruijk aan 't hoff, van
die soorte als den gouverneur Generaal en de raden
van India in voorigen tijden op het versoek van het
hoff hebben gelieven te besorgen hebbende ider cleed
1 span en 8 vingers mitsgaders debreete van 2 Cobidos
de Lengte van 13 Cobidos 1 span en 5½ Vingers gehad,
en aan d' eene boord maar Effen op dat de 2 cleeden
aanden ander genaaijt zijnde een cleed off gebaar
kan worden, soodanig als is het monster want dat
nu Een tijd Lang die soorten van cleeden van hier is
afgeschreeven geworden, is Eenlijk maar geschied
omdat de boorden van 2 Cleeden aan den ander
gehegt zijnde, de gronden bloemen en wes meer
niet op een quamen, maar een groot verschil gaff,
buijten en behalven dat tegens het wasschen niet
konden bestaen, waerom de Conings dienaren die
cleeden niet hebben willen nog konnen gebruijken,
en om dies wille heeft men die soorte van cleeden
van hier afgeschreeven, maar nu hebben de clangers
Een soodanigen cleed, omte strecken tot een
monster, hier laten weeven waer van de Lengte
is 14: cobidos, 1 span en 6 vinger breete, ende
breete 1: Cobido 1 span en9 vinger breete welke
monster cleed tegenwoordig afgesonden werd aan
den Gouverneur Generaal ende Raden van India
met versoek dat gelieven, soodanige cleeden te
besorgen, mits dat de fijntie van't Lywaat
mitsgaders Lengte en breete soodanig zij, als is
het."
NL-HaNA_1.04.02_8697_0219.xml,"193
2
Van Siam onder dato 25:' Jannuarij 1738
het monster dat nu overgezonden werd dog ongewasschene
„maar niet sodanig als geweest sijnde gewassene
„tarangkoea cleeden die de Hollanders in vorige tijden her„
„waards besorgd hebben, en was het dat soodanige cleeden
/:over een comende met de thans overgezondene monster:/
aan de hand hadden, soo Gelieven p:r Eerste scheeps geleegent„
heijt herwaarts aante schieken 500 dubbelde cleeden, maer
dog soo gelieven daer omtrent goede toesigt te laten neemen
op de Lengte en breete want de Lengte enbreete van
die soorte van cleeden welke de hollanders op het
requisit van't hoff in vroeger tijd na Siam hebben ge„
=zonden, komen niet over een met de monster vande
Clangers Langer is als die vande Hollanders, 1:
span en thien vinrgers breete, en daer entegen is die
van de Hollanders 1: span en 8½ vingers breete,
breeder dan die van de Clangers, soo dat die van
de hollanders breeder dog korter is dan die vande Clangers,
overzulxe heb ik best gedagt, om niet te verabuseeren,
dan wel vergeefs de besorging van die cleeden te laten
doen, Een monster van de verEijste Lengte en breete
hier te laten weeven enna batavia te senden,
ten Eynde de GeEijst werdende daer na mogten
gemaakt dan wel aanbesteed off soo aande hand
had, herwaards aanbesorgd worden, en aangezien
de prijs der invroeger tijd gesondene tavangkoea clee„
„den is 10: maas voorde 2 Cleeden soo is 't dat den
gouverneur generaal ende raeden van India
thans versogt werden te willen sien op den weg
van"
NL-HaNA_1.04.02_8697_0220.xml,"Van Siam onder dato 25:' Jannuarij A:o 1738
Tarangkoea cleeden tot Gebruijk aan't hoff, van
die soorte als den gouverneur Generaal ende rade
van India in voorigen tijden op het versoek van het
hoff hebben gelieven te besorgen hebbende ider cleed
1 span en 8 vingers mitsgaders de breete van 2 Cobid.
de Lengte van 13 Cobidos 1 span en 5½ Vingers gehad,
en aan d'eene boord maar Effen op dat de 2 cleeden
aanden ander genaaijt zijnde een cleed off gebaar
kan worden, soodanig als is het monster want dat
nu Een tijd Lang die soorten van cleeden van hier is
afgeschreeven geworden, is Eenlijk maar geschied
omdat de boorden van 2 Cleeden aan den aude
gehegt zijnde, de gronden bloemen en wes meer
niet op een quamen, maar een groot verschil gaff,
buijten en behalven dat tegens het wasschen niet
konden bestaen, waerom de Conings dienaren die
cleeden niet hebben willen nog konnen gebruijken
en om dies wille heeft men die soorte van cleeden
van hier afgeschreeven, maar nu hebben de clanger
Een soodanigen cleed, om te strecken tot een
monster, hier laten weeven waer van de Lengte
is 14: cobidos, 1 span en 6 vinger breete, ende
breete 1: Cobido 1 span en9 vinger breete welke
monster cleed tegenwoordig overgesonden werd aan
den Gouverneur Generaal ende Raden van India
met versoek dat gelieven, soodanige cleeden te
besorgen, mits dat de fijntie van't Lywaat
mitsgaders Lengte en breete soodanig zij, als is
het./"
NL-HaNA_1.04.02_8697_0221.xml,"193
Siam onder dato 25:' Jannuarij 1738
het monster dat nu opgezonden werd dog ongewasschene
„maar niet sodanig als geweest sijnde gewassene
„tavangkoea cleeden die de Hollanders in vorige tijden her„
„waards besorgd hebben, en was het dat soodanige cleeden
/:over een comende met de thans overgezondene monster:/
aan de hand hadden, soo Gelieven p:r Eerste scheeps geleegent„
heijt herwaarts aante schieken 500 dubbelde cleeden, maer
dog soo gelieven daer omtrent goede toesigt te laten neemen
op de Lengte en breete want de Lengte en breete van
die soorte van cleeden welke de hollanders op het
requisit van 't hoff in vroeger tijd na Siam hebben ge„
=zonden, komen niet over een met de monster vande
Clangers Langer is als die vande Hollanders, 1:
span en thien vingers breete, en daer en tegen is die
van de Hollanders 1: span en 8½ vingers breete,
breeder dan die van de Clangers, soo dat die van
de hollanders breeder dog korter is dan die vande Clangers,
overzulde heb ik best gedagt, om niet te verabuseeren
dan wel vergeefs de besorging van die cleeden te laten
doen, Een monster van de verEijste Lengte en breete
hier te laten weeven enna batavia te senden,
ten Eynde de GeEijst werdende daer na mogten
gemaakt dan wel aanbesteed off soo aande hand
had, herwaards aanbesorgd worden, en aangezien
de prijs der invroeger tijd gesondene tarangkoea clee„
„den is 10: maas voorde 2 Cleeden soo is 't dat den
gouverneur generaal ende raeden van India
thans versogt werden te willen sien op den weg
van"
NL-HaNA_1.04.02_8697_0222.xml,"Van Siam onderdato 25 Jannuarij 1738
van onderlinge vrend en bontgenoot schap, en uijt dievo loot.
„den de tweede cleeden van soodanige Lengte enbreete
als is 't monster te willen afstaen voor 7 maas en
2 pahas op dat de Clangers daar op geen schade
mogten hebben
Tegen woordig werden door mij afgevaardigt en
Vaaren pE: Comp: schip ofer na batavia de persoon van
choen tjapasientoel en Choen siesoer tib paarden
„kenders, mitsgaders Moen moera-at en Pantoeng
paarden doctoors, versoeke des dat aande zeelve eene
geld Leening naar gewoonte mag gedaan, en die Luijden
met Een briev van voorschrijvens naer Iava 's Comp:s
schip mogen getransporteerd mitsgaders aan geweesen
worden de plaatsen off negorijen daer veele paerden
vallen omde soodanige bij haerlieden jnkogt te worden
als zullende aanstaen, en dat naer gedanen incoop, de
„selve met en benevens de Paarden naar oud gebruijk
van Java batavia waards, en vervolgens vandaer met
het afzenden van Comp:s scheepen naar Siam
mogen getransporteerd werden en zulx in twee scheepen
verdeelt op dat de paarden niet alleen niet te benauwd
mogen staan, maar ook ter voorkoming van man„
„quement in voeder en water ten Eijnde daar door
die dieven ruijmte en ook geen gebrek aan gras
en water mogten hebben, waer door anders alte zeer
vervallen vermaageren enselfs sterven tot groote
schade en meerder ongerieff zullende den gouvern:r
generaal."
NL-HaNA_1.04.02_8697_0223.xml,"195
5
Van Siam onderdato 25:' Jannuarij 1738
Generaal ende raeden van India daer door niet alleen
't hoff grote dienst toe brengen maer sulx ook
strecken tot Groter Loff in den aanstaende
T Geene voor deese tegenwoordige tijd tot schenka
„gie van mijnen heer envorst Prabat Somdat
borom boepiet praoepoe ditjoe Joehoewa
dient bestaat in
33 bhaar 2: picols, 10 catt:s 18 taijls, 3 pahas en
2 maas tin, en 1483 picols, 62 Catt:s en 14 tayls
sappanhout, chinees gewigt. —
welke komt voor den Gouverneur Generaal
adriaan Valckenier ende raden van
India, enjk zend
7 bhaar, 1 picol, 97 catt:s, en 5 taijls tin
6 picols en 90 cattis Eliphants landen, en
96 bhaar 25 Catt:s, en 2 taijls Sappanhout chinees
gewigt. —
Aan den gouverneur Generaal Advi:n
Valckenier, ende raden van India met
vriendelijk versoek gegrond op de Goede ofr een komst
en onderlingen vriendschap van mijnen heer en vorst
Rabat somdat boram boepit praoe„
„poe ditjoe djoehoewa met den prins van
oranje ende hollandse comp: gelijk meede van
mijn kant geschied om een bestendige en op
„regte over eenkomst te onderhouden en bevestigen
met den gouverneur generaal
Ad: /."
NL-HaNA_1.04.02_8697_0224.xml,"Van Siam onder Dato 25 Jannuarij 1738
Adriaan Valckenier ende raden
van India op dat alle saaken voorspoedig mo„
„gen voor't gaan naar ouder gewoonte zonder
fout ten Eijnde alle vreemdelingen en uijt landenen
mogen komen en keeren zonder Eenige hindering
van Werkanten, 't welk versogt werd in de ge„
„dagten van Adriaan Valckenier, gou
„verneur generael ende raden van India te
mogen verblijven tot volkomene voort setting der
gemeene zaaken.
Geschreeven op Donderdag den 12:' dag van
de tweede maand in't kleijne slangen Jaar
/:onderstond:/ voor de oversetting /:getekent:/ I„s
Simong
Wij ondergeschreeven verklar de orenstaande brieven
en bijlagen behoorlijk tegens der selver minutte
g'Confronteerd in daer meede accordeerende bevonden
te hebben. —
Batavia In't Casteel Den 31: ' Januarij
A„o 1739. —
C Oostwalt
E
B„ Kresschmer
D: : Weijerman"
NL-HaNA_1.04.02_8697_0225.xml,
NL-HaNA_1.04.02_8697_0226.xml,
NL-HaNA_1.04.02_8697_0227.xml,
NL-HaNA_1.04.02_8697_0228.xml,
NL-HaNA_1.04.02_8697_0229.xml,
NL-HaNA_1.04.02_8697_0230.xml,
NL-HaNA_1.04.02_8697_0231.xml,
NL-HaNA_1.04.02_8697_0232.xml,
