filename,text
NL-HaNA_1.04.02_8834_0001.xml,
NL-HaNA_1.04.02_8834_0002.xml,
NL-HaNA_1.04.02_8834_0003.xml,Crneen da
NL-HaNA_1.04.02_8834_0004.xml,
NL-HaNA_1.04.02_8834_0005.xml,"Register der brieven
A„o 1721
ontfangen den
21 janu: p. r 't schip boeken„
„roode van Ceijlon
Cruijs patchiallang
haringtuijn
folio s
register der papieren. . . . . . . . . . . - . - . . . - „ 1„
Originele missive vanden gouverneur gerrit westrenen
en raad tot Nagapatnam aen haar hoog Ed=lns tot
batavia ged. t den 31. ' 8ber 1720. . . . . . . . . . . . . . „ 6.
Copia missive van als vooren aen de hoog Ed=le Heere —
17 gesz: in dato als vooren nevens 't daat toe horen„
negen rendementen van vercogte Coopmanschappe tot na„
„gapatnam, Palliacatta, sadraspatnam, en porto-
novo inde maanden junij, julij, Aug, en 7ber 1722 - - „ 50.
Provisioneel b'antwoorden patriasen Eijsch voor A:o 1721. „ 64.
beantwoorden patriasen eijsch voor 't jaar 1720 annex twee
opstellen vand' ingesamelde, versonde en overgebleven
retouren &. a - - - - - - - - - - - - - - - - - - - - - - - . . „ 75.
drie nagapatnam se nunte bevindinge de datis 15 en 28 aug:
item 2 8ber 1720. . . . . . . . . . . . . . . . . . . . - „ 89.
den et quij„r de Register der papieren - - - - - - - - - - - - - - - - - - - - - - - - „ 131..
vand' fluijt de missive vandien gouverneur
Westrene en raad tot na„
„gapatnam, aan haar hoog Ed=lns tot batavia gedat den
3 Maij 1721 - - - - - - - - - - - - - - - - - - - - - - - - - „ 139„.
ad jdem register der masulipatnamse papieren - - - - - - - - - - - „ 97.
missive van 't opperhooft paulus verrijn en raad tot masu„
„de register - - - - - - - - - - - - - - - - - - - - - - - - - - - - - „ 45„
Cormandel
en voorname bijlagen als in desen
zijn jngeschreven en succes swelijk
ontfangen van
„ lipatn"
NL-HaNA_1.04.02_8834_0006.xml,"Folios
en dage als
vord onder conv„t
„lipatnam aen haar hoog Ed=les tot batavia gedat den
23 febr: 1721 - — - - - - - - - - - - - - - - - - - - - - - „ 99.
translaat tellingase brief door den nieuwen op siender
over 's Comp. s Logie in Golconda aen 't opperhooft
tot masulipatnam gesz. - - . - - - - - - - - „ 115.
twee gewisselde brieven tussen 't opperhooft verrijn en
den fausdaar Codjadje. . . . . . . . . . . - - - - - - „ 123.
persiaanse brief vanden fausdaar Codjadje aen sijn
Edelh. t den heere gouverneur Generaal gesz. „ 128.
Copia nagapatn resol„e van 15 janu: 1721 annex dieerse
Actens van 't Certificatie wegens de publijke voorstel„
„ling vanden heere gouvern. r generaal henrik —
Zwaardecroon - - - - - - - - - - - - - - - - - - - - - - - - - „ 212.
diverse Copia en extract brieven item 2 rapporten
concernerende d'aancomst en 't vertrek der schepen
magdalena en haringthuijn, en den swaren storm
door gem: schepen tot Porto noeq uitgestaan „ 249.
Copia Sadraspatnam brief naar nagapatn: gesz: sub dato
27 Maart 1721 Concernerende 't oost endis schip —
gen. t de stad oostende, annex een notitie van
sijne vervoerde Lijwaten van Cormandel - - - - „ 317.
Copia bris van sadraspatn: naar nagapatnam gesz:
in dato 5 april A. o 1721 meldende de geleden scha„
„de inden storm tussen den 29. ' en 30. Maart 1721 - - „ 324.
Copia vanden assaijeur fredrik Elliot annex een opstel
vertoonende hoe veel bij 't versmelten van een mark sijn
goud tot pagaden geprofiteert wert. . . . . . . . . . . . „ 329.
Extract masulipatnamse brief naar nagapatnam gesz: in
dato ult. o Maart 1721 Concernerende het gerelateerde
door een fransman en 't opperhooft verrijn. . . . . „ 334.
v"
NL-HaNA_1.04.02_8834_0007.xml,"folios
blijenburg
schip 't raadh s
een en dertig rendementen van vercogte Coopmanschap pe
tot nagapontn:, ma sulx„n palliacatta, Erdra spoatn:, bimilip=m
n
den 7 9b:r p=rt schip briefje van 't opperh:t Cornelis de munt en raad tot paliacatta
aen haar hoog Ed=len tot batavia gedateert den 5 7ber 1721 - - „ 382.
den9 9br p:r 't Register der papieren - - - - - - - - - - - - - - - - - - - - - - - - „ 386.
van vlistinge missive van meerm: gouvern:r en raad tot nagapatn: aan ols boven
gedat.:t den 6 7ber 1721 - . . - - . . . . . . . . . . . . . . . . . - „ 396.
gewisselde brieven tussen den deen sen gouvern:r tot tranquebare
en den gouverneur en raad tot nagapatnam vanden 26 maij
tot den 4 junij 1721. . . . . . . . . . . . . . . - - - - - - - „ 490.
Copia transl. t missive vanden moorsen gouvern. r en raad tot masu„
„lipatnam aen den heere gouverneur generaal henric
zwaardecroon concernerende sijn verongeluckt scheepje
en versoek om restitutie vande daer in geweest zijnde
goedren annex een translaat persiaanse opgave van
gem: goedren en hare waarden, item nog een Extract —
masulipatnamse missive van den 16 Maart 1719—
al mede die zaak betreffende - - - - - - - - - - - - - „ 491
Extract uijt de sadraspatn missive in dato 8 aug 1721 aen
die van nagapatn gesz: verselt van een translaat Ola
door 's Comp.:s Cooplieden aldaar, beijde aentonende d'onmo„
„gelijkh.:t om d' respective Eijsten te voldoen - - - - - - - - - „ 499.
Copia missive vand' bedient. s tot Sadra Sp. n aende ministers tot
nagapatn: gesz: sub dato 18 aug 1721 nopens d'armoedi„
„gen staad der inwoonders aldaar en de bedrijven—
der oostendenaars tot Covelang - - - - - - - . . . . . . . . . . „ 513.
twintig rendementen der omgesette Coopmansz: sedert
p=mo maart 1721 tot ult. o julij daar aen volgende. . . . „ 523.
en porto novo - - - - - - - - - - - - - - - - - - - - - - - - - - - „ 336. —
drie nagapatnamse munt bevindinge. - - - - - - - - - - - - - „ 549."
NL-HaNA_1.04.02_8834_0008.xml,"Folios
't schip voorburg
persiaanse briev vanden meermelden fau'sdaar Cadjadje
ibrahim aan sijn Edelh. t den heere gouvern„ generaal
Henrcic Zwaardecroon. . . . . . - - - - - - - „ 555 —
den 16 9ber p„r registeer der masulipatnamse papieren - - - - - - - „ 557-
missive van den oppercoopm paulus verrijn opperhooft
en den raad tot Masulip=m aan haar hoog Ed=s tot
batavia gedat. t 15 7ber 1721. - - - - - - - - - - - - - - „ 561.
vier gewisselde briefjes tussen als boven en den opsien
der van 's Comp. s Logie tot golconde ammarasingod „ 591.
translaat persiaanse missive van gem: opperhooft aen de
ma sulipata= fausdaar gesz. . . . . . . . . . . . . . . „ 603.
ses rendementen der omgesette Coopmansz op noorder
Cormandel ind' maanden junij, julij, en aug 1721 - - „ 605.
notitie vande masulipatn= aengecome particuliere
scheepen en vaartuijgen met specificatie hun
„ner Largas, sedert primo septb 1720 tot ultimo
aug 1721. . . . . . . - - - - - . . . . . . - - - - - - - - „ 611.
briefje van 't opperhooft ruis van doornik en den
raad tot Siilipatnam aen haar hoog Ed=ns
tot batavia, gedateert den 6 8ber 1721. . . . „ 619."
NL-HaNA_1.04.02_8834_0009.xml,"Van Cormandel den 31 october A„o 1720
Over Cheijlon
Register van sodanige
brieven, en papieren, als ophe„
„den door den Ed„len Heer—
Gerrit Westrenen gou„
„verneur, en directeur deser
Custen Chormandel
met den resorte van dien
nevens den raad uijt Naga„
„Patnam over Cheijlon
werden g'addresseert aen
den Hoog Edelen Heer
Henric Zwaarde Croon
Gouverneur: Generaal, ende
Edele Heeren Raden van
nederlants India tot
Batavia, namentlijk. —
N:o 1. Originele missive van en aen als in den hoofden
deses van hedigen datum
2 Copia briev van en aan als boven p„r 't schip
Bellevliet in dato 10:e 7ber: ges:
3 _„o missive thans aen de Ed:' Groot agtb:—
heeren bewinthebberen ter vergade„
„ring van XVI1 om p„r de retour„
„schepen van Cheijlon te werden
voort
J:
1"
NL-HaNA_1.04.02_8834_0010.xml,"Van Cormandel den 31 October a:o 1720.
voortgesonden annex 't register
der bijlagen
N„o 4. aparte briev van den Ed:e heer Gouverneur —
Gerrit westrenen, verschreven
aen zijn hoog Edelh„t den gouver„
„neur Generaal Henric
zwaarde Croon,
5. patriasen eijs van retouren uijt dit Gouver„
„nement voor het thansten eijnde
lopende jaar 1720. met de brant„
woordinge in margine gestelt
annex twee opstellen, vande in
gesamelde, versonde, en overgeslo„
„ven retouren tot aenwijsing der
geheele procura d'anno stantij
tegens die van het gepasseerde
Jaar,
6. provisioneelen b'antwoorden patriasen eijs voor
den Jaren 1721.
7. jndiase beantwoorden Eijs van Lijwaten van
dit ten eijnde lopende Jaar.
„
8. formeelen Eijs van zilver, goud, Coopmans: —
provisien, en andre behoeften Et. a
voor Cormandel en 't naastko„
„mende Jaar 1721.
9. negen stux rendementen van verkogte Coop„
man"
NL-HaNA_1.04.02_8834_0011.xml,"Van Cormandel den 31„e October A„o 1720.
Coopmanschappen, en andre goe„
„dren te deser Custen, als, —
3. stux van Nagap: van de maenden
julij, aug:, en 7ber:
3 stux vand' masz: van de maan
„den Junij, Julij, en aug„o zijn van
daar naar Batavia met Bel„
„levliet afgegaen.
2. „ van palliacatta van aug: en 7ber:
2. „ „ Sadraspatnam van opgem: tijd.
2 „ „ Pontonovo ad Jdem
9 stux te zamen als voorsegt
N„o 10 vijf samen treckinge vande Gedane schenka„
„gien in't boek jaar 17 17/20 op gants
Cormandel
11. vijx E=res van gedane timmeragien, en reparatien
in voegen als boven. —
12. drie stux Nagapatnamse munts bevindingen
ged„t 15:e' en 28 aug:s item 2„e 8ber.
deses jaars,
13„ factuur van't overgesondene Calliatourhoud—
met 't schip Bellevliet.
14. Copia resolutien genomen in rade van Corman„
„del tot Nagapatnam 't sed„t
9:e 7ber tot 24„e Courant
15. _„o brieven van hier na masz: sed„t 2:e
aug. o"
NL-HaNA_1.04.02_8834_0012.xml,"Van Cormandel den 31 October 1720.
Aug„o tot 17„e deser
N„o 16. Copia brieven vande Palliacatse opperhoofden na
herwaarts gesz: van 27 Julij tot 24„e 7ber
17. Copia brieven van hier na palliacatta 't sedert
5 aug: tot 17„e Courant
18. _„o van de sadraspatnamse opperhoofden na her„
„waarts van den 3 aug: tot 3„e deser
19. _„o brieven van hier na Sadrasp: 't sedert t aug:
tot den 17„e van dese maant.
20. _„o brieven vande Portonovose opperh: na herw:
vand: 4 aug„o tot 6„e Courant
21. _„o brieven van hier na Portonovo Zed„t 27 aug:
tot den 18 deser
22. _„o brieven van den tegenep=den resident na
herw: van den 20„e aug„o tot 17:e Courant
23. _„o brieven van hier na te genep: van 23 tot
17 deser. —.
24. _„o brieven van hier na Cheijzon, Bengalen-
souratta, Percia, malbaar, Iaffa„
„nap:, tutucorijn, Gale, en Trinc„
„quenemale, van den 13„e aug: tot 11:e
Courant,
25. _„o actens van verbeteringen successive ten
desen gouvernemente gedaen —
t sedert p=mo Aug„o tot 22:e Courant
26. _„o brieven van jaffanapatnam na herw:
van"
NL-HaNA_1.04.02_8834_0013.xml,"Van Cormandel den 31 october A„o 1720.
28. agt stux origineele requesten aen haar hoog Edel„
„hedens gedediceert, als,
1. vanden ondercoopman Cornelis bou„
„dewijns: de Herre:
1. „ den boekhouder Olivier Witmont
1. „ „ boekh„r Cristiaan Poleman
1. „ „ p„l eerste Clercq W=m Crielaart.
1. „ „ Corp„l Boetius Cagias.
1. „ „ sold„t abraham van Castee Le. ..
1. „ „ „ Isak de Graaf, en
1. „ „ „ hendrik Olijv boom
29. briev vanden zoldij boekhouder alhier, verschre„
„ven aen den heer Salomon
storm, oppercoopman, en opper„
„hooft van't Generaal zoldij
Comptoir.
30. tpacquet aen den oud Gouverneur deser Custe—
Adriaan d'visser, om aen den selven
tot Gale te werden voortgeschikt
(onderstond) Nagapatnam 31 8ber A„o 1720.
(was getek„t) M„m Criclaart, eerste Clercq. —
van den 25 Januarij en 8„e april
deses jaars annex een rapport.
N. 27. Copia reecq: van Palliacatta wegens de gedane
timmeragie, en reparatie soo
aen 't fortje Geldria, als 't ma¬
ken van een nieuwe brug
aldaar,"
NL-HaNA_1.04.02_8834_0014.xml,"Van Cormandel den 31 October 1720.
Hoog Ed=le agtb: gebiedende
over Cheijlon ont„
„fongen P„r boeken„
„roode op den 21„e
Januarij 1721. —
schrijvens.
„meragie, reparatien
„wigten Etc„a
Batavia
Aen den Hoog Ed„len Heer
Henric Swaarde Croon
Gouverneur Generaal en d' Ed=le
Heeren Raden van Nederlants
India,
Tot vervolg op onsen geringen van den 9„e —
versolg van ons Laaste september jongstlede over Masulipatnam
aen uE hoog Ed„ns afgevaardigt, waar van het af„
„schrift desen annex is, zullen wij nu soo=
kort mogelijk suppleren, 't geen in de vorige
nog ontbreekt wegens de gedane geschenken,
sprekende van tim „ item timmeragien, en reparatien en ook de
en gevalle onder„ gevallen onderwigten op de Coopmansz etc:a
te dezer Custe geduerende den Loops van 't
1719
boekjaar 17 23/20. daar onder eenige van 't Laas„
„te halv jaar bevorens, die we egter van de
andre zullen onderscheijden, en voor eerst
in't algemeen aenthonen, hoe volgens be„
p. m
1..
„sluijt van 10. ' januarij aen die van Masulip=n
Heer, en Ed=le Heeren
hebben"
NL-HaNA_1.04.02_8834_0015.xml,"Van Cormandel den 31„e October A„o 1720.
„da toegestaan.
dat seker Eramine
grave uijt 's Comps
wat derwaarts
hebben toegestaen, de nodige reparatie aen dnodige reparatie
's Comp„s Logie binnen Golconde te laten doen aen d' zogie in gelcon„
ten bedragen van ro/o 45. 23/32 Conform d'opgave vanden
bramine, die d'opsigt daer over heeft, mits dat„
„se eens moesten ondersoeken of den selven—
wel ter goeder trouwe handelt, terwijl ge„
„duerig met dese en geene vertimmeringen
voor den dag komt, gemelde opsigter heeft
ook geadviseert dat seker bramine, en docter
van des soubaas moeder een spruijt had- van daar berigt
Laten graven, uijt 's Comp„s water Canaal — een spruijt had doen
en hij daar over bij de regenten wel g„e water,
„klaagt, maar geen gehoor gecregen had, waa„
„ran derwaarts g'ordonneert hebben zij daer geordonn„t hebben
tegen moeten doen protesteren, of andre
geoorlofde middelen gebruijken, die 't selve
is 't mogelijk kunnen beletten, volgens
resolutie van 4„e julij; denselven bramine,
heeft volgens zijn berigt, ook een muur —
moeten doen afbreken tot verhelping van't
voorsz water kanaal binnen de Logie; —
daar over had seker Coopman geclaagt bij
den regent, denwelken hem een sjobdaar
had toegesonden, om dat te verhinderen,
dog met het spenderen van een ropie, en 't
aanthonen"
NL-HaNA_1.04.02_8834_0016.xml,"Van Cormandel den 31 October A„o 1720:
in't repareren vonde
thuintje tot mas
waren zij belet door
van seker moor,
aen strekt
pretendeeren te
een bedragen van
12 p=s 'sjaars uijtge„
ons besluijt
aentonen van dies noodsakelijckheijt was hem
geen verder beletsel daer in toegebragt, ter„
„wijlze tot Masulipatnam een heijning aen de
reijning aen't opperhoofzuijd zijde van 't opperhoofts thuijntje gelegen
wilden doen repareren, waren zij daer in tegen
de vrouw er swager gegaen door de vrouw en swager van den moor
wiens er daar melkejie wiens Erf daar tegen aen strekt,
en ook regt van eijgendom daar aen preten„
„deerde, waar van niet wilden afstaen voor
participeeren of met dat souden uijtgekogt wesen met een jaar„
lijxe huur van 12 pagooden; d' opperhoofden
N
N
„kogt te werden hebben ons die aanbieding voor gedragen, en
vermeenden datse ook niet te verwerpen
was, dewijl 's Comp„s Logie dan in't geheel —
van alle omtstaende woningen, en daar door —
van alle brand en ongemacken van buijten
zoude bevrijd, en geveijligt wesen, het eerste
hebben wij als een gepasseerde zaak aangesien,
vermits van de nootsakelijkh„t of on noot saac„
lijkheijt niet konden oordeelen, en 't ook ge„
„ring is; maar wegens 't Laaste raadsamer
dierwege en waar geoordeelt de Masulipatnamse bediendens—
te ordonneren, datse liever eens moesten
onderstaen, of dat Erv niet eens voor altijd
tot een Civile prijs te koop is, zoo ja, ons
deselve
„om."
NL-HaNA_1.04.02_8834_0017.xml,"Van Cormandel den 31„e October A„o 1720.
muur tot palicol te
bedragen voor d' eene
dragen.
deselve dan te moeten bekent maken, om
te oordeelen of het voor d' E Comp„e wel soo veel
waardig sal wesen, alsse pretenderen, of niet,
aangesien deselve daer swaar genoeg belast
zit, met jaarlijxe huur, 't een en ander Conform
besluijt van 10. deser, maar na zuijd van 't
eerstgem: aen die van Palicol toegestaen, g'accordeert d' ring
d'aarde ringmuur rondom dat dorp, door 't doen ophalen, en dies
buijten gemeen hoog water op verscheijde plaat„ helpt bij d' EComp„e te
„sen ingestort, weder te doen ophalen, sullende
volgens Calculatie kosten p=a 120. 5. ½. (dit is de„
selve muur die na dato door 't volk van
Ramarasoe is omvergeworpen, ) en die ongel„
„den gedragen werden d'eene bij d' EComp„e, en
d' andre helvd bij d' inwoonders, dewijl dese-
door den twee jarigen duuren tijd om dien
oort, zeer verarmt zijn, volgens het getuijge„
„nis der opperhoofden, onder recommandatie, dat
se daar ontrent soo suijnig moesten te—
werk gaen als 't mogelijk is, voor al niet
boven d' Evengem: opgave, bij raade besluijt-
van 24 meij hebben wij de Masulipatnamse
bediendens geaccordeert op reek„e van timmera„
„gie en reparatien te mogen afboeken de-
zulke"
NL-HaNA_1.04.02_8834_0018.xml,"Van Cormandel den 31 October A„o 1720.
en reparatien inde
boekjaar 17/2 om dien
„ken.—
„acatta op deselve
soo van 't fortje, als
't maken van een
daar, en—
conjemeren de
Item de timmerage de zulke die inde eerste ses maanden
19
eerste 6/n van dit van 't voorn: boekjaar 17 2/20 om dien
oort gevallen afte becoort waren gevallen, volgens de overgesonden
memorien begroet op ƒ1062. 14. 8. als.
tot Masulipatnam ten bedragen van. . . ƒ 745. 3. 8.
in Palicol. . . . . . . . . . . . . . . . . . . . . . 184. 12.
tot Daatcherom. . . . . . . . . . . . . . . . . 132. 19.
en
somma als boven 1062. 14. 8.
aen die van palli, en aen die van Palliacatta bij dat van 25m„t
rek„en 't bekostigen, op deselve reecq: een bedragen van
ƒ9739:2:12. bekostigt volgens uE: hoog—
nieuwe brug al Edelh„d 'erlangd Concent van 18„e Meij 1713.
aen't fortje Geldria, en in 't maken van een
nieuwe brug (daar tot dien tijd hebbende
voortgelopen) alsoo de opgave niet of al„
„thans zeer weijnig komt te surmonteren,
uijtwijsens de nevensgaande t' samen ge„
„voegde Extracten uijt 't Palliacats negotie
aen d' Logie tot Journaal; de Logie tot Conjemere, op de klagte
nodige reparatie van den bramine en opsigter over deselve,
te laten geschildn door den sadras Patnamsen. baas metselaar,
als daar naast aangelegen, besigtigt, en os
veele plaatsen, voornamentlijk de daken
en vensters defectueus bevonden zijnde, —
hebben wij den 25 junij op 't berigt van die
van"
NL-HaNA_1.04.02_8834_0019.xml,"11
Van Cormandel den 31„e October A„o 1720.
tegenepatn: 't alder„
„noodzakelijkste en
op 't verdre haar
te wagten.
soo mede toege„
gebouwen en pak„
„novo te laten
reparatie aende
van sadraspatnam. goet gesonden, de aange
„toonde gebreken ten spoedigsten te doen ver„
„helpen, om dat toen met een gering bedragen
van 8 a 9 pag: nog geschieden kon, daer men
langer wagtende vrij meer zoude van nooden
gehad hebben; maar de Tegenepatnamse Loojp maer oen die van
t' eenemaal bouvallig geworden, sodanig, en
in diervoegen, dat zelfs de nootwendige repa„hoog Ed=lens ordre af
„ratien alleen ten minsten 160: pa/o. zouden
komen te staen, is bij ons best gedagt voor
„ eerst
„maar de aldernootsakelijkste defecten te=
laten verhelpen, die volgens Calculatie kosten
sullen ƒ 287. 3. 10. en de resterende uE hoog
Ed=lens p„r naasten eerbiedig voortedragen, ge„
ens
„lijk tegenwoordig geschiet, met ootmoedig„
versoek te mogen weten hoedanig daar on„
„trent zullen handelen, dewijl het bij Langer
uijtstel sodanig geschapen staat, dat al de
gebouwen binnen voorn: Logie t' eenemaal
zullen instorten, Gelijk dat laigo consteert
bij voorsz: resolutien, en daar ingelijft rapport,
jtem die van 24„e meij bevorens tot Portonov„ staen de nodige
waaren ook verscheijde gebreken aend' gebouwen
en pakhuijsen binnen 's Comp„s Logie die sonder „ huijsen tot porto„
langer uijtstel moesten verbetert werden
geschieden.
en ten"
NL-HaNA_1.04.02_8834_0020.xml,"Van Cormandel den 31„e October A„o 1720.
„mandatie om al 't
selve op 't menageus.
en Chanderij etc:a al
hier, als onvermijde„
hermaken.
en ten menageusten genomen ƒ936: 19. 4. zullen
„belopen, behalven de koelij loonen, na dato—
door haar begroot op Fo/o 71. 1. /6, waarom tot
vermijding van swaarder ongelden geresol„
„veert hebben, die reparatien ook te laten
geschieden, volgens even gem: besluijt, en
dat vanden 10„e deser, waarin die opgaven
ook geinsereert zijn, onder expresse recom¬
egter met recom„„mandatie vande vereijste menagie te moe„
ten behertigen en d' EComp„e aen geen on„
„te te behertigen „ nodige kosten te helpen, aen 's Comp„s nelij
's Comp:s nelij pattijen pattaijen in dese binne stad en de Chanderij-
buijten 't dorp Mangicolle bij de bleekerij
„lijk ook te laten gelegen, waar in derselver Linwaten gebor„
gen werden, Item de Corps de Garde aen
de poort Amsterdam vereijsten insgelijx
een gants onvermijdelijke hermaacking,
overzulx bij resolutien van 12 april, 24 meij.
en 20 septemb: raadzaam geoordeelt hebben
die ten eersten te laten in 't werk stellen,
de eerste ten koste van p o/a 18: 20. d'andre —
van 21. pagoden, en 5 famuns, en de Laaste
van pa/o 20. 14. ¼. in vertrouwen d'een en
s
ander van uE hoog Ed„ns approbatie sullen
sijn, die daar op bij desen ootmoedig versoeken,
de"
NL-HaNA_1.04.02_8834_0021.xml,"13
340
Van Cormandel den 31„e October A„o 1720.
jaffenep: versonden om
„ren, en vertimmert
item die tot de ex„
chialoupen Eddemo„
nevens gesonden.
de vier Chialoupen onder dit gouvernement gezo„ de a chialouper na
„rende, zijn inde maant october des voorleden aldaar te overwatte
jaars alle kort na den andren van hier na Iaffe„ te werden,
in
nap=m versonden, om daer te overwinteren, en
met eenen van derselver gebreken verholpen
te werden; daer van hebben wij aen den Ed=len
heer Cheijlons gouverneur Isac Augus„
„tijn Rumpf en raad tot Colombo toen
ook de vereijste praeadvertentie gegeven
bij een brievje van 16„e septemb„r, met—
versoek de noodige ordres daer toe aen
den heer commandeur en raad tot Taffa„
„napatnam te willen verleenen, 't geen
ook geschiet is, en om datter voor na „ de benodigtheden
„mentlijk aen de Liev en Eddemonij wel -na reparatie vande
een Extra reparatie vereijste, is toen aen mij en de Lier daar
deselve van hier mede gegeven, behalven de
gewoone pik, theer, harpuijs, roet, en andre
kleijnigheden van touw-werk, Zeijlgaren
etc„a tot verhelping van Geringe defecten,
en 't kiel halen noodig, voor de Chialoup=
Eddemonij.
30. p„s jatij planken van 1½ duijm
2. „ boeg houten
15. „ swalpen, en"
NL-HaNA_1.04.02_8834_0022.xml,"Van Cormandel den 31„e October A„o 1720.
340. lb. holl=s spijkers
De Maria.
20. stux jatij planken van 1 duijm
De Lier
300. p„s jatij planken van 1. duijm
15. „ _„o
15. „ swalpen
30. „ tincanse planken
6. „ palisaat, en
4. „ maroedoe houten
2000. lb holl„s spijkers
200. „ _„o staav ijser
1. p„s anker touw, en
— ½ „ hollands wand van 6 duijm
maar bij onderneming van dat werk
tot Iaffanapatn: wiert metter daad bevonden,
datter vrij meer defecten, principaal aen
De Lier, en Codemonij waren, alsmen
hier gegist had, gelijk het nevens gaende —
Copie rapport dat uijtwijst, waarom op het
nader Eijsje van die vrienden bij brieven van
25„e januarij hier ook in Copie bijgevoegt, den
11. ' februarij nog derwaarts stuurden.
17 p„s jatij planken van 2 a 3 duijm
10. „ _„o _„o
20
O
-
_„os
„ 1½ _„o
10
3 _„o
_o"
NL-HaNA_1.04.02_8834_0023.xml,"15
Van Cormandel den 31„e Octob„r A„o 1720
20 p„s jatij Planken. van 2 duijm
1½ _„o
„
20. „
27 a 30 voeten
„
„
18. „
lang uijt balken gesaagt
1. p„s Anker stokhout in plaats van 1 balk, en
1000. lb spijkers in zoort. en op nog een nader
eijsje van daar bij Letteren van 8 april,
welkers afschrivt desen ook annex is, andere
22: stux planken van 2 duijm
_os
17. „ tinkanse _=o
2. „ molen planken
kiate d„o van 1 duijm, en
55 „
300 lb holl„s spijkers,
waar mede, en 't geen de Iaffanapatnamse
vrienden buijten dien daer nog bijgevoegt
hebben, de voorsz: vertimmering is volbragt,
die de EComp„e komt te staen op ƒ1070. 1. 8 —
behalven d'arbeijdsroonen; gemel: Chialou„
„pen, zijn hier te rug gekeert, de Susanna,
en Maria, den 29„e Januarij, en 4 februarij
d' Eddemonij den 20 maart, maar De Lier —
den 19. n Septemb„r, door dien, mits de felle-
doorwaijende weste winden, en 't afgeloopen
rivier water, daar niet eer heeft kunnen
buijten gebragt werden, nu in dit noorder
saijsoen"
NL-HaNA_1.04.02_8834_0024.xml,"Van Cormandel den 31„e October A„o 1720. —
mas.n versonden om 't
voorjaar met een la„
te komen,
d' Eddemonij van daar
dese rivier gehaalt
etc„a.
maar d' Susanna
na jaffanp=m versonden
om gekielhaalt
te werden,
ten goede vande —
genomen, en
de Lier, en maria na saijsoen, zijn de zier, en Maria na Masulipatn:
overwinteren en in't versonden om te overwinteren, ten eijnde in 't
„ding kleede packen of voorjaar ider met een Lading CLeeden packen te
kunnen afkomen, waar mede zij daar overkropt
sitten, reets ter quantiteijt van.
780. packen, behalven die 'er nog in tussen staen
bij te komen, waarom ook gedagt hadden, —
te rug gekeert, binen datse de Eodemonij daar mede zouden aange„
houden hebben, ten eijnde voors:z, alhoewel —
't gem: vaartuijg den 12 deser hier is te rug—
gekeert, en 5 dagen daar na nog binnen dese
rivier geraakt, maar de Susanna met den
Eerw: predicant Iacobus de Iong p=mo bevorens—
vande Zuijder Comptoiren weer thuijs geko¬
„men, en nog een keer na Sadraspatnam heb„
„bende gedaen om de schenkagie goederen
voor den nabab over te brengen, is vervolgens
na Iaffanap=m gestuurt, om daer gekiel haalt
te werden, en t' overwinteren, waar toe ook
dien eijgen datum versoek hebben Gedaen, aen
le
welm: Ed„le Heer Cheijlons gouverneur en
raad tot Colombo.
drie p„s eer kleedren den 29. e october anno verleden zijn 3 p„s eer„
scherkagie reecq: in „kleederen, door den Manaargoilsen soubedaar
eenigen tijd bevorens aen den gewesen Gou„
„verneur De Visser vereerd, en in rade gewar„
deert
-"
NL-HaNA_1.04.02_8834_0025.xml,"17
Van Cormandel den 31„e October A„o 1720.
„ne geschenken soo tot
Pall: sadrasp: en Por„
„tonovo ende eerste
17 /8 gevallen te mo„
patn: aen de tolle„
palium etc. a zijn af„
van masz d„o 12 p=a
de geschenk aen den
na bab dillawoer„
„chan uijtgesloten,
„deert op Fo 10 te samen, ten goede vande schen„
„kagie reecq: ingenomen, volgens resolutie van
dien eijgen datum, ten bij die van den 8 meij de be„
„diendens tot Portonovo, Sadraspatnam, en Paliacat„
„ta gequalificeert, de gewene geschenkjes, daar geval„ toegestaen de gewo„
„len binnen d' eerste ses maanden van 't voorsz:
boekjaar 17 3/20, te mogen afschrijven, schoon diek van dit boekaar
van Portonovo daer van geen memorien hadden „ gen afschrijven,
overgezonden, die van Sadraspatnam bedraagt
ƒ79. 13. in, en ƒ162 —. — uijtkoops; Jtem den 25. '
maart p a/o 28. 21. 1/1. , door den resident tot Tege, dem die tot tegens
„genep=m volgens gewoonte aen de thollenaars van „ naars van bomme„
bommepalium, en Cattoepoeliaarkoil vereert, „ gegeven,
tot behouding van een vrije passagie voor 's Comp„s
brieven over derselver distrect, den 10 januarij
aen die van masulipatnam, g'accordeert, bij de soo mede aen die —
Palicosse schenkagie reecq: nog te mogen boven 't geprojecteer
doen op brengen p=a 12. –. door den tolk in zijn be„
„sending aen den heer nabab Dillawoerchan,
na Ragiemahindrawaron, boven het geprojec„
„teerde geschenk, aen den selven en zijn bedien„
„dens uijtgeschoten, in vertrouwen dat onver„
„mijdelijk, en noodsakelijk sal geweest zijn, en
onder recommandatie zij in't aanstaende ons
moeten berigten of sulke Extra ongelden
ten regten zijn uijtgekeert, of niet, maer„
aangaande"
NL-HaNA_1.04.02_8834_0026.xml,"Van Cormandel den 31 October A„o 1720.
anders als fausdaer
te beschenken,
voorts g'accordeert
oort in voorts. 3 2/ geval„
„len te mogen af„
„boeken
maar Cadjadie niet aengaende den fausdaar Codjadje Ibrahim, die
jaarlijx als groot gouvern„r wilde beschonken sijn,
daer wij hem niet anders dan als fausdaar wilden
vereeren, zoo als van ouds de gewoonte is ge„
„weest, haar aanges:z, wij als nog bij onse vori„
„ge ordre dien aangaende blijven persisteren,
en geensins van meening zijn om sijneut wille
daar in te veranderen, als van te quaden ge„
„volg, schoon hij in 4. jaren daarom niet heeft
willen genieten, maar zig om Eijndelijk laten
geseggen, en te vreden stellen met d'ordinaire
givte soo als hier na sal blijken, voorts bij
de geschenken om dien resolutie van 14„e meij haar toegestaen op deselve
reecq: te mogen afboeken, al de geschenken—
die in voorsz: tijd van ses maanden om dien oort
soo ordinair als extraordinair zijn moeten afge„
„geven werden, als,
jnkoops.
uijtkoops.
tot Masulipatnam. . . . . . ƒ 877 —. —.
1784. 11. –
438. 13. 6.
in Palicol. . . . . . . . . . . . . . . . 292. 13. 2„
354. 4. 8.
tot Daatcherom. . . . . . . . . . . 169. 2. 8.
668. 2. –
„ Bimilipatnam. . . . ƒ 309. 14. –.
zulx te samen. . . ƒ1648. 9. 10. ƒ3245. 10. 14.
jnsgelijx den 4„o julij gepass„t dat de bimilip=te
bediendens haar hoopl=den op het aangaan van
't Cleede Contract toen vereert hebben met
3¾. a schairlaken; en aen de masulipatnamse
bediendens"
NL-HaNA_1.04.02_8834_0027.xml,"Van Cormandel den 31„e October A„o 1720.
en aen die van masz:
om duan sivene —
„wijn te beschenken
salemp. s door de rot
„ten mogelijk te
„port op dese Custge„
„rige boeken van 17 /9
bediendens overgelaten den duan Juvene met
een fles brandewijn, waarom al verscheijde ma„ met een fles brande„
„len heeft doen aenhouden, te mogen beschenken, en,
of wel met soo veel meer alsse zullen oordee„
„len dat hij benodigt tot gebruijk met medecij„
„ne volgens zijn voorgeven, en na dat een per„
„soon is aan wiens gemst of ongemet d' EComp=e
veel gelegen Legt, wijders bij die van 10 janua:
haar geaccordeert een stux ruw guinees
en een d„o fijne salempoeris, door de rotten
beschadigt, ten besten mogelijk te veroirberen 't stuk gein:t en
het zij tot dongrijs, pleijster doek, of waar beschadigt ten bes„
toe bequaam zal wezen,
verorberen,
wat nu de onder wigten, ondermaten, spillagien,
sprekende vande
etc.:a, in meerm: tijd hier ter Custe gevallen, gevalle onderwigten
maten Etc: bij het —
aengaat, deselve werden bij onse resolutien soo kortzoen vanden opulden
tot 't generaal trans
en duijdelijk als 't mogelijk is, aengetoont, te
weten bij die van 14„e november des voorleden jaars „ vallen die nog de so„
dewelke hier gevallen sijn bij het doen van — raken,
transport van 's Comp„s dispens door den gewesen
dispencier Jan Heije, aen den nieuwen d„o Leo„
nard de Visser onder ult=o april bevoorens;
bij die van 10e. Januarij de sulke als tot Ma„
sulipatnam, Palliacatta, Sadraspatn:
en Portonovo, soo bij de Pakhuijsen, als den
aenbreng van Coopmans: met onse Chialou
pen
C"
NL-HaNA_1.04.02_8834_0028.xml,"Van Cormandel den 31„e October A„o 1720.
„pen en pharen, zijn voortgekomen tot ult:o agtb:
en october des voorleden jaars, bij 't doen van den
opneem tot het generaal transport van dit
hrij
gouvernement benodigt, en bij die van 16„e feb=ri
desulke die op dit hoovd Comptoir bij de pakhuij„
„sen sijn veroorsaakt, t' sedert primo maart tot
ult„o augustij van 't even gem: jaar, sulx dese
alle nog de vorige boeken van 17 1/189 raken
behalven die tussen augusti, en october soo even
gem: gevallen zijn, maar bij onse besluijten
van 8„e en 24 meij, jtem 18. ' junij, zullen vE-
hoog Ed=ns geinsereert vinden de Geene, die
tot Palliacatta, sadraspatnam, en Porto„
„novo, jtem Masulipatnam, en bimilipat„
„nam, mitsgaders op dit hooft Comptoir
sijn voortgekomen, in d' eerste ses maanden
van het boekjaar 17 1/20, en bij dat van —
29 deser, alle desulke die op evengem:
noorder en Zuijder Comptoiren sijn ge„
„vallen in de Laaste ses maanden van 't
voorn: boekjaar, soo dat daer aen maar
eenlijk ontbreken de geene, die men op
op dit hoovd Comptoir in voorsz: Laas„
„te tijd is onderhavig geweest;
tot hier toe van de reparatien, geschenken,
en onder"
NL-HaNA_1.04.02_8834_0029.xml,"21
Van Cormandel den 31 October A„o 1720.
x etc: inde laaste 1/m
op noorder Corman
„del, en —
en onderwigten jder in't bijsonder gesproken, en de„
selve volgens de successive besluijten aengewesen
hebbende, zullen wij nu in 't korte agter den
andren specifice vertoonen hoe veel de twee
eerste inde Laaste ses maanden, en dan wat
1719
somme deselve in't het geheele boekjaar 17 3/8
hier ter Custe in gelde belopen hebben, soo als
d'een en andre in onse vergadering van 10„e en
24. deser even gem„t naukeurig geresumeert,
en onder uE hoog Ed=ns approbatie ook goed ge„
3
„keurt zijn, om datwe niet anders hebben kun„
„nen bespeuren of zij zijn alle, en volgens ou„
„der gewoonte, en insgelijx uijt hooge noodsaak„
„lijkheijt gedaen, en uijtgekeert, en voor eerst die van timmeragie
de timmeragien, en reparatien die in de laaste
ses maanden op noorder Chormandel zijn
gevallen, als.
tot Masulipatnam. . . . . . . . . . . . . . . . . ƒ 1178: 14: 8: —
„daatcherom. . . . . . . . . . . . . . . . . . . . . „ 123: 13„—
„bimilipatnam. . . . . . . . . . . . . . . . . . . „ 155„ 9„ 8.
van Palicol zijner geen opgebragt
bij dese reecq:. . . . . . . . . . . . . . . . „
zulx te samen . ƒ1957. 17. —
Nu die in't geheele boekjoer 17 3/8 om dien oord-
zijn gedaen d' evengem: daer in begrepen, —
te weten"
NL-HaNA_1.04.02_8834_0030.xml,"Van Cormandel den 31„e October A„o 1720.
Cormandel in laats
gem: tijd.
dien op Ganth
Cormandel
geschenken in de Laas„
„mandele
te weten,
tot Masúlipatnam. . . . . . . . . . . . . . f1923/18/-
„daatcherom. . . . . . . . . . . . . . . . „ 256„ 12„—
in Palicol. . . . . . . . . . . . . . . . . . . . . . . „ 189/12„-
tot bimilipatnam. . . . . . . . . . . . . . . . „ 155„ 9„ 8.
Somma . ƒ 2520„ 11„ 8.
jtem op zuijder - die op zuijder Chormandel zijn
geschiet in't laast gem: tijd be„
„lopen namentlijk,
tot Pallicatta. . . . . . . . ƒ 190„12„
„ Sadraspatnam. . . . . . . . . „. . . 233„ 6„ 8
„ Portonovo. - - - - - - - . . . . . . . - „ 156„ 19„
„ Nagapatnam. . . . . . . . . „ 2634„ —10.
„3164„ 18. 2.
't bedragen van sulx de reparatien van 't voorsz:
geheele boekjaar op gants Chor„
„mandel komen te staen. . . . . . ƒ 5685„ 9„ 10„
het montant dar de geschenken van de Laaste ses maanden op
e n opnoorder Eor noordel Chormandel bedragen, als,
Incoops uijtkoops
tot Masulipatnam. . . . . . . . . . . . ƒ 1487„ 1„ 12. ƒ 3006. — 5
in Palicol. . . . . . . . . . . . . . . . . . . „ 857„ —„ —. „ 1043„ 15„ 4
tot Daatcherom. . . . . . . . . . . . . . . . . „ 936„ —„ 8. „ 1625„ 15„
„ bimilipatnam. . . . . . . . . . . . . . . . . „ „ 140„ 8„ —„ 309„ 18„ 8
te samen f 3380„ 10„ 8. ƒ 5985„9„/
en"
NL-HaNA_1.04.02_8834_0031.xml,"23
Van Cormandel den 31„e October A„o 1720.
jaar.
idem op zuijder Cor„
„mandel ingem: —
boekjaar, &.
dan 't bedragen
van dien op gantse
Cust,
schenkagie reecq:
„del, en de samen
ƒ 914„ 8„ 7. ƒ1519. 11. 7.
en die in 't geheele jaar 17 3/2 om dien oord zijn die van 't geheele
afgegeven, te weten,
incoops uijt koops
tot Masulipatnam. . . . . . . . . . . . . ƒ 2320„ 1„ 12 ƒ 4790„ 11„ 3.
in Palicol. . . . . . . . . . . . . . . . . . . „ 1149„ 13„ 2„ 1482„ 8„ 10.
tot Daatcheron. . . . . . . . . . . . . . . . . . . . „ 989„ 18„ 8„ 1718„ 8„ 8.
„bimilipatnam. . . . . . . . . . . . . . . . . „ 450„ 2„ —„ 961„ 10„ —.
In't geheel. . . . . ƒ 4913„ 15„ 6. ƒ 8952„ 18„ 7.
jtem die op suijder chormandel sijn
afgelangt in't even gem: boek
„jaar bestaen in de volgende —
namentlijk:
tot Pallicatta. . . . ƒ 83. 18. 10. ƒ 240. 11. 4.
„ Sadraspatnam. . „245. 5. 8. „ 419. 19. 8.
„ Portonovo . . . - . . - „ 108. 5. 13„ 137. 2. 15.
„ Nagapatnam. . . -„ 470„ 18. 8. „ 721. 17. 12.
soo dat al de geschenken op deser
gantse kust gevallen in't =
719-
meerm: boekjaar 17 27/20. te sa„
men bedragen. . . . . . . . . . . . . . . . . . ƒ5828„ 3„ 13. ƒ 10472„ 9„ 14.
waer van tot narigt nog dient genoteert, datter different inde 3/m
een different hier bevonden is, tussen de 6 maan van noorder Corman
„delijkse schenckagie reecq: van noorder Chor trecking van't gee„
„heel boekjaar. —
„mandel, en de samen trecking van 't geheele
jaar, zulx wanneer men de twee eerste bij een
trekt, deselve dan in geldsom meer komen
uijttemaken"
NL-HaNA_1.04.02_8834_0032.xml,"Van Cormandel den 31„e October A„o 1720.
naaste zullen
aenthonen.
de reecq van schen„
beswaart
„voegt 't geen aen dier
van Pall: is geac„
„cordeert.
uijttemaken dan die van 't geheele jaar een
somma van ƒ114. 14. 8. in, en ƒ278. 11. 8. uijtkoops
gelijk dat sig aanstonds ontwaard bij vergelij„
„king vande hier voor geinsereerde eerste, en
dese Laaste ses maandelijxe reekening met
die van 't geheele Jaar, soo even hier mede in„
twelk haar p„r „ gelijvd, 't welk die opperhoopden per naasten
sullen aenthoonen, dat ook 't vier jarig geschenk
aen den fausdaer Codjadje ten bedrage van ƒ561:
10: 8. in, en ƒ1321. 14. uijtkoops, onder de Masu„
„lipatnamse is begrepen, dewijl hij al den tijd
bevorens niet had willen genieten uijt insigte
reeds gemeld; en dan nog het Extra, dog onver„
„mijdelijk vereerde aen den nieuwen groot Gou„
reden waar door „ verneur over die Land streeken Dillawoer„
„kagie soo pel is „ chan, met sijn gevolg ter s„r van ƒ742: 6. 12.
in, en ƒ1571. 2. 13. uijtkoops, welke te samen
die reekening veel beswaren,
waar bij nog ge„ behalven de vorenstaende zijn volgens laast gem:
besluijt van 24„e deser aen de Palliacatse opperhoop„
„den nog geaccordeert te mogen afschrijven ƒ 65. 12.
die inde maand junij daer verloren sijn bij de public„
„que verkoop van eenige invendible goedren,
waer van het rendement nevens andre in augusti
aen uE hoog Ed=ns toegesonden is, en insgelijx
ƒ149:15:14. bekostigt in 't verhelpen van 's Comp„s
pa linquin"
NL-HaNA_1.04.02_8834_0033.xml,"25
Van Cormandel den 31„e October A„o 1720.
aen d' Conjemeerse en
onder 't voorm„te niet
versoeken,
den nabab was 't
1717 niet bedagt
die nu reeds na —
sadrasp: sijn Getrans
„porteert,
palinquin met zijn toebehoren, maer van de tim„
„meragien en reparatien valt niet meer te seggen
dan dat die aen de Conjemeerse, Tegenep=se, en dog de reparatien
Portonovose Logien reets zijn, En nog werden ge„ sottonovose Logien
„daen, onder de voorm„te niet begrepen sijn, sulx tot begrepen. —
slot op allen desen seer nedrig uE hoog Ed„ns gein„
„stige approbatie versoeken, dewijl d' een en andre waar op approbatie
als voorsegt, onvermijdelijk, en voor den dienst
van d' EComp=e noodig zijn geweest, gelijk uijt
de hier bij gevoegde memorien, en rekeningen
dat nog omstandiger sal blijken,
nu sal men voortgaen met uE hoog Ed=lens eerbie„
„dig te Communiceren wat t' sedert 't afgaen
van onsen Laasten hier ter kuste in 's Comp„s
dienst is verrigt; den nabab over de Carnati „ sedert het jaar
case benede Landen de heer Sadoulachan
't sedert den Iare 1717 van hier niet bedagt sijn
de, en daar toe al verscheijde aenmaningen heb„
„bende laten doen, zijn wij eijndelijk in onse bij
eenkomst van 9 deser te raden geworden, om
dien h„r zijn gunst in en ontrent den Cours van
Comp„s zaaken op suijder Chormandel te behou„
„den, denselven te beschenken met een bedragen
ontrent 1200. pagoden in Goedren, en die nog voor
't kenteren van 't mousson na Sadras Patnam
te doen overbrengen, om daer te laten verblij„
ven"
NL-HaNA_1.04.02_8834_0034.xml,"Van Cormandel den 31„e October A„o 1720.
ramarasoe als mer
die saken is reetse
bedeelt.
door de mas. n bedien
hebben goet gekeurt
ven, tot dat derwegen aen gem: nabab eerst
gesz:, en dan de noodige ordre gestelt,
sal wesen om die te doen opvoeren, en aen sijn
Excellentie inhandigen, gelijkse reede met de —
Chialoup Susanna na derwaarts getranspor„
„teert, daer van aenselven kennis is gegeven,
maar nog niet na 't Leger opgevoert sijn, ter„
wijl na bescheijt wert gewagt, wijd' hoopig is in
de hostliteijten van onse twee vorige wegens de gepleegde hostili„
„de 't vordrag in teijten van den dessaij Caldindi ramarasoe ge„
sproken, ook op wat wijse eijndelijk gecesseerd,
sulx al het geen en die moeijelijkheden door de Masulipatn: —
dens daer in isvruigtministers uijt den weg geruijmt zijn, gelijk
dat ook bij haren briev van 10„e septembr
zij
aen uE hoog Ed=ns Largo hebben bedeelt, soo dat
derwegens nu niet anders kunnen seggen, dan
dat we in onse vergadering van 10. deser
hebben geapprobeert, al 't geene door evengem:
Masulipatnamse opperhoovden tot hier toe,
volgens haar schrijvens, daer in is gedaen, en
verrigt, soo mede datse van dat getroffen
vergelijk aen die van Palicol kennis gegeven,
ook den sergeant met de verloste soldaten van
daar te rug geroepen hebben, en de van hier
gesonde militie daer tot in 't voorjaar sullen
aenhouden, om Codjadje en Ramarasoe in die
vreesp
&"
NL-HaNA_1.04.02_8834_0035.xml,"27
Van Cormandel den 31„e October A„o 1720.
gepass„t de reecq: van
ongelden bij den —
pakh„s meester wit„
„louw in hare reijse
die van daat cherom
gereprocheert over
't beschenken aen
eener miersackij &
haar ook getal den
in zijn reijse daar
dan met d' ord„re sigt
't welk van hier —
aengesien dat de opper
geschenken selfs, —
vreese te houden, en daer door te persuadeeren hare
gedane beloften te eer na te komen, jnsgelijx gepas„
„seerd de reek„e van ongelden bij den pakhuijs
meester Witmont, en tholk Douloe uijtgeschoten mont en thelk doen
in hunne besending aen de Land regenten, om over uijtgeschoten
de onredelijkheden van voorm: Ramarasoe te kla„
„gen, ter somma van pa/o 175. 6. ¼, onder ernstige
recommandatie zij voor al moeten bezorgen d' E„
„comp„r al haar gelede schade, en ook de geroovde
ballegat met Linwaten ten minsten weder
vergoed krijgt, voorn: bediendens hadden die van voorn: bediend:s hadden
daatcherom gereprocheert wegens het voorbarig
afgeven van ½ lb foelij, 1 le van jder der andre
specerijen, en 2 flessen sterken drank aen
eenen Miersakki, die zig daer voor fausdaer
had uijtgegeven Etc„a, haar ook gelast den heer
Arradbeec Chan, wanneer in sijn reijse na- heer arrad berchan
Pagiemahin drawarom daer quam te passe,„ voor bij niet meer
„ren, met niet meer dan d'ordinaire sigt gisterifte te begroeten,
te mogen begroeten, alsoo se versekert waren
dat hij van zijn bediening stont ontbloot te wer„
„den; 't geen bij resolutie van Laastgem: datum hebben goed gekeurd
hebben goed gekeurd, en haar ook aengesz:
sulke onnodige afgelangde geschenken in't aan„hooden d'onnodige
staende door d' opperhoovden zelvs sullen moe„ wielen moeten vergee„
ns
„ten vergoed werden, Conform uE hoog Ed„ns
g'eerde
&
„ten,"
NL-HaNA_1.04.02_8834_0036.xml,"Van Cormandel den 31„e October A„o 1720.
„ringheijt gepasseert.
geschenk voor den
en d' Coopl: jder voor
d'helvt gedragen
vande nog ontbrekende
91 pard„s mogten ont
„heft blijven Etc„a
reden waarom, en
„ten was,
saackelijk hier q'
dog dit om sijn geg'eerde ordre, maar dat dit, om desselfs ge„
„ringheijt nu nog hebben gepasseert;—
tot sadrasp was=t de Sadraspatnamse bediendens hebben de 120. pard:s
nabab bij d'e Comp=e in't jaarlijx geschenk aen de heer nabab, weder ver„
„deelt, d'eene helft bij d' EComp=en, en de andre helvd
bij de Cooplieden te dragen; maar dan ontbraken
versogten d'inesonders er nog 91 tot de voldoening van't geheele geschenk,
groot 500 pard„s, waer van zij versogten dat de —
inwoonders mogte ontheft blijven, vermits sij
seer onvermogens geworden waren, door den
gewesen dueren tijd, en vier jarigen stilstant
inden kleeden handel daer; vande 104 hoovden
wat anders te ditg„ waaren er 't sedert voorleden jaar 15 vermin„
„dert, en maar 89 overgebleven om voorsz:
Lasten te dragen, en die nog zoo verarmt
datse pas 1 â 2 pardans konden opbrengen,
waarom eenige der principaalste op 46 pard=s
hadden moeten taxeren, en sij over sulx be„
„vreest, dat indien men de voorn: 91 pard„s
van haar ook per force wilde invorderen, —
zij hun dan na Covolang sullen begeven,
en daar door dan verijdelt werden de goede
begincelen, tot opbeuring van den vervallen
handel aangelegt, en in 't werk gestelt &:,
't eerste als nood wij hebben dan in dese gesteldheijt der
abprobeert te tijden en zaken en voornamentlijk om 't
evengem:"
NL-HaNA_1.04.02_8834_0037.xml,"29
Van Cormandel den 31„e October A„o 1720.
dog aen d' opperhoof„
vertrouwt hadden, nu
den kleeden handel
daer weder aen de
gang was geh„t—
raisonnement
ad Jdem
evengem: daer na bij gelegen Covelang niet te
voeden, maar alle mogelijke afbreuk te doen, onder
uE hoog Ed„ns Goedkeure, het eerste als noodsakelijk
geapprobeert, en ook besloten de inwoonders voor
ditmaal te ontheffen, van de boven dien dan
nog ontbrekende gt pard„t, in vertrouwen dat
met betere tijden d' E Comp„e wel weer te goede=
sullen komen, dog de opperhoovden met eenengesz: wat dierwegens
aen te schrijven, gelijk geschied is, dat we ge„
„hoopt en vertrouwt hadden Sadraspatnam
18
terwijl den kleeden insaam en handel daar
weder aen de gang zijn geraakt, wat meer
goede inwoonders zoude gelokt hebben, in stede
van inde selve te verminderen, alsoo niet wel
kunnen opmaken, hoe Covelang nu soo ras-
van sulken aangelegentheijt is geworden,
dat het veel nadeel in 's Comp„s handel kan toe„
„brengen, naar dien zij ons zelfs nog soo weijni„
„gen tijt bevorens hebben weten te adviseren,
dat de oostendenaars daer verbleven, in sul„
„ken slegten staat waren, en t' eenemaal on„
„vermogens, en van middelen onversien, omtijets
te kunnen ondernemen, en in 't werk stellen,
ja datse selfs de penningen tot eijge onderhoud
nodig, op Credit moesten Ligten; datwe ook —
niet denken kunnen de negotie van den
jnlander"
NL-HaNA_1.04.02_8834_0038.xml,"Van Cormandel den 31„e October A„o 1720.
met recommanda„
„tie wat van hare
betragting moet
zijn,
termijn pagt van
„ken,
„ordonneert hun in
niet te verhaasten
van Lijwaten,
inlonder daer soo schielijk is aengegroeijd, of—
sal aangroijen, wanneerse door die vreemde natie
niet geholpen wert, en zij in allen gevallen op
onbequame middelen moesten uijtsien om daer
weder zoo veel goede ingesetenen, en die voor d' —
EComp„e van nutte kunnen sijn, in te tocken,
als 't eenigsins mogelijk zal wesen, waar door
dan die geringe Lasten van 500 pardaus aen
meerm: nabab, seer gemackelijk te dragen
g'accord„t 't laaste sullen worden, alles volgens resolutie van 10„e
dat dir aftes boe„ deser bij welke haar ook toegestaen is op de —
gewone reecq: te mogen afboeken, pa=r 758. 23. 2/5.
fammus, wegens het betaalde laaste termijn —
pagt van dat dorp, en dies onderhorigheden
insgelijx goed gekeurd, dat se uijt eijge gebrek,
uijt het daer aangeweest sijnde jagtie, D'
Anna hebben geligt 150. ld. buscruijt, die —
aen den gesaghebber hier ook zijn gerestitueert,
die in palicoe gendie van Masulipatnam hebben na Palicol ge„
't regen mausson ordonneert, datse hun in 't regen saijsoen
met 't afsenden niet moesten verhaasten met het afsenden
van Linwaten, en ons ook geadviseert dat
sij de van daer overgebragte twee ballegats
met Cleeden, in haar soort passabel, maar
daar onder 964. p„s nat bevonden; diese na den
bleek"
NL-HaNA_1.04.02_8834_0039.xml,"31
Van Cormandel den 31„e October A„o 1720.
Coopl: hadden uijt
maar 100 packen g'
de resterende bimi„
't versoek om de twee
verstoote daatcherom
„se handel in 't gesel„
nemen gedeclin„t ten
der twee presente
bleek gesonden hebben; jtem dat de Daat„ de daat scheromse
„cheromse Coople maar 100 packen salempoe,„ den sadraspat: eijs
„ris uijt de 232 d=os en percallen van de —accepteert,
sadraspatnamse geaccepteerd, en zij daarom
de rest bimilipatnam hadden toegedeelt, die Eipatn: toegedeelt
deselve, benevens nog 37 packen, dewelke Daat„
Cherom op Eijge quota al mede te kort quam,
hebben aangenomen te leveren; 't geen bij meerm„t
besluijt hebben geapprobeert, en aan die van't
Laastgen:e Comptoir toegestaen, de doeken die„
„se nog boven de gereet leggende 862 packen
inkrijgen te mogen ruw afpacken, en voor
svaderlant uijtteekenen, wanneerse de„
„selve niet kunnen gebleekt krijgen; maer
't versoek der daatcheromse opperhoovden
om de nu jongst verstoote handelaars hek„ schap weder aen te
„kawenka, en Condoerappaij, weder in 't gesel„ sij met bewilliging—
„schap te mogen aannemen, in zoo verre Coopl:
gedeclineert, dat sulx niet sal mogen ge„
„schieden, dan met volkomen bewilliging-
der presente twee Coopl: op dat men een
eendragtig- en vreedigen insaam daer uijt
mag en kan verhoopen, wijl de Masuli„
„patnamse ministers de vigelantie der
twee Laastgem: bijsonder komen te prij„
sen"
NL-HaNA_1.04.02_8834_0040.xml,"Cormandel den 31„e Octob A„o 1720.
C
Van
packen desen jare
quantit. t versonden, hoe
veel overgebleven,—
tussen dit en 't voor„
en die Gedeurige veranderinge ook niet veel
goeds kunnen baren, en daarom ook goed ge„
„vonden voorn: bediendens nogmaal met Ernst
te recommanderen, datse die der buijte Comp„e
„toiren om dien oord, onophoudelijk moeten
aenmanen tot het kragtig voortsetten van
den Linwaat handel, sonder daer in te mogen
verflauwen, ook als een gepasseerde saak
aengezien, dat die van Sadraspatnam
de 300 p„s fijne Chitsen, en 705. p„s geschilder„
„de neusdoeken, met bellevliet na Batavia
hebben gezonden, sijnde het restantje der
Laaste na dato hier over gebragt;
aentoning hoe veel nu sal hier kortelijk vertoond werden hoe—
ingesamelt, wat veel packen. Cleeden op de respective —
Eijssen van den jare 17 29/0. hier ter Custe —
item 't onderscheijd ingesamelt, wat quantiteijd daer van verson„
„leden jaar. — „den, en hoe veel 'er nog overgebleven zijn.
item 't onderscheijd tussen de Leverantie—
van 't even gem:, en 't jaar bevorens; en
voor eerst de na Batavia versondene, als,
met 't schip Meijnden pack. 1953.
d' stad Leijden. . . . . . „ 1465.
„
Bellevliet. . . . . . . . „ 828.
„
naar Batavia in't geheel. . . pack: 3737.
„ Colombo. . . . . . . . . . . . . . . . . . . . . . „ 40.
„ Iaffenapatnam. . . . . . . . . . . „ 63.
t' samen versonden. . . . . . pack 3840.
waarbij"
NL-HaNA_1.04.02_8834_0041.xml,"33
Van Cormandel den 31„e October A„o 1720.
P„r transport pack:. . 3840.
waer bij getelt werden al de Cleeden
die nu hier op de Comptoiren blijven
overleggen ter quantiteijt van. . . . . 2319.
sulx te samen een nomber van pack. . . - . . - - „ 6159.
waer van aftrecke die den voorleden jare
als overgebleven toen gestelt sijn ten
getalle van. . . . . . . . . . . . . . . . . . . . . . „. 1853.
Zulx voor de genegotieerde van dit jaar—
zoude verblijven maar pack:. . . . - - - - - - . . 4306. —
maar aengesien 't voorleden jaar hier effective
soo veel Cleeden niet sijn blijven overleggen,
als de Cooplieden wel opgegeven hadden, sal
er een verschil tussen de nevensgaande—
twee opstellen gevonden werden van pack: 307.
die bij de bovenstaende moeten getelt —
werden om dat den waren insaen desen
jare is. . . . . . . . . . . . . . . . . . . . . . packen 4613.
den voorleden jare heeft de procure in
maniere voors.:n bestaen in. . . . . . . . . . 4127.
dierhalven dit jaar meer als 't voorleden pack: 486. —
soo datter nog maar een gering different overblijft
van 3 packen, vermits 'er in't opstel ter demonstra„
„tie van 't verschil Etc: in't eijnde gestelt sijn
489. D=os 't geen sekerlijk ook bij d' een of andre
opgave moet toekomen, maar nu mits de Cortheijd
des tijds, soo wel niet na te speuren is geweest;
ondertussen"
NL-HaNA_1.04.02_8834_0042.xml,"Van Cormandel den 31„e October A„o 1720.
sal met de verdeling
der nieuwe Eijssen
gegaen werden
„sten op de Coopm=n
t' sedert 21 aug:
ondertussen sal na 't afgaen deses ten eersten,
na 't afgaan deses en sonder de minste tijd versuijm werden voort„
en d'aan besteding „ gegaen met de verdeeling, en aenbesteding der res„
voor't jaar 172: voore, pective nieuwe eijssen, voor 't jaar 1721. (den
vaderlansen is ons den 17„e deser over Cheijlon
toegebragt benevens 't geagt schrijvens der Ed:
gr: agtb heeren majores uijt Amsterdam in dato
28 Septb: 1719) tegens sulke Civile prijsen als —
immers te bedingen sullen wesen, op dat die nog
tijdig geschiedende als 't behoort, ook Compleet—
voldaan werden, ten minsten soo na mogelijk
op den bepaalden tijd; maar sal men een vol„
„komen voldoening kunnen of mogen verhoopen
in deugtsame Cleeden, soo sullen wij genood„
„saakt sijn de prijsen op eenige, voornamentlj
de grove sortementen, ook een weijnig te verho„
„gen dog waar ontrent egter, volgens onsen
pligt, soo spaarsaam sullen te werk gaan, als
't eenigsints doenlijk sal wesen, en tot geen
hooger bedragen dan om daer op een goede Le„
't bedragen der win„ verantie te kunnen verwagten; de winsten
te deser Custe op den handel waren hier ter kuste behaalt,
t' sedert ons eerbiedig schrijvens van 21. ' augus:
bestaende in dese, als,
tot Masulipatnam in Junij, julij en augustij
te samen. . . . . . . . . . . . . . ƒ26039. 9. 12.
tot Paliacatta in Iulij, aug:s en sextb. r „ 3009. 5. —.
101065. 19. 8.
„Sadras Patnam in voorsz: tijd.
ƒ130114. 14. 4.
transporteren"
NL-HaNA_1.04.02_8834_0043.xml,"35
Van Cormandel den 31 October A o 1720.
„vens gaande en reets
versonde rendementen
voegt drie stx munts
bevindingen met aan
thooning vande daar
op behaalde winsten,
„soen twee inlandse —
in dienst aengenomen
P„r transport. . . . . . . . ƒ130114. 14. 4. —
van„ Portonovo. Augusti, en september„
9479. 14. 12. -
„ Nagapatnam. julij, augusti, en septb„r ƒ3896. 10. 10. —
Somma ƒ143990. 19. 10.
uijtwijsens de nevensgaande rendementen, en de uijtwijsens de ne„
reets overgesonde vande maant Iulij tot
Palliacatta, en Sadraspatnam, die in onsen
vorigen van 21„e augusti niet ingetrocken sijn,
om dat toen van de negotie niet waren op gege„
„ven; — drie stux munts bevindingen van 7- ook hier nevens ge„
parthijen west Cust Gout, soo tot pagoden als
famuns verstempelt, seggen hier ook nevens, waar
op d'EComp: geprofiteert heeft, als,
mark, ons:, eng
westkust gout tot famuns
93. 1. 10. ¼
verarbeijd, en daer op gewon„
„nen. . . . . . . . . . . . . . . . . . . . . ƒ 5511. 13.
rekent 16 pcto
19. 4. 6. ¼. ongesmolten berg gout idem„ 1231. 2. 14.
beloop 17 /½ p=cto
328. 7. 17. —. westcus't goud tot pagoden „ 23763. 12. 3.
geeft 19½ p=r C=to
381. 1. 19. ¼. westkust gout als boven „ 28173„ 13„ 10.
6. 6. 5. ½. berg goud adjdem. . . . . . . . „ 329. 14. 11.
is 12 3/32 P=r C=to —
ƒ59009 16. 6.
rekent door den andren geslagen
16. 1/16. r=m p„r C=to, advans.
ten aensien van ons bijsonder swak guarnisoen sij mits 't swak Guarni
volgens besluijt van 20. e Septemb„r in 's Comp„s kinderen als sold„t
dienst aengenomen d'onderloose jongelingen Ian
Iurgen Bigge en „ Iohannes Buijs, beijde van
nagapatnam"
NL-HaNA_1.04.02_8834_0044.xml,"Cormandel den 31„e October A„o 1720. —
van
rosendaal den laasten
keijser Carel en den
schip opmadras aenge
overgecomen.
dienst aengenomen
te werden,
den eersten als
sold„t in dienst
aengenomen
bij eerste occasie
aengesz: met hun
swak garnisoen
de redenen waar„
„om
Nagapatnam, voor soldaten met ƒ 9. — ter aand,
ider, onder een verband van 5 jaaren,
willem scheij en adri twee persoonen met namen Willem Scheij van
met 't oost endischip amsterdam, en adriaen Rosendaal van schiedam,
eerste met een engels waer van den Laasten 't voorleden jaar met 't oost„
„lant en p=m deserhier indis schip Keijser Carel hier te Lande gecomen,
en in engelsen dienst was overgegaen, en den eerste
in't jaar 1709. in dienst van die selve natie is—
uijtgevaren voor soldaat met 't schip Hallifax —
en dus Lange tot madraspatnam bescheijden ge„
„weest, sijn in augustij van daar te samen tot
Palliacatta hier gecomen, aengeven, met versoek
met versoek in in 's Comp„s dienst te mogen aengenomen werden,
en p=mo deser met de Chialoup Susanna hier
overgebragt, den eersten is volgens resolutie
van 4„e daer aen voor sold„t met ƒ9- termaand-
in 's Comp„s dienst aengenomen, maer den an„
maar den andren deren wert hier soo Lange aengehouden tot dat
bijn rater zoo ede bij naaste occasie ter dispositie van uE hoog
op te senden Ed=ns kan opgesonden werden, aen die van
die van paliacatta Paliacatta is volgens besluijt van 10„e deser
aengesz:; datse haar met hun swak guarnisoen
ten beste mogelijkten besten mogelijk moesten behelpen, tot soo
moeten behelpenhange wij van uE hoog Ed=ns met recruten sul„
„len versterkt sijn; gelijk in onsen onderdani„
„gen van 21 augustij gestelt hebben, dat
zoude moeten geschieden, en de redenen
waarom, maar op 't versoek vanden Eerw:
kken"
NL-HaNA_1.04.02_8834_0045.xml,"37
Van Cormandel den 31. ' October A„o 1720.
Indragen dan den por„
meer toegelegd
„tugees voorleser
cassier tot boekhou
en van d' diaconij nog
400 pagoden op in
nog gaan af 4 stx:
requesten
kken raad, en 't voordragen van evengem: maar op haar voor
Palliacatse bediendens, is aen den pottu„
„gees voorleser daer Pieter Ferdinandus -aldaar, i pagood-
nog een pagood aan zoon meer toegelegd, be„en, —
„vorens wou hij 3. / zulx nu 4 pagoden 'smaans
zal genieten, item den Portonovosen Cas„ den portonovo seer
„sier Mattijs Pleiffer g'advanceert totder geadvanceerd,
boekhouder met ƒ30. ter maand, onder een
nieuw verbant van drie jaaren, En eijn„
„delijk nog goedgevonden 400. pagoden uijt
de diakonij penn: hier bij d' E Comp=e op in„r
„trest te nemen, ingaende primo septemb„r trest genomen,
hier nevens gaan ook over de requesten van
Cornelis boudewijnse de sterre ondercoop„
„man en opperhoovd in Palicol. Olivier Wit„
„mond boekhouder en pakhuijsm„r tot Ma„
„sulipatnam. Christiaan Poleman, boec„
en factuurhouder op dese hoovd plaatse
en Willem Crielaart p„l eerste Clercq ter
Nagapatnamse secretarie, versoekende—
den eersten om tot de qualiteijd van Coopm:
de twee volgende met die van onder Coopm:
en den Laasten om met het ondercoopmans—
tractement te mogen g'vordert werden,
en begunstigt; welke persoonen wij ook
in uE:"
NL-HaNA_1.04.02_8834_0046.xml,"Van Cormandel den 31:' October A„o 1720.
„de versoeken haar hoog
Ed=ls gunst werd versogt
maar de instantie—
hermanus de vos om 't
assistents Costgelt
gedeclineert.
aen de pen getrocken
hier nevens gevoegt
formelen Eijs van
goud, silver, Coopms.
van 't verzonde Callix
beelevliet
op welke geinseret„t DE hoog Ed=ns gunste op 't eerbiedigst recom„
„manderen, maer d' instantie van Masulipat„
„nam gedaen voor Pieter de Clercq, en Her„
voor S„ delberoq en „ manus de vos, om 't assistente Costgelt te mo„
gen genieten, is door ons van de hant gewesen,
als te voorbarig, terwijl haar eerste versoek om
aen de pen te mogen gebruijkt werden, door
uE hoog Ed=ns nog niet geabbrobeert is, dog uijt
noodsaaklijkheijd uijt de militie, hier nog aen
uijt noodsaaklijkej de pen getrocken, den soldaat Ian Croes-
den sold„t Jan Croes in vertrouwen van uE hoog Ed„s goed keure
zal sijn, nog is desen versellende een forwee„
„len Eijs van goud, zilver, Coopms. en andere
behoevten in dit gouvernement benodigt, voor
&a door den jaro 1720 den Jare 1721. met gants nedrig versoek dat
door uE hoog Ed=ns goede voorsorge mag voldaan
item de factuur werden, item nog een factuurtie van 30262 ld
„atour met 't schip kleen kalliatourhoud in't schip Bellevliet,
hier afgescheept ten bedragen van ƒ716. 7. 8. -
alsoo de factuure, waer bij 't selve onder an„
„dre van hier Masulipatnam is aangerekend,
den 10. e. September eerst derwaarts versonden,
en bij gevolge na de depeche van dien bo„
„dem na Bimilipatnam, daer eerst ontvan„
„gen sal wesen, en daarom door haar batavia
niet"
NL-HaNA_1.04.02_8834_0047.xml,"39
Van Cormandel den 31:' October A„o 1720.
berigt wegens de gevor„
steenen voor Ceijlon
steenen niet met in„
na derwaarts over
op met aanthoning van
niet aengerekent, bij onsen nedrigen van 21. ' haar hoog Ed=s reeds
augusti, meerm„t, is in't voorbij gaen aen gewe„derde 3 kruijtmolen
„sen, dat van Cheijlon voor de Cruijtmole van
hier gevordert zijn, drie stx groote molen steenen,
en bij die van 9 septb„r dat deselve op sadraspatn:
waren aanbesteed, tegen pag: 315; nu sal tot
vervolg dienen, dat meerm: Ed=len heer Cheijlons
gouverneur en raad tot Colombo bij Letteren van
10. ' meij ons gevraagt hebben, of de voors: stel, hare vraag of voorm:
„nen niet met een a twee kloeke in Landse vaar„lantse vaartuijgen
„tuijgen van hier derwaarts over te brengen, te brengen sou wesen,
souden wesen, soo neen, dat dan een der groot„
„ste Chialoupen dit heen soude schicken, om
gem: steenen aftehalen; wij antwoorden den 24. ' ons antwoort, daer
d„o dat we het genoegsaam voor onmogelijk aen „ onmmogelijkheijt; —
„sagen die sware steenen met jnlandse vaartuij„
„gen te doen derwaarts transporteren, ja dat
selve haar Ed„le grootste Chialoup daer toe niet
in staat. soude wesen, vermits hier in 't jaar—
1707. ondervonden was, wat moeijte en gevaar
het is onderworpen geweest om 6 stux dierge„
„lijke molen steenen inde fluijt driebergen over
te schepen, niet tegenstaende dien bodem
van Batavia had mede gebragt, alle de daer
toe vereijste, en noodige gereedschappen, en touw
werken"
NL-HaNA_1.04.02_8834_0048.xml,"Van Cormandel den 31„e October A„o 1720.
soude nemen, of deselve
„rauws te vervoeren
sullen sijn,
rigt en d'ondoenelijk
een schip zouden
vereijssen,
twelk aan welm:
gecommuniceert.
d'anna met 30 stux
sware drijvhouten
dit heen schikten
en hier vervolgens
na Sadrasp:
werken, te min de grootste der nu gevorderde-
volgens 't model, nog wel 1/3 vort in zijn diame„
egter een preuve„ ter grooter zal wesen, als 'er ooijt bevoorens tot
met grote Cattama adras gekapt zijn, en wij daerom liever eerst
een preuve wilden doen nemen, of deselve—
met grote Cattemarauws niet te vervoeren,
en derwaarts over te brengen zullen sijn, —
vog die van Sadrasp„t be„ &„a maar die van Sadraspatnam, aen dewelke
„heijt en dat daer toe wij g'ordonneert hebben 't selve te onderstaen,
berigten ons den 18. ' junij 't ten eenemaal on„
„doenelijk was, die swaare steenen met vlot„
„ten te kunnen vervoeren, en daerom een
schip daer toe soude vereijssen, voorsien met be„
„quame Geijens, en andere gereetschappen, om
sulken groote swaarte te kunnen over en in
sijn Ed„le en raat is nemen, hier van deden wij verslag aen welm:
Ed. ' heer Gouverneur, en raad bij een brievje
van 20 julij, op dat daar ontrent soodanigen
schicking konde maken, als souden oordeelen
die daer op 't jagje te vereijssen; die daar op 't jagje d' Anna-
dit heen schickten met 30. stux van de —
swaarste en beste drijvhouten die in de—
Gaalse en Madurase Landen te vinden wa„
„ren geweest, in gedagten meerm: steenen daer„
mee wel te vervoeren, zoude zijn, wanneer
daar"
NL-HaNA_1.04.02_8834_0049.xml,"41
Van Cormandel den 31„e October A„o 1720.
verswarigheden van daar
materialen,
daar van bequame vlotten wierden gemaakt, —
in
dewelke dan ook in diervoegen na Sadrasp=m
gesonden, als dat reets gecommuniceerd hebben
in onsen laasten van 9. ' septb„r; maar op de ge„ op de gemoveerde
„moveerde swarigheden van die van Sadrasp=n bijnog de volgende-
haar brievje van 17: d„o zijnwe genoodsaakt ge„
„worden den 24. ' daer aan, 't voorn: jagje nogmaal
.
daar heen te zenden, met
9 P„s gesorteerde trossen
1 „ schijp kaijer van 60 lb
3 „ springen tot anker touwen voor de Cattema„
„rans
40. bossen bengaalse huijsing
3 p„s dreggen,
3 „ presennings
3 „ blocken
3 „ water vaten, item nog
22 „ sware drijphouten tot 't maken van
vlotten;
4 „ planken
2 „ masten voor deselve
4 „ rhaas
6 „ ribben
20 „ morkels.
2 „ molen planken
9. jatij"
NL-HaNA_1.04.02_8834_0050.xml,"Van Cormandel den 31. ' October A„o 1720.
of Cattamarans lie„
„den Etc
heden daar te laten
dog opperde weer hij
nieuwe swarigheden
houte verscheijde van
9 p„s jatij planken van 1 a 1½ duijm
12 „ riemen met haar bladen, en dan ook
jtem 10 macquas 10. Macquas, of Cattemaranslieden, om twee
van die vlotten daer mee te bemannen, ter„
„wijl sij klaagden daer niet meer volk te heb„
de verdere benodigt„ ben dan tot een vlot, met ordre datse de be„
maken, en inkoph „ nodig de zeijlen daer selvs konden Laten ma„
„ken, en 't doek daer toe inkoopen; aen voorsz
10. Cattemauraus lieden is bij provisie 40 pard:s
op hand gegeven, met beding datse de rest-
zullen ontvangen wanneerse van Colombo
te rug komen, des niet jegenstaende quamen
bij een briev van 3 deser weer nieuwe swa„
also onder de 22„ righeden t' opponeren, de jongst van hier ge„
stux toegesonde „ zonde 22. stux houten, waren van minder
geen nit waaren dienst, als 8 stux van de versogte, geen een
swaar hout wasser onder, maer wel 4 a 5 stx:
die tot dat werk geheel onnut waaren, onder
de Cheijlonse zo. ook diverse die de mac„
„quas verklaarden geen drijv houten te zijn,
ja dat sulx vertoond, en eenige daer uijt ten
haren bijwesen in zee gebragt hadden, wan„
neer bij de preuve was gebleken, datse—
sulx nog 4 Catta pas 3 duijmen boven water dreven, Etc:a,
maraus benodigt zulx nog 4 Cattemarauws ider van vijv der
swaar
en"
NL-HaNA_1.04.02_8834_0051.xml,"43
Van Cormandel den 31. ' October A„o 1720.
„woort is geen een
„ken - en
dat zij haar ten
besten mogelijk moe„
ten behelpen, en ma„
„ken dat die steenen
nog op zijn tijd na
Colombo werden geson„
dog daer op geen
„ langd
't jagje d'Anna van
„le vertrocken met
swaarste drijx houten benodigden, om dat werk
te konnen uijtvoeren, maar wij antwoorden haar waer op haar geant„
ten Laasten den 17 deser, datwe niet in staat warelijte kunnen beschic„
haar een eenig zoodanigen Cattemarauw, te beschic„
ken, en dat hier alles gedaen was, wad 'er had kun„
„nen gedaen werden, dat de hoofden der macquas
de Laastgesonde 22 houte hier selfs besigtigt
en goed gekeurd hadden, ja dat se d' EComp=e op
ruijm 96 pa/a quamen te staen, en zij daerom „ den
haar ten besten mogelijk met die, en de vorige,
item de andre gestuurde gereedsz: moesten
behelpen, en ook besorgen dat die steenen,
was het niet alle drie, ten minsten de
Legger en nog een Looper of soo 't mogelijk wa„
„re, te samen nog op zijn tijd na Colombo wierden
versonden, op dat alle die gedane kosten niet vrug„
„teloos, en om niet mogten aengelegt wesen, —
gelijk dat alles nog omstandiger blijkt bij de
gem: brievjes-tussen Sadraspatnam, en dit
Comptoir daer over gewisselt, maar tot nog nader bescheijt er„
toe hebben wij geen nader bescheijt van
daar becomen, voorn:„t jagtje d' Asnna is hier na trinquerema„
den 10 deser van hier na Trinquenemale ver„ 45 Lasten rijst —
„trocken met 45 Lasten rijs, in stede van al
de hier in voorraad Leggende voor dat gouver„
„nement"
NL-HaNA_1.04.02_8834_0052.xml,"Van Cormandel den 31 October A„o 1720.
sijn van Cheijlon p„r
hier aangebragt,
mas.n nog andre
10000 lb. —
bo op gedaen versoek
„den met 4800 stx:
goude Coebangs tot
nement, soo als abusive bij onsen Laasten van
9. ' september hebben gestelt dat geschieden soude,
dewijl dat bodemptje niet meer als de voorsz
quantiteijt heeft kunnen innemen; om daar
het kenteren van wint en stroom aftewag„
„ten, en dan sijn reijse na Colombo voort te„
de 18000 lb peper „setten, de 18000 lb peper, die we volgens -
inhonte vaartuijg ons berigt van 21 augusti, aen uE hoog Ed=ns
nog van Cheijlon stonden te krijgen, en
toen reeds onderwege waren, zijn tsedert
p„r inlands vaartuijg„ aengebragt in't laast
item p„r 't sloepje van even gem: maand, en den 10. ' april bevoo„
„rens met 't Chialoupje Masulipatnam, 't geen
den gewesen Gouverneur De Visser na
Gale had overgevoert, op desselvs te rug
reijse van Colombo nog andre 10000. lb.
soo dat nu van daer in't geheel becoomen
hebben 84000 lb peper, gelijk ook door —
welm: Ed=len heer Cheijlons gouverneur—
en raad tot Colombo, op ons versoek, om
en staen van holan met een bedragen van 40000. pag: in hou„
geassesteert te werde specien van daer te mogen geassisteert
werden, indien 't doenlijk ware bij eerste —
den klerden handelsecuure gelegentheijd staen bij gesprongen
te werden, met een quantiteijd van 8400 stux
goude
E"
NL-HaNA_1.04.02_8834_0053.xml,"45
Van Cormandel den 31.:' October A„o 1720.
oost indische
goude Coebangs, volgens haer Ed„nes Erlangde toeseg„
„segging, van P=mo deser alsoo vreesen dat hier
al vroeg tijds van goud en Contanten ontsloot,
en daarom in verlegentheijt sullen geraken,
tot nodige voortsetting van den Cleeden han„
„del, dewijl tegenwoordig of onder ult„o sept:s
hier niet meer aen handen hebben gehad, —
dan een bedragen van ƒ245145. –. –. in gelden
Goud; —, waar mede uE: hoog Ed„ns met den
staat der generale maatschappij den hemel-
ter protextie bevelen, en na eerbiedige saluta
(onderst„)
„tie verblijven Hoog Ed=le agtbare gebiedende
Heere, en„le Heere, uw Hoog Ed=ns onderdanige en
gehoorsamen Dienaren (was geteek.t) G„t westrenen.
I. v: burg, G„r Maire, Adr: Pla, alb„r v: weede, —
I: Immens, Corn: v: Outvelt Liden secret: H: Haak,
fred=k Elliot, B: V: duijn, Crist: Poleman
d'I„o (ter zijde stond) Nagapatnam den Laasten
octb„r A:o 1720. ,
Nederland
Aan Den Ed„le Groot agtb:
Heeren D' Heeren Bewint hebbe„
„ren ter vergaderinge van 17=ne re„
„presenterende de generale ver„
„eenigde Nederlandsen g'octroijeerde"
NL-HaNA_1.04.02_8834_0054.xml,"Van Cormandel den 31„e October A„o 1720. —
Ed=le gr: agtb: hedens
van den patriasen
Eijs voor Ao. 1721
wegs d' in deugt verbe„
werk gestelt wer„
„den wat mogelijken
oostindische Compe
ontvang van haer na den andren zijn ons wel aen handen gecomen
schrijvens verselt uE: Ed: groot agtb: g'eerde Letteren, van den 9 octob:
1716, drievoudig, en 28 Septemb: 1719. dubbeld, benevens
de Extracten uijt de brieven aen de hooge jndise
regeering tot Batavia gesz: in dato 12: ' maart
1718, n=o maart 27. ' julij, en 28. ' Septemb: 1719. en de
verdre documenten bij de registers geciteert,
daar onder ook den eijs van kleeden, uijt dit gou„
„vernement voor den jare 1721, wij zullen kortelijk
op deselve in antwoort dienen, dat al het gene
den kleeden handel betreft, waer over uE groot
„torde doeken in 't Agtb. in't bij sonder klagen, behalven dat in —
evengem: eijs nu hebben gestelt gevonden, het
Laast van hier gesonden, ruw en geb„t Guinees
wel bevonden is, wij daer ontrent alles sullen
in 't werk stellen wat mogelijk is, niet om
alleen d' EComp=en in deugt verbeterde doeken
te doen Erlangen, maar ook te besorgen dat de
Eijssen ter behoorlijker tijt, en soo na mogelijk
Compleet voldaen werden, waer toe den nieuwen
Gouverneur Gerrit Westrenen uEd: groot
Edele groot Agtbare gebie„
dende Heeren,
agtb:"
NL-HaNA_1.04.02_8834_0055.xml,"47
Cormandel den 31„e October A„o 1720.
Van
ten dien eijnde ook
sommige sortemen„
agtb: versekert, geen uijtdenkelijke middelen te
sullen nalaten die in zijn vermogen zijn, om dat
Emportante werk na derselver g'eerde intentie
uijt te voeren, indien maar de tijden en saken
daer in geen hindernissen toebrengen, 't geen niet
verhoop, maer aengesien den gewesen gouverneur
de Visser den 15 febr„ij 1717 op dit hoovd Comptoir
de prijsen op ider pak ruw.
guinees. . . . . . . . . . . . . . . . . . . . . . . . pao — 18 —.
salempoeris. . . . . . . . . . . - - - - - - - . - „ 5. 12. —.
parkallen. . . . . . . . . . . . . . . . . . . . . . . „ 8. —. —.
bethilles Oetisaals - - - - - - - - - - - - - - - - - - - „ 6. —. —.
d„o fijne breede geb=te Lang 20 en 21 breet 2 a „ 18. 12. —.
smalle _„o. . . . . . . . . . . - - - - - - - - - „ 3. —. —.
„
„
grove brede d=os Lang en breed als boven „ „ 12. 16. —.
heeft vermindert, en de Cooplieden t' sedert altijd
geclaagt hebben, en nog klagen, datse schade—
bij sodanige Leverantie hebben, en daarom ook eenige verhoginge op
telkens soo weijnig hebben ingelevert, soo salmer ten toetestaen,
genootsaakt zijn, gelijkt dan ook aen welm:
haar Ed: Agtbare tot Batavia ook gepreadver„
„teerd hebben, op sommige sortimenten, en voor„
„namentlijk de grove eenige verhooging toe te staen,
salmen een Compleet voldoening der Eijssen in
deugtsame kleeden kunnen verwagten, want
verbetering
reden waarom"
NL-HaNA_1.04.02_8834_0056.xml,"Van Cormandel den 31. ' Octob„r A„o 1720.
eijste ingesamelde
„de packen,
de beantwoorden
item in Copij de nu
afgaende advijsen
na batavia,
waer uijt sal blijken
gang van den klee„
„den handel, &. a
wegens wedues in de
munt saken is haar
„comminuceert,
verbetering in deugt, en vermindering in de prijsen
te gelijk te willen invoeren kan van geen ander
gevolg wesen, als een stremming in den handel
te veroorsaken, egter sal er soo spaar saam in te
werk werden gegaen als 't mogelijk is, en niet meer dan
aenwijsing der genodig is, om 't gewenste oogmerk te bereijken hebben
en te kort gelever„de den gantsen in saam hier ter Custe desen jaren
bestaen in een quantiteijt van Packen 4613. sulx
nog op de respective eijssen, die te samen een
merckelijk aentol van 7008 Pack: ingehouden hebben,
Eijschen geen open, te kort een nomber van 2395. packen, gelijk 't een
en ander uijt den nevens gaende beantwoorde Eijs=
„sen, twee aparte opstellen daer uijt geformeert,
item een afschrivt van onsen briev aen welm:
hooge jndise regeering, van huijdigen datum, duijde„
„lijk zal blijken, en daer uijt met eenen Consteeren
dat den kleeden handel hier weer redelijk schot be„
„gint te schieten, gelijk ook in hoope leven, dat
in 't aanstaande jaar 1721. niet verminderen, —
maar vermeerderen sal, waer toe als voor segt
den radelijken soor alle behoorlijke middelen werden te werk gelegt,
om uE: groot agtb: na vereijs te dienen, volgens
onsen pligt, aengaende de muntsaken hebben wij
al mede aen welen: haar Ed: Agtb: tot Batavia, —
Ed„le agtb: Imnstandig ge„omstandig geschreven, en wat reets tot redres en
voortkoming van verkeerde handelingen hebben in't
werk gestelt, als ook 't gene door den herwaarts aen
gesonden"
NL-HaNA_1.04.02_8834_0057.xml,"49
Cormandel den 31. ' October A„o 1720.
Van
„kende enterlopers
apart, aen d' gedeputeer
de waar aan sig ge„
„draagt,
19 Casje met Corman
gesanden Essaijeur Frederik Elliot is uijtgevoert,
waer aen ons bij desen ook eerbiedig gedragen, soo
dat in hope Leven uE groot Agtb: daer in mede 't
vereijste genoegen sullen scheppen, wegens de on wegens de be„
nu soo al ombekende Enterlopers schrijvt den schuijt den gouvern:r
ondergetekende Gouverneur volgens uEd: groot
agtbare bevel apart aen d' Ed„le groot Agtb: ' heeren
gedeputeerde en gevolmagtigde bewinthebberen
uijt de vergadering van 17=en. waer aen sig ook eer„
„biedig gedragen, terwijl desen nog verselt een kas„ nog gaat over een
„je met Cormandelse soldij boeken vanden jare 17/0 dese zoldij boeken
met hare bijlagen, volgens apart register in Copie
hier ook bijgevoegt, waer mede &„a (was getekent)
Gerrit Westrenen, P„r: V: Burg, G„ Maire, H.
Jacobsz, A. DLa, A: v: weede, J Immens, C: V:
Outvelt, Lid en secretaris, H: Haak, F: Elliot. —
B: v: Duijn, en C: Poleman d' J„s (in margine)
Nagapatnam den Laasten october 1720. —
(onderstond) Accordeert, W=m Criclaart, eerte Ez:
Rendement"
NL-HaNA_1.04.02_8834_0058.xml,"Van Cormandel onder dato 31„e October A:o 1720.
Rendement vande naar gespecificeerde=
Nagapatnam in dese maent julij voor Contant ver
uijtkoops komt te bedragen, wat daer op en op de geheele
uijt de Negotie Pakhuijsen
28. —. lb ronde peper. . . . . . . . . . . . . - - - - - - - - - - - - - - - - - - - - - - - - - - - - - - -
Zeuglood - - - - - - - - - - - - - - - - - - - - - - - - - - - - - - - - - - - - - -„
1320. — „
fermelioon. . . . . . . . . . . . . . . . . - - - - - - - - - - - - - - - - - - - - „
½ „
4¾ „ foelij. . . . . . . . . . . . . . . . . . . . . . . . . . . . . . . . . . . . . . „
3¼ „ Nagelen. . . . . . . . . . . . . . . . . . . . . . . . . . - - - - - - - - - - - - - - - - -
21¼ „ Noten. . . . . . . . . . . . . . . . . . . . . . . . . . . . . . . . . - . - - - - - - -
39½ „ _„o armosijnen. als —.
20½ p„s aen 's Comp„s dienaren. . . . . . . . . . . . . . . . . . . . . . . . . . . . . . . . . . . . „
19 „
d' inlanders. . . . . . . . . . . . . . . . . . . . . . . . . . . . . . . . . . . . . . . „
2¾
p„s dubbelde armosijnen, als,
—¾ p„s aen 's Comp„s dienaren. . . . . . . . . . . . . . . . . . . . . . . . . . . . . . . . . „
2 — „ „ d' inlanders. . . . . . . . . . . . . . . . . . . . . . . . . . . . . . . . . . . . „
1. p„s bruijn blau salempoeris - - - - - - - - - - - - - - - - - - - - - - - - - - - - - - - - - - „
—½ el schairlaken. . . . . . . . . . . . . . . . . . . . . . . . . . . . . . . . . . . . . . . . . . . „
1 — p„s percioens overzeer. . . . . . . . . . . . . . . . . . . . . . . . . . . . . . . . . . . . . . „
1 — rob mmacouwse stoff - - - - - - - - - - - - - - - - - - - - - - - - - - - - - - - - - - - - - - - - - - „
S.
uijt 't Provisie maguazijn —
11. — ld kraak amandelen - - - - - - - - - - - - - - - - - - - - - - - - - - - - - - - - - - - - „
62— „ Gemeene d„os. . . . . . . . . . . . . - - - - - - - - - - - - - - - - - - - - - - - - - - - - - „
59 — „ rasijnen. . . . . . . . . . . . . . . . . . . . . . . . - - - - - - - - - - - - - - - - - - - - - - „
64 — „ kismis. . . . . . . . . . . . . . . . . . . . . . . . . . . . . . . . . . . . . . . . . . . . . „
ff
4½ kass: persiaans Claret wijn. . . . . . . . . . . . . . . . . . . . . . . . . . . . . . . . . . . . . . „
1½ _„o _„o ordinaris d„o - - - - - - - - - - - - - - - - - - - - - - - - - - - - - - - - - - - „
16 — kann: france wijn. . . . . . . . . . . . . . . . . . . . . . . . . . . . . . . . . . . . . . . . . . . . . . . . „
21— _„o zek wijn. . . . . . . . . . . . . . . . . . . . . . . . . . . . . . . . . . . . . . . . . . . . . . . „
3 — p„s groote flessen rosewater - - - - - - - - - - - - - - - - - - - - - - - - - - - - - - - - - - - - „
1 — bos javase Rottings. . . . . . . . . . - - . - - . . . . . . - - - - - - - - - - - - - - - - - - - - - - - - - - „
van d' houd werf
1 — P„s huijs balk. . . . . . . . . . . . . . . . . . . . . . . . . . . .
In de stad Nagapatnam den Laasten Julij Anno 172
2 - „ „ Enkelt taftas. . . . . . . . . . . . . . . . . . . . . . . . . . . . . . . . . -. . . . . „
1 — „ dubb„t mombanijs - - - - - - - - - - - - - - - - - - - - - - - - - - - - - - - - - - - „
25 — p„s bandenoes - - - - - - - - - - - - - - - - - - - - - - - - - - - - - - - - - - - - - - - - - - - - - - „
6— „ dubbelt taftas. . . . . . . . . . . . . . . . . . . . . . . . . . . . . . . . . . . . . . . - „
1 3/8 „ Caneel. . . . . . . . . . . . . . . . . . . . - - - - - - - - - - - - - - - - - - - - „
„
-
-"
NL-HaNA_1.04.02_8834_0059.xml,"51
Van Cormandel onder dato 31„e Octob„r A„o 1720;
16„6„10„
1„7„ 10„
3„4„6„
1„ 8„10„
13„19„-„
16„5„-„
25„8„-„
6„16„14„
20„1„4„
87„3„12„
6„ 8„-„
Coopmanschappen, en andre Goedren te deser hoofdplaatse=
kogt, waer bij aengewesen wert hoe veel op ijder pont, stuk, dE, &a in en
portie soo percento, als in het geneneraal is gewonnen, namentlijk,
't kostende
voor hoe veel winst op 't kostende voor hoe advance winst
advance op
van 1 Pbs lb
ten diverce
1 p.:s lb El 1 p=s lb van al 't ver„
veel
al het ver
E Enz:
hondert
omgeset
Enz: verkogt is d:l vernz: Cogte,
kogte
ƒ —„ 2„ 12„ ƒ — 5„ —„ ƒ — 2„ 4„ ƒ 3„ 17„ —„ ƒ 7„ —„ —„ ƒ 81. 13/16. ½. . . . . . . . . . ƒ 3„ 3„ —„
-. „ — „ 2„ 8„ „
„ 3„ —„„ „ —„ 8„ 165„ —„ —„ 198„ —„ —„ 20„ —„ —„ . . . . . . . . . . . „ 33„ —„ —„
5„ 3„ 12„ 1„ 4„ 6„ 1„ 19„ 10„ 2„ 11„ 14„ 30 2/3. . . . . . . . . . . . „ —„ 12„ 4„
8„ —„ —„ 7„ 8„ 12„ 2„ 14„ 8„
38„ —„ —„ 1322. 2/„ —„. —. . . . . . . . „ 35„ 5„ 8„
5„ —„ —„ 4„ 13„ 4. 1„ 2„ —„
16„ 5„ —„ 138. ½„ —„. . . . . . . . . . . . . . „ 15„ 3„ —„
3„ 8„-„
3„6„7„ 1„ 13„ 4„
72„ 5„ —„ 9252„ /9„ —„. . . . . . . . . . „ 70„ 11„ 12„
2„ 16„14„
2„ 10„12„ —„ 10„—„
4„ 12„ 8„ 825 ¼„ —„. . . . . . . . . . . . „ 4„ 2„ 8„
7„ 4„ —„ 1„ 13„ 5„ 138„ 7„ 4„
180„ —„ —„ 30„ —„ —„. . . . . . . . . „ 41„ 12„ 12„
5„14„-„
1„ 16„ 14. 23„ 2. 12„
34. 3„ 12„ 47„ 1½„ —„. . . . . . . . . . „ 11„ 1„—„
6„ 11„ 4„ 1„ 19„ 10„ 4„ 11„ 10„ 6„ 11„ 4„ 43„ —„ —„. . . . . . . . . „ 1„ 19„ 10„
. . . . „ 2„ 16„ 7„ 3„ 13„ 8„ —„ 17„ 1„ 5„ 12„ 14„ 7„ 6„ 14„ 30„ 1/4„ —„ . . . . . . . „ 1„ 14„ —„
- - -„ 3„ 19„ 6„
„ —„ 6„ 12„
. . . „ 3„17„ 2„
- - - . „ 4„ 11„ 10„
-- „ —„ 11„ 4„
„ 5„10„11„
- - „ — „ 1„ 9„
- - - „ —„ 6„ 2„
heele
. . . „ 6„ 1„ —„ 7„ 10„ —„ 1„ 9„ —„ 124„ —„ 8„ 153„ 15„ —„ 24„ —„ s„ ƒ 29„ 14„ 8.
. . . . . „ 6„ 1„ —„ 9„ —„ —„ 2„ 19„ —„ 114„ 19„ —„ 171„ —„ —„ 48„ 74„ r„
„ 56„1„—„„ 85„ 15„ 8„
15„ —„ —„ 3„ 15„ 2„ 8„ 8„ 10„ 11„ 5„ —„ 33„ 7/8 /„ ƒ 2„ 16„ 6„
18„-„-„
6„ 15„ 2„ 22„ 9„ 12„ 36. —„ —„ 60„ —„ r„o „ „ 13„ 10„ 8„
6„15„-„
1„7„10„ 5„ 7„6„
6„ 15„ —„ 25„ ¼„ —„ . . . . . . . . . . . - „
12„ —„ —„ 6„ 8„ 12„ 2„ 15„ 10„
6„ —„ —„ 115„ ¾„ „. . . . . . . . . . „
2„ 5„ —„ 1„ 8„ 10„ —„ 16„ 6„ 2„ 5„ —„ 174. 2/5„ —„. . . . . . . . . „
72„—„—„ 16„ 18„ 6„ 55„ 1„ 10„
72„ —„ —„ 30„ 34„ —„. . . . . . . . . . „ 16„ 18„ 6„
. . . . „ 11„ 4„ 14„
. - - „ 5„ 7„ 6„
. . . „ 5„ 11„ 4„
. . . - „ —„ 16„ 6„
. . .„ 11„ 4„ 14„
„ 55„ 1„10„
—„ 19„ 9„ 1„ 5„ —„ —„ 5„ 7„ 10„ 15„ 4„
13„ 15„ —„ 29„ —„ —„. . . . . . . . . . „
„ —„ 3„ —„ —„ 7„ 8„ —„ 4„ 8„ 9„ 6„ —„
23„ 5„-„ 150„—„—„. . . . . . . . „
- „ —„ 5„ 11„ —„ 7„ 8„ —„ 1„13„ 15„ 5„ 10„
22„ 2„ 8„ 44„ ¾„ r„. . . . . - - - - - „
. . . „ —„ 5„ 8„ —„ 7„ 8„ —„ 2„ —„ 17„ 12„ —„
24„ —„ —„ 36„ 3/8„ —„. . - - - - - - - - - „
22„ 12„8„
42„ —„—„ 19„ 7„ 8„ 101„ 16„ 4„
184„ —„ —„ 80„ —„r„. . . . . . . . . . . . „
36„-„-„ 13„ 7„ 8„ 33„ 18„ 12,
54„ —„ —„ 59„ —„—„. . . . . . . . . „
-„ 14„ 11„
1„ 15„ —„ 1„ 5„ —„ 11„ 15„ —„
28„ —„ —„. 138„¼„ —„. . . . . . . . „
„ —„ 15„13„
2„ —„—„ 1„ 4„ 3„ 16„ 12„—„
42„ —„—„ 153„ —„ —„. . . . . . . . . . . . . „
1„ 5„ -„
3„ —„ —„ 1„ 15„—„ 3„ 16„ —„ 9„ —„ —„ 140„ —„ —„. . . . . . . . . . „ 5„ 5„—„
. . . . „ —„ 10„ 3„ —„ 15„ —„ —„ 4„ 13„ —„ 10„ 4„ —„ 15„ —„ 46„ 1½„ —„. . . . . . . . . „ 4„ 12„—„
„ 22„12„8„
—„ 18„ 6„ 3„ 15„ —„ 2„ 16„ 10„ —„ 18„ 6„ 3„ 15„ —„ 308„ —„ —. . . . . . . . . . „ 2„ 16„ 10„
1720„ (was getek„t) J: V: Burg
de winst in dese maant bedraagt ƒ 530„14„ 8„
2„19„ 12.
rendement
„—
. . - „
. . . . . „
.. „
. . . . „
1"
NL-HaNA_1.04.02_8834_0060.xml,"Van Cormandel, onder dato 31„e October A„o 1720.
Rendement
uijt de Negotie Pakhuijsen, —
96. —„ lb Japanse, staav Coper - - - - - - - - - - - - - - - - - - - - - - - - - - - - - - - - - - - - - - - - -
21„ —„ „ ronde peper - . . . . . . . - - - - - - . . . . . . - - - - - - - - - - - - - - - - - - - - - - - -
2715„—„ „ ZeugLood. - - - - - - - - - - - - - - - - - - - - - - - - - - - - - - - - - - - - - - - - - „
1„ 3/„
„
4„½„ „
holl„s spijkers - - - - - - - - - - - - - - - - - - - - - - - - - - - - - - - - - - - - - - - - - - - - - - - - -
2„½„ „ geel plaat koper - - - - - - - - - - - - - - - - - - - - - - - - - - - - - - - - - - - - - - - - - - - - - „
7„—„ p„s bandenoes-als,
2„ —„ d„o aende E: secude. . . . . . . . . . . . . . . . . . . . . . . . . . . . . . . . . . . . „
1
5„ —„ „ aend' Inlanders. . . . . . . . . . . . . . . . . . . . . . . . . . . . . . . . . . . . . . . . . . . . . . „
-1„ —„ „ Sioenerij. . . . . . . . . . . . . . . . . . . . . . . . . . . . . . . . . . . . . . . . . . .
„1„ —„ „ roederwarij. . . . . . . . . . . . . . . . . . . . . . . . . . . . . . . . . . . . . . . . . . . . . . . . . . . . . „
8„ —„ „ dubb: taftas te weten,
1. — „ d„o aende E: secunde - - - - - - - - - - - - - - - - - - - - - - - - - - - - - - - - - - - - - - - - - -
7„ —„ d„os aende inLanders. . . . . . . . - - - - - - - - - - - - - - - - - - - - - - - - - - - - - „
4„ —„ „ persiaanse overleer aende E: secunde. . . . . . . . . . . . . . . . . . . . . . . . . . . . . . . . . „
3„ —„ „ Enkelde taftas waar onder. —
-
1„ _„o aen den Ed: heer Gouverneur - - - - - - - - - - - - - - - - - - - - - - - - - - - - - „
2„ — _„o aen d' jnlanders. . . . . . . . . . . . . . . . . . . . . . . . . . . . . . . . . . . . . . . . . . . „
1„ —„ „ Enk: mombanij. . . . . . . . . . . . . . - . . . . . . . . . . . . . . . . . . . . . . . . - - - - - - - - . . . . . . „
14„ —„ „ bruijn blauw salempoeris. . . . . . . . . . . . . . . . . . . . . . . . . . . . . . - . . . . . - . „
3„-„ „
b2: vlaggedoek van 32. Cob: - - - - - - - - - - - - - - - - - - - - - - - - - - - - - - - - - - - - - - „
5„¼„ @ drab de dames, vande welke
2 — „ d„o aen den Ed: h„r gouverneur - - - - - - - - - - - - - - - - - - - - - - - - - - - - - - - - - - -
3¼„ „ aen de Gemeene - - - - - - - - - - - - - - - - - - - - - - - - - - - - - - - - - - - - - -
—
56„ 1/8„ „ noten of rompen - - - - - - - - - - - - - - - - - - - - - - - - - - - - - - - - - - - - - - - - - - - - - - - - - - -
Caneel. . . . . . . . . . . . . . . . . . . . . . . . . . . . . . . . . . . . . . . . . . . . . . . . . . . . „
—„¼ „ thin. . . . . . . . . . . . . . . . . . . . . . . . . . . . . . . . . . . . . . . . . . . . . . . „ —
4„ — „ Spiauter. . . . . . . . . . . . . . . . . . . . . . . . . . . . . . . . . . . . . . . . . . . . „
4„ —„ „ vermilioen - - - - - - - - - - - - - - - - - - - - - - - - - - - - - - - - - - - - - - - - - - - - - - „
4„ ¾„ „ foelij of macis. - - - - - - - - - - - - - - - - - - - - - - - - - - - - - - - - - - - - - - - - - - - - - - - -
4„ ¾ „ Garioffel nagelen. . . . . . . . . . . . . . . . . . . . . . . . . . . . . . . . . . . . . . . . .:
—
-
-
1
1"
NL-HaNA_1.04.02_8834_0061.xml,"53
Van Cormandel onder dato 31„e October A„o 1720.
nt
als vooren,
't kostende/ voor hoevsel/ advanca op 't Costende, voor hoe sel, advance, winsta versheij advance os
1 p„s lb 1 p:s ld Ell vand' gehele vercogt
van 1 p„s lb
ten
winten
al het ver„
wensz: Ensis vercogt Ensz: quantiteijt
hondert prijsen
„cogte
. . . ƒ„ —„ 9„ 4„ ƒ —„ 16„ 8. ƒ —„ 7„ 4„ ƒ 44„ 8„ —„ ƒ 79„ 3„ 12„ ƒ 883. 75„ — „ . . . . . . . . - ƒ 34„ 15„ 12„
„ —„ 2„ 12„ —„ 5„ —„ —„ 2„ 4„ 2„ 17„ 12„ 5„ 5„ —„ 81 1/16r„ —„ . . . . . . . . . - „ 2„ 7„ 4„
„ —„ 2„ 8„ —„ 3„ —„ —„ —„ 8„ 339„ 7„ 8„ 407„ 5„ —„ 20„ —„ —„. . . . . . . . . „ 67„ 7„ 8„
—„ 6„ 14„ —„ 10„ —„ —„ 3„ 2„ —„ 1„ 10„ —„ 2„ 8„ 53„ —„ —„ . . . . . . . . . . „ —„ —„ 14„
„
—„ 6„ 14„ —„ 11„ 8„ —„ 4„ 10„
v
1„ 7„ 8„ 2„ 6„ 4„ 66„ 74„ 3. . . . . . . . . . . „ —„ 18„ 12„
3„ 19„ 6„ 5„ 3„ 12„ 1„ 4„ 6„
„
3„ 19„ 6„ 5„ 3„ 12„ 30 /3„ 7„ . . . . . . . . . „ „ 1„ 4„ 6„
„ —„ 11„ 4„ 8„ —„ —„ 7„ 8„ 12„
2„ 13„ 8„ 38„ —„ —„ 1322. 2/9. —„. . . . . . . . . . . „ 35„ 6„ 8„
„ —„ 6„ 12„ 5„ —„ —„ 4„ 13„ 4„ —„ 12„ 10„ 9„ 7„ 8„ 1381„ 2„ —„ . . . . . . . . . „ 8„14„ 14„
- „ —„ 1„ 9„ 3„ 8„ —„ 3„ 6„ 7„ 4„ 7„ 8„ 190„ 16„ 4„ 4252 3/9„ —„ . . . . . . . . . „ 186„ 8„ 12„
. . . . . . „ —„ 6„ 2„ 2„ 16„ 14„ 2„ 10„ 12„ —„ 8„ 6„ 3„ 18„ 2„ 825„ 14„ —„ . . . . . . . . . „ 3„ 9„ 12„
„ —„ 3„ 6„ —„ 7„ 8„ —„ 4„ 2„ —„ 15„ 4„ 1„ 13„ 12„ 122„ 79„ —„ . . . . . . . . . -. „ —„ 18„ 8„
. „ —„ 18„ 12„. 1„ 10„ —„ —„ 11„ 4„ 2„ 6„ 14„ 3„ 15„ —„ 60„ —„ —„ - . . . . . . . „ 1„ 8„ 3„
„ 5„10„11„
6„18„7„ 1„7„ 12„ 11„ 1„ 6„ 13„ 16„ 14„ 25„ —„ 7: ƒ 2„ 15„ 8„
„ 5„10„11„
7„ 4„ —„ 1„ 13„ 5„„ 27„ 13„ 8„ 36„ —„ —„ 30„ —„—„ 8„ 6„ 8„„ 11„ 2„ —„
„ 5„ 1„ 14„
7„ 4„ —„ 2„ 2„ 2„ 5„ 1„ 14„ 7„ 3„ 12„ 41. 3/8„ —„. . . . . . . . . . . . . „ 2„ 1„ 14„
„ 4„ 13„ 13„
6„ 2„ —„ 1„ 8„ 3„ 4„ 13„ 13„ 6„ 1„ 14„ 30 — „o „ . . . . . . . . . . . „ 1„ 8„ 1„
„ 3„ 17„ 2„
9„16„14„ —„19„ 12„
3„17„ 2„ 4„ 16„14„ 25„ —„—„ —„19„ 12„
3„17„2„
5„14„—„ —1„16„ 14„
26„ 19„ 14„ 38„ 17„ 2„ 47„½ 3„ „ 11„ 17„ 4„ „ 12„ 16„ —„
„ —„ 16„ 6„
1„ 10„ —„ —„ 4„ 4„ —„ 16„ 6„
1„ —„ 10„ 25. 2„. . . . . . . . . . . . . . „ —„ 4„ 4„
2„16„7„
3„10„10„-
3„10„10„
„14„ 3„ 2„ 16„ 7„
25„—„—„ƒ —„ 14„ 3„
2„16„7„
3„13„8„ —„17„ 1„ 5„12„ 14„
30. ¼„ —„ 1„ 14„ —„ 2„ 8„ 3„
7„6„14„
2„7„12„
2„17„ 8„ —„ 9„ 12„ 2„7„ 12„
2„17„ 8„ 20„ 3/37„ —„. . . . . . . . . . „ —„ 9„ 12„
5„ 7„ 6„ 6„ 15„—„ 1„ 7„ 10„ 75„ 3„ 4„
94„ 10„ —„ 25„ ¾„ —„. . . . . . . . . „ 19„ 6„ 12„
4„ 17„ 8„ 6„ 1„ 14„ 1„ 4„ 6„ 14„ 12„ 8„ 18„ 5„ 10„ 25„ —„ —„ . . . . . . . „ 3„ 13„ 2„
6„ 1„ —„ 9„ 1„ 9„ 3„ —„ 9„ 12„ 2„ —„ 18„ 3„ 2„ 50„—„ —„ƒ 6„ 1„ 2„
„ 6„ 1„ —„ 10„ 10„ —„ 4„ 9„ —„ 19„ 13„ 4„ 34„ 2„ 8„ 8. /„ r. „ 15„ 9„ 4„ ƒ21„ 10„ 6„
transportere. . . . . ƒ 918„ 11„ 6„
..
tran sp„t
.
..
.
„
„
„
.„
„
„
.."
NL-HaNA_1.04.02_8834_0062.xml,"Van Cormandel onder dato 31. ' Octob„r A„o 1720.
P„r transport. . . . . . . . . . . . . . . . . .
1. ½ „ a„o schairlaken aan den Ed: heer Gouverneur - - - - - - - - - - - - - - - - - - - - - - ƒ
6 1/42. rollen Lampher krips - - - - - - - - - - - - - - - - - - - - - - - - - - - - - - - - - - - - - - - - - „
19. ¾. p„s dubb: armosijnen, van dewelke.. —
1. — „ p„s aende E: secunde. . . . . . . . . . . . . . . . . . . . . . . . . . . . . . . . . . . . . . „
17. ¾. „. aen de Gemeene - - - - - - - - - - - - - - - - - - - - - - - - - - - - - - - - - - - - „
1. – „ „ aend' inzander. . . . . . . . . . . . . . . . . . . . . . . . . - - - - . . . . . . . „
25. ½ „ Enk: armosijnen, als,
2.½„ p„s aen den Ed: h„r Gouverneur - - - - - - - - - - - - - - - - - - - - - - - - - - „
12. — „ „ aen de gemeene - - - - - - - - - - - - - - - - - - - - - - - - - - - - - - - - - - - - „
11. — „ „ aen de jnlanders. . . . - - - - - - - - - - - - - - - - - - - - - - - - - - - - - - . -. „
uijt 't Provisio maguazijn
6. — „ ld„ kismis - - - - - - - - - - - - - - - - - - - - - - - - - - - - - - - - - - - - - - - - - - - - - - - - - - - - - „
6. — „ „ rasijnen. . . . . . . . . . . . . . . . . . . . . . . . . . . . . . . - - - - - - - - - - - - - - - - - - . . „
14. – „ vaten diverse bieren, van d'welke. —
dos
4„-„-
_„o halvemaans. en
4„ —„ „
Leeuwen en
6„—„
„ trueel, —
0
14. – „ vaten boven gemelt. . . . . . . . . . . . . . . . . . . . . . . . . . . . . . . . . . . . . . . . . . . . . „
—½ kas persiaans ord: wijn. . . . . . . . . . . . . . . . . . . . . . . . . . . . . . . . . . . . . . . . . „
_„os
Czaret _„o. . . . . . . . . . . . . . . . . . . . . . . . . . . . . . . . . . . . . . . . „
3„-„-
35„ —„ kanne zek wijn. . . . . . . . . . . . . . . . . . . . . . . . . . . . . . . . . . . . . . . . . . . . . . . . . . . . . „
d=os arak apij waer van
130„-„
16„ —. _„os aende E: secunde. . . . . . . . . . . . . . . . . . . . . . . . . . . . . . . . . . . . . . . . . . . . . . „
fos
114„ —. d„o aen de verdre 's Comp„s dienaren. . . . . . . . . . . . . . . . . . . . . . . . . . . . „ -
41„ ½„ kann: olijven olij - - - - - - - - - - - - - - - - - - - - - - - - - - - - - - - - - - - - - - - - - - - - - - - - - - - - . „
6„ —„ dubb: bossen Javase rottings. . . . . . . . . . . . . . . . . . . . . . . . . . . . . - - - . . . . . . . . . . „
990„ —„ parr: nelij aend' diaconije deser stede. . . . . . . . . . . . . . . . . . . . . . . . . . . . . . . . . . .
Van de Houtwerf,
1. – „ huijs balk - - - - - - - - - - - - - - - - - - - - - - - - - - - - - - - - - - - - - - - - - - - - - - - - - - - - - - - - - - - -
9„ —„ p„s jatij planken van 1½ duijm. . . . . . . . . . . . . . . . . . . . . . . . . . . . . . . . . . . . . . . .
van de materialen
400„ —„ „ palmeer Latten - - - - - - - - - - - - - - - - - - - - - - - - - - - - - - - - - - - - - - - - - - - - - - - - - - - - - - - - - - -
uijt de Paarde stal, —
1„ —„ paard
. - - - - - - - - - - - - - - - - -
Inde stad Nagapatnam Adij ult=mo Augustij
(was getekent) J: V: Burg.
5
-
-
1
10"
NL-HaNA_1.04.02_8834_0063.xml,"55
van
p„s lb
. .  . . .
dato 31.:' October A„o 1720.
Cormandel onder
kostende voor hoe, advance op 't costeede, voor hoe, advance, winsten, advance
veel
ten
w enc„l/ EE Ens is verogt/ Ensz:, quantiteijd, verkogt, hondert, eeheijde sal het
verkogte
. . . . . . . . . . . . . . . . . . . . . . . . . . . . ƒ 418„ 11„6„
5„ 11. 4. ƒ 9„ 3„ 6„ƒ 3„ 12„ 2„ ƒ 8„ 6„ 14. ƒ 15„ 15„ —„ ƒ 90—„ — „. . . . . . . . . „ 7„ 8„ 2„
. . . . . „ 24„ 5„ —„ 42„ —„ —„ 17„ 15„ —„ 146„ 10„ 4„ 253„ 15„ —„ 73„ 12„ —„ . . . . . . . -.„ „ 107„ 2„ 12„
. . . . . . „ 11„ 4„ 14„ 14„ 1„ 4„„ 2„ 16„ 6„ 11„ 4„ 14„ 14„ 1„ 4„ 25„ —„ —„ 2„ 16„ 6:„
. . . . . „ 11„ 4„ 14„ 15„ —„ —„ 3„ 15„ 2„ 199„ 11„ 8„ 266„ 5„ —„ 33 1/16„ s„ 66„ 13„ 8„
. . . . . . . „ 11„ 4„ 14„ 18„ —„ —„ 6„ 15„ 2„ 11„ 4„ 14„ 18„ —„ —„ 60„ —„=„
6„15„2„„ 76„5„-„
6„ 1„ —„ 7„ 18„ 4„ 1. 14. 4„ 15„ 2„ 8„ 19„ 8„ 2„ 23„ —„ 7 ƒ 4„ 6„ 10.
6„ 1„ —„ 7„ 10„ —„ 1„ 9„ —„ 72„ 12„ —„ 90„ —„ —„ 25„ —„ —„ 17„ 8„ —„
. . . . . . „ 6„ 1„ —„ 9„ —„ —„ 2„ 19„ —„ 66„ 11„ —„ 99„ —„ —„ 48„ 74„ —„ 32„ 9„ —„ 54„ 2„ 10„
. . . „
. . . . . . . „
. . . . . „ —„ 5„ 8„ —„ 7„ 8„ —„ 2„ —„ 1„ 13„ —„ 2„ 5„ —„ 36„ 7/„ 7:. . . . . . . . . - - „ —„ 12„ —„
. „ —„ 5„ 11„ —„ 7„ 1„ —„ 1„ 13„ 1„ 14„ 2„ 2„ 5„ —„ 44 3/¾„ —„. . . . . . . . . - „ —„ 10„ 14„
„ 29„ 13„ 12„ 90„ —„ —„ 70„ 6„ 4„ 413„ 12„ 8„ 1260„ —„ —„ 203„ —„ 2. . . . . . — . . . „ 849„ 7„ 8„
22„ 12„ 8„ 36„ —„ —„ 13„ 7„ 8„ 11„ 6„ 4„ 18„ —„ —„ 59„ —„ —„ . . . . . . . . - . -„
„
6„13„12„
„ 22„ 12„ 8„ 42„ —„ —„ 19„ 7„ 8„ 67„ 17„ 8„ 126„ —„ —„ 80„ —„ —„ . . . . . . . . . . - „ 58„ 2„ 8„
. . . . . . „ —„ 15„ 13„ 2„ —„ —„ 1„ 4„ 3„ 27„ 13„ 8„ 70„ —„ —„ 153„ —„ —„. . . . . . . . . . „ 42„ 6„ 8„
. . . . . „ —„ 5„ —„ —„ 6„ 4„ —„ 1„ 4„ 4„ —„ —„ 5„ —„ —„ 25„ —„ —„ —. —„. —„ —„ . . . . . . „ —„ —„
. . . . . „ —„ 5„ —„ —„ 12„ 8„ —„ 7„ 8„ 28„ 10„ —„ 71„ 5„ —„ 150„ —„ —„ 42„ 15„ —„ 43„ 15„ —„
1„ 4„ 4„ 2„ —„ —„ —„ 15„ 12„ 49„ 14„ 4„ 83„ —„ —„ 65„ —„ —„ . . . . . . . . . . „ 33„ 5„ 12„
. . . . „
. . . „ —„ 10„ 3„ —„ 15„ „ —„ 4„ 13„ 3„ 1„ 2„ 4„ 10„ —„ 46„ 1/3„ 2. . . . . . . . . -. „ 1„ 8„ 14„
—„ —„ —„ —„ —„ —„ —„ —„ —„ —„ —„ —„ 433„ 2„ 8„ —„ —„ —„ —„ —„ —„ —„—„—„
„ —„ 18„ 6„ 3„ 15„ —„ 2„ 16„ 10„ —„ 18„ 6„ 3„ 15„ —„ 38„ 7„ — „ . . . . . . . . „ 2„ 16„ 10„
„ —„ 9„ —„ 1„ —„ —„ —„ 11„ —„ 4„ 1„ —„ 9„ —„ —„ 122„ 79„ —„ . . . . . . . . . „
4„109„-„
. . „ —„ —„ 8 1„ 12„ 2„ —„ 1„ 4„ 2„ 10„ —„ 9„ —„ —„ 260„ —„ —„ „ „ - - „ - - - -„
6„10„-„
„ —75„ —„ —„ 210„ —„—„ 135„ —„ —„ 75„ —„ —„ 210„ —„ —„ 180„ —„ —„ . . . . . . . . . . „ 135„ —„ —„
A„o 1720„
tij
de winste in dese maant sommeren - - - - - - ƒ 1844„ —„ 4„
rendem„t
ƒ
„
. . . . „
-"
NL-HaNA_1.04.02_8834_0064.xml,"Cormandel onder dato 31„' Octob„r A„o 1720,
van
Uijt de negotie Pakhuijsen
164„ —„ lb japans staar Coper — - - - - - - - - - - - - - - - - - - - - - - - - - - - - - - - - - - - - - - - - .
12„ —„ „
ronde peper. . . . . . - - - - - - - - - - - - - - - - - - - - - - - - - - - - - - - - - - - - - - - „
60„ -„ „
hollands ijser. - - - - - - - - - - - - - - - - - - - - - - - - - - - - - - - - - - - - - - - - - - - - - - - - - „
27„ -„ „
Spiauter. . . . . . . . . . . . . . . . . . . . . . . . . . . . . . . . . . . . . . . . . . . . . . . . . . „
40„ —„ „
thin. . . . . . . . . . . . . . . . . . . . . . . . . . . . . . . . . . . . . . . . . . . . . . . . . „
2485„-„ „
=Zeugzood - - - - - - - - - - - - - - - - - - - - - - - - - - - - - - - - - - - - - - - - - - - - - - - - - - - - „
7„¼„ „
2„ ½„ „
65„ —„ „
3„¾„ „
3„¼ „ „
25„ —„ „
12„ —„ „
hollands spijkers - - - - - - - - - - - - - - - - - - - - - - - - - - - - - - - - - - - - - - - - - - - - - - - - - - - - - - - „
7„¼„ p„s dubb: armosijnen - - - - - - - - - - - - - - - - - - - - - - - - - - - - - - - - - - - - - - - - - - - - - - - „
42„ ¼„ „ Enk: d„o van dewelke
10. ¼ p„s aen de dienaren van d' EComp„e - - - - - - - - - - - - - - - - - - - - - - - - - - - - - - - - - - - - - . . . „
32„ —„ „ _„o jnlanders - - - - - - - - - - - - - - - - - - - - - - - - - - - - - - - - - - - - - - - - „
8„ —„ p„s bandanoes. . . . . . - - - - - - - - - - - - - - - - - - - - - - - - - - - - - - - - - - - - - - - - - - - -
7„ —„ „ dubb: taftas. . . . . . . . . . . . . . . . . . . . . . . . . . . . . . . . . . . . . . . . . . . . . . . . . . „
2„ —„ „ mombanijs dubbelt - - - - - - - - - - - - - - - - - - - - - - - - - - - - - - - - - - - - - - - - „
Enk: taftas. . . . . . . . . . . . . . . . . . . . . . . . . . . . . . . . . . . . . . . . . . . . . . - - - „
7„ —„ „
1„ —„ „
Mombanij Enkelde - - - - - - - - - - - - - - - - - - - - - - - - - - - - - - - - - - - - - - - - - -
4. – „ a swart laken - - - - - - - - - - - - - - - - - - - - - - - - - - - - - - - - - - - - - - - - - - - - - -
2„ ¾„ „ drap de dames - - - - - - - - - - - . . . - - - - - - - - - - - - - - - - - - - - - - - - - - - - - - - - - -
1„ —„ „ persiaans felp - - - - - - - - - - - - - - - - - - - - - - - - - - - - - - - - - - - - - - - - - - -
— – „ lb naij en stik zijde. . . . . . . . . . . . . . . . . . . . . . . . . . . . . . . . . . . . . . . . ..
2„ —„ p„s per siaans overleer. . . . . . . . . . . . . . . . . . . . . . . . - - - - - - - - - - - -
uijt de dispens
66„ —„ kann: arak opij. . . . . . . . . . . . . . . . . . . . . . . . . . . . . . . . . . . . . . . . . . . . . . . . . .
12„ —„ _„o Zekwijn. . . . . . . . . . . . . . . . . . . . . . . . . . . . . . . . . . . . . . . . . . . . . . . . . . . . . . . - . - .
1„ —„ Cas persiaans.  Claret wijn. . . . . . . . . . . . . . . . . . . . . . . . . . . . . . . . . . . . . . .
1„ —„ _„o —
_„o ordinaire _„o. . . . - - - - - - - - - - - - - - - - - - - - - - - - - - - - - - - -
6„ —„ le vriese boter - - - - - - - - - - - - - - - - - - - - - - - - - - - - - - - - - - - - - - - - - - -
12„ —„ kann olijven olij - - - - - - - - - - - - - - - - - - - - - - - - - - - - - - - - - - - - - - - - - - - - - - - -
6„ –„ groote flessen rosen water, - - - - - - - - - - - - - - - - - - - - - - - - - - - - - - . - . -.
8„ —„ dubb: boss: javaase rottings, en. . . . . . . . . . . . . . . . . . . . . . . . . . . . . . . . . . . . . . . . . . . . . . . ..
van de Houtwerf
1„ —„ kiate balk van 30 voeten Lang. . . . . . . . . . . . . . . . . . . . . . . . . . . . . . . . . . . . . .
Inde stad Nagapatnam den Laasten
geel plaatkoper. - - - - - - - - - - - - - - - - - - - - - - - - - - - - - - - - - - - - - - - - - - - - „
noten of rompen - - - - - - - - - - - - - - - - - - - - - - - - - - - - - - - - - - - - - - - - - - - - - - - „
Caneel. . . . . . . . . . . . . . . . . . . . . . . . . . . . . . . . . . . . . . . . . . . . . . . . . . . . . „
foelij fmasies - - - - - - - - - - - - - - - - - - - - - - - - - - - - - - - - - - - - - - - - - - - - - - - - - - - - - - - - - - „
vermelioen. . . . . . . . . . . . - . . . . . . . . . . . . . . . . . . . . . . . . - - - - - - - - - . - . . „
garioffel nagelen. . . . . . . . . . . . . . . . . . . . . . . . . . . . . . . . . . . . . . . . . . . . . . „
Rendement Als voren
-
„
„
„"
NL-HaNA_1.04.02_8834_0065.xml,"57
Cormandel onder dato 31. ' Octob„r A„o 1720.
van
van 1p: ld El
't kostende, voor hoendel/ winst op p„r 't kostende, voor hoe  advance, winsten op, advance,
veel
1 p„s ld ellens: l, wensz:/ van al het
ten
op al het
diverse
vercogte, om geset is,,
vercogt is,
hondert
prijsen,
vercogte,
ƒ —„ 9„ 4„ ƒ —„ 16„ 8„
—„ 7„ 4„ ƒ 75„ 17„ —„ ƒ 877„ 16„ 4ƒ
83„ 7/5„ — - - - - - - - - - - - ƒ 801„19„ 4„
. . „ —„2„8„ —„ 5„ —„—
„2„ 4„
1„ 10„ —„
3„ -„ -„
81„ 1/16„ r: „. . . . . . . - . - -„
1„10„-„
. .„ —„ 2„ 5„ —„ 3„ 14„
„ 1„ 9„ 6„ 18„ 12„ 11„ 12„ 8„
67 12/37„ —„ -. . . . . . . . . . . . . -„
4„13„12„
. . .. „ —„ 6„14„ —„ 11„ 8„—
—„ 4„ 10„ 9„ 5„ 10„ 15„ 10„ 10„
66„¾„ h„t „ - - - - - - - - - - - - „
6„ 5„-„
. . . . . „ —„ 6„ 14„ —„ 10„ —„ —„ 3„ 2„ 13„ 15„ —„ 20„ 12„ 8„
53„ —„ —„. . . . . . . . . . . . „
6„17„8„
. . . . . . . „ —„ 2„ 8„ —„ 3„ —„ —„ —„ 8„ 310„ 12„ 8„ 372„ 15„ —„
20„ —„ —„. . . . . . . . . . . . - „
62„2„8„
. . . . . . „ —„ 11„ 4„ 8„ —„ —„
7„8„12„ 4„ 1„ 9„ 58„ —„ —„ 1352„ 39„ —„. . . . . . . . . . „ 53„ 18„ 7„
4„ 13„ 4„ —„ 16„ 14„ 12„ 10„ —„ 1381„ ½„ —„ . . . . . . . . . . „ 11„ 13„ 2„
. . . . . „ —„ 6„ 12„ 5„ —„—„
. . . . „ —„ 1„ 9„ 3„ 8„ —„
3„6„7„
5„ 1„ 9„ 222„ 13„ 12„ 4252„ 2/3„ —„. . . . . . . . . . . „ 217„ 12„ 3„
. . „ —„ 6„2„
2„ 16„14„
2„10„12„
1„ 2„ 15„ 10„ 13„ 2„ 825„ ¼„ —„. . . . . . . . . . . . . „
9„10„3„
-. „ —3„19„ 6„
5„3„12„ 1„ 4„ 6„
3„17„ 15„ 16„ 17„ 8„ 30„ 1/3„ —„ . . . - . - . -. „
12„19„9„
- . . „ —„ 18„ 12„ 1„ 10„ —„ —„ 11„ 4„ 23„ 8„ 12„
37„ 10„ —„ 60„ —„ —„. . . . . . . . . . . . „
14„1„4„
„ —„ 3„ 6„ —„ 7„ 8„ —„ 4„ 2„ 2„ —„ 8„ 4„ 10„ —„ 122„ 79„ —„ . . . . . . —. - -„ 2„ 9„ 8„
„ 11„ 4„ 14„ 15„ —„ —„ 3„ 15„ 2„ 81„ 10„ 5„ 108„ 15„ —„ 38„ 7/6„ d=s. . . . . . . . . . „ 27„ 4„ 11„
6„ 1„-„ 7„ 10„ —„
1„ 9„ —„ 62„ —„ 4„
76„17„8„
24„ —„ —„ ƒ 14„ 17„ 4„
6„1„-„
9„-„-„
2„19„—„ 193„ 12„ —„ 288„ —„—„
48 ¾ „ r: 94„ 8„ —„ „ 109„ 5„ 4
5„10„11„
7„4„-„
1„13„5„ 44„ 5„ 8„
57„11„14„
30„ —„ —„ - - - - - - - - - - - „
13„6„6„
„ 3„ 17„2„
5„14„-„
1„ 16„ 14„ 26„ 19„ 14„ 39„ 18„ 2„
00„½ „ s=s - - . . . - - - . - - „
12„ 19„ 4.
„ 4„ 11„10„
6„11„4„
9„3„ 4„ 13„ 1„14„
1„19„10„
43„ —„ —„. . . . . . . . . . . „
3„18„10„
2„16„7„
3„13„8„
30„¼„ r:o . . - - . . . . . . „
19„15„1„
25„14„6„
„17„ 1„
5„19„5„
„ 2„ 7„ 12„
2„17„8„
2„17„8„
20„ 3/8„ —„. . . . . . . . . . . . „
2„7„12„
„ 9„12„
-„9„12„
„ 6„ —„ —„ 10„ 5„ —„
4„5„-„
24„-„-„
41„ —„ —„
70„ 1/8 s=s. . . . . . . . . „
17„-„-„
6„1„-„ 10„10„-„
4„ 9„ -„
16„12„ 12„ 28„17„ 8„
78„ 3/8 r: - . . . - - - - - - „
12„ 412„
3„14„-„ 6„ -„-„
2„6„-„
3„14„-„
6„-„-„
62„ ½„ „ „. . . . . . . . . . -„
2„6„-„
6„12„-„
2„ 8„ —„ 3„ 6„ —„ 4„ 10„ —„ 36„ 2„„ —„ . . . . . . . . . . -„
9„-„ -„
1„4„-„
„ 16„6„ 2„ 5„ —„ 1„ 8„ 10„ 1„ 12„ 12„ 4„ 10„ —„ 174„ 2/5„ —„ . . . . - . . . . - „
2„17„4„
—„ 5„ —„ —„ 12„ 8„ —„ 7„ 8„ —: 16„ 10„ —„ 41„ 5„ —„ 150„ —„ —„ —. . . . . . . . . .„
24„15„-„
„15„13„ —2„ —„—„
9„ 9„12„ 24„ —„ —„ 153„ —„ —„. -. . . . . . . . . „
14„ 10„ 4„
1„4„3„
22„12„8„
42„-„-„
19„7„8„
22„12„8„ 42„ —„—„ 80„ —„ —„. . . . . . . . . . . . . „
19„7„ 8„
22„12„8„
36„-„-„
22„12„8„
36„ —„ —„ 59„ —„ —„. . . . . . . . . . . . . . „
13„7„8„
13„ 7„ 8„
„9„8„
—„ 15„ —„ —„ 5„ 8„
2„17„-„
4„10„-„
58„ —„ —„. . . . . . . . . . . . „
1„13„-„
1„ 4„ 4„
2„ —„ —„ —„ 15„ 12„
19„11„—„ 24„—„—„
65„—„-„ . . . . . . . . . . . . „
9„9„-„
1„5„-„
3„—„—„ 1„ 15„—
7„10„-„
18„ —„ —„ 140„ —„ —„. . . . . . . . . . . . „ 10„ 10„—„
—„ 10„ 3„ —„ 15„ —„ —„ 4„ 13„
4„ 1„ 8„ 6„ —„ —„ 46: 1/3 „ —„. . . . . . . . . . . „
1. 18„ 8„
62„ 6„
18„ —„ —„ 11„ 17„ 10„ 6„ 2„ 6„ 18„ —„ —„ 199 1/8„ —„. . . . . . . . . . . „
11„17„ 10„
de behaalde winsten in dese maand bedraagt 1521„15„14„
Septemb„r A„o 1720 (was getekent) J: V: Burg,
rendement
en
ens:z:
„
„
„
. . . .
-"
NL-HaNA_1.04.02_8834_0066.xml,"Van Cormandel onder dato 31. ' Octob: A„o 1720.
1„ ¾ „ ld foelij of macis - - - - - - - - - - - - - - - - - - - - - - - - - - - - - - - - - - - - - - - - - - - - - - - - - - - -- --
2„ ¾„ „ garioffel nagelen. . . . . . . . . . . . . . . . . . . . . . . . . . . . . . . . . . . . . . „
4„ ¾„ „ Uloten of rompen - - - - - - - - - - - - - - - - - - - - - - - - - - - - - - - - - - - - - - - - - - - - „ —
1„ ¾ „ Cansel. . . . . . . . . . . . . . . . . . . . . . . . . . . . . . . . . . . . . . . . . . . . . . . . „—
980„ —„ „ peper ronde. . . . . . . . . . . . . . . . . . . . . . . . . . . . . . . . . . . . . . . . . . . . . . . . „
aluijn Chinese. . . . . . . . . . . . . . . . . . . . . . . . . . . . . . . . . . . . . . . . . . . „—
24„ —„ „
sandelhout. . . . . . . . . . . . . . . . . . . . . . . . . . . . . . . . . . . . . . . . . . . . . . . . . . . „
10„ —„ „
4„ —„ koss: rottings javase ider bos. . . .
. . . . . . . . . . . . . . . . . . „
ƒ
14„ —„ stx planken kiate, d' 1½ duijm 't stuk. . . . . . . . . . . . . . . . . . . . . . . . . . „
In't Casteel Geldria tot Palliacatte ult„o
Rendement als voren, —
30„½„ ld foelij of macis - - - - - - - - - - - - - - - - - - - - - - - - - - - - - - - - - - - - - - - - - - - ƒ -
283„ ¼„ „ Garioffel nagelen. . . . . . . . . . . . . . . . . . . . . . . . . . . . . . . . . . . . . . . . . „
273„ ¾„ „ noten of rompen - - - - - - - - - - - - - - - - - - - - - - - - - - - - - - - - - - - - - - - - - - - „
1„ / „ Caneel. . . . . . . . . . . . . . . . . . . . . . . . . . . . . . . . . . . . . . . . . . . . . . . . . . . . . . . . . . . . „
782„ —„ „ peper ronde. . . . . . . . . . . . . . . . . . . . . . . . . . . . . . . . . . . . . . . . . . . . „
128„ —„ „„ Aluijn Chinese. . . . . . . . . . . . . . . . . . . . . . . . . . . . . . . . . . . . . . . . . . . . . . . „ —
4„ —„ bossen javace rottings. . . . . . . . . . . . . . . . . . . . . . . . . . . . . . . . . . . . . . . . . . . . . . . . . . „ —
2„ –„ Casse perciaanse wijn CLaret
. . . . . . . . . . . . . . . . . . . . . . . . . - . . . . . . . . „ . -
1„ —„ _„o ordinaire wijn. . . . . . . . . .
480„ —„ lb buscruijt. . . . . . . . . . . . . . . . . . . . . . . . . . . . . . . . . . . . . . . . . . . . . . . . . „
In't Casteel Geldria tot Palliacatta ult„o
dese twee rendementen tegens der selver principaal na
Rendement der Coopman schoppe
met aenwijsinge van de
5
1"
NL-HaNA_1.04.02_8834_0067.xml,"Van Cormandel onder dato 31. ' Octob„r A„o 1720„
schoppe, gedeurende dese maant Augustij, hier ten Comptoire uijtgevent,
derselver Costende verkoops prijsen, en behaalde advoncen, namentl:
het kostende, d' uijtkoops, winst, 't Costende der, 't rendem„t, Advance, 't gewonne
p„r lb etc„a prijs mede Pr: pond verkogte par„
van
P„r C=to op't geheel,
p„r pont.
Etc„a
dien,
„tije,
. . . . . „ 11„4„ ƒ —8„ —„ —„ƒ
7„ 8„12„ ƒ —„ 19„ 12„ƒ
14„ —„—„ƒ 1322„ —„—„ƒ 13„ —„ 4„
„ —„ 6„13„
5„-„-„
4„ 13„ 3„ —„ 18„ 12„
13„ 13„ —„ 1386„ —„—„ 12„ 16„ 4„
..„ —„ 1„ 9„ 3„ 8„ 2„
3„6„ 9„ —„ 7„ 6„
16„ 3„10„ 4260„—„—„ 15„ 16„ 4„
. . . „ —„ 6„ 4„
2„ 16„14„
2„ 10„ 10„ —„ 11„ —„ 4„ 19„ 8„ 810„ —„ —„ 4„ 8„ 8„
. . . „
„ 2„14„ —„5„ 6„
—„ 2„ 8„ 69„ —„—„ 129„ —„ —„ 86„ —„ —„ 60„ —„ —„
—„ 1„ 2„ —„ 3„ 12„ —„ 2„ 10„ 1„ 7„ —„ 4„ 10„ —„ 233„ —„ —„
„
3„3„-„
„-
—„ 3„12„ —„15„ —„ —„ 11„ 4„
1„17„ 8„
7„ 10„ —„ 300„ -„-„ 5„ 12„ 8„
—„ 9/4„ —„15„—„ —„ 5„ 12„
1„17„-„
. „
3„—„ —„ 60„ —„—„ 1„ 3„ —„
„
—„ 9„ 1„ 1„ 2„ 8„ —„ 13„ 7„ 6„ 6„ 14„ 15„ 15„ —„ 148„ —„ —„ 9„ 8„ 2„
Aug A:o 1720 (was getekent/ Joan„s spits de behaalde avance t' samen ƒ 125„ 7„14„
t„o
—„ 11„ 4„ ƒ 8„ —„ —„ ƒ 7„ 8„ 12„ ƒ 17„ 3„ 12„ ƒ 244„ —„ —„ ƒ 1322„ —„ —„ ƒ 226„ 16„ 14„
4„ 13„ 3„ 96„ 9„ 10„ 1416„ 5„ —„ 1368„ —„—„ 1319„ 15„ 6„
„ —„ 6„ 13„ 5„ —„—„
3„ 6„ 9„ 21„ 7„ 12„ 932„ 9„ 4„ 4260„ —„ —„ 911„ 1„ 8„
„ —„ 1„9„ 3„ 8„ 2„
. . . . . . . „ —„ 6„ 2„ 2„ 16„ 14„ 2„ 10„ 12„ —„ 9„ 4„ 4„ 5„ 6„ 822„ —„ —„ 3„ 16„ 2„
. . . „ —„ 2„ 13„ —„ 5„ 6„ —„ 2„ 9„ 109„ 19„ 6„ 210„ 3„ 4„ 91„ —„ —„ 100„ 3„ 14„
. . „ —„ 1„ 2„ —„ 3„ 12„ —„ 2„ 10„ 7„ 4„ —„ 24„ —„ —„ 233„ —„ —„ 16„ 16„ —„
. . . . . . . „ —„ 9„ 4„ —„ 15„ —„ —„ 5„ 12„ 1„ 17„ —„ 3„ —„ —„ 60„ —„ —„ 1„ 3„ —„
. . . . . . „. —„ —„ —„ —„ —„ —„ —„ —„ —ƒ 68„ —„ 14„ 120„ —„ —„ 76„ —„ —„ 51„ 19„ 2„
. . „ —„ 3„ 4„ —„ 4„ 8„ —„ 1„ 4„ 78„ —„ —„ 108„ —„ —„ 38„ —„ —„ 30„ —„ —„
de behaalde advansen t' saman. . . ƒ2661„11„ 14„
Septemb„r A„o 1720„ (getek„t)/ als voren (onderstond)
„o
gesien wesende, is d'accorde bevonden (was getek:t) I: V: Burg,
ƒ
rendem„t
-
59"
NL-HaNA_1.04.02_8834_0068.xml,"Cormandel onder Dato 31. ' October A„o 1720„
van
lb stof van vermelioen. . . . . . . . . . . . . . . . . . . . . . . . . . . . . . . . . . . . . . . . .ƒ
12„ ¼
„ foelij off macis - - - - - - - - - - - - - - - - - - - - - - - - - - - - - - - - - - - - - - „
486„ 2/8„
„ Garioffel nagellen. . . . . . . . . . . . . . . . . . . . . . . . . . . . . . . . . . . . . . . . . . „
3465„ ¼„
noten of rompen - - - - - - - - - - - - - - - - - - - - - - - - - - - - - - - - - - - - - - - „
2334„ ¾„
„
—„¼„ „ Caneel - - - - . . . . - - . - - - - - - - - - - - - - - - - - - - - - - - - - - - - - - - - - - - - „
a7899„ —„ „ ronde peper. . . . . . . . . . . . . . . . . . . . . . . . . . . . . . . . . . . . . . . . . „
53„ —„ „ Japans staapkoper. . . . . . . . . . . . . . . . . . . . - - - - - - - - - - - - - - - - - - - „
In't N=ts Compt„r Sadraspatnam Adij ult=mo Augustij A=o 1720
Rendement als voren, —
12„ —„ ld stoff van fermelioen. . . . . . . . . . . . . . . . . . . . . . . . . . . . . - - . . . . . . . ƒ
217„ —„ „ foelij of macis - - - - - - - - - - - - - - - - - - - - - - - - - - - - - - - - - - - - - - - - - - - - - - - - „
1970„ —„ „ Garioffel nagelen. . . . . . . . . . . . . . . . . . . . . . . . . . . . . . . . . . . . . . . . „
1640„ ½„ „ noten of rompen - - - - - - - - - - - - - - - - - - - - - - - - - - - - - - - - - - - - - - - - - - - „
9½„ „ Caneel - - - - - - - - - - - - - - - - - - - - - - - - - - - - - - - - - - - - - - - - - - - - - - - „
181669„ —„ „ zonde peper - - - - - - - - - - - - - - - - - - - - - - - - - - - - - - - - - - - - - - - - - - „
411„ —„ „ japans staaf koper - - - - - - - - - - - - - - - - - - - - - - - - - - - - - - - - - - - - - - „
In't N=ts Comptoir Sadraspatnam Adij ult=o
(onderstont) dese twee stux rendementen met derselver prin„c
Rendement vande ondervolgende
verkogt met aenwijsinge van 't in
veel op deselve zoo percento als op"
NL-HaNA_1.04.02_8834_0069.xml,"61
Van Cormandel onder dato 31:' Octob„r A„o 1720„
in en
als op
Coopmansz: geduerende dese maant hier ter Comptoiren voor Contant —
uijtkoops kostende van elk pont, en de geheele quantiteijt jtem hoe —
het generaal gewonnen is, namentlijk,
't kostende van, verkoop van, advancen, 't Costende, vercoopsprijs, advancen, winst op 't
1 lb„ op een Ed, quantiteijt, quaathteijt hondert vercogte in't
lt,
generaal
. . . . . . . ƒ 2„ 17„ 12„ƒ 3„ 12„ 8„ ƒ —„ 14„ 12„ ƒ 35„ 7„ 8„ ƒ 44„ 8„ —„ ƒ 25 1/3„ r=m ƒ 9„ —„ 8„
. . . „ —„ 10„ 9„ 8„ —„ —„ 7„ 9„ 7„ 257„ —„ —„ 3893„ —„ —„ 1414„ 3„ —„ 3636„ —„ —„
. . . . . „ —„ 6„ 7„ 5„ —„ —„ 4„ 13„ 9„ 1115„ 7„ 8„ 17326„ 5„ —„ 1453„ 2/3„ —„ 16210„ 17„ 8„
. . . . „ —„ 1„ —„ 3„ 8„ 2„ 3„ 7„ 2„ 116„ 15„ —„ 7952„ 15„ —„ 6711„ 3/5„ 3/„ 7836„ —„ —„
. . „ —„ 6„ 4„ 2„ 16„ 14„ 2„ 10„ 10„ —„ 1„ 8„ —„ 14„ —„ 810„ —„ —„ —„ 12„ 8„
. . . . „ —„ 2„ 6„ —„ 5„ 4„ —„ 2„ 14„ 5688„ —„ —„ 12573„ 10„ —„ 121„ 1/9 „ 55„ 6885„ 10„ —„
—„ 9„ 5„ —„ 16„ 8„ —„7„ 3„ 24„ 13„ 8„ 43„ 14„ 8„ 77 1/16 „ 19„ 1„ —„
de winsten behooft in dese maand importeren een s„a van - - ƒ39597„ 1„ 8„
N=o 1720, (was getekent) A„s Boel, en W=m Wijland, —
ƒ 2„ 17„ 12„ ƒ 3„ 12„ 8„ ƒ —„ 14„ 12„ ƒ 324„ 13„ —„ ƒ 43„ 10„ —„ ƒ 25„1½ rm ƒ 8„ 17„ —„
. . . . „ —„ 11„ 4„ 8„ —„ —„ 7„ 8„ 12„ 122„ 1„ 8„ 1736„ —„ —„ 1322„ 1/13„ —„ 1613„ 18„ 8„
. . . „ —„ 6„ 13„ 5„ —„ —„ 4„ 13„ 3„ 671„ —„ 8„ 9850„ —„ —„ 1367„ 1/3 s„s 9178„ 19„ 8„
. . . . . „ —„ 1„ 9„ 3„ 8„ 2„ 3„ 6„ 9„ 128„ 17„ 8„ 5618„ 12„ 8„ 4239. ¾„rm„ 5989„ 15„ —„
. . . . . . „ —„ 6„ 4„ 2„ 16„ 14„ 2„ 10„ 10„ 2„ 19„ 8„ 27„ —„ —„ 807„ 37„ 3/8„ 24„ —„ 8„
. . . . . . „ —„ 2„ 13„ —„ 5„ 4„ —„ 2„ 7„ 25547„ 8„ —„ 47688„ 2„ —„ 86„ 1/3„ —„ 22140„ 18„ —„
. . . . . „ —„ 9„ 5„ —„ 16„ 8„ —„ 7„ 3„ 191„ 7„ 8„ 339„ 1„ 8„ 78„ —„ 3„ 147„ 14„ —„
de behaalde winsten in dese maand behopen een h„e van. . . . . . . . ƒ 38604„ 2„ 8„
Mo
September Anno 1720. (getekent) als vooren
u4
-
prin„cipalen G'collacioneert wesende, en accorderende bevonden (was getekent) : V: Burg: —
rendem„t
de
. „—
Ao
A
.
-
ƒ
-
1"
NL-HaNA_1.04.02_8834_0070.xml,"Van Cormandel onder dato 31. ' October A„o 1720.
5„¾ lb foelij of macis - - - - - - - - - - - - - - - - - - - - - - - - - - - - - - - - - - - - - - - - - - - - --
839„½ „ Garioffel nagelen. . . . . . . . . . . . . . . . . . . . . . . . . . . . . . . . . . . . . . . . . .
-
758„—„ „ noten of rompen - - - - - - - - - - - - - - - - - - - - - - - - - - - - - - - - - - - - - - - - -
3„ —„ „ Caneel. . . . . . . . . . . . . . - - - - - - . . . . . . . . . . . . . . . . . . . . . . . . . . . .
149„ ½„ „ japans staav koper - - - - - - - - - - - - - - - - - - - - - - - - - - - - - - - - - - - - -
3„ –„ p„s Grote flessen rosewater - - - - - - - - - - - - - - - - - - - - - - - - - - - - - - - - -
In't N=ts Comptoir Portonovo ult=mo Augustij Anno 17
13„½ lb foelij of macis - - - - - - - - - - - - - - - - - - - - - - - - - - - - - - - - - - - - - - - --
314. ¾ „ Garioffel nagelen. . . . . . . . . . . . . . . . . . . . . . . . . . . . . . . . . . . . . . .
3„ –„ „ Caneel. . . . . . . . . . . . . . . . . . . . . . . . . . . . . . . . . . . . . . . . . . . . . . . ..
804 —„ „ japans staafkoper - - - - - - - - - - - - - - - - - - - - - - - - - - - - - - - - - - - -
317„ 3/¾ „ noten of rompen - - - - - - - - - - - - - - - - - - - - - - - - - - - - - - - - - - --
Jn't N=ts Comptoir Portonovo ult=mo
7ber A„o 170,
derselver principale g'collationeert sijnde is d'
Renoement als vooren
Rendement vande onder gespecifi„
voor Contant vercogt zijn, met aanwijsing
in pC=to en in het generaal is gewonnen
1"
NL-HaNA_1.04.02_8834_0071.xml,"63
Van Cormandel onder dato 31:' Octob„r A„o 1720. —
ficeerde Coopmansz: etc: die in dese maand bij kleene partijties hier ten Comptoire
wijsin hoe veel jder pont en p„r komt te gelden, als ook wat daer op, en op 't geheel—
nen namentlijk;
't kostende van, hoe veel, ld, advanse, 't Costende, tot hoe veel, advance, winst op 't
en pees vercogt op een Ed, vande gehele, omgeset
ten
„ lb en pees,
verkogte in't
is reg ten p„l quantiteijt  is,
hondert
Generaal,
. . . . ƒ —„ 11„ 8„ ƒ 8„ —„ —„ ƒ 7„ 8„ 8„ ƒ 3„ 6„ 2„ ƒ 46„ —„ — ƒ 1291„ 7/56„ 35/ ƒ 2„ 13„ 14„
. . . . . . . . . . „ —„ 6„ 12„ 5„ —„ —„ 4„ 13„ 4„ 283„ 6„ 10„ 4197„ 10„ —
1381 „ 1/–„ „ „ 3914„ 3„ 6„
. . . . . . . . . „ —„ 1„ 10„ 3„ 8„ 2„ 3„ 6„ 8„ 61„ 11„ 12„ 2581„ 18„ 12„
4092„ 1/16„ —„ 2520„ 7„-„
. . . . . . . . . . „ —„ 6„ 2„ 2„ 16„ 14„ 2„ 10„ 12„ —„ 18„ 6„ 8„ 10„ 10„
828„ 26„ r=o „ 7„ 12„ 4„
. . . . . . . . . . „ —„ 9„ 1„ —„ 16„ 8„ —„ 7„ 7„ 67„ 14„ 13„ 123„ 6„ 12„
82„ 1/16„ —„ 55„ 11„ 15„
. . . . . . . . . . „ 1„ 3„ 12„ 4„ —„ —„ 2„ 16„ 14„ 3„ 11„ 4„ 12„ —„ —„ 239„ ½„ 3s„ 8„ 8„ 12„
de winsten in dese maant gevallen bedragen een h„a van. . . . . . . ƒ6548„ 17„ 3„ —
Ann 1720. (was geteken) W=m van Zijll, en Amd„s Oosterharen;
. . . . . . . . ——„ 1„ 8 ƒ 8„ —. — ƒ 7. 8„ 8„ ƒ 7„ 15„ 4„ ƒ 108: —„ — ƒ 1291„16„ 35 ƒ 10„ 4„ 12„
. . . . . . . . . „ —„ 6„ 12„ 5„ —„ —„ 4„ 13„ 4 „ 106„ 4„ 9„ 1573„ 15„ —„ 1382„ ½„ —„ 1467„10„ 7„
. . . . . . . . . „ —„ 1„ 10„ 3„ 8„ 2„ 3„ 6„ 8„ 25„ 16„ 5„ 1082„ 6„ 11„ 4092 /5„ —„ 1056„ 10„ 6„
. . . . . . . . . . . „ —„ 6„ 2„ 2„ 16„ 14„ 2„ 10„ 12„ —„ 18„ 6„ 8„ 10„ 10„ 828„ 26„ r=m„ 7„ 12„ 4„
. . . . . . . . . „ —„ 9„ 1„ —„ 16„ 8„ —„ 7„ 7„ 364„ 6„ 4„ 663„ 6„ —„ 82 16„ „ „ 298„ 19„ 12„
De winsten in dese maant gevallen bedragen een h„a van . ƒ2938. 7. 9„
„ 17.0. (getekent/ als voren, onderstont) dese twee randementen met
is d' Accorde bevonden (was getekent) J: V: Burg, —
provisionele"
NL-HaNA_1.04.02_8834_0072.xml,"Van Cormandel onder dato 31. ' Octob„r A„o 1720„
Extract uijt den Eijsch
Provisionele beantwoordinge met
van retouren uijt Jndia voor
diep schuldige reverentie, voor jegen
den jaren 1721,
„woordig gepast op den nevens staende
Eijsch, voor 't Patria, en 't naast vol„ Onsen provisionelen Eijsch van retou„
„ren uijt jndien, voor den jare 1721. —
„gende Jaar 1721. , wel ten principaal
dienende, omme aen te toonen, in den 21 7ber: jongstl: geformeert wesen„
wat voegen deselve is verdeelt, „de, hebben wij met de schepen borsselen,
en daar uijt, aen Elk der onderho„ de standvastigheijd en phanna, op-
„rige Comptoiren deses Gouverne„ den 18. ' deses in zee gehopen, bereijts
Laten afgaen, met intentie om
„ments zijne partijen, ter besorginge
deselve na 't aflopen der ver„
aen bevolen,
„kopinge inde resp: Cameren,
nader te Completeren, het geen nu
bij desen geschiet, sijnde de re„
„marques die op de goedren en
soorten gevallen sijn, bij persoort
genoteert in verwagtinge, en hope,
Aan de Hoog Edele Groot
agtbare Heeren Bewint„ dat de misslagen daer in begaan
„hebberen ter vergaderinge door die Gene dewelke de besor„
„ging der voors: Goedren is toebe„
van Kvij in Nederland, —
„trouwt, met alle naarstigh„t
en getrouwheijt in het toekomende
deselve sullen verbeteren
Hoog Edele groot agt„
Alle dese saken en remarques
„bare Heeren, —
werden onder Een hooft gebragt,
en niet onder verscheijde Comptoi„
„ren als wel na gewoonte, ter
oorsake dat de vercoping in
de resp=e Cameren Laat is ge„
schiet, en de goedren met 't na
schip
Etc.,"
NL-HaNA_1.04.02_8834_0073.xml,"65
Van Cormandel onder dato 31. ' October A„o 1720.
op dese hooge gerespecteerde voor heden schip wijnendaal overgebragt, op
van uE hoog Edele groot ogtbaarheden den 18 deses bij de Camer Amsterd=m
niets anders te rescriberen vinden eerst sijn verkogt geworden, daer
„de, dan dat wij u hoog Edele groot— benevens bedugt zijnde dat door d'
agtbaerhedens nogmaals met submis opgecomen vorst mogten verhin„
„sen Ernst versekeren van onsen„dert werden, om desen gecompleteer„
goeden ijver en voornemen, soo gaen den Eijsch te laten afgaen, soo heb„
„ben wij beter geoordeelt om deselve
in hope van welduijdinge voord'
in dier voegen afte senden, waar —
tot de gemaakte verdeelinge
van wij de voldoening, soo in qua„
selfs van desen nieuwen Eijsch voor
„liteijd, als quantiteijt, zoo veel
't naast aenstaende jaar 1721, op volgoonlijk is, sullen te gemoet
zien, en wijders overgaan tot den
„gende wijse —
Eijsch selve, Eijsschende mits —
desen,
„ring is gemaakt in voegen,
als volgt,
voor Nagapatnam. . . 3„ 6000.
„ Noorder Cormandel. . . . „ 2000.
„ Sadraspatnam. . . . . . . . . . „ 5000.
„ Portonovo - - - - - - - - - - „ 7000.
de verdeeling der aen besteding
is gedaen in maniere, als,
Voor Nagapatnam - - - - - - - Stx 2000„
„ Noorder Cormandel - - - - „ 8000.
Sadraspatnam. . . . . . „ 2000 en
„ Portonovo - - - - - - - - - - - - „ 3000„
te samen stux „ 40000. uijtmakende Conform den Eijsch
zijn. . . . 15000. stux te samen als boven,
12a
15000 p„s Rouw Guinees, segge twaalp a —
vijftien duijsent stucken de laast
gesondene zijn wel bevonden,
Eijs van Chormandel
segge veertig duijsent stucken, de
laast gesondene zijn wel bevonden.
de repartitie van dese soorten, 40000 P„s Ordinaris geb„t Guinees
de verdeelinge
„"
NL-HaNA_1.04.02_8834_0074.xml,"Van Cormandel onder dato 31. ' Octob„r A„o 1720.
de verdeelinge is gemaakt, als
volgt.
voor Nagapatnam. . . . . . . . . - - Stx 450.
„ noorder Cormandel - - „ 750.
m
t' samen 1200 Stux
de gemaakte verdeelinge is
geschiet, als,
sadraspatnam. . . . stx 400.
600.
„
en Portonovo. . . . . . . . . . . .
te samen 1000. stux
Volgt de verdeelinge, als,
voor Sadraspatnam. . . . - . . - - stx 2500„
„ Portonovo - - - - - - - - - - - - „ 3500.
En
te samen 6000. stux
aldus gemaakt,
voor Nagapatnam. . . . . . Skx 2500.
„ Portonovo - - - - - - - - - - - „ 1500.
Een
t' samen 4000. stux
zijn alle voor Nagapatnam
aengenomen,
dese soorteringe wert alleen
op Noorder Cormandel vervaar„
„digt en daer henen aengeschre„
„ven, met het nodige daar
toe dienstig,
2000 p„s Bethilles alegias, segge —
twee duijsent stucken moet
vand'eerste soort wesen,
3000. p„s Bethilles Ternatancs egg
drie duijsent stucken
vier duijsent stucken
de verdeelinge der petitie is 4000. p„s Bethilles of Otisaals, segge
6000 P=s bruijn Blauw Guinees,
segge ses duijsent stucken,
1000. P„s Bleek blau Guinees,
segge een duijsent stucken met
de remarques van den jare 1715. —
1200 P„s Fijne geb=te Guinees, segge—
twaalf hondert stucken,
werden"
NL-HaNA_1.04.02_8834_0075.xml,"67
Van Cormandel onder dato 31. ' Octob„r A„o 1720.
2000 p„s Calawaphoe Bethilles —
werden mede de noorder Corman„
segge, twee duijsent stucken
„del of dat districts hooft Compt„r
moeten van d'eerste soort wesen,
masulipatnam ingesamelt,
wijders als voren gemelt;
Als vooren
zijn g'Excuseert
hier ten hooft Compt„r alleen, werden
dese fijne smalle gebl„te bethilles —
gelijk mede de drie volgende soor„
„tementen geprocureert, en sal tot
dies voldoening de vereijste sorg
gedragen werden
Zoo mede belangende dese fijne
breede gebleekte bethilles
al mede voor Nagapatnam
Ad Idem.
1500 p„s Grove smalle Be„
thilles segge vijfthien
hondert stucken,
1500 p„s Grove breede bethilles
segge vijftien hondert stucken
1500 p„s fijne breede gebleekte
bethilles, segge vijfthien
hondert stucken
1500. p„s fijne smalle geb: bethilles
segge vijvthien hondert stucken
. . . . . . . Bethiller D' oirmaal
te Excuseren
2000 p„s sestergantj bethilles=
segge twee duijsent stucken
moeten vand' Eerste soort
desen
sijn,"
NL-HaNA_1.04.02_8834_0076.xml,"Van Cormandel onder dato 31. ' October A„o 1720.
desen sijn alle 't Comptoir palli„
„acatta als daar alleen gem„t
werdende aanbevolen, met ernste„
„ge recommandatie nopens de
remarke omse klaarder en fijn
„der van doek, mitsgaders van
Cipielder jnkoop als de vorige
soo veel mogelijk is inte sa„
„melen,
voor Nagapatnam,
en sal de remarque behoorlijk
werden nagekomen,
werden g'Excuseert
't Comptoir Geldria sal —
dese moeris Leveren.
en Nagapatnam dese.
1500 p„s Grove witte Moeris
segge vijftien hondert stucken
1000 p„s fijne Witte Moeris.
segge duijsent stucken —
als;
400. van 3 Cob.
_„o
600 „ 25 _„o
E
1000 stucken
. . . . C hiavonijs te Excuseren
4000 p„s Eijle geb=te bethilles=
indische soort, segge vier duij¬
„sent stucken, de digste gewees„
„de sijn de beste geweest, waarom
van deselvde soort wederom
Eijschen,
1500 p„s wij hebben ontfangen sijx
balen tot een monster deselve
moeten klaarder en fijnder—
van doek, en van Civielder in
koop wesen, als de voorn:
balen geweest zijn,
1500. p„s madrapaxe bethilles
segge vijftien hondert stucken
500 van 3 Cobidoe
600 „ 2¼ „
400 „ 1½ „
blijven
E"
NL-HaNA_1.04.02_8834_0077.xml,"69
Van Chormandel onder dato 31.:' Octob„r A„o 1720.
dese zijn verdeelt als volgt,
voor Nagapatnam . . . stx 600„
„ noorder Cormandel - - - - - „ 900„
te samen 1500 stux
de repartitie van dese gemeene
gebleekte salempoeris is gemaakt
als volgt,
voor Nagapatnam - - - - - stex 6000„
„ noorder Cormandel. . . . . . „ 28000„
„ Sadras Patnam. . . . . . . „ 8000„
Portonovo . . - - - - - . - - - - „ 8000„
„
te samen stx 50000„ als den Eijs hier boven,
zijn verdeelt als volgt,
voor Nagapatnam. . . . . . . stver 2000„
„ Noorder Cormandel. - - . . . . . . „ 10000„
„ Sadraspatnam. . . . . . . . . . „ 3200.
„ Portonovo. - - - - - - - - - - - - . . . . „ 4800.
ƒ
ƒ
ƒ
te samen stx 20000. als hier boven gepetitioneert,
20000„ P„s Ruwe Salempoeris=
segge twintig duijsent stucken
50000„ P„s Gemene geb: Salemp:s
segge vijftig duijsent stucken
al het guinees, salemp„s, par„
„kallen en dongrijs moeten 2¼ Cob:
br„te zijn
1500 fijne geb: salempoeris=
segge vijfthien hondert stucken
blijven G'Excuseert. . . . . . . . . . . . . . . . . . Rode Moeris te Excuseren
om dat jaffenepatn: werden g'
Eijst,
zijn"
NL-HaNA_1.04.02_8834_0078.xml,"Van Cormandel onder dato den 31. ' Octob„r A„o 1728,
zijn g'Excuseert
6000 p„s bruijn blauwe salemp„s
dese zijn aldus toegelegt
segge ses duijsent stucken, mits
aan Sadraspatnam. . . . . . . - Stx: 2400.
dat deselve fijn van doek en
„ Portonovo - - - - - - - - - - - „ 3600
gelijk van Couleur moeten wesen,
m
t' samen 6000 stux
soo veel den rijs dicteert, sijn ook
naar genoem Compt=ren gerecommand„t
de remarque hier nevens in goede
agt te moeten nemen,
2000 p„s fijne geb=te Parkallen
bij verdeeling aldus
segge twee duijsent stucken
voor Nagapatnam - - - - stx 800„
„ Noorder Cormandel. . . . „ 1200„
En
te samen stx 2000 Conform den Eijsch
zijn g'Excuseert —
volgt de verdeelinge als,
voor Nagapatnam. . . . . . - - sk 1200 „
„ Noorder Cormandel - - - - - „ 2400„
„ Sadraspatnam. . . . . . „ 1200„
„ Portonovo - - - - - - - - - - „ 1200„
te samen 6000 stux soo veel er g'eijst zijn
1000 p„s Blauwe Parcallen
aen de volgende Comptoiren ter be„
segge een duijsent stucken
„sorginge opgegeven als,
aan Sadraspatnam. . . . . . stx 350„
650„
„ Portonovo - - - - - - - - „
t' samen 1000 zoo veel den Eijs is monterende
6000 P„s gem: geb=te Parkallen. —
segge ses duijsent stucken
. . . . . Boek Parcallen t'Excuseren
Rode Salempoeris t'Excuse„
„ren om dat van jaffanap: werden
geeijst,
bij verdeeling"
NL-HaNA_1.04.02_8834_0079.xml,"71
Van Cormandel onder dato 31.:' October A„o 1720,
bij verdeeling van den Eijs als volgt
800 P„s ruwe Parkalle,
segge agt hondert stucken
voor Sadraspatnam. . . . . . - - stx 320„
Portonovo. . . . . . . . . . . . . . . „ 480„
„
800„ stx soo veel melt den Eijsch
t' samen
zijn alle geexcuseert —
't Comptoir Palliacatta aenbevolen
alwaar dese onderbroeks gingams wer„
„den genegotieert, met aenschrijvinge
dat op de nevensstaande remarque
goede agt zal moeten geslagen werden,
vertrouwende wijders dat d' 10 packen of 1000 stucken desen jaare versonden
op den Eijsch van A„o 1719 na uw hoog Ed„le groot agtbaarhedens intentie —
wel sullen te voren comen,
voor Nagapatnam,
Als boven, verhope mede gelijkhier
boven bij de onderbroeks gingam
staat ter nedergestelt, dat de
Anno Itancij versondene packen
1000 p„s ruwe Cambaijen segge
een duijsent stucken, met meer
verandering van coleuren en
werken,
2000 p„s Negros Leeden, segge —
twee duijsent stucken
1000 p„s onderbroeks Gingams
segg: duijsent stucken, alle
van drie Couleuren
. . . . breede geb„te vierdraats
gingams
Breede gekep: gingams
smalle _„o _„o
salpicado gingans
rok gingams
breede chialou gingam
smalle chialou _=os
Cadel. . . . . _=o
4 of
en
ƒ"
NL-HaNA_1.04.02_8834_0080.xml,"Van Cormandel onder dato 31. ' Octob„r A„o 1720,
4 off stucken 640. na uw: hoog
Edele groot Agtbaarhedens ordres
vervat bij den Eijsch voor anno
1719, ende stalen daer nevens
gesonden, wel sullen te gemoet
Comen,
voor Sadraspatnam. . . . stx 3200„ 8000„ P„s witte breede baftas
segge agt duijsent stucken
„ Portonovo - - - - - - - - - „ 4800
stux
t' samen 8000
sijnde den vollen Eijsh van dese
sortering geb„te baftas, die jaarlijx
op dese twee en geen vande
andre onderhorige Comptoire—
werden ingesamelt,
verdeelt, en opgegeven met de
nevenstaende remarque soo—
volgt
voor Sadraspatnam. . . . . Stx 1040.
„ Portonovo - - - - - - - - - „ 1460.
E
te samen stx. 2500. als boven,
blijven g'Excuseerd. - .. . . - . -
1500„ p„s fijne Geschilderde Chitsen=
aenbesteed in voegen als,
vande Cust, segge vijfthien —
voor Nagapatnam - - - - - - stx 400„
hondert stucken. ¾ witte, en
„ noorder Cormandel - - - - - „ 800.
¼. gecouleurde;
„ Sadraspatnam. - . . . - - - - „ 300„
m
t' samen 1500. als boven
geschilderde Nagtrocken
te
soo van zijde als Catoen
exonde„
„ren
geschilderde Cambaijen
2500 p„s blauwe breede baftas, segge
vijf en twintig hondert stucken
dog sijn van doek en mooij van
Coleur, —
vande"
NL-HaNA_1.04.02_8834_0081.xml,"73
Van Cormandel onder dato 31.:' October A„o 1720.
van de nevensstaende neusdoeken
2000 p„s Neusdoeken ter weder„
zijn er desen jare van nagapatnam
zijds even schoon geschildert—
versonden in 2 packen - - - - - stx 1000.
tot monster, segge twee duij„
en blijven hier inde packhuijsen —
„sent stucken Enkelde neus„
„doeken, aen beij de zijden even
van Sadraspatnam overleggen
schoon blijven wij nog verwagten,
1. paler of. . . . . . . . . . . . . . „ 1000.
ƒ
-
t' samen stux 2000. als boven
600. p„s zeijldoek, segge ses zon„
dit tweeder Leij zeijldoek zal vol„
„dert stucken. ½ wit, ½ ruw, —
„gens gewoonte op noorder chorman„
„del werden besorgt,
zijn mede volgens jaar lijx: ge„
„bruijk noorder Cormandel toe„
„geleijd,
mede daer honen opgegeven. /
staan, Gelijk jaarlijks alhier op
nagatpatnam geprocureert te
werden,
voor Portonovo,
Ad Idem,
1000. p„s Bramdams, segger duijsent
stucken
1000 p„s boelangs, segge duijsent
stucken,
8000 p„s Dasjens, segge agt duijs„t
enkelde dasjens,
1000 p„s Prouwe Dongrijs, segge—
een duijsent stucken
15000. p„s Witte geb„te Dongrijsen.
seggen sonder hoofden, segge —
vijftien duijsent stucken —
van 18 Cob: Lang en 2¼ Cob: breet,
noorder Corman:"
NL-HaNA_1.04.02_8834_0082.xml,"Van Cormandel onder dato 31. ' Octob„r A„o 1720„
Noorder Cormandel aanbevolen 2000 p„s Proemaals d' Estae, segge twee
duijsent stucken als 1000 p„s d' Esta
en 1000 p„s hestergantijn, —
2000 p„s Pattamarapoe segge twee
duijsent stucken met de remer„
„que van den voorledenen jaren
Catoene Garen..
ter Excuseren
zijn beijde g'Excuseert. . . . ƒ
.Indigo Cormandel
nevens staende Calliatourl„t
zal hier tot Nagapatnam
g'negotieert werden,
(onderstond) in Amsterdam den 22. ' december A„o 1719 Accordeert met
de voorsz: Eijsch (was getekent) A: Alewijn abramsz: ,
waer mede bij gebrek van stoffe om desen sijn te verlengen, afla„
„tende, verblijven wij met alle schuldig respect, en submissie, (onder„
„stond) Hoog Edele Groot Agtbare Heeren, uw Hoog Ed„le Groot
agtbare trouw schuldige, zeer gehoorsame en geheel -
nedrige dienaren, /was getekent:/ Gerrit Westrenen, en
Pieter vander Burg, /in margine/ Nagapatnam den 31. '
October Anno 1720, (onderstond) Accordeert I: V: burg —
200000. lb Calcatourshout, segge twee —
hondert duijsent ponden
voor nagapatnam
wij willen hopen dat de versondene
anno stanti bestaende in
8 packen of stucken. . . . 1280.
na uEd„le gr: agtbaarh: meening
sullen te voorkomen;"
NL-HaNA_1.04.02_8834_0083.xml,"75
Van Cormandel onder dato 31:' Octob:r 1720,
Cormandel,
Extract uijt den Eijsch
van retouren uijt jndia voor
Provisioneel antwoord met
alle schuldig respect werdende den Iaare 1722; —
gedaen en ter neder gestelt
Onsen provisioneelen Eijsch
op den nevenstaenden Eijs, voor
't vaderlijk, en't naast aen comen van retouren uijt jndia voor
de jaar 1722, en dienende tot een den jare 1722. den 26 7ber: jongst
distincte aenwijsinge hoeda„ geformeert wesende, hebben wij
„nig gesegden Eijsch over alle met de schepen Midlo, doornik
de handel plaatsen, deses gou„ en d' hopvogel, die den 21. ' 9ber
vernements verdeel sij, ter - Laastl: uijt texel in see sijn
geloopen, bereijds laten opgaan,
Complete voldoeninge van
deselve,
met intentie om deselve na 't
afloopen der vercopinge inde
respective Cameren, nader te
Completeren, 't geen nu bij desen
geschiet, de laaste vercopinge
is inde respective Cameren
seer slegt voor de Comp„e tot ons
Leetwesen geweest, want niet
alleen veele goedren niet hooger
als de incoops prijs bedraagt sijn
vercogt, maar daer benevens—
soo is men genootsaakt ge„
„weest om eenige goederen op
te houden, die den incoops prijs
niet"
NL-HaNA_1.04.02_8834_0084.xml,"Van Cormandel onder dato 31:' Octob„r A„o 1720.
niet konden halen, welke de has„
„ters wij alleen toeschrijven aen
de gedogten, die vele menschen—
hier te Landen hebben gehad, om
schielijk rijk te worden, en heb„
„ben gemeent de beste hulpmidde„
„len daer toe te wesen, om haar
te Engageeren, inde Zuijdserse
Compagnie in engelant inde
Aan de hoog Edele agtb:
Heeren bewinthebberen ter westindische Compangie, hier te
vergaderinge van de X. VIj. Lande, als mede inde inteeke„
representerende de generale „ning in verscheijde steeden, in
Nederlantse g'octroijeerde
hollant gedaen om eenige actien
oostindische Compagnie,
te Erlangen, om die hooger te verco„
„pen, alle welke saaken inden
beginne van een goed aspect —
wel sijn geweest, want deselve
Eccessieff monteerde, dog sijn
nader hant seer subijt gedaalt,
en weijnig of geen hoop van re„
„dres en is, waar door veele men„
„schen, soo van groote als kleij„
„ne staat, geruineert sijn gewor„
„den dese saak is niet alleen
seer nadeelig, soo in Engelant
als hollant geweest, maar daar
benevens"
NL-HaNA_1.04.02_8834_0085.xml,"77
Van Cormandel onder dato 31.:' Octob„r Ao 1720,
benevens soo is vranckrijk ook
geruineert geworden, door de—
soogenaemde misisippise actien,
dewelke in 't begin veel winst
Hoog Edele groot
aen eenige menschen hebben
ƒ
toegebragt, dog naderhand door
Agtbare Heeren,
de subite dalinge soo sijn veele
met swrertelijk leetwesen hebben wij -familien geruineert geworden,
uijt deesen gevenereerde voorreden
ja selvs de geheele negotie ge„
gesien het slegt rendement der
„stremt, ter welker oorsake
retouren op de laaste vercoping
geene commissie aende Corres„
inde respective Cameren, Edog wij
„pondenten alhier sijn gecomen,
wensen van herten dat in 't ver„
om eenige goedren bij d'Ecomp=e
„volg de hier besijden gemelde—
fataliteijten en desselvs sources intecoopen, wij meenen dat al„
„le dese saaken oorsaak sijn
sullen ophouden, en daer en tegen
geweest vande laastste slegte
de goedren van uw Ed„le groot agtb:
verkopinge, dog nademaal, —
de gedesidereerde overwinsten bij
vele mensen van dese frivolo
Continuatie mogen afwerpen, waar
saaken sijn als hercomen, —
toe van onse zijde niets agter ha„
en haar tot hare ordinaire ne„
„ten sullen door alle industrueu„
„se, en laborieuse middelen werk gotie hebben wederom begeven,
stellig te maken, al wat tot be„ soo hoopen wij dat de vercoo„
„reijking van uw hoog Ed„le groot agt„pinge voor 't aenstaende —
„bare goed oogmerk dienen kan, beter aen d' Ecomp„e sullen —
ten welken eijnde in't vervolg sul„ mogen renderen, waer toe
„len aenwijsen de gemaakte verd„ veel sal contribueren om
„ringe vandesen nieuwen Eijsch voor den Coopman graag te maken,
en daer toe te animëren, in„
't naastcomende jaar 1722;
„dien de gevorderde goedren„
namentlijk:
van"
NL-HaNA_1.04.02_8834_0086.xml,"Van Cormandel onder dato 31:' Octob„r A„o 1720.
van hier met die naarstigheijt,
en in die qualiteijd, en quanti„
„teijt ons werden toegesonden, als
wij deselve sedert eenige jaaren —
herwaarts hebben g'Eijscht, —
t welk wij sullen verwagten, —
voorts soo sijn de remarques die op
de goedren gevallen sijn in hare
soorten, niet alleen bij ider soort,
genoteert, maer daer benevens soo
gaen verscheijde monsters hier—
nevens, jder met haar nombers, —
op ijder sorteringe inden Eijsch,
gemelt, geteekent, in verwagting
sijnde dat deselve alsoo sullen
nagecomen werden, op dat daar door
gelijk als hier voren gemelt is, —
den Coopman g'animeert mag werden,
om 's Comp„s waaren in te Coopen, —
Eijsch van Cormandel
de partitie van dese soort
40000 p„s ordinares geb„t guinees, segg
is naaresz: voegen gem„t.
veertig duijsent stucken
voor nagapatnam - - - stx 2400.
moeten alle 50 ell: Lang en
„ noorder Cormandel „. 5000.
1½ @ breet wesen;
sadraspatnam - - - - „ 2000.
„
portonove - - - - - - - „ 8000.
„
t' samen stx: 40000.
d'verdeeling"
NL-HaNA_1.04.02_8834_0087.xml,"79
Van Cormandel onder dato 31. Octob„r A„o 1720.
12000 p„s rouw ginees, segge —
d' verdeeling is gemaakt als volgt
twaalf duijsent stucken
voor nagapatnam - - - - - - - - stx 2400.
noorder Cormandel - - „ 5000.
Sadraspatnam - - - - - „ 2000.
„
„ portonovo - - - - - -„ 2600.
sijn stux. . . 12000.
800. fijn geb„t gunnees segge=
de verdeeling is gemaakt —
agt hondert stucken,
in maniere, als volgt,
300.
voor Nagapatnam - - - - stx
„ noorder Cormandel - - „ 500.
in
t' samenstx 800. –
1000 p„s bleek blauw guinees segg
de gemaakte verdeeling is —
een duijsent stucken,
op de volgende wijse geschiet
als,
voor Sadra spatnam - - stx 500.
„ 500.
portonovo - - -
„
„
t' samen stver. 1000„
6000. p„s bruijn blauw guinees,
de verdeeling hier van volgt
segge duijsent stucken
voor sadraspatnam. - - - - - stx 3000.
moeten fijnder wesen, als
„ 3000.
portonova - - - - -n - - -
„
de laast gesondene,
t' samen stx 6000.
ingevolgen"
NL-HaNA_1.04.02_8834_0088.xml,"Van Cormandel onder dato 31.:' Octob„r 1728,
3000 p„s bethielles of otizaals, segi
ing volgende maniere is de ver„
drie duijsent, de laastgesondene
„deelinge hier van gemaakt,
zijn te grov geweest, sullen —
voor Nagapatnam. . „ 1500. stx
verders afwagten 't geschreve„
Portonovo - - - - - „ 1500
„
„
„ne inde beantwoorde Corman„
en
t samen stux. 3000 „
„delse eijs vanden jare 1719.
aen nagapatnam toege„
„deelt. —
de voldoeninge hier van
noorder Cormandel..
aenbevolen —
1000 p„s Calwafoe bethiellas, segg
duijsent stucken, moeten van
de eerste soort en hoog van
Couleur wesen,
1000 p„s sestergantij bethielles —
segge duijsent stucken, moeten
van d' eerste soort, en hoog van
Couleur wesen,
Ad Idem,
als vooren,
1000 p„s bethielles allegias segge
duijsent stucken moeten—
van d' eerste zoort en hoog
van Coleur wesen,
3000 p„s bethielles terntanes —
segge drie duijsent stucken"
NL-HaNA_1.04.02_8834_0089.xml,"81
Van Cormandel onder dato 31:' Octob„r A„o 1720.
zullen g'excuseert blijven, . . . . bethielles d'ornaal te
te Excuseren,
nagapatnam toegedeelt
Ook soo,
als vooren,
Idem,
hier van aenbevolen,
palliacatta de besorginge
1500 p„s madrapakse bethilles-
segge vijftien hondert
stucken, als,
500. â 3 Cob„s
600 „ 2¼ „
400 „ 1½ „
1500. p„s grove breede bethilles —
segge vijvtien hondert stucken
1500 p„s grove smalle bethielles
segge vijftien hondert stucken
1500 P„s fijne breede ab„te bethiel„
„les segge vijftien hondert stuc„
„ken,
1500 p„s fijne smalle geb„te be„
„thieles segge vijftien hond„t
stucken, moet gelet werden
dat alle de bethielles fijn
vallen,
op nagap:"
NL-HaNA_1.04.02_8834_0090.xml,"Cormandel onder dato 31. ' Octob„r A„o 1720,
van
op Nagapatnam aenbe„
„steed,
zijn g'Excuseert
voor palliacatta
voor nagapatnam
zijn g'Excuseert —
verdeelt als volgt,
1500. p„s fijne gebl„te salmp„s segge
voor nagapatnam - - . stx 600.
vijvthien hondert stucken
„noorder Cormandel „ 900.
En
aldus stux. 1500.
40000. p„s gemeen geb„te Salempoeris
-. roode moeris g'excuseert om
dat van jaffanap: werden geeijst
1500 p„s grove witte moeris, segge-
vijfthien hondert stucken moet
op de fijnte gelet werden,
1000 p„s fijne witte moeris segge
duijsent stucken, als,
400 van 3 Cob„s
600 „ 2 5/8 „
moet gelet werden op de fijne
en goedkoop incoop
. . . . . . . . . Chiavonijs 't Excuseeren
3000 p„s ijle gebleekte bethilles in
dise soort, segge drie duijsent
stucken, met de remarques van
't voorgaende jaar,
zijnde"
NL-HaNA_1.04.02_8834_0091.xml,"83
Van Cormandel onder dato 31. ' Octob„r A„o 1726.
zijnde de repartitie in dese
sortering aldus gevallen.
voor nagapatnam - - - - - stux 7000.
noorder Cormandel - - - „ 20000.
„
sadra spatnam. . . . . . „
6000.
„
portonovo. - - - - -
„ 7000.
„
Enn
te samen Etx 40000.
al 't guinees, salemp„s par„
wij sullen volgens onse gehou„
„callen, en dongris moeten
„denisse op dese recommandatie
2¼ Cobido breed sijn, de —
behoorlijk agt geven,
lengte en de breedte moet
niet vergeten werden op de
brievjes te setten,
van dese is de verdeeling ge„ 15000 p„s rouwe salempoeris —
segge vijftien duijsent
„maakt, als volgt
stucken
voor nagapatnam. . . . stux 1500.
„ noorder Cormandel - „ 8000.
sadraspatnam - - - - - „ 2000:
„
. „ 3500.
„ portonovo - - - - --
ee
t samen stx 15000
zijn g'Excuseert —
verdeelt als volgt
voor sadraspatnam - - - - - stx 3000.
Portonovo : - - - - - - - „ 3000.
„
een
aldus stx. . . 6000.
6000 p„s bruijn blau salempoeris —
segge ses duijsent stucken
met de remarques van 't voorle„
„de jaar, en moeten drooger in
gepakt werden,
.rode salempoeris te Excu„
„seren om dat van jaffanapat
„nam werden g'Eijscht,
segge veertig duijsent
stucken,
aldus"
NL-HaNA_1.04.02_8834_0092.xml,"Cormandel onder dato 31:' Octob„r A„o 1720.
Van
werden
zullen g'Excuseert
aldus verdeelt,
1000 p„s fijne gebl„te parkallen, segge
duijsent stucken,
Stx 300.
voor nagapatnam. .
700.
„
„ noorder Cormandel.
n
aldus stux 1000.
zijn g'Excuseert.
de verdeeling hier van, volgt
voor nagapatnam - - - - stx 1200.
„ noorder Cormandel - - „ 2400.
„ Sadraspatnam. . . - - - „ 1200.
1200.
„ portonovo - - - - - - - - „
E
t' samen stx. 6000.
1000 p„s blauwe parkallen, seggen
verdeelt als volgt
duijsent stucken
voor sadraspatnam. Stx 500.
portonovo - - - - - - - „ 500.
„
Een
1000.
t samen stx
verdeelt als volgt,
voor sadraspatnam - - stx 320.
„ portonovo - - - - - - - - - „ 480.
tunn
aldus stx. 800.
breede geb„te vierdraat sa. .
gingams - - - - - - - - - - -
brade gekeperde gingams. - -. -
smalle gekep:de gingams. - - - - -
salpicado gingams. - - --
rok gingams. - - . . . - - .-
33
3
. . . . . .
breede Chialouw. . .
gingams. . . . . . . . . . . . - - .
6
smalle chialouw. . . . . . -
gingams - - - - - - - - - - -
Cadel gingams. . . . - . - - -
35
segge
800. p„s ruwe parkallen
agt hondert stucken
6000. p„s gem: Geb„te parcallen, segge
ses duijsent stucken
Boek poerkallen te Excuseren
voor"
NL-HaNA_1.04.02_8834_0093.xml,"85
Van Cormandel onder dato 31:' Octob„r A„o 1720,
- - - - - stx 800. 800. p„s onderbroeks gingam segge
oor paliacaetta.
agt hondert stuck:, en daer en
edog de hier ter sijde gem: stalen
boven twee hondert gestreepte
sijn bij ons nog niet ontvangen
en nog hondert geriite Chelas,
hoe wel verhopen dat se binnen
en dat alles volgens de 3 soorten
korte over batavia en Ceijlon
na de vevensgaende monsters, —
ons toegebragt sullen werden,
getekent met No. 8.
wanneer eerst in staat sullen
geraken uw hoog Ed„le gr: agt baver„
„hedens gerespecteert requisit
dien aangaande te connen voldoen,
voor nagapatnam - - - - - stver 1000 1000. p„s negros kleden, segge duijs„t
stucken moeten met meerder
verandering van werk wesen,
voor nagapatnam - - - stx 1000. 1000. p„s rouwe Cambaijen segge
duijsent stucken, moeten hon„
„der enden wesen, en volgens
dit monster getekent N„o 9.
verdeelt als volgt
voor sadraspatnam - - - stx 3200.
portonovo. - - - - - „ 4800.
„
aldus stx. . . . 8000.
8000. p„s witte brede bastas, segg:
agt duijsent stucken
2000. p„s blauwe breede baftas, —
verdeelt als vooren.
segge twee duijsent stucken
voor sadraspatnam - - - stx 1000.
dog fijn van doek en mooij van
portonovo - - - - - - - - - „ 1000.
En
Couleur,
t samen stx 2000.
zullen"
NL-HaNA_1.04.02_8834_0094.xml,"Van Cormandel onder dato 31.:' Octob„r A:o 1720
voor noorder
kormandel toe„
gedeelt,
zullen g'Excuseert wesen.
als vooren.
1500. p„s fijne geschilderde Chitsen, van
verdeeling als volgt
Cust segge vijftien hondert stucken
voor nagapatnam - - - stx 400.
mits wel gewerkt en geschildert,
„ noorder Cormandel „ 600:
wesende drie vierde witte, en een
„ sadraspatnam - - - - „ 500.
vierde gecouleurde, moet gelet
En
werden, dat deselve inde gront
te samen stx 1500.
niet bemorst of bevlekt sijn, —
en sijn van doek wesen,
verdeelt als volgt
voor nagapatnam - - stx 1000.
sadraspatnam - - „ 1000.
Een
tsamen stx 2000.
voor masulipatnam
of noorder Cormandel
toegedeelt - - - - - - stx 600.
15000. p„s witte geb„te dongrijs sonder
hoopden segge vijftien duijsent
stucken v: 18 Cob„o Lang 2¼ Cob„s breet
600. p„s zeijldoek segge ses hondert
stucken de helft wit, ende —
helvt rouw
2000. p„s neusdoeken ter wedersijds—
even schoon geschilderde tot —
monster, segge twee duijsent
stucken enkelde neusdoeken,
g' schilderde Cambaijen t' Excu„
„seren,
geschilderde nagtzocken soo.
van sijde als Cattoen, 't Excu„
„heren,
„"
NL-HaNA_1.04.02_8834_0095.xml,"Van Cormandel onder dato 31:' Octob„r A„o 1720.
hondert stucken
voor Noorder Cormandel - - sx 1000. 1000. p. s rouwe dongrijs, segger duij„
„sent stucken
8000 p„s dasjens segge agt duijsent
vande fijnste soort en Equaal
van lengte,
voor portonovo, - - - - stx 800. 800. p„s Brandams segge agt
800. p„s boelangs segge agt hond„t
voor portonovo. - - - stx, 800.
stucken
voor noorder Cormandel - stx 2000. 2000. p„s roemaals d' Esta, segge
twee duijsent stucken, als,
of soo veel van elk der twee
der leij slag sal willen vallen
1000 d' Esta, en
1000 „ sestergantij
om effene pack: van 150 stx:
ijder te maken,
voor nagapatnam - - - stx 1000. 1000. p„s pattamaroephoe, segge
duijsent stx, hier van wert soo
veel minder g'Eijst, om dat
diterative gegeve ordres
niet werden geopserveert,
't welk voor 't toekomende
beter verwagten
voor nagapatnam hier vande
besorginge - - - - - - - stx 8000.
is g'excuseert
E"
NL-HaNA_1.04.02_8834_0096.xml,"Van Cormandel onder dato 31 octob:r 1720.
bevindinge van
is g'Excuseert
ook soo
het nevens gemelde Calia„
tourhout sal hier op 't hoovd
Comptoir genegotieert wer„
„den,
(onderstont) actum In Amsterdam, den 5 xber: 1720, —
Lager) accordeert met de voorsz: Eijsch, (getekent) A. Ale„
„wijn abrams. waer mede aflatende betuijgen wij met
schuldige onderwerpinge, en alle mogelijke respect, te—
zijn en blijven hoog Edele groot Agtbare Heeren, —
u:E: Hoog Ed„le groot agtbaarhedens, trouw schuldige
geheel onderdanige, en seer gehoorsame dienaaren, (was
getekent) G„t Westrenen, dirk van Cloon, (in margine)
nagapatnam den 29=en Octob„r 1721,
200000. lb Calliatours houd, zegge twee
hondert duijsent pond,
. . . . jndigo Chormandel te Ex„
„cuseren,
. . . . . Cattoene Garen t' Excuseram"
NL-HaNA_1.04.02_8834_0097.xml,"89
Van Cormandel onder dato 31 Octob„r A„o 1720.
Bevindinge van twee par„
„thien westcust gout, p„r 't
schip Meijnden, den 1 Julij de„
„sen jare van batavia alhier —
aangebragt, ter ordre van den
Ed„len H„r Gerrit westrenen,
gouverneur en directeur deser
kuste Cormandel &:a tot Pagoden
vermunt, ten overstaen der
ordinaire Gecommitt„s de mess=rs
Adriaan Michielsz: Goudri„
„aan, en Iohannes dormi„
„euxe boukhouders, na dat de„
„selve goutparthien ten hun„
„nen bijwesen met 's Comp„s
Trois gewigt, en ordinare—
goud-balance gewogen, en
door den Essaijeur F=k—
Elliot gepasseert zijn
welke behaalt hebben
als alhier onder wett
vertoond
namelijk,"
NL-HaNA_1.04.02_8834_0098.xml,"Van Cormandel onder dato 31 Octob„r A„o 1720,
namentlijk;
mark: o: E: —: L=a Sw: 2 Parthien west kust goud. —
13.
becomen na 't afhouden van 2½ Eug:s tot een proef voor
328. 7. 11. —„ 23604. - 1/32.
d' Ecomp„e van ijder der 2 partijen westkust goud be„
dragende 5 eng: te samen,
mark: O: E:
pagod swô
L=ra 94. 163 „ 1„ 1½. komt a 7¾ p=a he: p„r mark„ 11704„ 3/64 - - - - - - - - - . . . . . . . ..
„ R: R: 165„ 6„ 15½. . . . . . . . . . . . . . . . „ 11899„ 3/64 -. . . . . . . . . . . . . ..
33
328. 7. 17.
:
23604. 13/32
-.
gaat af 't geen bij 't smelten en hersmelten van d„o gout is verhoren. . . .
hier van moet nog afgaen voor 's heeren geregtigh:t en nunters
loon a 14½ pag: vand' 1014½ d=os - - - - - - - - - - - - - - - - - - - - - --
insgelijx de waarde van 1102 13/64. p=a sw: mattam of toeset, die
onder dit gout heeft vereijscht, kost a 14 p=a sn: p„r pagood - - - - - - - - - - - --
Cost volgens factuur gedetrah„t ƒ 11: 11: 7.=t voor de waarde van boven
gemelde 5 eng: - - - - - - - - - - - - - - - - - - - - - - - - - - - - - - - - - - - - -
Comt a 19½. r pr C=to winst. . . . . . . . . . .
m=ken 328. 7. 17. 2364. 1/3 p„r sec:
Westkust goud heeft gerendeert. - . . . ...
gaet hier van nog af tot een proev voor d'Ecomp„n vande vermeng
specie door gem: Essaijeur afgehouden wegende 2=' Iug: waardig„
Die gedetraheert, resteren. . . . . . . . . . . . . . . . . . .
voege weder bij de waarde van 1102 17/84. p„r sw: mattam die tot opge
„m„t goud heeft vereijst en hier boven is afgetrocken om de suijver
waerde van 't goet aen te thoonen, bedragende als boven a. —
14. p=s sw: p„r pagood - - - - - - - - - - - - - - - - - - - - - - - - - - - - - --
Comt voor 't suijvere rendement van dese goud Partijen. . . . . . . . . . ..
Nagapatnam den 15=en Aug
43
„
..
52
en
ee"
NL-HaNA_1.04.02_8834_0099.xml,"91.
39
Van Cormandel onder dato 31:' Octob„r A:o 1720.
in ligt gelt a 120 stvers
bevonden mattam Iswaardig
allooij
de pagood gerekent
har:s gern: paij: hw: pag: aus: Laij faus pag: tous guld: de pen out: sr p: wint st —
. . . . . . . . . . . . . . . . . . . . . . . „ 21„ 8. —. 55. 4/64. —. . . . . . . . . . . „ 12455. 3. —.
17 —
„ 1102: 1/5
24706. 16. ¼.
e. . . . . . . . . . . . . . . . . . . . . . . . . . . . . . . . . . . . . . . . . . . . . . „ 9„ 4. 7/15.
resteren p=a 24697. 11. ¼.
. . . . . . . . . . . . . . . . . . . . . . . . . . . . . . . . . . . . . 2. . /1.
. . . . . . . . . . . . . . . . . . . . 9.  . . . . .
. . . . . . - - - - - - - - - - - - - - - - - - - - - - . — - - - - . - - - - - „ 21826:16. 9.
. . . . . . . . . . . . . . . . . . . . ƒ 23767. 12. 3.
. . . . . . . . . . . . . . . . . . . . . . . . . . . . . . . . . . . . . . . . . . . . . . . . . . . . . . . . .
. . . . . . . . . . . . . . . . . . . . . . . . . . . . . . . . . . . . . . . . . . . . . . . . . . . . . . . . „ 2. ½.
6. 14. 6.
. . . . . . . . . . . . . . . . . . . . . . . . . . . . . . . . . . . . . . .
. . . . . . . . . . . . . . . . . „ 21„ 8. —. „ 546. 1/32. —. . . . . . . . . . 251. 13. ¼.
. . . . . . . . . . . . . . . . . . . . . . . . . . . . . . . . . . . . . . . . . . . . . . . . . . . . . . . . . .
78. 17. 2/5. „ 72. 8. 2.
Juustij Anno 1720. /:was getek:t / Albert van Weede
. . . . . . . . . . . . . . . . . . . . . . . . . . . . . .
bevinding
1
1
2
„
rs
die
en
2
2
ver
. . .
1"
NL-HaNA_1.04.02_8834_0100.xml,"m=rn. O: E:
93. 1. 10.
Bevinding van een parthij weskust
4 Julij A. o 1720. van batavia alhier aengesagt
deser Custe Cormandel &a. tot fanem. ver
Adr: Michielsz goudriaan, en J„s
2
met 's Comp„s trois gewigt en ordinaire
„jeert zijn, welke behaalt hebben als
P=r WW: P=r Sw: Een Parthij westkust goud
6686. 2/16. 686. 2/16 becomen na 't afhouden van 2½ eng: tot een proev voord E Comp
van 14 staven westcust gout, hout in allooij------- . . . ..
11728. 1/16 p=a swx: mattam onder dit gout gesmolten om 't te brengen
tamens alloij sijnde 3½ mat: of 7 Car=ten 10 3/20 grijn. —
18414. 3/8 p„r sw: te samen,
5. 7/64 - „ „ in't smelt en en hersmelten verloren die afgetrocken
bedraagt 't nette becomene
18409. 3/4. p=s sw: mengsel welke leveren a 988¾ faus d' 100 p=a swaar. . . .
gaat oof voor 's heeren geregtigheijt en munters zoon a 25 p=rs millen.
blijvt voor 't gout en mattanc te samen - - - - - - - - - - - - - --
11728 3/16 p=r sw: mattam onder dit gout gesmolten kost a 16 p a hi
p„r pagood - - - - - - - - - - - - - - - - - - - - - pa/a 733 —.
rest voor 't goud alleen - - - - - - - - - - - - - - - - - - . . . . . . . . . . .
Cost volgens factuur gedatrah„t ƒ5: 15: 9. ' voor de waarde van boven gem
2½ — Eng: - - - - - - - - - - - - - - - - - - - - - - - - - - - - - - - - -
Comt a 16 dms p C=to wincht. . . . . . . . . . . . . . . .
Een Parthij ongesmolten berg Goud
19. 4. 6¼. 1401 13/4. becomen na 't smelten en afhouden v: 2=½ Eng: tot een proep voor d' EComp=e
van een partij berg gout assaijerende. . . . . . . . . . . . ..
2480. ¾ p„ six: mattam onder dit gout gesmolten om 't te brengen tot famens alloo
sijnde 3¾. mat: of 7 Car=ten 10 9/0 grijn.
3882. 23/4. p„r sw: te samen.
1. /8 „ „ in 't smelten en hersmelten verloren die afgetrocken.
bedraagt het nette becomene,
388. 2/10. p„s six: mengsel welke leveren a 988¾ fan=s d' 100 p=s sw: - - - - - - - - - - ..
gaat of voor 's heeren geregtigheijt en nuwters loon a 25 p=r p=r mille. . . . . .
blijft voor 't gout en mattam te samen. . . . . . . . . . . . . . . . . . . . . . . . . . ..
2480. ¾ p=s sn: mattam onder dit gout gesmolten kost als boven a 16 p=r
p=r pagood - - - - - - - - - - - - - - - - - - - - - p:a 155. 1 1/8 –. -. . .
rest voor het goud alleen.    .           .       ..
Cost volgens factuur gedetrah„t ƒ 5. 15. 2. voor de waarde van gem 2=½ Iug: - - - - - . . . . -.
Comt a 17 1/8 dms p„r C=to winst. . . . . . . . . . . . . . ..
m„ken 112. 5. 16½. 8087. 2/4 p„r sw: WestCust goud heeft gerendeert. . . . . . . . . . . . . . . . . . . .
hier van moet afgaan tot een prov: voor d' EComp=en vande vermen
specerije door gem: Essaijuer afgehouden wegende 2½ eng: waardig.
Die gedetraheert resteren. . . . . . . . . . . . . . . . ..
voege weder bij de waarde van 14209¼ p=r sw: mattam die tot op gem:
gout heeft vereijst en hier leven is afgetr: om de suijvre waarden
van 't goud aen te toonen, bedragende als boven a 16 p=s sw: p„r pag
Comt voor 't suijvre Rendement van dese gout partijen
Nagapatnam den 28=
=en Augustij
."
NL-HaNA_1.04.02_8834_0101.xml,"93
weskust en een d„o ongesmolten berg gout, p„r de stad Leijden, den
aengesagt ter ordre van d'Ed„le H„r Gerrit westrene gouvern: en directeur —
vermunt ten overstaen der ordinaire G'Committeerden de mess=rs
Ermieux boekhouders, na dat deselve stoffe ten hunner bij wesen
balance gewogen gesmolten, en door den Essaijeur F=k Elliot, g'Essai„
er onder volgt —
in zigt gelt amo stver, d' pagood gerekend,
bevond=n Iswaardig
alloij
prd„s tan.:s Pard„s tans Pag: tan=s gul: st. pr gul. st. pr. gul. st. pr gul: st:p: w in st
Cart. g=r
„21„9ƒ
prds 18202. 4. 2/3
. . . prd. 455. —. ½
vrd. s.
33-. . . . . . - . . . . . . . 1759. 2. 7/16. . . . . . . . . . . . . . . . . . . . . . . . . . . 9.9. 2. 3.
. . . . . . . . . . . . . . . . . . . . . . . . . rs 159 8. 1. 1/15. 6. 17. /5. . . . . 90. 8. 7.
. - - - - - - - - - - - . . . . . . . - „ 34458. 15. 7.
. . . . . . - - - - - - - . . . . . . . . . . . . . . . . . . . . . . . ƒ 5511: 13: 8.
„21„12
. . . . - - - - . 3837. 8. 3/16.
95. 9. 1/16.
. . . . . . . . . . . . . . . . .
. . . . . . . . . . p=rs 3741. 9. 2/1. . . . . . . . . . . . . . . . . 9 354. 16. 14. 9354. 16. 4.
—. —. . . . . . . . . . . . . . . 372. 1. ½„. . . . . . . . . . . . . . . . . -. . . . . . . . . . 930. 5. 10.
. . . . . . . . . . . . . . . . . . . . . . . . . . . „ 3369. 8. ¼. 1904. 2. ¼. . . . . . . . . . . . . . . . . —. . „ 8924. 11. 4. 8424. 11. 4.
. . . . . . . . . . - - - - - - - - - - . . . . - - - - . . . . . . . . . . . . . . . . . . . . . . . . . . . . . . . . . . . . . . . . . „ 7193. 8. 6.
. . . . . . . . . . . . . . . . . . . . . . . . . . . . . . . . . . . . . . . . . . . . . . . . 1231. 2. 14.
. . . . . . . . . . . . . . . . . . . . . . p s. 19357. 9. 14/15„ 8065. 19 4/15. . . . . . . . . . . . . . . . . . . . . 8 39. 9. 11.
rdig. . . . . . . . . . . . . . . . . . . . . . . . . .
—„ 11. ½. . . . . . . . . . . . . . . . . . . . . „ 2. 15. 10.
1. 1. /½.
. . . . . . . . . . . . . . . . . /s 19 356. 8. 3/15. 8065. 8. 2/5. . . . . . . . . . . . . . . . . . . . 9 . . . .
. . . . .
. . . . . . . . . . . . . . . . . . „ 2131. 3. 3/16. 888. 1. 3/16. . . . . . . . . . . . . . . . . . 5328. 7. 13.
. . . . . . . . . . . . . ard. s 21488. 2. 2/15. 8953. 10. 2/14. . . . . . . . . . . . . . . . . 53720. 12. 14. win st ƒ 6742. 15. 14.
Anno 1720. /was geteekent/ Als vooren,
16 p=r. d
. . . . . . . . . . . . . . 1747. 4. 1/. . . . . . . . . . . . . . . . . . . . 4368. 10. 10. ƒ 4368. 10. 10.
besinding.
. . . . .
-
m
rmen
1"
NL-HaNA_1.04.02_8834_0102.xml,"bevinding van twee parthijen west Cust en een -sng
en bellevliet dessen jaare van batavia alhier aengebragt te
Custo Cormandel &:a tot pagoden vermunt, ten overstaen der
di
boekhouders, na dat deselve goud parthijen ten hunner bijwesen
den Essaijeur F=k Elliot G'assaijeert sijn, welke behaar
m=rn. o. E: P=a sw: 2 Parthijen west Cust Goud,
381. 1. 19. 27459. 23/32. beconen na 't afhouden van 2½ Eug: tot een proep voor d' E Comp=en
van ider der 2 partijen westcust gout bedragende 5 eng: te samen
M=ren. O. . D:
Pag: sw=te
L=ra D. F. 170. 7. 5½ komt a 71¾ p=a sw: p. r mark „ 12262. ¼. —. P„r de stad Leijden. . ..
G. S. 210. 2. 13¾. . . . . . . . . . . . . . . . . . . . . . . „ 5196. 1/2. —. „ Bellevliet. . . . . .
381. 1. 19¼.
27459. 1/2. —
gaat af 't geen bij 't smelten en het smelten van d„o goud is verloren - - - - - - - - - . . .
hier van moet nog afgaan voor 's heeren geregtigh:t en munsters zoon
a 14½ pag: vand' 1014½ d=os - - - - - - - - - - - - - - - - - - - - - - - - - - - - - - - - - -
jnsgelijx de waarde van 1286 2/32 p=ar sw: mattam of toeset die onder dit goud
heeft vereijsct, kost a 14 p=a sn: p„r pagood - - - - - - - - - - - - - - - - - - - - - -
Cost volgens factuur gedetrah„t ƒ 11. 11. 8. voor die waarde van bovengem 5.
eug: - - - - - - - - - - - - - - - - - - - - - - - - - - - - - - - - - - - - - - - - - - - -„
Comt a 19 1/16 =m pC=to winst. . . . . . . . . . . . . . . . . . . . . . . . . .
Een Parthij ongesmolte Berg goud, of schenkagie
Goud P„r Bellevliet ontfangen,
6. 6. 5½. 486. 2/32. becomen na 't smelten en afhouden van 2½ Ing: tot een proep voor d'
Ecomp„e van een partij berg of schenckagie goud, assaijeerende- - - - - - - - - - - -- --
gaat af 't geen bij d' 2 en 3. ' smelting van _„o goud is verloren. . . . . . . ..
hier van moet nog afgaan voor 's heeren g'regtigheijt, en munters loon a 14½
pag: van d' 1014½ D=os - - - - - - - - - - - - - - - - - - - - - - - - - - - - - - - - - - - -
soo mede de waarde van 29 9/2. p„r sw: mattam of toeset, die onder dit goud is.
verbruijkt, comt als boven a 14 p=a sw: p=r pagood - - - - - - - - - - - - - - - - -
Cost volgens factuur gedetrah„t ƒ 6: 2: 8„r voor de waarde van 't opgem:
2½ Eng:. . . . . . .
. . . . . . . . . . . . . . . . . . . . . ..-„
Comt a 12 23/32. pC=to winst. . . . . . . . . . . . . . . . . . . . . . ..
m=ken 388. –. 2/4 2794. ¼. prs=o West kust goud heeft gerendeert. - - - . - . . . . . . ..
gaat hier van nog af tot een proev voor d' E Comp=e van de vermengde
specije door gem: Essaijeur afgehouden wegende 2½ eng: waardig. . . ... ..
die gedetraheert resteren. . . . . . . . . . . . . . . . . . . . . . .
voege weder bij de waarde van 1316. ½ p=r sw: mattam die tot opge„
„melte goud heeft vereijst en hier boven is afgetrocken ande suijpre
waarde van 't goud aen te toonen bedragende als boven a 14 p=s
sw: p=r pagood - - - - - - - - - - - - - - - - - - - - - - - - - - - - - --
Comt voor 't suijver rendement van dese goud parthijen. . . . . . . ...
Nagapatnam
A
Den 2e. October
bevindingen met derselver principalen gecka
. .
.
. ."
NL-HaNA_1.04.02_8834_0103.xml,"95
in ligt gelt a 120 stvers
dagood gerekent
een ongesmolte, berg, of schenkagie goud, p. r de scheepen de stad Leijden
tordre van den Ed„len H„r Gerrit westrenen gouverneur en directeur deser
der
rdinaire gecommitt. de mesh„rs Adr: Mich:s goudriaan en Joannes Dormieux,
met 's Comp„s Trois gewigt en ordinaire goud bahanse gewegen, gesmolten, en door
behoorthebben als hier onder wart verthoont, namentlijk
ijwesen
bevonden mattom
Ik waard:
allooij
Car=l grij: pag: sw: pag: fau. s
pag: fam pag: fan. s gul st pn gul st pen winst
31
. . 21. 8. ½. „ 596. 3/32. —
12859. 17. ¼.
. . . 21. 7. ¾. 689. 1/15— 15886. 12. ¾.
1286. 23/2. —„28746. 6: —.
- - - - „ 15. 15: —:
resteren p=/r 28730. 15. —
. . . . . . . . . . . . . . . . . . . .
. . . . . . . . . - - . . . .
. . . . . . . . . . . . . . . . . . . . . . . . . . 4 5 501. 20 3/3. . . . . . . . 828. 8. 5. ƒ 6. 3. 3. . ƒ 693 73. 3. 2.
– – – – – – – – – – – – – – – – - – – – – . . . . . . . . . . . . . . . . . . . . . „ 141198. 19. 8.
. . . . . . . . . . . . . . . . . . . . . . . . . . . . . . . . . . . . . . . . . . . . . . . . . . . . . . . . . . . . . . . . . . . ƒ 28173. 13. 10
- - . . . . - 24. 11. 12. . . . . . . . . . . . . . . . . . „ 506. 9. —„
. – - - – - - – - – - - - - - - - - - - - - - - - - - - - - - - - – „ —„ 6„¾„
rest pa. 516. 2„¼
. . . . . . . . . . . . . . . . . . . . . . . . . . . . . . . / 7. 9. 16.
. . . . . . . . . . . . . . . . . . . . . . . . . . . . . . . „ 2 „ ¼. 9. 1. 1/16. 506. 1. 1/5 ƒ 39.12. 8. ƒ 89. 12. 3.
–– – – – - - – – - - - - - – – – - - - - - – – - - - - - - - - - - - - - - - - - - - - - - - . . . . . . . . . . - - - - . 2709:17. 8.
. - - - - - - - - - - - - - - - - - . . . . . - . . . . . . . . . . . . . . . . . . . . . . . . . . . . . . . . . . . . . . . . . . . . . . . . . . „ 329. 14. 11.
. . . . . . . . . . . . . . . . . . . . . . . . . . . . . . . . . . . . . . . . . . . . =/s 28735. 9. 1/6 17412. 5. 5.
. . . . . . . . . . . . . . . . . . . . . . . . . . . . . . . . . . . . . . . . . . . . . . „ 1„ 2„ /7„ 6. 14. 6.
. . . . . . . . . . . . . . . . . . . . . . . . . . . . . . . . . . . . . . . . . . . . . . . . =s 28734. 6. 2/16. 7295. 10. 15.
. . . . . . . . . . . . . . . . . . . . . . . . . . . . . . . . . . . . . . .
93„ 7„ ¼. 559. 18. 12.
. . . . . . . . . . . . . . . . . . . . . . . . . . . . . . . . . . . . . . . . . . . . . . . . . =/o 28827. 13. 14/15 ƒ172965. 9. 11. winst ƒ 28503. 8. 5.
Anno 1720 /was getek:t/ Als vooren /onderstond/ voorsz drie stx munte
gecrlationeert sijnde accorderende bevonden /was getek.:t / I: V: Burg. —
register
p=r
. „
. . . . . . ..
tgoud
5.
.
-
. . .
a 14½
goud is.
opgem:
engde
ig ...
tot opge„
ipre
19 p=a
1
„"
NL-HaNA_1.04.02_8834_0104.xml,
NL-HaNA_1.04.02_8834_0105.xml,"97.
Van Cormandel den 23. ' Februarij A„o 1721„
Register van alle soodanige
brieven, en papieren, als op heden
door den oppercoopman en Opper„
„hoovt van noorder Chormandel; —
Paulus verrijn, benevens den
raad tot masulipatnam, P„r t
schip d' Haringthuijn van hier
na Batavia werden versonden,
geconsigneert aen den hoog Ed=len
gestrengen heer Henric
Zwaardecroon, gouverneur —
generaal, mitsgaders de Edele
Heeren Raden van nederlants
India, Namentlijk;
N: 1. orriginele missive van dato deses,
2. drie Copia brieven van hier na de noorder binnen
Comptoiren Palicol, Daatcherom, en
bimilipatnam, de datis, twee den
10. ' Januarij, en 6: ' feb„rj geschreven,
3„ twee d=os van het Comptoir Palicol door de be„
„diendens aldaer op den 19. ' en 20 Ian=r na
herwaarts gerigt,
4. vier daatcheromse ontvange missive, van dewel„
„ke twee den 25„' en een 31. ' januarij, mitsg:s
de Laaste 7. ' febr: gedagtekent zijn,
No„ 5„"
NL-HaNA_1.04.02_8834_0106.xml,"Van Cormandel den 23„e Februarij 1721
N„o 5„ drie afschrivten der brieven van't Comptoir Bimi„
„lipatnam ontfangen sub datus 16. '
en 24.' Jann„rij mitsgaders 3 februarij, —
6. vier stux Copia resolutien den 6. ' januarij 3 , 6.
en 9 Courant alhier in rade genomen,
7. nog een Bimilip„s brievje de dato: P=mo deser
waer uijt de Lading van 't schip d'ha„
„ringthuijn, te dien Comptoire te sien sij
8„ een Copia missive door den nieuwen opsiender—
over 's Comp„s Logie in Golconda, met name
Ammarasingoe, den eersten janu„ v„r
leden, aen 't opperhoovt verrijn afge„
„vaardigt,
d„os door 't opperhoovt en raad in den hoovden
9„ drie _„os
deses gemelt, onder datis 21. ' Januarij 2 en
10 febr: na Nagapatnam, aen den Ed:
Heer Gouverneur en direct„r deser
Custe Gerrit Westrenen en raad af
„gesonden,
-
10. een instruktie voor den Eerste clerq harmanus
Taarling, wegens sijn verrigting bij
den fausdaer Codjadje, mitsg:s desselvs
gehoudene aentekening daer op.
11. twee translaat brieven door 't opperhoovt ver„
„rijn met evengemelten fausdaer —
Codjadje, gewisselt,
No. 12"
NL-HaNA_1.04.02_8834_0107.xml,"99
Van Cormandel den 23 febru: A„o 1721,
N. 12. een resolutie in afschrivt, gehouden op den 3. '
janu„rj j„o gepass„t, bij breden rade, op het
schip de Magdalena, seijlende op—
de hoogte der Eijlanden van Buton,
13. vier oncost reecq:n des verstreckte soo hier, als
tot Bimilipatnam, aen en ten behoe„
„ven van meerged„te scheepen d' Magda„
„Lena en Haringthuijn, Annex een
soldij reekening etc. a
19. 't Cognossement, en van't geladene in Laast
15. de factura. . . . . . . geciteerden bodem,
16. rapport van gecommitteerdens, wegens visitatie
van 't schip D' Haringthuijn,
17. een perciaense geslote missive door den bo„
„ven gem:t gouverneur of fausdaer Cod„
„jadje, aen sijn Hoog Edelheijt geIu„
„perscribeert,
2
Snasulipatnam den 23. ' Februarij A„o 1721. (was„
„getekent) Hermann„s Taarling h„t Clerq
Batavia
Aen den Hoog Ed=len Gestren„
„gen Heere Henric SwaardeCroon,
gouverneur Generaal, benevens
de Ed„le Heeren Raaden van Ne„
„derlants India.
Hoog"
NL-HaNA_1.04.02_8834_0108.xml,"Van Cormandel den 23:' februarij A„o 1721. —
P„r 't schip d'
L
hoog Ed„s gevenereerden
missive, en ook de
Copia daer van ont
„vangen hebben,
gebleken is,
d' magdalena en ha„
„ringtuijn en bimili
komen te arriveren
Ed. s ordre sullen han„
„delen, en —
Haringthuijn
ontfangen op den
21 Junij 1721,
wanneer wij onsen Besijden het g'agte schrijvens van onsen Ed: Agtb:
d
Ed: agtb:' heer gouver
„neur en raads schrij„ heer Gouverneur en Raad tot Nagapatnam
„vens, nevens eenige
extraxter uijt uw in dato 8. ' en 27 januarij na herwaarts gecarteert,
hadden wij d'eere te ontvangen, eenige Extracten,
en daar na de Copia selve, van 't hoog geagte
schrijvens, door uw hoog Edelhedens in dato 30.'
septemb„r vergange, over mallebaar en Tutocorijn
na dese Custe geschreven; waer uijt ons te voren
wat ons daer uijt gecomen zijn, de bevestiging van den Hoog—
Edelen Heere Hendrik Zwaardecroon,
tot gouverneur, generaal over nederlands Jndia,
mitsgaders uE hoog Edelh„s verdre g'eerde re„
„commandatie, en begeertens, ontrent de twee-
aangelegde scheepen, d' magdalena en haring„
wanneer d' schepen thuijn over malacca na desen Out, welke bo„
dems den 23. ' januarij op bimilipatnam, en den 8. '
patnam, en ver„febr„ God Lof alhier behouden aengekomen zijnde;
„volgens alhier sijn soo staen bij ons in selver voegen dees, en meer an„
„dre, bij hun mede gebragte ordre prompt en schult
hoedanig met uE hoen pligtig g'observeert te werden, inmiddens dat wij
Hoog Edele wijdgebie„
dende Heere en Ed=le Heeren
en met"
NL-HaNA_1.04.02_8834_0109.xml,"101
Van Cormandel den 23 februarij A„o 1721„
wat papieren voor
„sellen,
in wat manier de
respective eijssen
Chormandel ver„
94„ —„daelt sijn, en,
daer op nog komen
item wat wij verder
en met reverentie tot een begin bij desen overleg„
„gen, twaalv stux brievjes: door ons met de bedien„
„dens der noorder binnen Comptoiren, sedert onse  desen doen ver„
jongste Largo Letteren aen welmelte onsen Ed:
Agtb: heer Gouverneur, en raad tot Nagapatn:
ten belangen der aenbestedingen der doeken
op de respective Patria en Indiase eijssen,
gewisselt, groot sijnde een nomber van pac„
„ken 2695. noorder Chormandel voor den jare 1721.
ter besorginge toegedeelt, welke schriptuuren
uw hoog Edelhedens, der gelievende sullen aen
„thoonen, het comptoir Palicol, om reden bij-
nevensleggende resolutie alhier in rade den 6:
Januarij 1721. gehouden is opgedragen, —
Een tanto van. . . . . . . . . . . . . . . . pack: 255„—„
daatcherom. . . . . . . . . . . . . . . . . „ 920„
Bimilipatnam. . . . . . . . . . . . . . „ 716„ — voor A„o 1721 op doorder
Ma sulipatnam. . . . . . . . . . . . . . . . „
overzulx te samen een bedragen van packen 1985. —
soo dat aende Complete voldoeninge van den ge„ hoe veel lijwaten
„nerale Eijsch voor dit noorder quartier, nog souden verte schieten;
manqueren packen 710. –. ten welkers aen sien—
wij door gedurige vermaningen, en adhortatien, —
nog besig sijn de bediendens van voornoemde daar ontrent betrag„
Comptoire"
NL-HaNA_1.04.02_8834_0110.xml,"Van Cormandel den 23 februarij A„o 1721.
de Celibratie des voor„
Heer gouverneur=
generaal van nader„
„rik Swaarde Croon
en onse hettelijke —
„wegen,
Comptoiren op 't ernstigste aentesetten, dan al„
„soo de berigten van 't Comptoir Daatcherom,
en Bimilipatnam derwegen nog niet aen handen
hebben gekregen, gelieven uE hoog Edelh„s ons—
ook t' excuseren wij ten desen opsigte met meer
gerusting geven kunnen, maer egter versekert
te wesen, wij geen moeijten sullen sparen alle
practicable middelen, ten meesten dienste van
d' EComp„e in 't werk te stellen, en daer door
te betragten, ten minste het reeds beloopde —
en aengenoeme getal van Packen 1985, vroeg„
„tijds, en in behoorlijke deugt, Lengte, en breete
tegens de naastkomende besendinge klaar,
en in gereedheijt te brengen,
de voorstellinge van welmelte sijn hoog Edelh„t
„stelling van den Ed=len den Ed=len heer gouverneur Generaal van neder„
„Lants jndia Hendrik Swaarde Croon, alhier
„lants jndia Her„ den 6 deser publicq gecelebreert sijnde, hebben
wij d'eere, zijn hoog Edele met de bevestiging
in dat hooge en aensienlijk ampt, op 't onder„
segen wens dient„ „danigste te feliciteeren, onder toewensinge —
van alle gedesidereerde successen, Cragt, en ge„
„sontheijd, geduerende desselfs bestier en regerin„
„ge, mitsgaders godes zegen over alle desselvs
onderneminge, dan vermits ons almede tot nog
de no„"
NL-HaNA_1.04.02_8834_0111.xml,"103
Van Cormandel den 23 Februarij A„o 1721„
„per de magdalena
tot bimilip=ten gelost,
waten d' haringtuijn
aldaar weder in geno„
„dens daer na behouden
etca
eerstgen: bodem al„
de noodige papieren, deses voorstellings vande bin„
„ne Comptoiren sijn aenhanden gecomen, zullen wij —
dies versellinge ook Excuseren, maer ter Contra„
„rie hier nevens voegen, een Copia Bimilipatnam
brievje, gedagteekent 1. ' Courant; het welke —
uE hoog Edelh„ts, des gelievende, zal doen sien,
dat 't schip de Magdalena aldaer heeft overge„wat quantiteijt pe„
„geven; 40000 lb ronde peper, ten behoeven
van dat Comptoir, mitsgaders de haringtuijn
weder ingenomen, een quantiteijt van 282 packen hoe vsel packen, hij
diverse soortementen kleeden, houdende aldaar men heeft,
nog een meerderheijt van packen 265. welke
die bediendens hadden versuijmt vroegtijds inden wat getal de bedier„
band te brengen, en welker wegen wij ook ons on„
„genoegen p„r naasten staan te betuijgen, —
belangende de peper P„r de MagdaEena mede
gebragt, hebben wij alhier bij raads-slot van
den 9. ' febr: in afschrivt ten desen annex, — om wat reden uijt
goet gevonden, ter sake nog met een bedragen,„ hier geen peper,
van 91846. lb ronde peper beladen sitten,
en dies verthier en sleet soo slap, en schoorvoe„
„tende voortgaat, dat in vergelijk van den
jegenwoordigen, staat maken, nog voor drie —
jaaren genoeg te sullen hebben, van die Corl
gene te Ligten, maer deselve voor de verdere
en,
Zuijder"
NL-HaNA_1.04.02_8834_0112.xml,"Van Cormandel den 23. ' februarij A„o 1721.
maar wel bo0 ld san„
„delhout, en 1 dat
hebben,
saidse gebroeders—
mogols keijser
beweging aen dat hov,
rebellen gesint sijn,
item de aanstellinge
van hij dracolichan
tot souba over de
deckanse landen
de ruste die debin„
„thans komen te ge„
zuijder Comptoiren over te laten, en alleenlijk
tot ons eijgene hoognodig behoep, uijt de quan„
„titeijt voor dit gouvernement geprojecteerd, —
aente houden, 600. –. lb sandelhout, en een dat
theer aangehouden t heer, inmiddens dat wegens de Mhoor en heij„
„dense regeringe, uw hoog Edel hedens, bij nevens
leggende translaat briev, door den opsiender
in Golconda, na herwaarts geschreven, des
gelievende sal te voren komen, de massacre der
d'ombrenging, der 2. twee saidse gebroeders AsCanali- en Abdulla,
door den presenten Chan, door den jegenwoordigen mogols keijser
Sultan Mahomet Cha, jtem de bewegin„
mitsg:s de verdre-„ge van dien monarch, en voornoemsten Amma
en hoe hij wijders -Rauws, en andre hoe groten, tot dien majesteit,
ondtrent de overige en desselvs belangen g'atacheert; mitsgaders
het desseijn hunner onder nemingen tot vervol„
„ging der overige rebellen; en eijndelijk de
verkiesing van den heer Hijdracolichan, tot
souba over de deckanse beneden Landen,
intussen dat ons verheugen, de binnen Comptoi„
„ren, Paliacol, daatcherom, en Bimilipatnam,
na dese jegenwoordige gesteltenisse des tijds,
niet alleen van Extraordinaire vexatien bevrijd
„nen Comptoiren al„ blijven, maar ook door des heeren seggen een
-
„nieten, en goede rust hier in dese benede Landen, in den
handel"
NL-HaNA_1.04.02_8834_0113.xml,"105
Van Cormandel den 23. ' Februarij A„o 1721
tegen, uijt misver„
moors gouverneur
Codjadje geschied is,
hoedanigen Eijnde
gehadt,
d' hernieuwing door
gem: fausdaar in
tussen sijner vorige
handel comen te genieten, van herten te wen„
„sen sijnde, het selve van een Langen duur mag
wesen, Masulipatnam uijtgesondert, alleen
door de Comste van voorn: twee schepen, uijt
mitsvertrouwen van den fausdaar, Codjadje, - wat alhier daer en
die de banksaal, het strant langs heen de trouwen van den
fiscaals woninge, en straat deser Logie,
met eenige ruijters en voetvolkeren had doen
„besetten, ontrust sijnde geweest; soo is nog„
„tans dese swarigheijt haast verdivenen, —
en zijn gedagte volkeren weggenomen, mits„
„gaders tot betuijginge van vruntschap den
G. van Cloon en 't opperhooct verrijst, door
hem fausdaar, en sijne twee gebroeders seer dit voorval heeft
dertig met een maal tijd gefesteert, sullen„
„de uw hoog Edelh„s ook des believende uijt de
nevens leggende instructie aen den Eersten
Clercq deser factorie door 't opperhoovt
Verrijn ingestelt, overgegeven, en sijne
gehoudene aanteekening, daer besijden gevoegt
Consteeren, hoedanig hij fausdaar bij ver„
„schijning van den afkomenden heer zouba
moebareschan, sijne vorige belovten, welrbelopten, ontrent
„gens de voldoening des geroofden ballagats ramarafoessaak;
door"
NL-HaNA_1.04.02_8834_0114.xml,"Van Cormandel den 23 februarij A„o 1721.
wat wij ten dien—
uE hoog Ed„ns beloven
een tweede ballagat
gewonen weg van
Palicol,
„mare van daatche„
„rom,
genen, welke alhier
te samen uijtmaken
door Ramarasoe en wes meer vernieuwt heeft,
het gene ons dan ook niet t' eenemaal wan- maar
welverhopen doet, den tijd tog eens verbeteren, —
en d' Ecomp„e alsoo dit schendig ondergane verlies,
buijten verwagting, op een honorable wijse eer„
sijne verhopen, en langs gerestitueert krijgen sal, waar toe geen
middelen of moeijten bij ons onaangewend zullen
gelaten werden, terwijlen van den Lijwaat han„
„del, of d' Procura der docken, hier voren, soo
veel de respective eijssen voor den jare 1721. be=
„trext, melding gedaen hebbende, wij hier bij alleen
zullen doen invloeijen, dat behalven de genoemde
den ontvangst van in onse geringe van 21. ' januarij boven geciteerd, —
lijwaten langs daer nog een tweede ballegat in houdende 72. Packen
diverse kleden, langs den gewonen weg van
Palicol, en insgelijk van daatcheron P„r mare,
met een ingehuurt goeraabje 67 packen, gevol„
item eenige p„r gelijk van beijde voorsz: Comptoiren inde ge„
passeerde, en dees Lopende maand ontvangen
hebben,
een nomber van Packen. . . . . . . . . . . „ 727. —
dewelke met
hoeveel die, met de alhier p„r restant afgepakt leggende te
in den bant leggen samen uijtmaken een getal van. . . pack: 924. —
waar van 't schip d' haring thuijn ten desen
Comptoire heeft ingenomen 540 packen, soo dat
. . . . . . . . . . . . . . . . . „ 197. —
alhier"
NL-HaNA_1.04.02_8834_0115.xml,"107
Van Cormandel den 23 februarij A„o 1721
wat quantiteijt daar
tuijn hebben ingescheept
overblijven,
„tal deselve stocan
de magdalena geen
alhier die denselven niet kan vervoeren, nog van alhier in d'haring
blijven overleggen, een nomber van. . . pack 384. en hoe veel dan nog
en tot bimilip: van A„o passado - - - - - - - - - - „ 265„
dewelke navolgens onse Calculatie, ingevalle
er geen wettelijke verhindering ontrent den
insaam komt voor te vallen, op dit geheel
noorder district tegens den tijd der ordinai„
„re besending staen vermeerdert te werden,
met een nomber van. . . . . . . . . . . . . . „ 2000.
overzulx te samen een getal van packen. . . „ 2649. met hoedanigen ge„
die wij bij desen schultpligtig in voldoeninge van vermeerdert te werden
uw hoog Ed„s expresse begeerte Communiceeren,
en vermeijnen als dan soo ook inmiddens met
Chialoupen of ander kleen vaartuijg, geene na
Nagapatnam komen te versenden, in gereedh„t
te zullen hebben, van welke in gereetheijt
leggende, dan ook bij provisie seer gaarne het om wat reden 't schip
schip de Magdalena een quantiteijt hadden packen mede geen
ingegeven, om ons soo veel doenlijk te ont„
„lasten, dog aangesien de weijnig peper tot
Bimilipatnam daer uijt geligt, geen naam
waardige ruijmte heeft gemaakt, dit schip met
packen te beladen, soo sijn genoodsaakt geworden,
daer van af te zien, en tot beter gelegentheijd
te"
NL-HaNA_1.04.02_8834_0116.xml,"Van Cormandel den 23 Februarij A„o 1721.
tamelijke verthier
van Coopmansz inde
vijv maanden,
op de daer van al„
„hier,
„kogte, bestaen,
wat wij ten dien
belangen nog
verhopen,
te wagten, belangende de Coopmanschappen, mo„
gen wij seggen, dat dies verthier, sedert augus„
jongst verstreke „ tij voorleden, een seer goeden schot genomen
heeft, sijnde inde maant september op verscheijde
waer in d' advancen, waaren alhier omgeset gegaudeert ƒ3898„1„
in de maand 8ber. . . . . . . . . . . . . . 19067„ 7„ 4
„ „ _„o 9ber. . . . - . . . . . . . . . . . 8704„ —„ 4
„ „ „ xber. . . . . . . . . . . . . 16822„ —„ 7
„ „ „ Janua: . . . . . . . . . . . . . . .
6910„17„
monterende de ruwe advancen, in voorsz:
tijd van vijv maanden hier ten Comp„
„toiren. . . . . . . . . . . . . . . . . . . . . . . . . . . . ƒ 55352„ 5„ 15„
en tot bimilip: ver, mitsgaders tot Bimilipatnam in de
voorste drie maanden, na Zuijd harer
handel boekjes. . . . . . . . . . . . . . . . . . . . . . . 695„ 17„..
of te samen. . . . . . . . . . . . . . . . . ƒ 62998„ 2„ 15„
en dewijle nu weder onder 't schrijven deses van
Nagapatnam met een goede quantiteijt voorsien
sijn geworden, soo hoopen en vertrouwen wij ook
den sleet na onse betragtinge, van een duur—
„same Continuatie sal zijn, de dienaren be„
„treffende sullen uw hoog Edelh„s bij meer geci„
„teerde Copia onser nedrige van 21 pass=o, —
des believende te voren komen, den krank be„
soeker"
NL-HaNA_1.04.02_8834_0117.xml,"109
Van Cormandel den 23.:' februarij A„o 1721.
krankbesoeker jacobs
Nagapatnam.
en 't weder aanhouden
van den mede dito —
t schip d' haringtuijn
item een soEd:t gen:t
„sonheijner in ruijlin
„de maanden aen de
„ringtuijn
rijst aen elk van
„pen; —
„soeker deser plaatsen Iacobus van den Broek door versending van den
begane Lastertaal, met de stucken en bewijsen vanden broek na
hier toepertinerend. ter judicature van meerged=te
onsen Ed: agtb: heer gouverneur, en raad tot Nae„
„gapatnam is versonden, in wiens plaatse, op sijn
ernstig versoek, ter approbatie van uw hoog Ed„s
en onsen Ed„len heer Gouverneur voorm: tot am„
„pleetering der goesdienst van het schip d'
Haringthuijn dan ook weder hebben gepligt, en in desselvs plaats
hier aenland genomen, den krankbesoeker dirk dirk abrahamsz van
Abrahamsz: insgelijx een militair met name
George Andreas Geijnsenheijner, in ruijlinge George andreas geij„
van den gelijken soldaet Dirk van Ginkel, ge met den dito —
wiens tijt g'expireert sijnde, met geslote reecq:
op 't schip de magdalena thans na Nagapatn:
overvaart, sijnde aen d' overige zeevaatt op d'
instantien van scheeps overheden van't schip -de verstreckte goe„
d' haringtuijn ter goedkeuringe van uw hoog zeevarende op d' ha„
Edelh„s aen die geene welke te goet hebben twee
maanden, en die te quaat staen een maand—
gagie verstrekt, soo mede aan ijder schip twee item nog 2 lasten
Lasten rijst, om dat de militairen wel omtrent beijde voorm=te sza„
de twee maanden Langer sullen behouden, dat
tot batavia geprovideert sijn geworden, —
de differente saaken, ter welker materie teno„
irk van ginkel.
teren"
NL-HaNA_1.04.02_8834_0118.xml,"Van Cormandel den 23:' Februarij A„o 1721
sijn wedervaren
malacca,
idem.
berigt van den E: teren hebben, dat den oppercoopman en g'eligeert
van Cloon, wegens secunde van dit gouvernement dirk van Cloon
sedert vertrek van agtervolgens d' instructie van den E. E. agtb.
heer malax gouverneur en raad, in geselschap —
der vier bengaalse schepen, en dan nog de —
Chialoup Pattena, door den gouverneur en raad
voormeld, aangelegt, om de westerse scheepen,
tot op de hoogte van Aatchin t' accompanjeren,
op den 17. ' december, van daer geseijlt, en vervol„
„gens aldus met den anderen gecombineert, op den
2. ' januarij jongstleden, ontrent de Eijlanden van
P„o Pera, en P=o Lada, g'advanceert, en voor„
„nemens zijnde voorsz: kieltje sijn depeche=
naar desselvs bescheijden plaats te verlee„
„nen, en ten dien eijnde reeds een advijs
brievje aen d' E: E: agtb: heer gouverneur en
raad ter bedelinge des arrivements van strax:
gem: bodems, ter voorsz: hoogte in gereed„
„heijt gebragt hadden, tot verwondering den vol„
„gende morgen vernam, dat voorgeciteerde Chia„
„zoup gemits wiert, onaangesien de vloot, op
de recommandatie van den E: van Cloon, de
voorgaende nagt voorbedagtelijk met kleijn
zeijl gelopen, en ook dien geheelen dag drij„
„vende gehouden hadde, om dat vaartuijg inte
wagten"
NL-HaNA_1.04.02_8834_0119.xml,"111
van Cormandel den 23„'
februarij A„o 1721
wagten, hoewel vrugte loos, soo als ue hoog Edel„
„hedens sulx, omtstandiger, des behagende Constu„
„ren, sal, bij de nevensgaende resolutie, dien be„
„langende bij breeden rade genomen, mitsgaders
bij dat selvde raads besluijt goed gevonden is,
op te duwen, gelijk dan ingevolge van dien
met den andren voortgeseijld, en gecomen sijnde,
tussen de sombrese, en het zuijdelijkste van
de andomanse Eijlanden, sijnde d' geassigneert
plaats der separatie van d' Chormandelse
en bergaalse schepen, bij meergem: mahaxe
jnstructie vervat, heeft voorn: zijn E: van
zoon op den 8. ' januarij deses jaars Laast„
„gemelte bodems hunne depeche gegeven, en
vervolgens sig van haar gesepareert, jnsgelijx
sal uw hoog Edelh„s ook des believende, bij no„
„vens Leggende Copia resolutie, alhier in rade
van noorder Chormandel den 9 Courant geno„
„men, blijken, d'oorsaken welke ons gedrongen
hebben de schepen d' Magdalena, en Haring„
„tuijn tot op de hoogte van Palliacatta, of
verder, soo als onsen Edelen Heer gouverneur
en raad tot Nagapatnam, die hier van be„
„reijts al ten spoedigsten, om reden de gemeij„
„ne tijdinge"
NL-HaNA_1.04.02_8834_0120.xml,"Van Cormandel den 23 februarij A„o 1725.
verselling vande
memorie der ver„
hoe veel te gader
emporteren.
ne tijdinge vande Comste der searoovers her„
„waartsaen, meer en meer toenemen, g praad„
„porteert sijn, sullen believen 't ordonneren,
gecombineert van hier te doen vertrecken,
behoudens nogtans, dat een ider schip, sijner
geld kist, en ophebbende militairen, soo lange
sal aenhouden, tot wanneer van den andren
komen te scheijden, aen de welke ons dan
ook bij desen onderdaniglijk gedragende, —
soo sullen hier nog maar alleen bijvoegen,
d'onkost rekeningen, van 't verstreckte aen„
„gedagte bodems, tot Bimilipatnam, soo —
mede de uijtgereijkte zoldijen alhier, aende
onkost rek„ , ende zeevarende op d' Haringtuijn bescheijden etc„a,
„strekte soldijen, bedragende 't een en ander, soo als hier onder
wert aengewezen, namentlijk
van 't schip d'magdalena,
1 onkost reek„e tot bimilipat:nm ƒ 45:—. —
_„o tot Masz:. . . . . . . . . . 744. 18.
ƒ 789:18„
't schip d' haringthuijn
1 onkost reecq„n tot bimilipatnam ƒ 313:—
1 _„o tot Masz:. . . . . . . . . . 855: 14:8.
1 memorie van verstreckte sol„
„die alhier. . . . . . . . . . . . . . 864: —: —
2032:14:8
En
te samen. . . . . . . . . . . . . . . . f 2822„12„8„
en bestaat"
NL-HaNA_1.04.02_8834_0121.xml,"113
Van Cormandel den 23. ' Februarij A„o 1721.
en waar„ voorts de
en waar in voorts
de lading v: d' haring
tuijn bestaat,
en bestaet voorts het geladene in Laastgenoem
bodem soo tot bimilipatnam, als ten desen Comp„ lading van d' haring
thuijn bestaat,
toire, Conform nevens Leggende Coenossement
in het volgende, als,
Tot Bimilipatnam.
282. packen diverse Lijwaten, te weten,
31 d„os gem: geb„t guinees,
16 „ _„os ruw —
_„o
140 „ d„os geb„t salempoeris
45 „ _„o ruwe _„o
9eb„te dongris d' 18. Cob=s
32 „
10 „ _„o ruwe _„o _„o
5. „ gem geb„te parcallen
3 „ gebleekte dougris met roode hoovden
Tot Masulipatnam,
540. packen verscheijde zoortementen doeken namenl:k
33 packen fijn geb„t Guinees.
185 „ gem: _„o _„o
27 „ ruw _„o _„o
11. „ fijne gebl: salempoeris
152 „ gem: _„o _„o
_„o ruw _„o
75 „
36 „ geb„te dongris d' 18 Cob„s
2 „ ruwe _„o _„o
6 „ gebl„te dongris met roode hoofden
7 „ fijne geb„te parcallen, en
gem: _„o
6. „
waar"
NL-HaNA_1.04.02_8834_0122.xml,"Van Cormandel den 23 februarij A„o 1721
van d' haringtuijn in
overgescheept is,
siek aen lant ge„
„bleven,
verselling van een
door den masz: faus„
sijn h=o Edelh„t g'ad„
„dresseert,
versellinge van een waar mede gedagte bodem volgens rapport
rapport door Ge„
desen besijden gevoegt, door g'committeerdens,
„committeerd„s nopen„
„de de belading van ten overstaen van den fiscaal Hollebeek, —
't schip d' haringtuin
gevisiteert, volladen is bevonden, bedragende—
item van dies fac„volgens overgaende factuur ƒ284881. 3. 8. —
sijnde middelerwijlen ook de resterende,
3400 lb handelh„t uijt het schip d' haringtuijn —
hoer veel sandelh„t aen d' overheden van't schip de Magdalena, —
de magdalenr= toegewogen, en overhandigt, om op Nagapatnam
door haar bestelt, en verantwoort te werden,
den matroos Jan Gerbrants van 't schip d' Ha„
„ringtuin seer siek en te swak sijnde, de-
den matroosjan Reijse te kunnen ondernemen, hebben wij al„
gerbrants alhier „ hier aen Lant gehouden, en sullen denselven —
bij herstellinge, of soo draa in staat sal sijn,
p
geraakt, na Nagapatnam depecheren, wijders
is desen nog verselt met een persiaan sen kriep
parsiaansen biev door onsen masulipatnamsen fausdaer Codjadje
daer Codjadje, aen Ibrahim, aen sijn hoog Edelh„t, den Ed„len Heer
gouverneur Generaal van nederlants Jndia.
Hendrik SwaardeCroon verschreven, den
welken hij ons versogt heeft, nevens d' onse,
een segure addresse te willen verleenen, —
intussen dat wij desen bodem een spoedige,
en behouwde reijse toewenschende, mitsgaders
uE hoog
„tura"
NL-HaNA_1.04.02_8834_0123.xml,"115
Van Cormandel den 23. ' februarij A„o 1721.
uE: hoog Edelhedens„ beneffens 's Comp=s wigtigen
handel, ter divine protextie Godes bevolen heb„
„bende, naar Eerbiedige groete, met diep respect,
blijven Hoog Edele wijdgebiedende Heere, en
Edele Heeren, (onderstont) uw hoog Edelh„ts ge„
„heel- trouw schuldige, gehoorsame, en onderdani„
„ge dienaaren, (was Getekent Dirk van Cloon
P: Verrijn, A: Voort, P: V: Hollebeek, Witmont
Hermann„s Taarling E„te Clercq, /in margine/ ma„
„sulipatnam den 23 februarij A„o 1721,
Translaat tellingase missive
door den opsiender over 's Comp„s Logie
in Golcanda genaamt Ammara Sin„
„goe aen het noorder Chormandels
opperhoovt, den E: E: Heer Pau„
„lus verrijn, sub. dato, eersten dag
deses jaars afgesonden, en veertien„
„de daer aen alhier toegebragt, —
Luijdende in volgender maniere, —
Na ordinaire hertitulen en Complimenten
Jn mijnen geringen vanden 9. der even gepass„e
maand december, heb ik uE schultpligtig be„
„deelt, mijne aenkomste alhier, en de overhan„
„diging vande wissel groot 400 ropias aen
radua sie"
NL-HaNA_1.04.02_8834_0124.xml,"Chormandel onder dato 23 febru„j A„o 1721,
Van
radnasie, sedert door den selven gemelte som„
„metje mij toegetelt, en deselve bij mij behoorlijk
ontvangen sijnde, heb ik 's Comp„s spions hare ga„
„gie, sedert de maand augustij laastleden tot
heden verdient voldaen, en senden altans nevens
desen over de reekeningen der ongelden, geduu„
„rende opgemelde tijd, ten dezen Comptoire ge„
„vallen, willende verhopen dat deselve niet
Exederende sullen bevonden werden, middeler wij„
„le kan ik niet nalaten, uE bij desen ter kennis„
„se te brengen, dat wanneer ik het transport
van Poeloekoemattij nareijna heb overgenomen,
eenige meubilen et.a, uijtwijsens de geinclos„
„seerde memorie, minder dan desselps vorige —
transport dicteert, bevonden zijn, waar over ik
hem nareijna aengesproken, en gevraagt hebbende,
ten antwoord kreeg, dat selver binnen kotten
naderwaarts vertreckende, sulx mondeling
aen uEE. soude verantwoorden, gaende onder„
„tussen hier nevens nog, volgens uE: g'agte ordre,
in handen van een Coelij, het spiegel van d'E
Comp„e die alhier in d' Logie was berustende, heb„
„bende geciteerde arbeijdsman reets een ropia
van mij genoten, en versoeken ootmoedig, tot
voldoening sijner gecontracteerde loon, aldaer
nog"
NL-HaNA_1.04.02_8834_0125.xml,"117
Van Cormandel onder dato 23 febr:j A„o 1721;
nog een halv dito gelieven te laten afgeven,
insgelijx heb ik op uE, aen mij, op mijn vertrek
gegeven recommandatie, onderdaags alle de arbeijts„
„lieden en metselaars alhier laten roepen, en hun
afgevraagt, zoe veel er tot de weder op haling
en reparering, vande nu kortelings om verre—
gevallene sjauderij, en muuren roestom de badstoor
diende bekostigt te werden, waer op sij l: conform
Calculatie die desen verselt mij tot antwoord
gaven, dat sulx met geen minder dan 78 rop„s
soude kunnen geschieden; over 't welke dan ik
uE g'eerde goedvinding zal blijven te gemoet sien,
eenige dagen geleden, sout den heer regent deser
plaatsen mierjalaludien vier pions bij mij om
af te vragen, van wien Chircum Chodenda 't
erv sijner alleen staende huijs gecogt, en hoedoo„
„nig d' EComp„e gedagte wooning sig selven toege„
„eijgent had, waar op ik sijn E Liet antwoorden,
dat dewijl ik hier eerst nieuw en kortelings
aengekomen, mij sulx onbewust, en ik daer on„
„trent onkundig was, en dat dierhalven daer—
van uE kennisse geven, en sulx van uE ootmoe„
„diglijk requireren soude, intusschen ik van desen
engene g'inquiriert hebbende, waer uijt dese—
noijt gehoorde bootschap is voort gecomen, vernam„
dat"
NL-HaNA_1.04.02_8834_0126.xml,"Van Cormandel onder dato 23 febr: A„o 1721.
dat sulx eerlijk gesproten was, op de verkondiging
door den overleden bramine en opsiender Timmap„
„Pa van 't verkoop deses huijs, 't welk nu eerst
bovengem=te regent ter ooren gecomen zijnde, hij
het vorenstaande mij had Laten seggen, en ook
's anderen daags smorgens al weder door 2a 3pi„
„ons (toen ik met eenige andre besig was, de —
groote lengte etc: der spiegels, inde muuren aan
dit huijs gemetselt staende volgens uE: ordre op
ter
te nemen:) dat ik geensins aen gemn„e spiegels
komen, nog deselve sonder sijn voorkennisse
of ordre aenroeren moesten, onder dwingende aen„
„kundiging, dat ingevalle het boven gerepte
niet konde bewijsen, meergem„te huijs, ten voor
„deele der armen te sullen doen aen slaen, en
verkopen, ik hebbe hier op alle 's Comp„s papieren
alhier berustende geene uijtgesondert, door surf„
„felt en gesogt, of er eenige waaren, waar mee
ik dit onbehoorlijke pretensie deses regents
konde voldoen, maer tot mijn leetwesen geene
gevonden, en versoeken derhalven, uE gants—
deemoedig, deselve of wel de Coop briev van dit
huijs aldaer onder 's Comp„s papieren gelieve te
laten soeken, en crijgende deselve in Copia en
met 'skagies segel g'autentiseert, verselt van
een"
NL-HaNA_1.04.02_8834_0127.xml,"119
Van Cormandel onder dato den 23 feb„r A„o 1721.
een briev over dese materie, aen voorsz: regent
mij te laten toekomen, op dat ik als dan instaat
mag geraken; hem het gevorderde voor oogen te
stellen, onderwijle gelieve uE. hier nevens t' ont„
„vangen de groote Lengte en breedte van meerm:
spiegels in papier gesneden, bestaende deselve
in.
104 p„s waar van
4 ps. vande Grootste.
92 „ „ „ kleijnder en
zoort
8„ „ „ alderkleijnste
de timmerlieden hebben betuijgt dat tot dies op„
„neming uijt de muuren, 4 ropias aen Coelij zoon
sullen becostigt te werden, behalven dat vele
hier onder soo wegens dies outheyt als anders, het—
perikul, van door 't uijttrecken te sullen breken,
of aen stuckent raaken, moeten ondergaen, den
duan van bovengen=de h„r regent gen„t Iuweneraam,
hout niet op, mijn dagelijx en continueel te laten
seggen, dat ik nieuw gekomen sijnde, hem moet ko„
„men besoeken, of ontmoeten, ende wijl ik verneme
wegens de saak aengaande chodendas, huijs bij veel
„maals gerepte H„r Mierjalaludien, noodsakelijk
om met den selven daer van te spreken, eenste
sullen moeten gaen, versoeke ik uE: seer gedien„
„stig, mij niet alleen hier over, maar ook op alles
dat vereijscht uE gerespecteerde beverlen gelieven toe
te zenden"
NL-HaNA_1.04.02_8834_0128.xml,"Van Cormandel onder dato 23 februarij A„o 1721,
te senden, hier wort gedevulgeert dat den keijser
sultan mahomet cha, (gelijk reets bij mijne —
jongste genotificeert is) met den said abdullachan
g'oorlogt, en den selven in dat gevegt overwonnen,
hebbende, hem een hand had laten afkappen, —
en voorts dusdanig geschandeliseert, in de grote
poort (van't dillijse Casteel, ) sitten, mittsgad„s
de gaande en Comende officieren van't hoff, g'ordon„
„neert, deselve passerende, hem met hunne muijlen
of pantoffels deftig te tracteren, soo als sulx
door hem ook soude geosserveert, en hij Abdulachan
eensdeels door droepheijt, en ten anderen door —
overtollig ontvange slagen, en quade tracte„
„menten, van desselvs leven ontslagen sijn,
voorts dat gem„te sijn majesteijt, ged„te sijn over„
„leden gevangen het hoovt van't Lichaam had —
laten afkappen, en ter pronk op een der bol„
„werken binnen desselvs hof, opgehangen, omme
daer door, de vreese in andre te verwecken,
die somwijlen tegens haren wettigen heer en
meester mogten afgesint waren t' optreden, —
dan wel ijetwes anders onbehoorlijks in den sin
hadden; op alle dese become tijdinge, en be„
„haalde overwinninge hoort men hier over al niet
anders dan vreugde vieren, trommels roeren,
en vro„"
NL-HaNA_1.04.02_8834_0129.xml,"121
Van Cormandel onder dato 23. ' febr„j A„o 1721
en vrolijkheden uijtregten, nog verzaalt mon hier
voor nieuws, dat seker heer als overste van
't fort Chitaragadda door gedagte overledene aen„
„gestelt g'adverteert sijnde, vande dood en massa„
„cre sijns meesters, die plaats aen eenen Rasja
„Poetersen sjauw rasja overgegeven had, en dus
gevlugt was, mitsgaders desen Rasja deselve
aengenomen, en onder 't bestier van sijn volk
had gelaten, welk een en ander kiolietjechan
tot Ourangabaad vernomen hebbende, na dat den
souba Moebarechan bij sig ontboden en het
bestier aen hem en desselvs veldoverste dilla„
woerchan aenbevolen had, verseld van de Aeme„
„rauws Mohomet beekchan, Anna wardichan,
en dillawoerchan (swager van Exergen=e moeba„
„rechan) met alle hunne Crijgsmagten na beven
gementioneerde fort Chitaragodda vertrocken
was; aldaer aengecomen zijnde, met de bewaarders
van dien in actie getreden, en haar overwonnen,
mitsgaders gem„te fort onder 't gesag sijns volks
soude gelaten, en weder van daer verder na —
voorsz rasjapoetersen rasja, om hem ook te
beoorlogen, gemarcheert, dog den selven hier van
verwittigt hem inder eijl, en alle goetheijt de—
vrede soude aangeboden hebben, maar hoedanig
het hier mede verder gelegen, en of sulx geac„
„cepteert"
NL-HaNA_1.04.02_8834_0130.xml,"Van Cormandel onder dato 23. ' febru„i A„o 1721.
cepteert is, weet men nog niet, moetende den tijd
het selve in't vervolg ontdecken, den perciaen
Mier bacchar, bevorens inwoonder aldaer, maar
thans hier present, heeft mij onderdaags laten
roepen, en verzogt onder desselfs hertelijke groe„
„te, om uE bekent te maken, dat hij tijdinge
uijt 't hoff hadden ontfangen, dat den keijser—
den voorwaarts gen„de kilietjechan bij sig had ont„
„boden, en tot dien Eijnde naar den selven afgeschikt
vier van zijn majesteijds goesbardaars, jtem dat
Hijdercolichan weder de novs de dechance zanden
ter bestiering, soude vercregen hebben, terwijl
alhier, mits de overmatige gevallene regen,
in de maant decemb: binnen 's Comp„s Logie, een
seer groote meenigte van wildernissen gegroeijt
sijn, ik heb den opsiender vande water Cannaal
gen„t Nallacarienarsoe aengesproken, en ge„
„vraagt waarom hij deselve niet afkapte, ende
Logie daer van suijverde, maer den selven heeft
mij daer op te gemoet gevoert, dat hem —
sulx geen sins aenging, en dat hij alleenlijk op
zijn Cannaals dienst passen souden etc„a, maar
aengezien 's Comp„s Logie (behalven dat de woning
vanden secunde ook geheel vervallen uijt siet,
door ged„te daer in gegroeijde wildernissen, seer
ongedaen voor de aansienelijke heeren alhier —
komt te vertoonen, soo versoeken dierhalven
dat uE:"
NL-HaNA_1.04.02_8834_0131.xml,"123
Van Cormandel onder dato 23 feb=rij A„o 1721.
dat uE daer omtrent mede desselfs ordre gelieve=
te beramen, en mij toeteschicken, Conform uE:
geagt bevel, heb ik alhier omgesien, om eenige
Labus besour te koop te bemagtigen, dog sulx bij
niemant kunnen opdoen, maar in der tijd eenige
daer van becomende staet uE te gewerden,
middelerwijle een vande twee nevens mij van
daar na herwaarts vertrockene pions siekelijk
geworden sijnde, vertreckt den andre, verselt
van een _„o van hier, nevens desen weder te
rug t'uwaarts, staende uE in't vervolg —
soo er alhier eenige naamwaardige nouvelles
mogte aankomen, deselve schultpligtig be„
„deelt te werden, /onderstont / voor de transla„
„tie volg=s vertaling van den Bramine Felgap„
„pa, masulipatnam den 20 Janu=ij 1721. /was
getekent) h„ d=k De vos, Accordeert Herman„s
E=ste Clercq:—
Taarling
Brief in't Persiaans
door den E: H„r Paulus Verrijn
oppercoopman en opperhoovt van
noorder Chormandel aen den Ma„
„sulipatnam Ten fausdaar Cod„
„jadje in dato 30 Janu„j 1721 gesz: luij„
dende aldus,
na ordinai„"
NL-HaNA_1.04.02_8834_0132.xml,"Van Cormandel onder dato 23:' febr„ij A„o 1721.
na Ordinaire Jnleijdinge
mij verwonderde Gistren avont uijt onsen tolck,
en den Coopman Pieraij, van ne te rug komende,
te vernemen, uE becommering op 't gerugt, dat
over Malacca herwaerts aen twee schepen —
hadden te wagten, ook dat ue kon mistrouwen,
twee Laage muurtjes, ter sijden de poort onser
Logie, eenelijk tot stutting van het ophopende —
zand, en een geregelden ingang, aengelegt, dog schij„
„nelijk bij uE door quaad rockenaars ten vuijlste
begroot, belangende 't eerste, zal ik Com spre„
„kende niet te missen, met reverentie in de„
„ser voegen dienen, dat uw waarlijk de hollan„
„deren beledigt, met haer oe de minste beuse„
„ling, of rapport van den een, of den ander verag„
„te, ons voor ik wiet niet wat, te verdenken, —
daar uE, en sijn bijhebbende, is 't niet door rij„
„ge bijwooning, soo sal het wesen door berugting
weten, dat wij nederlanders, (en mogelijk geene
soo) sedert lange jaaren, of Liever soo lang —
als in desen gewesten bekent, allerwegen, en
bij alle gelegentheijd, daar sulx gevoeglijk kan
geschieden, ons en het onse, hebben ter dienst
doen wesen van zijn Mogolse majesteijt, dan
wel sijn onderdanen, even als dat van hier op —
Chormandel, ontrent 3„t thome en dit masule
zelve"
NL-HaNA_1.04.02_8834_0133.xml,"125
Van Cormandel opder dato 23 febr„ij A„o 1721,
selve nog in verse geheugen sal wesen, ook
bekent sal sijn, dat haar een en meermalen in
haar vaart hebben geveijligt, dit zij bij herrin„
„nering, en waer 't mogelijk tot opwecking van
een beter, en regt gevoelen, gesegt, gemerkt
wij anders, dit alles agte, en nog betragte, als
verpligtinge aen dien groten monarch, ten aen
sien van den vrijen en gerusten handel, —
die de hollantsche Comp=e nu al een groote —
reeke van paren, in alle oorden van zijn ge„
„bied gedreven heeft, ook den gerusten en ver„
„trouwen inwoon der onsen, met al soodanige
beveijliginge, als van de Edelmoedigheijt sulker
mogende vorsten konden, of mogten verhoopen,
dog soo is dit (zoo als uE: sal te binnen schie„
„ten) aen dese en genendeele van dit magtig
rijk, d'algemeen wisselvalligheden, der wer„
„reltse geschaften, al mede onderhavig ge„
„weest, en wij sijn hier selve aen dese zijde,
niet vrij gebleven, om een smertelijke krenck,
in die soo lang genote bevijliging te gevoelen,
dierhalven immers te verschonen, en al geen
wonder, ingevalle gemelte schepen, waerop
nu het ooge is, ter versetering al eenige or„
„dres mogten hebben, te meer wanneer die —
niets tot nadeel van uE nog eenig ander
regent"
NL-HaNA_1.04.02_8834_0134.xml,"Van Cormandel onder dato 23. ' feb„rj A„o 1721.
regent, aen wien de magt behoord, behelsde;
hoewel ik bij desen, en door de brengers, bij
monde verklaren, dat van hun Last niet an„
„ders weten of zijn wel sterk bemant, en toe„
„gerust, maer aengelegt, om van hier onsen voor„
„raad packen Etc„a na Batavia te vervoeren,
de meurtjes sijn mij waarlijk nouwlijx waart
te roeren, alsoo uE: uijt d'ondervinge van 't
geene hier voren tot ons avantagie roerde, —
en dat nog noijt hebben gecontrarieert, ons
of mij veel liever tot het aenmaken van eenige
vastigheijt, en dat in een opene stad behoorde,
aentesetten, dan sig over sulke metseling te
laten ontrusten, altoos het is seker, schoon
al tot onse beveijliging, dat Egter teruwer
believing zouw sijn en blijven, behalven dat
een Coopman, wel 't verweren, maer geen aen„
„vallen en past, ik sal dan ophoudende uE:
te vermoeijelijken, en eenelijk nog maar met
ernst versoeken, dat uE dog, op het volbren„
„gen sijner belooten voor ramarasoe, soo heij„
„lig gedaen, believt bedagt te wesen, en alsoo
te beantwoorden, aende berugtinge, die uE: door
zijn soo genereus als Loffelijk bestier, bij alle
verwurven heevt, ook recommandere ik mij, —
en de belange van onse Comp=e in uE: gunstige
geheugen"
NL-HaNA_1.04.02_8834_0135.xml,"127
Van Cormandel onder dato 23:' feb=rij A„o 1721.
geheugen, terwijl ik met een Congeveijns de—
opregtigheijt kan betuijgen, dat mij dat sal —
tragten te verwaardigen, met onveranderlijk
te zijn, (onderstont) mijn Heer, uE: gehoorsa„
„men dienaar, en welmenende vrund (was ge„
„teekent) P„r Verrijn,
Translaat persiaense briev
door genoem: regent, in antwoort
van 't voorgaende aen't Noorder
chormandels opperhoovd den
E: Heer Paulus Verrijn, op
den selvden dag gerigt van in
houden, Als volgt,
Na eenige Complimenten en Eertitulen
mijn vrund, uE briev heb ik wel ontvange, dies
inhout verstaen, en ben daer over met blijd„
„schap ingenomen geworden, nu sijn uw schepen
al aengecomen, en ik volhard, tot als nog inde„
woorden bevorens tegens uE: geuijt, nam: dat
sonder de komst vanden Heer Nabal, de be„
„wuste saak, niet afgemaakt kan werden,
derhalven soo uE tot de Comste van dien —
gem: heer Nabab wagtede, en pascientie oeffen„
de, sal zulx bij sonder goed sijn, dog soo niet,
en of uE"
NL-HaNA_1.04.02_8834_0136.xml,"Van Cormandel onder dato 23 febrij A„o 1721.
en of uE, Ramarasoe wil beoorlogen, soo is—
den selven mede te vinden, doet na uE goed dun„
„ken, of behagen, wij zijn ook vergenoegt, en
wanneer uE insgelijx, hier, over 's keijsers stad,
en de regeering vanden heer Nabab, ietwes in
den sin heeft, soo ben ik, en uE ook presend, —
kunnende aenvangen, 't geen uE wil, of best
meent, dog eerst wel versinnen, op dat sulx
naderhand, niet mogt beclagen onder ons beij„
„de resideert, de vruntschap, dier halven heb-
ik uE: mijne meening, op drie der hande wijse
doen verstaen, /onderstond/ voor d' oversetting,
volgens vertaling, van 's Emp„s bramine Fel„
„gama, masulipatnam, den 31. ' Januarij
3
A„o 1721. /was getekent/ H„k D„k de vos /onder
stont /Accordeert Hermann„s Taarling =
E=ste Clercq; —
Aan den Hoog Beroem„
den Heer Gouverneur van
Batavia,
Hoog Beroemden Heer
Ik neme de vrijmoedigheijt van desen briev aen
uw: Excell: te senden, en hier mede te ver„
soeken"
NL-HaNA_1.04.02_8834_0137.xml,"129
Van Cormandel onder dato 23 febr„j A„o 1721.
soeken, om regt, aengaende 't onregt, dat mij
geschied is, vande heeren van Cheijlon, u Excel:
sij bekent, dat mijn schip genaemt Tate Gno„
„rate, uijt seijlende van de haven van Suratta,
naer dese van Massulapatam, dewelke ge„
„comen sijnde tot bentato, digt aen Collombo,
door 't versuijm vanden stuurman is gestrant,
en gebroken, de gesaghebber van die plaats, heb„
„ben het goed, gelt, en geschut genomen, het—
welk bedraagt de somma van ƒ24000 silvere
ropien, en na dat sij het genomen hebben, —
hebben sij de schipper, boekhouder, en andre of„
„ficieren gedwongen, dat sij soude verclaren
bij geschrivt, datter niets gevonden was in't schip,
en dat sij noijt iets vande Comp=e souden hebben
te pretenderen, en dewijl die menschen gevan„
„gen waaren, sijn hij gedwongen geweest, —
te doen 't geen de heeren van die plaats
van haar begeerden, en hebben daer om een
geschrivt daer van gepasseert, in't schip sijn
200 man geweest, waer van de meeste hier
te Masulipatnam gecomen zijn, en voorde
Casij, en meer officieren van 't geregt, van
den groten Mogol, verclaart en gesworen heb„
„ben, dat 't opperhoovt vande Caneel, en van
Gale"
NL-HaNA_1.04.02_8834_0138.xml,"Van Cormandel onder dato 23. ' feb=ri A„o 1721.
Gale, nevens de fiscaal/ geconfisceert en geno„
„men hebben al het goet en gelt; na dat sij dien
Eed hadden afgelegt, heb ik geclaagt aen den
opperhoovt van deze plaats, die heden gouverneur
is van Nagapatnam, op dat hij mij regt soude doen,
en schrijven aen den gouverneur van Cheijlon, dat
hij mij 't goet en gelt weder soude doen geven,
dog tot nog toe heb ik nog geen antwoort gecre„
„gen, daerom neme ik de vrijheijt, om aen uw —
Excell: te schrijven, dewijl ik gehoort heb, —
dat uE Excell: voorstaet het geen regt en bil„
„lik is, en dat uw Excell: een jegelijk regt doet,
derhalven geloove en vertrouwe dat uw Excell:
mij ook sult regt doen, uE eccell. zij bekent,
dat ik gouverneur Een van dese Masulapa„
„tam, ik doe alles voor d' Edele Comp„e en
geve permissij aen alle de schepen die hier
comen vand' Ecomp„e, ik staa ook alles toe„
dat mij versogt werd, zonder ijets tegen te
spreken, ik verwagt vande goedheijt van uE
Excell: dat uw Excell: een briev met Expresse
ordres sult senden, aende heeren van Ceijlon,
dat sij mij weder geven, het geen sij mij ontro„
„men hebben, jk sal seer verpligt blijven,
en altijt erkennen de weldaden van uw Ex„
cell:, en bedde ook mijn persoon aen, om alles
te doen"
NL-HaNA_1.04.02_8834_0139.xml,"131
Van Cormandel onder dato 23 febr„ij A„o 1721.
te doen, 't geen uw' Excell: mij zal versoeken waat
als een vande seer verpligte aen uE Exgelb: sal
ik niet nalaten uw: Excell: te dienen, en de
Ed„le Comp„e in alles, 't geen mij mogelijk sal sijn,
sonder eenige na zatigh„t, desen briev schrijvt
aen uw Coija Pamotolaean, Gouverneur van Musu
„lapatam, en Nisampatam, Palacol, dacharom
naesapur en Racha mandrij Elu, broeder
vande mabobo, van 't Coningrijk van Golkonda,
mobaras, Cambadur Cateija;
Register van sodanige brieven
en papieren als op heden door den
Ed„len H„r Gerrit Westrenen gou„
„verneur en directeur deser Cus„
„te Cormandel, met den resorte
van dien, nevens den raad uijt
Nagapatnam, P„r de schepen de
Magdalena en Haringtuijn wer„
„den g'addresseert aen den hoog
Ed„len Heer Henric Zwaarde
Croon, gouverneur generaal ende
Ed„le Heeren Raden van nederlants
India tot Batavia, namentl:
N:o 1, origineele missive van en aen als inden hoov„
den deses van hedigen datum,
„ 2. twee Copia brieven, als een patriase, en een, aen
haar hoog Ed„s tot batavia beschreven beijde
ged„t 29' octob r 1720 met de registers, —
N„o„ 3"
NL-HaNA_1.04.02_8834_0140.xml,"Van Cormandel den 3. ' Meij A„o 1721,
N„o 3„ Copia resolutie ged„t 15.:' der verweke maand, Januar„ij
Concernerende d' Authorisatie, en voorstel„
„linge te deser hooftplaatsen, naar Pat„
den heere
„nam van sijn hoog Edelh„t Henric Zwaar„
„decroon, in die hoog wigtige Chargie—
van gouverneur generaal van nederlants
india annex d' origineele Actens, der
gepresteerde Eeden, en Certificatien,
soo van hier als Portonovo, tegene p=m
en sadrasp„t mitsg„s Pall: Masuli„
Patnam en de noorder binnen Cmp„
„toiren aldaar,
4. Copia resolutien genomen in rade van Corman„
del tot nagavatnam t' sedert Laasten
octob„r A„o passado tot den 21 april —
Laastl:
5„ kopia brieven van masz: van 19 7ber 1720 tot
8 Januarij deses jaars,
6„ Copia masz: resolutien van 27:' 7ber des gepass:
tot 16. ' Januarij deses jaars,
7. Copia brieven van hier na derwaarts, t' sedert
2. nov„r A„o passado tot 15. ' februarij
Jongstl:
8. Copia - brieven vande palliacatze opperhoov„
„den na herwaarts gesz: van 5 october
1720. tot 7'. Januarij 1721.
9. Copia brieven van hier na pall: t' sedert 9. novem
an„o Passado tot den 6. ' der jongst gepas-
„seerde maand maart,
No„ 40"
NL-HaNA_1.04.02_8834_0141.xml,"133
Van Cormandel den 3: ' Meij A„o 1721,
N. 10„ Copia brieven van sadraspatnam t' sedert
7 octo br. 1720. tot 26 januarij Ao. 1722
11. Copia brieven van hier na derwaarts van 9'
novemb a„o passado tot 10. ' febru
„arij JongstL:
12. Copia brieven van portonovo na herwaarts—
gesz: 't sed„t 1 docto b r 1720 tot 21.
Januarij 1721.
13. Copia brieven van hier na derwaarts t' sed„t
9. ' novemb. r a„o passado tot 18 fe„
„bruarij deses jaars,
Copia brieven van den tegenepatn=se resident
14.
van 23. ' octo b. n A„o passado tot
24. ' Januarij jongst
Copia brievje van hier na tegenepatnam
15.
ged„t 18 februarij deses jaars
Copia Circulaire brieven na d'onderhorige
16.
Compt=ren deses gouvernements
t sedert 2 novemb„r 1720 tot 6.
Maart 1721.
Copia brieven van hier na Ceijlon, jaffanapat„
17.
„nam, trincquenemale, en ma„
„naar ged„t 31 october a„o passado
tot den 19. ' maart jongstl:
18. Copia Actens van verbeteringen t' sed. t 4.
novemb"
NL-HaNA_1.04.02_8834_0142.xml,"Van Cormandel den 3:' Meij A„o 1721. —
novemb: a„o passado tot 28:' april
jongst ten
N. 19. seventhien stx Copia Contracten, soo van hier
als d'onderhorige Comp=tren deses
gouvernements namentlijk, —
2 stx: van nagapatnam
2 „ „ portonovo
2 „ „ sadraspatnam
1„ „ palliacatta
2„ „ masulipatnam
3„ „ bimilipatnam
2„ „ daatcherom en
3„ „ Palicol,
17 stver te samen als voor segt
20. diverse aff, en aancomende Copia brievjes en
Extracten, soo van hier als de
onderhorige Compt=ren bimili: masz:
pall: sadrasp: tegenep: en por„
„tonovo, mitsg„s 4 stx d„s van hier
na trancquebare, als van daer —
na herwaarts en twee rappor„
„ten van de schippers de winter
en van Losen Concernerende d'
aankomst en vertrek vand' scheepen
de magdalena en haringtuijn, item
de daar uijt ontloste en weder
ingescheep"
NL-HaNA_1.04.02_8834_0143.xml,"135
Van Cormandel den 3' Meij A„o 1721.
No. 21
ingescheepte kleede packen
en eijndelijk den swaren
Storm die, die bodems.
ter rheede portonovo-
hebben belopen Etc„a —
Copia briev door 't sadraspatn. s opperhoovt
alhier aen den gouverneur
gesz: in dato 27 Maart
jongstl: annex een notie
van soodanige Linwaten
als 't schip gen„t de stad
oostende in februarij deses
jaars op Copelang soude in
genomen hebben waer van
't bedragen is p a/o 33010 –. –.
22. drie stx Copia Zentatien van 26. ' novembr
1720 en 18e. febr. 1721.
23. proces stucken van den tot masz: bescheijden
geweest sijnde krank besoeker, jacobus vanden„
„broek annex 't register van
dien,
24. Originele verantwoordiging met de stucken
daer tegens ingewonnen van
den gewesen-boek en factuur
houder tot Masz: dominicus
hamerster
No. 25"
NL-HaNA_1.04.02_8834_0144.xml,"Van Cormandel den 3 Meij A„o 1721
N„o 25 Copia rapport vanden Essajec fredrik El„
„liot annex een opstel waar
bij werd aengetoont, hoe veel
d' EComp„e bij 't versmelten van
een mark fijn goud tot pa„
„goden, aen suijvre winst komt
te proffiteeren,
26. request annes den inventaris van amra ma„
ria moller, wed„e van pieter
vanden berg gedediceert aen
haer hoog Ed„s tot batavia waar
bij versoek doet, om te mogen
erlangen mandament van Cessie
onder afstand van haren gant„
„sen boedel,
27. Extract uijt den masz: briev van ult=o —
maart na herwaarts gesz:,
28. Eijsje van foelij en houtwerken —
29. Copia sadrasp„le briev van 5 april na her„
„waarts gesz: werdende, ten
principalen gezigt wegens de
geledene schaden soo daar, als
op andre plaatsen, daarom her„
„waarts: in den storm tussen den
29. ' en 30. ' maart jongst zunn
30. bevinding van vier nat geworde packen —
inde Chialoup, de Lier die daer
uijt"
NL-HaNA_1.04.02_8834_0145.xml,"137
Van Cormandel den 3 meij A„o 1721.
uijt gestigt en tot pall:
aen de wal gebragt zijn,
31. drie en twintig stx: orginele reekeningen,
32. memorie van de scheepen de magdalena en
haringthuijn der mansz:
dewelke van batavia hier
aangebragt, item die van
evengem: bodems sijn aen
de wal geligt, mitsgaders
de soodanige die weder van
hier daer op zijn geplaats,
33. twee Copia registers der negotie en hol„
„dij boeken vanden jare 17 3/20
dewelke ider afsonderlijk
in een Casje op 't schip de
magda zena aen haar hoog
Ed„n nu insgelijx werden
gedediceert,
84. drie stx nagapatnam se munts bevinding
35 een opstel of corte samen trecking
van de winsten en Las„
ten in dit gouvernement
staende dit boekjaar 17 /2.
36. een en dertig stx rendementen, als,
6 van"
NL-HaNA_1.04.02_8834_0146.xml,"Van Cormandel den 3 Meij A„o 1721
6 van portonovo
6 „ sadraspatnam
6 „ palliacatta
6 „ masulipatnam
1 „ bimilipatnam en
6„ nagapatnam;
31 stx te samen als voorsegt
N„o 37. twee stx bevindinge van't aengebragte en
uijtgeleverde p„r de schepen
de magdalena en haringtuijn
38. factuur en Cognossement van't gelade„
„ne in't schip de magdalena.
39. oncost reecq: van 't verstrekte aen meer„
„melte bodem,
Nog gaan appart over p„r 't schip
de Haringtuijn,
L„a A. duplicaat van dit Register
L„a B. duplicaat van bovengem: missive en
C. d'oncost reekening van het verstreckte
aen evengem: bodem,
Nagapatnam den 3 Meij A„o 1721.
(onderstont) W=m
Crielaart eerste Clercq
batavia
Aan den Hoog Edelen Heer=
Henric"
NL-HaNA_1.04.02_8834_0147.xml,"139
Van Cormandel den 3. ' Meij A. o 1721.
haar hoog Ed„ns mis„
Henric Zwaarde Croon
gouverneur Generaal en
d' Edele Heere Raden van
Nederlands India, —
P„r de scheepen
Magdalena en
Haring thuijn ontfangen
p„r eerstgem: bodem op
den 25. ' Junij A„o 1721
soo dra wij over Mallabaar en Tutu= den ontvang van
corijn ontvingen uE. hoog Ed„ns geeerde Let„sive oper malle
„teren van 30 Septemb: des voorleden 't welk
geweest is den 6. '. januarij deses jaars, —
hebben wij ten eersten volgens resolutie
van dien eijgen datum, na al de onderho„ ingevolge van
„rige Comp=tre te deser Custe bij Circulair gerigt na de onder
horige Compt=ren tot
schrijvens g'ordonneert, dat se een ijder op
de publique brees„
den sijnen met de behoorlijke en gewoonstiging van sijn
hoog Edelh„s,
solemniteijten den volke publijcq soude
voorstellen, den hoog Edelen Heer Hen„
rie ZwaardeCroon, als bevestigt gou„
„verneur generaal over nederlants jndia, —
dien ons schrijvens
„baar en
Hoog Edele agtb:
gebiedende Heer en
Edele Heeren,
en ook"
NL-HaNA_1.04.02_8834_0148.xml,"Van Cormandel den 3. meij A„o 1721.
alle in dier vor„
soo mede op dit
hoort Comptoir
hegen wens aen
dat hoog wigtig amgt
en ook den Eed van getrouwigheijd aen wel„
gem: zijn hoog Edelh„t afleggen, en alle s Comp„s
dienaren daer bescheijden doen afleggen,
haar ten dien Eijnde toeschikkende een —
wschrift vande overgekome acte van au„
„thorisatie, benevens 't formilier van den
't welk door haar Eed daar annex, 'twelk sij alle ook in
„gen is verrigt diervoegen hebben verrigt, als Consteert uijt
de nevensgaende 15- stux origineele actens,
van Certificatie, en den Gedanen eed, gelijk—
dat op dit hoovd Comptoir insgelijx volbragt is,
met de gerequireerde plegtigheden, den 15 daer
aen soodanig, als bij een appart afschrivt
van ons besluijt, ten selven dage genomen,
en de geinsereerde formulieren hier ook Eijge
„voegt, omstandig sal blijken, bij welke gele„
sijn hoog Ed„s in„gentheijd nu nogmaal de vrijheijt gebruijken
om welmelten hoog Edelen heer Henric=
zwaarde Croon, uijt gront onses herten
toe te wensen Gods dierbaren zegeningen,
soo over zijn illustre persoon als hoffelijke
regeering, op dat voorsz: hoog wigtig ampt
met veel vergenoegen, en voor spoet tot
's Comp„s wel wesen mag bekleeden nog lange
reep"
NL-HaNA_1.04.02_8834_0149.xml,"141
Van Cormandel den 3. Meij A„o 1721.—
om bij verschijning—
7. magdalena ende
D'haringtuijn daar
te ligten als —
item uijt den an„
schip over te sche„
mansz: mits er
reex van jaaren, ten selven dage, hebben wij
met eenen besloten, en na Masulipatnam
en de zuijder Comptoiren volgens uE hoog Ed=ns
g'eert bevel aengesz: te weten, aen de op„
„perhoorden ter eerstgem: plaats, dat se, soo ras
de scheepen, de Magdalena en Haringthuin ordre na ma sub=
van batavia, daer quamen te arriveren, uijt vande schepen de
den eenen soo veel peper aen land moesten zig
„ten; als voor een rond jaar tot den handel om soo vsel peper uijt
dien oord benodigde, indien voorsz: bodems danvoar een jaar
niet eerst op bimilipatnam waren geweest,
en daer soo veel van dien korl aende wal—
hadden gegeven, als voor Evengem: tijt vereijs„
„te soo ja dat dan maar alleen voor dat Comp=n
soo veel moesten Ligten als in maniere voorsz
soude requireren, dat se wijders in dat peper„ren in 't peper
schip uijt het andre konden doen overschepen pen al de goude
al de goude specien, die het zelve in had, specien, —
omme te samen herwaarts over te brengen, ten
eijnde hier tot pagoden te doen vermunten, —
alsoo die op masulip: of geen der onderhorige
Comptoiren kunnen omgeset werden, dan met
merkelijk verlies; voorts al de militairen met soo mede al de
den Eedigen bodem overgecomen, op 't selve eenige te mogen
doen overgaan, mits dat se uijt die manschap ruijlen tegen ge„
„lijk getal die na
eenige mogten ruijlen tegen gelijk getal, van
batavia willen
die daar tegenwoordig aan de wal bescheijden verlost sijn,
sullen benodigen
haar"
NL-HaNA_1.04.02_8834_0150.xml,"Van Cormandel den 3. ' meij A„o 1721.
maar de penniste
te schicken en
dan wijders het
„digste over de
Zuijder Comptoiren
met ordre aende
ontlossing der
dien bodem om
geen reeden op
te houden
en dat den E. van
haar bevonden tijd uijt en na batavia verlost —
wilden zijn, dewelke zij dan ook op evengem:
Ledigen bodem weder konden plaatsen, en soo
versenden met hunne afgeslote zoldij reecq: maar
alle herwaarts ove dat se de pennisten met de een en d'andre —
door uw hoog Ed=ns ons toegesonden, alle herwaarts
moesten schicken, sonder daer van eenige te
mogen Ligten, alzoo wij haar met de geeijste
van hier stonden te voorsien, dat se wijders het
pper schip ten spe voorn: peper schip ten alder spoedigsten, en soo —
ras de goude specian nevens de militairen daar
dit heen depecheren in overgescheept soude wesen langs de suijder
Comptoiren Palliacatta Sadraspatn: en
Portonovo, dit heen moesten depescheren, niet
aanschrijvens aen de opperhoovden, sijlieden doet
opperhoovden na uijt ook soo veel van dien korl konden zig„
peper en 't ingeventen, als een ider voor een rond jaar tot den
der Cleede packenhandel benodigden, en dan ook weder ingeven
al de cleede packen diese een elk in voorraad —
gereet, en inden bant hadden, om daer mede—
soo na Nagapatnam af te sacken, sonder desel„
„ve elders te mogen ophouden, ten eijnde alsoo
te kunnen voldoen aen uE hoog Ed=ns g'eert be„
„vel, om die bodems weder vroegtijds of in 't
begin vande maand meij op batavia te kunnen
cloon met 't pperhebben, dat den oppercoopman en gedesigneert
herwars konde secunde deser Custe Dirk van Cloon, met
dat"
NL-HaNA_1.04.02_8834_0151.xml,"143
Van Cormandel den 3. ' meij A„o 1721.
maar datse den re„
bimilip„t als masul:
kleede packen ten
„via moeten ver„
senden,
geven hoe veel pac„
„ken tegens de ord„e
besending in gereet
„h„t sullen crijgen
om de scheeps—
ruijmte in meij daar
dat peper schip ook konde herwaarts komen,
indien hij op 't andre sijn verblijv mogt hebben,
item datse den ledigen bodem daer aenhoudendigen bodem soo tot
en sonder de minste tijd versuijm moeten in met een lading —
geven een volle Lading cleede packen, uijt der spoedigste na bata
voorraad daer, en tot bimilip„t in gereetheijt
in deser voegen dat bij aldien den selven niet
eerst tot bimilipatnam was aengeweest,
en aldaar al de Linwaten had ingenomen,
sij dan tot Masulipatn: soo veel packen
daer in konden doen afladen, alsse na gemaak
„te overslag souden oordeelen, te vereijsschen,
om voorts tot bimilipatnam een volle lading,
te vinden, en sij die fluijt dan ook ten dien
eijnde ten spoedigsten na derwaarts moesten
voortschicken, benevens 't nodige berigt, —
aende opperhoovden, op datse meerm: bodem
sonder de minste tijd versuijm volladen na
batavia souden kunnen te rug senden, om
binnen voorsz: tijd nog daer te wesen, &a, on
eijndelijk datse ons dan ook sonder uijtstelen met eenen op
soo pertinent mogelijk moesten opgeven,
wat Gedagten hij maakte van den cleeden
handel om dien oort, en hoe veel packen sij
wel gisten tegens de ordinaire besending te na te regeleren
zullen in gereetheijd krijgen, op dat wij uw
hoog"
NL-HaNA_1.04.02_8834_0152.xml,"Cormandel den 3 '. Meij A„o 1721.
Van
suijder Comptoiren
van voorsz besluijten
gevoert werden, om
tot bimilip„t moeste
„ g'eerde
hoog Ed„ns navolgens derselver „ begeerte, daer van
nu 't vereijste berigt konden Geven, ten Eijnde
in meij aenstaende de scheeps ruijmte voor dese
kust daer na te kunnen reguleren, mits
dat se 't selve met de vereijste omsigtigheijt
moeste doen, en soodanig dat daer op staat
soo vrede na de te maken was, en na de suijder Comptoiren„
datse tegens de komst van 't eene schip —
om de Zuijd, al haren voorraad kleden in den
bant, en afgepakt moesten gererthouden, om
deselve des te spoediger te kunnen afschepen
na 't ligten vande peper, en dat dan ook een
op
ijder van haar ons om redenen voorsz:, ten
eersten moesten opgeven de quantiteijt pac„
„ken, diese souden oordeelen tegen de boven„
o
„gem: tijd wel te kunnen vaardig hebben,
dog 't voornaamste naar 't voornaamste der voorsz: besluijten
is niet konnen uijt is niet kunnen uijtgevoert werden, dewijl
dat het eene schip meerm: schepen den 23. ' januarij eerst tot
g'calvaat werden, Bimilipatnam gearriveert, daer zijn moe„
„ten blijven leggen, tot den 1 feb:j vermits—
den schipper vande Haring thuijn verclaarde,
dat 't sedert van Cabs de Goede hoop was ge„
„zeijld, sijne decken niet voorsien, en daerom
op vele plaatsen nu Lek waaren, bij geolge=
onbequaam
en. —"
NL-HaNA_1.04.02_8834_0153.xml,"145
Van Cormandel den 3. ' Meij A„o 1721.
zee roovers, om
op nader af te wag„
is aldaar gereholv„t
swarigheijt dan nog
overig bleek, is ge„
„resolveert gem:
scheepen herw„ts
onbequaam om packen te laden, al eerse-
na behoren souden gecalfaat wesen, item
't selve volbragt sijnde, en toen daer in afge„
„laden 282 packen diverse Linwaten, inmiddens
ook uijt de magdalena geligt 40000 ld pe„
per, voor den handel aldaar, en zij voorts den
8. ' der Evengem: maant, tot Masulip„n aen tot mas=z gecomen
gekomen, die opperhoopden op de propositie
vanden voorn: gedesigneert secunde Dirk„ bindert na pall=a
van Cloon, en hij te samen geresolveert heb „ bedugting voor de
„ben gem: twee bodems gecombineert na onse ordres daer
Palliacatta te versenden, uijt bedugting „ ten
voor 't gevaar waar in deselve anders ge„
„stelt souden werden, van de zee rovers,
die volgens de gerugte en ingekreege berig„
„ten nu stonden dit heen te komen &:a, van
die resolutie ons voor uijt kennisse geverd
op dat we in staat konde wesen naar Pal„
„liacatta ordre te stellen hoedanig met de
verdre depeche derselver schepen, bij haar
aankomst daer zouden hebben te hande„
„len, waarom dan ook genoodsaakt sijn dog alsoo 'er deselve
geworden, volgens raads besluijt van 26
febr, bij meerderheijt van stemmen in
soo verre van onse voorige resolutien te aen te laten comen
te versenden, uijt
de scheepen gecom
altereren
en"
NL-HaNA_1.04.02_8834_0154.xml,"Van
Cormandel den 3 . Meij A„o 1721
den secunde van Cloon
daer mede na ver„
soo veel spoet te
sal zijn,
waren van masz:
„vaardigt
haringtuin bestond
in 822 packen
van pall. a na inschen
„peng van 5 packen
altereren, naar dien die eijge swarigh„t
voor de roovers dan nog overig, en deselv
„de bleev dewijlse ten minste al soo wel
van Masulipatiam, als Palliacatta
van malkanderen hadden konnen scheijdin,
en derhalven te resolveren meerm: opper„
aen te schrijven-„ Coopman en secunde van Cloon, aen te
„rigting van sakerschrijven, dat hij op den ontvang van
maken, als doerlijk n sem briev, sonder de minste tijd versuijm,
sig met die twee scheepen na herwaarts
moest begeven, naar dat op de suijder —
Comptoiren zoo veel peper gelost, en al den
voorraad kleede packen had doen innemen,
soo danig als 't een en ander bij circulair
wengem bodemsschrijvens van 9. ' januarij reets derwaarts
na pallia al afgewas belast, intussen waren weerm: bodems
den 23. ' daar aen van Mazulipatnam, —
naar Palliacatta al afgewaardigt, sij had„
de lading vande „den in de haringthuijn 540 packen geladen,
om
waer mede dat schip met die van bimilip=m
had ingenomen, uijt makende te samen, 822.
haar comst en vertrekepacken, volladen was, den 8 Maart sijnse
voor Palliacatta, ten anker gecomen„ —
in de magdalena, en den 10. ' weder van daer vertrocken, na
datt'er"
NL-HaNA_1.04.02_8834_0155.xml,"147
Van Cormandel den 3. ' Meij A„o 1721.
item tot sadrasp:
. quantiteijt peper
weder ingegeven
portonovo, en het
packen dog wierden
in den voortgang
belet door een
perikel waaren,
van de wint, in
datter eerst in de magdalena waren af„
„gescheept, 5 packen gingams en cambaijer
voor India, den 11 d„o tot sadraspatnam
alwaer de gantsche quantiteijd peper, is.
geligt groot 343919½ lb volgens hun „ al waar de gantse
„ne bevinding, terwijl die van Masulip: is geligt, en daer
en Paliacatta geen peper hebben benodigt; 350 packen,
en in dat selve schip weder ingegeven
350 packen diverse Cleeden, waer mede den
19. ' maart in Compagnie van den andre bo„
„dem naar Portonovo is komen afseijlen, haar concst tot
daer zij te samen den 24 d„o ook ter rheede n geven der klede
gearriveert, en vervolgens aen 't Laden
gegaan zijn, maer den 29. ' belet de verdre
av scheping van nog een hondert packen
te kunnen doen, mits 't schielijk op
komen van een harde wint, die desnags
in een storm uijtbarste, en ook een gans
etmaal heeft gecontinueert, egter door
Gods goedheijt met dese verandering, dat aar door de sche„
de wind van het N.o. keerde naar 't N:pdn niet buijten
W. waer door de overheden gelegentheijd dog met 't verandien
kregen, om den 30 dito ontrent ten eenzee gelopen, en
ten 3 uuren uijt
uure na de middag met, die scheepen 't gesigt geraakt
die al eenigsints door gegaen, en niet buij
sware storm,
ten"
NL-HaNA_1.04.02_8834_0156.xml,"Van Cormandel den 3. ' Meij A„o 1721.
ordre na derwaars
„der opdaging ten spoe„
„pecheren,
schrijvens waren er-
rheede van die bo„
„dems gevonden die
sij souden doen
opvissen, en
„ten perijkel waren, van de wal af in
zee te steeken, om alsoo 't verder gevaar
te ontloopen, 't welk van dat gewenst
succes is geweest, datse God dank ten
3 uuren uijt 't gesigt geraakt en naar
haar gissing de hoek van Colderon te baaren
om die bodems bijwergecomen waren, wij ordonneerden haar op
„digste herw„ts te den die erlangde tijding bij een Lettertje datse
meerm: bodems bij weder opdaging, om
die onafgescheepte packen niet langer
ophouden, maer ten spoedigste herw„ts aen
moesten stuuren, indien sulx maer eenigsints
doenlijk was, terwijl dat ontbrekende —
getal hier seer gemackelijk uijt onsen voor„
maar volgens haar raad soude cunnen suppleren Etc, maar
aankers daer ter kort na dato berigten zij ons nader datse
de rheede hadde doen visiteren, en bevon„
„den 4 wakende anker-boeijen van soo —
veel ankers, als 2 van elken bodem,
die sij souden doen opvissen, en dat volgens 't
schrijven van den Tegenepatnamsen resident
die schepen, tegens alle gedagten, een mijl
benoorden evengem: plaats in volle seijlen
gezien waeren, suijdwaarts aen stevenende,
't welk becragtig wiert met drie brievjes—
door"
NL-HaNA_1.04.02_8834_0157.xml,"149
Van Cormandel den 3. ' Meij A„o 1721.
die bodems bij haar
schrijvens ook wiert
g'affirmeert, en -
betuijgen haar verhe„
kers en touwen
tuijn door 't raken
de zeen binnen
boort gecregen,
nat geworden —
haar versoek om
ankers en touwen
en een Chialoup
op te vissen,
door de opperstuurlieden uijt deselve gesz: welk door de op
in dese kotte bewoording, hoe sij met beijde perstierluijden op
meergem: bodems een mijl benoorden de
Tegenepatnamse rheede vervallen zagen,
en naer bequame wint, en weer wagten-
om naar Portonovo te cunnen afkomen,
dog sij ook met eenen inde uijtterste verle„
„gentheijd gebragt, wijl de Magdalena =gentheijt om ar„
drie en de Haringtuijn twee ankers en etc:a,
touwen, item den Laasten sijn boodschuijt,
en een man die daer mede was omgeslager,
soo ook den eersten sijn boot, en twee man
in het verlaten vande Portonovose rheede am dat de haring
verloren hadden, hebbende de Haringthuin er gronden verscheij
door 't raken vaude gronden, nog daer en bo„
„ven verscheijde zeen binnen boord gecregen, en eenige packen
soo dat de kuijl ettelijke malen vos wa„ waaren,
„ter had gestaen, sijnde daar door ook eenig
packen nat geworden Etc:a, versoekende
dierhalve om ankers en touwen, en een Ch:„ om de verlorene
„aboup, ten eijnde de verlorene weder op te
vissen, vermits de schippers hadden—
verclaart sonder deselve onmogelijk te
konnen reijs vorderen, die den 3. ' april-
des morgens met Chialengen, ider na hun
bescheijden"
NL-HaNA_1.04.02_8834_0158.xml,"Cormandel den 3. ' Meij A„o 1721.
Van
quam te ontmoe„
doen komen,
en den E: van
Cloon met de
schippers daer van
te verwittigen etc. a
van hier g'assiss„t
met 2 ankers, 2
bescheijden bodem vertrocken, en de goede
sorge aenbevolen waaren Etc. a, op welke eer„
„ste Erlangde tijdingen, wij volgens be„
de phaar Coijlangope sluijt van 2. der evengem: maand, de —
de erlang de tijding
uijtgesonden, met e haar Coijlang uijtsonden, met een briev
aen de overheden van dikwils gen: schee„
ordre indien de „ je
schepen aen dese
tijde van Colderomspen, van inhoude datse hun op den ont„
„ten deselve her„ vangst van 't selve sonder uijtstel-
moesten dit heen transporteren, in gedag„
„te sij aen dees zijde solderon soude ge„
„vonden werden, volgens 't eerste aenschrij„
„vens met ordre aen den bootsman van
gem: phaar, dat hij sijn last aen deselve
volbragt hebbende, ten spoedigste na Por„
„tonovo moest voort zeijlen, om den opper„
„coopman van Cloon, en de daer aen land
verbleven schippers hier van te verwittigen,
op dat se hun op de beste wijse kon„
de herwaarts begeven, indien de schepen
dan aldaer nog niet opgedaagt mogte sijn,
dog op hare naderen maar op hunne volgende advijsen assusteer„
den wij haar van hier, conform onse resolu„
Ligte dreggen, - „tie van 5. ' daer aen met 2 ankers, als een
4 vijver trossen van 1613. en een van 1590 lb, 2. Ligte dreggen,
en 3 Cattamarauws
4 vijver trossen, en 3 groote Catte marauws,
„waarts aen te
om"
NL-HaNA_1.04.02_8834_0159.xml,"151
Cormandel den 3. ' Meij A„o 1721.
van
quebare, om 2 ankers
„lificatie aen de —
dat se de nat ge„
de haringtuijn aen
't arrivement der
Portonovo, en 't
nader berigt der
om: daermede, ende phaar Coijlang te be„
„proeven ofte de verlore ankers, en touwen
niet weder souden konnen thuijs. haalen, —
ook scheven wij aen den gouverneur en raad tot versoek na Trana
Trancquebare; ten eijnde door haar E=s: in d:o touwen, met qua
met twee ankers en twee touwen, bijgescheeps overheden tot
dies incoop indien 't
„sprongen te mogen werden, in diense daer de nood vereijste
voorsien waren, soo als wij de scheeps—
overheden insgelijx qualificeerden, om tot
Tegenepatnam incoop van die Equipagie
goedren te mogen doen, wanneer sulx ten
hoogsten vereijsten, en dat se de wat ge¬
„worden packen uijt de Haringthuin „ worde packen, uijt
tot Portonovo aen Land konden geven, laat konde geven,
om daer mede door onse bediendens gehandelt
te werden soodanig alsse souden bevinden
te behoren, sonder de scheepen daerom, of
eenige andre oorsaken langer te mogen op
houden, soo ras hij hunne verlooren ankers
en touwen maar souden te huijs gecregen—
hebben,, vervolgens wiert ons van Portorovo, schepen wederop
al verder bedeelt, dat de schepen den 5 '
daar ter rheede, en de schippers toen ook schippers,
aan land gecomen waren, met berigt zij de
bood van de Haringthuin in see vinden
drijven"
NL-HaNA_1.04.02_8834_0160.xml,"Cormandel den 3 Meij A„o 1721.
van
in welke verlegent
van Zijll, zijn schuijt
„ten etc. a niet meer
touw kunnen
crijgen,
overheden verklaar.
den E: van cloon
drijven, en met een Tegepatnamse chialeng
„heijt 't opperhoortaen boord gebragt hadden, 't opperhoovd van
voor 10 pag: had zijl had sijn schuijt ten dienste van even„
afgestaan, en „ gem: bodem afgestaen, voor 10 pagoden,
die bij den schipper daer voor ook aengenomen,
mitse wel ruijm soo veel waardig geoordeelt
was, voornamentlijk in dese verlegentheijd,
met voorsz vlot, intusschen hadden sij na veel moeijtens, —
als 2 ankers en een met voorsz: vlotten. 3 Chialengen, en de
bood van de Haringthuin, in drie dagen
tijds niet meer dan 2 ankers en 1 touw
kunnen uijt de gront krijgen, egter was
haar door de duijkers beloovd, nogmaals
't uijtterste best te willen in 't werk stellen,
om d' een en andere, indien 't mogelijk sou„
„de wesen, op te halen, gelijk sij ook na da„
dog na dato nog 40 nog 1 anker, en ¾ swaar touw hebben
opgevist, de overheden hadden onderwijl —
waar mede de verklaart datse met de thuijs gecregen
den, de reijse twee ankers en 1 touw haer in staat be„
na herwaarts te „ vonden, de reijse verder na herwaarts
connen onderne„
voort te setten, buijten ontmoetinge —
van onstuijmig weer, en den oppercoopm:
stond over Lant van Cloon stont sijn reijse over Land-
dit heen te conen dit heen te nemen, uijt bedugting voor
1 anker en ¾ touw
lange
„men,"
NL-HaNA_1.04.02_8834_0161.xml,"153
Van Cormandel den 3. ' Meij A:o 1721,
de nat geworde—
tuijn bestonden al„
tot portonavo souden
doen uijtwassen
„leen in 23 p„s diese
hebben inde magda
600 packen
meerm: schepen
„ting op 16 april hier
behouden aengecomen
den E: van Cloon
den 10. ' den
de Chialoup Edemo„
novo de twee over„
lange op zee te moeten blijven, mits 't sterk
door waijen der zuijde winden, de packen die
ten getalle van 15 uijt de haringtuijn warer
aen hand gebragt, geopent; en besigtigd, zijn
door de Portonovose opperhooden wel gecon„
„ditioneert; en droog bevonden, uijtgesondert doeken ind' haring
twee waer in 10 stucken van 't eene, en
13 van 't andre nat geworden waren, die se
souden doen uijtwassen, en droogen, en met en herwaarts seu„
de phaar Coijlang dan oversenden etc.a; —„den, en
de goede packen hadde zij denselven bodem
weder te rug gegeven, en bevorens in de mag„ kena afgescheept
„dalena afgescheept een nomber, van 600 D=os
diverse Linwaten, na dat dit alles in voegen
C.
voorsz: verrigt was, sijn uE: schepen den 9:' sijn na gedane verrig„
April van daer, dit heen onder zeijl gelopen,
en,
en den 16 dito God dank hier behouden ter
rheede gearriveert, sonder eenige andre onge„
„macken meer te ontmoeten, soo als meerm:
gedesigneert secunde dirk van Cloon den 10. '
dito de reijse van daar ook overland heb„
„bende ondernomen, den 13 daer aen desavonds
ontrent ten 8 uuren hier insgelijx in goede
gesontheijd is aengecomen, met de Chia Loup„ nij bragt van porto
Eddemonij van Sadraspatnam tot Portonovo„droogde packen
aenge"
NL-HaNA_1.04.02_8834_0162.xml,"Van Cormandel den 3: ' Meij A„o 1721.
vlotten het eene an„
de reijse na batavia
„men,
„beijd tot portonovo
4de onker was erug
„teloos geweest & a,
anker niet gevon„
dreggen, en trossen,
en „ touw, item de aengegiert, bequamen wij den 17. ' van evengem:
„ker waar mede de maand, de twee daer aen Land verbleven, en
schippers verclaarde gedroogde packen guinees en salempoeris, —
te kunnen onderne„ benevens het ¾ swaar touw; en kort na dato,
met de 3 vlotten het 1 p„s swaar anker,
hier vooren genoemt, sulx de schippers beij„
„de verklaarden nu weder in staat gebragt
te wesen, om de reijse, onder gods segen
weder na batavia te kunnen ondernemen,
welke voorsz 2 packen hier ind' haring„
„thuin zijn overgegeven, sulx dien bodem
zijn voorige rading heeft behouden, en 't
anker en swaar touw aen de Magdalena,
de meerderen ar„ tot Portonovo was allen meerderen arbeijt
in't Ligten van 't te vergeeven geweest, tot 't Ligten van
het vierde anker, terwijl het seer diep in
de gront geweld zag, soo datse daer van
afgesien, en het werk geslaakt hadden,
tot tijt en wijle met de comst van een
schip nogmaal kunnen onderstaen, of 't
hadden 't plegt daarmede, en met een boot sal optehalen
„den om dat van geen vesen, maar 't plegtanker hadden sij niet
boeij versien was cunnen vinden, om dat van geen wakende —
de toegesonde ankers, boeij voorsien was, de van hier haar toege„
waren van dat ge„ sonden 2 ankers, 2 dreggen, en 9 vijger
„bruijk niet geweest,
trossen"
NL-HaNA_1.04.02_8834_0163.xml,"155
Van Cormandel den 3. ' Meij A„o 1721
zulx van portonowo
weder dit heen
gestuurt,
bood den trancque
aen 2 ankers en 3
touwen die hij —
trossen van dat gebruijk niet bevonden
sijnde als wel vereijst had, terwijl de
ankers sonder stocken, en te ligt voor die
schepen waren, zijn deselve hier ook terug
gegeven, de dreggen en trossen op pottono„
„vo- aen de wal gehouden, dog van daar weder
dit heen gestuurt met de phaar Coijlang
uijtgesondert 1 tros, diese op 't daar in
de gront verbleven anker hebben doen steeken,
met een boeij hier evenvoorwaarts gemelt sijn
de, hoe wij de deense vrienden tot Trancqu„ op ons versoek-
„bare in dese verlegentheijd om hulp versogt baarsen gouverneur
hebben, sal met een Lettertie nog werden
aangemerkt, dat voorsz: Trancquebaarsen soude gereethou„
gouverneur bij een brievje seer gulhgertig be„
„tuijgde, altijd paraat te wesen om d' EComp=e
dienst te doen, en oversulx daer gereet had
Leggen.
1vader Lants anker touw van. . . . 18 duijm
1 nieuwe kaijer _„o „. . . . . . . . 15. _=os
_„o. - . - - - - - - - - - - - . . . . . - 13 „
1
mitsgaders, 2 ankers, als,
1 anker van 1747 en
_„o „ 1812 – t lb
-
dog geen stocken tot gem: ankers, vermitse
„dan,
daar"
NL-HaNA_1.04.02_8834_0164.xml,"Cormandel den 3. ' Meij A„o 1721.
Van
„bode ankers en
nut konde zijn,
is den selven door
daar niet te becomen waren, dat anders
voorsz: benodigheden met een vaartuijg„
selvs na onse schepen al soude gesonden
hebben, met bijvoeging, dat in dien hier of
op deselve sulk hout te becomen of in voor„
„raad was, die stocken dan ook konden aen
dog alsoo de aenge„gemaakt werden, terwijl hij 't gespecificeer„
touwen van weijnig„de soude gereet houden, maer aengesien de
schippers beijde de voorsz: verclaring hier
voor bedankt, quamen te doen, en die aengebode ankers
en touwen voor meerm: bodems van weij„
„nig nut konden sijn, dat van sulke stocken;
of de houten daar toe, hier ook teenemaal
onvoorsien waren, is die beleevde aen bie„
„ding bij twee agter een volgende Lettertjes
door ons seer vriendelijk beantwoord, en
daar voor bedankt, gelijk 't een en ander
omstandiger sal konsteeren uijt 41 stux
diverse Copie brieven, en Extracten, soo van
al de buijten Comptoiren, als ook speciaal
Portonovo, en uijt de schepen, item van hier
na derwaarts over die materie geschreven
benevens de berigten der schippers, en rap„
„port der g'committeerdens die de nat gewor„
„de packen hebben geopent, en besigtigt, alle
desen
d"
NL-HaNA_1.04.02_8834_0165.xml,"van
Cormandel den 3 ' Meij A„o 1721.
schepen sijnse van
„ Last, en
d'overbevonde 1 1/18
„de van 't generaal
wigt op de peper
bevonden op winst
afschrijven,
voor 't tijdig onteet
dat montant niet
desen annex, de scheepen in maniere voorsz: met de komst der
hier ter rheede gecomen, sijn ten eersten van de goud kisten ont
de goud kisten ontlast, en de bevindingen zoo
van die specie, als de uijtgeleverde peper
den 21. ' april hier in rade geresumeert, voorts
daar op besloten de overbevonde 1 1/1 eng: goudjeng: goud ter goe„
8
inde kist p„r De Magdalena aengebragt ten ingenomen,
goede van 't generaal te doen innemen, maar
11545. ½. op 394965. -. lb ronde peper uijt dien maar de minder
bodem te kort uijtgelevert, makende 2 /8 ruijm=ls niet Excederende
per Cento verzies, als niet excederende, op en verlies te doen
winst en verlies te laten afschrijven,
voor dit tijdig ontset van goud, bedanken dankbaarheijd. —
wij uw hoog Ed=ns heer nedrig, terwijl 't soo van't goud,
bij sonder wel te rade is gecomen, niet te„
„genstaende den 23. ' januarij over Jaffanapat„
„nam intusschen hier ontfangen hebben de
niet tegenstaende
8400 stux slegte Coubangs, die ons door den ontfang van —
28400 stx Coubangs
den Ed: heer raad ordinaris, en Cheijlous gou„ van Cheijlon alsoo
„verneur Isaac Augustin Rumpf en raad
tot Colombo op versoek waren toegesegt, — kunnen teijen
soo als dat reets aen uw hoog Ed=ns hebben
gepreadverteert, bij onsen onderdanigen van
31. ' october des voorleden jaars, dewijl dat
Lang soude hebben
houden,
montant
157"
NL-HaNA_1.04.02_8834_0166.xml,"Cormandel den 3 Meij A„o 1721.
Van
„legentheijt vande
wed„e maartensz
nog is opgenomen
pa/a 42,.
zijn hier alle—
maar 5 van de mili„
en een tot mast
geruijlt,
montant niet Lang soude hebben kunnen
tegenhouden, alhoewel het mede van bijson„
„dre dienst is geweest, tot het slaan van
terwijl in die ver„fanmis, sijnde den 13. ' december in die verlo„
Executeurs vande„gentheijd op 't versoek vande Executeurs—
en voogden over de nalatenschap en kin„
15000 pag: tegens „deren van de wed„e Martensz: voor de
Ecomp„e hier nog aengenomen een somma
van 15000 pag: tegens den intrest van
4½ pC=to 'sjaars, onder conditie dat bedragen
weder sal afgelegt, soo ras op onsen gedanen
Eijsch souden voorsien worden, dan wel
soo veel daer van nog aengehouden, ten
voordeele der voorn weesen, als uE hoog Ed=ns
sullen gelieven goed te vinden, waer op p„r
naasten derselver welbehagen ook eerbie„
de boekhouders„ dig versoeken te mogen Erlangen, de boek„
wel overgecomen, houders Ian de Gast, Marthinus van
Heuven, item de provisioneelen assistenten
Gerrit van Coeverden, Adriaan van Lier,
Jacobus vander Linde, en Hendrik Swaan,
zijn hier insgelijx wel overgecomen, maar
„tairen overleden 5 vande gemeene militairen onderwegen
overleden, een sold„t tot masulipatnam, —
geruijlt"
NL-HaNA_1.04.02_8834_0167.xml,"159
Van
Cormandel den 3 . Meij A„o 1721.
na pall: ver sonden
hoovt Comp„ten geplaats
geen Comp„s dienaren
zullen verlost wer„
„den dan om na 't
vader lant te vertrecken
ook hare gagie —
voor schulden,
voorts d' aanbevole
boekje dermaten
„te gelt Cassa, door
burg aen den E: E:
den Laasten als
justitie geintrodu„
geruijlt tegen een ander, en 12 d=os, benevens 12 met een serg„t
een sergeant uijt dit guarnisoen reets na erde rest op dit
Palliacatta versonden, om de swacke man„
schap daer te versterken, item de rest op
dit hoovt Compt„r geplaats tot besetting der-
nodige posten geen Comp„s dienaren zullen
van hier hunne dimissie Erlangen, dan om
na 't Vaderland te vertrecken, ook hare
gagie voortaen arrestabel wesen voor schultarre stabel wesen
bij deselve gemaakt, na volgens de intentie
vande Ed: gr: agtb: heeren majores, en uE hoog
Ed=ns; en voorts de aenbevole verbetering-verbetering van 't
betragt van 't boekje der maaten, munten, en C.a, betragten,
gewigten, terwijl uE hoog Ed=ns ook ootmos„
„dig dank seggen voor de overgesonden vader lant„
„se extracten, het transport vande groote- transport der gro„
geld Cassa dood den secunde Pieter van drden secunde sander
Burg, aen zijn vervanger den oppercoopm:
zoon,
Dirk van Cloon, ten genoegen gedaen sijnde,
is den Laastgem: den 17 april in onse ver„
„gadering geintroduceert, naar 't afleggen
van den gewonen Eed, als Lid in politie hit van politie en
en justitie, den eerstgem: van sijn ampticeert, en den eer„
ontslagen, en 's Comp„s wegen vriendelijk be„
„dankt voor sijn langjarige diensten Etca,
„sten ontslagen
zoo"
NL-HaNA_1.04.02_8834_0168.xml,"Van Cormandel den 3. ' Meij A„o 1721.
versoek door den af„
sijn verblijv alhier, en p
Ed=ns hem sullen
gelieven toeteleggen,
waar voor hij haar
zijn,
gelijk den E: e: Choom
„gelijx sijne dank„
baar h„t betuijgt,
soo als 't besluijt van dien datum sal uijt
„geloste secunde omwijsen, maar den voorn: afgelosten secunde
wat haar, haar hoog Pieter van der Burg, vind sig nogmaal ten
uijttersten gedrongen hem te keeren tot uw
hoog Ed„ns met demoedige bede, dat het dog van
der selver welbehagen mag sijn, hemt zijn—
overige kotte zeer tijd, hier te laten eijndigh,
wijl sijn oud, swak en verstramt Lichaam:
niet wel bequaam is de reijse derwaarts te
ondernemen, en hij behalven dien, ook t' eene„
„maal buijten staet, om op Batavia —
daer alles kostelijk en duur valt, een be„
„staen te kunnen vinden, 't welk hij hoopt
dns
bij uE hoog Ed=s ook in consideratie zal ge„
„nomen worden, terwijl van derselver goed„
&
„heijd met eenen in alle onderdanigheijd sal
blijven afwagten wat hem sullen gelieven
toeteleggen, tot sijn noodig onderhoud; in„
Ed=ns sal dankb„r „ middens noijt sal nalaten, maar al sijn —
leer dagen volgens sijn schuldige pligt be„
tragten, voor d' een en andre bijsondre wel„
„daad, uE hoog Ed=ns op 't oldernedrigste dank„
met sijn optredevins baar„ zijn, gelijk den nieuw opgetreden se„
cunde Dirk van Cloon sijne ootmoedige
dank"
NL-HaNA_1.04.02_8834_0169.xml,"161
Cormandel den 3. ' Meij A„o 1721.
Van
voor't vaderhant ont
en daer weder in af
voor jndia,
waar mede dat schip
reert, bestaende
dankbetuijging mede aen uE hoog Ed=ns komt
afteleggen, voor dat deselve hem soo bij sonder
gunstelijk dese aensienlijke bediening hebben
gelieven op tedragen, en hij beloovt uE hoog
Ed=ns al sijn vermogens te sullen in Exannen,
om die uijtnemende weldaat, en die hij nog ver„
„der van derselver goetheijd hoopt deelagtig te
werden, sig door goede en trouwe diensten
meer en meer waardig te maken, uijt de
Magdalena zijn hier weder aen Lant geligt, uijt d' magdalma
100. packen Cleeden bestaende uijt guinees salemp„ns scheept 100 packen
parcallen, en baftas, soo gebleekt als bruijn, geladen 222 d=s
en bleek blauw, dewelke tot Portonovo daar
ingescheept waren voor 't vaderlant, en in
stede van deselve daer in afgeladen,
222. packen verscheijde taxis dromgans gingam pe„
„nasse, bethilles, en moeris gemeen gebleekt
Etc a. voor india, waer mede dat schip sijn zijn volle ladinge
volle lading becomen heeft, die gelijk hier in 1077 packen,
agter distinct sal aengewesen werden, in't
geheel bestaat uijt een nomber van 1077 pack:
diverse Linwaten om nu met eenen te vol„
„doen aen uE hoog Ed=ns geëert requisit, bij —
brieven van 30.:' september voorn„t, sal hier
kortelijk genoteert werden, dat op Masuli„
patnam"
NL-HaNA_1.04.02_8834_0170.xml,"3 Meij Ao. 1721.
Van Cormandel den
„ken soo tot masulip:
sullen bijcomen om
in 2649 packen,
sulx op dit ende
onderhorige Compt=ren
te deser custe te
samen een quantit„t
van 5772 packen
tegens meij aanstaen
in gereetheijt sul„
„len sijn,
de overgebleve papatnam, nu nog sijn blijven overleggen, een
als bimilip:t item quantiteijt van packen. . . . . - - - - - . 384. -.
die tegens de ord: be„
osending daer nog tot bimilipatnam. . . . . . . . . . . . . . . „ 265. „ —
dien oord bestaen diese staet maken tegen de ordinaire
besending te zullen vermeerdert werden met 2000. –
zulx dan om dien oort. . . . packen. . . 2649: —.
tot Palliacatta. . . . . . . . . . . . . . . . . . . „
die van sadraspatnam. hebben opgegeven
datse tegen voorsz: tijd ten hoogsten
maar in gereetheijt kunnen crijgen. - - . „ 400„-
die van Portonovo. . - - - - - - - - - - - „ 650„-
op dit hoovt Comptoir sijn overbehouden „ 973„-
en wert gegift 't selve getal tegens
den ordinairen tijd nog sal vergroot
werden met. . . . . . . . . . . . . . . . . . „ 1100. -
over sulx gecallculeert datter op al
de Comptoiren hier ter Custe dan
te samen gereet zullen wesen
een quantiteijt van packen. . . . . . . 5772. —
in hope uE hoog Ed=ns geëerde intentie
hier mede sal voldaen wesen, om tegens meij
aenstaende de scheeps ruijmte daar na te
kunnen schicken, soodanig als dat sullen
gelieven goed te vinden, indien dese bodems
nog tijdig genoeg op Batavia komen aen te
Landen"
NL-HaNA_1.04.02_8834_0171.xml,"163
Van Cormandel den 3.' meij A„o 1721.
den vader lantschen
Cheijlon is reets—
vader lants pacquet
van haar hoog Ed=ns
den 13 desemb: de
met verhoging op
„ten,
twelk van herten wensen, alhoewel 't Contrarie
vreesen, dewijl het reets vrij laat in den tijd
is geworden, wat voorts den Linwaat handel den ontvang van
betreft, bij onsen onderdanigen van 31 octob„r eijs voor 1721 over
Laastl: hebben wij uE hoog Ed„ns gepraeadverteert, haar hoog Ed„s gecom
dat den vaderlantsen eijs voor den jare 1721 „ municeert, —
direct over Ceijlon hadden becomen, en datwe
sonder de minste tijd versuijm souden voort„
„gaan met de verdeeling en aanbesteeding-
van deselve, en ook de Indisc petitie te
doen, 't sedert van uE, hoog Ed=ns hier nog ont„
„vangen sijnde een dubbelt vande eerste, bene„ t'sedert nog een
„vens een pacquet Vaderlandse papieren
voor welkers toeschicking nedrig dank segger„nt fangen,
is den 5 novemb. in onse vergadering aen de zijnde op den 5 nov:
aende coopl: van dit
handelaars op dit hoovd comptoir ter besorging hoort Comp„te opge„
„geven een getal van
opgegeven, een quantiteijd van,
1235¼ packen, en
743¼ packen diverse Cleeden voor 't patria
431. —. d„os. . . . . . . . . . . . . . . . „ Jndia, en
61. —. _„os. . . . . . . . . . . . . . . . . „ de jaffanap=s
root verwerije
1235¼. packen te samen, en op den 13 decem: ver„
volgens de contracten met haar geslooten,
na dat op een ingedient versoek schrivt hun
alvorens hebben moeten toestaen de volgen„ eenige fortonien„
de verhooging, als, op,
contracten gesloten.
1 pak"
NL-HaNA_1.04.02_8834_0172.xml,"Cormandel den 3 ' Meij A„o 1721.
van
duurte inden jndi„
vand' blauwe Lij„
„waten aen besteed,
der portonovose
Coopl: nog een twee„
aengestelt,
1 pak fijn gebl: salempoeris. . . . . . . - p a/a 4. -. -
1 _„o gem: _„o _„o. . . . . . . . . . . . . . . „ 3. –.
1 _„o gem: parcallen. . . . . . . . . . . . . . . . . „ 4. –.
1 _„o otisaals gebleekte. . . . . . . . . . . . . . „ 3. —
1 d„o fijne breede bethilles. . . . . . . . . . . . . „ 4. 4.
1 _„o grove _„o _„o. . . . . . . „ 4. 4.
wijl sij vertoonden, en te gelijk betuijgden ander
t' eenemaal buijten staet te wesen, de leve„
„rantie sonder merkelijke schade te kunnen
doen, zijnde al de andre sortementen bij haar
aangenomen, tegens de voorjarige prijse, ter
behoorlijker tijd in te leveren, in goede en deugt„
same Linwaten soo als 't een en ander bij=
onse resolutien van voorsz: datums wijd Eo„
„pig is te vinden, als mede hoe om de aen
dog wegens de „ houdende duurte in den jndigo best gedagt
„oo maar een derde hebben, voor eerst nog niet meer van de blau„
we doeken aen te besteden, dan een derde
van ider soort, tot dat met uE: hoog Ed=ns
geëert welbehagen op dat stuk sullen voor„
sien wesen, of dat voorsz verw stoffe intussen
mits de traagh„t betercoop werd, item dat om de traagheijd
der tegenwoordige Portonovose Coopl: tot
de geselsz: daer een tweede geselsz: daer aengestelt zijn, de
gemagtigdens van soenkoemoedoe rama Chittij,
ten
en"
NL-HaNA_1.04.02_8834_0173.xml,"165
Van Cormandel den 3. ' meij A„o 1721
en op den 9 nov: aen
Comptoiren haar
quota opgegeven,
„se coopl: die ook
prijsen hebben aen
reden waarom,
x soo veel in saam van
maar bij gebrek van
aennemen.
ten eijnde nu aen deselve ook te cunnen—
opdragen de helvt uijt de quota, dat Comp=ter
te beurt gevallen, soo als we den 9 novemb: ins„ al de onderhorige—
gelijx aen al de Comptoiren te deser Custe
haar aendeel hebben op gegeven, onder de noodige
recommandatie, tsedert is ons successive door
de opperhoovden bedeelt, en voor eerst van de gelijk de portonovo„
Portonovose, dat hunne handelaars, en ook d'tegens de voorjarige
evengm=te nieuwe, na veel stribbelingen egter genomen, dog maakte
nog aangenomen, hebben de eijssen te voldoen, rantie van 't ruw
guinees salemp. s —
tegens de voorjarige prijsen, dog te gelijk gro„en parcallen,
te swarigheijt gemaakt inde leverantie van
't ruw Guinees, salempoeris, en parcallen,
om redenen d' Engelsen, france, en andre vreem„
„de traficquanten daer tegenwoordig seer—
sterk negotieren, en alle soorten van doeken
opkoopen, hoe slegt die ook mogen wesen, —
sonder eens te letten op de lengte en bree„
„te of andre gebreeken, 't geen de wevers
t' eenemaal onwillig maakte, Langer deugd„
same kleeden te vervaardigen, des niet te„ soude egter daar
„genstaende hadden hij evenwel beloovd, soogoen als 't mogelijk
veel van die sorteringen te sullen in sa„
„melen als eenigsints in haar vermogen wandustij 't schilder
sal wesen, maar bij gebrek aan Chiolij man „werk niet kunnen
swarigh„t inde leve„
„dustij
is,"
NL-HaNA_1.04.02_8834_0174.xml,"Cormandel den 3 ' Meij A„o 1721.
Van
„laar 's in hgelijx haar
„ning,
reden waarom,
sustij de geeijste geschilderde doeken, niet
kunnen aennemen, en daarom d' aanbesteding
daer van uijtgestelt, tot datse door d'EComp=e
met die verw wortel soude geholpen werden
tegens nog 120. de bhaar gesuijvert, wanneer
sij deselve insgelijx stonden te Leveren; —
tegen de voorjarige prijsen, tot Sadraspat„
de sadrasp: hande„ nam zijn de derwaarts toegedeelde Zinwa„
quota tegens dee ten door de handelaars mede aengenomen,
prijs van 't vorige te besorgen, tegens de prijsen van voorleden
jaar, dog hare be„
commering in de jaar, na datse in selver voegen een menigte
Complete voldoe„ swarigheden hadden geappert, soo weijens
de fransen, engelsen, de nieuwe compagnie
vande eerstgenoemde, als ook de oostindise
enterloopers tot Covelang door welke —
laaste reets een aanbesteeding van 200000.
guldens in diverse soorten van kleeden—
was gedaen, en al voor 3 maenden aen de
wevers 1½ Cleijne fanum voor ijder stuk
guinees en 't kort geweer na rato meer —
toegelegt, dan 't gewoone arbeijts Loon, —
waar door, en den graagen opkoop, de doeken
„.
ook van tijd tot tijd slegter, ijlder, en
ongelijker wierden gemaakt, wijl als voor„
segt"
NL-HaNA_1.04.02_8834_0175.xml,"167
Van Cormandel den 3. ' Meij A„o 1721.
perhoovden aldaar
wiert g'affirmeert
taggere zaat voor
de blauw verwerie
gelijk mede die van
segt gem: vreemde natien op al die ge„
„breken geen of weijnig agt gaven, zulx de
wevers aen de onse geen cleeden meer hadden
willen leveren, schoonse bij contract ver„
„bonden waaren den geheelen eijsch volgens
de monsters te moeten voldoen, voor en
al eer haer deselve verhooging op ijder soort
was beloovt, en goed gedaen, 't welk 'scomp„s
coopl: met een groot getal uijtschot had
doen beset raken, de opperhoopden hebben
egter beloovd, alhoewel met eenen daer ne„ wek door de op
„vens betuijgt, 't voorsz: ingebragte van
hare handelaars de waarheijd te behelsen,
geen uijtdenkelijke middelen te sullen nalaten,
om de Linwaten, soo na in haar soort en con„
„form de monsters te doen leveren, als eenig„
„sints bij te brengen zal wesen, ook versogt haar versoek om
om,
2000. parras tagere saad voor de blauw verwerije, —
en die van Portonovo om
portonovo,
1000. _„o ten eijnde voorsz:
tot Palliacatta sijn de eijssen ook aengeno„ tot pall:r sijn d' eijs„
„sen als mede te„
„men tegens de voorjarige prijsen, alsoo dergens de voorjarige
prijsen aengenomen,
cooplieden tot geen vermindering te bewegen
welke contracten
zijn geweest, sulx bij resolutie van 29. ' alle hier sijn g'accor„
deert,
Januarij"
NL-HaNA_1.04.02_8834_0176.xml,"Cormandel den 3. ' Meij A„o 1721.
van
tie van een Com
„tonovo ontrent de
der ruwe Limwaten
soo mede dat de
purpere weerschijn
soo na doenlijk
„wate wiert gebragt
geven packen te„
„gens julij aanstaan
tragten te ver„
meerderen,
Januarij, al die overgesonde Cleeden, con„
„tracten hebben goed gekeurt, en de bedien„
met recommanda„dens op voorm: compt=ren in't algemeen aenbe„
plaete voldoening schreve, sij hunne uijtterste vermogens moes„
„ten aenwenden om deselve compliet voldoen
te crijgen, tegens den gewonen tijd, in deug„
item die van por„same doeken, en in 't bijsonder aen die van
gemoveerde swarig Portonovo, dat wij hoopten al die gemoveer„
„heijt in't besorgen „ de swarigheden in 't besorgen der ruwe-
Linwaten nog wel te boven gecomen, zullen
werden, indien hunne handelaars anders maar
welmeenent, en vigelant genoeg willen sijn
om dat voornaam stuk voor d' Ecomp„en na ver„
eijs te behartigen, en datse haar daer toe —
onophoudelijk moesten aensporen, ook besorgen
de purpere weerschijn soo na op de blauwe
op de blauwe Lingoeken wierden gebragt, als 't doenlijk is, —
alsoo wij hier bij hersiening van dat soort van
kleeden, bevonden hebben, deselve niet na—
dat se de werge„vereijs geverwt waren, soo mede sij de—
quantiteijt van 650 packen, diverse Clee„
de moesten -„den, die door haar opgegeven zijn tegens —
julij aenstaende daer gereed te zullen we„
„sen, met soo veel moeijten tragten te ver„
meerderen als eenigsints kunnen bij brengen,
gelijk
en."
NL-HaNA_1.04.02_8834_0177.xml,"169
Cormandel den 3. ' Meij A„o 1721,
Van
sodrasp: ook staat
soo als op de voor¬
„waarts gem=te poin„
„ten reets is gedaen
geeijste taggere haat
„ten behelpen, alsoo
manaar in 8 jaaren
de gemaakte schic„
„king door die van pal
„c„a wegens de som
packen en pakhieuws
gelijk dat aen die van sadraspatnam, gelijk aen die van
ten aensien van hun gecalculeert getal, ook oan bevolen te wer„
staen te recommanderen; soo als wij haar op
de voorwaarts gemelte poincten reets hebben
aengesz:, dat van herten wenschen, al het
woelen van die vreemde natien, en voornam:
die schadelijke smockelaars haast op d' een
of andre wijse verijdelt zal werden, en zij
ondertussen haar goede best moeten doen voor
de ware belangens van d' EComp=e, op dat den
kleeden handel daer hoe langs hoe meer mag maar wegens de
aenwackeren, maar datse haar ten aansien haar ten besten mos„
van 't geeijste tagere zaad, ten besten morter Jaffanap„t en
oC
„gelijk moesten behelpen, nadien de Jaffana„ wijt meer als 5oo.
„p=ns vrienden ons berigt hebben bij een briev
van 4. ' maart dat tot het insamelen van soo
een groote quantiteijd geen hope konde geven,
dewijl soo daer als tot Manaar in den tijd
van agt jaaren herwaarts op zijn best —
noijt meer als 500 parren hadden connen
bemagtigen, en aen die van Palliacatta=
dat hunne gemaakte schicking ten aensien goed gekeurt,
van de som packen, en pakhieuws voor 't
siamse hoff daer aensesteed, bij ons was —
goed gekeurt, maar tot nader verstand hier
„den,
parten is ingesamelt,
van"
NL-HaNA_1.04.02_8834_0178.xml,"Van Cormandel den 3:' Meij A„o 1721,
van de nu bedonge
in de prijs beest ge„
aan te besteeden,
dog 't verschil inde prijs van dient gesegt, datse den 23. ' octob:r bevoo„
tegens die van 't jaar rens na herwaarts aengesz:, en ampel vertoond
1712. en d'opgegeve hebben zij die g'eijste geschilderde kleeden
van 't siamse hoe
versogten sij ordre, tegen geen minder prijsen konden vervaardigt krij„
„gen dan
1 p„s sompak Lang 15 Cob=s met d' ongelden voor p=ao 5. 8.
die in den jare 1712 betaald waren, hoewel
maar 14 Cob=s lang met. . . . . . . . . . . . . . . „ 4. 15.
zulx na rato een verschil van. . . . . . . . . . „ —. 9.
3
1 p„s pakhieuw nu. . . . . . . . . . . . . . . . . . . . p a/ 3. 3. ½.
int voorsz jaar. . . . . . . . . . . . . . . . . . . . . „ 2. 3. 3/5.
different. . . . . p ao 1 –„ —. s. s
en wel voornamentlijk dat nadien d' op gegeve prijsen
van 't Siamse hoff, zijnde niet meer dan voor„
1 p„s sompak- - - - - - - - - - - - - - - - - - - . pa/a 2. 10 / 2 rm
1 „ pakhieuw. . . . . . . . . . . . . . . . . . . . . . . „ 1. 3¼„
al te groten verschilmaakten met de nu gepre„
„tendeerde, te weten,
de eerste. . . . . . . . . . . . . . . . . . . . . . . . p a/o 2. 12¾ r=m
en op de andre - - - - - - - - - - - - - - - - - - - - - - „ 2. —. —
minder, sij van ons ook derhalven ordre versog„
om welk different ten op wat wijse daer mede soude mogen
„dagt is, maar een handelen Etc„a, waarom bij raads besluijt van
derde van 't geheel 5 novemb: best gedagt is, om egter dat hoff aen
d'eene kant niet teenemaal van haren Eijs=
te versteken, en aen d' andere zijde niet mis„
noegt te doen sijn, over de al te hoog Lopende
prijsen"
NL-HaNA_1.04.02_8834_0179.xml,"Van Cormandel den 3. ' Meij A„o 1721,
ordre na Paliacatta
„king en waarom
prijsen, niet meer dan een derden deel vande—
gevorderde quantiteijd bij provisie te laten
gereetmaken, en wegens de rest uw hoog Ed:s
goed vinden eerst te versoeken, en af tewagte,
gelijk nu bij desen op 't eerbiedigste geschiet, dierwegens
terwijl toen na derwaarts aenbevolen hebben
bij brieven van 9 _„o, zij met de aenbesteding
van dat derden deel, te weten van elken
soort een derde, tegens de opgeve prijsen
konden voortgaan, in dien se voor niet min„
„der te bedingen zouden zijn, mits dat se
soo fraij, en sinnelijk beschildert, en ook soo
na over eenkomende met de monsters gemaakt
moesten werden, als't doenlijk was, 't geen
zij bij een Lettertie van 7. december Commu, haar nadre schic„
„niceerden, volbragt te hebben, in deser voegen
5
voor het derden deel van 240 p„s hadden hij
genomen,
30 p„s sompacken van 15.
30 „ packhieuws - - „ - 8: en}
Cobides
_„os. . - - „
30„
7
om alsoo van ijder monster twee p„s, en van
deselve twee 't eene met drie, en 't andre
meet twee hoovden te connen hebben, schoon
nu thien stver: meer dan 't vereijste getal
zullen uijtmaken, 't welk als voor segt bij
gem:
17"
NL-HaNA_1.04.02_8834_0180.xml,"Cormandel den 3. ' Meij A„o 1721.
Van
„mandeur en raad
die van pall„e voor
geven,
de Contracten op
den Eijs door die
soo mede die deen
palicol, daate herom
jaar 1721
gem: resolutie van 29 Januarij om voorsz:
eijs door den Com„t redenen is goed gekeurt, En bij een brievje
van Cochim, 't welk van 6. ' maart derwaarts nog aenbevolen, —
een gedeelte is opge 1 pak taffachetas fijne blauwe gestreepte, en
1 _„o geruijte onderbroeks gingam door den
Commandeur en raad tot Conchim benevens nog
400 p„s dromgans en
600 „ penasse gingams van hier gevordert,
dewelke door hare Coopl: in sgelijx aengeno„
„men zijn, volgens haar schrijvens van 21 d„o,
item voorsz: dromgans en perasse gin„
„gams op dit hoovt Compt„r aenbesteed, en
staen die vrienden toegesonden te werden,
soo ras maar in gereetheijt sullen gebragt
wesen, van de noort zijn mede herw„ts over„
van mass: geslooten gecomen eerst twee contracten met de Coopl:
tot Masulipatnam gesloten, wegens de
g'eijste Persise goedren, die wij bij voorsz:
resolutien ook g'abprobeert hebben, daar na,
of bij een Lettertje van 7. ' Maart, den 26 d„o
onderhorige Comp=t hier ontvangen, nog andre 8 stux, die op de
en bimilip„t voor dit onderhorige Comptoiren Palicol, daatche„
„rom„ en bimilipatnam zijn aangegaan
met de Coopl: en schilders, onder aan schrijvens
dat se haar toen over deselve niet verder konden
uijt laten"
NL-HaNA_1.04.02_8834_0181.xml,"Van Cormandel den 3 ' Meij A„o 1721,
dog quam op de quota
„deelt nog 710 pac„
„ken te ontbreken,
ge haar hoog Ed=ns
die van cheijlon sijn
de contracten van
&de voorjarige prijsen
uijtlaten, maar zulx p„r naasten souden doen,
nogtans met dese bijvoeging geente der bedien„dien oord toege„
„dens nog zijde handelaars hadden kunnen dis„
„poneren tot het aannemen van den geheelen
eijs waar door nog onaanbesteed gebleven waren,
710. packen ordinair gebz: en ruw guinees op
den Eijs voor 't Patria, diese derhalven
weder te rug schreven, om elders nog tijdig te
kunnen besorgt worden, zulx uijt dien hoovde
ook genootsaakt sijn geworden, den Ed=en heer
raad ordinaris van India, en Cheijlons gou„ dewelke ingepol„
„verneur en raad tot Colombo, volgens re„geerde ordre aen
„solutien van 28.:' der evengem: maand maart opgedragen,
's daags daar aen bij een brievje en daer
nevens gevoegde eijs, te versoeken, of voorn:
quantiteijt van seven hondert en thien packen
kleeden, 't zij tot Tutucorijn of madure
voor dese kust gelievden te doen vervaardigen,
en aenbesteden, navolgens uE: hoog Ed=ns geeert—
bevel, waar op der selver antwoord nog te
gemoet zien, soo dat voor tegenwoordig niet
wel in staat zijn onderscheijdentlijk van de
Linwaat procure om dien oort te spreken, palicol sijn tegens
dan alleen dat bij 't na slaan der voornoem: geslooten,
contracten ontwaart hebben, tot Palicol
gecon
173"
NL-HaNA_1.04.02_8834_0182.xml,"Cormandel den 3 meij A„o 1721.
van
tot daatcheromt
eenige vermindering
„menten
op al de soorten
verhoging uijtgeno„
„grijs die de vorige
„romse Coopl: hadden
alleen met voorsz:
„genomen maar ook
gewonen cours ge„
gecontracteert is, tegens de prijsen van 't voor„
leden jaar, tot Daatcherom op
op sommige sorts „ pak fijn gebl: guinees. . . . . . . . . p a/a 3. 9. —
1 _„o „ „ salempoeris. . . . . . . . . „ 3. 4.
1 _„o „ „ parcallen. . . . . . . . . . „ 3. 4.
1 _„o gebl: kleen zeijldoek. . . . . . . . „ 1. —.
_„o. . . . . . . . . „ 1. —.
1 _„o ruw _„o
ovgedongen, en dat rest tegens de voorjarige
dog tot bimilipata prijsen aengenomen, maar tot Bimilipatnam
op al de sortementen, uijtgenomen alleen de
„me de ruwe doi ruwe dongrijs, die de oude prijs behouden hebben,
prijs behouden hebben de Coopl: verhooging toegelegt, te weten
op ijder pak 4. 8. , en 9 sware famums, item
ra/a 1. 2. - en p=a 2. 4. , gelijk deselve contrac„
„ten, dewelke benevens al de hier voorgenoemde,
tot uE hoog Ed=ns speculatie desen versellen,
dat sullen aantoonen, derhalven dien aengaan„
„de eenlijk nog noteren kunnen, volgens meer„
maar de daatoho„ „ melde resolutie van 29. ' januarij op haar voor„
haar aandeel niet„ gaende schrijvens hier is geapprobeert, dat
vermindering aen „ de daatcheromse handelaars hare toegedeel
de palliacatse „ de quota in een ruijme quantiteijd tegens de
munt tegens den voor gespecificeerde verminderde prijsen, —
„accepteerd, — aengenomen, en ook sonder tegen spreken ge„
„accepteert hebben de Paliacatse mund tegens
den
„ber"
NL-HaNA_1.04.02_8834_0183.xml,"175
Cormandel den 3. ' Meij A„o 1721,
van
mazulip. t eenen
„lov inde maatschap
de wassers tot bi
„hoging hebben toe
„gestaan, als die
een,
alsoo die van ma„
stonden overkropt
chialoupen haar —
den gewoonen Cours, daar se bevorens niet wel
aengewilt hadden, om de schade diese bij ver„
wisseling daar op komen te lijden, ook gepas„ gepass„t dat tot
„seert dat door de Masulipatnamse opper„ kan kaparti Erke„
„hoorden, eenen kankeparti Erkeloe, als cop„ pi is getrocken,
„man inde negotie is getrocken, mits 't onver„
„mogen van sommige andre, en dat reets-
een halve portie daar in had, soo mede dat„
„se op onse qualificatie aen de wassers tot soo mede dat se
bimilipatnam gelijke verhooging voor wasch milip„t soo veelver„
en bleekloon hebben toegeleijd, also tot
daatcherom genieten, te weten op ijder tot daatcherom
pak guinees 3, en op de andre soorten 4.
famums meer dan bevorens, uijt in sigte van raden, waarom
hunne armoede, en dat se inden twee jarigen
duuren tijd geen rijs tot het papper der —
Linwaten, als die van Palicol en daatche„
„rom genoten hebben, dog onder conditie
de bediendens daer voortaen sullen moeten
besorgen, de Cleeden wat spoediger gebleekt
en de temeer malen aengewese defecten ver„
„betert werden, of anders de ongelden van 't„3½lip„t met kleeden
herbleeken zelvs vergoeden, en aengesien te raken, sijn onse
die van Masulipatnam ook hadden berigt toegesonden,
sij daar met kleeden stonden overkropt te ra„
„ken
1
-"
NL-HaNA_1.04.02_8834_0184.xml,"Cormandel den 3. ' Meij A„o 1721.
Van
vervolg van 't ge„
wegens 't dorp sa„
„draspatnam
met betuijging
onse verwagting
met de aande gang
handel aldaer niet
„weest,
ken, is hier goed gedagt, haar na tijds gele„
„gentheijd met onse Chialoupen daar van te
ontlasten, dewijl den eenen bodem als
voorsigt, t' eenemaal volladen is, en den an„
„dren geen naamwaardige quantiteijd had kunnen
innemen, vermits niet meer dan 40000 lb
peper om dien oord heeft gelost, twelk alles
is wat wij uE hoog Ed=ns voor ditmaal vanden
Cleeden handel te deser custe met eenige
sekerheijd kunnen bedeelen, in hope dat
hier intussen geen andre, nog stimmer
beletselen dan de voorsz: sig mogen op
doen, waar door dat voorname poinct nog —
meer soude veragtert, en te rug geset kun„
commmuniceerde nen werden, als tot dese materie betrecke„
„lijk zullen wij hier nog aenvoegen, hoe bij
onsen onderdanigen vanden 31. ' october Laastl:
uw hoog Ed=ns omstandig gecommuniceerd—
hebben, den staat van 't dorp Sadraspat:,
item wat volgens resolutie van 10. ' bevorens
der bediendens dat door ons derw=s gesz: was, en om dien afge„
broken draad nu weder op te vatten, hier
geraakten kleedenok vervolgens soo bij letteren van 17 no„
vrugteloos is ge„vemb„r des voorleden jaars gerescumbeert heb„
ben dat onse verwagting wijl den kleeden
daar nu weer aen de gans was geraakt, ook niet
vrugte"
NL-HaNA_1.04.02_8834_0185.xml,"177
Van Cormandel den 3. ' meij A„o 1721.
aancoming wat d'E
heeft geprofiteert
wegens de nieuw
verblevene aldaar,
vrugteloos geweest is, alsoo daer door wel
200 schilders, blauw verwers, en wassers binnen Comp=s daar bij
dat dorp gecomen waaren, bij welke drie—
gemeenschappen d' EComp„e soo veel had geprofi„
„teert, datse desen jare niet alleen hun aendeel
inde schenckagie, en jaar penningen desvikadoors,
ten bedragen van ontrent Po/a 180. , hadden op
gebragt, (die inde drie vorige voor een gedeelte,
en anno passado in't geheel bij d' Ecomp=e zijn
moeten betaalt werden) maar door de schilders
en wassers daer en boven nog afgelegt de
helvt van 't geene bevorens voor haar had
moeten voldaen werden, 't welk door de blau„
verwers ook soude geschied sijn, in diense door
de slegtheijt en extraordinaire duurte inden raisonnement
indigo niet t' eenemaal buijtten staet waren ingecomene en
geraakt; dat de nieuw ingecomene, item de
verblevene depententen van d'EComp=e buijten 't
voorm:, niet anders contribueren en ook seer
weijnig voordeel aen de inwoonders van die —
plaats toebragten; door dien zij, mits de
duurte der graanen, werks genoeg hadden, om
van 't gene zij bij d' Ecomp„e verdienden, haar no„
dig onderhoud te besorgen, zulx de weijnig over„
„gebleve, en verarmde ingesetenen, bij den nieuw
opgebeurde"
NL-HaNA_1.04.02_8834_0186.xml,"Cormandel den 3 . Meij A„o 1721,
Van
een neringloosen tijd
soo veel moeten
opbrengen, als inde
de 2 a 300. is gedaen,
opgebeurden Cleeden, handel nog seer weijnig
profiteerden, veel min dat andre daar door
aengelokt wierden, en indien den heme de
vooginge der bediendens niet soo wel had
doen gelucken, om de Levensmiddelen dat
jaar, gelijk inde 2 a 3 voorige, door den aen„
„breng over zee, daer goed koper te doen, —
zijn, als in de omleggende plaatsen, nog
een groot gedeelte der inwoonders zouden
vertrocken wesen, alsoo 't haar ondraaglijk
scheen, dat zelvs de omleggende Land-
regenten, uijt consideratien der Extraord=rs
duurte inde zeevtogt op sommige plaatsen
een quart, andre een derde, en de helvt der
hoovdgelden hebbende gediminueerd, sij nogtans
door 't selve ongeval, item een vierjarigen
stilstand in 's Comp„s negotie, en datse wel
vertoog hoe deselve in 2/3 in getal vermindert zijn, egter met haar
met haar eg personen 89 persoonen, in een neringloosen tijd, soo—
veel moesten opbrengen, als inde fhorisanste
florisanste tussen tussen de 2 â 300 hebben gedaan, te weten,
530. pard„s voor hoovd gelden aan d' Ecomp„e als —
Land heer
60 D„os aen den visia door
16 d„os aen kannekoij en desemoekij beampten
van den Ceijser,
d„o aen 's lands Cannecappul, en
8-
d„os aen de silversmit of wisselaar
ƒ 6
620 pard. s.
te samen"
NL-HaNA_1.04.02_8834_0187.xml,"179
Van Cormandel den 3 Meij A„o 1721.
wat daer uijt vol„
„gen moet,
„gens de nieuwe
te samen, door welke sware Last sij ook in
schulden waren geraakt, waar uijt volgen
moest, dat se maar eenige ocasie aen handen
crijgende om die Lasten t' ontgaan, deselve —
als een middel tot haar verlossing souden raisonnement we„
aensien, en amplecteren, dat schoon de op coopstad Copolang
Covelang verblevene oostendenaars nog buij„
ten staat waren iets te cunnen aenvangen,
egter de hand regenten, en inlanders, door
't groot opgeven van den Commandeur De la
merveille, met zulk een goed vertrouwen,
sijn ingenomen, dat den moorsen regent —
miasaiboe benevens den heer nabab en twee
a 3 vermogende Coopl: voor haar reecq: on„
trent 200 huijsen soo van gebacke, als ge„
„droogde steenen Etc.:a, daar hebben aangelegt, —
waer van 'er reets 50 â 60 in 2 straaten voor
de Chittijs, silver Smit Etca, 25 dito 's voor de
Committijs, en 14 in een ander straat voor de
pallijs en schilders bewoonbaar gemaakt, en 't vervolg
bij na voltooijt waren, ja datse aen die haar
daer ter woon willen neersetten, en sulx
benoodigen nog gelt in de hant gaven om —
daar mede ijets te beginnen, en neering te
doen, insgelijx boutiques of winkeltjes op —
een
8"
NL-HaNA_1.04.02_8834_0188.xml,"Van Cormandel den 3. ' Meij A„o 1724.
van alle Lasten
woonders, item
protexie tegens
alle vexatien,
gevoed, en daer in ge„
gemaakte contract
met een vande twee
jare daer aengeco„
8 „ men,
„drasp=l opperhoovder
dierwegens,
ten ware d'overge„
verligting quamen
nieuwe ingecomen
een basaar, daar toe opgerigt, ook voor de—
Coelijs, die na 't volbouwen nog ten getalle
van 200 souden in 't werk blijven, wel 100.
drie jarige vrijheijtte kussen; datse aen de nieuwe inwoonders
aan de nieuwe in behalven een driejarige vrijheijt van alle
Lasten, ook protectie hebben beloovt, op —
alle plaatsen; daarse hunne goedren willen
vervoeren, en vercoopen, item bevrijding —
tegens alle vexatien, die 'er over nagelaten
schulden elders mogten aengedaen werden,
en daer en boven nog met hope gevoed van
groote Conquesten te sullen doen, uijt
werden met hope dien nieuwen handel, daar in voorts gesterkt,
„sterkt wegens 't zijnde door 't gemaakte contract met een
van de twee oostendenaars, desen jaare daar
oostendenaars deser en gecomen hier voor reets aangetrocken,
en waar op ook al insaam van Cleeden
budugting der sa„ wierd gedaen, warom zij opperhoovden
veel eer bedugt waaren, datter meer—
verarmde menschen na derwaarts wijker,
dan er nieuwe inwoonders tot sadraspat„
„blevene eenige -„nam in te Locken sullen sijn, ten wa„
t' erlangen en die„re d' overgeblevene eenige verligting ma„
voor 2, 3. of gjaren „ men t' erlangen, mitsg„rs de geene die —
nieuw ingecomen voor 2, 3, of 4 jaaren van
gelibereert wierden
alle"
NL-HaNA_1.04.02_8834_0189.xml,"181
Van Cormandel den 3. meij A„o 1721.
„woord gepast, om soo
veel wevers etca , in
te rocken als voord'
Ecomp=e te stade
cunnen comen,
een weijnig door de
soo verre eeniger
maaten kan ge„
„schieden,
alle Lasten gelibereerd, en deselve door d'
Ecomp„en in haar plaatse mogten voldaan wer„ haar daar op in ant„
„den Etca, versoekende hier op van ons, een
gunstig besluijt, wij hebben volgens meermel„
„te resolutien van 29. ' januarij haer in antwoord
gepast, dat alsoo door gods goetheijd in dit
x
moussou een gewensten regjen Langs de gantse
Cust en ook op sadrasp: was gevallen, wij ook
hoopten en vertrouwden de levensmiddelen —
daar tegenwoordig beter coop soude geworden
zijn, tot soulaas der verarmde gemeente, en
sij derhalven soo veel wevers, blaauw verwers,
wassers, en ander handwerks volk, 't geen d'
n
Ecomp=e te stade kan komen, daar moesten
in zocken, als eenigsints mogelijk sal wesen,
terwijl 't gedaen versoek soo voor de overge„
blevene, nu ingecomene, en nog intekomene, p„r
naasten uE hoog Ed=ns op de beste wijsen soude
voordragen, in hape dat in dese gesteltenis„
„se der tijden en zaaken wel een gunstige
reflectie daer op zullen gelieven te nemen, mitsgaders deselve
en sij in middens de geene die nu ingecomen vrigeren te sien, in
zijn, en in 't vervolg sullen incomen, wel eer
weijnig door de vingeren mogen sien, in soo
verre sulx maar eenigermaten kan geschie„
„den"
NL-HaNA_1.04.02_8834_0190.xml,"Cormandel den 3. ' Meij A„o 1721
van
't noodsakelijk hant„
vreemde lorrendraij„
vervolg van de voor
maar onse conside„
den, sonder merckelijk misnoegen, en reden van
clagten aen de overgeblevene toe tebrengen, —
mitsg„r de te dragene Lasten op de alderge„
„voegelijkste, en tijdelijkste wijse soodanig
verdeelen, als na goet overleg sullen oordee„
„len te behooren, mits datse in allen geval„
om is't mogelijk „ hen 's Comp„s wel wesen en intrest behertigen,
„werk volk die- en hier door die vreemde horrendraijers dat
„ers te ontrecken, nood saakelijk handwerks volk is 't niet in
't geheel, ten minsten voor een groot gedeel„
„te moeten sien te ontrecken, dewijl wel con„
„den geloven voorm: landregenten etc. a , aen de
regten op die plaats jnwoonders van die soo genaamde nieuwe
„ratien daar tegentoop stad, diverse voorregten vergunden, om
deselve aen te queecken, maar niet wel voor
volle waarheijd aennemen, dat se ook
gelt verstreckinge aen deselve souden doen,
als met den aard van den inlander en voorna„
„mentlijk den moor gants niet over een komen„
„de, terwijl die noijt van geven, maar wel
van ontvangen houden etc:a, onder hope van wel„
„duijding sijn wij hier wat Largo geweest, al„
„leen maar om uE hoog Ed„ns omstandig aen te
thonen de clagten en swarigheden door de
sadraspatnamse bediendens na herwaarts
gedaan, en geoppert, en wat bij provisie dient
halven"
NL-HaNA_1.04.02_8834_0191.xml,"183.
Cormandel den 3. e. Meij A„o 1721.
Van
stad oostende den
„lang ten anker ge„
„comen daer voor een
bedragen van p=/o 3010.
aen Linwaten heeft
genomen,
sijn vertrek van daar
halven geresolveert hebben, met nedrig versoek
dat met uE hoog Ed=ns bevelen desen aangaende
per naasten mogen gesterkt werden, dog eer berigten dat de
van dese materie afscheijde, sullen wij hier o ' januarij voor Coed„
nog aentrecken den inhoud van een brievje
door 't opperhoovd Andries Boel aen den
gouverneur â part gesz: in dato 27. ' maart
jongst=n waar bij communiceerde, dat den plaam„
„sen onterlooper de stad Oostende genaamt,
den 10 ' Januarij uijt Pegu, voor Covelang weder
ten anker gecomen, daer toen heeft ingenomen,
een quantiteijd diverse Linwaten, te samen
ten bedragen p=a 33010. –. soo als uijt de nevens„
gaande Copie briev, en annexe notitie, dat
nader sal Consteeren, en insgelijx met hoe„
„danigen moeijelijcheden, en andre in Convenienten
dien insaam nog verselt geweest, item na Conjemere etc:a
voorsz: bodem den 11. ' feb=ri daer mede van daar
vertrocken is, na Conjemere, om sig van —
eenige verversing en water te voorsien,
waar mede 2 a 3 daagen voor die plaats heevd
doorgebragt, en soo vervolgens onder zeijl
geloopen is, sonder dat iets naders van
denselven vernomen heeft; dat voorsz: Cou„
„velang betreffende, den hawel daar van die
plaats"
NL-HaNA_1.04.02_8834_0192.xml,"Cormandel, den 3:' Meij A„o 1721.
Van
vervolg van coro lang
den tolk der verblevene
den hawal aldaar
dier plaats,
mare chithij dog die
der oost endenaars
den nabab daar
over gedaan,
vervolg van zijn on
redelijkheijt
en d' ontmoeting van polaats Mihab zeeb: den tholk van de —
oost endenaars met daer residerende oostendenaars bij zig ontbo„
„den, maar die op 't verbod van sijn meester
niet verscheenen, hij hem defacto met gewelt
had doen haalen, en met sjambak slagen
de nieuwe stad uijtjaagen, na 't vertrek van
it om met eenen evengem: bodem had hij eenen Maria Chittij
met den resident met de sijne die voor dese vreemdelingen
hare clagten aan den voornaamsten handel drijven, ook wil„
„len constringeren, aen hem pag: 2000. –. op —
te brengen; voor zijn aandeel in de ingebeel„
„de winsten, zelvs eer de reecq: was opgemaakt,
waar over, en andre quade ontmoetinge der„
„selven; benevens den resident der oostende„
„naars, na den nabal waren opgeeijst, om—
dog van geen suc„ hare klagten te doen, maar voorn: regent
soo ras: daar verschenen als sij, had soo veel
westen in te brengen, dat se nog niets ten sijnen
Lasten hadden kunnen uijtwerken, voor sijn
vertrek van die plaats hadohij daer nog en
boven den Coutewaal gelast, om al de —
wevers, die door 't schielijk opcramen van
dat schip eenige penningen hadden over be„
„houden, sonder daer voor reverantie te kun„
„nen doen, op te halen, en dwingen dat gelt
aen
„ces,"
NL-HaNA_1.04.02_8834_0193.xml,"185
Van Cormandel den 3. ' Meij A„o 1721
ontstaen,
op is, indien den com„
„ville niet na en
comt,
mitsgaders of de
„heden, der Coopl:
soo gefundeert sijn,
aen hem te moeten inhandigen, gelijk ook
metter daad geschiede, en door dien schout
getrouwelijk volbragt wiert, door de opreijse
van den nabab om de noord, was die oneenig„
„heijt nog niet beslist, 't welk den handel wat daer uijt is
daer t' eenemaal deed stilstaan, ondertussen
waren 'er ook wel 23/3. of ¾. vande verblevene
weder verloopen; item 16 huijsen en 28 bon
tiques inden regen tijd ingestort, etc. a, —
sulx 't daar sodanig geschapen stont, dat varders te wagten
indien den Commandeur De Lamerveille desen „ mandeur de lame„
jare zijn beloote niet na en quam, om met
eenige scheepen, de noodige magt, en middelen,
herwaarts te rug te keeren, ten eijnde die
plaats in possessie te nemen, en daer een
gereguleerde negotie op te rigten, deselve na
alle apparentien soo ras vergeeten zoude ra„
„ken, als een naam gecregen heeft, waar uijt
uE hoog Ed=ns stuks wijse sullen cunnen af„gemoxeerde swarig
meten, in hoe verre de clagten, en gemoveer„ soo van sadras:s als
„de swarigheden vande coopl: soo tot sadras„ pottonovo nu wel
„patnam, als Portonovo, gefundeert zijn,
voornamentlijk ten aansien van 's comp„s gro„
„ve sorteringen, die op beijde die Comptoiren
meest werden ingesamelt, en of dat Couwelang
van"
NL-HaNA_1.04.02_8834_0194.xml,"Van Cormandel den 3. ' Meij A„o 1724.
wat bij ons schrij„
hebben bedeelt,
dog na dato on
waar bevonden
wal gestoken is,
om te vertimmeren
etca.,
van sulken aengelegentheijt voor als nog wel
„vens van 9 septb„r is aentemerken; al: eer hier afscheijden diend
nog aengemerkt, dat bij onsen onderdanigen
van 9. ' 7ber Laastl: uE hoog Ed=ns volgens de
toenmaals ingekregen berigten, wel gecom„
„municeerd hebben; den Capitain van de —
stad Oostende zoo ras tot Couwelang —
..
was aan lant gecomen, door den inlander
geapprehendeert, soude wesen, om van hem
vergoed te crijgen, d'ongelden die in 't op„
„maken van 't nieuwe fortie daer waren
te coste gelegt, dog die gerugten zijn na
dato onwaer bevonden, alsoo sij als voorsegt,
kort daar na een contract van negotie met
hem hebben opgeregt, sijnde dien bodem ver„
alsoo na de over,volgens, of met den aanvang van 't quaad —
mousson, naar d' overwal gesteeken om te
vertimmeren, en daer te overwinteren, egter
door den Capitain tot Couwelang aen de wal
gelaten drie van sijn scheepelingen met de
nodige penningen om den handel in tussen
te cunnen voort setten, en haar gelogeert —
bij 't volk van den meermaals genoemden
La merveille, item op den hier voor geciteer„
„den datum weder van daar te rug gekeert
voor"
NL-HaNA_1.04.02_8834_0195.xml,"187
Van Cormandel den 3. ' meij A„o 1721,
heeft 't schip de —
porto novo opgedaan,
rivier de ganges
see roovers zijn
niet gesien,
dog waar die gerug„
„ten hervoort komt
wat alhier hebben
Cheijlonse papieren
voor evengem: plaats; de stad weenen den den 14 Jber voorl:
14. 7ber: des voorleden jaars voor Portonovo-stad weenen sig voor
zig opgedaen, en dan 20 d„o die rheede weder -en van daar in de
verlaten hebbende, is hier 't sedert niet verno„
„men, maar uijt de Bengaalse papieren ont„
„waart, dat na dato de rivier de ganges is
ingevallen, over sulx van eerstgem: plaats
direct daar heen moet gezeijlt wesen, alsoo op
geen andre hier ter kuste is aengeweest,
zee roovers, sijn God dank, aen desen oord-om desen oort nog
nog niet gesien, schoon de gerugten van over
al willen, dat se herwaarts aen stonden te
komen, al hoewel uijt deselve gemackelijk
is op temaken, sij alle uijt eenen hoek, namentli:j„ stig zijn,
van d' Engelsen uijt Ansjenga hervoort geko„
„men zijn, diese na alle oorden soodanig
verspreijd hebben, maer aengesien hier bij de
Ceijlonse papieren ontmoet is, dat den Ed=len vernomen, uijt de
heer raad ordinairis van India, en Ceijlons
gouverneur Isac Augustin Rumpf
nevens den raad tot Colombo, die evengem:
engelse tijdinge ons herwaarts bedeelt
daar van aen d' Ed=le groot agtb: majores —
reets, en nu seer apparent aen uE hoog Ed=ns
ook de nodige kennis zullen gegeven heb„
„ben, als mede van der selver ondernemingen
tegens"
NL-HaNA_1.04.02_8834_0196.xml,"Cormandel den 3 ' Meij A„o 1721.
Van
„dans der onderhoriga
„wigtigt, om bij aan
scheepen haar daer
„gen, en,
bij onverhoopt voor„
„ben te gedragen,
voorsz. praecautie
niet nodig ge„
„weest,
tegens de engelsen, 't veroveren van een
moors schip met een considerable inlading,
en andre inlandse bodempjes sal daar van
hier geen verder vermaan werden gedaen, —
waar op de bedien dan dat op die ingekrege advisen na Masu„
comptoiren zijn ver„lipatnam apart, en voorts de onderhorig
komst van onse zuijder Comptoiren hier ter Custe bij een
van te verstende irculair brievje van 27. ' januarij te gelijk
hebben verwittigt, en geordonneert, sij onse
scheepen bij aankomst moesten waarschouwen,
datse geen vreemde seijlen vertrouwen,
maar bij gewaar wording van een, of eenige,
derselve, haer op d' een of andre rheede—
langs dese Cust secureren, de gelt kis„
„ten ten eersten aan de wal te bergen,
en dan voorts doen moesten 't geen ten
besten dienste van d'Ecomp„e zouden oor„
hoedanig sij hae „ deelen nodig te sijn, en indiense bij zulk
„val sullen heb„ onverhoopt voorwal genoodsaakt mogte —
werden de engelse, france, of deense, rheede
te belopen, sij ook der selver adjude, en be„
scherming moesten versoeken, onder verseke„
dog sijn alle de„ring van de goud kisten als voorsegt etc:a,
al hoe wel 't een nog ander tot nog toe god
dank, niet noodig is geweest, terwijl voorts
van"
NL-HaNA_1.04.02_8834_0197.xml,"189
Van Cormandel den 3 ' Meij A„o 1721,
bevindingen gaen
van de verliesen en
„werp van den Essaij„
aengetoond wat d' Ecomp
. gout comt te profi„
van hetten wenschen geen van 's Comp„s sche„
„pen, oijt inde klauwen van die root voogels
mag komen te vervallen, nu weder tot 's
Comp„s affaires, drie stux hier nevens gevoegde drie stx munts
munts bevindingen sullen aentoonen hoe veel - over met aentoning
verlies en winst gevallen is, op vier parthijen winsten,
goud, en japanse slegte Conbangs alle tot fa„
„nuns verarbeijd, te weten,
mark ond: En
173. 4. 4. in 2400 stux japanse blicke Coubangs waar
op verloren is. . . . . ƒ8564. 13„ 14
202. 4. 3. „ 2800 d=os _„os ad jdem. . . . . 9954. 2. 9
rekent door den andren 19 23/32 pC=to schaars
verlies,
90. 7. 14¾. gesmolten berg gout en daer op
gewonnen - - - - - - ƒ 9509. 7. 4.
4. 6. 18¾. berg gout aen winst als bove 316. –. 5.
ƒ
Contt door malkanderen aen advon„
„ce 13 3/4. pC=to. . . . . . . . . .
de Laaste van d'eerste gedetraheert
blijct nog een verlies van. . . . . . . . . ƒ 13693„ 8„ 14„
't welk op alle de vier parthijen door
een geslagen nog een verlies maakt
van 8 5/8. h=s P„r C=to,
item een ontwerp of aenwijsing van den assaijeur, item een ont„
Fredrik Elliot, in voldoening van 't geëert„ eur, waar bij wort
requisit der Ed=le groot agtb:' heeren Majores op een mark fijn,
en uE hoog Ed=ns dat d' Ecomp„e op een mark fijn„ teren,
goud tegens de vaderlantse prijs gerekent,
4825„ 7. 9.
ƒ 18518„16„7.
wanneer"
NL-HaNA_1.04.02_8834_0198.xml,"Van Cormandel den 3.:' Meij A„o 1721,
gouvernement sed„t
maart bedragen
f 2173„16„3„
en soude deselve
geworpen hebben,
de hant had gewilt
wanneer hier tot pagoden wert verarbeijd, —
Pa/o 21„ 22. 1/16. of 37 p=r C=to comt te profiteeren in
de winsten, in tit dese troubele tijden zijn de winsten op de
p=mo octob.: tot ult=mo vertierde coopmansch: 't sedert 't afgaen van
onsen Last onderdanigin hier nog al tamelijk
geweest, te weten,
tot Nagapatnam van p=mo octob:r tot ult=mo
maart. . . . . . . . . . . . . . . . . . . . . . ƒ 5889. 9. 8.
masulipatnam van den eersten
septb„r tot ult„o feb„rij. . . . . . . . . . . . 64385. 11. 12.
„ bimilipatnam inde Laast gem:
maand - - - - . . . . . . . . - - - - - - - . 10391. -. „
Paliacatta van p=mo october tot
ult=mo febrij. . . . . . . . . . . . . . . . . . . . 588/ 16/10
Sadraspatnam vanden eersten
octob: tot ult„o maart. . . . . . . . . 130868„ 8. 8.
„ Portonovo in evengem: tijd. . . . . . . . . 9229„ 9. 13.
Somma ƒ 217352„ 16„ 3.
nog al meerder op en indien 't japans staavcoper, wat beter van
indien 't staafk„ de hand had gewilt, souden deselve nog wel
„per wat beter van vat meer bedragen hebben, maar aengesien—
t' sedert augustij anno pass=o, op al de —
Comptoiren te samen eenlijk verkogt is,
een geringe quantiteijt van 14598 lb, behol„
„ven die op masulipatnam tot het slaan
van"
NL-HaNA_1.04.02_8834_0199.xml,"191
Van Cormandel den 3. ' Meij A„o 1721„
de salarmonjack op
130 pag: de bhaar
van Cheijlon vergroot
op 300000 lb,
wat hier op reets
staat te ontvangen
wellappa moddelij,
dog sullen na desen
d' eijssen van dien
Corl aen haar hoog
van peijsas is omgeset, heeft dat ook niet veel
kunnen beschieten, onderwijl sijn se met de
vereijste handel waaren van hier voorsien, om
den sleet des te meer, en na behoren te bevor„
„deren; ook bij raads besluijt van 17. december
de salarmoniak gestelt op een prijs van p=o 130 gestelt
de bhaar van 480 ld, en op onsen gedanen pe„
„per eijs, van Cheijlon, na dato vergroot, der peper rijs,
op 300000 lb, hier nog ontvangen, met de
Chialoup Maria, en phaar Mangiecolle
een quantiteijt van 87374 lb, te samen, zoo
als met het scheepje van den inzonder Wel„
„lappa moddelij, in dese stad thuijs voldaan is, en nog
hoorende, en den 15 feb„r derwaarts vertrocken, met 't scheepje
met een Lading rijs, voor dat gouvernement,
versogt hebben nog 150 â 200000 lb, die voorn:
inlander volgens accoord tegen de ordinaire
vragt souw te rug brengen, dog dat bodemptie
is hier nog niet opgedaagt, terwijl voortoen
onse eijssen van dien Corl alleen aen u
hoog Ed=ns sullen rigten, om redenen bij der d„rs rigten,
selver geëert, schrijvens van 30. ' Septemb„r,
gemelt, alhoewel daer van nu geen petitie
komen te doen, alsoo gegist wert, dat met
de nu erlangde en d'evenvoorwaarts gem:
van"
NL-HaNA_1.04.02_8834_0200.xml,"van
Cormandel den 3. ' Meij A„o 1721.
16 baalen Canneel
„tangen, en
gesonden 568 lasten
rijs en nelij zulx
„ten
daar is reets toege¬
looper der cruijt
molen steenen,
tot den Eliphants
„sa getelt a 77 a poa „
„goden
Ceijlon nog te becomene 't desen jaare wel
sal rond te schieten wesen,
intussen over Jaffana Patnam van daer nog
van Cheijlon ont„ ontvangen hebben 16 baalen Canneel, en 't sedert
onsen Laasten ook derwaarts afgestooken,
weder derwaarts soo met 't jagje D' Anna ingehuurde inland„
se vaartuijgen, als voorm: Chialoup en phaar
op d'vorige eijsschen een quantiteijd van 564. Lasten: rijs, en
nog resteert 29 las„ 9 Lasten nelij, soo dat op de voorige eijs„
8.
„sen van daar nog resteert te voldoen, een
meenigte van 29 Lasten, die in 't najaar —
insgelijx zullen suppleeren, en dan te gelijk
soo veel op den nieuwen van 800 Lrsten af„
zeggen, als in ons vermogen sal wesen,
al 't gevorderde vangelijk ook reets derwaarts gesonden sijn, —
„sonden, Exceptstieend de van daar gevorderde goederen, uijt
gesondert nog eene Looper vande drie cruijt
molen steenen, dewelke al mede staen dat
hem te schicken, zoo ras het monsson
zulx maar eenigsints wil toelaten, t' se„
handel hier in Cas„dert onsen onderdanigen van 9:' september
^ tot den Eliphants handel
sijn hier ter Custe nog in Cassa geteld ^ p=so
4770. –. — en behalven dien afgewesen, 't ver„
„soek van seker armenis Coopman Chodja
sjaffard genaamt, om tot Sadrasp=t te mogen
tellen een somma van 10000 pag: ten eijnde
die"
NL-HaNA_1.04.02_8834_0201.xml,"197
Van Cormandel den 3.:' Meij A„o 1721,
die van ma sulipatn:
.g'accordeert 't min„
„derwigt op de pe„
daer aengebragt,
„dene specerijv 't
goet te doen,
die weder te ontvangen, in Bengalen, Zurat„
„ta, Persia, of Ispahan met 5 pC=to advans, vol„
„gens besluijt van 13. december, terwijl het
d' Ecomp=e op die plaatsen dikwils ongelegen
komt, van de schenkagie, timmeragien, en
reparatien, item de onderwigten, sal in desen
niet gemelt werden, dan alleen dat bij meerm:
resolutie van 29. ' januarij goed gekeurt is,
die
van masulipatnam een quantiteijt van per met belleelidt
3952 lb op 15000. D„o ronde peper, uijt het arteschrijven,
schip belvliet den voorleden jaare, daar te
kort uijtgelevert, berekenende 2 5/16 pr C=to ver„
„lies hebben afgesz:, en de rest dit hoopt
Comptoir aangerekent, voor soo veel hier
van dien Corl daer uijtgeligt was, als Cor„
„form onse afgegeve ordre, soo mede dat de
scheeps overheden door haar sijn ontheft, —
van 11 duijmen wannigheijt op een vat delvs
bier, om dat met meenigvuldige wurm gatjes
beset, en daar door zeer Lek bevonden was,
item sij de bieren die aan 't suuren waren en de over bevon„
geraakt bij venditie souden vercoopen, maarComptoir generaal
hun lied: g'ordonneert de overbevonde
39- op 2019. ld noten, benevens
45½– „ 3964 „ garioffel nagulen ten voordele—
van 't"
NL-HaNA_1.04.02_8834_0202.xml,"van
Cormandel den 3 ' Meij A„o 1721
eenige bedorve goe„
de pa/o 80„ 1½: aen
sanna oelachan
in specierijen ver„
bimilip„t opperhoort
den p. l eerste Clercq
„sistent tot boek„
„houder geadvan„
van 't Compt=r generaal bij hare boeken te—
ook haar toegestaen moeten innemen, ook haer toegestaen als vo„
„dren op te vrijlen„ ren te mogen opveijlen, eenige goedren bij
1:
hunne pakhuijse bedorven geraakt, uijtwij„
„sens nevens gaende memorien, uijtgesondert de
1 p„s vergulde snaphaan, en 2 paren d=os poffer„
„tjes, die wij belast hebben herw=ts te senden,
om hier te doen repareren, terwijl door
't Bimilipatnams opperhoofd Pruijsv:
doornik daer in cassa zijn betaalt;
„strekt is door 't pa/o 80. 1: ½. in voldoening van uE: hoog Ed=ns
reeds voldaen, g'eerde ordre, ter vergoeding van de specerijen,
die den herlaeskeer Pannaoelachan bevrens
heevt genoten; sijnde op 't versoek van evengem:
Doornik, den gewesen secunde Jan daniel
simons hier geinjungeert, dat verschil we„
„gens sijn aendeel daar in, met gem: op per„
„hoovd te moeten afmaken, 't welk door hem
ook aengenomen is te agtervolgen; bij onse
besluijten van 5:' en 15. ' novemb: des voorle„
„den, item 6. 28. en 29 ' januarij mittsg:s 7 an 18.:'
Erielaart van a februarij deses jaars, sal consteeren; hoe den
provisioneel eerste Clercq Willem Crie¬
„laart, inden jaare 1717 in India gecomen—
met
ceert,"
NL-HaNA_1.04.02_8834_0203.xml,"195
Van Cormandel den 3. ' Meij A„o 1721.
soo mede deas„
„tens, en
mitsg.:s den sold„t
darde meester
van ƒ9 tot 14. met.
maar dien boek en
hamerIter tot
saldaat gestelt,
met ƒ 20. (onder uE: hoog Ed„s gunstige approbatie
ƒ
:
is gevordert tot boekhouder met ƒ30. ter maant,
uijt insigte van zijn goet gedrag dat seer vlijtig
8
en neerstig is, en genoegen in zijn dienst komt
te geven, Jan Maartensz: van Amsterdam
assis„t met ƒ 20. insgelijx tot boekhouder met ƒ30 „ sistenten maar„
wijl reets 17 maanden over zijn Laast verbon„
„den tijd had, Pieter Willemse Teecling-teerling
van batavia, assistent met ƒ24. als voeren„
tot boekhouder met ƒ30. , al soo zijn Laasten
vierband. bij na 2 jaren verstreken was;
..
Jan philebert van Basel sold„t met ƒ 9. uijt „ hilebert tot
noodsaaklijkheijt nu eenigen tijd hierwaarts
in 's Comp„s hospitaal ter preuve bij de -2 healen. Eostg.:t
Churgie, gebruijkt, op de goede getuijgenis van
den opperchirurghijn Michiel Renn. , tot —
derde meester met ƒ14: ter maand, en twee
realen Costgelt, om daar voor sijn zoopertfactuur houder
verband uijtte diemen dominicus Hamer ma shlip=n om sijn
„ster: van Leeuwaarden boek, en factuur: hou raad gedrag tot
„der tot Masulipatnam met ƒ30. op de aanklag„
„ten van die opperhoovden, om sijn quaad leven
en gedrag etc. a., gedegradeert, tot soldt met ƒ9.
ter maand, onder een nieuw verbant van 3ja„
„ren, en in zijn plaats vercooren den adsistent
pieter"
NL-HaNA_1.04.02_8834_0204.xml,"Cormandel den 3 meij A„o 1721.
Van
en in sijn plaats
vercooren den assist„
Joan de vos,
tot sold„t davit hart„
„ling in bediening—
taarling,
voorts eenige or„
„dinaire verbeterin„e
„ge aen diverse per„
„soonen, en
wijders tot tolk
rengappa,
tot portugees voor
„leser eenen poul
Pieter Iacobsz: van hamburg, toenmaals
pieter jacobsz, en tot Portonovo bescheijden; tot geswore Clercq
te deser secretarie den assistent Joannes de
tot geswore clerq vos, na het afleggen van den gerequireerden eed,
David Hartman van Palicol, van competen„
„man van Palicol„ ten ouderdom in 's Comp„s dienst aengenomen,
voor sold. t met ƒ9 ter maand, onder een verband
van 5 jaaren, en dat ook als een gepasseerde
en gepass„t de ruij„zaack hebben aengesien, den Masz: eersten
met thielens en Clercq Francois Tielens in bediening heeft
geruilt met den Palicolsen Cassier Her„
manus Taarling, in den Laasten als Lid
in hare vergadering is geadmitteerd, wijders
soodanige ordinaire verbeteringe aen diverse
persoonen toegevoegd, als bij voorsz: besluij„
„ten en de nu overgaende Copia Actens, —
verder sal blijken, soo mede tot tolk hier
aengestelt eenen is aangestelt, met een beloninge van p=a 3.
ter maand, den inlandsen dienaar vanden
gouverneur Westrenen, genaamt rengap„
„pa mits de onbequaamheijd van den vorigen
tholk moetappa, die in Lange Jaren tot die
functie, daarom ook niet is cunnen gebruijkt
werden, en op 't voordragen van den predicant
de vellon, Jacobus de Iong tot pottugees voorleser
hier"
NL-HaNA_1.04.02_8834_0205.xml,"197
Van Cormandel den 3. ' Meij A„o 1721.
tot inlands leerm„r
de twee eerste
met 3. ' en den Caas„
„ten met 2 pag: ter
over de golcondase
mahouret Cassier,
vaart met de mag
„dalena nu over
„wesen masz: —
sijne originele stucken
„gie van justitie te
hier vercoren, in stede vanden overleeden
barent barentsz: den inlandsen Leermees„
„ter Poulo de vellour met een tractement
van P=a 3. 'smaands, item in zijn plaats tot Isack pietersz:
Leermeester der toepas zoldaat Isaac Pie
„terse met een beloninge van P=/a 2, insgelijx maand,
goed gekeurt dat die van Masz: tot opsien„ en tot op kiender
„der over 's Comp„s Logie in golcanda hebben aen„ logie den moor
„genomen, in steden van den overleden d=o Poe„
„loekoemattij timmappa eenen Amma„
„rasingoe, en in plaats van den gestorven —
mahaldaar hasie mahamandoe den
moor mahomet Cassien op welke een en ander
uE: hoog Ed=ns gunstige approbatie op het ne„
„drigste bij desen versoeken, varende nu met
de Magdalena derwaarts over, den voorwaarts
genoemden Hamerster, waarom hier ook ue„ voorn: hamerster
„vens gevoegt sijn, al de stucken ten sijnen
Lasten van Masz: dit hee gesonden, annex nevens sijn stucken
sijne verantwoordinge Etc. a,— van daar is
door de opperhoovden almede herwaarts opge„ soo mede den ge„
„stuurt den Crankbesoeker Jacobus van den krankbesoeken jacob:
Broek om dat volgens een beëedigde vervanden broek met
„klaring daar eenige Laster taal van den om die aen't Colle„
gouverneur westrenen soude gesprooken overhandigen, —
hebben, denselven met sijn stucken hier over„
„gecomen"
NL-HaNA_1.04.02_8834_0206.xml,"Cormandel den 3. ' Meij A„o 1721
Van
de Crankbeseker„
van d' haringtuijn
wal geligt,
gecomen is, is bij vonnis van den nagapatn=se—
raad van justitie in dato 18. ' februarij, gecondem„
„neert om die jnjurien, hontrabelen provitabel—
te beteren, voorts gedeporteert van ampt, —
Qualiteijt en gagie, en gestelt tot mattroos=
met ƒ9 ter maand, om soo bij eerste occrsie
versonden te werden, maar hij over dat vonnis
beswaart, heeft den 29. ' daer aen daer van ge„
„appelleert aen den Ed: agtb: Raad van justitie
tot Batavia, naar dat de vereijste boete-
gesequestreert had, zulx gemelte van den broek
nu insgelijx met evengem: boodem overkomt,
benevens de originele stucken, ten zijnen
Lasten, en ook sijn verdedig schrivt, soo, en
in diervoegen als d' een en dander ons van masz:
zijn toegeschikt, item de notulen en sen„
„tentie hier in rade daar van gehouden; en
geslagen, met ootmoedig versoek dat uE hoog Ed=ns
deselve aen't voorn: Ed: agtb: Collegie van jus„
„titie gelieven te laten overhandigen, intussen
tot masz: aen de is door gem: bediendens van't schip de Haring„
„thuijn daer aen de wal geligt den krankbe„
„soeker dirk abrahamsz: om die vacante plaats
te vervullen; Pr=m maart is hier aen een uijt„
„terende ziekte overleden den boekhouder Pieter
van den Berg nalatende een insolventen en de
„solaten"
NL-HaNA_1.04.02_8834_0207.xml,"199
Van Cormandel den 3. ' Meij A„o 1721,
den boekhouder van
solventen boedel, —
wed„e om mandam„t
vant jaar 1719 met de
overlijden bij de boe„
hebbende, wert dat
vande EComp„e ver„
„event,
selaten boedel waar om dees wed„e Amna mar„ den berg overleden
„garetha moller zig genootsaakt vind, te keeren nalatende een in
tot uE hoog Ed=ns met het nevens gaende smeek versoeken desselvs
schrivt, en deemoedig versoek, dat de selve haar van sessie,
gelieve te verleenen het voorregt om boedel
afstant off cessie te mogen doen, alsoo sig
t' eenemaal buijten staad vint, en ook geen de-
minste apperentie voor handen siet, om de schul„
den bij voorsz: haren man, nagelaten oijt te
kunnen vergoeden, soo als den annex inventaris
dat duijdelijk sal aanthoonen; den sold„t hendrik den sold„t de son
de son van Nagapats: in 't begin van 't jaar gagie van ƒ 24 tot sijn
1709. door den gewesen gouverneur Vanz=„ken voortgelopen
Steeland van assistent met ƒ 24. gestelt te erdragen ten goede
zoldaat met ƒ10. soo nogtans dat voorsz:
Gagie van ƒ24. bij zijn zoldij reecq: is blijven
voortloopen; sonder dat daar van bij eenige
papieren de minste redenen bekent staen
of te vinden zijn, waar door nu op sijn over„
„lijden dat geweest is 14. ' januarij, bij desselvs
nog te goede heeft behouden een somma van
ƒ2022: 10:10: is volgens resolutie van 7:' febrij—
eijgentlijkts geoordeelt, dat bedragen ten voor„
ende
„deele van d' Ecomp=e, te doen verevenen wijl hij 't
sedert op- gem: tijd geen dienst aen de penne had
gedaan"
NL-HaNA_1.04.02_8834_0208.xml,"Cormandel den 3. ' Meij A„o 1721.
van
rijk en den fausdaar
masz: briev van
als alleen wat
bij resolutie van
„deerd, en
op der selver ver„
ses stux paspoor„
„ten,
wegens 't mogolse gedaan, wegens de veranderinge in't Mogols=
Codjadje wert ge„lijk en 't voorgevallene tot Masz: met Comp„s
„defereert aen den bediendens en den fausdaar Codjadje, Jbrahims
23. ' februarij, item den vreedigen voortgang, van 's comp„s han„
„del om dien oord sullen wij hier niet melden, —
maar ons Eerbiedig gedragen aen't geen de opper„
hoovden, soo als hier uijt de Copien is gesien,
daar van aen uE: hoog Ed=ns gesz: hebben, bij haren
briev van 23. 'n februarij jongstl:, alleen daer nog
29. ' januarij, diesers bij voegende, dat volgens besluijt van 29. ' januarij
„gens is g'recomman„meerm„t hunl: gerecommandeert is, bij dien re„
„gent nu te sterken te moeten aendringen, om
't openstaende geschil van ramarasoe verwent
te crijgen, en hem zijn belopten te doen na komen,
alsoo hij haar tot nog toe eenlijk met woorden
heeft opgehouden, terwijl uE hoog Ed=ns ons nu goe„
„de middelen hebben gelieven aen de hant te geven,
„soek voorsien met ook goet gevonden hun op derselver versoek —
te voorsien, met ses stux passedullen ten
eijnde die te mogen verleenen aende inlandse
regenten daer, om met rijs na Jaffanapatnam
te varen, tot den incoop van Eliphanten ter„
„wijl den serlaskeer Tannaoelachan den
Catteksen souba soejaatchan en den ma„
„ninjepatn=sen fausdaar miermortasja, uijt
vreese voor de deenen, daarom al diverse in„
„stantien hadden gedaan Etc.:a, soo als ten selven
in"
NL-HaNA_1.04.02_8834_0209.xml,"201
Cormandel den 3:' Meij A„o 1721.
van
met de comst van
hier om na jaffanap:t
te gaan, zijn —
insgelijx passedul„
geschenk voor den
leggen,
drie stux bevel—
schrivten van den
nabos en sijn albe„
insigte hier mede aengecomen, zijn den 10. 11. en
13. ' febr: twee scheepjes van voorn: nabab san,„ drie scheepjens, al„
„naoelachan, en een van den moor Casieraam
neijken wonagtig tot Iagernaat beladen hen verleend,
met nelij, en rijs, dewelke, te weten, 't eerst
aengecomene den 13. ' en de twee andre te samen
den. 22. ' voorts na Jaffanapatnz: sijn onder seijl
gelopen, na dat te deser plaatsen ider een
paspoort versogt, en vercregen hadden, 't gepro„
„jecteerde geschenk voor den Nabab sadoulachan; 't geprojecteerde
gemelt in onsen onderdanigen van 31. ' october, na bab is overblijven
des voorleden jaars, is op Sadraspatn: nog moe„
„ten blijven overleggen, dewijler in tussen reden waarom,
gerugt wiert hij naar 't hoff stond op ontboden
te werden, gelijk zulx ook na dato met
ter saad is gescchiet, en hij uijt dien hoovde
reeds derwaarts vertrocken, eijndelijk van
voorn: nabab en sijn al beschik dekkena „schik verworven,
„raijer verworven, hebbende 3 stux bevel schriv„
„ten op den Portonovosen fausdaar danna„
„rauw waer bij den selven wel Expres gelast
wert 's Comp„s bediendens daar geen de minste
verhindering te mogen toebrengen, in 't ver„ten wat Eijnde
„kopen der vaste goederen, vande Tegenepatn=e
handelaars, tot het inpalmen van haar schult,
zijn"
NL-HaNA_1.04.02_8834_0210.xml,"Cormandel den 3.' Meij A„o 1721.
van
„se fousdaar schijnd
gen is den 28 daar
aen met den tot
Eliphant na 't hoff
vertrocken,
den 21 januarij tot
een frans Conings
schip waar op mi„
Creton,
zijn die brieven den 4 februarij derwaarts
gesonden, om aen gem: stads voogt te doen
overhandigen, dog de opperhoovden hebben
dog den portonovrns bij een brievje van 11 d„o weten te berig„
er weijnig refle„ten, dat hij weijnig reflectie geslagen heeft,
„tie op te slaan
't bevel van zijn meester, maar die saak
sulx de bedienden
met den vergoop nog al verschooven, om in tussen te sien,
niet hebben kun
of daar van niet een geschenk sal kunnen
„nen voortvaren.
trecken, soo dat onse bediendens de handen
nog zijn gebonden, en oversulx buijten staat
daer mede te cunnen voortvaren, na lang
de ord„re sendeling
den 24 xber afgeco„talmens heeft den ordinairen gesant naro —
„men om de recogni„
„tie penn: te ontfan Nara Simha den 24. ' xber afgecomen, om de
gewone recognitie penningen te ontvangen,
dus lang verblevene, den Eliphant die tot dus Lange tot 's comp„s
kosten hier is blijven staan, mee na 't hoff
opgevoert, den 28. daar aen soo dat we ten
Laasten van die Last eens ontslagen sijn
geraakt; aangesien de Masulipatnz=e opper„
„hoovden ons bij een briev van 21. ' januarij —
matz: aangecomen communiceerden dat daer was aangecomen
een Capitaal frans Conink schip, en daer
„nister was eener op een minister van die Comp=e onder de
naam van directuur genaamt Mons„r . . . . . . .
Creton die bereijts eenige gecoleurde doeken
opgecogt"
NL-HaNA_1.04.02_8834_0211.xml,"203
van
Cormandel den 3.
Meij A„o 1721.
nar sapour om met
contract op te rig„
weerp laatsen van
palicob en daat„
cherom alwaar hij
op masz: tot een Logie
pen
g:o wat tot een spoedi„
„gen overbreng der
brieven reets werk
„maakt,
opgecogt en met voorsz: boodem versonden had, vertrek van daar na
maar hij selvs naar Narsapour vertrocken, van inlander een
om met den inlander soo 't scheen een contract „ten,
van negotie op te rigten hebben, wij haar bij
Letteren van 15. ' feb„rj daer aen gerecommandeert
bij nader gelegentheijd ons eens te bedeelen
van wat uijtkomst die expeditie is geweest,
etc:a, hier op berigten sij bij haar schrijvens
van ult„o maart, waer van een Extract desen
verselt hoe voorn: mon s„r Creton in die maant
van Poedeckerij daer was te rug gekeert,
om weder een reijse na Narsapour te doen, sijn besoek op de
en soo vervolgens de weeffplaatsen onder
Palicol en Daatcherom te besoeken met zijn eerste
7. comst wel voor—
mogelijk om t' ervaren wat, en hoe veel zij /0 a 12000 p=s aen
iwaten bereijts daer in gereetheijd Leggen, — zinwaten heeft
aenbesteed, en
van de gene die hij in sijn eerste visite —
daar heept aenbesteet wel ter somma van wa
12000 pagoden, dat hij volgens de gerugten stont 't conings huijs„
ook 't soo genaamde konings huijs binnen voor sijn comp=s te ko„
masz: tot een ruijme Logie voor sijn Comp=s
stond te coopen, en bereijts tot den spoedigen
overbreng sijner brieven tussen Poedecherij
en die plaats vier, en noordwaarts na bengalen stellig heeft ge„
op drie posten 't oppassen had gestelt, soo dat
dese"
NL-HaNA_1.04.02_8834_0212.xml,"Cormandel den 3. ' Meij A„o 1721.
van
tweede franverman
aen 't masz: opperhoogt
had weten te be„
„rigten wegens 't heer
voornemen van kan
„krijk
dog wiert door d'
en haar 't landen
belet,
maccao seker por„
verscheenen, en
weder van hier
na oervertrocken
dese beginselen geluckende, d' Ecomp„n niet dan
schadelijk konden sijn, behalven dien had den
zoo mede wat een t weeden fransman (sonder naam) bij 't opperhoort
verrijn wesende weten te verhalen dat den
regent van vranckrijk door den Coning
van Engelant versogt om 10000 man en
scheepen tot hulpen tegens spanje, wel —
20000. Coppen had gesonden en na rato ook
meer scheepen met geheijme Last om in plaats
vande spanjaarden t' attacqueren met die natie
engelse ontdekt gesamender hant d' engelse op 't Lijff te vallen,
maar dit inengelant ontdekt was, haer het
Landen belet, en op zijn straffe verbooden,
waarom hij ook vermeende dat se met de=
engelse natien wel haast in oorlog zouden
op 17 april uijt geraken Etc. a, uijt Maccao is den 17 april
„tugees scheepje te deser rheede verschenen, seeker portugees
hier ter rheede scheepje genaamt de Lieve vrouw van
Lorette gevoert bij den Capitain Emanuel
de Lemos, de inlading bestond meest in
spiaulter, thin, aluijn, Maccaose zijde,
den 22 daer aen stoffen, porceleijn, thee, suijker, etc:a, —
en is den 22. ' daer aen weder van hier ver„
„trocken na nauver sonder ijets te Lossen,
'scomp„s Chialoup De Lier waar mede den
eerw:"
NL-HaNA_1.04.02_8834_0213.xml,"205
Van Cormandel den 3:' Meij A„o 1727.
den predicant met
weder te rug ge„
„keert en op pall=o —
aengegiert,.
starm uijtgestaen
als alleen waren
geworden
van dien storm soo
tot madras sadrasp:
als daar om her,
de negotie en soldij
boeken van't jaar
17 17/20 gaan over,
eerw: predicaant Iacobus de Jong den 9 februr
na de noort is vertrocken om de H=e Sacra„ d' chialoup van masz:
„menten te bedienen, en den 18. ' maart met
voorn: predicant ten selven eijnden tot Pal„
„liacatta in zijn te rug reijse aengeloopen,
en daer verbleven sijnde, tot in 't begin van
£
april, heevt den. 29. ' en 30. maart evengem: aldaer een felle
ontrent anderhalv etmaal daar mede een dog sonder schade
felle storm uijt de N: en N. O„t moeten er 4 packen nat
doorstaan, sonder egter eenige rampen, off
schade, onderhavig te werden, alleen sijn 'er
::
ampacken door 't incomende seewater in't
ruijmn nat gemaakt, dewelke daer aen hant
gegeven, geopent, besigtigt, en bevonden sijn
sodanig, als het nevens gaande rapport sal verdere onheijlen
aenwijsen, en wat onheijlen dat onstuijmig
weer zoo tot Madras, Sadraspatnam,
als daer om her al verder heeft veroorsaakt,
kan uijt de nevensgaende Sadraspatnamse
Copia briev van 5 ' april duijdelijk gesien
. . . .
werden, waar aen ons voor ditmaal nedrig=
moeten gedragen, om desen niet Langer op te
..
houden, mits de negotie en soldij boeken
deses gouvernements van 't voorleden boek
jaar 17 3/20. hier ook besijden gaan, met hare —
bijlagen"
NL-HaNA_1.04.02_8834_0214.xml,"Cormandel Den 3 ' meij A„o 1721.
Van
met aantooning
in 't evengem boek
hier hebben op„
„geworpen
de Commando
over de twee sche„
„gedragen,
soo ras doenlijk te
depecheren,
bijlagen, en registers ider bij sonder lijk af„
„gepakt in een kasje, soo sal uijt de eerste,
uijt d' eerste, dat als mede een appart opstel desen annex
„jaar de winsten hier cortelijk na onder gewoonte werden
aengewesen,
ƒ293888. 13. 13.
hoe in't voorsz: jaar 17 39/20 de generale winsten binnen
dit gouvernement bedragen
hebben een somma van. . - - ƒ 313709. 11. 15.
de verliesen daer en tegen. . . . . 19820. 18. 2.
zulx aen overwinst. . . . . . . . . . . . . . ƒ293888. 13. 13.
't jaar bevorens waren de gesamentlijke
winsten. . . . . . . . . . . . ƒ302431. 14. 2.
de verliesen. . . . . . . . . . . . . 97094. 18. 3.
derhalven toen aan overwinst. . . . . . . . . ƒ 205336. 15. 15.
bij gevolgen d' advancen van 12 29/0. meer dan
't jaar bevoorens. . . . . . . . . . . . . . . ƒ 88551. 17. 14.
in hope en met hetten wensE dat deselve van tijd
tot tijd mogen accresseren tot bevordering van't
welke ook geen bedenkelijke middelen sullen
„pen aan de winte nagelaten werden, volgens besluijt van 28.
als de outste op april is 't Commando over de twee schepen
en 't voeren van de wimpel voor de reijse —
van hier na Batavia op gedragen aen
den schipper op de Magdalena, Isaac
voorts die bodems de winter als de oudste zijnde, ook vast
gestelt om voorsz: bodems soo ras te de„
„pecheren, als 't mogelijk zal wesen, en de
winden dien dagelijx toen nog sterk uijt den
zuijden"
NL-HaNA_1.04.02_8834_0215.xml,"Cormandel den 3 . Meij A„o 1721
van
in ontkost voor 3
deert, en.
op de haringtuijn
bij provisie terbe„
mits de assolu„
„tie qualiteijt en
Ed„ns te versoeken;
zuijden doorwaijden, soo dat de scheepen
onmogelijk daer mede ijets konden vorderen,
sulx maar eeniger maten toelaten, en uijt
het W: en N. m. t souden willen doorbreken,
en alsoo de scheeps overheeden betuijden dat al item deselve aan
hare provisie door de Lang geduurt hebben maanden geprovi„
„de reijse t' eenemaal geconsumeert waaren,
zijn se hier voorsien van rijs, Cadjang, en boo„
„nen voor 3 maanden, item verkens, en droge
vis, en dan nog met 3 Leggers arrack ijder,
voorts op 't versoek en voordragen van den
schipper op de haringtuijn, de volgende per „ eenige personen
„sonen, in hare verkrege nieuwe bedieningen „tert,
bij provisien bevestigt, te weten, Ian—
klaasz: Broer van Enkhuijsen Consta„
bels maat met ƒ19. tot bottelier in steede
van Gerrit feude van Rijnberg op de reijse
overleden, Barent Barentsz van Embden
jong mattroos met ƒ7. tot Cok in plaats van
Hendrik jansz: Maijer van groeningen,
tot malacca aen zant siek gebleven,
en tot Coks maat Ian fransz: van amstd=r
insgelijx jong matroos met ƒ7. geduurende gagie van haar hoog
de reijs van Batavia na herwaarts in die
functie gebruijkt te samen om de absolute
Qualiteijt
207"
NL-HaNA_1.04.02_8834_0216.xml,"Cormandel den 3. ' Meij A„o 1721,
van
van de magdalena
2 personen, en
4. en daar weder
opgeset 13 _„o
sententie gaan hier
ook besijden,
sold„t jacob jansz
is gestelt,
Qualiteijt en gagie daer toe staande, —
van uE hoog Ed„ns te moeten versoeken, En
verwerwen,
hier aen land geligt vande magdalena sijn hier aen zont geligt
1 trompetter, en
daer weder op geplaats 5 matroosen en daer en tegen van dese wal-
daer weder op gesplaats, 11 soldaten die haar ver„
bonden tijd uijt, en verlost wilden zijn be„
van d' haringtui „ nevens 4 matroosen, item vande Haringtuin
4 matroosen en van zant daer weder op geset,
11 soldaten als voren, en 2 mattroosen, soo —
als de nevensgaande memorie dat specifice
drie stux Copia sal aantoonen, drie stux Copia sententie —
van soo veel g'condemneerde en geexecuteerden
persoonen, zeggen hier ook besijden als, —
als een van den een van den holo„t Iacob jansz van Rotterd=m,
die tot matroos den 27 novemb. r anno Pass=o met de spits roede
gestrapt voorts tot matt„s met ƒ 9 ter maart
aengestelt, en nu daar voor op de haringtuim
geplaats, om dat tot masz: sijn snaphaar
van de want genomen vier kogels daer op doen
loopen, en daar mede op de Corporaal vande
vrije wagt en eenige soldaten inde corps de
garde Los gebrant had, sonder egter ijmand te
raken of beseeren dan met zoo s cruijt etc. a,
15
_=os"
NL-HaNA_1.04.02_8834_0217.xml,"209
Van Cormandel den 3 Meij A„o 1721
rosendaal die ge„
gechonken is, en
Jan willemsz boon
selt en voor 5 jaren
d'factura vande
magdalena en twee
onkost reecq: van-
beijde die scheepen
gaan hier nevens,
asto bestaat in 1077.
packen 3 d„os rogge
1velle en 100 lb droge
gember bedragende
een somma van
ƒ372966. 4. -
een van Adriaan Prosendaal van schiedam een van adriaan
p=mo octob.:r van madraspatn: over Palliacat geesselt, voor 15 ja„
hier aangecomen onder pretext dat sjaars zen ind' ketenen
bevoorens met een oostendisschip op dese
Cust gearriveert was, maar na dato een
malitieusen overcoper bevonden, den 21 febr
strengelijk gegeesselt en voor 15 jaaren in
de cetting geclonken over en ter sake voorsz:,
een van den sold„t Ian willemse boon, een van den sold„t
van harlingen om deselve oorsaak en op dien in sgelijx gegees„
eijgen datum insgelijx gegeesselt, en voor ind' ketenen,
5 jaaren inde ketengeklonken, om aen 's comp„s
gemeene werken te arbeijden, beijde daar 't
uE hoog Ed„ns sullen gelieven te ordonneren,
ten welken eijnde nu met dese boodems
overvaren op jder een, —
den factuur en Cognossement van't geladene
inde Magdalena en twee onkost reecq:
—
van 't verstreckte aen beijde scheepen op de„
se hoortplaats gaen hier nevens de Carga — de Carga vant eer„
van 't eerste bestaet, in
47. packen ruw guinees
435.
Guinees gebleekt
_„os bruijn blauw
32. „
d„os bleek _„os
5.
„
519. packen die transporteeren,
119 packen"
NL-HaNA_1.04.02_8834_0218.xml,"Cormandel den 3. Meij A„o 1721,
van
519 packen die transporteren,
73 „ gebleek salempoeris
„ ruwe
-
_„o
1
67 „ bruijn blaauw _„o
38 „
gebl: baftas
22 „
bruijn blauw baftas
gebl: parcallen
49 „
61 „ bruijn blauw _„o
gebl: otisaals
6 „
7 „ bruijn blauw bethilles
gebl: Chiavonijs
boelangs
bramdams
3 „ gingam taffachelas
onderbroeks gingams
1„
2 „ Cambaije fijne
57 „ drongam gingam
80 „ gingams penasse
12 „ bethilles gem: gebl:
8 „ moeris gem:
_„o
diverse tapes
64„
1077 Packen diverse kleeden bedragen te
samen. . . . . . . .
-ƒ 371994. 17. 8.
.
3 rogge velle packen van jaffana„
patnam met meijnden versonden. „
103. 15. 8.
transporteert ƒ 372098„13
1 „
5 „
p„r transp„t
1 „"
NL-HaNA_1.04.02_8834_0219.xml,"211
Van Cormandel den 3.:' Meij A„o 1721,
't afgescheepte
in laast gem: bodem
similip„t in
ƒ 284881. 3. 8.
p:r transport. . . . ƒ 372098. 13.
item 't meerder aengerekende van
jaffanapatn: op 50 stuks pallapa„
„langs, met evengem: bodem
lb drooge gember of radix-
100
sinzinber in een packje. . . . „
32300 lb kl: Caliatourhout aen 1600.
doorgesaagde stucken kost
met de ongelden. . . . . . . . . . . „ 815„11„8„
volgens copia vande briev door de
masz: bediendens aen uE hoog Ed=ns
gerigt, en ged„t 23. ' feb„r welkers
origineel met sijn blagen, in een
beslooten pacquet van daar op de
Haringtuijn mede gegeven en
hier in handen van die schipper
ook soodanig gelaten is, beloopt
't afgescheepte in Laastgem: bo„
„dem zal tot Bimili: als Masz:
versonden - - - - - - - - - - - - - - „ 25„ 1„ 8.
een somma van. . . . . . . . . . . . . . „ 284881„ 3„ 8„ soo tot masz: als
sulx te samen. . . . 657847. 7. 8.
Hier mede eijndigende wenschen wij uE hoog
Ed=ns benevens den staat der generale Comp=e
uijt grond onses herten, den segen des heeren
toe, en bevele derselver dierbare persoonen
in
26„ 18„-"
NL-HaNA_1.04.02_8834_0220.xml,"Cormandel den 3. ' Meij A„o 1721,
van
ter
dese vergadering, eenlijk
om de publicque voor
Ed„s te laten geschieden,
inde bescherminge des alderhoogsten,
terwijl in alle nedrigheijt verblijven /onders:t/
Hoog Ed: Agtb: gebiedende Heer en Ed: Heeren
uw: E: Hoog Edelhedens onderdanigen en
gehoorsamen dienaaren (was getekent) G„t
westrenen, Dirk van Cloon, G„r Maire,
H„k Iacobsz:, Adr: DLa, A: v: weede, J=s
Jmmens,. . . . . . . . . . H=k Haak, fred=k Elliot,
B„r V=n duijn en C=n Poleman d: J„o, /in margine/
Nagapatnam den 3 Meij A„o 1721,
Accordeert W=m Crielaart eerste Ezerq
Woensdag 15 Januarij A„o 1721,
des namiddags ten 2 uuren;
Alle present dempto
den secretaris Cornelis—
van Outvelt door Indis„
„Positie.—
den E E: gouvern:r het gebed voorgelesen sijnde gop den E: E: heer
had doen beleggen, Gouverneur aen de Leden te kennen, dat vol„
kelling van sijn hooggens 't gearresteerde van 6. deser een lijk—
dese"
NL-HaNA_1.04.02_8834_0221.xml,"213
Van Cormandel den 3:' Meij A„o 1721,
waarom ook d' Comp=e
„rij militie en jnlandse
verneurs wooning in
„te van authorisatie in
„sen zijnde
dese bij eenkomst had doen beleggen, om d'
acte van Authorisatie, en voorstelling vanden
hoog Edelen heer Henric Zwaardecroon,
als gouverneur generaal over Nederlands—
India, met de vereijste plegtigheijd aen alle
's Comp„s hier aenwesende dienaren te laten
voorlesen, en doen geschieden Etc:a, ten welken der pennisten borge„
eijnde ook, na dat alvorens d' Ecompangie der pen„krijgers voor des gou„
„nisten, en borgerij, mitsg„s die vande naderlants re geranjeert staan
militie en inlandse krijgers, Elk onder hare
officieren inde wapenen voor des gouverneurs
wooning verscheenen, en in behoorlijke ordre ge„
„rangieert stonden, eerst ter vergadering wiete ondervolgende ac„
opgelesen, de voorn: acte van Authorisatie bij te vergedering op gehe„
haar Ed: Agtb: de hooge indise reegeering tot
Batavia in dato 10. ' Septemb: pass=o, aen den
hoog Edelen Heer Henric Zwaardecroon,
verleent, inhoudende zijn edelheijds introdictie
en bevestiging in't generaal gouvernement
van nederlants India, item de afcondiging
van dien ten selven dage op die hoovdplaats,
sijnde van desen Inhoud,
De Raden wegens den=
staat der generale vereenig
de"
NL-HaNA_1.04.02_8834_0222.xml,"Cormandel den 3. Meij A„o 1721,
Van
„de Nederlandse geoctroijeerde
Oostjndische Comp„e alhier te
Lande, alle den genen die
dese tegenwoordige sullen sien
ofte hooren Lezen salut, doen
te Weten
Alsoo door 't afsterven van sijn Edelh„t
den heer gouverneur generaal
Cristoffel van
Swol L: M: op den 12. ' novemb: des jaars 1718.
't generale gouvernement van nederlants India,
van een gouverneur generaal ontsloot geworden
is, en die hooge en aansienelijke bedieninge mits
dien Comen te vaceeren, in welken gevalle
de ordre en jnstructie van onse principalen
d' Edele Heeren gecommitteerde bewintheb„
„beren ter vergaderinge vande 17„e nen, in der
jare 1617. op den 22 aug: geconsipieert, en door
hare hoog mogende de heeren Staten gene„
„raal der vrije vereenigde nederlande, onse
souverainen op den 3 novem„r daer aen gerati„
„ficeert zijnde, is mede brengende, dat aen„
stonts sonder 't minste uijtstel ofte dilaij
en zulx opstaende voet na 't overlijden
van den persoon van den gouverneur generaal
uijt
-."
NL-HaNA_1.04.02_8834_0223.xml,"215
Van Cormandel onder dato 3. ' Meij A„o 1721.
uijt de aanwesende raaden, de Capabelste
en bequaamste provisioneelijk en op approba„
„tie van onsen heeren majores tot het hoog
wigtig Ampt van gouverneur generaal —
gepromoveerd, en verkoote werden, van gelijken,
dat in nacominge van haar hoog Ed=ns gem: —
ordre, en welbehagen tot betragtinge van
den gemeenen wilstand deser Landen, en om
op het vacerende generale gouvernement
de vereijste ordre te stellen, opstaande voet
ons ter ordinaire vergaderzaal vervoegt, —
en den name des alderhoogsten aengeroepen heb„
„bende, om op soo een Emportante, en hoogwig„
„tige Chargie met rijpen verstanden te dis„
poneren, mitsgaders ten dien eijnde ook —
gesamentlijk gepresteert en afgelegt hebben„
„de den Eed voor de raden van India —
beraamt, vervolgens geconsidereert, en in
aanmerkingen genomen hebbende de goede
qualiteijten, mitsg„s daer toe gerequireerde
kennisse, en Ervarentheijd in den persoon
vand' Ede heer doenmaals ordinaris raad—
Henric Zwaardecroon door lange —
diensten, en verscheijde digniteijten, en il„
„lustre"
NL-HaNA_1.04.02_8834_0224.xml,"Cormandel onder dato 3. ' Meij A„o 1721.
Van
„lustre Chargies geacquireerd, over sulx bij
resolutie van den 13. ' novemb„r 1718. bovengem:
goed gevonden en gearresteert hebben dEd=le
heer Henric Zwaardecroon wel gemelt met
eenparigheijt van stemmen tot gouverneur
generaal van nederlants India, op approbatie
van hoog gedagte onse heeren meesters—
te nomineren verkiesen en jntroduceeren,
waar van dan vervolgens bij missive van den
6. ' decemb: daer aenvolgende met de retour„
„vloot onder de vlagge van den commandeur
Gerrit vander Zijden notificatie aen
haar hoog Ed„ns gedaen, ende 't deselve be„
„haagt heeft gehad bij missive van 28.:' Septem
1719 uijt amsterdam alhier per de scheepen
Durmerlust en Assenburg op den 5 junij
jongstleden aangebragt de voorn: verkie„
„sing en aenstelling van den Ed: heer Hen„
„rie Zwaardecroon tot het jllustre, en
hoogwigtig ampt van gouverneur generaal
deser jndische gewesten, in allen deelen
te Confirmeeren, en agreëren agtervolgens
den teneur van haar hoog Ed=ns generale
missive bovengem: die aldus in Extract
is Luijdende,
het"
NL-HaNA_1.04.02_8834_0225.xml,"217
Van Cormandel onder dato 3:' meij A„o 1721,
Het afterven van den heer gouverneur-
generaal van Swol, hebben wij met leet„
„wesen vernomen dog daer en tegens ons
wel laten gevallen de provisioneele
nieuwe verciesing bij uE: gedaen, van den
Heer Henric Zwaardecroon tot dat
swaarwigtig ampt, wenschende sijn E:
daer in veel genoegen, gesontheijd, en voor„
„sport, beijde tot wel zijn van d' Ecomp=
en sijn E: waardige persoon
In gevolge dan van al het gene voorsz is, in
rade van Jndia goetgevonden sijnde de —
noodige voorstelling en autorisatie van
den hoog gem: heer gouverneur Generaal
Henric Zwaardecroon aen alle den
volke niet Langer op te houden, maar
op heden te laten geschieden, ten eijnde
een ijgelijk van allen desen bewust, —
sijnde, weten mogen, wie hij gelijk tot
nu toe, soo ook voortaen na desen voor
sijn wettigen Gouverneur generaal —
en oppergebieder te respecteren, en te
gehoorsamen heeft, soo is't dat wij dan
bij desen alle raden van India, gouverneurs,
admiraals, officieren, en Collegien van justi„
„
tie"
NL-HaNA_1.04.02_8834_0226.xml,"Van
Cormandel onder dato 3.:' Meij A„o 1721,
tie, directeurs, Commandeurs, oppercooplieden,
Cooplieden, Capitainen, schippers, Luijtenaats,
onder Cooplieden, vaandragers, adsistenten, min„
dre bediendens, soldaten, mattroosen, borgeren,
en voorts alle andre ministers soo te water
als te Landen, onderdanen en ingesetenen in
den dienst of onder 't resort vande generale —
nederlantsche oostindische Compagnie, en
onder desselvs Eed, mitsgaders de gehoorsaam„
„heijt vande hoog mog: heeren staten gene„
„raal tegenwoordig in India zijnde, en
die daar na desen successivelijk nog sullen
mogen aancomen, bij desen ordonneeren, en be„
„velen, hoog gem: sijn Edelh„t, 'Edele Heer —
Henric Zwaardecroon voor haren wet„
„tigen gouverneur generaal aen te nemen,
en te erkennen, respecteeren en te ge„
„hoorsamen agtervolgens den Eed hier toe
specialijk in raade van jndia beraamt,
en opgesteldt,
Gegeven in't Casteel Batavia, In't
koningrijk Jaccatra, op 't Eijlant groot
Java, den 10. ' Septemb„r A„o 1720, /(was
getekent) Frans Casteleijn, Matt: de Zaan,
S: timmerman, Iacob faas, Ioh: Corn: d'A„
„bleing"
NL-HaNA_1.04.02_8834_0227.xml,"219
Van Cormandel onder dato 3:' Meij A„o 1721. /
heeft den gouvern:
en gehoorsaamheijt
in handen van den
voegen als hier on„
„bleing, H, huijsman, L, Tolling, I. A.
Crudop, Diderik Durven (ter sijden stont)
's Comp„s groot Zegel gedrukt in roden Lacka.
en daer onder ter ordonnantie van hoog gem:
haar Ed=ns (getekent, I: W: Dubbelde kop secre:t
waar na den E E heer gouverneur Gerrit Wes„
„trenen den Eed van getrouw en gehoorsaam en Eed van getrouw
„heijt aen wel melde zijn hoog Edelheijt den
Heer Hendrik Zwaarde Croon solemneel aad afgelegt in
en in handen vanden raad heevt afgelegt, Con„ „der.
form dit formu zier
Ik belove en sweere de hoog mog:
heeren staten generaal, vande vereenigde
nederlanden, als mijne hoogste en souve„
„reijne overheijd, en de bewinthebberen van
de generale geoctroijeerde Oostindische
Comp=nie, mitsg„rs den jegenwoordigen gouver„
„neur generaal over oostjndien Henric-
zwaarde Croon gehouw en getrouw te wesen,
denselven alle behoorlijke gehoorsaamheijt,
eere, en respect te bewijsen, en dat ik ne„
„vens den selven Gouverneur generaal in
alle opregtigheijd, getrouwheijd, en naar stigh„t
naar mijn uijtterste vermogen, alle affaires,
en
3
-
2
5
-"
NL-HaNA_1.04.02_8834_0228.xml,"Van Cormandel onder dato 3. ' Meij A„o 1721.
den eed van getrou
we en gehoorsaam„
den gouverneur af„
„gelegt in voegen
als hier onder,
en saken van de gem: Comp zal helpen
dirigeeren en belijden, soo wel in den handel
politie als oorloge, gelijk bij gemeen ad„
„vijs van rade na gelegentheijt van- tijd, —
en accurentie van zaken bevonden sal wer„
„den te behoren Etc. a,
Soo waarlijk helpe mij god al„
magtig,
Nagapatnam in rade van Cormandel
den 15 januarij A„o 1721 (was getekent)
Gt. Westrenen,
de Leden insgelijckjelijk de gesamentlijke Leden van de vergade„
ring in zelvervoegen den eed van trouwe en
„heijt in handen van gehoorsaamheijt aen welen: sijn hoog Edelh„t in han„
„den van den gouverneur hebben afgelegt in
maniere als volgt,
Wij Beloven en sweeren dat wij
de hoogmogende heere Staten generaal der
vereenigde Nederlanden, als onse hoogste en
souvereijne overheijd de bewinthebberen van
de geoctroijeerde oostindische Compagnie, —
mitsg„s den jegenwoordigen gouverneur—
generaal Hendrik Swaarde Croon, ende
raden van India, en voorts alle bevelheb„
bers
-"
NL-HaNA_1.04.02_8834_0229.xml,"221
Van Cormandel onder dato 3:' Meij A„o 1721,
predicant nevens
en getrouwigh„t na
vereijs afgenomen,
„nen gelaten, den
bers, over ons gesteld, gehouw en getrouw
sullen sijn, en ons een ijder na sijn uijtter„
„ste vermogen in onse respective ampten,
en bedieningen, die wij aengenomen hebben,
of daar innewij nogmaals gestelt mogten
werden, wel en getrouwelijk in alle be„
hoorlijke onderdanigheijd ten quijten en ge„
„dragen,
Soo waarlijk Felpe ons God al„
„magtigh,
Nagapatnam in rade van Cormandel
den 15 januarij A„o 1721. (was getekent) P: V:
Burg, G=ne Maire, H„k Iacobz:, A Pla,
A: v: weede, I: Immens, Corn: van Out„
„velt, H„k Haak, F=k Elliot, B: v:
Duijn, en C„r Poleman d' J„o,
Wijders ter vergader saal binnen gelaten sijn„ den eerwaarde
„de, den Eerw: predicant Iacobus de Iongh, de andre gequalifi„
benevens de verdre gequalificeerdens, en mindre, vergadersaal bin„
bediendens geen sessie in Raden hebbende eed van obedientie
item de hoovden der militairen, artillerij,
en Zeevaart, is deselve insgelijx den Eed van
obedientie en getrouwigheijd aen sijn Ed„t den
een
hoog Ed=len heer Gouverneur generaal met de
vereijste omstandigheijd affgenomen,
„ceerdens etc. a ter
vervolgens"
NL-HaNA_1.04.02_8834_0230.xml,"Van Cormandel onder dato 3.:' Meij A„o 1721.
„satie wert den volke
„lijk voorgelesen en
gepubliceert,
„volgt is etc:a,
de onderstaande
acte van Certifica
gouverneur nevens
de acte van authori„ vervolgens den gouverneur en raad opgestaen,
ter prije vande gouverende ter puije van de wooning gegaen sijnde, wert
neurs wooning opente voren gem: acte van authorisatie, den volke
opentlijk voorgelesen, en gepubliceert, mitsg=s
van alle en een ijegelijk in 't bijsonder beaamt,
gelijk sij haar ook te samen met den Eed van
wat daer op ge„trouw en gehoorsaamheijt aend' Ecomp=e en den
meerm: hoog Ed„n heer gouverneur generaal—
Henric Zwaarde Croon, onder een algemeene
toejuijginge hebben verbonden, en daer op door
de pennisten, borgerij, item de nederlantse
militairen, en inlandse krijgers, ijder in 't
bijsonder drie chargies gedaen, al het geschut
soo van het Casteel, de binne en buijte stad,
als aende pagood China gelost, en alsoo dit
Cermonieel op de gewoone wijse ten eijnde
gebragt zijnde, keerde den gouverneur met
„tie wort door den de Leeden weder ter vergaderzaal alwaer
den raad onderte„ de onderstaende acte van Certificatie bij
deselve gepasseert, en onderteekent wierd,
Wij ondergesz: Gerrit westrenen
gouverneur en directeur van wegen
de vereenigde Nederlantse Geoctroijeer¬
„de Oostjndische Compagie, ter Custe
„kent,
Cormandel"
NL-HaNA_1.04.02_8834_0231.xml,"223.
Van Cormandel onder dato 3.:' meij A„o 1721
Cormandel nevens den raad, verclaren„
„de ende certificerende bij desen, dat op
heden alle den volken alhier opentlijk
hebben doen voorlesen d' acte van Authorisa„
„tie, wegens de aenstellingen vanden hoog
Ed„len heer Henric Zwaarde Croon, in't hoog
aensienelijk ampt van gouverneur generaal
van nederlants Jndia, mitsg: met de be„
hoorlijke solemniteijten, haar afgenomen den
Eed, waar bij sij goedwillig, en met volle
genegentheijd betuijgt en beswooren hebben
hoog gem Heer Hendrik Zwaardecroon
als gouverneur generaal, wegens den staad
der nederlantse g'octroijeerde oostindise
Comp=e in dese indise gewesten, te sul„
„len eere, erkennen, en respecteren, —
mitsgaders alle getrouwigheijt en obedi„
„entie betoonen, —
Actum Nagapatnam den 15 Januarij
A„o 1721, (was getekent) G:t westrenen,
P: v: burg, G=n Mairo, H: Iacobz:, A:
Dla, A: v: weede, I„s Immens, H„k Haak,
F„k Elliot, B: v: duijn, en Cristiaan pole„
„man d' J„
Aldus gedaen en gepasseert inde stad naga
patnam, dato voorsz: (was getekent) G„t wes„
„trenen"
NL-HaNA_1.04.02_8834_0232.xml,"Cormandel onder dato 3. ' Meij A„o 1721,
Van
trenen, D: v Burg, G=n Maire, H„k Jacobs, A. Ha„
A: Vweede, I:s Immens, F=l Elliot, B: v: duijn
en C=r Poleman d' I„s, (onderstont) Accordeert W=m
Crielaart eerste Clerk,
Ik belove en sweere de Hoog Mo¬
gende heeren Staten generaal, vande vereenig
de nederlanden, als mijne hoogste: en houvereij„
„ne overheijd, ende bewinthebberen van de ge„
„nerale geoctroijeerde oostjndishe Comp=en
mitsgaders den jegenwoordigen gouvern„r gene„
„raal over oostindien Henric Zwaarde„
„croon, gehouw en getrouw te wesen, den
selven alle behoorlijke gehoorsaamheijt eert,
en respect, te bewijsen, en dat ik nevens
denselven gouverneur generaal, in alle op
regtigheijt, getrouwigheijt, en naarstigheijt, —
naar mijn uijtterste vermogen, alle affaires,
en saken van de gem: Comp„e sal helpen diri„
geren, en beleijden, soo wel in den handel, poli„
„tie als oorloge, gelijk bij gemeen advijs van
raade na gelegentheijd van tijd en occurentie
van saaken bevonden sal werden te behooren,
etca,"
NL-HaNA_1.04.02_8834_0233.xml,"225
Van Cormandel onder dato den 3. ' Meij 1721,
Soo waarlijk helpe mij god al„
„magtig
Nagapatnam in rade van Cormandel -
den 15 Ianuarij Anno 1721 (onderstond) G„t
Westrenen,
Wij beloven en sweeren dat wij de
hoog mogende heeren staten generaal der
vereenigde nederlande, als onse hoogste, en
souvereijne overheijd de bewinthebberen van
de geoctroijeerde oostindise Compagnia, —
mitsg„s den jegenwoordigen gouverneur ge„
„neraal Hendrik ZwaardeCroon, ende
raden van India, en voorts alle bevelhebber„
over ons gestelt, gehouw en getrouw zullen
zijn, en ons een ijder na sijn uijtterste ver„
„mogen in onse respective ampten, en bedienin„
gen, die wij aengenomen hebben, of daer inne
wij namaals gestelt mogten werden, wel
en getrouwelijk, in alle behoorlijke onderda„
„nigheijd te quijten en te dragen,
Soo waarlyk helpe ons god al„
„magtigh,
nagapatn:
etca,"
NL-HaNA_1.04.02_8834_0234.xml,"Van Cormandel onder dato 3.:' Meij A.o 1722
Nagapatnam in rade van Cormandel
den 15. ' Januarij A„o 1721. (was getekent)
I: v: burg, G=n Maire, H„k Iacobs, Dla„
A„ v„ Weede, I„s Immens, Corn: van
Outvelt, H„k Haak, Fred=k Elliot, B: V:
Duijn, Crist:n Poleman d' F. , —
Wij ondergesz: Gerrit westrenen,
gouverneur, en directeur van wegen de ver„
„eenigde nederlandsen geactroijeerde oost indiso
Comp„e ter Custe Chormandel, nevens der
raad,
verklaren ende Certificeren bij desen, dat
op heden alle den volke alhier, opentlijk
hebben doen voorlesen, d'Acte van
Authorisatie, wegens de aenstellinge
van den Hooog Ed„len Heer Henric=
an
Zwaardecroon, en het hoog aensienelijk
ampt van Gouverneur generaal van neder„
„lants india, mitsgaders met de behoorlijke
solemniteijten, haar afgenomen den Eed,—
waar bij sij goedwillig, en met volle gene„
„gentheijd betuijgt, en beswooren hebben
hoog gem: heer Henric Zwaardecroon
als"
NL-HaNA_1.04.02_8834_0235.xml,"227
Van
Cormandel onder dato 3:' meij A„o 1721
als Gouverneur Generaal, wegens den staad
der nederlantsen g'octroijeerde oostindise
Comp=e in dese indise gewesten te sullen
eeren, Erkennen, en respecteren, mitsgad=s
alle getrouwigheijt en obedientie betoo„
„nen,
Actum Nagapatnam den 15. ' Januarij —
A„o 1721, /onderstont / was geteekent/ G=t
westrenen, S: v: Burg, G=r Maire,
H„k Iacobs, A: Pla, A: v: weede, I„r Im„
„mens, H„k Haak, Fred„k Elliot, B: V:
duijn, Crist:n Poleman d„o J„o.
Ik ondergesz: willem van sijl
boekhouder, en opperhoort nevens den raad
ten desen Comptoire Portonovo, verclaren
en Certificeren bij desen, dat op heden alle
den volken alhier opentlijk hebben doen
voorlesen, de acte van Authorisatie, —
wegens d' aanstellinge vanden hoog Edelen
Heer Henric Swaardecroon, in het hoog
aensienlijk ampt van gouverneur generaal
van nederlands India, mitsgaders met behoor„
„lijke solemniteijten, haar afgenomen den Eed,
waar"
NL-HaNA_1.04.02_8834_0236.xml,"Van Cormandel den 3 Meij A„o 1721/
waar bij sij goed willig, met volle genegenth„t
betuijgt, en besworen hebben, hoog gem:
Heer Henric Zwaardecroon, als gouver
neur generaal, wegens den staat der neder„
Nts.
„lantse g'octroijeerde oostindische Comp=e
in dese indijse gewesten, te sullen eeren,
erkennen, en respecteren, mitsgaders alle
trouwe, en gehoorsaamheijt bethoonen,
Aldus gedaan In't N=ts Comptoir Porto¬
„novo den 15. ' Januarij A„o 1721, (was ge„
„teekent) W: v: zijl, Arn„t oosterhaven
M„r Dfeiffer, —
Wij alle dienaren vande generale
nederlantse oostindische Compagnie, hier
ten Comptoire Tegenepatnam, onder de
gehoorsaamheijd van deselve Comptoire be„
„scheijden, geene uijtgesondert, beloven
en sweeren, dat wij de doorlugtige hoog
mogende heeren Staten Generaal, vande
vrije vereenigde nederlanden, als onse —
hoogste en souveraine overheijd, en de be„
winthebberen vande Generale nederlantse
oostindise Compagnie, mitsg„s ook den tegen
woordigen"
NL-HaNA_1.04.02_8834_0237.xml,"229
Van Cormandel onder dato 3. ' Meij A„o 1721,
woordigen gouverneur generaal, over oostin„
„dien, Hendrik Zwaarde Croon, gehouw en
getrouw sullen zijn, en dat wij alle ordres
soo bij den articel briev, ende ordonnantie, —
bij de voorsz: bewinthebberen, ofte ook bij—
den welgem: gouverneur Generaal, en ra„
„den van Jndia alreede gemaakt, als die bij
haarlieden, en alle andre onse Commandeurs
en bevelhebbers geduurende onse dienst,
nog gemaakt sullen werden, naar onse —
uijtterste vermogen sullen nacomen, en
wijders opvolgen, in allen deelen, de ordres
vanden voorengem: gouverneur generaal,
ende zijne raden, benevens die van onse over
„heden, en mindere bevelhebbers, en sulx alles
te doen, wat in sonderheijt bij den articel —
briev ten belangen van de dienaars, en bij
de successive ordonnantie, ten reguarden
van de borgers en verdre onderdane uijt„
„gedrukt staat,
soo waarlijk Helpe ons god almag„
„tigh, —
Ik ondergesz: Arend vanden
heuvel adsistent in dienst der Ecomp=n"
NL-HaNA_1.04.02_8834_0238.xml,"Cormandel onder dato 3. ' Meij A„o 1724
Van
en resident ten Comptoire tegenepatnam ver„
claren en Certificeren bij desen, dat op heden
d' inlandse bediendens, hier ten Comptoiren, —
opentlijk voorgehouden hebben de Contenure der
acte van Authorisatie, nobens de aenstellinge
van den hoog Ed=len heer Henric Zwaardecroon
in het hoog aansienelijk ampt van gouverneur
generaal over nederlands Jndia, belovende en
swerende, wijders dat ik de doorlugtige hoog
mogende heere staten generaal der vrije ver„
„eenigde nederlande, als mijne hooge, en souvr„
„reijne hoverigheijd, de bewinthebberen vande
generale nederlantse geoctrooijeerde oostindise
Comp=en, en ook wel gemelte gouverneur, —
generaal, gehouw en getrouw sal sijn, mitsg=s
zijn Edelh„t, in die Eminentie Chargie, here,
Erkennen, en respecteren, voorts alle ordres
soo bij den articel briev, en de ordonnantie,
bij de voorsz bewinthebberen, ofte ook bij den
gem: gouverneur generaal, en de Raden van
Jndia, al reede gemaakt, en die bij haarlieder,
en alle andre Commandeurs, en bevel hebbe„
„ren nog gemaakt sullen worden, na mijn
uijtterste vermogen na te Comen, en wijders
in alle deelen opvolgen, de ordres van den voorn:
gouverneur Generaal, en sijne raden, benevens
die van mijne overheden en mindere bevel„
hebbers"
NL-HaNA_1.04.02_8834_0239.xml,"231
Van Cormandel onder dato 3:' Meij A„o 1721.
hebbers, en sulx alles te doen, wat in son„
derheijt bij den articel briev ten belang van
de dienaren, en bij de successive Ordonnantie
ten reguarden der verdre onderdanen uijt gedrukt
staadt;
Soo waarlijk help mij god Almagtigh,
Tegenepatnam den 29. ' Januarij A„o 1721.
(was getekent/ A„ VHeuvel,
ondercoopm: en opperhoovt, van wegen de —
vereenigde nederlantse g'octroijeerde Oosjndise
Comp=e, ten desen Comptoiren Sadraspatnam,
nevens den raad, verklaren en Certificeren
bij dezen, dat op heden alle den volke, alhier
opentlyk hebben doen voorlesen, d' Acte van
Authorisatie, wegens de aanstellinge van
den hoog Ed=len Heer Henric Zwaarde Croon,
in't hoog aansienlijk ampt, van Gouverneur
generaal, van nederlands India, mitsg„s met
de behoorlijke solemniteijten haar afgenomen,
den Eed, waar bij sij goedwillig, en met volle
genegentheijt betuijgt, en besworen hebben,
Ik ondergesz: Andries. Boel¬
hoog"
NL-HaNA_1.04.02_8834_0240.xml,"Van Cormandel onder dato 3. ' meij A„o 1724
hoog gem: Heer Henric ZwaardeCroon, als
gouverneur generaal, wegens den staat der
nederlandse geoctroijeerde oostindise Comp=en,
in dese oostindijse gewesten, te sullen
eeren, Erkennen, en respecteren, mitsg=s
alle getrouwigheijd en obideentie bethonen,
Actum sadraspatnam den 26:'
Jannuarij A„o 1721 /was getekent/ Ar:
Boel, W=m Wijland, G: Gouds,
Eed van Getrouwigheijd
wij alle dienaren vande generale nederlant„
„se oostindise Comp„e soo van den publique
Godsdienst, als vande Commercie, militie, -
Zeevaart etc. a, mitsg„s ingesetenen, bescheij„
„den onder d' g'hoorsaamheijd, en 't gebied van
deselve Compagnie, geene uijtgesondert, beloven,
en sweeren, dat wij de doorlugtige hoog—
Mogende heere Staten Generaal, vande vrije
vereenigde nederlande, als onse hoogste en
souvereijne overheijd, en de bewinthebberen
vande generale nederlantse oostindis Comp„e
mitsgs
ƒ"
NL-HaNA_1.04.02_8834_0241.xml,"233
Van Cormandel onder dato 3. ' Meij A„o 1724.
mitsg„s ook den tegenwoordigen gouverneur
generaal van Oostjndien, Henric Zwaarde
Croon, gehouw en getrouw sullen zijn, en
dat wij alle ordres soo bij den articel briev,
en de ordonnantien, bij de voorsz: bewint heb„
„beren, ofte ook bij den welgemelte Gouverneur
generaal, en raden van India, al reede—
gemaakt, als die bij haar lieden, en alle
andre onse Commandeurs, en bevelhebberen,
geduerende onsen dienst, nog gemaakt, sul„
„len werden, naar ons uijtterste vermogen
sullen nacomen, en wijders opvolgen in al„
„len deelen de ordres van den voorgenoemden
gouverneur Generaal, en zijn raden, bene„
„vens die van onse overheden, en mindre
bevelhebbers, en sulx alles te doen, wat
insonderheijt bij den articul briev, ten
belange van de dienaars, en bij de succes„
sive ordonnantien ten reguarde vande
borgers, en verdre onderdanen uijtgedrukt
Soo waarlijk Helpt ons god=
Almagtigh;
Wij ondergesz: Cornelis de Munt, coop„
„man
staat,"
NL-HaNA_1.04.02_8834_0242.xml,"Van
Cormandel onder dato 3. ' meij A„o 1721
man, en opperhoopt nevens den raad, wegens
de generale nederlantse oostindise Comp„e ten
desen Comptoire Palliacatta, verclaren, en
Certificeren bij desen, dat op heden alle
den volke alhier opentlijk hebben doen
voor lesen, d' Acte van Authorisatie, bij haar
Ed„le agtbaarhedens, de hooge regeringe van
Jndien, sub dato 10 Septemb„r des voorleden
jaars 1720, aenden hoog Edelen heere Gouver„
„neur generaal Hendrik Zwaarde Croon
verleent, Continerende zyn edelheijds be„
„vestinge, en publicqe introductie in het
generaal gouvernement van Jndien, mitsg„s
met de behoorlijke solemniteijten haar
afgenomen, den Eed, waar bij gewillig,
en met volle genegentheijd betuijgd, en
besworen hebben, hoog gem: heeren Hen„
„rie Zwaardecroon als gouverneur ge„
„neraal wegens den staet der generale
nederlantse oostindische Comp=en, in desen
gewesten te eeren, erkennen, respecteren,
en wijders alle getrouwigheijd, en obedientie
te bethoonen, Actum in't Casteel Geldria
tot Paliacatta den 19 Jan„rij A:o 1721. / was ge„
„tek„t/ Cor: de munt, Ioh„s Spits, Louis victor, G„s
van schrick, I: P: Rieketiet Gesw: scriba, —"
NL-HaNA_1.04.02_8834_0243.xml,"235
Van Cormandel onder dato 3.:' Meij A„o 1721,
Wij ondergesz: Cornelis de Munt,
Coopman, en opperhoopt, nevens den raad
wegens de generale nederlantse oostindise
Comp„e ten desen Comptoiren Palliacatta
beloven en sweeren, dat wij de doorlugtig
hoog mogende heere Staten. Generaal, der
vrije vereenigde nederlanden, als onse —
hoogste, en souveraine overheijd, en de be„
„winthebberen vande generale nederlantse
oostindise Comp=e, mitsg„s ook den jegenwoor„
digen Gouverneur Generaal over oosjndien
Henric Swaardecroon gehouw, en ge„
„trouw sullen sijn, dat wij alle ordres, soo
bij den articel briev, en de ordonnantien,
bij de voorsz bewinthebberen, ofte ook bij
den welgem: gouverneur generaal, en de
raden van India, alreede Gemaakt, als die
bij haarlieder, en alle anderen onse Com„
„mandeurs, en bevelhebbers, genduerende on„
„se dienst nog gemaakt sullen werden, na
ons uijtterste vermogen, zullen nakomen,
en wijders opvolgen, in allen deelen, d'ordres
van den voren genoemden Gouverneur gene„
„raal en sijne raden, benevens die van
onse overheden, en mindere bevelhebberen,
en sulx alles te doen, wat in sonderheijt bij
den"
NL-HaNA_1.04.02_8834_0244.xml,"Van Cormandel onder dato 3:' meij A„o 1721.
den articulbriev, ten belangen der dienae„
„ren, en bij de successive ordonnantien
ten reguarde van de borgers, en verdere —
onderdanen, uijtgedrukt, staat,
Soo waarlijk helpe ons god
„Almagtigh,
Acctum in't Casteel geldria tot Palli¬
„acatta den 19. ' Januarij A„o 1721, /:was gete„
kent / Corn: de Munt, Ioh:s Spits, Louis—
Victor, G„s van Schriek, I: P: Riecke„
„tiet gesw: scriba,
Verrijn,
Wij ondergesz: Paulus
opperhoovt van wegen de vereenigde neder„
„lantse g'octroijeerde Oostjndise Comp=e over
Noorder Cormandel, nevens den raad, ver„
„claren ende Certificeren bij desen, dat op
heden alle den volke alhier, opentlijk heb„
„ben doen voorlesen, d' Acte van Authorisa„
„tie, wegens de voorstellinge van den hoog
Edelen heer Henric Zwaardecroon in het
hoog"
NL-HaNA_1.04.02_8834_0245.xml,"237
Van Cormandel onder dato 3:' Meij A„o 1721.
hoog aensienlijk ampt, van gouverneur ge„
„neraal, van nederlants India, mitsg„s met
de behoorlijke solemniteijten haar afgenomen,
den Eed, waar bij zij goedwillig, en met
volle genegentheijd getuijgt, en geswooren
hebben, hoog gem: heer Hendrik Zwaar„
„deCroon, als Gouverneur generaal, wegens
den staat der nederlantse g'octroijeerde—
Oostindise Compagnie, in dese indise —
gewesten te sullen eeren, erkennen, en
respecteren, mitsg„s alle getrouwigheijt en
obedientie bethonen,
Actum Masulipatnam den 6 feb=rij
P„r Verrijn, A: V:
A„o 1721, (was getekent)
Noort, Ps„ Hollebeek, N: Witmont,
Herm„s Taarling P„d en eerste G„e Clercq„
Wij Beloven en sweeren, dat wij de
hoog mogende heeren staten generaal der ver„
„eenigde nederlande, als onse hoogste ende
souvereijne Overheijd, de bewinthebberen van
de generale g'octroijeerde Oostindise Comp=e,
mitsg„s de gouverneur generaal Henric
Zwaar"
NL-HaNA_1.04.02_8834_0246.xml,"Van Cormandel onder dato 3:' meij A„o 1721,
zwaardecroon, nevens de raden van India, —
en voorts alle bevelhebbers over ons gestelt,
gehouw en getrouw te sullen zijn, ende ons
een ijder na sijn uijtterste vermogen, in onse
respective Ampten, en bedieningen die wij aan„
„genomen hebben, ofte daer inne wij naarmaals
bij den voorsz: gouverneur generaal, ende —
raden gestelt mogte werden, wel en getrouwe„
„lijk, in alle behoorlijke onderdanigheijt quij„
„ten en gedragen,
Soo waarlijk helpe mij God Ab„
„magtigh,
Masulipatnam den 6 febrij A„o 1721, —
(was geteekent) P„s Verrijn Noort, P„l
Hollebeek, N: witmont, Herman:s
Taarling P„l E„t Clercq,
Wij ondergesz Cornelisz Boude¬
„wijns de sterre, ondercoopman, en dirk
Le pair, Boekhouder, van wegen de ver„
„eenigde G'octroijeerde oostindise Comp=en
residenten ten desen Comptoiren, verclaren
en Certificeren bij desen, dat wij alle den
volke alhier, opentlijk hebben doen voorlesen,
d'acte"
NL-HaNA_1.04.02_8834_0247.xml,"239
Van Cormandel onder dato 3.:' Meij A„o 1721,
Eed van Getrouwigheijd
d'Acte van authorisatie, wegens de voorstel„
„linge van den presenten hoog Ed„le Heer Hen„
„rie Zwaarde Croon, in 't hoog aensienlijk
Ampt, van gouverneur generaal, van ne„
„derlants Jndia, mitsg„s met de behoorlijke—
solemniteijten haar avgenomen, den Eed, waar
bij zij goedwillig, en met alle genegentheijt
getuijgt, en gesworen hebben, hoog gemelten
Heer Henric SwaardeCroon, als gouver„
„neur generaal wegens den staat, der welge„
melte Compagnie, in dese indise gewesten,
te zullen eeren, Erkennen, en respecteren,
mitsgaders alle getrouwigheijd en obedientie
bethoonen, soo als dat behoort,
Actum Palicol den 9. ' feb=rij A„o 1721.
(was getekent) C„s B„s desterre, D„k le
Pair;
Wij alle dienaren vande gene„
„rale vereenigde nederlantse oostindische
Comp=e, soo van de justitie, en publigen —
Godsdienst, als vande Commercie, Militie,
Zeevaart"
NL-HaNA_1.04.02_8834_0248.xml,"Cormandel onder dato 3. ' Meij A„o 1721.
Van
Zeevaart, etc„a mitsg„s borgers, en ingesetene,
bescheijden onder de gehoorsaamheijd, en 't ge„
bied van deselve maatschappij, geene uijtgeson„
„dert, beloven, en sweeren, dat wij de dogr Eug„
„tige hoogmogende heeren Staten generaal
vande vrije vereenigde nederlanden, als —
onse hoogste en souvereijnste overheijt, —
en de bewinthebberen vande generale neder
„lantse oostindise Comp=e, mitsgaders ook den
tegenwoordigen gouverneur generaal over oost
Indien Hendrik Zwaardecroon, gehouwen
getrouw zullen zijn, een dat wij alle ordres
soo bij den articel briev en de ordonnantien,
bij voortsz bewinthebberen, ofte ook bij den
gem: gouverneur generaal, en raden van
India alreeden gemaakt, als die bij haar E:—,
en bij alle andre onse commandeurs, en —
bevelhebberen, geduerende onsen dienst nog
gemaakt zullen werden, naar onse uijtter„
„ste vermogen sullen naar komen, en wijders
opvolgen in allen deelen de ordres vanden
voorgemelten Gouverneur generaal, en zijne
rades, benevens die van onse overheden,
en mindere bevelhebbers, en zulx alles te
doen wat in sonderheijt bij den articel briev
ten belangen vande dienaars, en bij de
succes"
NL-HaNA_1.04.02_8834_0249.xml,"Van Cormandel onder dato 3.:' Meij A„o 1721,
successive ordonnantien, ten reguarde vande
borgers, en verdre onderdanen uijtgedrukt staat,
Soo waarlijk helpe ons god al„
„magtig
No.
Comptoir Palicol den 9. ' febri
In't
^ /was getekt/
Do
CB„s desterre, D„k Le Pair, —
A„o 1721„
F„ J„ Thielens,
Guillot
Wij ondergesz: Elias
onder Coopman, en Guilliam Corthals, —
boekhouder, opperhoovden van wegens de ver„
„eenigde nederlantse g'octroijeerde oost in
6n
dise Comp=e ten Comptoire daatscherom
gehoorende onder 't gouvernement van Chor„
„mandel, verclaren en Certificeren bij desen,
dat op heden alle 's Comp„s, soo neder, als jnlant„
se dienaren, alhier, opentlijk hebben doen
voor lesen de acte van authorisatie, wegens
de aanstellinge en daer op gevolgde, ap„
„ probatie, door onse heeren majoores, vanden
Hoog Edelen Heer Henrik Zwaarde Croon
in 't hoog aensierlijk ampt van gouverneur
generaal van nederlants India, mitsgaders
met de behoorlijke solemniteijten, haar afge„
nomen
241"
NL-HaNA_1.04.02_8834_0250.xml,"Van Cormandel onder dato 3. ' Meij A„o 1721.
nomen den Eed, waar bij sij goed willig, en
met volle genegentheijt, gethuijgde, en be„
swooren hebben, hoog gem Heer Henric=
ZwaardeCroon als gouverneur generaal, —
wegens den staat der nederlantse g'octroijeerde
Oostindise Comp=e, in dese indische gewesten,
te sullen Eeren, en kennen, respecteren,
mitsgaders alle getrouwigheijd, en obedientie,
bethoonen,
In't nederlants Comptoir
Daat„
cherom den 14. ' Februarij A„o 1721,
/was getekent/ Elias Guillot, G=r. Coethals,
wij alle dienaaren vande ge„
nerale nederlantse g'octroijeerde oostindise
Comp=e, hier ten Comptoire Daat cherom,
bescheijden onder de gehoorsaamheijt en het
gebiet van deselve Comp„e, gene uijtge„
„sondert, beloven en sweeren, dat wij de
doorlugtige hoog mog: heeren staten ge„
„neraal van de vrije vereenigde nederlanden,
als onse hoogste, en Gouvereinste overheijt,
en de bewinthebberen van de generale ne„
der lamt"
NL-HaNA_1.04.02_8834_0251.xml,"243
Van Cormandel onder dato 3. ' meij A„o 1721
nederlantse oostindise Comp=e, mitsg„s ook den
tegenwoordigen gouverneur generaal van
oostjndia Henric Zwaarde Croon gehouw
en getrouw sullen zijn, en dat wij alle —
ordres soo bij den articel briev, ende ordon„
„nantie bij de voorsz: bewinthebberen, ofte
ook bij den wel gemelten gouverneur generaal,
en raden van Jndia, alreede gemaakt, als die
bij haarlieden, en alle andre Commandeurs, en
bevelhebberen, geduerende onsen dienst, nog
gemaakt zullen werden, naar onse uijtter„
„ste vermogen sullen nakomen, en wijders
opvolgen, in allen deelen de ordres vanden voor
gem:te Gouverneur en sijne rade, benevens
die van onse overheden, en mindere bevel-
„hebbers, en sulx alles te doen, wat in son„
„derheijt bij den articel briev ten belange
vande dienaars uijtgedrukt staat,
Soo waarlijk helpe ons God=
almagtigh,
/onderstont / was geteekent/ Elias Guillot,
Gm Corthals, —
Ik ondergesz: Ruijs van doornik,
onder"
NL-HaNA_1.04.02_8834_0252.xml,"Van Cormandel onder dato 3:' Meij A„o 1724
ondercoopman, en opperhoovd, nevens den raad
tot Bimilipatn:, verclaren, en Certificeeren
bij desen, dat op heden alle den volke alhier,
opentlijk hebben doen voorlesen, de Acte—
van Authorisatie, wegens de voorstellinge
van den hoog Ed=len Heer Henric Zwaarde„
„croon in 't aensienlijk ampt van gouver„
neur generaal van nederlants India, mitsg„s
met de behoorlijke solemniteijten haar af
genomen, den eed, waar bij zij goedwillig,
en met volle genegentheijd getuijgen, en ge„
„swooren hebben hoog gem Heer Henrik—
swaardecroon, als gouverneur generaal,
wegens den staat der nederlantse geoc„
„troijeerde oostindische Comp=e, in dese indi„
„se gewesten, te zullen Eeren, erkennen,
en respecteren, mitsgaders alle getrouwig„
„heijd en obedientie te betoonen,
Actum Bimilipatnam den 9:' febr„j
1721 /onderstont / was Getekent/ R: V:=
Doornik, A: v: Berlecom,
G„t Wes„
„trenen. G„ts zoon,
Wij alle dienaren vande generale
neder"
NL-HaNA_1.04.02_8834_0253.xml,"295
van
Cormandel onder dato 3. ' Meij A„o 1721
nederlantse Oostjndise Comp=e, bescheijden.
onder de gehoorsaamheijd en het gebied van
deselve Comp„e, geene uijtgesond„t, belooven
en sweeren, dat wij de doorlugtige hoog
mogende heeren Staten Generaal, van de
vrije vereenigde nederlande, als onse hoog„
„ste, en souvereijne overheijd, en de bewint„
„hebberen der generale nederlantse oostjndi„
„se Comp=e, mitsg„s ook den tegenwoordigen
gouverneur generaal over oostinden Henric
zwaarde Croon, gehouw, en getrouw sullen
sijn, en dat wij alle ordres, soo bij articul
briev, ende ordonnantien, bij de voorsz: be„
„winthebberen, ofte ook bij den welgemelten
gouverneur generaal, en Raden van Jndia,
alreede gemaakt, als die bij haar lieden,
en alle andre onse Commandeurs, en bevel„
„hebberen geduerende onsen dienst nog ge„
„maakt sullen werden, naar ons uijtterste
vermogen zullen nakomen, en wijders op„
„volgen, in alle deelen, de ordres van den
voorgenoemden Gouverneur generaal, en
sijne raden, benevens die van onse overhe„
„den, en mindere bevelhebbers, en sulx al„
„les te doen, wat insonderheijt bij den articel
briev"
NL-HaNA_1.04.02_8834_0254.xml,"Van Cormandel onder dato 3:' Meij A„o 1721
briev, ten belangen vande dienaars, en bij
de successive ordonnantie uijtgedrukt staat,
Soo waarlijk helpe ons God al„
„magtigh,
/onderstont / was getekent/ R: v: doornik,
A: V: Berlekom, G„t westrenen en
Zoon, J: V: Heuven, —
Masulipatnam,
Aan den E. E. Poulus
Verrijn oppercoopman
en Opperhooft over
Noorder Cormandel
benevens den Raad
Aldaar,
E E Heer en
Messieurs
heden na de middag Comen hier ter rheede
twee scheepen met hollantse vlagge, voerende
het eene de wimpel van boven, en cregen kort
daar"
NL-HaNA_1.04.02_8834_0255.xml,"247
Van Cormandel onder dato 3.:' meij A„o 1721,
daar aen, een brievje, door den EE heer ge„
zx
eligeert secunde, deser Custe Cormandel
dirk van Cloon, aen't opperhoovt van
Doornik en raad gesz: aende wal, wel„
„kers afschrivt desen verselt, hebbende niet
cunnen nalaten uEE hier van Cito kennisse
te geven, waer mede dese finerende, be„
„pelen wij uE E„s geEerde persoonen nevens
's Comp„s waarde handel, inde trouwe hoede
Godes, en blijve na gants nedrige groete,
/onderstont/ E: E: heer en messieurs, uE—
gehoorsame dienaaren /was getekent/ R: v:
doornik, A=m v: berlekom, G„t westrenen
g=t zoon, /in margine/ bimilipatnam
den 23 januarij A„o 1721, /Lager/ P: S: gaat
af savonts ten negen uuren /nog lager / —
accordeert / getekent/ Hermanus taarling
eerste Clercq,
Bimilipatnam
Aen den E: ruijs van doornik
en den raad aldaer,
Goede Vrinden
desen"
NL-HaNA_1.04.02_8834_0256.xml,"Van Cormandel onder dato 3. ' Meij A„o 1721,
dese dient in aller ijl, tot Communicatie,
dat alhier ter rheede verscheenen sijn,
de: scheepen de Magdalena, en de Haringtuin, —
door haar hoog Edelh„s op Batavia, over
Malacca, en noorder Cormandel, naar
Nagapatnam gedestineert, onder 't comman„
„do en gesag van den ondergetekende, in qualit„t
van geëligeert secunde, van't Cormandels gou„
„vernement, en hoovd administrateur van
Nagapatnam, met soodanige Commissie als
den ondergetekende met zijn Comste aen de —
wal, uE communiceren sal, ten welken fijne„
ten alderspoedigste drie a vier Chialengen ver„
„wagte, om mij daar heen te transporteren,
ik blijv uE Dienst genegen vrunt, Dirk
van Cloon, in't schip Magdalena den 23. '
Januarij 1721, /onderstont / accordeert /was ge„
„tekent / A=m V=n Berlekom, / Lager / accordeert
(geteekent/ hermann„s taarling eerste Clercn;
Extract missive door het
opperhoovt en raad des Compt„r
Bimilipatnam in dato 24.'
Ianuarij na herwaarts ge„
„schreven,
den"
NL-HaNA_1.04.02_8834_0257.xml,"299
Van Cormandel onder dato 3.:' Meij A„o 1721,
den 23. ' deser savonds ten negen uuren, —
hebben wij uE E„s in alderhaast de komst
vande schepen d' Magdalena, en d' Haring„
„tuijn te deser rheede onder 't Commando
van den EE heer, en m„r Dirk van Cloon,
oppercoopman en g'eligeert secunde der
Custe Cormandel, met twee Expressen be„
„kent gemaakt, gesegden E: E: heer is nog
dien selven avont naar't afgaan onser be„
„rigt gesont en wel te pas aen Land geco„
„men, 'sandren daags vraagden zijn E. E. ons
na voorlesinge vande instructie zijn E: E:
door haar Ed„le Hoog agtbaarhedens de hooge
indische regeeringe tot batavia, inhandigt
dit Comptoirtje betreffende, hoe veel Pac„
„ken klaar in den band, tot de versendinge
vaardig hadden, met ordre van schrivtelijk
antwoort, te geven, wijders dat wij 'scomp„s
Coopl: souden laten roepen, en haar af„
„vragen hoe veel ronde peper zij buijten„
de beijde pachuijsen berustende in 21000 lb
bestaande, vermeenden in een rondjaar te
sullen kunnen vertieren, om dan sodanigen
quantiteijt volgens de intentie van wel„
melte haar Ed: hoog Agtbaarhedens uijt het
schip"
NL-HaNA_1.04.02_8834_0258.xml,"Van Cormandel onder dato 3:' Meij A„o 1721,
schip d' Magdalena aen Land te doen ko„
„men, 't geen door ons is gedaan, en hebben
„
de Coopl: nog versogt veertig duijsent pon„
„den zijn E. E: sulx g'rapporteert wesende,
passeerde aenstonts een ordonnantije, op de=
overheden van laast genoemden bodem, om
gementioneerde quantiteijt aen lant te laten
Comen, met welke te ontlossen, thans besig
zijn, daar na Liet zijn E:E: den schipper van
de Haringtuin roepen, en gelasten hem
claarigheijt te maken, om de hier gereed leg„
„gende packen in te nemen, waar op dien man
verclaarden, dat sijn decken sedert dat van
de Caas de goede hoop vertrocken, niet g'cal„
„laat waren, en op veel plaatsen deurleckten,
uijt dien hoovden niet in staet te zijn, packen
te Laden, voor en al eer de Decken behoorlijk
gecalfaat waren, hem weder, door zijn E: E: ge„
„vraagt zijnde hoe veel Calvaters benodigde, —
antwoorden thien, die zijn E: E: ons ordonneer„
„den ten eersten na boort te senden 't geen
gevolg nam, daer toe nog om het werk soo veel
mogelijk voort te setten, de timmerlieden
van de Magdalena ook geprest zijn, geworden,
des wij zosdra, dat werk verrigt zal wesen,
met"
NL-HaNA_1.04.02_8834_0259.xml,"251
Van Cormandel onder dato 3. ' Meij A„o 1721. —
met den afscheep der packen, een begin sul„
„len maken, en soo spoedig doenlijk voortgaan,
desen verselt een pacquet papieren aen uE: E:s
verschreven, ons door voorm: E:E: heer, en m„r
dirk van Cloon inhandigt /onderstond/
accordeert /was geteekent/ herman„s taarling
Eerste Clercq;
Nagapatnam
Aan den Edelen agtbaren Heer
Gerrit Westrenen
gouverneur en directeur deser
Eusto Cormandel en den
raad aldaer
De schepen Magdalena en d' Haringtuijn
/:agter volgens het gepreadverteerde door haar
hoog Edelens tot Batavia, bij derselver
gevenereerde missive van 30 septemb.:r jongstz:
over malabaar en Tutucorijn p„r 't schip de
generale vrede uEd: agtb: waarte afgesonden:/
op den 17. ' octob. r daer aen van batavia naar —
Malacca, en weder van daar den 17.:' dervol„
Edele agtbaren Heer,
„gende"
NL-HaNA_1.04.02_8834_0260.xml,"Van Cormandel onder dato 3.:' meij A„o 1721. —
gende maand december, herwaarts aen geseijlt,
onder 't commando van den ondergetekende, —
gistren in de namiddag behoude hier ter heeede
aengeland wesende, vint den selve zig ver„
„pligt, uE agtbaren bij desen op 't alderspoe„
„digsten daer van condschap te geven, mitsg=s
dat hij in voldoeninge van welmelte haar Ed=le
gr: agtbaarhedens geëerde ordres, hem op zijn
depart van gemelte Indiase hooftplaat ze,
bij schrivtelijke instructie ter hand gestelt,
bereijts een begin gemaakt heeft, met het
doen ontlossen van veertig duijsent lb peper
uijt eerstgenoemden Bodem, voor een vol
Jaar, sleet van dit Comptoir na de gemaakte
Calculatie, en opgave van den opperhoovder,
en 's EComp„s handelaars alhier, zullende —
naer verrigtinge van dat werk, ook soo—
spoedig doenelijk weder ingevende kleeden
packen alhier in voorraad zeggende ten ge„
„talle van 282 packen diverse Cleeden in
't schip d' Haringtuijn, 't welk men thans
op 't requisit van desselvs schipper strek
besigis,te laten kalfateren, soo door in
„landers van dit Comptoir, als de timmerlie„
„den van beijde de scheepen voormelt, omme
aldus"
NL-HaNA_1.04.02_8834_0261.xml,"253
Van Cormandel onder dato 3. ' Meij A„o 1721
aldus ten eersten in staat te raaken van
dese plaats naar Masulipatnam en soo—
vervolgens langs de zuijder Comptoiren
na Nagapatnam te connen afsaeken, —
na de intentie van de hoog Indise regeringe,
gelijk uE agtbare dat nader Consteren sal,
uijt de hier besijden gaande 's EComp„s —
missive, en de avschrivten van haar hoog Ed=ns,
schrijvens in dato 30. ' Septemb:, en instruc„
„tie hier vooren gewaagt, uijt 't origineel
pacquet onder mij ongesloten berustende ge„
„ligt, om redenen deselve bij 't duplicaat
thans overgaende niet gevoegt zijn, waer
aen mij eerbiedig roferere terwijl wijders
desen nog verselt, een open briev van den
Ed: agtb: heer gouverneur en raad tot Ma„
„lacca, al mede aen uEd: agtb: beschreven,
hier mede afbrekende bevele uEd: agtbare ens. '
E. Comp„s belange in godes protectie, en blijve
met veel agting. / onderstond/ Edele agtbare
Heer, uEd Agtbare seer nedrige en gehoor„
„same dienaaren /was getekent/ Dirk van
Cloon (in margine) Bimilipatnam
den 24. ' Januarij A„o 1721,
Extracten"
NL-HaNA_1.04.02_8834_0262.xml,"Van Cormandel onder dato 3:' meij A„o 1721.
Extracten uijt de mis„
„sivens door de masulipat„
„namse Opperhoovden in dato,
10. ' en 25. ' februarij na her„
waarts geschreven,
Onderwijle dat gistre middag den E: E:
heer g'eëligeert secunde van't Cormandels
gouvernement M„r Dirk van Cloon,
van Bimilipatnam met voorgesegde
bodems, d'Magdalena en Haringthuin
te deser rheede, en vervolgens 'savonts
alhier behouden aen de wal is aengecomen,
en zijn voorts de beijde scheepen de—
Magdalena en d' Haringthuijn, onder
godes Zegen, en Commando van den E: h„r
en M„r Dirk van Cloon, geëligeert —
secunde van dit Cormandels gouvernement,
den 23. ' deser na Palliacatta gedepe„
„cheert, maar door contrarie winden, —
eerst heden desen morgen onder zeijl
gegaan, en nu al buijten het gesigt—
geraakt, wij wensen die bodems een
geluckige en voorspoedige reijse, mitsg=s
dat"
NL-HaNA_1.04.02_8834_0263.xml,"255
Van Cormandel onder dato 3. ' meij A„o 1721
Goede Vrienden,
dat uE:d Agtbare nader ordre in tijds tot
Palliacatta vinden mogen, /onderstont/
Accordeert W=m Criclaard eerste Clercq,
Aen de Opperhoofden der
ren
gesamentlijke Zuijder Comptn
Palliacatta
Sadraspatnam en
Porto Novo,
mits de spoedige overcomst van de scheepen
meijnden, en d' stad Leijden van dese Cust
op batavia den 25. ' september Laast E: heb„
„ben haar hoog Ed=ns den 27. daer aan uijtwijsers
d' ingeslote Extracten uijt der selver g'eer„
„de missive van 30. d„o in rade van Jndia —
goet gevonden weder herwaarts aen te leg„
„gen, de scheepen d' Magdalena en Haring„
„thuijn met intentie deselve medio octob.:
over malacca en noorder Cormandel dit
heen te senden, waer van den eenen met
peper beladen dan van masulipatnam
Langs"
NL-HaNA_1.04.02_8834_0264.xml,"Van Cormandel onder dato 3:' meij A„o 1721.
Langs de Zuijder Comptoiren sal moeten.
afsacken, etc„a waarom uE dan g'ordonneert
werden wanneer dien peper bodem daar
aankomt, ten alderspoedigste soo veel van
dien Corl daer uijt te Ligten, als uE sullen
oordeelen een ijder voor een rond jaar op
hunne onderhorige Comptoiren tot den har„
„del te vereijssen, en daer in weder af te
schepen, alle de kleede packen, die bij een
Elk in voorraad zullen zijn, mitsg„s maer„
„melde bodem dat sonder eenige de minste
tijd versuijm daer mede na herwaarts te
depecheren, sonder den selven elders om
geene redenen te mogen ophouden; alsoo
welm: haar hoog Ed„ns dien, en ook den an„
„deren bodem weder vroeg tijds, of in 't beijm
vande maand meij op batavia gelieven te
hebben, en waer om uE daer van ook dus
vroeg tijdig kennis wert gegeven, op dat
des te beter in staat soude wesen, al
den voorraad Cleeden voor de verschijning
van dat schip op ue onderhorige Compt=ren
in gereedteijd, en afgepakt te cunnen
krijgen, om den selven dan ook des te spoe„
diger te kunnen dit heen doen komen, om
voor
2"
NL-HaNA_1.04.02_8834_0265.xml,"257
Van Cormandel onder dato 3. ' Meij A„o 1721,
voorschreve redenen, ook moeten uE ons
ten eersten opgeven, wat staat uE maken
hoe veel kleede packen tegens de oridinaire
besending wel meenen in gereetheijt te—
sullen hebben, op dat wij haar hoog Ed„n vol„
„gens derselver g'Eerde ordre, daer van nu't
vereijste berigt kunnen geven, om de —
scheeps ruijmte in maij na herwaarts,
daar na te kunnen schicken, dog met de
vereijste omsigtigheijd, op dat daer op —
kunnen zeker gaan, in 't voldoen van
haar hoog Ed=ns g'eerde Jntentie,
d'acte van Authorisatie Etc„a, wegens de
bevestiging van den hoog Ed=len heer Gou„
„verneur generaal Henric Zwaardecroon
in dat hoog wigtig ampt, zal p„r naasten
vervolgen, met het nodige schrijvens dien aen„
„gaande, waer mede Etc:a, /was getekent/
G„t Westrenen, P: v: burg, G„n Maire, —
H„s Iacobs, A=r Pla, H„k v: weede,
J„b Immens, H„k Haak, F=k Elliot, B„r
V: duijn, en C„n poleman, (in margine/
Nagapatnam den 9. ' Januarij A„o 1721
/onderstont/ accordeert W=m Cricelaart eerste
Clercq,
palliacatta"
NL-HaNA_1.04.02_8834_0266.xml,"Cormandel onder dato 3. ' Meij A„o 1721,
Van
Palliacatta
Aen den E: Dirk van Cloon
oppercoopman en secunde
deses Chormandelsen gou„
„vernements, thans sig ont„
„houdende op 's Comp„s schip
De Magdalena,
Aengesien wij uijt d' Masz: resolutie van 9. '
feb„r hebben gesien, hoe uw' en de bediendens
aldaar swarigheijt hebben gemaakt, wegens
de erlangde tijding der zeerovers, om de twee
Comp„s scheepen d' Haringtuijn en Magda
„Lena, na volgens haar hoog Ed„ns g'eerde or„
„dre vervat, bij brieven van 30. ' septemb
just Lede, ider apart te laten vertrecken,
soo hebben wij ook niet kunnen goed vinden,
deselve alleen tot Palliacatta te laten
bij een blijven, en dan daer van den andre
te doen scheijden, vermits deselve swarig„
Goede vrind,
heijd"
NL-HaNA_1.04.02_8834_0267.xml,"259
Van Cormandel onder dato 3:' Meij A„o 1721.
heijd dan nog overblijft, en daarom wertuE
wel expres gelast, op sigt deses alle spoet
te maken die mogelijk is, om met voorsz:
twee bodems te samen dit heen na Nagap=n
te koomen, na dat alvorens op een ijder
der Zuijder Compt=ren soo veel peper gelost,
en al den voorraad kleede packe weder
ingenomen sullen hebben, gelijk dat door
ons reets na deselve Comptoire g'ordi„
„neert is, bij Circulair schrijvens van 9.'
januarij, twelk uE op een ijder derselver
sult vinden, waer toe bij desen nog voe„
„gen, dat uE evengem=te scheepen om geen
redenen, Elders sult mogen laten tardearen,
of na eenige facture, of andere papieren
doen wagten, maar de opperhoovden gelasten
deselve sonder tijd versuijm te moeten
opmaken, en over Lant na Nagapatnam
senden, en ondertussen ten alderspoedigste
met deselve bodems dit heen Comen, op
dat haar hoog Ed=ns g'eerde ordre om meerm:
scheepen nog vroeg tijdig in meij op Batavia
te kunnen hebben, ten eijnde de ordinaire
besending naar de tijdinge deser Cust te
kunnen reguleren, is 't mogelijk nog vol„
„daen"
NL-HaNA_1.04.02_8834_0268.xml,"Van Cormandel onder dato 3:' meij A„o 1721,
daen werden, dat anders niet wel sal konnen
geschieden, in dien deselve daer blijven
succelen, tot dat de zuijde winden begin„
„nen door te staen, waer mede verblijve —
(onderstont) uw: E: goede vrinden, (was ge„
„tekent/ G„t westrenen, P: v: burg, G=n
Maire, H„s Iacobs, A=n Pla, A: V: Weede, —
J„s Jmmens, H„k Haak, F=k Elliot, —
B„r van duijn, en Cristiaan Poleman,
D: I„o ( in margine) Nagapatnam den
27. ' februarij A„o 1721, Accordeert W=m
Criclaart eerste Clercq. —
Nagapatnam
Aen den Edele agtbare
Heere Gerrit Westrenc
gouvern: en directeur deser
Custe Cormandel met het
resort nevens den raad
Edele Agtbare gebieden
„de Heer
de scheepen de Magdalena, en de Haring
thuin
O"
NL-HaNA_1.04.02_8834_0269.xml,"261
Van Cormandel onder dato 3.:' meij A„o 1721,
thuijn onder de vlagge van den oppercoopman m„r
Dirk van Cloon, gedesigneert secunde deses Cor„
„mandelsen gouvernements, en hooft administra„
„teur tot Nagapatnam den 29. ' der voorleden
maand februarij van Masulipatnam vertrocken,
heden hier ter rheede g'arriveert, en zijn E: aen
de wal getreden sijnde, wert dese thans ten
spoedigste ovgevaardigt, om uw Ed: agtbaren te
verstendigen, terwijl de vijv packen gingams,
en Cambaijen voor India, ter versendinge in
gereetheijd, op morgen vroeg den eerstgem: bo„
„dem sullen ingeven, en daer op inmediatelijk
denselven in geselschap van den anderen sonder
't minste tijd versuijm de reijse naar Tadras„
„patnam laten vervonderen, zullende wijders
den oppercoopman van Cloon agtervolgens uEd.
agtbare recommandatie, soo veel spoedmaken
in zijn derwaarts reijse, als immers doenlijk„
en bij te brengen zal sijn, waer mede uEd:
agtb.: in godes hoede bevelen, en met respect
verblijve /onderstont/ Ed„le agtb: gebiedende Hee„
„re, uE Ed„le agtb: seer onderdanigen, en gehoor„
„samen dienaaren, /was getekent/ Dirk van
Cloon, Corn„s de Munt, J„b Spits, Louis=
Victor, en Gill„s van schriek, /in margine/
Palliacatta
O"
NL-HaNA_1.04.02_8834_0270.xml,"Van Cormandel onder dato 3:' Meij A„o 1721
Palliacatta den 8 Maart Anno 1721,
Nagapatnam
Aen als vooren,
Jn gevolge onse Letteren van gisterigen datum,
werden de scheepen de magdalena en de ha„
„ringthuin, jegenwoordig gedepecheert tot het
vervorderen harer reijse naar Sadraspatnam,
hebbende eerst gen: bodem, desen morgen hier
ter rheede ingenomen
4 pak gingam onderbroeks ordinaire geruijte,
2 d„os gingam taffachelas, met fijne en gemee„
„ne blauwe en witte streepen, —
mitsgaders,
Cambaijen fijne met groote hoovden,
2
„
en kleene boorden
6
5 packen te samen,
waer van 't Cognossement, zulx nader uijt„
wijsen zal, staende de factura te Lande
te volgen,
nog gaat p„r den selven bodem overs, een pak„
je in wax doek besorgt, met goenij omnaijd—
en gemerkt &, daer in
een negotie"
NL-HaNA_1.04.02_8834_0271.xml,"263
Van Cormandel onder dato 3:' Meij A„o 1721
1 negotie journaal
1 groot boek
1 Cassa en oncost boek, en
1 thol boek
alle van 't jongst verstreke boekjaar 17 3/20. voors
Batavia; mitsgaders, )
1 grootboek van 't selve boekjaars voor Nagapatn„
waer mede Etc:a, (was getekent) Dirk van
Cloon, Corn„s de munt, Ioan„s Spits, L„s
victor, en gill„s v: schrick /in margine / Palli„
„acatta den 9. ' Maart A„o 1721, /Lager stond/
accordeert /geteekent/ Iacob=s de vos geauth„
Clercq,
Nagapatnam
Aan als vooren,
gelijk bij brieven van Eergisterigen datum,
uw Ed„le agtb: is ter kennisse gebragt, het
arrivement alhier van de schepen de mag„
„dalena ende Haringtuin- zoo wert desen
thans ook gerigt tot notificatie, dat gem:
bodems 'sdaagh daar aan gedepecheert, de
reijse naar sadraspatnam hebben vervordert,
onder onse geleij Letteren, den oppercoopman
m„r Dirk van Cloon, die heden over den
Land"
NL-HaNA_1.04.02_8834_0272.xml,"Van Cormandel, onder dato 3:' Meij A„o 1721
land weg na evengen: Comptoir reijs vordert,
overhandigt en welkers Copia hier besijden regt,
verselt van de factura der vijff packen gingamse
Cambaijen, voor Jndia, 't schip de Magda„
Lena ingegeven, ten bedragen ƒ4616„2„ 8,
zijnde wijders uijt den selven bodem geen
peper gelost, dewijl men hier ten Comptoire
van _„o Carl voor een Jaar nog genoegsaam
is versien, wijders gaen nog hier nevens ren„
„dement der vercogte Coopmansz inde verle„
„de maant februarij, namentlijk.
3¼ lb foelij of macis
7 7/8 „ Garioffel nagulen
11 3/8 „ noten of rompen
—¼ „ Canneel
1173. —. „ ronde peper
52. „ Aluijn
40. „ heuglood
—½ p„s dubb: beng:s armosijn; waar op gepro„
fiteert is. . . . . . . . . . . . . . . . . ƒ 260. 2. 8.
Een specificatie der ongelden in voorsz:
maand gedaen, waer mede Etc. a, /was getek„t/
dirk van Cloon, Corn„s de munt, Ioan=s
spits, Louis victor, en Gill„s v: Schriek,
(in margine) Palliacatta den 10 Maart 1724,
/lager/"
NL-HaNA_1.04.02_8834_0273.xml,"265
Van Cormandel onder dato 3:' Meij A„o 1721,
Lager/ P„r de scheepen hier inne gemelt sijn
heden voormiddag al uijt 't gesigt, /onderstont/
Accordeert W=m Crielaart eerste Clercq,
Extract uijt een mis„
sive door de Sadraspat„
„namst opperhoopden na
herwaarts gesz: in dato
11'. Maart A„o 1721,
de beijde Lang verwagte 's Ecomp„s scheepen
d' Haringtuin en d' Magdalena, thans hier
in't gezigt gecomen sijnde, Cunnen wij niet
manqueren uEd: agtb: sulx met reverentie
ten spoedigsten te adviseren
Nagapatnam
Aen den wel Ed„le agtb: Heer
Gerrit westrenen,
gouverneur en directeur deser
Custe Chormandel met den
resorte van dien benevens den
E: Raad,
Wel Ed„le Agtb: gebie„
„dende Heere,—
Bij"
NL-HaNA_1.04.02_8834_0274.xml,"Cormandel onder dato den 3:' Meij A„o 1721.
Van
bij jngste schrijvens van hier dato 11. ' Courant
uEd: agtb: respectieuselijk bedeelt zijnde,
dat doen de schepen de Magdalena en ha„
„ringthuin, reeds na bij dese rheede waren
genadert, soo rigten wij thans desen, om
in selver voegen uEd agtb: te notificeren
dat sedert, ingevolge van uEd: Agtb: g'eerde
ordre uijt eerstgedagte bodem volgens nevens
zeggende rapport 343419½ lb bantamse —
ronde peper (zijnde de geheele quantiteijt, —
welke dat schip hier heeft aengebragt,/ —
met de uijtterste verhaastinge hebben gelost,
en na Zuijd van't Cognossement desen ver„
„sellende, daer in weder opgescheept, —
350. pack: diverse kleeden vande volgende zoorten
namentlijk
27. pack: guinees ruw, als,
14 pack: d=os op den eijs van A„o pass=o
voor't
„ „ „ „ stanti. patria
pack guinees geb„te, waar van
164
111 pack: van A„o pas s. o
voor Jdem
53 „ „
„stantij
24 pack: guinees br: blauw, als,
7 pack: d' a„o pass„o voor't patria
17 „ „ „ Stanti „ Jndia
pack salemp: ruwe voor A„o stanti v„r 't patria
„ gebleekte, ad idem
4
220 packen die transporteren
13 „
33 br:"
NL-HaNA_1.04.02_8834_0275.xml,"267
Van Cormandel onder dato 63:' Meij A„o 1722,
220 pack p„r transport,
33 „ br: blauwe, als,
18 pack: van A„o pass„o voor 't patria
15 „ voor India, als,
13 pack: van a„o pass=o
2 „ „ „ stanti,
31 pack: baftas witte breede v:n 't patria waar van
16 pack van a„o pas s„o
„ stanti
15
„
15 pack: baftas br: blau voor india, van welke
14 pack: van A„o pass=a
„ stanti
1 _„o „
22 pack: parcallen geb=te voor 't patria, als,
19 pak: d' a„o. pass„o
3 „ desen jaare
29 pack br: blauw d„o te weten,
2 pack: voor't patria 't verweken jaar,
27 „ „ jndia, waer van.
22 pack: van A„o pass„o
„ „ stanti
350 packen voorsz, te weten, t' samen,
mitsgaders nog de volgende kisten en bon„
„dels met invendible specerijen, en stoff
der selver, als,
4 kisten met vermiterde en aangestoken noten
wegende te samen - - . . . . breto lb 934½
bondel stoff van foelij ad jdem. . . . . „ 213½
5 „
1 bondel"
NL-HaNA_1.04.02_8834_0276.xml,"Van Cormandel onder dato 3:' Meij A„o 1721,
1 bombdel witte blaadjes van foelij lb. . 64¾.
stoff en cruijntjes van nagelen sruto 699¼.
„
4
waar bij ook een kisje in goenij bekleed ge„
„merkt E: in welke de nabesz: negotie —
papieren, als,
Voor 't hoovd Comptoir Nagapatnam,
1 Cassa, en. . . . .
1 specificatie boek. . . van A„o 17 23/20.
1 stels dorps boekjes
Voor Batavia,
1 negotie Journaal. . . . ..
1 d„o groot boek. - - - - -.
1 Cassa, en. . . . . . . . . . . . van A„o 17 37/20
1. specificatie boek. . . . . . . .
1 stel dorp boeckjes
met alle welke voorsz: meergedagte—
bodem huijden uijt dese rheede na die
van Portonovo vertrekt,
Waar mede in diepe eerbied, betuijgen te
zijn /onderstond/ wel Ed„le agtbare gebiedende
Heere, uw Ed: onderdanige, seer gehoorsame,
en trouw schuldige dienaaren, /was getekent/
Dirk van Cloon, A: Boel, W„m Weijland,
en G:"
NL-HaNA_1.04.02_8834_0277.xml,"269
A„o 1721.
Van Cormandel onder dato 3. ' Meij
en G: Gouds, /in margine/ Sadraspatnam
den 19. ' Maart A„o 1721, NB: dog ovgegaen
met de scheepen den 20 d„o. /onderstond/ accor„
„deert W„m Crielaard eerste Clercq,
Nagapatnam,
Aen den Ed:„len Agtb: Heer
Gerrit Westrenen,
gouverneur en directeur
deser Custe Cormandel met
dien resorte van dien nevens den raat
Wel Ed„le agtb Heer,
en seer genereuse en g'
biedende Heere
Heden nademiddag zijn alhier van sadras„
„patnam te deser rheede aangecomen, onder
het gesag vande heer en M„r Dirk van
Cloon, de scheepen Magdalena en de ha„
„ringtuijn, welke bodems, soo dra 't ons
mogelijk sal sijn naar afscheeping van de
hier inde bandleggende kleede packen, die
ontrent ten getalle van 600. balen zullen
behalen"
NL-HaNA_1.04.02_8834_0278.xml,"Van Cormandel onder dato 3. ' Meij A„o 1721,
behalen, inde eerstgem: bodem, naar Costij
sullen laten stevenen, alhoewel tot, ons bij
sonder Leetwesen, door Gebrek van Coelijs,
wel 6 a 7 dagen aen sal Loopen, eer met
voorm=te afscheeping gedaen werk krijgen
sullen, het welke wij van onsen pligt—
hebben geagt, uEd: agtb: te Communiceren,
onder versekeringe niet te sullen manqueren
omme met voorm=te afschepinge zoo veel
spoet te maken als immers doenlijk sal
wezen, waer mede uwed=le agtb: inde hoede
Godes bevele, en wij met submissie ver„
„blijven /:onderstond/ wel Ed: agtb: heer gene„
reusen en gebiedende heeren, uw Ed„le agtb=r
onderdanige, en gehoorsame dienaren, /was
getekent/ Dirk van Cloon, W=m v: Zijl,
aarn„s Oosterharen, en M„r Pfeiffer, /in
margine/ Portonovo den 24 Maart A„o 1721,
Nagapatnam
Aen als vooren
Niet jegenstaende alle devoiren hebben
aengewend omme soo spoedig als doenlijk,
d' hier zijnde voorraad in't schip de Magda
Eena"
NL-HaNA_1.04.02_8834_0279.xml,"271
Van Cormandel onder dato 3:' Meij A„o 1721
lena af te schepen, en waer mede reeds
3dagen met het weijnige hier present we„
„sende arbeijds volk, besig waren geweest, —
en op een getal van ontrent 100 packen, de
geheele afscheepinge reeds geschiet was, —
soo wierd de voortgang van dat werk door
een schielijk opkomende harde wint, en ster„
„ke aenrollinge vande zee verhindert, de
wint, van tijd, tot tijt toenemende, tot
datse inde voorlede nagt, bij vlagen, seer
veel geruijs makende, in een storm veran„
„derde, die nog Continueert, 't geen van on„
„sen pligt hebben geagt uEd=le agtb: mits desen
te Communiceren, met die bede en verwag„
„tinge, dat den almogende god, de wint
haast zal gelieven te doen Cesseeren, —
tot behout van 's comp„s dierbare bodems
die anders geensins buijten gevaar sijn,
en wij in staat mogen raken, om deselve naar
afscheepinge van 't voorm„te restant, sonder
tijd versuijm hare reijse Costij waarts
te konnen laten vervorderen, waarmede
Etca /was getekent/ Dirk v: Cloon, W=m
v: Zijl, Arn„s oosterharen, en m„r pfeiffer
/in margino/ Portonovo, den 30 Maart A. o 1721.
nagapatn:"
NL-HaNA_1.04.02_8834_0280.xml,"Van Cormandel onder dato 3:' meij A„o 1724.
Nagapatnam
Aan als vooren
Heden morgen uw Ed„le agtb: volgens pligt ge„
communiceert hebbende in wat gevaar 's Comp„s
dierbare bodems door de schielijk opgecome
on doorgebroke storm, hier ter rheede sig be„
„vonden, zullen nu weder in dese d'eere heb„
„ben uw Ed agtb: te berigten, dat na het af„
„gaan van voorsz: onderdanig advijs, de —
wint van het N: oosten, na het N: westen
schietende, onse becommeringe voor de ge„
„dugten onheijlen, wel eenigsints daar door
verminderde, maar egter niet buijten on„
„gerustheijt, en vreese waren, dat gem:
bodems bij veranderinge vande wint, uijt
een andren hoek, en insonderheijt wanneer
deselve sig weder in 't N: oosten mogte set„
„ten, niet alleen in het selve, ja maar in
veel slimmer gevaar mogten geraken, —
gemerkt voorsz kielen eenigsints doorge„
gaen, Ende wal genadert waren, en in hoeda„
„nige schadelijke veranderinge geen middel
te denken soude wesen om het grootste
onge
-"
NL-HaNA_1.04.02_8834_0281.xml,"Van Cormandel onder dato 3. ' Meij A„o 1721.
ingeluk te ontgaan, soo zijn wij tot der sel„
„verbehoudenisze, soo veel 't in ons gering-
menschelijk vermogen was, naar het sentiment
der schippers, alhier te rade geworden, de
vlag van dese Logie in siauw te laten waij„
„en, en bij tussen poosen, eenige heijn schooten
te doen, ten eijnde de stierluijden binnen
voorn: bodems, daer door aentemanen, omme
met die voordeelige avlandige wint, in Gods
naam onder zeijl te gaen, en zee te kiesen,
dat andersints bij schielijke uijtbersing —
uijt een andre hoek niet doenlijk houw zijn,
hoedanig dan ook bij gem: stierlieden scheen
begrepen te zijn, aengesien men kort daer
aan (zijnde heden namiddag ontrent een uuren)
vernam dat meergerepte scheepen, niet alleen
geluckig onder zeijl, maar ten 3 uuren be„
„reets uijt 't gesigt waren geraakt, leggende
met de stevens om de Oost, en na alle ge„
„dagten soo verre zee g'advenceert zijn, dat
buijten becommeringe van wal, of droogtens,
zig bevinden, van herten wensende, dat God
almagtig voorn: kielen, voor verdre onheijlen
genadelijk sal behoeden, en hier weder in een
goeden staat doen op dagen, wanneer 't onweder
dat tot
273"
NL-HaNA_1.04.02_8834_0282.xml,"Van Cormandel onder dato 3.:' meij A„o 1721,
dat tot nog toe even fel Continueert bedoert
zijn sal, waer mede etc a, /was getekent/ D:
v: Cloon, W„m VZijl, Arn„s oosterharen, en
M„r Dfeiffer, /in margine/ Portonovo den 30. '
Maart A„o 1721.
Nagapatnam
Aan als vooren
Bij ons onderdanig schrijvens van gisteren
sal uEd: Agtb: gebleken zijn, het hier gerese„
„ne onweder, en de redenen die 's Comp„s bodems
genootdwangt hebben dese rheede te verlaten,
en zee te kiesen, zulx wij nu weder niet
voor bij kunnen tot vervolg van dien, uw
Ed: agtb: bij desen met respect te Commu„
„niceren, dat het onweder inde voorlede —
voornagt afnemende, eijndelijk tot badaart„
„heijt geraakt is, en heden voorm: schepen
niet vernomen, maar volgens ingecregen
berigt, der uijtgesonde pions, verstaen
hebben, dat deselve gistren na middag
tijdig de hoek van solderon soude gepasst„
zijn, zulx vaststellen gem:te bodems
na Costij opgeduwt, en voor den ontvang
deses"
NL-HaNA_1.04.02_8834_0283.xml,"Van Cormandel onder dato 3. ' Meij A„o 1721.
deses, aldaer in salvo verschenen sullen sijn,
het welke te verstaan, wij van uwd: agtb:—
met groot verlangen te gemoet sien, heden
morgen hebben wij dese rheede laten visiteeren
en in antwoort verstaen, dat sij vier waken„
„de ankers boeffens hebben gesonden, waer van
twee d=os vande haringtuin soude sijn, welke
wij op morgen voornemens zijn, des mogelijk
te doen opvissen, wanneer de maguas, die heden
morgen ter adsistentie van den hawaldaar deser
plaats naar Peria Coepang 2½ uur van hier
gelegen sijn gegaan, om eenige kleede packen,
vande Engelse Comp=e, die daer uijt een veron„
„gelukt vaartuijg zijn aengestrant, op te —
vissen, nog is ons heden berigt, dat 'er een
onder vaartuijg volladen met Lijwaten, van
gemelte natie van Condelour gestrant Cou„
„de zijn, waar mede etc=a, /was getekent, —
Dirk van Cloon, W=m van Sijll, arn=s
oosterharen, en M„s Pfeiffer, /in margiene/
Portonovo den 31 ' Maart A. o 1721,
Nagapatnam
aan als vooren,
bij 't hier nevens gaende Copia brievje van
den
275"
NL-HaNA_1.04.02_8834_0284.xml,"Van Cormandel onder dato 3:' Meij A„o 1722
den tegenepatnamsen resident, sal uwd:le
agtb: comen te blijken, dat de van hier afge„
„seijlde bodems desen morgen een weijnigje
benoorden Tegenepatnam /gode zij dank/
gezien sijn, zeijlende zuijdwaarts aen, het
welke ons doet hopen, dat deselve weder
te deser rheede zullen arriveeren, en sulx
geschiedende zoo gelieve uw Ed agtb:e versekert
te zijn, ons uijtterste vleijd te sullen aen
wenden, omme gemelte bodems, in sbedien„
„tie en prompte voldoeninge vande soo eeen
become gevenereerde ordre, vervat in uwd=le
Agtb: hoog geëstimeert schrijvens, van
gistren, hare reijse naar Costij te laten
voortsetten, wanneer deselve hare verloo„
„ren ankers. / tot welkers opvissinge de
maguas met hare Cattemarauws, om haar
swaarte niet in staat zijn, weder geligt
hebben, in welke tussen- tijd, wij vast Heb„
„len, dat het overgebleve restant vande —
hier in voorraad gelegen hebbende Cleede
packen, ook nog wel sonder toebrenginge
van eenig verlet, in de Magdalena —
zal afgescheept kunnen werden, sullen
de andersints meerm„te bodems zonder
elders"
NL-HaNA_1.04.02_8834_0285.xml,"Van Cormandel onder dato 3. ' Meij A„o 1721,
elders na te wagten, reijs laten vervorderen,
zelvs sonder Ligtinge vande ankers, indien
de schippers niet verclaarden zulx sonder de„
„selve niet te kunnen doen, omme bij opko„
„minge van hart weder, staende de hare
reijse (dat God verhoede) in Geen grooter gevaar
van 's Comp„s bodems te verliesen geraken mogen,
waar mede Etc. . , /was getekent/ Dirk van
Cloon, W=m van Zeijll, Arn„s oosterharen,
M„s Pfeiffer, /in margine/ Portonovo den
2 April Ao„ 1721,
Mijn Heer van Cloon,
zoo aenstonds ontfang ik uE brievje van
P=mo Courant en dient tot antwoort dat 's EComps
bodems, thans een weijnig benoorden desen Lo„
„gie in volle zeijlen Zuijdwaarts aenstevenen,
God geve haar behoude vaart, /onderstond/
E: E: heer uw E: Gehoorsamen dienaar (was gete„
„kent) A=s van den Heuvel /in margine/ —
Tegenepatnam den 2. ' april anno 1721. / Lager/
accordeert / getekent/ Arn:„ oosterharen, —
Nagapatnam
Aan den
277
d"
NL-HaNA_1.04.02_8834_0286.xml,"Van Cormandel onder dato 3 Meij Ao171
Aen den Edelen „e Heer
gerrit westrenen,
Gouverneur en directeur.
deser Custe Cormandel
met den resorte van dien
nevens den E: raad
Wel Edele agtb: seer
genereuse en Gebiedende
Heer
De geincloseerde Copia brievjes, door de
stierluijden vande scheepen de magda„
„lena ende Haringthuijn, aen den oppercoopman
van Cloon en de schippers gesz:, en van Gege„
„nepatnam, heden morgen met het aenbreken
van den dag, alhier aengebragt, zullen uEd agtb.:
vertoonen in wat gedaar 's comp„s Bodems ge„
„weest zijn, en in wat staat zig althans
bevinden, mitsgaders derselver Ernstige in
„stantie om van nieuwe ankers en touwen
versien te mogen werden, maar aengesien
niet in staat sijn, haar daer mede te kunnen
bij springen, en ook buijten staat gebragte sijn,
doors"
NL-HaNA_1.04.02_8834_0287.xml,"279
Van Cormandel onder dato 3. ' Meij A„o 1721
door het verlies derselver booten, de hier ter
rheede zeggende ankers te doen opvissen,
sijn wij genesessiteerd uEd: agtb: op het ood„
moedigste te versoeken soo goet te willen
zijn, van ten spoedigste een 's Comp„s Chia„
„loup herwaarts te senden, ten eijnde met
behulp van deselve gem=te ankers met alle —
sport te doen Ligten, om gem:te bodems uijt
haar hoog dringende nood te kunnen redden,
soo aenstonts sijn voorn: schippers met
Chialengen naa hare bodems die thans
ontrent Tegenepatnam leggen vertrocken,
met recommandatie van Goede Sorge voor
hare scheepen te draagen, en de reijse her„
„waerts aen sonder verlet voort te setten, —
en vermits den stierman van de Haring„
„thuin in zijn brievje kennisse geevt, dat 'er
eenige packen in sijn scheeps boord nad gewor„
„den zijn, soo is onse nedrige supplicatie
omme uEd: agtb: welbehagen, en ordre, hoeda„
„nig daer mede hebben te handelen te verne„
„men, op dat ons daer na schultpligtig —
connen gedragen, waar mede Etc„a, (was ge„
„tekent) dirk n: Cloon, W=m V: Zijll, arn=s
oosterharen, en m=s Ffciffer. /in margine/
portonovo"
NL-HaNA_1.04.02_8834_0288.xml,"Van Cormandel onder dato 33.:' meij A„o 1721,
Portonovo den 3'. April A„o 1721.
Portonovo,
Aen d'E Heer Dirk
van Cloon, Secunde deses
Cormandels gouvernement
E: Heer
Dese weijnige regulen zijn eenlijk gerigt,
„met
om uE: „ veel eerbied ter kennisse te brengen,
dat wij niet bij de schepen, d' Magdalena en
d' haringtuin ontrent een mijl benoorden de
Tegenepatnamsen rheede ten anker zeggen,
met verlangen, na bequaam weer en wint, —
om bij uE: te cunnen vershijnen, dog alsoo wij
ons thans inde uijtterste verlegentheijt bevin„
„den, om ankers, en touwen, alsoo wij 'er drie
en d' haring thuijn twee stux op d' Portonovose
rheede verloren hebben, gelijk uE nader blijken
zal, bij 't nevens gaende eerbiedig berigt, is
onse nedrig versoek uE, alle bedenkelijke
midde"
NL-HaNA_1.04.02_8834_0289.xml,"281
Van Cormandel onder dato 3. ' Meij A„o 1721,
„laten
middelen gelieven in't werk te „ stellen, dat
wij van andre ankers en touwen versien
mogen werden, aengesien wij ons bij ver„
„heffing van eenig quaat weer, door dies
gebrek in de uijtterste verlegentheijt vande
weerect zullen bevinden, in middens blijve
wij uE veel g'eerde ordres afwagten, wat
ons in dese tijds gelegentheijt te doen staat,
twelk promptelijk sal opgevolgt werden,
door de gene die uE: in godes protectie, —
bevolen hebbende, naar eerbiedige Groete
met 't diepste respect verblijven /onder„
„stont/ E: haer uE: gehoorsamen en onderdani„
gen dienaren, /was getekent/ mich: n. Mar„
„kel en I: hockeling, (in margine) in't schip
d' Magdalena den 2. ' april 1721, 'savonds een
uur na sons ondergang /Lager/ P: E: het be„
„rigt indese gemelt gaet hier nevens niet
gevolgt, om reden dat wij 't Cattemarauw
van tegenepatnam ons toegesonden, geen
moment hebben willen ophouden, / nog Lager/
/accordeert /:getekent:/ Arn„s oosterharen,. —
Schipper van Loosen na dat wij den 30. '
maart"
NL-HaNA_1.04.02_8834_0290.xml,"Cormandel onder dato 3: ' Meij A„o 1721,
Van
maart sijn door Godes zegen op de dubbelde
hals vande wal geraakt, hebben wij geen scha„
„de meer Gehad, maar hebbe daer onse bood en
schuijd, met 2 ankers, en 2¼ touw Laten sitten,
ende een man die met de schuijt is omgeslagen,
en hadde soo veel men 't zens konde houden,
door de swaare gront Zees, die men gaende over
kreegen, soo dat men de kuijl verscheijde maal
streken vol kregen, door dien men de gront raak„
„te, soo dat daar door eenige packen sijn nat
geworden, met haast waer over blijve /onderstont:/
uE dienaar /on was getekent/ I=se Engelsman, —
/in margine / stont in't schip d' haringtuijn leggen
geankert even benoorden Tegenepatnam den 2.
april A„o 1721. / Lager / accordeert / geteekent:/ Arn„s
oosterharen,
E: schipper de Winter,
dese dient om uE ter kennisse te brengen, dat
wij ter rheede Portonovo, niet alleen 3 ankers
hebben laten zitten, maar ook dat onse boot
van 't schip geslagen is, met 2 man daer in,
of die te regte gecomen sal sijn, is ons onbekent,
verder mankeert ons niets god dank, dan ankers
en touwen, gelijk uE wel denken kan, wij leggen
tans ontrent een mijl benoorden de rheede, van
tegene"
NL-HaNA_1.04.02_8834_0291.xml,"283
Van Cormandel onder dato 3. ' meij A„o 1721.
Tegenepatnam, met verlangen na een beter wint,
om af te kunnen komen, verblijve verder /on„
„derstont / uE dienaars /was getekent/ Mich„l
van Markel / Lager / Accordeert / geteekent/
Arn„es oosterharen,
Nagapatnam
Aen den Ed=len Heer
Gerrit Westrenen
gouverneur en directeur
der Custe Cormandel
met den resorte van dien
nevens den E: Raad,
Wel Ed„le agtbare seer
Genereuse en G'biedende
Heere,
Heden op de middag hadden wij d'eere te
ontvangen uEd: agtb: hoog g'Estimeerde let„
„teren van gisterigen datum, waar op niets
anders te rescriberen vinden, als reets bij
ons laast Eerbiedig schrijvens desen morgen
aen uEd Agtb: afgegaen, genoteert is, en —
waer aen eerbiedig gedragen, zullende wij
nu weder ons d'Eere geven uEd: agtb: met
respect
Arn„
oot"
NL-HaNA_1.04.02_8834_0292.xml,"Van Cormandel onder dato 3 meij A„o 1721.
respect te Communiceren, de paresse vande
Coijlang alhier ter rheede, leden na
Phare
de middag, met welkers gehoopt hadden in
staat gebragt te zijn vande alhier ter rheede
leggende ankers te kunnen Ligten, maar
tot ons Leetwesen verclaarde desselvs gesaghebber
dat vaartuijg daer toe niet bequaam te zijn,
om redenen de voorsteven te Laag, ende —
mast te swack was, om soodanige sware
ankers op te kippen, en binnen boord te
Crijgen, en dewijl wij geinformeert zijn,
datter a Costij geen Chialoupen bij de hant
zijn, om welke wij heden morgen de vrijheijd
namen uEd: Agtb: ootmoedig versoek te doen,
en dat, dat werk met sware kattemarauws
(hoedanige hier ook niet zijn,) zoude konnen
verrigt werden, zoo is ons eerbiedig versoek—
dat uEd: agtbare vier van diergelijke groote
vlotten ons gelieven toete sonden, en sodani„
„ge gereetschappen als daer toe benodigt was,
zullende den oppercoopman van Cloon,
in hope van uEd agtb: goedkeuringe alhier
blijven, tot dat veel gementioneerde ankers
geligt zullen zijn; en dan de reijse over
den Land weg naar Costij ondernemen, wanneer
de scheepen tegen onse hope en verwagtinge
hier"
NL-HaNA_1.04.02_8834_0293.xml,"285
Van Cormandel onder dato 3. ' Meij A„o 1721,
hier nog niet mogte opgedaagt zijn, die door
de felle door blasende zuijde winden weijnig
voordeel konnen doen, waer mede Etc„a, —
/was getekent/ Dirk van Cloon, W„m v: Zijll,
Arn„s Oosterharen, en M„s Dfeijffer, /in
margine/ Portonovo den 3. ' april A„o 1721.
Nagapatnam
Als vooren
Heden ontrent de middag quamen ter deser
rheede ten anker, de scheepen d' Magdalena
ende Haringtuin, waer van de schippers
aen lant gecomen zijnde, is aan haar over„
„gegeven het brievje, door uEd agtb: aen deselve
gerigt, en met de phaar Coijlang afgesonden, —
mitsg. s haar Ernstig opgevraagt, of zij vol„
„gens uEd agtb: daer inne gementioneerde or„
„dre, de reijse naar Costij zouden konnen
voortsetten, daar sij beijde op betuijgen dat
zulx niet sonder 't grootste gevaar bij de
minste verheffing van wint, ofte ruw weder
souw konnen geschieden, sonder alvorens haar
verlore ankers, en touwen, weder opgevist
te hebben, waar toe verclaarden haar uijt
„terste devoir te sullen aenwenden 't welke
in"
NL-HaNA_1.04.02_8834_0294.xml,"Van Cormandel onder dato 3:' Meij A„o 171
in oermerkinge genomen zijnde soo zijn wij tot
segurance van voorm: bodems te raden gewor„
„den, onder hope van uEd agtb: welduijdinge om
morgen voorn: schippers met het Ligten der
verloren ankers te werk te laten gaen, het
welke wij wenschen dat van Goed succes zal
wesen, ten eijnde die bodems ten spoedigsten
van hier naar Costij mogen stevenen
v
de schippers hebben in 't heen voren naar de
scheepen, de boot vande haringtuin in zee
gevonden, en met hulpe van een Tegenspert„
„namsen Chialeng aen boord gebragt, en na
ons berigt is, dat 'er een ander vaartuijg —
bezuijden de Coedeloerse revier gestrant
was, en verstaen hebbende, dat het de=
bood van de Magdalena is, soo hebben wij
den hawaldaar 't selve laten bekent maken,
die ook toegestaan heeft, om deselve van
daar te mogen laten halen, maar als wij
sulx wilden werk stellig maken, daagde
een van des fausdaar Ruijters op, die den
voortgang belette, dat ons heeft genootsaakt
daer over een brievje aen gem: tausdaar te
schrijven, die daar op dat vaartuijg ontsla„
„gen heeft, en aangesien het selve wat be„
schadigt is, zullen wij morgen een timmer„
„man"
NL-HaNA_1.04.02_8834_0295.xml,"287
Van Cormandel onder dato 3:' Meij A„o 1721,
man, en eenig volk ter afhalinge, en aan
boord brenginge, naar derwaarts te zenden,
Intussen wij blijven Etc„a /was getekent/ D:
v: Cloon, W„m van Zijl, Arn: Oosterharen,
en M„s Pfeijffer /in margine/ Portonovo
den 5 april 1721,
Nagapatnam
aan Als vooren
Den 5 Courant uEd agtb: reverentelijk ge„
„notificeert hebbende, dat wij van sints waren
een timmerman, en eenig volk na het ge„
„strande vaartuijg te senden, om dat wij—
volgens becomen berigt, vanden Tegenepat„
„namsen resident onderstelden het zelve
de boot van de Magdalena te wesen, —
soo sijn ingevolge van dien eergisteren
morgen twee timmerluijden van gem=te
schip tot 't repareren van dat kieltje
met eenige koelijs daar hend gegaen;—
dog tot ons leetwesen zijn wij met de —
te rug Comst der voorsz: arbeijdsluijden
geinformeert geworden, 't selve een ander
oud vaartuijg en niet voorm=te voorgegeve
boot"
NL-HaNA_1.04.02_8834_0296.xml,"Van Cormandel onder dato 33:' meij A„o 1722
bood was, sulx vast stellen moeten dat
die soo wel door de storm vermelt sal sijn,
als de schuijt vande haringthuin, waer van
een gedeelte door den schipper van laast
gem=te bodem, tussen dese plaats en tege„
nepatnam in zee drijvende gesien, is,
tot het stel van welk verlies het opper„
„hoovt van Zijll desselvs schuijt aen d' E:
Comp=e aengeboden en afgestaen heeft, —
voor thien pagoden en dewijl de schippers
verclaart hebben voornoemd roeij vaartuig
dat bedragen ruijm waardig te zijn, en
laastgen: bodem daer mede uijt sijn verle„
„gentheijd soude gered werden, soo hebben wij
't selven voor die prijs aengeslagen, in hope
van uEd: Agtb: gunstige abprobatie,
eergisteren sijn alhier aangecomen 3 Cat„
„temarauws waer mede de eer gehad —
hebben te ontvange uEd: agtb: gevenereerde
missive van den 5 deser, nevens 2 ankers
2 Ligte dreggen en vier vijger trossen,
in zoort voor welkers toesendige wij uEd:
agtb: nedrig dank seggen, en ook geerne ge„
„sien hadde dat deselve van dat gebruijk
hadden connen zijn, als waar toe die door
uw Ed=le"
NL-HaNA_1.04.02_8834_0297.xml,"289
Van Cormandel onder dato 33. ' Meij A„o 1721
uEd Agtb: herwaarts sijn gesonden, maar de„
„wijl die ankers sonder stocken zijn, verclaer„
„den de schippers deselve van geen dienst kon„
„den zijn, overmits destituijt waren van sul„
„ke sware balken als'er nodig zijn souden om
der gelijke stocken van te konnen maken„
behalven nog datse te Ligt geoordeelt wierden,
voor scheepen van zulke Chatters, maar op dat
wij voorm: vlotten tot het Ligten der verhore
ankers soude kunnen jmploijeren, zijn deselve
in de magdalena over gescheept, en waar me„
„de die weder te rug sullen gaan, in middels
is men hier seer sterk besig geweest met de
bood vande Haringthuin, en voorn: vlotten
nevens 3 slengen veel gementioneerde verloren
ankers en touwen thuijs te halen, maar tot
ons Leetwesen moeten in desen noteren, datter na
veel moeijten en arbeijd in 3 dagen tijds en
dat werk niet verder gevordert is, dan dat 'er-
eenelijk maar 2 bloote ankers, met een touw
gevist zijn, ter oorsaken de ankers volgens ge„
tuijgenisse der duijkers soo diep inde gront
gewelt, en begraven zijn, datter geen touw
onder deselve te crijgen waren, egter beloven
de Cattemarauws lieden nogmaals alle devoiren
te"
NL-HaNA_1.04.02_8834_0298.xml,"Van Cormandel onder dato 3. ' Meij A„o 1711
te sullen aenwenden, om 't een en 't ander mag„
„tig te werden, dewijl die overheden van voorn:
bodems bij selver rapport, desen in Copia ver„
sellende, verclaren dat met de 2 opgeviste—
ankers en een touw, sonder bejegeninge van
Extraordinaire toevallen dat god genadiglijk
verhoeden wil, de reijse Costij waarts zouden
konnen volbrengen, zoo hebben wij voor den
dienst vande Ecomp=e goed gevonden, die bo„
„dems van hier op morgen door godes zegen
na derwaarts te depecheren, met wensch
dat sijn divine majesteijt de kielen een
spoedigen en behouden reijs gelieve te ver„
„zeene, zullende den oppercoopman van Cloon
op morgen namiddag de reijse van hier te lande,
't uw: Ed' agtb. waerts ondernemen, ter oorsake de
zuijde winden soo sterk beginnen door te
waijen, dat den selven ten hoogsten bedugt is,
voor een Lange reijse, in voldoeninge van uEd:
agtb: g'eerde ordre zijn de nat geworden pac„
„ken uijt 't schip de haringtuin, aende wal
geligt en door gecommitt„s besigtigt, en sooda„
„nig bevonden als het nevens gaande rapport
uw Ed: agtb: des gelievende vertoonen zal, sul„
„lende de droog en wel geconditioneerde packen
weder"
NL-HaNA_1.04.02_8834_0299.xml,"291,
Van Cormandel onder dato 3:' Meij A„o 1721,
weder in Laast gem:, bodem gescheept, ende
2 nat geworden d=os, wanneer deselve weder
behoorlijk uijtgewaesen en gedroogt zijn, uw Ed=le
agtb: toegesonden werden, p„r de Rhaar Caijlang,
waar toe, mitsg„rs tot het overbrengen van de tou„
„wen die hier na 't vertrek der scheepen sullen
opgevist worden, dat vaartuijg onder uwd agts wel„
„duijdinge voor eenige weijnige dagen zal aen„
„gehouden werden, gister avond laat is dus wel
geworden uEd agtb: missive van daags bevoorens,
ter welker Eerbiedige rescriptie niet anders in
desen te noteren vinden, dan ons reverentelijk
aenden inhout deses te gedragen, om voorts te
betuijgen, dat 't ons van herten Leed is, dat wij uEd:
agtb: geen meer genoegen kunnen geven,
schoon nogtans daer toe alle devoiren g'adhibeert
hebben, wat in ons gering vermogen was, waer
mede Etc. a , /was getekent/ Dirk van Cloon, W:
v: Zijll, Arn„s oosterharen, M„s Dfciffer, —
(in margine/ Portonovo den 8. ' April A„o 1721
P: E: gaat af smorgens ten 6 uuren daags daar
Nagapatnam
Aan als vooren
F
dese is eenlijk dienende omme uEd=le agtb: met
eerbiede
O
aan,"
NL-HaNA_1.04.02_8834_0300.xml,"Van Cormandel onder dato 3. ' Meij A„o 1722
eerbiede toetebrengen het getekende Cognossement
vande ovgescheepte Eleede packen, in 't schip
d' Magdalena bestaende in de volgende, te
weten,
20 packen ruw guinees voor't patria
geb„t _„o „ d„o
399 „
_„o
„ _
br: bl: „
„
17
10 „ bl: Blauw „
70 „ gebleekte sakemp.:s„
br: blauwe d„os te weten
34
„
4 packen voor 't patria
30 _„os „ Jndia
geb„te bastas voor 't patria
br: bl: d„o van de welke
5 packen voor 't patria, en
Jndia
2 „
„
„ geb„te parcallen, waer van
9 pakk voor 't patria
25 _„os
„ India
35
„
br: blauwe parcallen, als,
4 pack: voor 't patria
31 „
Jndia
„ geb„te btisaals voor't patria
„ br: blauwe bethillen voor India
593 Packen die transporteren,
6
1 Pak
„
29"
NL-HaNA_1.04.02_8834_0301.xml,"293
Van Cormandel onder dato 3.:' meij A„o 1721.
593 pack: p„r transport,
„
gebleekte Chiavonijs voor Jndia
5
boelangs. - . - - - - - - - - „ t Patria
„
„ brandams . . . . . . . . . . . „ _„o
600 packen te samen
waer mede voorn: bodem onder 't geleijde
godes, nevens 't schip de Haring thuijn
heden uijt dese rheede naar die van Costij
sal stevenen, waer mede Etc. a , /was getek:t/
dirk van Cloon, W„m van Zijll, Arn: oos„
„terharen, M„s Dfciffer, /in margine/
Portonove den 9. 'n April A„o 1721,
Nagapatnam
Aan als vooren;
Hier inne gesloten gaat tot uEd agtb over
de factuur vande Cleede packen, dewelke
alhier in het schip de Magdalena zijn ge„
„laden, bedragende ƒ166199: 1:8. waar voor
seer nedrig versoeken dat dit Comptoir mag
werden gecrediteert, zoo op stonds staet den
oppercoopman van Cloon van hier te Lande
de reijse naar uEd Agtb: te ondernemen, waar
Mede
E"
NL-HaNA_1.04.02_8834_0302.xml,"Cormandel onder dato 3. ' meij A„o 1721.
van
mede Etc. a, /was getek.:t / Dirk v: Cloon, W=m
V: Zijll, Arn:s oosterharen, en M„r Pfeiffer
(in margine/ Pottonovo den 10 April A 1721
/Lager/ P: S: gaat af 'savonts ten 6 uuren, accor„
deert W=m Criclaart eerste Cleroa,
Rapport door ons ondergesz:
gedaen aen den E: E: Heer—
Dirk van Cloon, opper
Coopman, en secunde van het
Cormandels gouvernement,—
Mijn Heer
de packen op gistre door de overheden van
het schip d' Haringthuijn aen de wal ge„
„sonden, uijt presumtie deselve in den storm
op den 30. ' der jongst gepasseerde maand,
alhier geresen, zoude nat Geworden zijn,
hebben wij ter uwer E: E: g'eerde ordre en
ten overstaan van den boek, en factuur
houder S„r mattijs Pfeiffer nauwkeurig be„
sigtigt, en soodanig bevonden, als hier onder
wert"
NL-HaNA_1.04.02_8834_0303.xml,"295
Van Cormandel onder dato 3. ' Meij A„o 1721.
wert aangetoond, Namentlijk,
5 packen guinees gem: ruw voor't Patria,
met 364. 31. 1291. 1244. en 1258. alle droog
en wel bij conditioneert,
Guinees fijn geb„t voor't patria N„o 693
bevonden als boven,
guinees gem: geb„t waer van
5 packen met de N„o 1024. 1127. voor't Patria
N„o 1182. 1221. 1553. voor als boven droog en wel,
„ 1 voor't Patria met N„o 1167. daer van de 10 Co„
„venste stucken doorgaans nat waaren,
salempoeris gem: ruw voor't Patria, als,
1 pak met N„o 1447 droog en wel
„ 750 waer in 13 P„s nat bevonden
_„o „
hebben,
salempoeris gem: geb„t voor't patria, N„o
1366 droog en na behooren g'conditioneert,
15 packen te samen, dewelke naar Exacte onder„
soeking soodanig bevonden hebben, al's hier —
vooren g'noteert staat, waer mede verhoopen
aen uE E ordre sullen voldaen hebben, nemen
dierhalven de vrijmoedigheijd van met diep schul„
„dig respect te verblijven /onderstont/ mijn
heer uw: E E gehoorsamen en nedrige diena„
„ren, /was getekent/ Mart„s van Heuven, en
Johan Hendrik dormieux, / ter zijde / ten
overstaen
_„o
„
En"
NL-HaNA_1.04.02_8834_0304.xml,"Cormandel onder dato den 3. ' Meij A„o 1721
Van
overstaen van mij /getekent/ Mattijs Hseiff„
„ser /Lager / Portonovo den 8:' april 1721. —
/nog Lager / accordeert /geteekent/ Arnoldus
oosterharen, accordeert W=m Crielaart west
Clercq.
Portonovo
en den E: gedesigneerde
secunde deser Euste Dirk
van Cloon, nevens d'opper„
„hoovden aldaar
Goede Vrinden,
U: C: twee brieven van 330. maart op ult„o
en p„mo Courant hier ontvangen zijnde, laten
wij desen in antwoort dienen dat niet sonder
ontroering, en met groot Leetwesen hebben
ontwaard, 't gevaar waer in 's Comp„s twee
scheepen, zig thans komen te bevinden, voor
Portonovo, egter verhoopen wij dat se door
gods goetheijt en genade nog sonder eenige —
ramp, of ongeluk, 't selve gevaer sullen te
boven g'comen, en dien storm reets geweken,"
NL-HaNA_1.04.02_8834_0305.xml,"297
Van Cormandel onder dato 3:' Meij A„o 1721,
en gestilt zal sijn, en alsoo de daer in voor„
„raad zeggende Cleeden tot een Quantiteijt
van 100 packen in gem: bodems reets zijn al
gescheept, werden uE gelast deselve twee
scheepen om voorsz: getal, onafgescheepte
Packen dog niet Langer op te houden, maar
deselve is't maar Eenig sints doenelijk de
reijse na herwaarts te laten ondernemen,
terwijl wij dat gebrek alhier uijt onsen
voorraad heer gemackelijk tot een volle
Lading sullen kunnen suppleren, om meerm:
bodems nog soo spoedig doenlijk de reijse„
van hier na batavia te doen voortsetten,
waer mede Etca, /was getekent/ G„t Westrenen,
P„r v:burg, G: Maire, H„k Iacobs, A: Pla,
Aalb„t v: weede, I„s Immens, H„k Haak,
fred=k Elliot, B„r van duijn, en Crist„n Po„
„leman d' Ionge /in margine/ Nagapatnam
den 1 april A„o 1721, —
Portonovo
Aan als vooren
Op uE briev van ult„o maart den 2. ' deser
hier
ste
d
E"
NL-HaNA_1.04.02_8834_0306.xml,"Cormandel onder dato 3.:' meij A„o 1721.
van
hier ontvangen, hebben wij geresolveert on„
„se phaar Coijlang van hier uijt te senden, met
een brievje aen de overheden vande scheepen —
de Magdalena en Haringthuijn om deselve
op te soeken, en bij ontmoeting die aen haar
te overhandigen, waer bij geordonneert wert,
sij hun met die twee schepen sonder eenige
uijtstel na herwaarts moeten begeven etc. a,
soo als den bootsman van't gem: vaartuijg
met eenen gelast is, bij ontmoeting der meer„
melde bodems, en na dat zijn ordre, uijtge„
„voert sal hebben, dan de reijse verders na
Portonovo te moeten voort setten, en uE daer
van te verstendigen, gelijk wij van dit ons geno„
„men besluijt, uE niet alleen kennis geven, bij
desen, maar ook daer nevens gelasten dat
den E van Cloon, nevens de overheden van die
2 scheepen die daar aen zant mogte verbleven
zijn, haer op de beste wijse herwaarts moe„
„ten transporteeren, indien tegens onse hoo„
„pe en verwagting deselve a Costij nog niet
mogten zijn te rug gedaagd, en indien nog
eenige packen daer in voorraad mogte leggen
kunnen; uE: bij verschijning van gem: Lhaar
deselve daer doen in schepen, en sijne reijse
daar"
NL-HaNA_1.04.02_8834_0307.xml,"299
Van Cormandel onder dato 3. ' meij A„o 1721.
daer mede na herwaarts laten voort setten,
waer mede etc.:a, /was getekent/ G„t Westre„
„nen, P„r vand„r Burg, G: Maire, Adr: pla,
J„s Immens, hendrik haak, fred: Elliot,
en b=r van duijn (in margine/ Nagapatn:
den 2'. april A„o„ 1721,
Aan de overheden vande
scheepen de Magdalena en
Haringtuijn,
uE werden bij desen g'ordonneert op't sigt
deses de stevenen na herwaarts te wenden,
en na Nagapatnam reijs te vorderen, sonder
om eenige redenen of oorsaken hoe die ook
mogten wesen ergens na te wagten, of uE-
te laten ophouden, waer mede Etc„a /was gek=t/
G„t Westrenen, P„r V: Burg, G: Maire,
A Pla, J„s Immens, hend„k Isaak, fred=k
Elliot, en C„ van duijn, /in margine/ Na„
„gapatnam den 2. ' April Ao 1721
Portonovo
Goede Vrinden
Aen"
NL-HaNA_1.04.02_8834_0308.xml,"Van Cormandel onder dato 3. ' Meij A„o 1721
Aen den E: Dirk v: Cloon
oppercoopman en Gedesigneerd
secunde deser Custe nevens
de opperhoovden aldaar
met Liev hebben wij uijt uE brievje van 2.'
deser, en dat vanden Tegenepatnamsen
resident gesien, dat 's comp„s scheepen wader
zijn opgedaagt, een weijnig benoorden Tegene„
Patnam, in hope dat voor den ontvang van
dit ons schrijvens ter rheede Portonovo zul„
„len g'arriveert zijn, waarom wij als nog komen
te vernieuwen onse ordre ten dien eijnde afge„
geven, tot een spoedige depesche van deselve„
na herwaarts, en daerom ook onnodig oordeelen,
dat d' overgeblevene packen inde magdalena
werden afgescheept, zulx uE ten spoedigste
de factuur vande afgescheepte Cleeden Packen
indien bodem te cunnen opmaken, en over den
lant weg herwaarts zenden, maer d' overgeble„
„vene inde phaar Coijlang doen in scheepen, om
Goede vrinden,
daar"
NL-HaNA_1.04.02_8834_0309.xml,"301
Van Cormandel onder dato 3.:' Meij A„o 1721.
daer mede na herwaarts te rug te keeren, der„
„halven ook, met het opvissen der ankers, vermits
de schippers daer verclaart hebben, zonder desel„
„ve de reijse niet te cunnen voortsetten,
zoo veel haast moet gemaakt worden, als maar
eenigsints doenelijk zal wesen, naar dien
de zuijde winden dagelijx aen desen oort meer
en meer beginnen door te waijen, en dus voor
die scheepen nog wel een Lange reyse soude
kunnen veroorsaken, 't welk van herten
anders wenschen, en om die heden ook tot slot
deses nogmaal zullen terhalen, dat uE meerm:
bodems om geene oorsaken Langer sult mogen
ophouden, soo ras zij de voorn: ankers maar
thuijs hebben, maar deselve zonder de minste
tijd versuijm dit heen moeten depecheren, —
waer mede Etc„a /was getekent/ Gt Westre„
„nen, P: vburg: G= Maire, h„s Iacobsz,
Adr Pla; Aalb„t v: Weede, I„s Immens, —
Hend„k Haak, F„k elliot, B„r v: duijn, —
en Crist„n Poleman d„o I„o /in margine/ —
nagapatnam den 9. ' april Anno 1721,
Portonovo.
aan"
NL-HaNA_1.04.02_8834_0310.xml,"Van Cormandel onder dato 3:' meij A„o 1721.
Aen als vooren
Wij moeten betuijgen mat Leedwesen, nader
gesien te hebben, uijt uE briev vanden 3 deser,
dat de schepen d' Magdalena en Haringtuin, —
den 30. der gepasseerde maant maart, met het
„hebben
verlaten dier rheede, daer niet alleen „ laten
sitten 5 ankers en eenige touwen, maar ook
de schuijt en boot vande Haringthuin, item
de bood van de Magdalena, mitsg„s drie man,
als twee van 't eerstgen: schip, en een van 't
ander verlaten hebben, twelk seer droevig is,
van herten te wensen sijnde dat god de heer
haar nog genadig bewaart, en Elders te regt
gebragt sal hebben, en ook de scheepen voor
verdre onheijlen, en rampen sal behoeden,
ook een spoedige reijse na herwaarts verleenen,
de versogte ankers, en touwen, zijn wij niet
in staat uE te cunnen senden, alsoo hier selvs
daar van ontslood zijn, maar om egter in dat
geval uE nog soo veel te helpen. als in ons
vermogen is, laten wij met twee Cattemarauws
nu tot uE over voeren 2 ankers als een van
en 't ander van. . . . . . . . . . . . 1590
ontrent. . . . . . . . . . . . . . . . . 1613
terwijl
et"
NL-HaNA_1.04.02_8834_0311.xml,"303
Van Cormandel onder dato 3. ' Meij: A:o 1724.
terwijl dit alles is waer mede wij uE van
hier cunnen bij springen, en daerom hebben
wij ook bij een briev aen den gouverneur en
raad tot Trancquebare heden versoek
gedaen, om 2 ankers, en twee touwen, en
daer op haar Ed„ns antwoort ten spoedigste
versogt, 't welk becomen hebbende, uE
ter eersten sullen bedeelen, kunnende
in tussen bevroeven of de twee boven
Cattamaurauws, uE aldaer niet te
gem:
staden cunnen Comen, tot het Ligte
der ankers, item de phaar Coijlang, die
na onse gedagten daer al ter rheede
sal verschenen zijn, maar de nat gewor„
„cleede
„de „ packen, in't schip d' haringtuijn, kun„
„nen uE daer uijt tot Portonovo aen land
doen ligten, tot voorkoming van verdre
schaden, en daar mede wijders handelen,
soo als naar bevinding dier Lijwaten sal
vereijssen, sonder egter voorm: scheepen
daarom op te houden, die navolgens onse
vorige recommandatie ten spoedigste
dij, de Reijse na herwaarts moeten
laten voort setten, ook werden uE gequalificeert
indien het de nood vereijst daer, of wel-
tot"
NL-HaNA_1.04.02_8834_0312.xml,"Cormandel onder dato 33.:' Meij A„o 1721,
an
tot Tegenepatnam, in Coop te mogen
doen, soo van ankers, als touwen, in soo
verre tot een noodsakelijk behulp middel
van voorsz: scheepen, nog soude comen te
vereijssen, na dat dese tot dus verre-
in gereetheijd was gebragt, wiert ons heder
wel bestelt uE naderen van selven datum,
waars op als mede in antwoort seggen, dat
bij de hier vorengen: twee Cattamarauws
nog een derde hebben gevoegt, waer mede
wij verhopen dat het wel te stellen sal
zijn, bestaende de noodige materialen
aende selve mede gegeven in
2. stux rigte dreggen, en
4 d„os vijver trossen in soort,
ook wert aen den oppercoopman Dirk
van Cloon gedefereert, om na verrigting
van saken, de reijse na herwaarts over
den Lant weg te ondernemen, en in dat
geval te doen, wat men den meesten
dienst vand EComp=e sal vermeenen 't
naast over een te comen, waar mede
etca. , /was getekent/ G„t westrenen, P„r
v: Burg, G: Maire, H„k Iacobs, Adr: Pla,
aalb„t u: weede, I„s Immens, hend„k Haak,
F"
NL-HaNA_1.04.02_8834_0313.xml,"305
Van Cormandel onder dato 3:' Meij A„o 1721
F„l Elliot, B„k van duijn, en Cristiaan
Poleman d' I„s /in margine/ nagapatnam
den 5 April Ao„ 1721,
Portonovo
Aan als vooren
Wij kunnen seer wel geloven, dat de
schippers van beijde de schepen de magda„
„lena, ende haringthuin, swarigheijd maken
om de reijse na herwaarts te ondernemen,
sonder haer verlore ankers en touwen weder
opgevist te hebben, maar wij wensten ook
8
met eenen, dat men daer met wat meer op het„
„tentheijd te werk ging, dewijl 't ons nog —
teenemaal onbekent was, dat die bodems
vijx ankers en eenige touwen daer inde gront,
laten zitten, en ook twee boten, een schuijt,
en drie man verloren hadden, toen wij dat
besluijt genomen, en met de Phaar ovge„
„sonden hebben, gelijk uE dat CIaarlijk zal
gebleeken zijn, uijt onse Contro ordre soo
ras wij door ue daer van verstendigt waren,
anders"
NL-HaNA_1.04.02_8834_0314.xml,"Van Cormandel onder dato 3:' meij A„o 1721
anders soude die eerste resolutie gans qua„
lijk ter sake geweest, en iets geepreten„
„deerd sijn, 't geen niet wel mogelijk, ten mins„
„ten seer gevaarlijk was, en daerom had men
ons nader besluijt eerst moeten afwagten,
op uE nadere verwittiging van't voorsz ver„
„lies, ende geledene schade, al eer men de-
schippers die nodeloose vragen had gedaen,
ondertussen wenschen wij van herten voor
's Comp„s belangen, dat gem: ankers, en tou„
„wen weder geluckig en spoedig zullen op
gevist werden, waer toe wij hopen dat onse
ovgesondene vlotten insgelijkx sullen te
staaden cunnen comen, soo mede de twee
booten die wij met blijdschap gesien hebben
dat weer te regt geraakt zijn, in vertrou„
„wen dat de vermiste mansz: daer ook in
behouden sal wesen, ende nog mankerende
schuijt insgelijx te regt sal raken, op dat
voorn: bodems, nog soo ras mogelijk hier mo„
„gen verschijnen, ten eijnde na Batavia —
te cunnen versonden werden, soo draa 't
maar eenigsints doenlijk sal wesen, om
haar hoog Ed„ns geen verder misnoegen toeto„
„brengen, door 't Lang suckelen en ophouden
van"
NL-HaNA_1.04.02_8834_0315.xml,"307
Van Cormandel onder dato 3:' Meij A„o 1721,
vande selve scheepen, waer mede Etc„a
(was getekent) G„t Westrenen, P: v: burg,
G: maire, h„r Jacobsz:, Adr: Pla, Aalb„t v:
weede, I„s Immens, Hendrik Haak, —
F„n Elliot, b„r van duijn, en Crist„n Poleman
d' I„s /in margine/ nagapatnam den 7.' —
April A„o 1721, accord„t W„m Crielaart eerste
clercq,
Nagapatnam,
Aen den wel Ed„le gestrengen Heer
Gerrit westrenen
Gouverneur en directeur van
d' g'oxtroijeerde nederlantse
Comp„e ter Custo Cormandel
nevens den raad, residerende
binnen 't Casteel Aldaar,
Edele Erntfeste wijse
manhafte voorsz: seer
discrete Heere en Vrun„
den,
In desen moment is mijn ter handen ge„
comen uw Ed„le honorable missive van desen
dags"
NL-HaNA_1.04.02_8834_0316.xml,"Van Cormandel onder dato 3:' Meij A„o 1721.
dagh dato, ik heb al voor eenige dagen ge„
„leden gehoort dat uEd=le Comp=e scheepen van
den anker gront op Portonovo met verlies—
van ankers en touwen geraakt is, 'twelke
mijn ter herte gegaan heeft, maer nu ver„
„staende dat zij den ankergrond soo digte bij
hier op de Cust weergecregen heeft, ben ik
over 't selve seer vrolijk geworden, 't is ge„
noeg als 't behouden is, de geledene schade
kan den heer des hemels weer vergoeden,
u wel Ed„le en hare g'octroijeerde Comp„e ben
ik altijd gereed om alle dien dienst te doen,
die mijn mogelijk is, en daarom uwel Ed=le
na begeeren antwoordende, dat ik tot u wel
Ed=le Comp„s dienste gereed hebbe leggende
een vaderlants anker touw van 18 duijmen,
een nieuw kaijer _„o van 15 duijmen, een
d„o van 13 d=m, als ook 2 ankers de eene
van 1747 pont, den anderen van 1812 pont,
tot de ankers is geen stocken, en geen hout
hier ter plaatsen daer toe Gebruijkelijk,
hadde daer toe hout geweest, ik soude
desen nagt de ankers, en de touwen aen
uwel Ed=le Comp„e scheepen met vaartuij„
gen gesonden hebben, om diens wille 't tot
u wel"
NL-HaNA_1.04.02_8834_0317.xml,"309
Van Cormandel onder dato 3.:' Meij A„o 1721,
u wel Ed„le eerst geadviseert wort, of
daer ter plaatse, of op de schepen hout sou„
de wesen, kan het haast gemaakt werden, —
daerom ik sonder te wagten, u wel Ed„le aen„
„stonts g'antwoord hebben, versekerende dat
't gemelde sal gereet zeggen, ten dienste,
waer mede u wel Ed=le inde hoede Godes be„
„velende, en na hertelijke groete verblijven
/onderstont/ Ed: Ertfeste, Manharte, wijse,
voorsz: seer discrete Heer, en Bhun„
den uw Edele dienst genegene vrund
en dienaar /was getekent/ O: W: V: Nissen
/in margine/ Casteel dansborg den 5'
april 1721, accordeert W=m Chielaart eerste
Clercq,
Francquebare
een
Aan den wel Ed=len gestrengen heer —
Cristiaan ulrich van Nissen gouver„
„neur van sijn Coninklijke maijesteijt
van denemarken Etc„, mitsg„s op perhoovd over
den staad van roijale deense Comp„e in Jndia,
nevens den raad, residerende binnen 't Cas„
teel Dansborg
Ed=e"
NL-HaNA_1.04.02_8834_0318.xml,"Van Cormandel onder dato 3.:' meij A„o 1722.
Nodemaal scomp„s scheepen de magdahena
en Graringtuin, op den 30. ' Maart jongstl:
voor Portonovo ten anker Leggende in die
harde storm het ongeluk hebben datse die
rheede hebben moeten verlaten, en zee-
kiesen, om niet op lager wal te geraken,
en soo in nog grooter gevaar te comen, —
en bij dat ongeval daer te moeten laten
in de gront sitten 5 stux ankers, en vijff
en een halve sware touwen, ook twee bo„
„ten en een schuijt te verliesen, met drie
man, door welke schaden, en verlies de scheeps
overheden, die met voorsz bodems den 2 deser,
een mijl beworden tegenepatn: weder op„
„gedaagt zijn, in groote verlegentheijt geraakt
zijn, haar t eenemaal buijten staat bevinden
de reijse weder bij dit heen voort te setten,
al soo bij 't minste onweder dat god verhoe„
„de, haar geensints zoude kunnen redden,
en daarom ons ook versogt hebben om van
Edele Erntfeste manhafte
Wijse voorsz: seer discrete
heere en Vrunden,
hier"
NL-HaNA_1.04.02_8834_0319.xml,"311
Van Cormandel onder dato 3:' Meij A„o 1721,
hier te mogen geassisteert werden, soo is
ons gants gedienstig, en vrindelijk versoek,
of uE uijt haren voorraad daer niet kunnen
missen twee ankers, en twee anker touwen,
bequaam voor scheepen van 130 voeten, zoo
als dese zijn na onse gissing, het kostende
van dien sullen wij uEd: ten tank voldaen,
alsoo wij hier tegenwoordig niet een anker
of touw hebben, dat daer toe dienstig is,
zoo ja, of dan ook de goetheijt gelieve te
hebben, van ons een spoedig antwoort daer
op te laten toecomen, alsoo 'er haast bij is,
waar mede uw Ed=le inde hoede godes beseter,
en na Cordate groete verblijve /onderstont/
Edele Erntfeste manhafte wijse voorsz:
seer discrete Heere, en Vrunden, uw Ed=le
dienstwillige vrund en Dienaren, /was ge„
„tekent/ G: westrenen, P: v: burg, G: Maire,
Frans Jacobsz: A„n Pla, Alb„t v: weede, H:
Haak, F„k Elliot, B„n v: duijn en Crist„n Po„
„leman de I„o, /in margine/ Nagapatnam den
5e. April Ao. 1721,
Francquebare
d=len Heer,
Aen den wel Edlen
Cristiaan"
NL-HaNA_1.04.02_8834_0320.xml,"Van Cormandel onder dato 33:' meij A„o 1721
Cristiaan Ulrig van Nissen
gouverneur van sijn Coninklijke
Maijesteijt van Denemarken
etc:a, mitsg„s opperhoovd overden
staat van roijale deensche Comp=es
in India, residerende binnen 't
Casteel
Edele erntfeste manhafte —
wijse voorsz: seer discrete
Heer
Aangesien wij op gisteren een weijnig
tijds na den ontfang van uEd seer aengena„
„me Letteren, ged„t 5 dezer ook van Porto„
„novo te gelijk berigt kregen dat 's comp„s
scheepen de Magdalana en Haringthuin
daer weder ten anker waren gecomen, en
des andren daags werk souden beginnen
om hare verlore ankers, en touwen op te
vissen, waer toe wij haar in tussen van
hier soo veel hulp middelen hebben toege„
Dansborgh
„sonden"
NL-HaNA_1.04.02_8834_0321.xml,"313
Van Cormandel onder dato 3:' meij A„o 1724,
sonden, als aen de hant hadden, soo dient bij
desen seer genegentlijk, in antwoord voorsz:
op uE minsame Letteren, dat wij uEd bij provi„
„sie seer vriendelijk en hertgrondig bedanken,
voor de bijsondere obligatie en bereijdwillige
presentatien ten dienste van onse Comp=
daer bij gedaan, met promesse dat bij voorval„
„lende occagien, onse bereijdwilligheijt ten
dienste van uEd Comp„e ook altijd sullen be„
„thoonen, voor soo verre in ons vermogen is,
terwijl nu eerst sullen afwagten van wat
vrugt, en uijtcomste dat werk, te weten
het opvissen der ankers, en touwen, sal
wesen, en ofse die alle weder binnen boort
zullen connen Crijgen, om daar een vaste —
staat te cunnen maken, wat, en of haar nog
ijets sal benodigen, wanneer wij ook de vrij„
„heijt sullen gebruijken, om uEd. nader daarom
te versoeken, waar mede Etc:a / was getekent/
G„t westrenen, P: vburg, G: Maire, H„s
Jacobs, A: Pla, Alb„t v: Weede, I, Immens,
H: Haak, f„k Elliot, B: v: duijn, en
Crist„n Poleman d' I:s /in margine/ Nagapat„
nam den 7 April Ao. 1721
Trancquemale"
NL-HaNA_1.04.02_8834_0322.xml,"Van Cormandel onder dato 3:' Meij A„o 1721
10
20
d
Francquebare
Aen als vooren,
t' sedert onsen Laasten van 7.:' deser sijn hier
op den 16. daer aen behouden ten anker ge„
„comen onse E. 'sComp„s scheepen de magdalena
en Haringtuijn, van welke de schippers
verclaart hebben, dat se onder gods zegen de
reijse wijders na Batavia, cunnen onderne„
„men, en voortsetten, met hunne tegenwoor„
„dige ankers, en touwen, terwijl drie vande
gecapte ankers voor Portonovo, en ontrent
2 touwen weder opgevist hebben, niet wel
kans zijnde de twee andre uijt de gront te
krijgen, derhalven wij uEd: nogmaal op 't vrien„
„delijxt bedanken, voor de beleevde aenbiedin„
„gen van hulpe en bijstant, in onse verle„
„gentheijt, sullende bij alle occasien ook niet
manqueren van onse zijde alles te contribu„
„eren, wat in ons vermogen ten dienste sande
thonorable deense Comp„e en uw Ed: zoude
mogen wesen, waar mede Etc.:a /was getek:t/
G„t Westrenen, D: v: Cloon, G: mairo, —
B1B5
Hr. Jacobs"
NL-HaNA_1.04.02_8834_0323.xml,"315
Van Cormandel onder dato 3. ' meij A:o 1721
H„s Iacobs, A„n Pla, Alb„t v: weede, I.
Immens, H: Haak, F, Elliot, B. V.
duijn, en C: Poleman d„o J„o /in margine/
Nagapatnam den 19. ' April A„o 1721, accor„
„deert W„m Crielaart eerste Clercq,
Edele H„r Gouverneur van de Cust
D
Cormandel wert bij desen becent gemaakt,
als dat 't schip de Haringthuin op den 30. '
der voorleden maant op Portonovo heeft ver„
„loren, twee sware ankers, twee en een quart
swaar touw, en boot, en schuijt, dog heeft de
bood naderhant wederom gecregen, en op den
6. ' der tegenwoordige maand wederom op Por„
„tonovo op gevist, een swaer anker en drie
quart touw, soo dat ik nu nog mis, ofte
verloren hebben de shuijt, een swaar anker,
en een en een halv swaar touw, verblijve
met veel respect, wel Ed„le Heer uw Ed onder„
„danige en gehoorsame Dienaar /was getekent/
P„r v: Loosen, /in margine/ Nagapatnam
den 19 April A„o 1721,
D
Rapport voor d' Ed„le H„r
Gouverneur Gerrit Westre¬
nen"
NL-HaNA_1.04.02_8834_0324.xml,"Van Cormandel onder dato 3:' Meij A„o 1721,
Ter rheede van Portonovo zeggende, heb„
„be aldaar den 30. ' Maart deses jaars een
sware storm beloopen, waer door hebbe laten
zitten een thuij anker, met een touw, voorts
't dagelijx anker met een en een halv touw,
en ten Laasten mijn plegt anker met twee
touwen, en boot, waer van niet meer hebben
kunnen bemagtigt werden, als het dagelijx
anker met drie quart touw, verhoope met
de nog hebbende ankers en touwen onder
(godes Zegen) na Bad=e te cunnen volbrengen,
't gene sijn Ed„le wert Gerelateert, door zijn
Ed„le ootmoedigen Dienaar /was getekent/ I: d:
Winter /in margine /. nagepatnam adij 20. '
April A„o 1721, Accordeert W=m Chielaart
eerste Clercq?/
Nagapatnam,
Aen den wel Ed„le agtb H„r
gerrit westrenen, gouverneur
en directeur deser Custe Corman„
„del met den resorte van dien,
van
„nen wegens den toestant van
't schip de Magdalenae ter
Wel"
NL-HaNA_1.04.02_8834_0325.xml,"317
Van Cormandel onder dato 3:' Meij A„o 1721,
en handel tot Cou„
schielijken aan
breng van Cleeden
aldaer,
Den vlaamsen Lorrendraijer, genaamt
de stad Oostenden, na 't onderdanig g'advi„
„seerde aen uEd agtb: dato 26 januarij; de wegens den staat
10. ' derselver maand van Pegu, weder op de „welang
rheede van Couwelang gecomen zijnde,
zoo vernam ik (tegens d' apparentie bij mijn
singulier schrijvens van 4. ' decemb: jongstl:
aen uEd agtb: gemelt) dat op gedagte plaats
voor't eijnde van genoemde maand Januarij
reets wel 27 a 28 duijsent pagoden aenklee„
den waren aengecomen, 't geene mij aen spoorde,
om te onderstaen, of door beter correspon„
„dentie niet conde vernemen, waer van daen„
en op wat wijse men soo een bedragen van
Linwaten in soo corten tijd hadde weten
bij een te crijgen, mitsg„s in wat soorten
deselve bestonden, en troff eijndelinge d'oc
„cagie dat eene der Cannecaspuls die de —
Cooplieden op gedagte Couwelang diende,
zig daer toe wilde laten Gebruijken, maar die
intusschen ziek geworden zijnde, soo hebbe
Wel Edele agtbare
Gebiedende Heere
niet"
NL-HaNA_1.04.02_8834_0326.xml,"Cormandel onder dato 33' meij A„o 1721,
Van
aen cleeden in't
gebragt zijn
eenige omstandig
de leverantie van
niet eerder als nu, 't verlangde berigt daer
van connen becomen, volgens welke uw: Ed:
agtb: thans, met sekerheijd kan bedeelen,
dat gedagte schip voor desselvs depart van
meergemelte plaats zijnde geweest den 11. '
hoe veel Capitaal feb„rij Laast geweken, / aldaer heept ingeladen
geheel daer aan een quantiteijt van p=/a 33010. –. diverse kleeden,
van soo een zoort, en prijs, en ter sulker
oort ingesamelt, als uEd agtb: bij nevens—
gevoegde opgivte van dien zal te vooren
komen, hebbende gem: Cannecaspel mij monde„
„linge, ten opsigte der Leverantie van gedagte
kleeden, dese omstandigheden verhaalt,
namentl: dat geene van die, daar gebleekt
heden wegens zijn als de 840 p„s guinees en 550 p„s salem„
„voeris van 9 Caal, en dat die door gebrek van
tijd, en genoegsame wassers, niet alleen
maar halv, of twee derde wit zijn gemaakt,
maar dat zulx door de verhaastinge, en„
„kel met Calk geschied zijnde, dat goet daar
door, terwijl het in de packen beslooten legt,
gants Cragteloos moet worden, en dat die
twee gemelte soorten, schoon de naam van
9 Caal hebben, immers soo slegt waaren
als d' Engelse steeds, en de france thans,
ook van 8 Caal in samelen, 't gene zig bij den
op slag
dien"
NL-HaNA_1.04.02_8834_0327.xml,"319
Van Cormandel onder dato 3:' meij A„o 1721,
't gepasseerde
sigte van Couwe„
opslag soo claar ontdekt hadden, dat schoon
de scheeps hoovden het selve niet sorterende,
maar alleen weijnige stucken, uijt de ge„
„heele massa besiende, 't selve niet voor
eerste soort hadden willen aennemen, en
na veel stribbelings eijndelinge aen de
Coopl: 1/3 van't zelve tegens 2 soort, en 2/3
tegens 3 zoort hadden goed gedaen, en ver„
„volgens al de rest sonder meer als 2 a 3
stux uijt ider zoort te besien, soo hadden
laten afpacken, sijnde gedagte schip —
soo als voormelt, met die Carga van Cou„
„welang vertrocken, sonder dat sedert
ijets naders daer van vernomen hebben,
als eeniglijk dat het selve zig 2 a 3
dagen voor Conjemere heeft opgehouden,
omme van daer wat water, en eenige verver„
„singe mede te nemen, belangende den toe„ tot en tien op
stant van Couwelang, en 't gepasseerde aldar, g„t lang
is 't bij sonderste dat den hawaldaar dierplaats
Miab Seeb, den tolk vande daer resideren
oostendenaars, hebbende Laten roepen, en
die op 't verbod van zijn meester niet
Comparerende, den selven met gewelt heeft
laten haalen, en met sjambok slagen, hallen
buijten
van"
NL-HaNA_1.04.02_8834_0328.xml,"Van Cormandel onder dato 3:' Meij A„o 1721
buijten de plaats doen jaagen, en dat de
selve van dit gerepte schip den voornaam„
sten jnlantsen handelaar met de oostendenaars
Marchitti consuis heeft willen dwinger,
om, alvorens zelvs de reecq: was opgemaakt
2000 pa/o voor de portie van zijn ingebeelde
winsten uijt gemelte negotie aen hem te
moeten afgeven, wegens welke en meer ordre
quade ontmoetinge van gedagte hawaldaer,
genoemde Marchitte, en den resident der
oost en denaars al voor 5 weken na Arcadoe
zijn vertrocken, om daer over aen den heer
Nabab te Claagen, en te verthoonen, dat
soo geen ander regent daer quam, het onmo„
„gelijk was om eenige negotie op die plaats
te connen aanqueken, maar voormelte miab
selb, soo spoedig aen 't hoff vanden nabab
gecomen zijnde, als sijn beclaagers, heevt
E
daer tegen, soo veel tot zijn verschooninge
en hare beswaringe, weten in te brengen,
dat se nog niets, ten sijnen nadeele hebben
connen uijtwerken, sonder dat intussen
ontsien heeft, om bij zijn vertrek van Couwe„
„lang, aen den Cortewaal aldaer order te geven
om alle de wevers die door't schielijk ver„
„trek"
NL-HaNA_1.04.02_8834_0329.xml,"321
Van Cormandel onder dato 3:' meij A„o 1721,
slegt gevolg van
diend
trek van't veel gedagte schip eenige kleeden
minder hebben gelevert, als de daer toe ver„
„streckte penn: van gerepte Cooplieden, ren„
„deeren te doen ophalen, en door slaen en verlagen
te dwingen, om dat gelt aen hem op te brengen,
gelijk ook reets werkelijk geschiet, sonder
haar tijd te willen vergunnen, om eerst haar
reek„e met de Coopl: te connen afmaken, —
en nadien door 't vertrek van den heer nabab
na de noord, de voormelte questij niet is af„
„gedaan, en gedagte Couwelangse resident
en Coopman met de zijne, sig nogt Arcadoe
blijven onthouden, waar door niet alleen, alle
handel op Couwelang stil stont, maar ook
de daar nog verblevene, voor een slegte uijt
„comst vreesde, soo zijn wel 2/3 of ¼ van desel„
„ve in tussen van daer vertrocken, sijnde ook
vande 16 huijsen en 28 boetikes, die in den regen
tijd zijn ingestort, nog Geene, en vande 3-
bengalas niet meer als eene opgemaakt, —
wets soo de toesegginge van den soo ge„
naamden Commandeur Mervellie, dat hij op
zijn aancomste tot oostende, ten eersten met
eenige scheepen van daar na herwaarts, —
soude Comen, met de nodige magt en spetie,
om"
NL-HaNA_1.04.02_8834_0330.xml,"Van Cormandel onder dato 3 Meij A„o 1721,
om Couwelang in possessie te nemen, en een
gereguleerde negotie aldaer te estabileren,
dit jaar geen effect mogte sorteren, na alle
apparentie, die plaats, soo haast zal vergeten
raaken, als deselve een naam heeft gecregen,
waar mede met gepaste respect verblijv, —
(onderstont) wel Ed: Agtb: gebiedende Heere,
uEd agtb: onderdanigen seer g'hoorsamen, en
trouw schuldigen Dienaar /getekent / A: boel„
/in margine/ sadraspatnam den 27 Maart
A„o 1721,— Accordeert W=m Crielaart, —
Notitie der Carge die 't schip de Stad oos„
„tende /(volgens 't opgeven van een der Canne„
„cappels of schijvers, die tot den ontfang en
820
200
Leveringe desselfs gebruijk is/ in februarij
1300
A„o 1721, op Couwelang soude ingenomen hebben,
als,
van kissenepatnam, doegragiepatn:, niloer,
ontrent 20 â 22 mijlen benoorden Palliacatten,
152 p„s bethilles br: blau costen. . . . . . . . . p=a 542.
422 „ _„o dassen. . . . . . . . . . . . . . . . . . „ 820.
400 „ Guinees van 18 Caal. . . . . . . . . . . . „ 2404.
_„o „ 15 „. . . . . . . . . . . . „ 1120.
280 „
905 „ salempoeris „ 18 „. . . . . . . . . . . . . „ 1049.
_„o. „ 15 „. . . . . . . . . . . . . . „ 275.
-
160 „
Corg: gestreepte gingam van 14 Caal
63½ „
„kosten - - - - - - - - - - - - - . . . „ 563.
Comt pao 6773.
p„r tran spt
9"
NL-HaNA_1.04.02_8834_0331.xml,"323
Van Cormandel onder dato 3:' Meij A„o 1721„
P„r transport. . . . . . . . . . . . Pr„o 6773. —.
van benoorden madras tot Can„
Langewaron, toe,
620 p„s guinees van 12 Caal kosten p=a. . . . 4364.
900 „ salempoeris „ . - . 12 „. . . . . . . „. . . . . . „. . . . . . 2438.
183 „ moeris. . . . „. . . 6. „. . . . . . „. . . . . „ . . . . . 406.
120. „ _„o 3 Cob: breet. . . . . . . . „. . . . . „. . . . 194
420 „ bethilles 2½ Cob: „ - - . . . . . . „ . . . . . „ . . . . 642
8044.
1900 „ _„o breet 2¼ lang 32 Cob: „. pag: 3234.
620 „ _„o. . . „. . . 2 1/8 „. . . 40. . . „. „. . . . . . 1870.
920 „ _„o. . . „. . . 2¼. . „. . . 32. . „. . . „. . . . . . . 2293.
480„ _„o. . . „. . . 2¼. . „ . 40. . „. . „. . . . . 594.
40„ _„o. . . „ 2½. . „. . . 40. . „. . . „. . . . . . . 137.
820„ _„o. . . „. . . . . . . . . . . . . . . . „. . . . . 2508.
200„ _„o. . . . . -. - - - - - - - . . . „. . . 400:
520. 1256: 20600.
1300 „ _„o. - - - - - - - - - - - - - - - - - „ —
van Cangewaron en verder Zuijw„t op
840 p„s guinees van 9 Caal kosten. f=o 1696.
salempoeris - - „ - - - - - - „.- - - - - „ 461.
550 „
2157.
600 „ betth„s br„t 2¼ lang 32 Cob: kost: p a/ 967.
446 „ _o. . . . „ 2½. . „. . 32 „. . . . „. . „ 848.
100 „ _o. . . . „ 2½. . „. . 32 „. . . . „. . „ 128.
40 „ _„o. . . . „ 3. . . „ 32 „. . . . „. . „ 108.
380 „ dasjes. . . . . . . . . . . . . . . . „. . „ 335.
190 „ soequetons „ 2¼. . . . . . . . . . . . . „. . „ 433.
40 „ _„o. . . „ 2½. . . . . . . . . „. . „ 138.
169 „ rode neusdoeken „. . „152.
495 „ d blauwe d=os. . . . . . . . . „. . „ 371. 3480. 5637.
Accord„t W„m Criel„t eerste Clercq Somma Pa. . . 33010.
nagapatn:
,"
NL-HaNA_1.04.02_8834_0332.xml,"Van Cormandel onder dato 3 meij A„o 1721,
Nagapatnam,
Aen den wel Ed: Agtb: Heer
Gerrit Westrenen,
Gouverneur en directeur —
deser Custe Chormandel
met den resorte van dien
benevens den E: Praad,
Wel Ed„le agtbare=
gebiedende Heeren, —
De Chialoup Eddemonij die den 1 deses —
van nagapatnam, hier ter rheede gecomen
is, hebben wij den 3 daer aen weder over Por„
„tonovo derwaarts afgevaardigt, en laten
thans desen versellen,
Een duplicaat van 't brievje 't gene daer mede
in eerbied aen uEd: agtb: hebben gerigt
nevens,
Een Copia Cognoissement factuurtie vande
arduijne vloersteene, welke dat bodem
„tje hier heeft ingenomen monte„
„rende . . . . . . . . . . . . . . ƒ 511. 13. 8 en 1
een 4"
NL-HaNA_1.04.02_8834_0333.xml,"325
Van Cormandel onder dato 3 Meij A„o 1721,
Een Copia Cognoissement wegens 20000. con„
„tante pagoden, met een gem: Chialoup —
van dit Comptoir na dat van
Portonovo versonden, bedragende —
ƒ120000. mitsgaders,
den rendement der Coopmansz: welke in
jongst gepasseerde maand maart —
alhier sijn vercogt, bestaende inde
ondervolgende, te weten,
246¼ lb foelij of macis
1410 — „ garioffel nagelen
1263¾ „ noten of rompen
5855 -. „ ronde peper.
1075. ½ „ japans staav Cooper
op alle welke d'Ecomp=e gewonnen heeft te
zamen ƒ13707. 4. 8.
voorlede saturdag den 29 passado, inden na„
„middag begon dp N. O. wint hier seer sterk —
door te waaijen, sijnde de Zee na mate van
dien, nog veel verbolgender, en des volgende
daags ten 2 uure smorgens nam de wint
onderweerligt en sterken sonder / soo toe,
dat het met den dag, al een volle storm
waaijden, die ten 10 uuren des voormiddags
verselt met een weer gadeloose aanhoudende
stort regen ( nog al vermeerderde, maar ten
2 uuren"
NL-HaNA_1.04.02_8834_0334.xml,"Van Cormandel onder dato 3 meij A„o 1721.
2 uuren namiddag een weijnig afnemende,
en de wint 2: streeke noordelijker Comende,
gav sulx ons hope van bedaren, dog on„
„trent een uur daer na, begon de Lugt,
onder sterke donder, en blixem (soo te
swellen dat zee en Lugt scheen ver„
„eenigt te zijn, en onder dies verhier—
de storm uijt den N„o O„ als ook het woe„
„den der zee weder felder als nog te voren, —
welke fellen stoot, ontrent 2 uuren geduurt
hebbende, bleev de storm hoe wel wat gemin„
dert nog tot middernagt aenhouden, maer doe
de wint hand over hant door't noorden na 't
westen lopende, wiert het ook wenselijk stil,
sijnde de zee den 31. ' met den dag soo be„
„daart, als oft niet gestormt en hadden, —
schoon de dacken van de woon en pakhuijsen
deser Logie, onder de storm alwat onstelt sijn
geraakt, is egter daar door geen schade aen
's Comp„s Effecten geschiet, maer door 't oprswel„
„len der rivier, van Codioer, is meest al 't houd
dat desen jaare reets gewormeert en opgehoopt
was gesmolten, en de nelij die inde halm
was, door den stort regen, en sware wint,
uijtgeslagen, sijnde alleen onder dees Lants
limiten vande onderhoorige der Ecomp=e ruijm
hondert stuks hoorn beesten, en wel eens
soo"
NL-HaNA_1.04.02_8834_0335.xml,"327
Van Cormandel onder dato 3. ' meij A„o 1721.
soo veel bocken door den sterken reger ver„
„smoort, op Alemperwe zijn de muuren en daa„
„ken die van s' Comp„s toestel daer nog overig
waaren, ook alle ingestort, en op Conjemere be„
„halven de schaade aen de dacken, ook de vlag„
„gemast om verregewaaijd, ter see, soo voor als
besuijden, en benoorden dese plaats, heeft de storm
ook al diverse schaade veroorsaakt, want
een scheepje met drie mosten 't geen op Te gene„
„patnam voor 14 dagen maar nieuw in zee-
was gebragt, en den Madrassen gouverneur
de heer Hasting toebehorende, den 29 deser
door den noort oosten wint voor dese plaats op„
„gehouden wordende, waer van desselvs Capi„
„teijn hier aen zant gecomen, en door de over„
„matige aanstortinge der zee verhindert
aen boort te connen gaan, is onder 't hardste
van den storm, agter sijn anker inde gront
gereden, 11 man daer van verdronken, en 7 _„o
ruijm halv dood, aan Lant geraakt, sijnde 't
scheepje ook besuijden de rivier van Padras,
met de kiel om hoog tegen de wal geslagen,
waer van de gerepte Capitain, aenstonds
kennis gegeven hebbende aen gedagte heer Gou„
„verneur, soo heert die ten eersten een gequa„
lificeerde met sestien pions, en soo veel inlantse
bosschieters"
NL-HaNA_1.04.02_8834_0336.xml,"Van Cormandel onder dato 3.:' Meij A„o 172
bosschieters na herwaarts gesonden, die met
allen, het schuijtjen en boeg sproet van 't schip,
en 10 stx rolpaarden van 1 en 2 ponders stuk„
„jes, welke onbeschadigt waaren hebben geborgen,
maar selvs ook de stucken van de masten,
stengen, en planken, doen te samen brengen,
en wijl eenige seijlen, en rheen, die besuijden
de rivier van Palaar, waren aangespoelt,
door den sijoersen regent in't dorp van Carre„
„zoer gebragt zijn, soo heeft gedagten afgeson„
„den aen d' heer Madras gouverneur gevraagt
hoe daer ontrent te handelen, in tusschen
hebben wij onder beleevd Excuijs, aen de
heeren engelsen tot verhoedinge van alle —
moeijten met de Lant regenten, seer sorg„
„vuldig verhoed, dat de onderhoorige der
Ecomp=e alhier nergens in g'assisteert heb„
„ben, als alleen om in zee de ankers op te
vissen, en wesende in't gedagte scheepje
buijten de zant ballost niets tot Ladinge,
als ontrent 130 Canassers zuijker, — voor —
madras zijn ook twee moorse scheepjes
en agt phaaren verongelukt, en ontrent —
Couwelang een thonij daar onder andre ook
voor 's Comp„s bl: verwerij, alhier ruijm een
gants"
NL-HaNA_1.04.02_8834_0337.xml,"329
Van Cormandel onder dato 3:' Meij A„o 1721, —
gants taggrezaad in is geweest, welke na
Lange en veel moeijten op Madras, was bij
den andren gebragt, en inde 50 pag: costen,
waer van na alle apparentie niets zal te regten
Coenen, sijnde Zuijdwaarts van hier soo tussen
als op Tegenepatnam en Pondecherij, ook al
diverse Ledige en gelade inlantse vaartuijgen
tegen 't strant geslagen en gebleven, waer me„
„de met veel Eerbiet betuijgen te zijn /onderst:t/
re
le
wel Ed„le, agtbare, gebiedende Heere, uw Ed=le
Agtbare, onderdanige, seer g'hoorsamen, en trouw„
schuldige dienaren /was getekent/ A: boel, W:
Weijland, G: Gouds, /in margine/ Sadraspatn:
den 5 April A„o 1721, accordeert W=m Ciclaart
eerste Clercq,
Aen den Ed=le agtb: Heer
Gerrit westrenen gou„
„verneur en Directeur deser
Custe
Tot voldoeningen van uEd: agtb: g'eerdre
ordre en petitie der Ed: groot Agtb: Heeren,
Wel Ed=le Agtb: Heer
majores"
NL-HaNA_1.04.02_8834_0338.xml,"Cormandel onder dato den 3:' meij A„o 1721,
Van
majoores in 't vaderlant, vervat bij extract missive
in dato 27 Julij 1719 door wel gem„te Heeren gebie„
„ders, aen de hoog indiase regering tot Batavia —
geschreven, tenderende omme berigt te werden, en te
weten 't different der prijs van't gout, tussen het
vaderlant en dese Cust, segt den ondergesz: met
submisse, dat een maek sijn gout alhier (dog daar oa„
„der niet gecomprehendeert de geregtigheijd vande —
munt en verdre ongelden op de vermuntinge vallen„
„de, als daar sijn de oncosten van Mattam of toeset,
dewelke ingevolgen van't Contract door d' Ecomp: met
de vorst gemaakt moet bestaan uijt 2/5 fijn silver, en
15 koper 't loon der nunters en 't verlees daer smel„
„tinge) waardig is, drie en tagtig p=s vier en seven„
sestiende famun dus p=/ao. . . - - - . . . . . . . . . 83: 4 17/16
en dat de prijs van een mark fijn gout in 't
vaderlant, of wel tot amtstd. n, buijten 't opgelt
't welk somtijds van ¼ tot een stver (soo den onder„
getekende niet beter weet) rijst of clunt, or„
dinair beloopt en vastgestelt is, op drie Eon„
„dert vijf en vijftig Carolij guldens, dewelke tot
pagoden gereduceert a ses guldens ijder, even
als deselve alhier Cours nemen; comt 't bedra„
„gen van een markofijn goed in't vaderlant ne„
„gen en vijvtig pagoden vier fanums dewelke
vande voren gementioneerde 83 p/o 1/16 famuns ge„
„detraheert. . . . . . . . . . . . . . . . . . . . . 59: 4:
komt 't verschil der prijs tusschen 't vader„
„lant en dese Cust, op ijeder mark, houdende
24 Caraat fijn. . . . . . . . . . . . . . . . . . . p a/o 24. 3/16.
gevende een advans van 40 3/8 pCto,
d' Ecomp=en"
NL-HaNA_1.04.02_8834_0339.xml,"331
Van Cormandel onder dato 3. ' Meij A„o 1721,
d'Ecomp„e dan ter deser plaatse tot pagoden begerende vermunt
te hebben, een mark sijn gout, waar van de intri sique waarde
(even als hier voren aangetoont is) alhier bestaat in pa/ao 83. 4 1/16.
blijk uijt 't hier aen g'annexeerde ontwerp dat daer van
voor 't costende der mattam moet afgaan p a/o — 19. 3/2.
en voor 's munts geregtigheijt en munter sloon„ 1: 6:—
maken te samen. . . . . . . . 2. 1. 1/3.
welke twee p=a een en vijv agste fanem ge„
„trocken vande bovenstaende. . . . . . . . . . . . . . . . . . . . . 2. 1. 3/38
becomt d' Ecomp„e daar voor suijver uijt demunt. p a/o 81: 2. 3/16.
daar van wederom getrocken 't costende tot de prijs van
een mark fijn gout in't vaderlant tot. . . . . . . . . 59. 4.
maakt op ider mark aen winst. . . . . p a/o 21. 22 1/16.
en geevt een advans van 37 pC=to. ,
gelijk ook alhier een mark bruto goud inhoudende fijn agt
en vijf agste math: of 20 kart 8 2/5 grijn, avgetrocke de —.
munts geregtigheijt, en nunters zoon, waar„
„dig is. . . . . . . . . . . . . . . . . . . . . . . . p a/a 70: 16: ½.
en een mark van even gesegde gehalte soude volgens
de vast gestelde prijs van drie hondert vijf en vijftig
Carolij guldens, 't mark fijn, tot amsterdam waar„
„dig zijn, drie hond„t ses guld„s drie sts 12 penn: die tot
pagoden gereduceert a 6 guldens ider, comt in't geheel
pagoden een en vijftig en drie quart famem de„
welke vande bovenstaende 70 p=a 16½ fanum gedetrah„t 51: —. ¾.
Comt 't verschil der waarde van ijder
mark vermengt of bruto gout, ter ge„
„halten van 88 math„s tussen het va„
derlant en dese plaats. . . . . . . . . . . . p a/o 19. 15. ¾.
waar mede den ondergetekende dan vertrouwt
zoo aen uEd agtb: g'eerde ordre, als aen 't gepor„
„derde, door de Ed: gr: agtb heeren majores in't vaderlant
te hebben voldaan, sal hij in eerbied blijven (onder„
stond) wel Ed„le agtbare heeren: uEd agtbare ge„
hoorsamen dienaar (was getekent) F: Elliot) in mar„
„gine /nagapatnam den 27 Maart A„o 1721, accord„t
W: Crielaart eerste Clerq—,
ontwerp
-
20"
NL-HaNA_1.04.02_8834_0340.xml,"Van
den voet der p=ao is
20 kar. t 8 2/5 g=r
12
248.
1242. . .
198
8 once
1242
34½
Intwerp of aenwijsinge
gouverneur Gerrit westrin
„gens, en hoe veel pagoden d' Ecomp:e
suijver hebben kan avgetrocken de on
munters zoon, als mede hoe veel p=r
1 mark fijn goud is 24 karaat en 1 karaat 12 greijn
12
288
1448
mark: ons
198
1 — 1 – 5½ engels ruime
ƒ282
af 1 —: —: fijn goud waar
a
342 cant aen matt=n m. . . . . . . . . . 1 - 5½ engels ruijm
20
6848
1588 11: 1242.
5½ Engels ruijm
630
Een mark fijn. gout dan alhier waardig zijnde
vorenstaende wijse moetende vermengt werden, vereijsear
vijff en een halv eng: ruijm, welkers gehalte volgens het
moet bestaan uijt 2/5 fijn silver en 1½/ koper, comt de selv
item munts geregtigheijt en munter zoon...
welke twee p=s een en vijf agste fanem. getrocken van de werde
Comt suijver na aftrek een onge
daar van gedetraheert 't oostende of de prijs van een mark
belopende op - - - - - - - - - - - - - - - - - - -
Geeft aende comp
„en een avans
Nagapatnam
Actum in de Stad
geteekent) F: Elliot / onderstont/ accordert W
Cormandel onder dato den 3: ' Meij A„o 1724."
NL-HaNA_1.04.02_8834_0341.xml,"333
Van Cormandel onder dato 3:' Meij A„o 1721,
waar van de vermenging geschiet is waarde. . . . . . . . . . . . . . . . . . . . . 83: 4: 1/16.
ruim
dewelke in pagoden gereduceert
vermengde specije p=a alloijs a 71¾ stux in't mark komt dies
pagode f=ms
2„ 1. 3/8.
59„ 4„
ter ordre van den Ed=len Agtb: Heer Chormandels
ge
trijnen door den ondergesz: gemaakt, en gedaan, we„
uijt een mark fijn gout bij vermuntinge alhier —
omp„e
oncosten der mattam, de geregtigh:t van de munt, en
de
Cento d' Ecomp=e daer bij avandceert, —
ijnde pgoden drie en tagtig vier en seve sestiende fanem en op de
vereijse daar bij, soo als aengetoont hebbe, aen mattam een ons:
volgens het contract door de Ecomp=e met de vorst gemaakt,
de selve waarde alhier. . . . . . . . . . . . . . . . . . . . p=/ao —: 19 3/18
omt
. . . . „ 1:6:—
. .
makende te samen. . . . . pa/a 2. 1. 3/1.
de warde der boven gem: vermengde specie. --------- - - - ----- --
der ongelden en onkosten. . . . . . . . . . . . . . . . . . . . . . . . . . . . 2 a/o 81„ 2„ 1 1/16.
een mark fijn goud in 't vaderlant of wel tot amsterdam,
– - - - - - - - - - - - - - - - - - - - - - - - - - - - - - - - - - -„
Een avansz van 37 pCto
tnm den 27:' Maart A„o 1721, (was
accordeet W=m Crielaart eerste Clercq —
aen d' comp=e een voordeel van. . . . . . . . . . . . . . . . . . . . . . pag: 21„ 22 1/16..
extract
p=r
ruijm"
NL-HaNA_1.04.02_8834_0342.xml,"Van Cormandel onder dato 3: ' Meij Ao 1721,
Extract uijt een missive
door de Masulipatnam se opper„
„hoovden na herwaarts gesz
in dato ult„o maart A„o 1721. —
De differente saken hier ontrent, comt ons
F
eerst voor mon s„r Creton, frans opperhoovd,
dese man van Ponde Cherij te rug geceert,
staet weder op reijs te gaen na Narsapour
en soo vervolgens de weevplaatsen onder Pa„
„Licol en daatcherom, te besoeken, moge„
„lijk om t' ervaren wat en hoe veel Lijwaten
bereijts in gereetheijt sullen wesen, van de
gene die de vrunden van Palicol, bij haar
brievje van 23 deser vermenen, dat hij in —
sijn eerste visite aen de twee verstotene
Cooplieden fecka wenkoe, en Condoer Ap„
„paij, beneffens eenige hoovtwevers tussen
d' Oenemoedie, en Cabel spoeramse rivier, —
wonagtig ter montura: 10 a 12. 000 pagoden,
had aanbevolen, ook gerugt men, dat hij het
soo genaamde Coninks huijs binnen dese stad,
tot een ruijme Logie voor zijn Comp=es van
meenig waar te lopen, en bereijds hebben zij,
tot den spoedigen overbreng der brieven tussen
ponde"
NL-HaNA_1.04.02_8834_0343.xml,"335
Van Cormandel onder dato 3:' Meij A„o 1741.
pondecherij en dese plaats vier, en noord„
„waarts na bengale op 6 drie posten tappas„
„sen gestelt, soo dat dese brede beginselen
geluckende d' Ecomp=en niet dan schadelijk
zullen sijn, maar dat egter bedenkinge
geevt, is dat den tweede fransman bij 't
opperhoovt verrijn wesende, verhaalde, hoe den
heer regent van vrankrijk, bij den koning van
Engelant versogt om 10000 man, en schepen,
tot hulpe tegens spanje, wel 20000 coppen
had gesonden, en na rato ook meer scheepen, —
met geheijme Last, om in plaats vande spanjaarden
tegen te gaan, met hun zelvs, de Engelse
te overvallen, maar dit ontdekt, had men
haar 't Landen belet, en op Lijn straffe ver„
„boden, en bij occasie der tappassen, of post
Loopers gevraagt, waer toe die bereijts benodig„
„de, antwoorde dese selve jongeling, om spoe„
„dige tijdinge te brengen, wanneer 't oorlog
mogte wesen; en het opperhoovt versaast,
uijtvorstende met wien, had hij vervolgt, te„
„gen de engelsen, gevolgelijk een gesprek dat
te sorgelijke bedenke geevt, om uE agtb.:
te onthouden, alschoon wij verhoopen dat de
naaste tijdinge, dit verijdelen en ons aantogende
vaderlant nog Lange in een veijlige vrede behoe„
„den zal, accordeert M=r Crielaart eerste Clerq,
rendement"
NL-HaNA_1.04.02_8834_0344.xml,"Van Cormandel onder dato 3:' meij A„o 1721
1
4. ¾. lb foelij of macis - - - - - - - - - - - - - - - - - - - - - - - - - - - - - - - - -
18. ¼. „ garioffel nagulen - - - - - - - - - - - - - - - - - - - - - - - - - - - - - - - - - - . -
13. ¾ „ rompen of noten. . . . . . . . . . . . . . . . . . . . . . . . . . . . . . . . . .
1. ½. „ Canneel - - - - - - - - - - - - - - - - - - - - - - - - - - - - - - - - . . -
610. ½. „ japans staax coper - - - - - - - - - - - - - - - - - - - - - . . . . . . -
6. p„s kiate planken van 1½ duijm. . . . . . . . . . . . . . . . .
At
Portonovo
/onderston In't
Comptoir
door een abuis van onvoorsigtigh. t
zal dit rendement dus ongetek. t
wesen afgezonden,
ƒ
5.¼. lb foelij of macis - - - - - - - - - - - - - - - - - - - - - - - - ---
garioffel nagulen - - - - - - - - - - - - - - - - - - - - - - - - - -
46. ¾ „
25. „ rompen of noten. . . . . . . . . . . . . . . . . . . . . . . . . . . . . . . . . .
japans staax Cooper. . . . . - . . . . . . - - . . . . . - - -
1353:½ „
de
Comptoir Portonovo
/onderstont/ In't N
Willem van
Zijl, en Arn=s
Rendement als boven
Rendement vande ondergesprefi
„tijtjes hier ter Comptoire voor Contaat
Comt te gelden, als ook wat daar op
namentlijk
-"
NL-HaNA_1.04.02_8834_0345.xml,"337
Van Cormandel onder dato 3. ' meij A„o 1721,
winste op't
specficeerde Coopmansz: die indese maant bij kleijne par„
Contan vercogt zijn, met aanwijsinge, hoe veel ijder pont, en p„l
daar op en op 't geheel in pC=to, en in 't generaal is gewonnen,
't costende van hoe veebild advance op, 't costende vande tot hoeveel advance ten winsten op 't vercogte
een pont, en, en p„r vercogt is, 1 eden p„l gehele quantiteijt omgeset is,
. . . . . . . . . . . . ƒ — 11. 8. ƒ 8. —. — ƒ 7. 8. 8. ƒ 2. 14. 10. ƒ 38. —. —. ƒ 129. 5/16. d=s ƒ 35. 5. 6.
4. 13. 4. 6. 3. 3. 91. 5. —. 1381. ½.
. . . . . . . . . . . . . . — 6. 12. 5. —. —.
85. 1. 13.
3. 6. 8. 1. 2. 6. 46. 16. 11. 4092. 2/16. „
45. 14. 5.
. . . . . . . . . . . . . — 1. 10. 3. 8. 2.
3. 16. 2.
. . . . . . . . . . . - — 6. 2. 2. 16. 14. 2. 10. 12. —. 9. 3. 4. 5. 5. 828. /¾. r=m
. . . . . . . . . . . . — 9. 1. „ 16. 8. —. 7. 7. 278. 18. —. 507. 15. 12. 82. 1/15. . 228. 17. 12.
1. —. —. — 11. —. 2. 14. —. 6. —. —. 122. 3/16. „.  3. 6. —.
. . . . . . . . — 9. —.
de winsten in dese maant gevallen bedragen een somma van ƒ 402. 1. 6.
ultimo October Anno 1720.
hondert int generaal
hoe veel een advance 't costendee: tot hoeveel advance
„pont vercogt is op 1 lb, d'gehele quantit omgeset is, hondert, Eecogte at ge„
't costende van
pont.
. . . ƒ„ — 11: 8. ƒ 8„ —. —. ƒ 7. 8. 8. ƒ 3. —. 6. ƒ 42. —. —. ƒ 1291. 1/15. d=sƒ
38. 19 10„
. . . . „ — 6. 12. 5„ —. —. 4. 13. 4. 15. 15. 9. 233. 15. —. 1381. ½. „
217. 19. 7.
. . . . . . . „ — 1. 10. 3. 8. 2. 3. 6. 8. 2. —. 10. 85. 3. 2. 4092. 3/15. „
83. 2. 8.
. . . . . - „ — 9. 1. — 16. 8. —. 7. 7. 613. 6. 1. 1116. 12. 12. 82. 1/16 r=m 503. 6. 11.
de winsten in dese maant gevallen bedragen een s:r van. . . ƒ 843. 8. 4.
tonvo ultimo November A„o 1720 / was getek=t/
Oosterharen,
endement
vo
n
. . . .
2
1"
NL-HaNA_1.04.02_8834_0346.xml,"Van Cormandel onder dato 3. ' Meij A„o 1721.
Rendement als vooren
6. —. ld foelij of macis. - - - - - - - - - - - - - - - - - - - - - - - - - - - - - -
38¾ „ Gartoffel nagulen - - - - - - - - - - - - - - - - - - - - - - - - .
29. –. „. rompen of noten. . . . . . . . . . . . . . . . . . . . . . . . . .
Canneel. . . . . . . . . - - - - - - - - - - - - - - - - - - - - - - -
1.¼ „
2792.½„
japans staap Coper. . . . . . . . . . . . . . . . . . . . . . . . . . . . .
ponden stont :/ In't Nederlants Comptoire Poijlon
Rendement als voren,
8. –. ld foelij of macis - - - - - - - - - - - - - - - - - -
.
7:
. . . . . . .
garioffel nagulen. --- . . - -- -  --- -- ..
31¼. „
22. –: „ rompen of notem - - - - - - - - - - - - - - - - - - - - - - - - - - - - - - -
Canneel - - - - - - - - - - - - - - - - - - - - - - - - - - - - - - - --
5. ¾ „
.
japans Htaav Coper. . . . . . . . . . - - - - - - - - - - - - - - - - - .
1256.½. „
12. –. p„s kiate planken van 1½ duijm. . . . . . . . . . . . . . . . .
/onderstont/ In't N„ts Comptoir Portonov"
NL-HaNA_1.04.02_8834_0347.xml,"339
Cormandel onder dato 3. ' Meij A„o 1721.
Van
't costende: hoe veelt. advance 't costende tot hoe veel advance winsten op
een et en
vercogt.
ed en p„l is op een lb vande gehele omgeset is, houdeert 't vercogte in't
en p s,
generaal.
winsten op't
sande gehelg tot hoe veel advance
't costende van hoe veel ld advance
vercogte in
op een ld. mantiteijt omgeset is, hondert,
vercogt is,
't generaal-
een pont,
. . . . . . . . ƒ —. 11. 8 ƒ 8. —. — ƒ 7. 8. 8. ƒ
3. 9. — ƒ 48. —. — ƒ 1291. 7/16. d=s
44. 11. -.
. . . . . . . . . . . „ —. 6. 12. 5. —. —. 4. 13. 4.
13. 1. 9. 193„ 15. —. 1381. ½. „.
180. 13. 7.
2. 7. 2.
98. 15. 10. 4092. 1/15. „ 96. 8. 8.
. . . . . . . . . . . . „ —. 1. 10. 3. 8. 2. 3„ 6. 8.
. . . . . . . . . . . . „ —. 6. 2. 2. 16. 14. 2. 10. 12. —. 7. 10. 3. 12. 2. 828. 3/15. r: 3. 3. 8.
. . . . . . . . . . „ —. 9. 2. —. 16. 8. —. 7. 7. 1265. 7. —. 2303. 16. 4. 82. 1/16„ —. 1038. 9. 4.
.
de winsten in dese maant gevallen bedragen een s„e van . 1363„ 5„ 12.
Poytonovo ultimo Decemb„r A„o 1720. / getek:t/ als vooren.
quantiteijt
. . . . . . . ƒ — —. 11. 8. ƒ 8. —. —. ƒ 7. 8. 8. ƒ 4. 12. —. ƒ 64. —. —. ƒ 129. 1/6 s. ƒ 59. 8. —.
. . . . . . . . . . . . . — „ —. 6. 12. 5. —. —. 4. 13. 4. 10. 10. 18. 156. 5. —. 1382. ½. —. 195. 14. 1.
. . . . . . . . . . . . . „ —. 1. 10. 3. 8. 2. 3. 6. 8. 1. 15. 12. 74. 18. 12. 4092. 3/16. „ 73. 3. —.
. . . . . . . . . . . . „ —. 6. 2. 2. 16. 14. 2. 18. 12. 1. 15. 3. 16. 7. —. 828. 2/15. r: 14. 11. 13.
. . . . . . . . . . . . „ —. 9. 1. —. 16. 8. —„ 7. 7. 614. 13. 4. 1119„ 2. 4. 82. 1/16„ 504. 9. —.
..
. . . . . . . . . . . „ —. 9. —. 1. —. —. —. 11. —. 5. 8. —. 12. —. —. 122. 3/16. „ 6. 12. —.
de winsten in dese m„t behaalt, belopen. . . . . . . . . . . . . ƒ803. 17. 14.
ultimo Januarij A„o 1721., / getek:t / Als vooren,
G.
rendement,
en,
.
. .
o"
NL-HaNA_1.04.02_8834_0348.xml,"Van Cormandel onder dato 3. ' Meij A„o 1721, —
Rendemend Als vooren,
4. ½. ld foelij of macis - - - - - - - - - - - - - - - - - - - - - - - - - - - - - . . . . . . . . . .
30. ½. „ garioffel nagulen - - - - - - - - - - - - - - - - - - - - - - - - - - - - - - - - - - - -„
17. ¼ „ rompen of noten. . . . . . . . . . . . . . . . . . . . . . . . . . . . . . . „
2. ½ „ Canneel - - - - - - - - - - - - - -. - - - . . . . . . . . - - - - - - - - . . . . - - . -„
735. –. „ japans staax coper - - - - - - - - - - - - - - - - - - - - - - - - - - - - - - - - - - - - - - -
3 —. p„s groote flessen rosewater bedurven bij vendutie veroogt. . . . . .
2—. kassen perciaanse wijn, te weten,
1 _„o klaret, en
}wijn. . . . . . . . . . . . . . . . . . . . . . . .
1 „ ord:. . . . . . .
/onderstont / In't N=ts Comptoir Portonovo Ardij
ult
5. ¼. lb foelij-of macis - - - - - - - - - - - - - - - - - - - - - - - - - - - - - - - -
28. ¾. „ Gartoffel nagulen - - - - - - - - - - - - - - - - - - - - - - - - - - - - - - - - - - - - -„
21. –. „ rompen of noten. . . . . . . . . . . . . . . . . . . . . . . . . . . . . . . . . . .
1. –. „ Canneel. . . . . . . . . . . . . . . . . . . . . . . . . . . . . . . . . . . . . . . . -„
36. –. „ japans staav Coper - - - - - - - - - - - - - - - - - - - - - - - - . . . - - . -
189—. parr: rijs - - - - - - - - - - - - - - - - - - - - - - - - - - - - - - - - - - - - - - - - - - - - -„
/onderstond/ In't N=ts Comptoir Portonovo ultimo Mac
Rendement Als vooren
1
0"
NL-HaNA_1.04.02_8834_0349.xml,"341
onder dato 63. ' Meij A„o 1721. —
Cormandel
Van
't costende z: hoe veel thd advance op 't costende tot hoe veel advance winste op„
p. s en cas vercogt. len te„ en. vand' gehele omg:eset
1 lb
't verkogte in't
hondert.
is
generaal
quantiteijt is,
. . . . . . . . . . . . ƒ —. 11. 8. ƒ 8. —. —. ƒ 7. 8. 8. ƒ 2. 11. 12. ƒ 36. —. —. ƒ 1291. 1/16 s=r ƒ 33. 8. 4.
6. 12. 5. —. —. 4. 13. 4. 10. 5. 14. 152. 10. —. 1381. ½. „ 142. 4. 2.
1. 10. 3. 8. 2. 3. 6. 8. 1. 8. —. 58. 15. 2. 4092. 3/16. „ 57. 7. 2.
. . . . . . . . . — „ —. 6. 2. 2. 16. 14. 2. 10. 12. —. 15. 5. 7. 2. 3. 828. 3/18. r: 6. 6. 14.
. . . . . . . . . . . . . —. 9. 1. —. 16. 8. —. 7. 7. 333. —. 15. 606. 7. 8. 82. 1/16. —. 273. 6. 9.
verogt. . . . . . . . . 1. . 2. 5. —. 1. 6. 6. 3. 10. 14. 6. 15. —. 90. ½. s.–s. 3. 4. 2.
. . . . . . . . . . . . . . „ —
. . . . . . . . . . . . . . . . „ —
. . . . . . . . „ 22. 12. 8. 39. —. —. 16. 7. 8. 43. 5. —. 78. —. —. 72. ¾. r. „ 32. 15. —.
de winsten in dese maand behaalt beloopen ƒ548. 12. 1.
ultimo Februarij A:o 1721 / getek:t/ Als vooren
dij
. . . . . . —. 12. 8. ƒ 8. —. —. ƒ 7. 8. 8. ƒ 3. —. 6. ƒ 42. —. —. ƒ 129. 1/5 /s 38. 19. 10.
. . . . . . . „ —. 6. 12. 5. —. —. 4. 13. 4. 9. 14. 1. 143. 15. —. 1381. ½. „ 134. —. 15.
. . . . . . . . . . . . „ —. 1. 10. 3. 8. 2. 3. 6. 8. 1. 14. 2. 71. 10. 10. 4092. 1/16. „
69. 16. 8.
. . . . . . . . . . „ —. 6. 2. 2. 16. 14. 2. 10. 12. —. 6. 2. 2. 16. 14. 828. 2/16. r: 2. 10. 12.
. . . . . . . . . . . . „ —. 9. 1. —. 16. 8. —. 7. 7. 16. 6. 4. 29. 14. —. 82. 1/16. „ 13. 7. 12.
. . . . . . . . . . . . . . „ 1. 9. —. 1. 10. —. —. 1. —. 274. 1. —. 283. 10. —. 3. 3/16. „ 9. 9. —.
de winsten in dese maant gevallen bedragen 3„ van ƒ 268. 4. 9.
timo Maart A„o 1721. (was getek. t / als vooren,
d'hier vorenstaande ses stux rendementen
accorderen met derselver principalen
D: van Cloon
rendement
. . .
. ."
NL-HaNA_1.04.02_8834_0350.xml,"Van Cormandel onder dato 3.:' Meij A:o 1721,
Rendement van onder gespecif
„rende dese maand voor Contant vercog
ijder pont, en kas, end' geheele quantiteijt
„wonnen is, te weten,
t
492. -. ld Zeug Lood - - - - - - - - - - - - - - - - - - - - - - - - - - - - - - - -
216. ½ „ foelij of macis - - - - - - - - - - - - - - - - - - - - - - - - - - - - - - - „
garioffel nagulen - - - - - - - - - - - - - - - - - - - - - - - - - - - - - - „
3457. 1/3 „
noten of rompen - - - - - - - - - - - - - - - - - - - - - - - - - - - - - - - „
2162. ¾ „
Canneel - - - - - - - - - - - - - - - - - - - - - - - - - - - - - - - - - - - - . „
. /„
ronde peper. . . . . . . . . . . . . . . . . . . . . . . . . . . . . . . . . „
2688. -. „
japans staav cooper. . . . . . . . . . . . . . . . . . . . . . . . . . . . . .
40. –. „
2. –. kassen perciaanse wijn, als,
_„o Claret en}
_„o ordinaire. . /wijn. . . . . . . . . . . . . . . . . . .
/onderstont/ In't N„ts Comptoir Sadraspatnam ad
di
Rendement als voore,
195 -. 8¾. lb foelij of Macis. . . . . . . . . . . . . . . . . . . .
5
915. 3/1. „ Garioffel nagulen. - - - - - - - - - - - - - - - - - - - - - - - - - - --„
1173. ¼. „ nooten of rampen. . . . . . . . . . . . . . . . . . . . . . . . . . . -.
Canneel - - - - - - - - - - - - - - - - - - - - - - - - - - - - - - - - - - - - - „
3. –.
„
peper - . . . . . . . . . . . . . . . . . .  -  - - - -----
2563. -.
395. –.
japans staav Cooper - - - - - - - - - - - - - - - - - - . . .
„
2. –. p„s Gr: flesse rose water. . . . . - - - - - - - - - - - - - - - - . . - - - „
/onderstont/ In't Nederlants Compt„r Sadraspath
. . . „
0
1"
NL-HaNA_1.04.02_8834_0351.xml,"343
van
Cormandel onder dato 3. ' Meij A„o 1721.
gespeificeerde Coopmanschappe &:a, hier ten Comptoire gedu„
vercor met aanwijsinge van het in en uijtcoops Cost ende van
titeij item hoe veel op deselve 3oo pC=to, als op 't Generaal ge„
't kostende van vercoop van advance op 't costende vercoops pris advancen
winsten
jed een kas vEd en kas, ld en kas, quatiteijt quantiteijt, hondert te in't gene„
op 't vercog
„raald
. . . . . . . . ƒ —. 2. 8. ½ ƒ —. 3. 12. ƒ —. 1. 4. ƒ 61. 10. —. ƒ 92. 5. —. ƒ 50. —. —. ƒ 30. 15. —.
. . . . . . . . . . . . „ —. 11. 4. 8. —. —. 7. 8. 12. 121. 15. 8. 1732. —. —. 1322. 1/½. rek 1610. 4. 8.
. . . . . . . . . . . „ —. 6. 13. /. 5. —. —. 4. 13. 3. 1177. 15. — 17288. 2. 8. 1367 /. r=s 16110 7. 8
. . . . . . . . . . . „ —. 1. 9r: 3. 8. 2. 3. 6. 9. 168. 19. 8. 7366. 17. „. 4259. ¾. r=m 7197. 18. —.
. . . . . . . . . . . . „ —. 6. 4. 2. 16. 14. 2. 10. 10. —. 1. —. —. 7. —. 807. /3. r/s —. 6. —.
. . . . . . . . . . . „ —. 2. 13. —. 5. 4. —. 2. 7. 378. —. —. 705. 12. —. 86. 2/3. —„ 327. 12. —.
. . . . . . . . . . . „ —. 9. 5. —. 16. 8. —. 7. 3. 18. 12. 8. 33. —. —. 78 —„ —„ 14. 7. 8.
. . . . . . . . „ 22. 13. 12. 39. —. —. 16. 6. 4. 45. 7. 8. 78. —. —. 71. 2/5 r=m ƒ 32. 12. 8.
de winsten in dese maant behaalt importeren te samen ƒ25324. 3. —.
adij ult=mo Octob„r A„o 1720. /getek:t A:s boel, en W=m weijlant
nam
. . . . . . . . . . ƒ —. 11. 4. ƒ 8. —. —. ƒ 7. 8. 12. ƒ 110. 2. —. ƒ 1566. —. —. ƒ 132. /½. rn ƒ1495. 18. —.
. . . . . . . . . . . „ —. 6. 13. 5. —. —. 4. 13. 3. 311. 16. —, 4576. 17. 8. 1367. 2/3 s=s 4265. 1. 8.
. . . . . . . . . . . . „ —. 1. 9. 3. 8. 2. 3. 6. 9. 91. 13. —. 3996. 8. —. 4259. ¾ rm 3904. 15. —.
. . . . . . . . . . . . . . — —. 6. 8 2. 16. 14. 2. 10. 10. —. 19. —. 8. 10. 8. 807. ¾. p=s 7. 12. 8.
. . . . . . . . . . . . . „ —. 2. 13. —. 5. 4. —. 2. 7. 360. 8. 8. 672. 16. —. 86. 2/3. —. 312. 7. 8.
. . . . . . . . . „ —. 9. 5. —. 16. 17. —. 7. 3. 183. 18. 8. 325. 17. 8. 78. —. hs 141. 19. —
. . . . . . . . . . „ 1. 5. 8. 6. —. —. 4. 14. 8. 2. 11. —. 12. —. —. 370. 1/5. - 9. 9. -.
de winsten behaalt indese m„t bedragen te samen ƒ10097. 1. 8.
adij ult=mo November A„o 1720 / getek=t/ als Boven,
patn
rendement
-"
NL-HaNA_1.04.02_8834_0352.xml,"Van Cormandel onder dato 3:' meij A„o 1721
Rendement als vooren
12–. - lb Zeug Lood - - - - - - - - - - - - - - - - - - - - - - - - - - - --
658. ¾. „ foelij of macis - - - - - - - - - - - - - - - - - - - - - - - - - - - - - - - - - - - „-
4132. ½ „ garioffel nagelen. . . . . . . . . . . . . . . . . . . . . . . . . . . . . . . . . „
3725. –. „ noten of rompen - - - - - - - - - - - - - - -
. . . . . . . . . . . . . . . . . . „
2–. „ Canneel - - - - - - - - - - - - - - - - - - - - - - - - - - - - - - - - - - - - - - -„
3716. –. „ Peper. . . . . . . . . . . . . . . . . . . . . . . . . . . . . . . . . . . . . . . . . . „—
1680. –. „ japans staav Cooper. . . . . . . . . . . . . . . . . . . . . . . . . „
1—. p„s groote fles rosen water. . . . . . . . . . - - - - - - - . . . . . . . . . „
/onderstont In't Nederlands Comptoir Sasprasp
Rendement als voren
355
1066. ½. lb foelij - of macis. . . . . . . . . . . . . . . . . . . . . . . . . . . . . .
2561. ½ „ Garioffel nagulen - - - - - - - - - - - - - - - - - - - - - - - - - - - - - - „
1383. ½. „ noten of rompen - - - - - - - - - - - - - - - - - - - - - - - - - - - - -
peper - - - - - - - - - - - - - - - - - - - - - - - - - - - - - - - - - - - - - - - - „
4170. -. „
237. –. „ japans staav Coper - - - - - - - - - - - - - - - - - - - - - - - - - - „
2. –. p„s grote flessen rosen water. . . . . . . . . . . . . . . . . . . . . . . .
/onderstont / Tn't Nes Comptoir Sadraspatnam
debeh
de"
NL-HaNA_1.04.02_8834_0353.xml,"395
Van Cormandel onder dato 3. ' Meij A„o 1721.
't costende van vercoope: advance 't costende vercoops prijs advance winsten op 't
op 1 ld en p. s van gehele vand: gehele hondert, vercogte in 't
,ed en p. s
„w en p s
quanititeit mantitaijt
generaal,
. . . . . . . . . . ƒ —. 2. 8. ƒ —. 3. 12. ƒ —. 1. 4. ƒ —1. 10. —. ƒ 2. 5. —. ƒ 50. —. —. ƒ —„ 15. —.
. . . . . . . . . . . . „ —. 11. 4. 8. —. —. 7. 8. 12. 370. 11. —. 5270. —. —. 1322. ½ r=m 4899. 9. —.
. . . . . . . . . . „ —. 6. 13.
5. —. —. 4. 13. 3. 1407. 12. 8. 2062. 10. —. 1367. /3 35/s. 19254. 17. 8.
. . . . . . . . . . „ — —. 1. 9.
3. 8. 2. 3. 6. 9 291. —. 8. 12688. 5. 8. 4259. /¾. r=m 12397. 5. —.
. . . . . . . . . . . . . „ —. 6. 4.
2. 16. 14. 2. 10. 10. —. 12. 8. 5. 14. —. 807. ¾. hs. 5. 1. 8.
. . . . . . . . . . „ —. 2. 13. —. 5. 4. —. 2. 7. 522. 11. —. 975. 9. —. 86. 2/3. —. 452. 18. —.
. . . . . . . . . . . „ —. 9. 5. —. 16. 8. —. 7. 3. 782. 5. —. 1386. —. —. 78. —. —. 603. 15. —.
. . . . . . . . . . . . „ 1. 5. 8. 3. —. —. 1. 14. 8. 1. 5. 8. 3. —. —. 135. 2/5. —. „ 1. 14. 8.
de behaalde winsten in dese maand belopen te gader ƒ37615. 15. 8.
Mo
Sapraspatnam ult=mo decemb: 1720. /getek:t/ als vooren.
. . . . . . . ƒ —. 11. 8. ƒ 8. —. —. ƒ 7. 8. 12. ƒ 59. 19. 8. ƒ853. — —ƒ 132. 1/5 dr ƒ793. —. 8.
. . . . . . . . . . „ —. 6. 13. 5. —. —. 4. 13. 3. 872. 7. 8. 12805. 12. 8. 1367. 5. . 1933. 5. —.
. . . . . . . . . . . „ —. 1. 9. 5. 8. 2. 3. 6. 9. 108. 1. 8. 4712. 11. —. 4259. /¾. r=m 4604. 9. 8.
. . . . . . . . . . „ —. 2. 13. —. 5. 4. —. 2. 7. 586. 8. —. 109. 12. 8. 86. 2/3. — „ 508. 4. 8.
. . . . . . . . „ —. 9. 5. —. 16. 8. —. 7. 3. 110. 7. —. 195. 10. 8. 78. —. 3=s 85. 3. 8.
. . . . . . . . . . . „ 1. 5. 8. 3. —. —. 1. 14. 8. 2. 11. —. 6. —. —. 135. 3/13. —. „ 3. 9. —.
de winsten in dese maand gevalle importeren. . ƒ 25067. 12. —„
nam ult„o Ianuarij A:o 1721. / getek:t / als voren,
rendement
at"
NL-HaNA_1.04.02_8834_0354.xml,"Rendement als voren.
Van Cormandel onder dato 3:' meij A„o 1721. —
. . . . . . . . . . . . . . . .
42.¼ lb foelij of macis.
2418. ¼ „ Garioffel nagulen - - - - - - - - - - - - - - - - - - - - - - - - - - - „
2095. –. „ noten of rompen - - - - - - - - - - - - - - - - - - - - - - - - - - - - - „
5179. —. „ ronde peper. . . . . . . . . . . . . . . . . . . . . . . . . . . . . „
104. ¾. „. japans staav Coper. . . . . . . . . . . . . . . . . . . . . . . . „
inde
/onderstont/ In't Nederlants Comptoir Sadaspe
„
Rendement als voren.
. . . . . . . . . . . . . .
246. ¼ lb foelij of macis - - - - - - - - . .
.
. . . . . . . . . . . . . . . . -„
. .
1410. –. „ Garioffel nagulen.. ..
. . . . . . . . . . . . . . „
„ noten of rompen
.. . .
1263. ¾
5855. –. - „ ronde peper. - . . . . - - - - - . . . . . . . . . - . . . . . . . . . . .
1075. ½. „ japans staapcoper. . . . . . . . . . . . . . . . . . . . . . . . . . . .
/onderstont/ In't Nederlants Comptoir Sabasj
de"
NL-HaNA_1.04.02_8834_0355.xml,"347
Van Cormandel onder dato 3. ' Meij A„o 1721. —
van 1 ed
voren,
. . ƒ —. 11. 4. ƒ 8. —. —. ƒ 7. 8. 12. ƒ 23. 15. 8. ƒ 838. —. —. ƒ 132. 1/4. ren ƒ 314. 4. 8.
5. —. —. 4. 13. 3. 823. 14. 8. 12091. 5. —. 1367 2/5. r=s 11267. 10. 8.
. . . . . . . . . . „ —. 6. 13.
3. 18. 2. 3. 6. 9. 159. 15. 8„ 6965. 15. 8. 4259. ¾. r=m 6806. –. –.
. . . . . . . . . . . „ — —. 1. 9.
—. 5. 4. —. 2. 7. 728. 6. —. 1359. 10. —. 86. 2/3. – „ 631. 4. -.
. . . . . . . . . . „ —. 2. 13.
. . . . . . . „ . . „ —. 9. 5. —. 16. 8. —. 7. 3. 48. 15. 8„ 86. 8. 2 78. —. 3.5/. „ 27. 13. —.
p'in dese maant behaalde winsten belopen te samen ƒ19056. 12. -.
.
Sadaspatnam adij ult„o februarij A„o 1721, /getek:t/ als vooren,
. . . . . . . . . . ƒ. — —. 1 1. 4. ƒ 8. —. —. ƒ 7. 8. 12. ƒ 138. 10. 8. ƒ 1970. —. — ƒ 1322. 1/3. r=m ƒ 1831. 9. 8.
. . . . . . . . . — „ —— 6. 13. 5. —. — 4. 13. 3. 480. 5. 8. 7050. —. —. 1367. /½. p=s 6569. 14. 8.
. . . . . . . . . . . . . 1. 9. 3. 8. 2. 3. 6. 9. 98. 14. 8. 4304. 13. —. 4259 ¾. r=ma 4205. 18. 8.
. . . . . . . . . „ —. 2. 13. —. 5. 4. —. 2. 7. 823. 7. — 1536. 19. —. 86 2/3. —. 713. 12. —.
. . . . . . . . . . . „.  —. 9. 5. —. 16. 8. —. 7. 3. 500. 15. 8. 887. 5. 8. 78. —. fs. 386. 10. —.
de behaalde winsten indese maand bedragen te gader ƒ 13707. 4. 8.
Maart A:o 1721 /getek:t/ als vooren
Sagaspatnam adij ult„o
Dhier vorenstaende ses stux rende„
„menten accorderen met der selve prin„
„cipalen,
6
Dirk van Cloon,
't Costende vercoops: advance 't costende vercoopsprijs advance winsten op
een pont op een ld, van geh:e guan vande gehele p„r C=to
eentiteijt, quantiteijt
generaal
't vercogte in't
2
rendement
. . .
ren"
NL-HaNA_1.04.02_8834_0356.xml,"Van Cormandel onder dato 3:' Meij: A„o 1731.
1
Rendement der Coopmanszen
ge
toire uijtgevroret
a
-
vrijsen, en behaefve
-
„oosten
-
. . . . . . . . .  ƒ
A.e lt foelij of 6 Macis
. . .
11. 7/3 „ garioffel nagelen. . . . . . ..
. . . . . . . . . . .  . . . „
3. –. „ noten of rompen. - - - - - - - - - - - - - - - - - - - - - . . . - - „
4. ¼. „ Canneel - - - - - - - - - - - - - - - - - - - - - - - - - - - - - - - - --„
934. —. „ peper ronde. . . . . . . . . . . . . . . . . . . . . . . . . . . . . . . „ —
56. –. „ Aluijm Chinese. . . . . . . . . . . . . . . . . . . . . . . . . . . . „
10. –. „ Zeugloodt. . . . . . . . . . . . . . . . . . . . . . . . . . . . . . . „
1. —. Ell Laken schair - - - - - - - - - - - - - - - - - - - - - - - - - - - - -
1. –. p„s armosijn dubb: bengaalse. . . . . . . . . . . . . . . . „.
3. —. boss: rottings Javase. . . . . . . . . . . . . . . . . . . . . . „
ae
1. –. stuk huijs balk - - - - - - - - - - - - - - - - - - - - - - - - - - - - - -
„ planken kiate d„o 1a 1½ d=m t stuk. . . . . . . . . . . „
7. —.
be
In't Casteel Geldria tot Palliacattault"
NL-HaNA_1.04.02_8834_0357.xml,"399
van Cormandel onder dato 3. ' Meij A„o 1721.
man seer geduurende dese maant october hier ten Comp
gevrogret aanwijsinge van derselver kostende, vercoops
behaede advancen, namentlijk,
roostende per uijtcoops winstp„r 't costende 't rendemt advance 't gewonne
prijs mede soo, eld deer verhoogte van dien pr E op't geheel
eb ens
parthide
. .
. . . . . . . ƒ ——. 11. 4. ƒ 8. —. —. ƒ 7. 8. 12. ƒ 2. 5. —. ƒ 32. —. —. ƒ 1322. —. —. ƒ 2915. —.
..
. . . . . . . „ —. 6. 13. 5. —. —. 4. 13. 3. 4. —. 14. 59. 7. 8. 1368. —. —. 55. 6. 10
. .
. . . . . . . . . „ — — . . 9. 3. 8. 2. 2. 6. 9. —. 4. 12. 10. 4. 6. 4260. —. —. 9. 19. 10.
1
. . . . . . . . „ — — . 6. 2. 2. 16. 14. 2. 10. 12. 1. 6. —. 12. 1. 12. 828. —. —. 10. 15. 12.
. . . . . . . . . — —. 2. 13. —. 5. 6. ——. 2. 9. 131. 6. 14. 251. —. 4. 91. —. —. 119. 13. 6
. . . . . . . . . . . . . 2. —. . 3. 12. —. 2. 10. 3. 3. —. 10. 10. —. 233. —. —. 7. 7. —.
. . . . . . . . . „ —. 2. 8. —. 3. —. —. —. 8. 1. 5. —. 1. 10. —. 20. —. —. —. 5. —.
. . . . . . . . . „ 7. 5. 15. 12. —. —. 4. 14. 1. 7. 5. 15. 12. —. —. 64. –. —. 4. 14. r=m
. . . . . . . . . „ 11. 7. 14. 15. —. —. 3. 12. 2. 11. 7. 14. 15. —. —. 31. —. -. 3. 12. 2.
. . . . . . . . . „ —. 9. 4. —. 15. —. —. 5. 12. 1. 7. 12. 2. 5. —. 62. —. —. —. 17. 4.
. . . . . . . . . „ —. 18. —. 3. —. —. 2. 2. —. —. 18. —„ 3. —. —. 233. —. —. 2. 2. —.
. . . . . . . . . „ —. 8. 12. 1. 2. 8. —. 13. 12. 3. 1. 4. 7. 17. 8. 157. —. —. ƒ4. 16. 4.
behaalde winsten te zamen . . . . . . . . . ƒ 249. 4. —.
Mault„o octob: A„o 1720. / was gestekt/ Joan„s Spits. ,
..
randement
336
2"
NL-HaNA_1.04.02_8834_0358.xml,"Van Cormandel onder dato 3. ' Meij A„o 1721,
Prendement als voren,
1. ¾. lb foelij of macis - - - - - - - - - - - - - - - - - - - - - - - - - -
9. —. „ Garioffel nagelen. . . . . . . . . . . . . . . . . . . . . . . . . . . . .
2. –. „ noten of rompen - - - - - - - - - - - - - - - - - - - - - - - - - -
448. –. „ peper ronde. . . . . . . . . . . . . . . . . . . . . . . . . . . . . . ..
5. –. „ Zeug Lood - - - - - - - - - - - - - - - - - - - - - - - - - - - - - - -
60. –. „ staav koper japans - - - - - - - - - - - - - - - - - - - - - - - - - - - - -
2. —. ell Laken. schair - - - - - - - - - - - de Ell - - - - - - - . . .
3. —. boss: rottings javase. . . . . . . . . . . . . . . . . . . . . . . . . . . . .
10. –. stx: planken kiate d' 1. a 1½ d=m 't stuk. . . . . . . . . . . . . ..
In't Casteel Geldria tot Paliacatta Adij
Rendement als voren,
6. 2/. lb foelij. . . . . . . . . . . . . . . . . . . . . . . . . . . . . . . . . . . . . . .
24. 1/8. „ Garioffel nagelen. . . . . . . . . . . . . . . . . . . . . . . . . ..
8. 3/8. „ noten of rompen - - - - - - - - - - - - - - - - - - - - - - - - - - - - -
3. /½ „ Canneel - - - - - - - - - - - - - - - - - - - - - - - - - - - - - - - - - - - - - -
1827. –. „ peper ronde. . . . . . . . . . . . . . . . . . . . . . . . . . . . . ..
12. –. „ staar Coper japans - - - - - - - - - - - - - - - - - - - - - - - - -
66. —. „ heug Lood - - - - - - - - - - - - - - - - - - - - - - - - - - - - - - - - - -
152. –. „ aluijn Chinese. . . . . . . . . . . . . . . . . . . . . . . . . . . . . . .
7. —. ell Laken schair - - - - - - - - - - - - - - - - - - - - - - - - - - - - -
3. —. gr: fl: rosen water. . . . . . . . . . . . . . . . . . . . . . . . . . . . ..
3. —. boss: rottings Javase. . . . . . . . . . . . . . . . . . . . . . . ..
In't Casteel Geldria Tot Palicatta
E
i"
NL-HaNA_1.04.02_8834_0359.xml,"351
Van Cormandel onder dato 3:' meij A„o 1721.,
T zoo,
. . . . . . . . ƒ —. 11. 4. ƒ 8. —. —. ƒ 7. 8. 12. ƒ —. 19. 12. ƒ 14. —. —. ƒ 1322. —. —. ƒ 13. —. 4.
. . . . . . . . . . . . . . „ —. 6. 13„ 5. —. —. 4. 13. 3. 3. 1. 4. 45. —. —. 1368. —. —. 41. 18. 12.
3. 6. 9. —. 3. 2. 6. 16. 4. 4260. —. —. 6. 13. 2.
. . - - . . . . . . . . - „ —. 1. 9. 3. 8. 2.
91. —. —. 57. 8. —.
. . . . . . . . . . . . . . „ — 2. 13„ —. 5. 6. —. 2. 9. 63. —. —. 120. 8. —.
. . . . . . . . . . . . . „ —. 2. 8. —. 3. —. —. —. 8. —. 12. 8. —. 15. -.
20. —. —. —. 2. 8..
78. —. —. 21. 15. -.
. . . . . . . . . . . . . . „ —. 9. 4. —. 16. 8. —. 7. 4. 27. 15. —. 49. 10. -.
. . . . . . . . . . . . „ 7. 5. 15. 12. —. —. 4. 14. 1. 14. 11. 14. 24. —. —. 64. —. —. 9. 8. 2.
. . . . . . . . . . . . . . „ —. 9. 4. —. 15. —. —. 5. 12. 1. 7. 12. 2. 5. —. 62. —. —. —. 17. 4.
. . . . . . . . . . . . . . „ —. 8. 12. 1. 2. 8. —. 13. 12. 4. 7. 8. 11. 5. —. 157. —. —. ƒ6. 17. 8.
de behaalde advancen te samen. . . . . . . . . . . . . . . ƒ 158. —. 8.
ult=mo November A„o 1720, /getekent/ als vooren/
Adij
. . . . . . . . . . . . ƒ —. 11. 4. ƒ 8. —. —. ƒ 7. 8. 12. ƒ 3. 4. 8. ƒ 53. —. —. ƒ 1322. —. —. ƒ 49. 5. 8.
. . . . . . . . . - - „ —. 6. 13. 5. —. —. 9. 13. 3. 8. 4. 6. 120. 12. 8.
1368. —. —. 112. 8. 2.
4260. —. —. 28. 14. 2.
. . . . . . . . . . . . . „ —. 1. 9. 3. 8. 2. 3. 6. 9. —. 13. 8. 29. 7. 10.
828. –. —. 9. 16. 10.
. . . . . . . . . . . . . . „ —. 6. 2. 2. 16. 10. 2. 10. 12. 1. 3. 12. 11. —. 6.
. . . . . . . . . . . . . . „ —. 2. 13. —. 5. 6. —. 2. 9. 256. 18. 8. 491. —. 2. 91. —. —. 234. 1. 10.
. . . . . . . . . . . . . „ —. 9. 4. —. 16. 8. —. 7. 4. 5. 11. —. 9. 18. —. 78. —. —. 4. 7. —.
. . . . . . . . . . . . . . . „ —. 2. 8. —. 3. —. —. —. 8. 8. 5. —. 9. 18. —. 20. —. —. 1. 13. —.
. . . . . . . . . . . . . . . „ —. 1. 2. —. 3. 12. —. 2. 10. 8. 11. —. 28. 10. —. 233. —. —. 19. 19. —.
. . . . . . . . . . . . . . - „ 7. 5. 15. 12. —. —. 4. 14. 1. 51. 1. 8. 84. —. —. 64. —. —. 32. 18. 8.
. . . . . . . . . . . . . . „ 1. 5. 2. 3. —. —. 1. 14. 14. 3. 15. 6. 9. —. —. 138. —. —. 5. 4. 10.
. . . . . . . . . . . . . . „ —. 9. 4. —. 15. — —. 5. 12. 1. 7. 12. 2. 5. —. 62. —. —. ƒ —. 17. 4.
de behaalde advansen te samen - - - - - ƒ. 499. 5. 6.
ult„o decemb: A„o 1720. /getek:t / als voren.
4
't Costende d'uijtcoop- winst p r 't costende 't rendem:t advance 't gewonne
p„r lt ens.: prijs mede ed, ensen der vercogte van dien p. r C=to
op 't geheel
partijde
rendement
2
10
."
NL-HaNA_1.04.02_8834_0360.xml,"Rendement Als voren
Van Cormandel onder dato 63:' Meij A„o 171,
1. ¾. lb foelij of macis - - - - - - - - - - - - - - - - - - - - - - -
9½. „ Garioffel nagelen. . . . . . . . . . . . . . . . . . . . . . . . . . . . .
1. –. „ Noten of rompen - - - - - - - - - - - - - - - - - - - - - - - - - - - - -
1
1. –. „ Canneel - - - - - - - - - - - - - - - - - - - - - - - - - - - - - - - - - - - - -
18
1801. –. „ peper ronde. . . . . . . . . . . . . . . . . . . . . . . . . . . . . . . . .
6
330. –. „ staav Copers japans - - - - - - - - - - - - - - - - - - - - - - - - - -
10. –. „ Zengzood - - - - - - - - - - - - - - - - - - - - - - - - - - - - - -
90. –. „ Ahuijn Chinese. . . . . . . . . . . . . . . . . . . . . . . . . . . . . .
12. –. „ Jser hollands - - - - - - - - - - - - - - - - - - - - - - - - - . -
4. –. „ stux planken kiate d: t a 1½ d=m t stuk . . . . . . . . ..
In't Casteel
Geldria Tot Palliacatten
20
-"
NL-HaNA_1.04.02_8834_0361.xml,"353
Cormandel onder dato 3:' Meij A„o 1721,
van
he coeden 4 rendem:t advance 't gewonmen
't costende de uijtcoops winst p. r der vercogte
van
p:r lb et:, prijs aedes, laete, paetije, dien
p. r C=to
over het
geheel,
. . . . . . . . ƒ —. 12. 4. ƒ 8. —. —. ƒ 7. 8. 12. ƒ —. 19. 12. ƒ 14. —. —. ƒ 1322. —. —. ƒ 13. —. 4.
. . . . . . . . . . . . „ —. 6. 13.
5. —. —.
4. 13. 3.
3. 4. 12. 47. 10. —. 1368. —. —. 44. 5. 4.
3. 6. 9. —. 1. 9. 3. 8. 2. 4260. -. -.
3. 6. 8.
3. 8. 2.
. . . . . . . . . . . . . „ —. 1. 9.
2. 10. 12.
2. 16. 14. 828. —. —.
. . . . . . . . . . . „ —. 6. 2. 2. 16. 14. 2. 10. 12. —. 6. 2.
. . . . . . . . . . . . „ —. 2. 13. —. 5. 6. —. 2. 9. 253. 5. 6. 484. —. 6. 91. —. —. 230. 15. —.
. . . . . . . . . . . . . „ —. 9. 4. —. 16. 8. —. 7. 4. 152. 12. 8. 272. 5. —. 78. —. —. 119. 12. 8.
. . . . . . . . . . . . „ —. 2. 8. —. 3. —. —. —. 8. 1. 5. —. 1. 10. —. 20. —. —. —. 5. —.
. . . . . . . . . . . „ —. 1. 2. —. 3. 12. —. 2. 10. 2. 5. —. 7. 10. —. 233. —. —. 5. 5. —.
.
. . . . . . . . . . . . . „ —. 2. 4. — 3„ —. —. —. 12. 1. 7. —. 1. 16. —. 33. —. —. —. 9. —.
. . . . . . . . . . . . . „ —. 8. 12. 1. 2. 8. —. 13. 12. 1. 15. —. 4. 10. —. 157. —. —. 2. 15. —.
de betaalde advancen te samen. . . . . . . . . . . . . . . . 422. 4. 4.
Januarij A„o 172. /getek:t / als voren,
iacatten ult„o
6
rendement"
NL-HaNA_1.04.02_8834_0362.xml,"Van Cormandel onder dato 3:' Meij A„o 1721. —
Rendement als vooren,
3. ¼. lb foelij of macis. - - - - . . - . - - - - - - - - - - - - - - - - - - - - - .
7. 7/1 „ garioffel nagelen. . . . . . . . . . . . . . . . . . . . . . . .
11. /½. „ noten rompen - - - - - - - - - - - - - - . .
. . . . . . . . . . . . . .
—. ¼. „ Canneel - - - - - - - - - - - - - - - - - - - - - - - - - - - - - - -
1173. –. „ peper ronde. . . . . . . . . . . . . . . . . . . . . . . . . . . . . . . . ..
52. –. „ aluijn Chineze. . . . . . . . . . . . . . . . . . . . . . . . . . . . . . . . . . . ..
40. –. „ Zeugzood - - - - - - - - - - - - - - - - - - - - - - - - - - - - - - - - - - --
—. ½. p:s armosijnen Dubb:-. . . . . . . . . . . . . . . . . . . . - - - . . . . - - - -.
In't Casteel Geldria Tot Palliacatta ultimo
Rendement der coopmanschappen
met aenwijsinge van
2. –. ld foelij- of matis - - - - - - - - - - - - - - - - - - - - - --
6. ½. „ Garioffel nagulen - - - - - - - - - - - - - - - - - - - - - - - - - - -
6. –. „ Noten of rompen - - - - - - - - - - - - - - - - - - - - - - - - - - - - - - --
1. ½. „ Canneel - - - - - - - - - - - - - - - - - - - - - - - - - - - - - - - -
1974. –. „ peper ronde. . . . . . . . . . . . . . . . . . . . . . . . . . .
aluijn Chinese. . . . . . . . . . . . . . . . . . . . . . . . . . . . . .
72. –. „
1. —. elb Laken. schair - - - - - - - - - - - - - - - - - - - - - - - - - - - - - - - - -
20. –. stx. plancken kiate d'1 a 1½ d=m - - - . - . - . . . . . . - . . . . .
/onderstont/ In't Casteel Geldria tot Palliaatta
1
. .
..
1
„"
NL-HaNA_1.04.02_8834_0363.xml,"355
Van Cormandel onder dato 3:' Meij A„o 1721: —.
O
't costende d'uijtcoops: winst pr 't costende 't rendem: advance 't gewonne
p r. Cto.,
p. r lb &:a, prijs mede so, pond: &. a d' vercogte parth: van dien,
op't geheel,
. . . . . . . . . . ƒ —. 11. 4. ƒ 8. —. —. ƒ 7. 8. 12. ƒ 1. 16. 8. ƒ 26. —. —. ƒ 1322. —. —. ƒ 24. 3. 8.
. . . . . . . . . . . . . ƒ —. 6. 13. 5. —. —. 4. 13. 3. 2. 13. 10. 39. 7. 8. . 1368. —. —. 36. 13. 14.
. . . . . . . . . . . . . „ —. 1. 9. 3. 8. 2. 3. 6. 9. —. 18. 2. 39. 12. —„ 4260. —. —. 38. 13. 14.
. . . . . . . . . . „ —. 6. 2. 2. 16. 14. 2. 10. 12. —. 1. 8. —. 14. 4. 828. —. —. —. 12. 12.
. . . . . . . . . . . . . „ —. 2. 13. —. 5. 6. —. 2. 9. 164. 19. —. 315. 4. 14. 91. —. —. 150. 5. 14.
. . . . . . . . . . . . . „ —. 1. 2. —. 3. 12. —. 2. 10. 2. 18. 8. 9. 15. —„ 233. —. —. 6. 16. 8.
. . . . . . . . . . . . . . „ —. 2. 8. —. 3. —. —. —. 8. 5. —. —.
6. —. —. 20. —. —. 1. —. —.
. . . . . . . . . . . . „ 11. 7. 14. 15. —. —. 3„ 12. 8. 5. —3. 14. 7. 10. —. 31. —. —. ƒ1. 16. 2.
De behaalde advancen. . . . . . . . . ƒ260. 2. 8.
Februarij A„o 1721, /getek„t / als vooren
ultimo
Geduurende dese maant maart hier ten Comptoire uijtgevent, —
pen
vander selver kostende, vercoops prijsen, en behaalden advancen, namentlijk
't costende d'uijtcoops winst p.r Ed 't costende het hand=mt advance
prijs mede zoo, Etca, — der vercogte par„ van dien
p„r pont,
pCto op 't geheel,
otlid
. . . . . . . . . . ƒ —. 11. 4. ƒ 8. —. —. ƒ 7. 8. 12. ƒ 1. 2. 8. ƒ 16. —. — ƒ 1322. —. —. ƒ 14. 17. 8.
. . . . . . . . . . - „ —. 6. 13. 5. —. —. 4. 13. 3. 2. 4. 4. 32. 10. —. 1368. —. — 30. 5. 12.
. . . . . . . . . . . . . „ —. 1. 9. 3. 8. 2. 3. 6. 9. —. 9. 6. 20. 8. 12. 4260. —. —. 19. 19. 6.
. . . . . . . . . . . . . „ —. 6. 2. 2. 16. 14. 2. 10. 12. —. 9. 4. 4. 5. 6. 828. —. —. 3. 16. 2.
. . . . . . . . . . . „ —. 2. 13. —. 5. 6. —. 2. 9. 277. 11. 14. 530. 10. 4. 91. —. —. 252. 18. 6.
. . . . . . . . . . . . „ —. 1. 2. —. 3. 12. —. 2. 10. 4. 1. —. 13. 10. —. 233. —. —. 9. 9. —.
. . . . . . . . . . . . . . „ 7. 5. 15. 12. —. —.
4. 14. 1. 7. 5. 15. 12. -. —. 64. —. —. 4. 14. r=m
. . . . . . . . . . - - - - „ —. 8. 12. 1. 2. 8. —. 13. 12. 8. 15. —. 22. 10. —. 157. —. —. 13. 15. -„
de behaalde advancen. . . . . . . . . . . . . . . ƒ349. 15. 2.
liadtta ult„o m„t A„o 1721. /Getekent/ Als vooren,
voorsz: 6 stux rendemente accorderen
met derselve principale
D: v Kloon
rendem.t
O"
NL-HaNA_1.04.02_8834_0364.xml,"Van Cormandel onder dato 3. ' Meij A„o 1721. —
Rendement der volgende
den hoop deser
zijn vercog,
a
hebben gekot,
e
186. ½. lb garioffel nagulen - - - - - - - - - - - - - - -
6. ½. „ foelij of macis - - - - - - - - - - - - - - - - - . . . ..
135. ¼ „ noten muscaten. . . . . . . . . . . . . . . . . . . . .
—.¼. „ Canneel - - - - - - - - - - - - - - - - - - - - - - - - - - - - - - -
631. –. „ ronde peper. . . . . . . . . . . . . . . . . . . . . . ..
7200. –. „ japans staavkoper. - - - - - - - - - - - . . . . . .
1. —. kan olijven olij. . . . . . . . . . . . . . - - - - - - . .
20. —. _„os arak apij - - - - - - - - - - - - - - - - - - - - - - -
In't N„s Comptoir
Masulipatnam
/was getekent/ A: V: Noort,
De
beha
-"
NL-HaNA_1.04.02_8834_0365.xml,"357.
Van Cormandel onder dato 3:' Meij A„o 1721, —
volgende Coopmanschap pen Enc:s, als geduurende —
deser maant, voor Contant uijt 's Comp„s pakhuijsen
co, waar bij wert aangewesen, hoe veel deselve
gekot, gerendeert, en g'advanceert, namentlijk, —
't kostende bij waar voor advance winst an
d' boeken, vercogt, p. r C=to, geheel,
. . . . . . . . . . . . . . . ƒ 62. 13. —. ƒ 932. 10.—ƒ 38. /3 ƒ 869. 17. —.
. . . . . . . . . . . . . . . . . . . . . . . . . „ 3. 13. 8. 52. —. —. 1315. —. —. 48. 6. 4.
. . . . . . . . . . . . . . . . . . . . . . . . . „ 11. 6. 4. 459. 17. —. 396. 2¾. 35/s 48. 10. 12.
. . . . . . . . . . . . . . . . . . . . . . . . . . . . . . . „ —. 1. 8. — 14. 4. 850. —. —. —. 12. 12.
. . . . . . . . . . . . . . . . . . . . . . . . . . . . . . „ 89. 4. 12. 181. 8. —. 103. 1/5. 3/5. 92. 3. 4.
. . . . . . . . . . . . . . . . . . . . . . . „ 3391. 5. —. 5722. 10. —. 71. ¼. r=m 2381. 5. —.
. . . . . . . . . . . . . . . . . . . . . . „ 1. 4. 8. 2. —. —. 63. 2/16. d=o —. 15. 8.
. . . . . . . . . . . . . . . . . . . . . . - „ 5. 9. 8. 12. —. —. 119. /16. —. „ 6. 10. 8.
behaalde winsten in dese maant bedragen. . ƒ 3848. 1. -.
am
Ult„o
Jber Anno 1720.
rendement
.. .
2
309
„"
NL-HaNA_1.04.02_8834_0366.xml,"Van Cormandel onder dato 3 ' Meij A„o 1721
2760. –. lb garioffel nagulen - - - - . . . . . . . . . . . .
72¼ „ foelij of macis - - - - - - - - - - - - - - - - - - - - - - - --
878. ¼ „ noten muscaten. . . . . . . . . . . . . . . . . . . . . . .
7. ¾. „ Canneel - - - - - - - - - - - - - - - - - - - - - - - - - - - - - - -
552. —. „ ronde peper - - - - - - - - - - - - - - - - - - - - - - - - -
7200. –. „ japans staav Coper. . . . . . . . . . . . . . . . . . ..
18. –. „ fermelioen. . . . . . . . . . . . . . . . . . . . . . . . . . . .
140. –. „ amandelen, waar van
30 lb aen den E: verzijn. . . . . . . . . . . . . . . . . . .
110 „ particulier. . . . . . . . . . . . . . . . . . . . . . . . ..
74. —. „ kismis waar van
20 lb aen 't opperhoovt verrijn. . . . . . . . . . . . . . . . ..
54 „ aen particulieren. . . . . . . . . . . . . . . . . . . .
62. –. „ rosijnen, te weten,
20 lb aen 't opperhoort, en. . . . . . . . . . . . . . . . . . . ..
42 „ particulieren. . . . . . . . . . . . . . . . . . . . . . . . . . .
5. –. Cassen Claret wijn, als,
2 aen 't opperhoovt - - - - - - - - - - - - - - - - - . . . .
3 „ particulieren. . . . . . . . . . . . . . . . . . . . . . ..
3„ –. Cassen gemeene persise wijn. . . . . . . . . . . . . . . . . .
3. –. Naten delvs bier, te weten,
1 d„o aen 't opperhoovt, en. . . . . . . . . . . . . . . . . . .
2 „ „ particulieren. . . . . . . . . . . . . . . . . . . . . . .
16. –. Cannen olijven olij. . . - - - - - - - - - - - - - - - - - - . . . . . .
In't N„s Comptoir Masulipatnam
u
Rendement als vooren,
de"
NL-HaNA_1.04.02_8834_0367.xml,"359
Van Cormandel onder dato 3.:' Meij A„o 1721
't costende bij waarvoor, advance winsten in't
vrboeken, vercogt, hondert,
geheel,
. . . . . . . . . . . . . . . . . . . . . . . „. 927. 3. 12. ƒ 3800. —. —. ƒ 38. 1¼„ r=m 1872. 16. 4.
40. 15. —. 578. —. —. 1315. —. —. 537. 5. —
73. 2. —. 2986. —. —. 3964. ¾. d. s 2912. 19. —.
2. 6. —. 21. 17. 8. 850. –. —. 19. 11. 8.
78. 1. 4. 158. 14. —. 143. 2/16. /s 80. 12. 12.
. . . . . . . . . . . . . . . . . . . . . „ 3341. 5. —. 5722. 10. —. 71. ¼. r: 2381. 5. –.
. . . . . . . . . . . . . . . . . . . . . . . . . . „ 53. 13. —. 91. 16. —. 71. ¼. h. . 38. 3. —.
. . . . . . . . . . . . . . . . . . . . . . . „ 4. 13. 8. 6. 2. —. 30. —. —.
1. 8. 8.
. . . . . . . . . . . . . . . . . . . . . . . . . „ 17. 3. 4. 41. 5. —. 122. ¼. r: 24. 1. 12.
. . . . . . . . . . . . . . . . . . . . . . . . „ 5. 10. —. 7. 3. —. 30. —. —. 1. 13. —.
. . . . . . . . . . . . . . . . . - . . . . - „ 14. 17. —. 20. 5. —. 36. „ 3. 5. 8. —.
5
„
. . . . . . . . . . . . . . . . . . . . . . . . . . . „ 5. 11. —. 7. 4. —. 30. —. —. 1. 13. —.
. . . . . . . . . . . . . . . . . . . . . „ 11. 13. —. 15. 15. —. 35. 3/16. r. 4. 2. —.
. . . . . . . . . . . . . . . . . . . . . . „ 45. 5. —. 58. 16. 8. 30. —. —. 13. 11. 8.
. . . . . . . . . . . . . . . . . . . . . . „ 67. 17. 8. 126. —. —. 85. ¾. r. 58. 2. 8.
. . . . . . . . . . . . . . . . . . . . . . . „ 67. 17. 8. 108. —. —. 59. ½¼. 5. 40. 2. 8.
. . . . . . . . . . . . . . . . . . . . . . „ 31. 3. —. 46. 14. 8. 50. —. —. 15. 11. 8.
. . . . . . . . . . . . . . . . . . . . . . „ 62. 6. —. 109. —. 8. 75. —. —. 46. 14. 8.
. . . . . . . . . . . . . . . . . . . . . . „ 19. 14. —. 32. —. —. 62. /16. r. „ 12. 6. —.
de winsten in dees maand sommeeren. . . . . ƒ 19067. 7. 4.
ult„o October A„o 1720 / getekent / Als vooren,
m
. . . . „
rendement
. . . . . . . . . . . . . . .
. . . . . . . . . . . . . . . . . . . . . . . . „
- – . . . . . . . . . - - - - - - –   – „
– . . . . . . . . . - - . . . . . . . - - „
. .
1"
NL-HaNA_1.04.02_8834_0368.xml,"Van Cormandel onder dato 3. ' Meij A„o 1721.
727. –. ld Garioffel nagelen. . . . . . . . . . . . . . . . . . .
38. ½. „ foelij. . . . . . . . . . . . . . . . . . . . . . . - . . ..
716. ½. „ noten muscaten. . . . . . . . . . . . . . . . . . . . . . . ..
4. –. „ Canneel - - - - - - - - - - - - - - - - - - - - - - - - - - - - - - - - -
57. —. „ fermelioen. . . . . . . . . . . . . . . . . . . . . . . . . . . . . .
86. –. „ thin. . . . . . . . . . . . . . . . . . . . . . . . . . . . .
844. –. „ ronde peper - - - - - - - - - . - . - . - - - . . . . . . . . . . . . . .
7200. –. „ japans staat Coper - - - - - - - - - - - - - - - - - - - - . . . . . .
20. –. kann: Aracq apij - - - - - - - - - - - - - - - - - - - - - - - - - - - - - -
de
In't N„s Comptoir Masulipatnam
Rendement Als Boven,
686. –. lb garioffel nagelen. . . . . . . . . . . . . . . . . . . . . . . . . . . . .
159. ½. „ foelij of macis- - - - - - - - - - - - - - - - - - - - - - - - -
2790. –. „ noten musoaten. . . . . . . . . . . . . . . . . . . . . . . . . . .
720. —. „ ronde peper - - - - - - - - - - - - - - - - - - - - - - - - - - - - - -
1570. ½. „ thin. . . . . . . . . . . . . . . . . . . . . . . . . . . . . . . ..
18. –. „ fermelioen. . . . . . . . . . . . . . . . . . . . . . . . . . . . ..
7200. –. „ japans staavcoper - - - - - - - - - - - - - - - - - - - - - - - - -
. .
36. —. „ amandelen - - - - - - - - - - - - - - - - - - - - - - - - - - - - - - -
30. —. „ kismis. . . . . . . . . . . . . . . . . . . . . . - - - - - . . . . . . . -
5760. —. „ Chinesen aluijn. . . . . . . - - - - - - - . . . . . . . . . . . . .
.-
—. ½. a: hollans fluweel, aen den E: verrijn. . . . . . . . . . . . . ...
1. —. fles rosewater - - - - - - - - - - - - - - - - - - - - - - - - - - - - - -
52. —. kann: arak apij. als.
32 d„os aen den E: serrijn. . . . . . . . . . . . . . . . . . . . . . . . . . .
20 „ „ de particulieren. . . . . . . . . . . . . . . . . . . . . . . .
de 1
In't N„ts Comptoir Masulipatnam ult
Rendement als vooren"
NL-HaNA_1.04.02_8834_0369.xml,"361.
Van Cormandel
onder dato 3. ' Meij A„o 1721
't costende bij waar voor advance winsten
d'boeken,
om gebat. houdert,
geheel,
. . . . . . . . . . . . . . . . . . . . . ƒ 239. 4. 8. ƒ 3635. —. —. ƒ 38. ½¼. r. ƒ 395. 15. 8.
. . . . . . . . . . . . . . . . . . . . „ 21. 14. 8. 308. —. —. 1315. —. —. 286. 5. 8.
. . . . . . . . . . . . . . . . . . . . . . . . . . . . . . . . . . . . . . 9. 1 8. —. 2431. 2. —. 39. 64. /¾. 3. s 2371. 4. -.
. . . . . . . . . . . . . . . . . . . . . . . . . . . . . . . . . . . . . „ 1. 3. 12. 11. 6. —. 850. —. —. 10. 2. 4.
. . . . . . . . . . . . . . . . . . . . . . . . . . . . . . . „ 169. 17. 12. — 290. 14. —. 71. /¼. h. 120. 16. 4.
. . . . . . . . . . . . . . . . . . . . . . . . . . . . . . . . . „ 29. 8. 12. 38. 14. —. 31. 7/16. —. 9. 5. 4.
. . . . . . . . . . . . . . . . . . . . . . . . . . . . . . . . „ 119. 7. —. 242. 13. —. 103. 3/16. —. 123. 6. —.
. . . . . . . . . . . . . . . . . . . . . . . . . . . . . . „ 3391. 5. —. 5722. 10. —. 71. ¼. r: 2381. 5. —.
. . . . . . . . . . . . . . . . . . . . . . . . . . . . . . . . „ 5„ 19. 8. 12. —. —. 100. /8. —. 6. —. 8.
de behaalde winsten in dees maand belopen. - . . . . . . . . . . ƒ 8704. —. 4.
ult„o 9ber: A„o 1720 /getekent / als vooren,
Boven,
. . . . . . . . . . . . . . . . . . . . . . . . . . . . . . „ 53. 13. —. 91. 16. —. 71. ½. h. s 38. 3. —.
. . . . . . . . . . . . . . . . . . . . . . . . . . . . . . „ 423. 7. 4. 900. —. —. 111. ¼. r: 476. 12. 12.
. . . . . . . . . . . . . . . . . . . . . . . -. . . . . . . . „ 5. 1. 8. 7. 12. —. 50. —. —. 2. 10. 8.
. . . . . . . . . . . . . . . . . . . . . . . . . . . . . - „ 1. 5. —. 3. —. —. 140. —. —. 1. 15. —.
. . . . . . . . . . . . . . . . . . . . . . . . . . . . . „ 9. 11. —. 12. 8. 8. 30. —. —. 2. 17. 8.
. . . . . . . . . . . . . . . . . . . . . . . . . . . . . . „ 5. 19. 8. 12. —. —. 100. /¼. —. ƒ 6. —. 8.
de winsten deser maant monteeren. . . . . . . . . . . ƒ16822. 7. —.
Es
ult„o xber A„o 1720. /getek:t / als vooren,
. . . . . . . . . . . . . . . . . . . . . . . . . . . . . . . . . . . ƒ 230. 9. —. ƒ 3930. —. —. ƒ 1388. ½„ r. ƒ 3199. 11. —.
. . . . . . . . . . . . . . . . . . . . . . . . . . . . . . . . . „ 90. —. 8. 1276. —. —. 1315. —. —. 11. 85. 19. 8.
. . . . . . . . . . . . . . . . . . . . . . . . . . . . . . . . . . . „ 244. 2. —. 9986. —. —. 3964. ¾. 3.s 9291. 18. —.
. . . . . . . . . . . . . . . . . . . . . . . . . . . . . . . . . . . „ 101. 16. 4. 207. —. —. 103. 1/16. —„ 105. 3. 12.
. . . . . . . . . . . . . . . . . . . . . . . . . . . . . . . „ 537. 1. 12. 706. 14. 8. 31. 2/16. —. 169. 12. 12.
. . . . . . . . . . . . . . . . . . . . . . . . . . . . . . . . . . . . . . „ 3341. 5. —. 5722. 10. —. 71. ¼. r: 2381. 5. —.
. . . . . . . . . . . . . . . . . . . . . . . . . . . . . . . . . „ 5. 12. 4. 13. 10. —. 122. ½. „. 7. 17. 12.
. . . . . . . . . . . . . . . . . . . . . . . . . . . . . . . „ 8. 5. —. 11. 5. —. 36. /3. h. s 3. –. —.
rendement
-..
2
1"
NL-HaNA_1.04.02_8834_0370.xml,"Van Cormandel onder dato 3. ' Meij A„o 1721.
Rendement als voren
75. ¼. lb Garioffel nagelen. . . . . . . . . . . . . . . . . . ..
13. ¼. „ foelij of macis - - - - - - - - - - - - - - - - - - - - - - - -
1172. ¼. „ noten muscaten. . . . . . . . . . . . . . . . . . . . . . . . . . .
1. ¼. „ Canneel - - - - - - - - - - - - - - - - - - - - - - - - - - - - - - -
18. —. „ fermelioen. . . . . . . . . . . . . . . . . . . . . . . . . . . . . . ..
1240. –. „ ronde peper - - . . . - . - - - . . . - . . . . . . . . . . . . . . . . . . ..
7200. –. „ japans Itaav Coper. . . . . . . . . . . . . . . . . . . . . . . .
de beh
/:Onderstont :/ In't N„s Comptoir Masulipatnam
Rendement als voord
896. –. lb gartoffel nagelen. . . . . . . . . . . . . . . . . . . . . . . . . . . .
531. –. „ notem of rompen - - - - - - - - - - - - - - - - - - - - - - - - - - -
72. —. „ ronde peper. . . . . . . . . . . . . . . . . . . . . . . . . . . . . .
12. –. „ fermelioen. . . . . . . . . . . . . . . . . . . . . . . . . . .
7680. –. „ japans staav Coper. . . . . . . . . . . . . . . . . . . . . . .
123. ¼ „ spiauter. . . . . . . . . . . . . . . . . . . . . . . . . . . . .
2053. ¼ „ thin. . . . . . . . . . . . . . . . . . . . . . . . . . . . . . . . . . .
5760. –. „ Chinesen aluijn. . . . . . . . . . . . . . . . . . . . . . . ..
/onderstond/ In't N=ts Comptoir Masulipatnam
1
de"
NL-HaNA_1.04.02_8834_0371.xml,"363
Van Cormandel onder dato 3. ' meij A„o 1721,
. . . . . . . . . . . . . . . . . . . . . . . . ƒ 25. 5. 12. ƒ 376. 5. —. ƒ 138. /„. r=ro ƒ 50. 19. 4.
. . . . . . . . . . . . . . . . „ 7. 9. 8. 106. —. —. 1315. —. —. 98. 10. 8.
. . . . . . . . . . . . . . . . . . . . . . . . . . „ 98. —. —. 3985. 13. —. 3964. 7¼. 3. s 3887. 13. -.
. . . . . . . . . . . . . . . . . . . . . . . . „ —. 7. 8. 3. 10. 12. 850. —. —. 3. 3. 4.
. . . . . . . . . . . . . . . . . . . . . . . . . „ 53. 13. —. 91. 13. —. 71. ½. h. . 38. —. —.
. . . . . . . . . . . . . . . . . . . . . . . . „ 175. 7. —. 356. 10. —. 103. 1/16. —. 181. 3. -.
. . . . . . . . . . . . . . . . . . . . . . . „ 3391. 5. —. 5722. 10. —. 71. ¼. r. 2381. 5. –.
de behaalde winsten in dese maand sommeren - - - - ƒ6940. 14. -.
patnam den 31:' Januarij A„o 1721. / getek:t/ als vooren
. . . . . . . . . . . . . . . . . . . . . . . . . ƒ 284. 4. —. ƒ 4230. —. —. ƒ 1388. ¼. r=m ƒ 3945. 16. —.
. . . . . . . . . . . . . . . . . . . . . . . . . . . . „ 44. 8. —. 1805. 8. —. 3964. /¾. r=s 1761. –. —.
. . . . . . . . . . . . . . . . . . . . . . . . . „ 10. 3. 12. 20. 14. —. 103. 3/16. „. 10. 10. 4.
. . . . . . . . . . . . . . . . . . . . . . . . . . . . . „ 35. 15. 8. 61. 2. —. 71. /. „. 25. 6. 8.
. . . . . . . . . . . . . . . . . . . . . . . . . . . „ 3560. 17. 8. 6096. —. —. 71. ¼. r=m 2535. 2. 8.
. . . . . . . . . . . . . . . . . . . . . . . . . „ 42. 9. —. 70. 17. —. 66. 7„. 3 s. 28. 8. -.
. . . . . . . . . . . . . . . . . . . . . . . . - „ 702. 10. 8. 923. 19. 8. 31. 1/16. —. 221. 9. —.
. . . . . . . . . . . . . . . . . . . . . . . . . . . . . . . „ 429. 10. —. 900. —. —. 111. ¼. r. m 475. 10. —.
de wittsten in dees maand belopen. - - - - - - - - - ƒ 9003. 2. 4.
an
ult. o
febr: Ao„ 1721. /getekent Als vooren
voorsz: rendementen; accorderen met
hunne principalen Dirk van Cloon
't Costende bij waar voor advancen generale
om geset. p. r C=to,
d'boeken,
winsten
rendement
1
-
voord"
NL-HaNA_1.04.02_8834_0372.xml,"Van Cormandel onder dato 3:' Meij A„o 1721. —
Rendement, van alle esteringe
februarij Ano 1721.
„tant zijn opgehet
Carioffel nagelen.
noten muscaten. . . . . . . . . . . . . . . . . . . . . . . . . . . . .
foelij of Macis
japans staavcoper. . . - - - - - - - - - - - - - - - - - - - - --
Canneel. - - - - - - - - - - - - - - - - - - - - - - - - - - - - - - - -
ronde peper - - - - - . . . . . . . . . . . . . . . . . ..
/was Getekent/ A=m 1 Berlekom (onderstont / accodeert
gecollationeert. accordeert Nagapatnam den 30e'
Somma
ƒ
. . . . . . . - - - - - - . . . . . . . . . . .
.. . . . . . . . . . . . . . . . . . ."
NL-HaNA_1.04.02_8834_0373.xml,"365
3e. Meij A„o 1721,
Van Cormandel onder dato
alle Idearige Coopmanschappen, als geduurende dese maant
Ano 1721. , ten desen
Comptoire bimilipatman voor Con„
zijn ogeset, namentlijk,
Costende bij de vercogt
behaalde winst in't
boekens
voorst
p=r Cto,
geheel
. . . . . . . . . . lb 321. 3¾. — ƒ 114. 2. —. ƒ 1608. 15. —. ƒ1313. 7. —. ƒ 1494. 13. —.
. . . . . . . . . . . „ 230. —. —. 13. 11. —. 782. —. —. 5667. 1. 8. 768. 9. -.
. . . . . . . . . . . . „ 8. ¼. —. 6. 5. —. 66. —. —. 955. 11. —. 59. 15. —.
. . . . . . . . „ 1. ¼. —. —. 8. 8. —. 3. —. 645. 10. —. 3. 2. 8.
. . . . . . . .
. . . . . . . . . . „ 12840. —. —. 1956. 14. —. 385. —. —. 113. 12. —. 1895. 6. —.
. . . . . . . . . „ „ 6368 —. — 743. 1. 8. 13912. 16. —. 78. 10. —. 6169. 14. 8.
a. . . . . . . . . - - - . - . . . . . . . . . . . -
/accedeert /getekent/ Harmanus Taarling, Eerste Clercq
den 30e. April Anno 1721. Dirk van Cloon,
rendement
ƒ"
NL-HaNA_1.04.02_8834_0374.xml,"Van Chormandel onder dato 36. Meij A„o 1721,
Uijt 't Negotie Pakhuijs,
293-. lb japans staav Coper. . . . . . . . . . . . . . . . . . . . .
84. –. „ peper. . . . . . . . . . . . . . . . . . . . . . . . . . . . . . .
54. –. „ thin. . . . . . . . . . . . . . . . . . . . . . . . . . . . . . . . .
1840. —. „ Zeug Loot - - - - - - - - - - - - - - - - - - - - - - - - - - - .
1. ¼. „ spiauter. . . . . . . . . . . . . . . . . . . . . . . . . . . . . . .
11. –. „ Zuiksilver. . . . . . . . . . . . . . . . . . . . . . . . . . . . . . 2.1
2.¼. „ fermelioen. . . . . . . . . . . . . . . . . . . . . . . . . . 3.
9. 2/3. „ foelij. . . . . . . . . . . . . . . . . . . . . . . . . . . . . . . . . . . . —. 11
nagelen. . . . . - - - - - - . . . . . . . . . . . . . . . . . . . —.
103. ¾. „
148. ¼. „
„ Canneel. . . . . . . . . - - - - - - - - - - - - - - - - - - . . . . . —
3. ¼. „
„ spijkers hollandse. . . . . . . . . . . . . . . . . . . . . . . . . . . —.
6. —.
p„r armosijnen Enkelde, als,
14. —.
8. p. s aen 's Comp. s dienaren. . . . . . . . . . . . . . . . . . . . „ 6. —
6. „ „ inlanders. . . . . . . . . . . . . . . . . . . . . . . . „ 6.
2. ¼. p. s dubbelde armo sijnen - - - - - - - - - - - - - - - - - - - - - - - „ 11.
2. —. „ sjoenerijs. . . . . . . . . . . . . . . . . . . . . . . . . . . . - - - . - „ 5. —
4. —. „ bandanoes. . . . . . . . . . . . . . . . . . . . . . . . . . . . . . . . „ 5.
20. —. „ dubbelde taftas. . . . . . . . . . . . . . . . . . . . . . . . . . . „ 3.
10. –. „ sjanderwanijs. . . . . . . . . . . . . . . . . - - - - - - - - - . „ 4.
80. –. „ Enk: monbhanijs. . . . . . . . . . . . . . . . . . . . . . . . . . „ 2.
3. ¼. el drab de dames. . . . . . . . . . . . . . . . . . . . . . . . . . . . „ 6.
—. ¾. „ Laken Carmosijn rood. . . . . . . . . . . . . . . . . . . . . . . . . „ 7.
1. –. „ hollands fluweel. . . . . . . . . . . . . . . . . . . . . . . . . . . . . . . „ 10.
1. –. p„s jugt zeer. . . . . . . . . - . . . - - - . . . . . . . . . . . . . . .
7
3. —. „ persiaans overleer. . . . . . . . . . . . . . . . . . . . . . . . . . „—
noten. . . . . . . . . . . . . . . . . . . . . . . . . . . . . . . .
rendement vande naar gespecificer
roovt plaatsen Naga
gewesen wert, hoe verper
bedragen, wat daar af
is gewonnen, namentl"
NL-HaNA_1.04.02_8834_0375.xml,"367
Van Cormandel onder dato 3:' Meij A„o 1721,
al 't ver„
„cogte,
fict Coopmanschappen, en andre goedren te deser—
Naganam in dese maant October vercogt, waer bij aen
hoe veeper pont, stuk, el, en sz: , in en uijtcoops komt te
daar o op d' geheele parthije, 3oo pC=ton, als in 't generaal
ment
winst op 't costende voor hoe advance winsten op advance op
oostende van voor hoe
i. p:l ebeno: el„ hooft ils. 1:' ret el temoetend veel omge„
diverse
hondert prijsen.
etc a,
vercogte, „ het is,
—. 10. —. ƒ —. 16. 8. ƒ —. 6. 8. ƒ 146. 10. — ƒ 291. 14. 6ƒ 65. —. 35ƒ. . . . . . . . . . . ƒ 95. 4. 6.
- —. 2. 12„ —. 5. —. —. 2. 4. 11. 11. —. 21. —. —. 81. 13 p„m. . . . . . . . . . . . . . „ 9. 9. —.
—. 5. 10„ —. 10. 5. —. 4. 11. 15. 3. 12. 27. 16. 14. 83. ½. —„. . . . . . . . . . . . . „ 12. 13. 2.
—. 2. 8„ —. 3. —. —. —. 8. 230. —. —. 276. —. —
—. 6. 14„ —. 11. 8. —. 4. 10. —. 8. 10. —. 14. 6. 66. ¾. 3 5/„. . . . . . . . . . . . . . „ —. 5. 12.
2. 18. 10„ 5. —. —. 2. 1. 6. 32. 4. 14. 55. —. —. 70. ½. r.„. . . . . . . . . . . . „ 22. 15. 2.
3. 19. 6„ 5. 3. 12. 1. 4. 6. 8. 18. 10. 11. 13. 12. 30. /3. —„. . . . . . . . . . . . „ 2. 15. 2.
. . . . . . . —. 11. 4„ 8. —. —. 7. 8. 12. 5. 5. 8. 75. —. —. 1322. 2/9. —„. . . . . . . . . . . . „ 69. 14. 8.
. . . . . . . —. 6. 12 „ 5. —. —. 4. 13. 4. 35. —. 4. 518. 15. —. 1382. ½ —„. . . . . . . . . . . . „ 483. 14. 12.
. . . . . . . —. 1. 9„ 3. 8. —. 3. 6. 7. 11. 11. 10. 504. 1. 4. 4252. /¾. — „. . . . . . . . . . . . 492. 9. 10.
. . . . . —. 6. 2 „ 2. 16. 19. 2. 10. 12. —. 19. 14. 9. 5. —. 825. ¼. —„. . . . . . -. . . -. „ 8. 5. 2.
. . . . . . —. 3. 6„ —. 7. 8. —. 4. 2. 1. —. 4. 2. 5. —. 122. 2/. —„. . . . . . . . . . . „ 1. 4. 12.
20. –. — „. . . . . . . . . . . . . „ 46. –. –.
7. 10. —. 1. 10. —. 48. —. —. 60. —. —. 25. —. —. ƒ 12. —. -„
. . . . . . . 6. —. —„
. . . . „ 6. —. —„ 9. —. —. 3. —. —. 36. —. —. 54. —. —. 50. —. —. „ 18. —. —„
30. –. –.
. . . . . . „ 11. 5. —„ 15. —. —. 3. 15. —. 25. 6. 4. 33. 15. —. 33. /½. —. . . . . . . . . . . . „
8. 8. 12.
. . . . . . . „ 5. —. 14. „ 7. 4. —. 2. 3. 2. 10. 1. 12. 14. 8. 2. 42. 1/35 r=m. . . . - - - - - - - „ 4. 6. 6.
. . . . . . . „ 5. 10. 14. „ 7. 4. —. 1. 13. 2. 22. 3. 8. 28. 16. 4. 30. —. s s. - -. . . . –. . . - „ 6. 12. 12.
. . . . . „ 3. 17. 2 „ 5. 14. —. 1. 16. 14. 77. 2. 8. 114. —. —. 47. ½. „. . . . . . . . . . . . . „ 36. 17. 8.
. . . . „ 4. 8. — „ 5. 14. —. 1. 6. -. 44. -. -. 57. —. —. 29. ½. r:. . - . . . . . . . . - „ 13. —. —.
. . . . . . „ 2. 7. 1. 3. 2. —. —. 14. 4. 191. —. —. 248. —. —. 30. —. s. s. - - - - - - - - - - - - „ 57. —. —.
. . . . . . „ 6. 1. —. 10. 10. —. 4. 9. —. 22. 13. 12. 39. 7. 8. 78. 5/1. r. . . . . . . . . . . . „ 16. 13. 12.
. . . . . . „ 7. 9. —. 10. 10. —. 3. 1. —. 5. 11. 12. 7. 17. 8. 41. —. —. . . . . . . . . . . . „ 2. 5. 12.
6. 14. 4.
. . . . . . . „ 10. 10. 12. 17. 5. —. 6. 14. 4. 10. 10. 12. 17. 5. —. 63. ½. —. . . . . . . . . . . . . „
2. 14. 6.
. . . . . . „ 7. —. 10. 9. 15. —. 2. 14. 6. 7. —. 10. 9. 15. —. 35. 3/. 2. - . - - - . . - - - -„
. . . . . . . „ —. 16. 6. 2. 5. —. 1. 8. 10. 2. 9. 2. 6. 15. 174. 2/5. —. . . . . . . . . . . -. „ „ 4. 5. 14.
ƒ 1433. 10. 10.
Transporteren
van de
. . . .
. . . .
.. . . . .
.. . . . . „
. . . . .
.
.
."
NL-HaNA_1.04.02_8834_0376.xml,"Van Cormandel onder dato 3:' Meij A„o 1721.
Vande matrialen
9. –. p. s palmeren van 4 uijt een boom. . . . . . . ƒ —. 2
30. –. „ palmeer Latten. . . . . . . . . . . . . . . . . . . „ —. —
13. –. parr: Jaffanap=se metselkolk. . . . . . . . . . . . „ —. 1
Uijt 't Provisie Maguazijn
1
59:½: lb vriesse boter - - - - - - - - - - . . . . ƒ —. 10. ƒ —.
38. —. kann: franse wijn. . - - - - - - - - - . - - - - . . „ —. 12. 1. 1
33. —. _:os Zek wijn. . . . . . . . . . . . . . . . . . „ —. 10. 2.
24. —. „ Airacq Apij. . . . . . . . . . . . . . . . . . . . . . „ —. 6. —.
1. —. Grote fles rosewater. . . . . . . . . . . - - - - - „ 1. 5 3.
16. –. bossen javase rottings. . . . . . . . . . . . . . . . „ —. 9 —
Inde stad Nagapatnam den Laatsten
^ Coste
1 lb ps
en
Transport.
1
1
2"
NL-HaNA_1.04.02_8834_0377.xml,"369.
Cormandel onder dato
3:' Meij A„o 1721,
van
't Coste voorhoeveel windt op 't Costende voor hoeveel advance
advance op
1 lb p:s : p. s ld. el 1p. s ldel van al 't ver„ omgeset is, houdert,
al 't vercogte,
en vercogt is enz:
„cogte.
. . . . . . . . . . . . . . . . . . . . . . . . . . . ƒ 1933. 10. 10.
d
. 2ƒ—. 4. 12ƒ —. 2. 3. ƒ 1. 3. 1 ƒ 2. 3. 2. ƒ 87. —. 3ƒ
1. —. 1.
.— —. 1. 11. —. 1. /3. —. 15. —. 2. 13. 12. 258. 1/3. —. 1. 18. 12.
. 1 —. 1. 11. —. —. 3. —. 19. 8. 1. 1. 14. 12. ½. —. —. 2. 6.
—. 10. ƒ —. 15. —. ƒ —. 5. —. ƒ 29. 15. —. ƒ 44. 12. 8. ƒ 50. —. —. ƒ
14. 17. 8.
—. 12. 1. 15. —. 1. 2. 8. 23. 15. —. 66. 10. —: 180. —. —.
42. 15. —.
42. 9. 12.
—. 14. 2. —. —. 1. 5. 12. 23. 10. 4. 66. —. —. 180. ¾. s.
7. 16. —.
—. 6. —. 12. 8. —. 6. 8. 7. 4. —. 15. —. —. 108. ½. —.
1. 5. —. 3. —. —. 140. –. —. 1. 15. -.
1. 15. —.
1. 5. 3. —. —.
—. 9. —. 15. —. —. 6. —. 7. 4. —. 12. —. —. 66. 2/3. —. 4. 16. —.
Somma in dese maant gewampd. 1551. 1. 1. .
sten October, A„o 1720. /(getek:t / D: van Cloon,
rendement
721.
rt..
.
-
1
1
ƒ"
NL-HaNA_1.04.02_8834_0378.xml,"Van Cormandel onder dato 3. ' Meij A„o 1721,
Rendement als vore
uijt 't negotie Pakhuijs
680. –. „ Zeug Lood - - - - - - - - - - - - - - - - - - - - - - - -
35. –. „ thin. . . . . . . . . . . . . . . . . . . . . . . .
13. –. „ vermelioen. . . . . . . . . . . . . . . . . . . ..
4. –. „ spijkers hollandse. . . . . . . . . . . . . . . . . . . . .
5. /. „ foelij. . . . . . . . . . . . . . . . . . . . . . . . . . . . . . —. 11
37. /½. „ nagelen. . . . . . . . . . . . . . . . . . . . . . . . . . . . —.
3. 3/5. „ Caneel. . . . . . . . . . . . . . . . . . . . . . . . . . . . . . —
70. –. p„s sjanderwanijs - - - - - - - - - - - - - - - - - - - - - - - -.
4.
5. –. „ armosijnen Enk:, als,
5
-
3. p. s aen 's Comp. s dienaren. . . . . . . . . . . . . . . .
2 „ „ d' jnlanders. . . . . . . . . . . . . . . . . . . ..
1. –. p. s bandenoes. . . . . . . . . . . . . . . . . . . . . . . . . . . 5.
— 1/8. rol of 14 el Lampher krisp. . . . . . . . . . . . . . . . . . 29.
Uijt 't Provisie Maguazijn
93.½. kann: Zek wijn. . . . . . . . . . . . . . . . . . . . . . . .
46. —. _. os Aracq apij. . . . . . . . . . . . . . . . . . . . . .
vande houtwerf
1. —. balk kiate van 30 voeten Lang. . . . . . . . . . . ..
24. —. planken kiate van 1½ duijm dik. . . . . . . . . . . . . . . . .
van of uijt d' materialen
6. –. p„s duijgen kiate tot heele Leggers. . . . . . . ..
Inde stad Nagapatnam den Laasten
132. –. lb peper ronde. . . . . . . . . . . . . . . . . . . .
39. /½. „ noten. . . . . . . . . . . . . . . . . . . . . . . . . . . . . . .
. . . . —
. . . . . 3
6
6.
6.
el
van"
NL-HaNA_1.04.02_8834_0379.xml,"Van Cormandel onder dato 3. ' Meij . A. o 1721,
in 4 p:s lb edel stkold l elden van al 't
el. ensz: el & verkogt is,
371.
10. 10. —.
1. 12. 14.
advance winsten op, advance op
veel
al 't vercogte
hondert, d'uijsen,
vercogte omgeset.
- -. . - —. 2. 12. ƒ —. 5. —. ƒ —. 2. 4. ƒ —. 18. 3. ƒ 33. —. —. ƒ 81. 1/16. r. . . . . . . . . . ƒ 14. 17. —.
. . . . . —. 2. 8. —. 3. —. —. —. 8. 85. —. —. 102. —. —. 20. —. —. . . . . . . . . . 17. —. —.
. . . —. 5. 10. —. 10. 5. —. 4. 11. 9. 16. 14. 18. 1. 4. 83. 1/3. —. . . . . . . . . . .. 8. 4. 6.
3. 19. 6. 5. 3. 12. 1. 4. 6. 51. 11. 14. 67. 8. 12. 30. 2/3. —. . . –. . . . . . 15. 16. 14.
. . . —. 3. 6. —. 7. 8. —. 4. 2. —. 13. 8. 1. 10. —. 122. 2/9. —. . . . . . . . . . „ —. 16. 8.
43. 13. 14.
. - - . . —. 11. 4. 8. —. —. 7. 8. 12. 3. 6. 2. 47. —. —. 1322. 2/¾. –. - . -. . . . - .
5. —. —. 4. 13. 4. 12. 15. 10. 185. 12. 8. 1381. ½. –. . . . . –. –. . 172. 16. 14.
3. 8. —. 3. 6. 7. 3. 2. 4. 135. 11. 4. 4252. 2/¾. —. . . . . . . . . „ 132. 9. —.
2. 16. 14. 2. 10. 12. 1. —. 10. 9. 11. 14. 825. ¼. –. . . . . . . . . 8. 11. 4.
4. 8. —. 5. 14. —. 1. 6. —. 308. -. —. 399. —. —. 29. ½. r:o. . . . . . . . . . 91. —. —.
'tt Costende voor hoe winst op p. r 't costende voor hoe
ren
. . . . . —. 6. 2.
- . . . .. —. 1. 9.
. . . . . —. 6. 12.
6. —. —. 7. 10. —. 1. 10. —. 18. —. —. 22. 10. —. 25. —. –. ƒ 4. 10. –.
. . . .
6. —. —. 9. —. —. 3. —. —. 12. —. —. 18. —. —. 50. —. —. 6. —. —.
. . . .
5. 10. 14. 7. 4. —. 1. 13. 2. 5. 10. 14. 7. 3. 12. 30. ½. -. . . . . . . . „
. . . . .
. . . . . 24. 5. —. 42. —. —. 17. 15. —. 9. 8. 10. 16. 6. 14. 73. ½. 5. . . . . . . . . . „ 6. 18. 4.
. . . . —. 14. 4. 2. —. —. 1. 5. 12. 66. 12. 6. 187. —. —. 180. ¾. h.s. . . . . . . „ 120. 7. 10.
. . . . . . —. 6. —. —. 12. 8. —. 6. 8. 13. 16. —. 28. 15. —. 108. 1/3. —. . . . . . . . . . „ 14. 19. —.
-
6. 2. 6. 18. —. —. 11. 17. 10. 6. 2. 6. 18. —. —. 194. ½. —. . . . . . . . . . „ 11. 17. 10.
—. 9. —. 1. —. —. —. 11. —. 10. 16. —. 24. —. —. 122. 2/¾. -. . . . . . . . . . „ 13. 4. —.
. . . —. 2. 4. —. 2. 8. —. —. 4. —. 13. 8. —. 15. —. 10. 1/3. —. . . . . . . . . . . „ —. 1. 8.
't gewonnene indese maand beloopt. . . ƒ 684. 16. 10.
sten November A„o 1720. / getek:t / Dirk van Cloon
rendament
--
..
.. . . .
.
.. . . . .
„
5
1
7
„
2"
NL-HaNA_1.04.02_8834_0380.xml,"Van Cormandel onder dato 3. ' Meij A„o 1721,
Rendement als vooren
Uijt 't Negotie Pakhuijs
192. –. lb japans staav Coper. . . . . . . . . . . . . . . . .
68. –. „ ronde peper. . . . . . . . . . . . . . . . . . . . . . . . . . . . . —
24. –. „ thin. . . . . . . . . . . . . . . . . . . . . . . . . . . . . . . . . .
60. –. „ Zeug Lood - - - - - - - - - -
3. /½. „ Canneel - - - - - - - - - - - - - - - - - - - - - - - - - - - - - - . - . —
¾ p.s dubb: arma zijn. . . . . . . . . . . . . . . . . . . . . . . . . . . . . 11. 5.
34. ¼. „ Enk: d. os, te weten,
15. ¼. _„os aen 's Comp. s dienaren. . . . . . . . . . . . . . .
19. _„o „ d' inlander. . . . . . . . . . . . . . . . . . . . .
2. —. p„s dubb: mombanijs. . . . . . . . . . . . . . . . . . . . . . . . . . . . . . 4. 11.
3. —: „ _„o taftas. . . . . . . . . . . . . - . . . . . . . . . . . . . . . . . 3. 17.
2. —. „ Enk: d=os - - - - - - - - - - - - - - - - - - - - - - - - - - - - - 2. 11.
5.
8. —. @. rood scharlaken aen d' Ed„le h„r gouverneur - - - - . -.
2. –. p„s persiaans overleer. . . . . . . . . . . . . . . . . . . . .
—
uijt d' Dispens
21. –. kann: Lek wijn. . . . . . . . . . . . . . . . . . . . . . . . . . .
„ Aracq Axij. . . . . . . . . . . . . . . . . . . . . . - . - .
259. –.
5. —. stux grote flessen rose water. . . . . . . . . . . . . . . .
van d' hout werf
1. —. swalp van 3 a 4 duijm en dik. . . . . . . . . . . . . . . . . . ..
1. —. huijs balk. - - - - - - - - - - - - - - - - - - - - - - - - - - -
vande Materialen.
10. –. parring Jaffanap=s met selcalk. . . . . . . . . . . . . . . . . . . .
Inde stad Nagapatnam Adij ult„mo xber
5. –. „ spianter. . . . . . . . . . . . . . . . . . . . . . . . . . —
48. –. „ salarmoniack. . . . . . . . . . . . . . . . . . . . . . . . . . . 1.
8.½ „ foelij of macis - - - - - - - - - - - - - - - - - - - - - - - - - - - - —. 1
36. ½. „ Garioffel nagelen. . . . . . . . . . . . . . . . . . . . . . —.
169. ¾. „ noten of rompen - - - - - - - - - - - - - - - - - - - - - - —. 1.
1.
3
. . . . . . . . . . . . .
-
-
1
6.
6. —
19."
NL-HaNA_1.04.02_8834_0381.xml,"Cormandel onder dato 3. Meij A„o 1721
Van
vercogte.
Een k:oostende voor hoe seel winst op 't costende voor hoe
advance winsten op advance
an 1 p. s lb ap. s ld. el 1p. s lbel van al 't
seelange„ hondert, prijsen,
ten
diverse — op al 't
wensen vercogt is, Etca, veroogte, „ het is,
—. 10. —. ƒ —. 16. 8. ƒ —. 6. 8. ƒ 96. —. —. ƒ 158. 8. 2. ƒ 63. —. . - . . . . . . . . . . ƒ 52. 8. 2.
. . . . —. 2. 12. —. 5. —. —. 2. 4. 9. 7. —. 17. —. —. 81. 1/16. r. . . . . . . . . . . . 7. 13. —.
. . . . . —. 5. 10. —. 10. 5. —. 4. 11. 6. 15. —. 12. 7. 8. 83. 1/3. —. . . . . . . . . . . 5. 12. 8.
—. 2. 8. —. 3. —. —. —. 8. 7. 10. —. 9. —. —. 20. —. —. . . . . . . . . . . 1. 10. —.
. . . . —. 6. 14. —. 11. 8. —. 4. 10. 1. 14. 6. 2. 17. 8. 66. ¾. –. . . . . . . . . . -. 1. 3. 2.
. . . . . 1. 2. 4. 1. 12. 8. —. 10. 4. 53. 8. —. 78. —. —. 46. —. —. . . . . . -. . -- 24. 12. —.
. . . . . . . —. 11. 4. 8. —. —. 7. 8. 12. 4. 11. 6. 65. —. —. 1322. 2/. —. . . . -. . . . -. . 60. 8. 10.
. . . . . . —. 6. 12. 5. —. —. 4. 13. 4. 12. 6. 6. 182. 10. —. 1382. ½ –. . . . -. . - . - . 170. 3. 10.
. . . —. 1. 9. 3. 8. —. 3. 6. 7. 13. 5. 4. 577. 3. 2. 4252. 9. –. . . . . . . –. – „ 563. 17. 14.
. . . . . . . — 6. 2. 2. 16. 14. 2. 10. 12. 1. 3. 12. 11. —. 10. 825. ¼. –. . . . . . . . . . . . 9. 16. 14.
. . . . . 11. 5. —. 15. —. —. 3. 15. —. 8. 8. 12. 11. 5. —. 33. 1/3. —. . . . . . . . . . . 2. 16. 4.
. . . . . . 6. —. —. 7. 10. —. 1. 10. —. 91. 10. —. 114. 7. 8. 23. —. —. ƒ 22. 17. 8.
6. —. —. 9. —. —. 3. —. —. 114. —. —. 171. —. —. 50. —. —. 57. —. —. 79. 17. 8.
6. 11. —. 1. 19. 6. 9. 3. 4. 13. 1. 14. 43. —. s.. . . . . . . . . . . 3. 18. 10.
.  4. 11. 10.
. . . . . . . 3. 17. 2. 5. 14. —. 1. 16. 14. 11. 11. 6. 17. 1. 14. 47. ½. –. . . . . . . . . . . . 5. 10. 8.
. . . . . . . 2. 11. —. 3. 13. 8. 1. 2. 8. 5. 2. —. 7. 6. 14. 44. —. s. . . . . . . . . . . . . 2. 4. 14.
5. 14. —. 8. 7. 10. . 2. 13. 10. 45. 12. —. 67. 1. 4. 50. —. s. . . . . . . . . . . . 21. 9. 4.
—. 16. 6. 2. 5. —. 1. 8. 10. 1. 12. 12. 4. 10. —. 174. 2/5. —. . . . . . . . . . . „ 2. 17. 4.
. . . . .
—. 19. 4. 2. —. —. 1. 5. 12. 14. 19. 4. 42. —. —. 180. ¼. s. . . . . . . . . . . . . 27. —. 12.
. . .
. . . . . . . —. 6. —. —. 12. 8. —. 6. 8. 77. 14. —. 161. 17. 10. 108. 1/3. —. . . . . . . . . . . 84. 3. 8.
3. —. —. 1. 15. —. 6. 5. —. 15. —. —. 140. –. -. . . . . . . . . . . . 8. 15. -.
- - - . .. 1. 5. —.
6. —. —. 2. 18. 12. 3. 1. 4. 6. —. —. 96. –. 3. . . . . . . . . . . 2. 18. 12.
3. 1. 4.
..
. . . —. 18. 6. 3. 15. —. 2. 16. 10. —. 18. 6. 3. 15. —. 308. —. r. . . . . . . . . . . 2. 16. 10.
. .. —. 1. 8. —. 1. 11. —. —. 3. —. 15. —. —. 16. 14. 12. ½. -. . . . . . . . . . . ƒ —. 1. 14.
't gewoonene beloopt in dese maant. . . . . . . . . ƒ 1141. 16. 8. —
xber Anno 1720, /getekent/ Dirk van Cloon,
rendement
. .
373.
. . . . .
. . . . . . . ."
NL-HaNA_1.04.02_8834_0382.xml,"Van Cormandel onder dato 63. ' meij A„o 1721,
Rendement als vooren,
Pakhuijs
Uijt 't Negotie
972. —. lb japans staav Coper. . . . . . . . . . . . . . . . . . . . . . ƒ
28. —. „ ronde peper - - - . - - - - - - - - - - - - - - - - - - - - - - . . ..
52. —. „ salarmoniak. . . . . . . . . . . . . . . . . . . . . . . . . . . . . . ..
„ thin. . . . . . . . . . . . . . . . . . . . . . . . . . . . . . . . .
109. –.
„ spiauter. . . - - - - - - - - - - - - - - - - - - - - - - - - - - - - . ..
12. —.
720. —. „ ZeugLood - - - - - - - - - - - - - - - - - - - - - - - - - - - - - - -
240. —. „ holl.:s plat ijser - - - - - - - - - - - - - - - - - - - - - - - - - - - - - -
8. –. „ aluijn. . . . . . . . . . . . . . . . . . . . . . . . . . . . . . . . . . . . . .
3. –. „ foelij of macis. - - - - - - - - - - - - - - - - - - - - - - - - - - - - - . . . . .
51.½. „ garioffel nagelen. . . . . . . . . . . . . . . . . . . . . . . . . . . . . . . . . .
49. /½. „ noten of rompen - - - - - - - - - - - - - - - - - - - - - - - - . . . . . . . . .
3. ¾. „ Canneel. . . . . . . . . . . . . . . . . . . . . . . . . . . . . . . . .
21. ¾. stx Enk: armosijnen, daer van,
17¾. _„os aen s' Comp. s dienaren. . . . . . . . . . . . . . .
4 „ do„ „ d' inlanders. . . . . . . . . . . . . . . . . . . . . . .
3. –. stx: sjoejerijs - - - - - - - - - - - - - - - - - - - - - - - - - - - - - - - - - - -
10. –. „ dubb: taftas. . . . . . . . . . . . . . . . . . . . . . . . . . . . . .
4. –. „ sjanderwanijs - - - - - - - - - - - - - - - - - - - - - - - - - - - - - . .
6. –. „ Enk„s taftas.. . . . . . . . . . . . . . . . . . . . . . . . . . .
2. –. „ bruijn blauw salempoeris - - - - - - - - - - - - - - - - - . .
Uijt d' Dispens —
24. –. kann: Aracq Apij. . . . . . . . . . . . . . . . . . . . . . .
0
Jnde stad Nagapisam Adij ultimo Ian ar
-
-
-
-
-"
NL-HaNA_1.04.02_8834_0383.xml,"375.
Van Cormondel onder dato 3. ' meij A„o 1721,
van 1p. s lb
a Ens.
op al
prijsen, 't vercogte;
't Costende voor horeel winst op 't costende vooreee advance missen op advance
1 p.:s lb & 1 p. s lb van alle 't
veel
ten
diverse
vercogt is, @ Enc:a, vercogte, omgeset is, hondert
. . . . . . ƒ —. 10. —. ƒ —. 16. 8. ƒ —. 6. 8. ƒ 486. —. — ƒ 801. 18. 2. ƒ 65. —. . . . . . . . . . . 15. 1 8. 2.
. .. —. 2. 12. —. 5. —. —. 2. 4. 3. 17. 2. 7. —. —. 81. 3/8. r. . . . . . . . . - . 3. 3. —.
. . . . . . . . 1. 2. 4. 1. 12. 8. —. 10. 4. 57. 17. —. 84. 10. —. 46. —. —. . –. . . . . . 26. 13. —.
. . . . . . . —. 5. 10. —. 10. 5. —. 4. 11. 30. 13. 2. 56. 4. 6. 83. 1/3. —. . . . . . . . . . 25. 11. 4.
. . . . . . . —. 6. 14. —. 11. 8. —. 4. 10. 4. 2. 8. 6. 18. 2. 66. ¾. -. . . . . . . . . . . 2. 15. 10.
. . . . . . . —. 2. 8. —. 3. —. —. —. 8. 90. —. —. 108. —. —. 20. —. -. . . . . . . . . . 18. —. —.
. . . . . . —. 2. 4. —. 3. 14. —. 1. 10. 27. —. —. 46. 10. —. 72. ¼. s. . . - - - - - - - - 19. 10. —.
—. 1. 8. —. 3. 12. —. 2. 4. —. 12. —. 1. 10. —. 150. —. -. . . . . . . . . . . —. 18. —.
. —. 11. 4. 8. —. —. 7. 8. 12. 1. 13. 12. 24. —. —. 1322. 2/¾. –. . . . . . . . . . 22. 6. 4.
—. 6. 12. 5. —. —. 4. 13. 4. 17. 7. 10. 257. 10. —. 1381. ½. –. . . . . . . . . . 240. 2. 6.
—. 1. 9. 3. 8. —. 3. 6. 7. 3. 17. 8. 168. 14. 6. 4252. /3. —. . . . . . . . . 164. 16. 14.
. . . . . . . . —. 6. 2. 2. 16. 14. 2. 10. 12. 1. 3. —. 10. 13. 2. 825. ¼. —. . . . . . . . . . 9. 10. 2.
6. —. —. 7. 10. —. 1. 10. —. 106. 10. —. 133. 2. 8. 25. —. —. ƒ26. 12. 8.
6. —. —. 9. —. —. 3. —. —. 24. —. —. 36. —. —. 50. —. —. 12. —. —.
38. 12. 8.
5. 14. —. 7. 9. —. 2. 3. 2. 15. 2. 10. 21. 11. 14. 42. 1/16. 2. . . . . . . . . . .
6. 9. 4.
3. 17. 2. 5. 14: —. 1. 16. 14. 38. 11. 4. 57. —. —. 47. ½. —. . . . . . . -. —. 18. 8. 12.
4. 8. —. 5. 14. —. 1. 6. —. 17. 12. —. 22. 16. 4. 29. ½. 2. . . . . . . . . .
5. 4. 4.
2. 11. —. 3. 13. 8. 1. 2. 8. 15. 6. —. 22. 1. 4. 44. -. –. . . . . . . . . . 6. 15. 4.
5. 7. 6. 6. 15. —. 1. 7. 10. 10. 14. 12. 13. 10. —. 25. ¼. –. . . . . . . . . . „ 2. 15. 4.
. . . . . . . —. 6. —. —. 12. 8. —. 6. 8. 7. 4. —. 15. —. —. 108. 1/3. -. . . . . . . . . . . ƒ 7. 16. –.
T gewonnene indese maand beloopt. . . ƒ 935. 5. 14.
Jan arij Anno 1721. /getekent) Dirk van Cloon,
rendement
. . . . . . . . —
. . . . . . . . . .
. . . . . . . . . —
. . . . . . . . . . —
. . . . . . . ..
. . . . . . . . . . .
. . .
. . . . . . . .
. . . . . .
. . . . . . .
.. . . . . . .
. . . . . . .
„"
NL-HaNA_1.04.02_8834_0384.xml,"Van Cormandel onder dato 3. ' Meij A„o 1721.
Rendement als vooren,
uijt 't Negotie Packhuijs, —
493. –. lb japans staav Coper. . . . . . . . . . . . . . . . . . . ..
42. –. „ peper. . . . . . . . . . . . . . . . . . . . . . . . . . . . . . . . . . . . „
96. –. „ thin. . . . . . . . . . . . . . . . . . . . . . . . . . . . . . . . . . . . . „
360. –. „ Zeug Lood - - - - - - - - - - - - - - - - - - - - - - - - - - - „
26. —. „ salarmoniak. . . . . . . . . . . . . . . . . . . . . . . . . . „
4. ½. „ spiauter. . . . . . . . . . . . . . . . . . . . . . . . - . . . . . . . „ —
1. ¾. „ Canneel - - - - - - - - - - - - - - - . . - - - - - - - - - - - . . „ —
4. –. „ spijkers hollandse. . . . . . . . . . . . . . . . . . . . . . . „ —
1. ¾. „ plaat Copergeel. . . . . . . . . . . . . . . . . . . . . . . . . . . . . . . . „
1. ¼. p„s dubb:e Armosijnen, daer van,
¼ p. s aen den E: secunde. . . . . . . . . . . . . . . . . . . . . . . . . . „ 11
„ „ inlander. . . . . . . . . . . . . . . . . . . . . . . . . „ 11
1„ „
17.½. p„s Enk: armosijnen, waar van,
16. p. s aen 's Comp. s dienaren. . . . . . . . . . . . . . . . „
1½ „ „ d' inlanders. . . . . . . . . . . . . . . . . „
1. –. p. s roederwanij. . . . . . . . . . . . . . . . . . . . . . . . „
8. –. „ sjoenerijs, te weten,
5. p. s aen den E: secunde. . . . . . . . . . . . . . . . . . „
3. „ „ „ jnlanders. . . . . . . . . . . . . . . . . . . . „
4. –. „ sjanderwanijs, als,
2 p. s aen den E: secunde. . . . . . . . . . . . . . . . . . . . . . „
2 „ „ „ in lander. . . . . . . . . . . . . . . . . . . . . . „
5. –. „ dubb: taftas, daar van,
3 p. s aen den E: Secunde. . . . . . . . . . . . . . . . . . „
2 „ „ „ in lander. . . . . . . . . . . . - . . . . . . . . . . „ 3.
17. ¾. „ noten. . . . . . . . . . . . . . . . . . . . . . . . . . . . . . . . „—
5. ½. „ foelij. . . . . . . . . . . . . . . . . . . . . . . . . . . . . . . . . . „—
10. ¼. „ nagelen. . . . . . . . . . . . . . . . . . . . . . . . . . . . . . . „
1
6
6
5
4
9"
NL-HaNA_1.04.02_8834_0385.xml,"377
Van Cormandel onder dato
3e. Meij A„o 1721.
van
„ps. Edel: &
. . . . . . ƒ —. 10. —. ƒ —. 16. 8. ƒ —. 6. 8. ƒ 246. 10. —. ƒ 406. 14. 6. ƒ 65. —. —. . . . . . . . . . ƒ 160. 4. 6.
. . . . . . . „ —. 2. 12. —. 5. —. —. 2. 4. 5. 15. 8. 10. 10. —. 81. 4/16. r. . . . . . . . . . . . 4. 14. 8.
. . . . . . . „ —. 5. 10. —. 10. 5. —. 4. 11. 27. —. —. 49. 10. —. 83. 1/3. —. . . . . . . . . . . . . 22. 10. —.
. . „ —. 2. 8. —. 3. —. —. —. 8. 45. —. —. 54. —. —. 20. —. —. . . . . . . . . . . . 9. —. —.
. . . . . . „ 1. 2. 4. 1. 12. 8. —. 10. 9. 28. 18. 8. 42. 5. —. 46. —. —. . . . . . . . . 13. 6. 8.
. . . . . . . „ —. 6. 14. —. 11. 8 —. 4. 10. 1. 13. 3. 2. 11. 14. 66. ¾. –. . . . . . . . . . —. 18. 14.
. . . . . . . „ —. 11. 4. 8. —. —. 7. 8. 12. 3. 1. 14. 44. —. —. 132. 2/¾. —. . . . . . . . . . . 40. 18. 2.
. . . . . . „ —. 6. 12. 5. —. —. 4. 13. 4. 3. 9. 9. 51. 5. —. 1381. ½. -. . . . . . . . . . . 47. 15. 12.
. . . . . „ —. 1. 9. 3. 8. —. 3. 6. 7. 1. 7. 12. 60. 6. 14. 4252. 2/9. —. . . . . . . . . . . 58. 19. 2.
. . . . . . „ —. 6. 2. 2. 16. 14. 2. 10. 12. —. 10. 12. 4. 19. 6. 825. ¼. —. . . . . . . . . . . . 4. 8. 10.
. . . . . . „ —. 3. 6. —. 7. 8. —. 4. 2. —. 13. 8. 1. 10. —. 122. 39. –. . . . -. . . . . . . . —. 16. 8.
. . . . . . „ —. 18. 12. 1. 10. —. —. 11. 4. 1. 12. 14. 2. 12. 8. 59. 5/½„. —. . . . . . . . . . . —. 19. 10.
. . . . . . . . „ 11. 5. —. 19. —. —. 2. 15. —. 2. 16. 4. 3. 10. —. 25. —. —. ƒ —. 13. 12.
. . . . . . . „ 11. 5. —. 18. —. —. 6. 15. —. 11. 5. —. 18. —. —. 60. —. —. 6. 15. —. 7. 8. 12.
6. —. —. 7. 10. —. 1. 10. —. 96. —. —. 120. —. —. 25. —. —. ƒ 24. —. —.
. . . . .. „
. . . . . „ 6. —. —. 9. —. —. 3. —. —. 9. —. —. 13. 10. —. 50. —. —. 4. 10. —. 28. 10. —.
. . . . . . „ 4. 14. —. 6. 1. 14. 1. 7. 14. 4. 14. —. 6. 1. 14. 31. —. —. . . . . . . . . . . . 1. 7. 14.
5. 14. —. 6. 6. 2. 1. 5. 4. 25. 4. 6. 31. 10. 10. 25. —. —. ƒ. 6. 6. 4.
. . . . . . . „
. . . . . „ 5. 14. —. 7. 4. —. 2. 3. 2. 15. 2. 10. 21. 11. 14. 42. 4/15. . . 6. 9. 4. 12. 15. 8.
- - - - .  „ 4. 8. —. 5. 10. —. 1. 2. —. 8. 16. —. 11. —. —. 25. —. —. 2. 4. —.
. . . . . . . „
4. 8. —. 5. 14. —. 1. 6. —. 8. 16. —. 11. 8. 2. 29. ½. —. . 2. 12. 2. 4. 16. 2.
3. 17. 2. 4. 16. 5. —. 19. 5. 11. 11. 6. 14. 9. 6. 25. —. —. 2. 18. -.
. . . . . „
. . . . . .. „ 3. 17. 2 5. 14. —. 1. 16. 14. 7. 14. 4. 11. 8. 2. 97. ½. —. 3. 13. 14. ƒ6. 11. 14.
transporteren. . . . . ƒ926. 2. 2.
10: lb, el 1p. r lbel san al 't omgeset is, hondert diverse al 't vercogte,
& vercogt is, & vercogte,
prijsen,
't Costende voor hoe veel winstop 't costende voor hoeveel advance wicsten op advance op
pr. transpt."
NL-HaNA_1.04.02_8834_0386.xml,"Van Cormandel onder dato 3. ' Meij A. o 1721,
Transport. . . . . . . . . . . . .
:
19. –. p. s Enk- taftas aen d' Ed„le h„r gouverneur en den E: secunde../
1. –. „ dubb: mombhanij idem. . . . . . . . . . . . . . . . . . . . . .
11. –. „ Enk: d-os _„o — jdem. . . . . . . . . . . . . . .
3. –. „ salempoeris bruijn blauw. . . . . . . . . . . . . . . . . . . . .
— ½. ll keckenemale olij, aen den E: secunde. ... . . . . ..
1. ¼. once Caneel elij. . . . . idem. . . . . . . . . . . . . . . 1
1. –. p. s gemeen pennemes. . . . . . . . . . . . . . . . . . . . . . . . . . . . . . . . —
1. —. „ kleen knipschaartje. . . . . . . . . . . . . . . . . . . . . . . . . . . —
50. –. „ glase ruijten van. ampt glas. . . . . . . . . . . . . . . . . .
6. –. „ fijne ruijten. . . . . . . . . . . . . . . . . . . . . . . . . . . . . . ..
Uijt 't Provisie maguazijn
1. —. kas persiaance klaret wijn. . . . . . . . . . . . . . . . . . . . . . . .
70. —. kann: arak apij, daar van,
16. kann: aen den E: secunde. . . . . . . . . . . . . . . . . . .
54. _„os „ „de Gemeene. . . . . . . . . . . . . . . . . . . . . —
3. –.
p. s. groote flesse rose water, als,
2. p. s aen den E: Secunde. . . . . . . . . . . . . . . . . . . . ..
1. „ „ „ gemeenen. . . . . . . . . . . . . . . . . . . .
1. —. bos javase rottings. . . . . . . . . . . . . . . . . . . . . . . . . . . .
Inde Stad Nagapatnam den Laaste
-
1
5
2
-"
NL-HaNA_1.04.02_8834_0387.xml,"379
Cormandel onder
dato 3. ' Meij A„o 1721,
van
't Costende voor hoe winst op 't costende voor hoe- advance winsten op advance op
soo veel p. s lb 1p. s lb. el van al 't ver veelenge hondert,
van
diverse prij„ al 't verkog
„pe Edel &e el verogt is kogte het ein
„sen,
te,
secunde. . . ƒ 2. 11. —. ƒ 3. 3. 12. ƒ —. 12. 12. ƒ 48. 9. —. ƒ 60. 11. 4. ƒ 25. —. —. . . . . . . .. 12. 2. 4.
. . .  4. 11. 10. 5. 14. 6. 1. 2. 12. 4. 11. 16. 5. 14. 6. 25. —. —. . . . . . . . ..
1. 2. 12.
2. 7. 12. 2. 19. 11. —. 11. 15. 26. 5. 4. 32. 16. 14. 25. —. —. . . . . . . . . . 6. 11. 10.
. . . . . . . 5. 7. 6. 6. 15. —. 1. 7. 10. 16. 2. 2. 20. 5. —. 25. ¾. . . . . . . . . . 4. 2. 14.
. . . . . . . . 1. —. 10. 1. —. 10. —. —. —. 1. —. 10. 1. —. 10. —. —. -. . . . . . . . . . —. —. —.
. 1. 6. —. 1. 6. —. —. —. —. 1. 12. 8. 1. 12. 8. —. –. -. . . . . . . . - —. —. —.
. . . . . . . . . —. 14. 6. —. 14. 6. —. —. —. —. 14. 6. —. 14. 6. —. —. —. . . . . . . . . . —. —. —.
. . . . . . . . —. 8. 2. —. 8. 2. —. —. —. —. 8. 2. —. 8. 2. —. –. -. . -. . . . . . . . —
—. —. —
. . . . . . . . . . —. —. 8 —. —. 14. —. —. 6. 1. 5. —. 2. 3. 12. 75. —. —. . . . . . . . . —. 18. 12.
. . . . . . . . . —. 1. 13. —. 3. 4. . —. 1. 7. —. 10. 14. —. 19. 6. 79. —. —. . . . . . . . . . —. 8. 8.
. . . . . . . . . . . . . . . . . . . . . . . . . . . . . . . . . . . . . . . . . . . ƒ 426„ 2. 2.
. . . . . . . . 23. —. —. 42. —. —. 19. —. —. 23. —. —. 42. —. —. 82. /. . . . . . . . . . . . 19. –. –.
. . . . . . . . —. 6. —. —. 7. 8. —. 1. 8. 4. 16. —. 6. —. —. 25. —. -. . 1. . 4. —
. . . . . . . . —. 6. —. —. 12. 8. —. 6. 8. 16. 4. —. 33. 15. —. 108. /3. —. 17. 11. —.
18. 15. —.
. . . . . . . . 1. 5. —. 1. 11. 4. —. 6. 4. 2. 10. —. 3. 2. 8 25. —. —. —. 12. 8.
. . . . . . . . . 1. 5. —. 3. —. —. 1. 15. —. 1. 5. —. 3. —. —. 140. —. —. 1. 15. —. 2. 7. 8.
. . . . . . . —. 9. —. —. 15. —. —. 6. —. — 9. —. —. 15. —. 66. 2/3. —. . . . . . . . ƒ —. 6. —
ƒ 491. 17. 6.
Laasten
Februarij A„o 1721. /getek.t / Dirk v: Cloon,
rendem. t
. . . . . . . . . . .
12
2
—.
18
1
36
771"
NL-HaNA_1.04.02_8834_0388.xml,"Van Cormandel onder dato 3. ' Meij A„o 1721. —.
Rendement als vooren,
Uijt 't Negotie Packhuijs,
487. -. lb japans staav Coper. . . . . . . . . . . . . . . . . . . . . . .
97. –. „ peper. . . . . . . . . . . . . . . . . . . . . . . . . . . . . . .
116. –. „ thin. . . . . . . . . . . . . . . . . . . . . . . . . . . . . . . . . —
529. —. „ Zeuglood. . . . . . . . . . . . . . . . . . . . . . . . . . . . . —
12. –. „ spijkers hollandse. . . . . . . . . . . . . . . . . . . . . . . .
37.½. p. s enk: armosijnen, als,
24½ p. s aen 'scomp. s dienaren. . . . . . . . . . . . . . . . . . . .
13. –. „ „ jnlanders. . . . . . . . . . . . . . . . . . . . . . .
p. s dubb: armosijnen. . . . . . . . . . . . . . . . . . . . . . . . . .
4. ¼.
3. –. „ sjoenerijs - - - - - - - - - - - - - - - - - - - - - - - - - - - - - - -.
22. –. „ Enk: taftas. . . . . . . . . . . . . . . . . . . . . . . . . . . . . . .
3. –. „ dubb: d„os. . . . . . . . . . . . . . . . . . . . . . . . . . . . . ..
2. –. „ enk=le mombanijs. . . . . . . . . . . . . . . . . . . . . . . . . . . ..
_:o - - - - - - - - - - - - - - - - - - - - - - . . . . . .
3. —. „ dubb: —
3. –. „ sjarderwanijs. . . . . . . . . . . . . . . . . . . . . . . . . . . .
1. –. „ roederwanij. . . . . . . . . . . . . . . . . . . . . . . . . . . . . . . . . ..
3/72. rol Lampher krisp aen d' Ed„le H„r gouverneur - - - - . . . . .
1. –. p: s persiaans over leer. . . . . . . . . . . . . . . . . . . . .
uijt 't Provisie Maguazijn
—½ kas persiaanse wijn Claret. . . . . . . . . . . . . . . . . . . . . . . ..
1. —. bos javase rottings. . . . . . . . . . . . . . . . . . . . . . . . . . . . . . . .
van de Houtwerv, —
5. –. p. s huijs balken. . . . . . . . . . . . . . . . . . . . . . . . . . . . . . .
Inde stad Nagapatnam den Laasten
24. –. „ spiauter. . . . . . . . . . . . . . . . . . . . . . . . . . . . . . —
24. —. „ salarmoniak. . . . . . . . . . . . . . . . . . . . . . . . .
6. –. „ vermelioen. . . . . . . . . . . . . . . . . . . . . . . . . .
5. ½. „ foelij. . . . . . . . . . . . . . . . . . . . . . . . . . . . . . . . . . . .
6. ¼. „ nagelen. . . . . . . . . . . . . . . . . . . . . . . . . . . . .
180. ¼. „ noten. . . . . . . . . . . . . . . . . . . . . . . . . . . . .
1. ¼. „ Canneel - - - - - - - - - - - - - - - - - - - - - - - - - - - - - - ..
1.
-
3
-
6
6
11
5
2
3
2
4
9
24
23"
NL-HaNA_1.04.02_8834_0389.xml,"381
Van Cormandel onder dato 3. ' meij A„o 1721.
vercogt is.
't Costende, voor hoe vel winst op 't costende voor hoe advance winster - advancen
ten
op diverse op al 't ver„
hondert, prijsen, —
cogte,
van 1p.:s Ed el. 1p. ld elx 1p.:s lb el sanalit ver, veel omge„
„kogte, „ het is,
. . . . . . ƒ —. 10. —. ƒ —. 16. 8. ƒ —. 6. 8. ƒ 243. 10. —. ƒ401. 15. 10. ƒ 65. —. —. . . . . . . . . . ƒ 158. 5. 10.
—. 2. 12. —. 5. —. —. 2. 4. 13. 6. 12. 24. 5. —. 81. 1/16. r. . . . . . . . . . .
—. 5. 10. —. 10. 5. —. 4. 11. 32. 12. 8. 59. 16. 4. 83. 1/3. -. . . . . . . . . . .
27. 3. 12.
—. 2. 8. —. 3. —. —. 8. —. 66. 2. 8. 79. 6. 14. 20. —. —. . . . . . . . . . „. 13. 4. 6.
—. 6. 14. —. 11. 8. —. 4. 10. 8. 5. —. 13. 16. 4. 66. ¾. –. . - - - - - - - - -. 5. 11. 4.
1. 2. 9. 1. 12. 8. —. 10. 4. 26. 14. —. 39. -. —. 46. –. —. . –. – . . –. – 12. 6. -.
—. 11. 4. 8. —. —. 7. 8. 12: 3. 1. 14. 44. —. —. 1322. 2/¾. –. . - . . . . -. -. 40. 18. 2.
—. 6. 12. 5. —. —. 4. 13. 4. 4. 2. 4. . 31. 5. —. 1381. ½. –. - - - - - - - - „ 27. 2. 12.
. . . . . . . . —. 1. 9. 3. 8. —. 3. 6. 7. 41. 1. 10. 612. 16. 14. 9252. /. —. . . . . . . – 598. 15. 4.
3. 3. 10.
. . . . . . . . . —. 6. 2. 2. 16. 14. 2. 10. 12. —. 7. 10. 3. 11. 4. 825. ¼. –. . . . -. . . –. –.
. . . . . „ 3. 19. 6. 5. 3. 12. 1. 4. 6. 23. 16. 4. 31. 2. 8. 30. 2/3. -. . - . - - . . - - - 7. 6. 4.
. . . . . . . . —. 3. 6. —. 7. 8. —. 4. 2. 2. —. 8. 4. 10. —. 122. 2/9. —. -. . . . . . - . 2. 9. 8.
10. 18. 4.
6. —. —. 7. 10. —. 1. 10. —. 147. —. —. 183. 15. —. 25. —. —. ƒ 36. 15. —.
. . . . . . . . 6. —. —. 9. —. —. 3. —. —. 78. —. —. 117. —. —. 50. —. —. 39. —. —. 75. 15. —.
11. 5. —. 15. —. —. 3. 15. —. 47. 16. 4. 63. 15. —. 33. ¼. —. . . . . . . . . . . 15. 18. 12.
5. —. 14. 7. 4. —. 2. 3. 2. 15. 2. 10. 21. 11. 14. 42 1/16. ½. . . . . . . . . . 6. 9. 4.
2. 11. —. 3. 13. 8. 1. 2. 8. 56. 2. —. 80. 16. 14. 44. —. —. . . . . . .. -. 24. 14. 14.
3. 17. 2. 5. 14. —. 1. 16. 14. 11. 11. 6. 17. 1. 14. 47. ½. -. . . . . . . . -. . 5. 10. 8.
2. 7. 12. 3. 2. —. —. 14. 4. 4. 15. 8. 6. 3. 12. 30. -. -. . . . . . . . .
1. 8. 4.
4. 11. 10. 6. 11. —. 1. 19. 6. 13. 14. 14. 19. 13. 2. 43. -. —. . . . . . . . - 5. 18. 4.
4. 8. —. 5. 14. —. 1. 6. —. 13. 4. —. 17. 1. 14. 29. ½. r: . . . . . . . . - 3. 17. 14.
4. 14. —. 6. 1. 14. 1. 7. 14. 4. 14. —. 6. 1. 14. 31. –. s. . . . . . . . -. 1. 7. 14.
24. 5. —. 36. 7. 10: 12. 2. 10. 21. 17. 14. 32. 16. 14. 50. -. -. . . . . . . . . . . 10. 19. -.
—. 16. 6. 2. 5. —. 1. 8. 10. —. 16. 6. 2. 5. —. 174. 2/5. —. . . . . . . . . „ 1. 8. 10.
23. —. —. 42. —. —. 19. —. —. 11. 10. —. 21. —. —. 82. ¾. s. . . . . . - - - 9. 10. —.
—. 9. —. —. 15. —. —. 6. —. —. 9. —. —. 15. —. 66. 2/3. —. - - - - — - - —. 6. —
2. 16. 10. 4. 11. 14. 18. 15. —. 308. —. r. . . . . . . . . . ƒ 14. 3. 2.
3. 15. —.
de in dese maand behaalde winst beloopt. . . . . ƒ 1084. 12. 2.
Maart A:o 1721 /getek:t / D: v: Cloon,
. . . . . . . . —. 18. 6.
&
. . . . . . . .
. . . . . . . . .
. . . . . ..
. . . . . . . . .
. . . . . .
. . . . . . . . .
. . . . . . . .
. . . . . . „
. . . . . . . . .
. . . . . . . .
. . . . . . . .
. . . . . . . . . .
. . . . . . . . .
. . . . . . . . . .
. . . . . . . . „
. .
. . . . . . . . . .
. . . . . . .
. . . . . . . .
. . . . . . . . .
2
. . . . . .
2
&"
NL-HaNA_1.04.02_8834_0390.xml,"Van Cormandel den 5'
Septemb: A„o 1721,
D
Aen den Hoog Ed„le gestr:
Heere Henrik Zwaardecroon,
Gouverneur Generaal, nevens d' Ed„le
Heeren Raden van Nederlands Jndia
Hoog Ed: gestr: wel ge„
„biedende Heere en Heeren,
Jngevolge de ordre van den Ed=le heer Gou„
„verneur Gerrit Westrenen, en raad tot
nagapatnam, vervat bij derselver missive
de dato 9. der verweke maand, Augustij, alhier
ontfangen, op den 25. ' daer aan, wanneer 't schip
blijenburg te deser rheede arriveerden, wert
thans genoemden bodem tot uw hoog Ed„le hedens
gedepecheert, met zodanige Ladinge, packen
cleeden, Lijwaten, en rogge vellen, mitsg. s
orduijne steenwerken, en Caliatourhout, —
als tot voorn: nagap:, en vervolgens ook op —
jre
portonovo, sadraspatn: en hier ten Compt„r
in genomen heeft, namentlijk,
1615 packen diverse kleden en Lijwaten daar
van,
17 pack:
1"
NL-HaNA_1.04.02_8834_0391.xml,"383
Van Cormandel onder dato 5. ' Septemb: A„o 1721.
17. packen guijnees fijn gebleekt
136. _„os
„ gemeen ruw
een
153. packen
695. d. os guijnees gem: gebleekt
6. „ _„o bleek blauw
208. „ _„o bruijn blauw
2. „ salempoerisfijne gebleekte
13. „ salempoeris gem:e ruwe
„ gebleeckte
189. „
„
„
bruijn blauwe
72. „
1. „ parcallen ruwe
21. „ d„os gebleekte
_„os bruijn blauw
26. „
21. „ baftas gebleekte
18. „ d:os bruijn blauwe
4. „ boelangs
6. „ bramdams
6. „ Chiavonijs gebleekte
4. „ moeris gem: gebleekte
7. „ _„os grove _„o
3. „ bethilles fijne brede gebleekte
3
3. „ d. os „ smalle _„o
10. „ d os grove breede _„o
6. „ _,„o „ smolle _„o
1. „ _„o gem: gebleekte
_. os jle gebleekte Jndise soort, van
6. „-
digter, en fijnder geweer,
8. „ d„os ternatanes
4. „ d. os Outisaals
_„os bruijn blauwe
Een
1492 p=ken die Transportere
p. r transport
21,"
NL-HaNA_1.04.02_8834_0392.xml,"Van Cormandel den 5:' Septemb:r A„o 1721
1492. packen P„r Transport,
5. „ bethilise dassen.
22. „ Gingam penasse
28. „ „ drongam
10. „ Zeijldoek fijn ruw
„ kleen _„o
1. „
„
„
5. „
„ gebleekte
7. „ dongrijs gebleeckte
1. „ pallemaropoe
1. „ negros Cleeden
3. „ fijne geschilderde Chitsen
1. „ „ neusdoeken aen beijde zijde geschild:t
2. „ „ witte moeris d' 3. Cob:
„ d' 2 7/8 _„o
8. „ „ „
1. „ sompacken en packhieuws
2. „ madrepakse bethilles d' 3 Cob:
3. „ d. os _„o „ 2¼ _. o
„ „ 1½ Cob:
5. „ onderbroeke gingam geruite nathien
der seventien der hande stolen, d' a.o 1717.
3. „ onderbroeks gingam gestreepte en na
de overige seven stale van 't selve—
jaar 1717.
2. „ Gingam Caffechelas
5. „ d„o onderbroeks ord. r geruijte
Em
1608. packen die transporteren
1. „ _„o
pr. transport"
NL-HaNA_1.04.02_8834_0393.xml,"385
Van Cormandel den 5. ' Septemb: A„o 1721.
Somma ƒ564637. 14. —
1608. packen P„r Transport
3. „ gingam taffachelas met fijne en gem:
blauwe en witte streepen, en
4. „ Combaijen fijne met groote hoovden
en Cleene boorden,
n
Ee
1615 packen als voren belopende te samen. ƒ527649. 12. —
5 packen roggevellen schoon gemaakte. - - - - . . .
382. 11. 8.
2. arduijne Zarksteenen. . . . . . . . . . . . . . . . . . .
123. –. –.
2669. 17. 8.
9200. _„o vloerstenen diverse. . . . . . . . . . . . .
98588. lb. Cleen Caliatourhout. . . . . . . . . . . . . . . . . . 1226. 16. 8.
d'onderlaag voor't patria tot Batavia
ingekregen. . . . . . . . . . . . . . . . . . . . 32590. 16. 8
Nader gespecifiseert bij Cognossement en
factuura, onder ult„o der gesegde maand,
augustij opgemaakt, waar benevens ook ge„
voegt gaen, twee onkostrekeningen van 't
verstreckte aen desen bodem, d'eene van
nagapatnam monterende ƒ1107. 3. en de an„
„dere van dit Comptoir - ƒ2685. —. —.
de papieren monsters vande sompacken,
en pakhieuws voor den Coning van Siam,
vervaardigt; en onder de voorsz: Ladinge
overgaande, werden jegenwoordig ook te rug
gesonden, te samen in een boek genaijt, —
gelijk
hildt.
ldt
d
sport
ra"
NL-HaNA_1.04.02_8834_0394.xml,"Van Cormandel den 5 ' Septemb: 1721
P„r 't schip 't raadhuijs
van Middelburg,
gelijk ontvangen zijn, met de toehorige twee
monster kleeden, en de siamse Cobido-maat,
in een Casje verzorgt, en op het Cognossem„t
bekent gestelt, waar mede uw hoog Edelhedens,
nevens 's Comp. s swaarwigtigen ommeslag
den Almagtigen ter protectie bevelen, —
en met schuldige eerbiede verblijven Hoog
Ed„le gestr: wel Gebiedende Heere en heeren,
uw hoog Edelhedens seer onderdanigen, en
gehoorsame dienaren /was getek.:t/ Corn: de
munt, Ioan„s Smits, Louis Victor, —
Gill„s van Schriek, T: d: Gast, /in margine/
In't Casteel Geldria tot Palliacatta,
den 5 Sept„r A„o 1721, —
Register van zooda„
„nige brieven, en papieren, als,
Een
op heden door den Ed=len Heer
Gerrit Westrenen, gouver„
„neur, en directeur, deser Custe
Cormandel, met den resorte—
van dien, nevens den raat uijt
nagapatnam, P„r 't schip 't Raadh. s
van"
NL-HaNA_1.04.02_8834_0395.xml,"387
Van Cormandel den 6. ' Sept„r A„o 1721, —
2. Copia
van middelburg, werden g'ad„
Een
„dresseert aen den hoog Ed=len
Heere Henric Zwaarde
Croon, gouverneur Generaal
en de Edele Heeren Raden
van nederlants India, tot
Batavia, namentlijk.
N„o 1. Originele missive van en aan als
in den hoovde deses van he„
„digen datum,
briev mede aan als boven den
3. ' meij jongstl: p:r de schepen
Magdalena en haringthuin
dubbelt opgevaardigt, annex 't
register der bijlagen daar nevens
gesonden
Ten
E
3. briev van den Masulipatn=e Causdaar
Codjadje Jbrahim besloten in
een groen sijde sackje met gou„
„dene bloemen, door den madrasp=tse
gouverneur, op 't versoek van hem
fausdaar dit heen gesonden, om
voorts aen sijn hoog Edelh=ts den
heer Gouverneur Generaal —
Henrik
-
."
NL-HaNA_1.04.02_8834_0396.xml,"Van Cormandel den 6 Sept„r A„o 1722
N:o 4. Copia resolutien genomen in raden van
Cormandel tot Nagapatnam, —
van 28. . April tot 23. ' augustij
anno stanti,
5. Copia brieven van maIulip„t naar herw=ts
gesz: zedert den 21. ' Januarij
etc.
tot 5:' meij jongstl.k
6. Copia resolutien genomen in Rade van
politie tot masulipatnam
van den 3. ' febr: tot 18. ' april
de ses jaars,
7. brieven van hier na Masulip„n zedert 31.
maart tot 28. ' julij Laastl:
8. brieven van 't Comptoir Palliacatta
na herwaarts van 23. ' Januarij
tot 13'. junij
9. brieven van hier na Pallicatta sedert
31. ' Maart tot 9. ' aug:sij
10. brieven van Sadraspatnam van 2. ' feb. r
tot 23. ' junij, annex een Copia
brievje van 15 julij aen d„o trans„
„laat versoek schrivt, door de Coopl:
aldaar om verhooging op Com„
Henric Zwaarde Croon, getrans¬
porteert te werden, gelijk nu
geschiet,
„mige"
NL-HaNA_1.04.02_8834_0397.xml,"389
Van Cormandel den 6. ' Septb„r A„o 1721,
16. drie stux
mnige soorten van Linwaten
te mogen erlangen,
N 11 Copia brieven van hier na Sadra sp=ten 4'
sedert 28 maart tot 9. ' aug: —
nevens een Extract, briev—
ged„t p=mo der Laast gem: maand,
12. Copia brieven van Portonovo van den 11. '
febr: tot 19. ' junij, sijnde daar
nog bij gevoegt, een Copia brievj
van 28 _=o
13. Copia brieven van hier na Portonovo-
sedert 12:' Meij tot 9. ' Aug:, —
14: Copia brieven van Tegenepatnam
na harwaarts gesz: van 17. ' feb:
tot 19: junij,
15. Copia Circulaire brieven na de onderho„
„rige Compt=ren t' sedert 15. ' april
tot 8. julij, annex een afgaand
Tegenepatnams brievje ged„t
5.' julij. —
Copia brieven van den Franc„
„quebaarsen Gouverneur na —
herw„ts gesz:, den Eersten-
sonder datum, en de twee an„
„dren van 28. ' en 31. ' maij deses
jaars,
17. drie stux Copia brieven van hier na der„
„waarts ged.:t 26. ' en 29. ' Maij, mitsg.:s
4. ' junij jongstl:,
18. Copia
1
mige"
NL-HaNA_1.04.02_8834_0398.xml,"Van Cormandel den 6. ' Septb„r A„o 1721,
N. o 18. Copia Actens van verbeteringen t' Ge„
dert 15. ' meij tot 23. ' Aug: Laastl:
19. Copia brieven van hier na Colombo,
Jaffanapat„n, en Trinquene„
„male, t sedert den 16. ' april
tot den 25. ' julij jongst gepass„t.
20. twee Copia translaaten, mitsg.:s extract
uijt den mazulip=sen briev van
16. ' maart 1719, Concernerende
de goedren van 't gestrande—
scheepje tussen Colombo, en
sen
Galo, van den Masulip=e
Hausdaar Codjadje Ibrahim,
21. Extract uijt den sadraspatn=en briev,
van 8. ' aug: de ses jaars na har„
„waarts gesz:, waar bij wert
aangetoont, de onmogelijkheijd
om d' Eijssen conform de mon„
„sters te kunnen Leveren, on„
„nex een Copia translaat—
door de Coopl: van daar, —
waar bij insgelijx hun onver„
„mogen betuijgen mits het —
sterk woelen der Competi„
„teuren,
22. ' Copia"
NL-HaNA_1.04.02_8834_0399.xml,"391
Van Cormandel den 6.:' Septemb A„o 1721,
26.
N„o 22. Copia briev van als voren na herwaarts
ged„t 18. ' aug„s, aangaende de verarm„
„de inwoonders aldaer, en den
staat der oostendenaars tot
Covelang,
23, Copia mallabaarse Caul door 't opper„
„hooft Andries Boel aen de
in woonders aldaer verleent, waar
bij den selven haar heeft ontheft
voor dit jaar van 130 pard. s hoovd
gelden,
Copia bevinding der gehersorteerde pack:
29.
van Sadrasp=se, hier aange„
„bragt,
25. Copia bevinding der gehersorteerde packen
van palliacatta hier aangebragt
Copia marrattise briev, door den manaar
goilsen soubedaar aen den E
E: heer gouverneur Westrenen
gesz:, Concernerende de agter
„stallige recognitie Eliphanten
voor den Tansjoursen vorst,
ten welken eijnde eenen bilien„
„doechan als afgesant om die
beesten tot Jaffanapatnam
uijt te soeken benoemd was,
No„ 27"
NL-HaNA_1.04.02_8834_0400.xml,"Van Cormandel den 6. ' Septemb: A„o 1722,
N„o 27, twee Extract resolutien genomen in
rade van Politie tot Iaffenapatn:
van 16. ' en 26 maij Laastl:, wegens
d'aankomst en intrede van voorn:
Beliendoechan aldaar, &„a —
28. Copia memorie der disperate schulden
tot Palliacatta,
29. twee Extracten jaffanap=se factuuren
van ult„o maij a„o 1717, en 12 julij
1721. Concernerende de ongelden
van de aldaar uijtgesogte en herw„ts
overgevoerde recognitie Eliphanten
voor den Tansjaursen vorst,
30„ Copia gerecolleerde verclaringe wegens
't verongelukte vaartuijg met
8 Cassen perciaanse Claret,
Etca,
31. Copia _„o vande hier aangebragte, vogtig,
aangestoke, en bedorve noten,
item vogtig en klamme nagulen
p„r 't schip Voorburg
32. Copia berigt der pakh„s meesters alhier
rakende een pak Guineestemin
p„r 't schip meijnden anno pass=o
versonden, en te veel bij factuur
Batavia aengerekent,
33. Copia sententie der drie hier g'execu„
„teerde"
NL-HaNA_1.04.02_8834_0401.xml,"393
Cormandel den 6:' Septb„r A„o 1721,
Van
No 34. vier stux requesten, als,
teerde Lijv eijgenen van de—
wed„e van Abram Davidsz: tot
Palliacatta,
1 van Gt westrenen Gerrits zoon
1. „ thomas van Outvelt
1. „ Ian Croes, en
1. „ Evert Cornelis wigtman
35. vijv Originele zoldij reecq: van den over„
ledene Constapel tot Pallia„
„catta Hendrik Ianszoon. —
met een register, en Copia tes¬
„tament daar annex,
36. diverse zoldij papieren volgens Register
daar bij gehoorende in een
apart kasje
37. naam rolle der 6.:' gegagieerde persoonen,
38. memorie der aen de wal geligte, en weder
op de scheepen 's Raadh„s van
Middelburg, Blijenburg, —
en Voorburg, geplaatste mansz:
39. drie stx: bevindingen van 't goud, de Coop„
„mansz:, en benodigdheden, p. r
evengem: bodems alhier aan„
„gebragt,
40. Notitie nevens de Annexe g'erecolleerde
verclaring
en
et
me
t
ogtig,
len
rde
8"
NL-HaNA_1.04.02_8834_0402.xml,"Van Cormandel den 6. ' Septb„r A„o 1721
verklaring, en Extract, Pallia„
„catse factuur, rakende de —
nat geworden Masz: packen
in de chialoup De Lier voor —
Palliacatta door den jongste
storm
N„o 91. twintig stux rendementen van de —
vercogte Coopmansz: te deser
Custe, als,
9 van Nagapatnam en de maan„
den april, meij, junij, en Julij
1721,
3 „ masulipatnam, van maart,
april, en meij jongstb:
5 „ Palliacatta. van maart
april, meij, junij, en julij
1721. —
4 „ Sadrasp: van april, meij,
S
junij, en julij, Laastl:,—
4 „ Portonovo van Evengem:
tijd,
42. drie stux nagapatnamse munts be„
„vindingen,
43, Copie register der noorder Cormandelse
negotie papieren in een apart
kisje
44. provisionelen Eijsch van goud, en andere
benodigdheden voor 't aanstaende
jaar 1722. —
No. 45
1"
NL-HaNA_1.04.02_8834_0403.xml,"395
Van Cormandel den 6. ' Septb„r A„o 1721,
N„o 95. factuur en
Cognoissement van 't geladene in desen
bodem 's raadh„s van mid„
„delburg
46. Copie rappott der Expresse gecom„
„mitteerd. s nopens 't volladen
van 't selve schip,
47. oncost reecq: van 't verstrekte aan even„
„gem: bodem,
48. een geslote pacquet van weesmeesteren
deses gouvernements aen
de Eerw: weesmeesteren
tot Batavia, —
99. Een stel nagap=se weesboeken in was-„
„doek benaijd en versegelt,
50. Een apart kasje met Ceijlonse papieren
in Goenij benaijt,
Nagapatnam den 6. ' Septb„r
A„o 1741: / /getekent / W=m Crielaart eerste Chera,
Batavia
Aan den Hoog Edelen
Heer
deser
Julij
ij,
delse
apart"
NL-HaNA_1.04.02_8834_0404.xml,"Van Cormandel den 6. ' Septb„r 1721,
„te schrijvens is
geweest,
arrivement der
schepen 't raadhs
en voorburg, met haar
„'t schip 't Raad
huijs van Middelb
ontf: op den 9. ' november
L
Met de fluijt schepen de Magdalena
en Haringthuin, is ons Laast onderdanig
wanneer ons haas, schrijvens van 63. ' meij tot uE hoog Ed=ns over„
„gesonden, al hoe wel die bodems den 12. ' daar
aen, hier nog in't sig gelegen hebben, mits
de geduurige Contrarie winden, en niet eer
dan den 13. ' d„o des morgens voor den dag—
met een travaat uijt den N:W:, van dese
kust geraakt zijn, egter leven wij in hope
dat se nu reets behouden voor batavia sullen
g'arriveert wesen, Evenwel verzelt desen
een copie van voormelten briev, t' sedert of op
van middelb, blijenting en 17. ' julij des avonds, zijn van daar god dank
hoog Ed. s schrijvens hier ter rheede verschenen, de drie schepen
't raadhuijs van middelburg, blijenburg, en
Hoog Edele agtb:
gebiedende Heer, en
Heeren
Heer, Henric Zwaarde„
„Croon, gouverneur generaal,
ende Ed„le Heeren Raden v:
nederlants India,
voor
1721,"
NL-HaNA_1.04.02_8834_0405.xml,"397
Cormandel den 6. ' Septem: A„o 1721,
Van
bodems ten eersten
die van de Zuijdmoe„
„ten vertrecken,
onmogelijk op den
bestemden tijd, —
„sen,
reden waarom
voorburg, en dan 18. ' d„o tegens de middag hier
aen de wal de overheden van dien, met uE
hoog Ed=ns g'eerde Letteren, van 313 meij bevo„
„rens, soo origineel als duplicaat, benevens
hare bijlagen volgens de registers, dewijl door zijnde met 't lossen„
de sterk aenstottende branding niet eer haddewerk begonnen,
cunnen aen Land comen, sonder de minste tijd
versuijm, isser ten eersten werk begonnen,
met het Lossen en Raden van voorsz: bodems,
ten eijnde deselve soo spoedig immers doenlijk,
na volgens uE hoog Ed=ns gerespecteert bevel,
weder te cunnen depecheren, alhoewel 't nu on„
„mogelijk is geweest, den tijd van 15. ' aug: voor de sullen de twee
twee die van de zuijd moesten vertrecken,
te observeren, vermits dese rivier tegenwoor„
„dig seer ondiep, en van weijnig water voor sien kunnen haar we„
de Chialengen maar halve vragt hebben cunnen
voeren, en datter ook behalven de scheeps tim„
„merlieden aan boord bescheijden, niet meer dan
13. ' inlandse Calfaters bij een te crijgen zijn ge„
„weest tot 't digt maken der decken, om be„
„hoorlijk in staat te zijn cleede packen in te-
nemen, zulx 't een en ander niet weijnig belet„
„sel in't werk heeft toegebragt, des niet tegen
staande isser zoo veel haast mee gemaakt, als
eeniger
gtb:
lena
ver„
daar"
NL-HaNA_1.04.02_8834_0406.xml,"Cormandel den 6. ' Sept=r A„o 1721,
Van
't vertrek van blijen„
de Zuijder Compt:rn
„vens sijn lading
van hier,
na Masulipatn:
recommandatie
om aan 't selve—
een spoedige de„
eeniger maten heeft kunnen geschieden, om aan
welgem: ordre zoo na mogelijk te voldoen, volgens
„burg op tot deser, over ons besluijt van 23:' julij sijnde blijenburg den
tot palliacatta no„ 10. ' augustij voortgesonden na Portonovo,
na dat hier daar in waaren afgescheept,
900. packen diverse Cleeden
98588. lb Cleijn Caliatour hout
2200. p„s arduijne vloersteenen, en
1. kas met medicamenten voor Pallicatta, ten
eijnde op al de zuijder Comptoiren zijn volle
lading te vinden, en daar mede zoo spoedig
eenigsints doenlijk na Batavia te vertrecken,
soo als de opperhoopden in't bij sonder dat
item van voorburg ook ernstig ter uijtvoeringe is aanbevolen, —
op 15. daar aan, metvoorburg heeft den 15. daar aen zijn depeche —
aen die bediendens ter langt na Masulipatnam, met 2000 Con„
„tante pagoden tot den handel, voorts soodanige
„peche te verleenen, Coopmansz: en benodigheden, als tot batavia, —
voor dien oord daar in Geladen, en hier nog bij„
„gevoegt sijn, met ordre na ontlossing van de„
7
„selve, op evengem: plaats in tenemen, soo —
veel kleede packen, als noodig g'oordeelt sullen
werden te vereijssen, om met die tot bimi„
„lipatnam gereedleggen, een volle vragt —
te hebben, en 't een en ander sonder tijd ver„
„suijm te moeten verrigten, op dat dien bodem
nog"
NL-HaNA_1.04.02_8834_0407.xml,"399
Van Cormandel den 6. ' Septemb„r 1724
soo mede die van 't
„burg van hier op
nu in antw:t op haar
hoog Ed=ns missive,
waar mede niet
voorjaar sullen connen
toecomen,
versoek om met de
contanten ovder
te werden,
den cleeden handel,
„ter succes, als 't voor„
nog op den gepraefigeerden dag, althans niet La„
„ter dan den 8. ' Octob: na Batavia kan reijsraath. van middel„
vorderen, 't raadhuijs van middelburg ver„hedigen datum,
„trekt heden uijt dese rheede ook derwaarts, —
met soodanige Cargesoen als op 't eijnde sal
gespecificeert werden, en hier na ook vertoont,
op wat wijse een ijder zijn aangebragte heevt
uijtgelevert, en verantwoort, terwijl nu voort
gaan om met alle eerbied in antwoord te die„
„nen op uE: hoog Ed=ns geëstimeerde missiv ebprekende van de
soo Evengenoemt, met de Contanten p„r de gesonde Contanten,
Magdalena, en Haringthuin, de 8900. stux
slegte Coubangs van Cheijlon, en 't nu over„
„gezonde gout, en dito specien, waar voor uE
hoog Ed=ns nedrig dank seggen, zullen wa niet langer dan tot 't
langer kunnen toereijken, dan tot in 't aanstaan„
„de voorjaar, waarom ook van derselver goed„
„heijt verhopen, en insgelijx eerbiedig versoe„
„ken, dat tegens dien tijd over Malacca mo„t erdre benodigde
„gen geholpen werden, met de verdere benodig „ malacca geholpen
„de Contanten, volgens nevens gaande provisio„
„nelen Eijsch, tot voort setting van den ELeeden tot voortsetting van
handel, te deser Custe, dewelke van herten met wens van een be„
wensen dat desen jaare met beter succes sal„ lede jaar,
gedreven werden, als 't voorleden, waer toe
de
en"
NL-HaNA_1.04.02_8834_0408.xml,"Cormandel den 6e. Septem„r 1721.
Van
„probatie op dat
sig radelijk wel
opdoen,
maar tot portonov
en voornamentlijk
wel als gehoopt hadden,
sijnde hunne geduu¬
over 't sterk woe„
„teuren,
versoek den coopl:
compt:r om verhoging
met betuijging om
sonder deselve den
„ken
waar toe de opde apparentien op dit hoort Comp„te sig radelijk
hoort Comptoir wel opdoen, wijb de Coopluijden vaste toeseg„
„ging hebben gedaen, om tegens d'ordinaire tijt,
of in October aenstaende de haars opgedragen
1235 packen diverse Limwaten, in onsen jong sten
gespecificeert, compleet te sullen leveren,
maar met leedwesen moeten wij betuijgen, dat 't
sadrasp: niet soo tot portonovo, en voornamentlijk tot Padras
patnam soo wel niet voortgaat als wel gehoort,
en ook verwagt hebben, de geduurende klagten
van daar sijn over 't sterk woelen der En„
„rende Clagten „ gelsen, francen, en de nieuwe Comp=e van —
„len der Compati„ de laaste, soo als dat reets bij on Een Evengem:
van 33. ' meij omstandig hebben aangetoont,
deselve zijn 't sedert nog al blijven continu„
op die beijde „eren, ja in zoo verre, dat de Coopluijden
op de grove Elede van die beijde Compt=ren Eijndelijk verhooging op
de grove sottementen hebben gepretendeert,
insaam te sta„ en daar nevens verclaart anders den handel voor
een tijd te moeten staaken, om dat ser verlies
bij leeden, wijl den wever gaen goede sorte„
„ringe wilden weven, sonder vermeerdering in
zoon, zulx op die aanhoudende klagten ter
laasten genootsaakt zijn geworden, om geen
Stremn"
NL-HaNA_1.04.02_8834_0409.xml,"401
Cormandel den 6e. Sept: 1721,
van
gem: verhoging onder
Conditie toegelegt,
stremming in den insaem te veroorsaken, bij haar om voorsz:
resolutien van 13. ' en 28. ' junij haar een verhoo„ redenen, de nevens
„ging toeteleggen van
1. pag: op ijder pak guinees, en
2. d=os „ „ _„o sa timpoeris, baftas, en parcallen
onder konditie datse d'Eijschen ter behoorlijker
tijd, en conform de monsters compleet moeten vol„
„doen, of dat anders dese vermeerderde prijsen, haar
sullen afgekort werden, op de dan nog ontbrekende
quantiteijt, en gem: verhooging; niet eer zoude.
ingaan dan na den ontfang van onse brieven,
daar 't selve versoek hadden wij volgens besluijt
van 28. ' meij bevorens, aen die van Portonovo
eerst opgeslagen, om dat toen van gedagten wa„
„ren sij 't voor de oude prijsen nog wel doen souden;
maar alsoo sij als voorsegt, onder die ernstige
termen daar op bleven staan, en die van Sadras
„patnam nog daer en boven inbragter de engelse
tot madras, en Tegenepatnam een Considera„
„ble quantiteijt van 7000 packen, ende francen
tot Pondecherij voor haar selver een s„r van
p=a 100000, en voor particuliere p=/a 40000. aen
diverse cleeden aenbesteed, en de handelaars be„
„halven dien ook toegestaan hadden, verhoging in
prijsen, en Ligter soorten van doeken, te mogen
leveren
:
en"
NL-HaNA_1.04.02_8834_0410.xml,"Sept=r. A„o. 1721,
Van Cormandel den 6'
resterende twee
„we kleden tegens
prijsen te leveren
„mindering in deselve
tussen dit en 't voor„
„lede jaar, en
leveren, om die groote parthijen des te beter
voldaan te crijgen, zijn wij Eijndelijk gedrongen
geworden, daar toe tetreden, en volgens resolutie
van ultimo jnlij de Coopl: op die beijde Cantoren
jaccord„t de nog insgelijx toetestaan, de nog resterende twee—
derde parten blonderde parten blauwe Linwaten op de petitien
x
de nevens gaande van dit Lopende jaar te leveren,
tot Portonovo tegens
13. –. p=/a 't pak guinees en bethilles voor verw zoon
19. ½. „ _„o salempoeris, en parcallen, item
20. ½. „ _„o baftas
tot Sadraspatnam tegens
13 1/8. p=r 't pak Guinees voor verwloon
19. —. D. o salempoeris, en parcallen, en
20.½ _„o baftas.
naardien hij verclaarden dit de minste prijsen
verschil der ver„ te zijn, waar voor sij die zoorten konden ze„
veren sulx nu
tot Sadraspatnam
ider pak Guinees - - - - - - - - . . . . . . . p a/o 1. 9.
_. o salempoeris en parcallen. . . . . . . „ 2. 12.
_„o baftas. . . . . . . . . . . . . . . . . „ 2. –.
en tot Portonovo. op
elk pak guinees en bethille - - - - - - - - „ 1. 12.
D„o salempoeris en parcallen. . . . . . . „ 2. —.
„ _„o baftas. . . . . . . - - - - - - - - - - - - - - - „ 2. —.
minder
„"
NL-HaNA_1.04.02_8834_0411.xml,"403
Van Cormandel den 6 ' Sept=br A„o 1721
waarom er doen
Cleeden sijn ingesa„
zijn tot de geschilder¬
„de kleden 9600 rui„
nas wortelen gesonden,
selve tegens 110 p=/a on
Comp. s handelaars
aftestaan, mits
minder voor verw zoon wert betaalt, dan t' sedert
julij 1720. daar voor is moeten betaalt werden, vol„
„gens resolutie van den 19:' van die selve maand, met
Expres beding dat se na vereijsch gevorwt, en de
loonen weder op den ouden voet gebragt moeten
werden, soo ras maar eenigsints bij te brengen
sal wesen, wijl 't d' Ecomp=e vrij hart drukt, —
verhoging op de Limwaten en de verw zoonen te
gelijk te moeten dragen, maar dat den voorleden
jare soo weijnig blauwe doeken sijn ingesamelt, — soo weijnig blauwe
is alleen ontstaen door dien wij, mits de duurte „melt
van den Jndigo, niet meer dan een derde vande
geëijste hebben durven aenbesteden, uijt vreese
van uE hoog Ed=ns geen genoegen te sullen
toebrengen, met het betalen van zulke excee„
„sive zoonen dewelke die cleeden soo Extra or„
„dinair beswaarden, tot de geschilderde zoorten
sijn den 14. ' julij na pottonovo gesonden 9600 ld, na portonovo=
ruinas wortel, uijt de partij van 22650. lb , den
9. ' bevorens uijt Persia over Tutucorijn hier
aangebragt, p„r inlands vaartuijg en bij raads be„
„sluijt van 31. ' d„o is goedgesonden, debhaar van die met andre, om de
vern wortel aen 's Comp. s handelaars aldaar aftestaan suijvert aen 's
tegens p=ao 110. zoo ongesuijvert alsse is, mits dat de
opperhoovden niet meer aen haar teffens mogen te doen, als tot
verstrecken dan zij Effectijve benodigen, tot enodigen sullen,
's Comp. s schilderwerk
geen meer verstrecking
's Comp=s
ren
tien
zoon
Le„
minder
6"
NL-HaNA_1.04.02_8834_0412.xml,"Van Cormandel den 6 ' Septemb: 1721
hadden er 125 p=r
voor geboden
dog om de presente
„diger g'oordeelt,
niet jegenstaande.
„commandatie tot
„te de Comptoiren
nidt sekers van
gesegt werden,
scomp. s schilderwerk, en zij ook gehouden, volgens
haar eijge aanbieding, de gevorderde Cleeden van
dat soort, voor dit nog Lopende jaar, behoorlijk
en wel geschildert te leveren, tegens 't uijtgaan
vande maand februarij aanstaande, 't welk zij
hebben aengenomen te volbrengen, eenige buijten
de buijten coopl: Coopl: hadden voorgemelte mandustij geboden
pa/ 125. de bhaar ongezuijvert, maar men oordeelde
dat se wel meer waardig sal wesen, om sijn pre„
schaarsheijt waar „ eerte schaarsheijt te deser Custe, niet tegen
staande onse geduurige recommandatie zoo na
voorn: twee, als al de andre Comptoiren, alleen
daar toe strecken, om de bediendens met veel
ernst aentemanen, tot een volkome leverantie
de gedtturigde re in deugsaam goed, zoo zijn wij egter voor tegen„
een ormpletv„woordig niet vermogens met eenige sekerheijt
leverantie aenete seggen, hoe na de Eijsschen sullen voldoen
werden, dewijl die van Portonovo, bij een
soo kan er egter lettertie van 28. ' junij reeds swarigheijt hebben
gemaakt, om de hun opgedrage compleet te
besorgen, en die van Sadraspatnam bij een
brievje van 15. ' julij opgegeven, dat se tegens
reden waarom, de komst van 't schip daar niet meer dan 370 a
380 packen gereed in dan band kunnen crijgen,
om"
NL-HaNA_1.04.02_8834_0413.xml,"405
Van Cormandel den 6.: Sept„r A„o 1721,
dese kant aenge„
„lijk is;
als blijkt aen't
Compt„r sadrasp=m
dog sonder succe. s
van daar, van tijt,
„ren,
om datter bij 't sorteren vande aengebragte lin„
„waten, bij na een derde uijtschot wiert bevonden,
egter willen wij voor d' Ecomp=n het beste hopen,
terwijl er van dese kant alles gedaen is, wat egter alles ean
tot bevordering van dat voorname point heeft „ wert wat moge„
kunnen gedaan werden, de prijsen op de grove
sortementen sijn als voorsz: verhoogt, de
blauwe Cleeden nog vrij duur, en ten aensien
van Sadraspatnam de inwoonders van soo
veel ordinaire Lasten ontheft, bij provisien,
als men eenigsints heeft durven inwilligen
op hare Continuele Clagten, en wegens 't —
verkiesen der monsters voor Sadra sp„t kun„
„nen wij uE hoog Ed=ns versekeren dat hier
is gehandelt na tijds gelegentheijt, en soo
als 't met den waren dien st van d'Ecomp=e
't best over een quam, van herten te wenschen
zijnde datter tegenwoordig nog maar sulke
goede doeken, die aen deselve staalen be„
„antwoorden, in een redelijke quantiteijt van alsoo de cleeden
daar konden gelevert werden, dewijl ter tot tijd, verslimme„
Contrarie weder van tijd tot tijd verslimmeren,
in stade van verbeteren, zoo als 't nevens„
„gaande
-
1"
NL-HaNA_1.04.02_8834_0414.xml,"Van Cormandel den 6:' Septemb„r A„o 172,
den nieuwen over„
gecomen eijs voor
1722. Cal ter behoor„
„lijker tijt aenbe„
mogelijk voldaan
werden,
gaande Copie raport den laast hier geopende
packen 't selve duijdelijk zal aenthonen,
sonder datter volgens d' advijsen van die
opperhoovden voor eerst eenige beterschap
in te verwagten is, om redenen hier voor„
„maals gemelt, sulx men dus doende ge„
„nootsaakt sal werden daer ontrent wat te
geven en te nemen tot beter Gelegentheijt,
wil men den handel op dat Comptoir niet
geheel stremmen, egter sullen er geen mid
„delen versuijmt werden, om de verbetering
zoo veel mogelijk te bevorderen/ en ook
in agt genomen de remarques door den
wel Edelen Heer directuur Generaal
Frans Casteleijn, bij de nu overgecome
Jndischen Eijsch, voor den jare 1722, uijtgedrukt,
„steed, en soo na item benevens de verdre sorteringen ter
behoorlijker tijd aenbesteed, de daer bij ge„
„vorderde 400 packen bruijn blauw guinees,
mitsgaders d' een en andre soo na voldaan,
als eenigsints bij te brengen sal wesen,
van Palliacatta zijn ons ook verscheijde
clagten te voren gecomen, soo wegens den
tragen
„"
NL-HaNA_1.04.02_8834_0415.xml,"407
Van Cormandel den 6:' Septb„r 1721
den insaam tot pa„
„liacatta als mede
linwaten verslim„
als blijkt uijt de
smalle bethillesen,
die met de monsters
niet over een comen
de te rug zijn ge„
tragen insaam, als verslimmering inde Linwaten,
sulx den 28. ' april hier in raden hebben besigtigt
3 stx smalle madrepakse bethilles, ten dien
ƒ
eijnde ons van daer toegesonden, om dat de coopl: vertraagt, en de
verclaart hadden geen beter soort als die te „mert
cunnen Leveren, voorts deselve geconfronteert
tegens de hier berustende monsters van die
eijge hoedanigheijt, en bevonden de eerste
ongelijker van draat, grover van geweer, en
met seer veel schiften, en galen beset, wij 3 stux overgesonde
resolveerden daarom die stucken te rug
te schicken, met aanschrijvens aen 's Comp„s „ zonden, d
bediendens, dat se gem: handelaars moesten
persuaderen de Leverantie van dat geweer,
conform de monsters te doen, of dat anders
genoodsaakt soude werden ontrent haar een
andre schicking te maken, die gants niet voor
soude wesen, alsoo haare gedane pro„
„deelig
„testatien meer voor een puure onwillig als on„
„mogelijkheijt moesten aanmerken, gelijk ge„
„schiet is, maar zij antwoorden hier op bij een
brievje van 26. ' meij, datse bij haar vorig seggen
bleven persisteren, en dierhalven noodeloos
daar over meer te schrijven, des wij genood„
„saakt
tragen.
-"
NL-HaNA_1.04.02_8834_0416.xml,"Van Cormandel den 6 . Septem„r 1722
dog op 't nader
„selve voor ditmaal
g'accepteert,
„tie ontrent de
inde voldoening
„deelde
wegens den in
cormandel is reets
stux wijs bedeelt
vertoog door die saakt een weijnig door de vingeren te zien,
bediendens, sijn de„wijl onse mede dingers die soorten voorna„
„mentlijk begeeren, en bij gevolge daerin ver„
„slegting en duur te veroorsaacken, Craform
raads besluijt van 23. ' junij deselve voor dit
maal hebben aangenomen, maar de opperhoovden
met eenen gerecommandeert, sij voor al maeten
met recommanda wwaken tegen een groter verval in dat soort
verbetering & van doeken, en ook verbeteren de Coleuren
der Combaijen, waar van eenige stucken bij 't
hersien vrij bleek bevonden waren, soo als
uijt 't annexe rapport sal consteeren, datse
ook moesten betragten een Complete Leveran„
„tie vande derwaarts aanbestede Cleeden,
wijl sij bij letteren van 21 Maart daar toe
maken swarigheijt hope gegeven, maar bij evengem: van 26 maij
van 't haar toege, weder swarigheijd gemaakt hadden, en daar
toe weijnig apparentie sagen,
wegens den insaam op noorder Cormandel hebben
saam op noorder wij bij meerm: briev van 3. ' meij uE: hoog Ed=ns
een corte schats gegeven, van't gene ons —
dien aangaende toen bekent was, nu sullen
wij tot vervolg van deselve in Eerbied melden,
dat bij raads besluijt van 23 junij de van daar
over"
NL-HaNA_1.04.02_8834_0417.xml,"409
Cormandel den 6. Septem: 1721.
Van
gesondene contrac„
goed geceurt,
en aan die van
„reert de vervogte
die van daatcheram,
soo mede aen die
van daatcherom
gg'accordeert, om de
uwee verstote coopl:
daar weder bij pro„
„visie aen tenemen
overgesonde kleeden contracten, uE hoog Ed=ns na dato sijn de over
reeds in Copia bedeelt, hebben g'approbeert, en ten van daar, hier
ook aen die van Mazulipatn: voor ditmaal
overgelaten, om aen de Daat Cheromse coopluij,„ ma sulijp: gedefe„
„den de versogte prijsen van 't jaar 1718. op 't ge„vermeerdering door
„meen guinees, dito salempoeris, en dongrijs de 18. e
Cob. s , mits de duurte in't cattoen, en sterk woe„
„len van den fransman mon S„r Creton in die Contraijen
te mogen toeleggen, soo 't noodsakelijk is, en
anders niet, met ordre, ons in't aanstaande bij
sulke en diergelijke gevallen te moeten dienen
van hunne consideratien op dat hier in staat kun„
„nen wesen met gerustheijd de nodige besluijten
daer op te nemen, en op 't aanhoudende versoek
der daatcheromse opperhoovden raadsaam ge„
„oordeelt, zij de twee verstoote handelaars—
sicka wenka, en Condoerappaij bij pro„en waarom,
„visie weder mogen aannemen, om gem: mons. r
Creton, met wien zij reets g'engageert waren,
van haar t' ontsetten, dog niet om in geselst:
der tegenwoordige, maar wel met haar beijde
apart insaam van Clarden voor d' Ecomp=en te doen,
ten eijnde alle twisten en oneenigheden
onder haar voorte Comen, dewijl 't ons toe„
„schijnt de presente niet genegen zijn, met haar
t' samen
er
ƒ"
NL-HaNA_1.04.02_8834_0418.xml,"Van Cormandel den 6. ' Septemb„r 1721,
scheijding tot voort
„den handel aldaar
van et aug: verleden
is bedeelt,
die van Masz: g'
dog haar resolu„
gem: rivier,
gevende voor reden
waarom
te samen te negotieren, bij raad 's besluijt van
voorts is de limit4. ' julij 1720. is tot bevordering van den handel op
-10
setting van den che„even gem„te comptoir, en voor te comen de Gedu„
geschikt, als haar„ rige vexatien vanden Land pagter Pramia soe
hoog Ed=ns bij die de limit, scheijding voor de Coopl: daer, en
die van Palicol gereguleert, soodanig als dat
bij onsen nedrigen van 21 augustij daer aan, —
uE hoog Ed„ns hebben g'communiceert, na dato is
ons uijt een Masulipatn:=se briev van 5. ' meij
deses jaars gebleken dat die opperhoopden, aen
dog na dato doorde palicolse op een ampel vertoog tegens
accord:t, op 't vertoog ons voornoemt besluijt, hebben gelicentieerd de
:.
der palicolse be„
negotie weder tot en langs heen besuijden de
„diend. als voor de
8
afgegeve ordre van Cablespoeramse rivier te mogen drijven,
1703 besuijden de
Cablespoeram se in diervoegen als gedaan hebben voor d' afgegeve
rivier negotie te ordre van den jare 1703, (de resolutien van den
mogen drijven,
— 18 april over dat subject tot Masulipattiam
„tie melt benoerden genoemen ons, in Copie beddelt en bij voorm: briev
1
.
daer toe aangetrocken, segt benoorden evengem:
rivier:) om dat de reden door die van palicol
gegeven, hun, soo zij seggen, voldoende, en bel„
„lijk waren te voorgecomen, ook om den francen
1
directeur mons:r Creton, die zig in een opge„
„rigte Loots een grote mijl van Palicol, —
heeft neergeslagen, ten eijnde zijn handel des
te"
NL-HaNA_1.04.02_8834_0419.xml,"911
Van Cormandel den 6.' Septb„r 1721
4 contra ingebragte
cherom, en wat daar
voort vloeijen,
't besluijt van hier,
om 't bij provisie
wel eens in te sier,
sonder de ordre eg„
„ter in't geheel
dog om de geduurige
tussen die van
daatc herom,
woort te setten, soo veel afbreuk toe
te beter
te brengen als 't mogelijk sou wesen, dog waar door die van daat
tegen die van daatcherom haar beclag gedaan uijt soude moeten
en ingebragt hebben dat de nieuwe Palicolse
Coopl: in haar limiten konnen insaam doen, meer
uijt uijd als een op regten ijver, en om de prijser
der doeken op te jagen, waer door den handel ge„
„stremt, en den wever maar aenleijding gegeven
werd, buijten spoorige zoonen te vorderen,
overzulx derwaarts hebben aangesz: wij wel eens
wilden insien, van wat gevolg dese weder in trec„ te altereren,
„king soude werden, en daarom ons principaal ont„
„woord dien aangaande voor als nog bleven op
schorten, ingedagten 't breed opgeven, ende verdre
d
ondernemingen van voorn: fransman, wel hooft
tot niet zullen Loopen, maar bij een naderen
briev van daar onder ult„o junij, ontmoet hebbende,
de geduurige ontstane querellen tusschen de oneenigheden, —
reu
bediendens en handelaars van de beijde Compt=r palicol en
Paliacol en daatcherom, over voorsz: rimit
scheijding, hebben wij bij resolutien van 24.' Julij
op hun versoek, en om al die twisten uijt
den weg te ruijmen, ook geen meer veragtering
inden cleeden insaam te veroorsaken, g'arres„
teert haar te bevelen, dat se sonder afwijking moes„
„ten
ve"
NL-HaNA_1.04.02_8834_0420.xml,"Van Cormandel den 6 . Septb„r 1721,
d'limit scheijding
te blijven bij onse
Julij 1720. op peene
pagoden,
„hoovt verrijn aengesz:
„sjema naraijna in
nemen, En bij
„ste occasie dit
g'ordonneert wegenten blijven bij ons besluijt van 4. ' julij A„o 1720
't geen uijt kragte van dien haaer aengesz:
en
resolutie van 9. ' hebben bij letteren van 13:' daer aenvolgende, —
van een hondert gelijk tot te meerder verklaring van onse
intentie op dat stuk haar met eenen toeson„
„den een Extract uijt evengem: resolutie, met
ordre daar nevens, sij ten spoedigste een au„
„thentijk afschrivt daer van moesten afschricken
aende opperhoovden in Palicol, en Daatcherom,
tot hun lieden narigt, onder recommandatie sij
hare Coopl: aen weerkanten deselve ook prompt
moesten doen agtervolgen, en nacomen, op peene
van een hondert pagoden, soo als wij haar ook
gequalificeert hebben, den eersten die deselve
te buijten gaat, t' condemneren in een boete
van een hondert pagoden, ten behoeven vande
diaconij Armen, alhier, en d' onwillige tot de
volle betaling van dien te Constringeren, —
met de gewone geregtelijke dwangmiddelen,
in vertrouwen die geduerige twisten en on
soo mede 't opper eenigheden hier door wel sullen ophouden,
om den coopm: het gelijk toen met eenen het opperhoovd verrijn
versekering te bij een appart lettertje hebben aan bevolen, —
den Coopman Letsjemanareijna die onder
heen te senden pretext van na de dorpen Oepare, Samerla„
„ kotta"
NL-HaNA_1.04.02_8834_0421.xml,"413
Cormandel den 6. ' Septb„r A„o 1721. —
Van
reden waarom
kotta, en thunij te gaen, ten eijnde daar rin„
„wate voor d' Ecomp„en op te coopen, sig onderwonden
had 85 dagen absent te blijven, en tot boven bimili„
patnam te begeven, na een plaats genaamt
strie Coerman, ook in al dien tijd zoo door
hem, als sijn gemagtigdens niet meer te besorgen,
dan ontrent 60 a 65 booijs dragten met kleeden
van daatcherom naar Mazulipatnam te
ontbieden, en doen opcomen, en dan daar soo lan„
„ge binnen de logie versekert te houden, tot dat
hem bij eerste zeese occasie kan herwaarts
op sonden, benevens een net en waar berigt van sijn
bedrijx, hoe veel dagen in't geheel wel absent,
en waar heen geweest is, wat al voor den dienst
van d' Ecomp=e verrigt, of hoe veel doeken, en
wat soorten, in al dien tijd ingesamelt heeft,
soo mede wat tot zijn verschoning comt in te
brengen, op dat hem hier na verdiensten kun„
„nen corrigeren, dog alles soo stil, en met soo=
weijnig beweging te maken, als 't immers mo„
„gelijk zal sijn, om dat die van Daatcherom
over den selven seer ernstig geclaagt, en
maintenuen tegens dien lang bekenden weder
spanneling (zoo wert hij inde Masulip=se briev
van ult. o junij besz:) versogt hebben, voorts goed
gekeurt
otta"
NL-HaNA_1.04.02_8834_0422.xml,"Cormandel onder dato 6 Sept=r A„o 1721,
Van
voorts aen die
van bimilip=ten g'ac„
„cord„t de prijsen
van 1719. en.
dog hun versoek
om de gebl=te kle„
„ren van de hant
gewesen
gekeurt dat se aen die van bimilipatnam de
prijsen van 't jaar 1719. hebben g'accordeert, —
om reden de handelaars verclaart hadden an„
„ders buijten staat te zijn, eenige toesegging
te doen, ofte begrooten, hoe veel cleeden zij
voor dit zoopent jaar 1721 soude cunnen Leve„
„ren, mits de duurte in 't cattoen en gaaren,
daar se nu, die prijsen haar toegelegt, sijnde
beloovt hebben, 1000 p. s ruw gem: Guinees bo„
„ven haar quota te besorgen, wijl die van daat„
„cherom en Palicol in 't geheel maar 1157 pac„
„ken hebben aangenomen, dog eande hant gewesen
't versoek der bimilipatnamsen bediendens
om de hun opgedragen gebleekte Limaten
„den huw te leven„ uw te mogen leveren, in dien ses die niet
gebleekt conden crijgen, dewijl 't eenigsints
bedankelijk voorkomt, dat versoek nu al eeni„
„ge jaaren na den andren van daar is voorge„
„slagen, en zulx wel in een gewoonte souden
veranderen, 't was gefundeert op 't verminderen
van hunne wassers door 't overlijden van 5
uijt den hoop, maar wij oordeelden met die van
Mazulipatnam, datse nu wel soo veel, ja
meer andre inde plaats souden cunnen krij„
„gen, aangemoedigt door de hun toegelegde ver„
„meerdering"
NL-HaNA_1.04.02_8834_0423.xml,"915
Van Cormandel den 6. '
Septb„r A„o 1721.
tuatie aende masz:
opperhoovden, om
silvre r=a te betalen
dat versoek door die
etc
1„ boden 1500 pagosen
aen Copere paijsas,
g'accepteert, en hier
den redelijken in
soo in't tansjoerse
dese hooftplaats
maerdering op de wasch en bleek zoonen, de haar nadre instan
daer na is door haar aen die van Mazulip=t
voorgeslagen, het tot bevordering van den Cleeden hunne coopl: met
handel een gewenste saak soude wesen / in dien
hunne Coopl: in steden van met pagoden, met
silvere ropijen mogte betaalt werden, dog de
Masulipatnam se opperhoovden, hebben dese van masz: gedeclin:t,
voorslag, om de quade gevolgen van de hand ge„
„wesen, Egter haar aangeboden een quantiteijt
van 1300 p=a aen koper voor haar tot Masulip=n, en haar aange„
te doen vermunten tot paij sas, om bij naast
gelegentheijt hun die toe te schicken, tegens
229. ½. stux voor een pagood, 't welk zijn :'t welk door deselve
g'accepteert, en wij ook goed gekeurt hebben ot gekeurt is,
bij raads besluijt van 24. ' julij meermeld. —
uijt welk voorenstaende uE hoog Ed=ns ten deele
sal consteeren, dat den insaam van Cleeden insaam van Cleeder
dit Tansjoerse vorstendom, en 'scomp.: s hooft verstendom, als —
d
plaats Nagapatnam god dank, nog redelijker
ƒ
wijse voort gaat, van herten te wensen sijnde
voor 't ware belangen van d' Ecomp=e dat sig in
tussen geen andre inconvenienten mogen op doen,
die dit voorname werk meer veragteren, en
belemmeren, op dat wij eens in staat mogen ge„
„raken de Ed: Gr: agtb: heeren maijores in't sader„
eerdering
„lant
en
med"
NL-HaNA_1.04.02_8834_0424.xml,"Van Cormandel den 6:' Septb„r A„o 1721,
soo mede tot porto„
„novo, dog twijffelen
te Toldoening, —
begint 't te ver
ergeren,
betere linwaten
„lant, en uw E hoog Ed=ns daar ontrent, 't vereijste
genoegen te kunnen toebrengen, datse tot Porto„
„novo ook eeniger maten wel slaagd, en de van
daar erlangde Linwaten doorgaans tamelijk be„
egter aen de comple antwoorden, aen de monsters, soo als dat hier bij
hersiening is gebleken, alhoewel die bediendens
als voor segt, schijnen te twijffelen aen een Com
maar tot sadras plete leverantie, maar dat tot sadraspatnam
de saken weder beginnen te verergeren, dewijl
van daar bij eenige brieven geclaagt wert, —
datse niet in staat zijn tegen woordig sulke
doeken te leveren, die selvs aen de presente
ligte monsters kunnen voldoen, schoon de —
voorwaarts gem: verhooging soo als dat onder
anderen consteert, bij haar schrijvens van 23. '
junij, en daar nevens gevoegt getranslateert
8c
versoek schrivt van hare coopl:, maar wel
voornamentlijk bij een naderen van 8 augustij
ƒ
en diergelijke opstel van evengem: handelaars,
alsoo die bedien, waar bij wel uijtdruckelijk poseeren, en op —
„dens betuijgen, geeroede gronden vermeenen aangetoont te hebben,
te cunnen levenen, datter tegenwoordig soodanige Cleeden als die
ligte staalen, onmogelijk in geen quantiteijt
kunnen ingesamelt werden, nog door haar,
nog eenig dienaar van d' Ecomp=e, wie het ook
mag wesen, omstandig te sien bij een avschrift
van"
NL-HaNA_1.04.02_8834_0425.xml,"417
Cormandel den 6. ' Septb„r A„o 1741. —
van
dog den gouvern:r
verwondert sig, in soo
dat daar als opperh„t
heevt gelegen, de sa„
zijn, datter geen re„
„gen wesen,
vertoog wegens den
insaam in sijn bestier
van d' eerst, en een extract uijt Laastgem: briev,
item Copie vande translaten der Coopl:, alle desen
versellende, soo dat de Comp„en, na volgens dese
stelling der sadraspatnamse bediendens, sig
voortaen weder sal moeten getroosten met
slegte, in Stede van verbeterde doeken, navol„
gens de ernstige recommandatien van d' Ed=le
groot agtb: heeren majores, en uE hoog Ed=ns, van
daar te ontfangen, alhoewel den gouverneur ater tussen tijd,
voor uE hoog Ed=ns moet betuijgen, dat sig niet
genoeg verwonderen, en alsoo weijnig begrijpenken soo verandert
kan, hoe de saken op een plaats soo t' eendmaat rdes in sou te bren„
kunnen veranderen, ten quade, en dat in een
korten tussen tijd van pas 10 jaaren, dat hij van
daar is vertrocken als opperhoovd, sonder dat
daer in eenig redres sou te brengen wezen,
want hij sal nu niet ophalen den vorigen tijd
van sijn provisioneel bestier op dat comptoir,
en ook dat als Cassier daer gelegen heept, —
maar alleen aantoonen hoe in zijn vierjarige
opjserhoofdie namentlijk van 1708 tot 1711 inclusipe,
uijtwijsens de beantwoorde petitien van dier
tijt, van daar gelevert zijn, een nomber van aldaar als opperhoovd,
1586. 1680. 1193. en 780 pocken diverse Limwaten
dit"
NL-HaNA_1.04.02_8834_0426.xml,"Van Cormandel den 6:' Septb„r A„o 1721,
der lijwaten, die
er als doen zijn int
uijt de eijge ge„
Ed: gr: agtbare, en
dit laaste jaar soo weijnig, door dien den gewe„
„sen gouverneur Daniel Bernard met zijn
comst in dit bestier de handelaars van daar
na dit hoovt Comptoir op ontboden, en soo
lang aangehouden heert, tot dat de beste tijd
verstreken was,) die wel soo goet sijn geweest
als de tegenwoordige monsters, waar van de oog
item van de deuggetuijgen hier ter Custe nog leven, behalven
onweder sprekelijk bewijs der Ed„le gr: agtb:
gesamelt, als blijktheeren majores selvs, in hare respective eyscher
„tuijgenis van haar voor de jaaren 1707. tot 1712. successive uijt
dit Gouvernement gedaen, en wel speciaal in
die van 1711. , waar bij haar hebben gelieven te
verclaren wegens de versonde retouren van
den Jaare 1709. in dese woorden,
„ alvorens wij een begin komen te maken van
„ onsen Eijsch van retouren voor A. o 1711. uijt
„dit gouvernement, soo sullen tot informatie
„ en narigt alhier seggen, dat wij met genoeger
„hebben gesien, de goede Conduites en devoiren
„door de bediendens ter deser gouvernemente
„aangewent, ontrent de in sameling van de
„guinees, en salempoerissen van Conjemere, en
„sadraspat„n ons jongst toegesonden, die vrij
godd
2"
NL-HaNA_1.04.02_8834_0427.xml,"419
Cormandel den 6. ' Sept=br A„o 1721
Van
dat in een tijd, dat
soo sterk op de ma
dientwegen
goed zijn geweest, dog eenlijk wat te dier van
incoop, waer op in 't aanstaende sal moeten ge„
„lat werden, en dat in een tijd, wanneer door de particuliere Laart
„gaans van Madras naar de Manilhas 'sjaar „ milhas, malacca,
wierden bevragt, ten minsten 5. 6. a 7. scheepn:„es atchin goug,
behalven, nog de geene, diese na Malacca,
atchim, en andre plaatsen versonden, alle
beladen met Cleeden, zoo dat den handel der
vreemde toen daar vrij sterken, ten minsten
soo sterk was als nu, want Engelsen, en fran„
„cen zijnder altijd geweest, en oostendenaars
dit jaar geene op de Cust vernomen, voor soo
verre den Gouverneur bekent is, behalven dien der raisonnement
eenen van 't voorige jaar, van den welken in
onsen jongsten van 3 meij ampel gemelt is, sijnde
de twee a 3 personen van dat volkje tot Covolang
aen de wal gebleven, soo verarmt, datse haar
cost moeten gaan bedelen, volgens de ingekrege
advisen, sulx niet wel te begrijpen, hoemen
van daar nog soo kan schrijven en vrijven over
d'oostendenaars, en wat aangaat de nombrouse
aanbesteding der engelse en francen, in dit jaar,
hier voor uijt den Sadraspatnamsen briev
aangetrocken, kan hij ook niet anders dan bij
discretie
st
yschen
in
tie
er"
NL-HaNA_1.04.02_8834_0428.xml,"Van Cormandel den 6. ' Septb„r A„o 1722.
sulx te verwonderen
is, waar uijt soo
schielijke verandering
is ontstaan,
jaar, nog 613 packen
beantwoordende
laate aan besteeding
als blijkt bij haren
beantwoorden Eijsch
discretie, en voor een breede op gave van de Coopl:
aennemen, wijl hem tot nog toe onbewust is;
datter van die natien soo veel scheepen op dese
cust present sijn, of staen te comen, die „ een
groot getal packen kunnen weg voeren, en
dat wel 't aanmerkelijkste is van allen, waar
van daen nu die schielijke verandering, dewijlse
't voorleden jaar, een redelijk goet begin op-
alsoo 't voorleden dat Comptoir gemaakt, en een nomber van
tamelijk 't monster 613 packen, gelevert hebben, die tamelijk aan
hebben geleeert, de monsters beantwoorden, schoon den insaam eerst
en de varder van in april begonnen was, sonder datse eenige an„
leverantie uijt de„ dre redenen toen daer van hebben gegeven, —
soude ontstaan sijn bij haar beantwoorden Eijch, als dese, —
„ dat alle de Cleede packen die door 's comp=s
coopl: volgens haar contract voor A. o stanti
ten desen Compt„r aen d' Ecomp=e ingelevert sijn,
voor 't Expireren deser maant niet hebben cun„
„nen versonden, daar van is de ware oorsaak
„dat Gem: Cooplieden de Cleeden procura-
„voor dese plaats inde maant april jongstl:
„weder van nieuws bij de hand gevad hebbende,
„saar veel tijt is verlopen, met de noodige
„schickinge daar toe op de weer-plaatsen
„te maken, en eenige Limwaten van belangen
aengebra"
NL-HaNA_1.04.02_8834_0429.xml,"921
Van Cormandel den 6. ' Sept„r A„o 1721
sulx hier uijt con„
vroeijer waren aan
„der quantiteijt pack:
hebben,
aangebragt sijn, en dat als nagaans den aan
„breng wat frequenter is geworden, doen de
schaarsheijt der jndigo soo groot is geweest,
„dat in plaats van de verw potten na mate van
„'t ruijmer incomen der cleeden te connen ver„
„meerderen, in't tegendeel vermindert benne—
„moeten werden, soo als ook aen de andre kant 't
„getal der wasschars soo subijt niet heevt
„connen vergroot worden, om teffens de meer
„als ordinaire aangebragte Cleeden soo schielijk
„te connen afdoen, welke laaste werk, egter
„ in weijnig dagen sal volbragt wesen, soo
„als mede, indien den incoop der indigo sulken
„voortgang kan blijven houden, gelijk thans
„ 3 a 4 weken gehad heeft, de blauwe kleeden
„haast geheel sullen g'assolveert raken,
waar uijt dan evident komt te blijken, dat erteert, indien d' Eijsen
indiense de Contracten in november of de „ besleed ook meer„
„cember bevorens hadden mogen sluijten, en souden gelevert
den insaam daar op doen voortgaan, 't welken
ten opsigte van Nagapatsz: en Portonovo
van 't selve aangesien is, sij ook een grooter
quantiteijt packen souden hebben cunnen
leveren, en die als voor segt redelijk, altans
beter als nu, aen de staalen voldeden, dewijl
de twee"
NL-HaNA_1.04.02_8834_0430.xml,"Van
Cormandel den 6e.
O
E
Septb: 1721,
dat 't tot palliacatta
beter mogt gran
't bethilles ge
„weer,
voor een tijd sal
pakhieus waren daar
en souden teffens
wesen,
de twee voorm: maanden, item januarij, en febru:
daer aanvolgende, de beste tijd van 't geheele jaar
uijtmaken, om insaam van grove Cleeden hier
ter custe te doen, soo als ons besluijt van
16. ' februarij a„o 1720 dat ook aantoont, dit dan
sijnde 't gene den gouverneur nodig geoordeelt
heevt tot uw: hoog Ed=ns speculatie wegens
Sadraspatnam hier bij te voegen, sal tot
vervolg van 't voorige wijders genoteert, —
ook was te wenser werden, dat het tot Palliacatta principaal
in opsigte van 't bethilles geweer, ook wel
ten opsigte van wat beter mogt gaan, behalven dat de bedien„
„dens van daar nog geclaagt hebben over de —
traag en hartneckigheijt harer Cooplieden,
sulx daer in wel dient voorsien, in diense —
't welk egter nog niet willen veranderen ten goede, 't geen voor
ingesien werden nog een korten tijt zullen inschicken, en
bij Letteren van ult. o julij geadviseert de
de Compacken, en hompacken en pakhieuws voor den siamsen
ook aanbesteed, coning aan besteet, soo verre bereijt waren,
medio deser chaar dat se tegens medio Augusto ter versen„
„dinge souden claar wesen, volgens de gedane
versekering der handelaars, maar aengezien
toen t' sedert ruijm 3 weken daer een conti„
„nueele"
NL-HaNA_1.04.02_8834_0431.xml,"423
Cormandel den 6' Sept„r A„o 1721,
Van
dog betuijgen na.
dato hunne bedug„
„ting en waarom,
mogt om de noort
beter slagen,
ontsteltenis, en dat
van colombo sijn op
„gedragen,
nueele betoge Lugt en somtijds regen hebben
gehad, sonder eenige sonne schijn, waren sij
bedugt, dat bij aanhouding van dat vogtig weer,
E
gem: doeken wel geschildert, maar niet opge„
„maakt souden geraken, en ook vrij wat ontsre„
„ken, aen de voldoening der overige Linwaten,
dewijlse bij de pakhuijsen der Cooplieden ble„
„ven leggen sonder gewassen, gebleekt, of gemaakt
te cunnen werden, egter beloovden zij na uijt„
„terste vermogen te betragten, dat se d' een
en andere, is 't mogelijk, nog in gereetheijt der linwart handel
sullen brengen, dat den handel op noorder Cherin egelijx wel wat
„mandel, insgelijx wel wat beter mogt slagen,
wijl de verduuring int Cattoen en garen, en
't swerven van den dikmaat gen: fransman
mons„r Creton, daer toe geen goed kunnen antooning van dies
doen, twelk ook d' oorsaak is geweest, dat daaroms de 710 park:
710. packen vande haar toegedeelde te rug hadden te rug gesz:
gesz:, die wij daarom volgens uE: hoog Ed=ns ge„
„eert bevel, aen den Ed=len H„r Raad ordinaris van
India en Ceijlons gouverneur Isaac Augus,„ dewelke aen die
„tin Rumph, en raad tot Colombo opgedragen
en versogt hebben, of die tot Tutucorijn of ma„
„dura voor dese cust gelievden te doen aenbe„
„steden, soo als dat uE: hoog Edelens eerbiedig
is"
NL-HaNA_1.04.02_8834_0432.xml,"Van Cormandel den 6:' Septb„r A„o 1721,
dog betuijgde
zulx dat getal
ontbreken,
tot vincerom een
dog wiert in den
verderen voort„
„gang belet,
egter nam sijn
in saam tamelijk
schot,
is gepreadverteert bij ons invermelt schrijvens
van 3: ' meij, waer op bij letteren van 19. April,
hare onmogelijkhe„d en 30 d„o hier ontfangen, tot antwoort becomen
hebben, het haar Ed. s ondoenlijk was, dien Eijsch
voor ons te besorgen, om sodanige redenen als
hier ontmoed sijn inde briev van gem: Ed:
heer gouverneur en raad aen uE hoog Ed„ns gesz:
in dato 16. ' van deselve maant april, waer
aen ons eerbiedig gedragen, zulx die 710 packen,
voor al sal tot welkers bemagtiging hier om de zuijd ook
genna de minste kans is, voor al sullen ontbre„
„ken, terwijl in hope leven dat bij een beter
Cattoen gewasch dat inconvenient sal ophouden,
mon s„r Cretonharnaar wegens voorn: fransman is ons van masu„
logie opgeregt „lipatnam nader g'adviseert, dat hij tot vin„
seron een Logie opgerigt, en een aarde 't
muur rondom deselve hebbende willen doen
ophalen, den prins Timmerasoe ged„te muur
heeft doen omverwerpen, ook hem tot nog
toe geen vrijheijt willen vergunnen om soo„
„danig een verblijf aldaar te maken, waar
toe hij egter sterk bleev solliciteren, in
middens sijn in saam van fijne doeken tame¬
„lijk schot nam, 't welk niet seer voordselig
voor d' Ecomp„n kan wesen, egter hoppen wij als
voor"
NL-HaNA_1.04.02_8834_0433.xml,"425
Van Cormandel den 6. '
Septbr 1722,
tot Palicol
„righeijt inde vergoe„
schade aldaar,
en waarom
een briev van den
aen sijn Ed: besz:
welke gepresumeert
pwveergade van die
„ringtuijn is versonden,
dat zijn verdere voornemens haast den gerusten voort„
voor hegt
sullen gestut werden, ondertussen den handel in„gang in den handel
Palicol weder een gerusten voortgang heept, som„
„der dat Pramarasoe daer in eenig beletsel-
toebrengt, maar of die gelede schade van p=ao
9356- 5. 23/20. waar onder ook gerekent sijn, de maar maken swa„
gemaakte ongelden, bij den pakhuijsm„r Wit „mding der gelede
„mont, en tholk Dauwloe in hunne opreijse
na de landregenten wel vergoed sullen worden,
hebben wij reden om hart aen te twijffelen, wijl
den inlander, voornamentl: in tijd van nood,
seer ruijm schootig in't beloven, maar heer
traag in't nakomen van zijn belovten is, behal„
„ven dat den Masulipatnamsen gouverneur
sen
Codjadji ons door middel van den Madrasp=en
engels gouverneur de heer Francois Hesting,
den 11 julij over Tegenepatn: heeft doen be„masulip„s fausdaar
„stellen een inlandsen briev, in een zijde sackje
met Goude bloemen doorweven, ten eijnde bij
eerste occasie naar Batavia voortgesonden
te werden, aenden hoog Ed„len Heer Henric=
ZwaardeCroon gouverneur Generaal over neder„
„lants Jndia, dewelken gissen een weergade te wert te zijn, een
sijn, van die gem: fausdaar, door de Masulipatnz: met 't schip d'ha„
bediendens aen welen=te zijn hoog Ed„s heevt laten
adresseren, met 't schip d' Haringtuin, soo als
we"
NL-HaNA_1.04.02_8834_0434.xml,"Van Cormandel den 6. ' Septb„r A„o 1721
sprekende van
scheepje, tussen
de vergoeding van
„dragen van ro/as 25098 3/.
die 'scomp:s dienaren
„huijsen souden ge„
verdonkert hebben,
we dat aengetrocken vinden inde briev door die
bediendens aen uE hoog Ed. s geschreven, den 23. '
februarij jongstl:, en van welke sij volgens hunne
advisen onder ult„o maart een partugees an schrift
van dien fausdaer becomen hebben, 't geen inhoud,
dat een sijner schepen genaamt fatemorat
zijn gestrand- komende uijt Zuratte naar Masulipatnam.
colambo een ga„tussen Colombo; en Gale, voor bentotte,—
door onagtsaamheijt van den stuurman, veronge„
„lukt is en gestrant, voorts al de goedren en
contanten die begroot werden op r o/as 25098 3/9.
64.
de schade ten be„ door 's comp. s dienaren daer uijt aen lant in
de logie geborgen en des niet tegenstaande
aldaar inde pak door haarl: van den nachoda, boekhouder, en
„borgen, en vervolgen andre officieren van dat schip souden gedwongen
wesen een verclaring, als of er indien bodem
niets gevonden was, &a, dat hier over veel„
„maals geclaagt had aan 't toenmaals ge„
„wesen masulip„s opperhoord, nu den gouver„
„neur Westrenen, maar dat die sig dese saak
niet eens had willen aantrecken, en hij daarom
nu van welm: sijn hoog Ed„l regt versogt, ge„
„lijk 't een en ander Largo consteert, uijt de
ten
copien van dat portugees apschrivt, en een reecq=
of opgifte van 't geene in dat schip geladen,
„le, en—"
NL-HaNA_1.04.02_8834_0435.xml,"427
Cormandel den 6:. Septb„r A„o 1721,
van
1. blijkt uijt den
colombosen briev
en ter voorsz: plaats aen land in 3 pakhuijsen
opgelagt soude geweest zijn, item uijt een
extract missive onder dato 16 maart a„o 1719. .
dat Evengem: gouverneur over dat subject van ma„
sulipatnam wel aen den gewesen gouverneur —
Adriaan de visser en raad deser hoortplaat„
„se gesz:, dog daer op noijt bescheijd erlangt, en
oversulx niet eens geweten heevt, hoe het Effec„ og 't contrarie
„tive met die saak was gelegen, voor dat uijt
den Colombosen briev van 7 aug: 1718. aen uE hoog van 7 aug: 1718.
Edelh„ts gerigt, heeft gesien; dat voorm: bodem den
24. meij bevorens, ter plaatsen en in maniere —
voorsz: verongelukt, daar uijt pas soo veel gesal„
„veert is, als de overgeblevene schepelingen tot
hun dagelijx onderhoud nodig hadden, in zoo
verre datse selvs buijten staat sijn geweest
de ongelden van berghoon aen d' Ecomp=e te betalen,
hebbende daar voor een metaal, en een ijser-
Canon, benevens eenig jserwerk van 't meerm:
schijs nog te regt geraakt, overgegeven, en
ook sodanige actens verleent, waar bij verclaar„
„den dien bodem t' eenemaal te abandonneren,
en ter dispositie van d' Ecomp=e over te laten,
schoon in den beginnen hadden op gegeven, datter
haar veel contanten in geweest waren, 't geen
na dato geheel anders was bevonden, &:a, sulx
wel in staat souden wesen, dien moorsen regent
daar"
NL-HaNA_1.04.02_8834_0436.xml,"van
Cormandel den 6. ' Septemb„r 1721
wert aengemerkt
als een gesogt pre„
van ramara soe
te verevenen,
dog mits 't afsenden
briev aen zijn Ed.: t
„wagt werden,
sijn voorgeven, ten
extract uijt den
gesonden werden,
egter sal aan de
nette spesificatie
senden &. a,
daar mede den mont te stoppen, en de gedagten
twelk dan hier te benemen om daar uijt een Contra post, te
formeren, ten Lasten van d' Ecomp. e ('t geen vast
„teit van dien stellen sijn eenig doelwit hier med te wesen,)
tausdaer, om daar
mede de schulten alsoo met een geslote beurs te betalen,
't geen Ramarasoe schuldig is, en waar voor
hij sig soo solemneel als borge heeft verbonden,
van een tweede maar aangeken dit nu de 2 de briev is dien
zal er ordre ver„hij derwegens aen welen: hoog Ed„le heer gouver„
„neur generaal Laat overgaan, soo hebben wij
't van onsen pligt geagt, eerst aftewagten wat
welm: sijn hoog Ed„s daar ontrent sal gelieven
te ordonneren, terwijl egter voornemens sijn
onwaarheijt van een Extract uijt die Colombose missive aende
doen blijken andna sulipatn=se opperhooden over te stuuren,
ma sulip=se bediend:s in meerm: fausdaar de onwaarheijt van sijn
colombose briev voorgeven te doen voor oogen stellen, en met
eenen te laten rieken, dat sijn voorgenomen
deshein hem geensints zal gelucken, gelijk
met bevel om een haar dan ook staen te bevelen bij een nette
dierwegens over tes pesivicatie optegeven hoe veel schade d'Ecomp=en
Effective bij die revolte heeft geleden, en
hoe veel de Palicolse inwoonders dewijl —
dat niet onderscheijdentlijk hebben cunnen sin„
„den bij de opgivten van daar, maar wel dat
de hier voorwaarts gem: somma niet geheel —
ten"
NL-HaNA_1.04.02_8834_0437.xml,"429
Van Cormandel den 6. 'n Septemb„r 1721,
recommandatie aen
voorn: opperh„t om't
voorgevallene sedert
de laaste besoignes
haar hoog Ed=ls te
bedeelen, met 't
van daar vertreckende
schip, en
versoeken in 't aan„
„staande als van Cod
jadje moeten vande
ten lasten van de Ecomp=e comt, inmiddens hun
reets in ernstige termen is aenbevolen, deselve
soo na mogelijk te moeten doen vergoeden, en
voor al te besorgen dat de dienaren selvs geen
aenleijding tot sulke oneenigheden, en dies quade
gevolgen komen te geven, soo als wij bij dier„
gelijke ongevalle, die Egter hoopen dat noijt
meer mogen voortcomen, ons sullen rigten na
uE hoog Ed:s geueert voorschrivt, zijnde even gem:
bediendens al in voorraad gelast om met
schip dat over de noord na batavia staat
te vertrecken, uE hoog Ed:s te communiceren
wat 'er t sedert onse Laaste besoignes over
die Comptoiren, inden dienst van d' Ecomp=e aldaar
noewens waardig is gebeurd, en verrigt, en daer onder
ook de veranderingen der moorse en heijderse
regenten, in 't mogol se rijk, voor zoo verre—
hun die bekent sal wesen, als mede dat se in
tusschen de saken in dat rijk op soo een onseke„
„ren voet staen, met alle om sigtigheijt den
handel om dien oord moeten drijven, (gelijk dat
na alde Zuijder compt=ren in Egelijx is belast, / dat se diergelijke
ook in 't aenstaande sulx sollicitatien als die
van den masulipatnamsen fausdaar wegens hand wijsen,
't verlacken der hout palinquinbacken, indien die
maar"
NL-HaNA_1.04.02_8834_0438.xml,"Van Cormandel den 6. ' Septb A„o 1721,
„patnam, hun wag„
dat die van masz:—
bewijsen aen't volk
van den siamsen de
een groot schip ter
de approbatie wegens
„poorten,
maar eenig sints connen ontwijken, moeten van
de zand wijsen, en die van bimilipatnam zig
in 't vervolg wel wagten, soo een verkeerde
en die van bimilij opgave van Cleeden te doen, die soo slegt be„
„ten om sulken e: antwoort aen de leverantie, als nu jongst gedaan
„ceerde opgave te hebben, gelijk haar sulx al bij letteren van
8. ' januarij met veel ernst hadden vermaant, —
voorts bij raadsbesluijt van 23. ' junij g'approbeert,
maar g'abkrobeert d' eerstgem: opperhoovden, Conform uE hoog Ed=ns ge„
geen adjude souder eert bevel, geen adjude souden bewijsen, aen
bediendens van den Siam Een koning, dewelke
Coning daar met met een Capitaal schip tot Masulip=n ter
negotie aan geoomen negotie waren aengecomen, ingeladen hebbende,
bestaande sijne la 26 kloeke Eliphanten, waar van twee bij 't ont„
„ding in't volgende „ lossen gestorven zijn,
36200. lb Siams koper
64000. „ thin
2170. „ ijvoor
35. „ schildpads hoorn
100. Candijls rijs, en
370. bossen bindrottings met recommandatie dat se
bij dat voornemen ook onveranderlijk moesten blij
dank betuijging voor„ ven persisteren, sijnde bij onsen nedrigen van
de afgegeve pas„ 63. ' maij reeds verthoont aen welke Land regen„
„ten en onder wat restrictien eenige paspoorten
hebben ovgegeven, tot voort zetting Iande Eliphants
negotie, uE hoog Ed=ns approbatie, dewelke nu ook
ten dien eijnde gunstig hebben erlangt, waar
voor
doen,"
NL-HaNA_1.04.02_8834_0439.xml,"431
Van Cormandel den 6:' Septb„r A„o 1721
een memorie der
disperate schulden
op ordre verwagten.
op ontbod van den
sijn te rug comst
des na 't vertrek der
schepen 't geprojec„
„teert geschenk bij
J hem sullen laten
Ed=ns wegens de overgeblevene
pinwaarders toot —
sadras is voorgedra„
„gen, &a,
voor onse nedrige dankbetuijging doen bij desen,
wegens Palliacatta gaat hier nevens een memorie
van diverse veronderde schulden ter somma van tot palliacatta waar
ƒ714. 5. 8. met nette aanwijsing door wien, en in
wat tijden daer gemaakt, als mede datse genoegsaam
desperaat zijn, sulx daer van niets meer te verwag„
„ten is, derhalven uE hoog Ed=ns nader goedvinden,
hoedanig daer mede te handelen, met Eerbied
sullen blijven afwagten, den nabas sadoula „ na bab sadoulachan
„chan in de voorleden maant maart op 't ontbod
van den groot souba Sike Lieschan, toenmaals
met sijn leger gecampeert bij Masulip=n aen de
rivier kistna, derwaarts vertrocken zijnde,
is den 22 junij weder in Arcadoe geretourneerd, in accadoes
na dat door Evengem: zouba in sijn gesag over
de Carnaticase benede Landen was bevestigt,
des na 't vertrek van dese schepen de nodige
schicking sullen maken, om de schenkagje
goedren voor deselve geprojecteert, en op sa„ oproeken,
F.
„draspatn„r nog gereed zeggende, bij hem te laten
opvoeren, tot behouding van zijn Gunst, voor
's Comp„s negotie in die Landen, ten hoogsten
benodigt; gants Largo hebben wij jongst aen want laast haar hoog
uE hoog Ed. s voorgedragen, 't versoek der sadras
„patnamse opperhoovden, om eenige verligting
in de Lasten te mogen erlangen, voor de overge„
blevene"
NL-HaNA_1.04.02_8834_0440.xml,"Van Cormandel den 6:' Septb„r A„o 1721,
de chittijs Coelijs
taxatie na Covelang
declaratije met
dies obtenue niet
tot voortkoming
wijking sijn genoot„
ontheffing haar hoog
„dragen worden,
blevense inwoonders, ook dat de nieuw inkomende
voor 2. 3, a 4 jaren van alles gelibereert, en
haar aandeel door d' Ecomp=e mogt betaalt
dog na dato waren werden &:a, nu is ons na dato van daer te —
over de nieuwe kennen gegeven dat de Chittijs koelijs over
uijtgeweken, de nieuwe taxatie, schoon op wel een derde
vermindert, te onvreeden geraakt, in 't laast
van januarij des nagts van daer waren uijtge„
„weken na Covolang en op die plaats ten
eersten aendien arbeijd geholpen met 't Lossen
en raden van dien vreemden Lorrendraijer
de stad Oostende genaamt, en sij ook aan„
„gesogt om daer te verblijven, sulx soo bij
betuijging sonder een ole, als haare afgesondene verclaart hadden,
weder te keeren niet te willen wederkeeren, voor datse ver„
„sekert wierden men haar niet meer dan 20.
pard. s des jaars te betalen, soude opleggen,
wat die bediendens ook noijd meer door de hoovden doen taxeren,
van meerder uijt waarom, en 't verlopen van meer arme inwoon„
„saak geweest, „ders te beletten, die bediendens genootsaakt
waren geworden, haar bij een geschrivt te
verbinden, tot verligting van 130. pard. s inde
met versoek dat de hoovd gelden voor desen jaren, uijtwijsens d'
Ed:s mogt voorge„annexe Copie van dat geschrivt, en welke ont„
„heffing hij versogt hebben dat we soodanig—
aen"
NL-HaNA_1.04.02_8834_0441.xml,"433
Van Cormandel den 6.:' Septb„r A„o 1721,
gelijk nu geschiet,
wat bij onsen laatste
der tegene p=lo han„
:
en
werk gestelt,
aen uE hoog Ed=ns wilden voordragen, hij daer op —
besluijt mogten Erlangen, onder
een gunstig
belooten van haar uijtterste best te sullen
doen om de nog weijnig overgeblevene, en verarm„
„de ingesetenen te behouden, En tot desselvs
verligting meer andre van buijten in te locken,
zulx bij raads besluijt van 23 Junij hebben
goetgevonden 't gem: versekering schrift, en
daer uijt voortgevloeijde instantie uE hoog Ed=ns
op 't eerbiedigst voor te dragen, en een faverasel
apostijl daar op te versoeken, gelijk tegen
woordig geschiet; behalven de drie bevel schiif„
„ten den 4. ' februarij na Portonovo gesonden van de vaste goedren
om aen den fausdaar van die stad te overhan„deladers is bedeelt,
„digen, ten Eijnde hij door onse bediendens onge„
molesteert soude laten vercoopen de vaste goe„
„dren der Tegenepatnamsen handelaars, tot af„
N
„betaling van haar schult aen d' Ecomp=e, ampel
beschreven bij onsen meerm: van 3. ' meij, en de
slegte gevolgen van dien, sijn den 25 julij nog twee
andre marattise brieven van gem: nabas, en sijn
albeschik ten voorsz: eijnde al mede verworven, sedert nog is in't
daer heen gesonden, om te ondervinden of hij
nu sijn toestemming daer toe niet sal willen
verleenen, en alsoo sijn meesters beveelen ge„
hoorsamen
-"
NL-HaNA_1.04.02_8834_0442.xml,"Van Cormandel den 6:' Septem: A:o 1721.
mitsg:s besloten
zargeren,
en deselve dan te
ord. e gesant simha
sijn m. r, om de ag
„terstallige 15 stux
hoor samen, terwijl bij resolutie van 23. ' bevorens
voorsz Coopl: soo g'arresteert is, de hier op de paksaal g'appre„
lange nog aan te
houden tt dat hune „ hendeerde coopluijden uijt dat geselschap, nog
vaste goedren sulx
„len verogt wesen, soo lange daar versekert te houden, tot dat
hunne vaste goederen sullen vercogt sijn,
om te sien tot hoe verre de daar van te
reden waarom makene penn: kunnen toereijken; in mindering
van haar agterstal, en deselve dan in 't geheel
te largeren, en ontslaan uijt voorm: higtenis,
dewijl er buijten dien niets meer van hun
difcomst van den te hoopen, of verwagten sal wesen; na dat
met een briev vanden ordinaren gesant Naro Narasimha den
28 december met dien eenen Eliphant na 't
Eliphanten in hof was opgereijsd, is hij den 14. ' april weder
afgecomen, met een briev van M„r aen den
gouverneur Westrenen gesz:, tot invorde„
„ring der nog agterstallige recognitie Eli„
„phanten, dewelke bestaan in een Nommer
van 15 stux, daer onder gerekent die voor
dit jaar 1721; te weten,
14. getande van 5. a 6. en
1. alia. . . „ 5. ¼. . . . . . Cobides
om dat bevorens soo veel meer wijvjes en —
aliassen hebben aangenomen, hij wiert den 23. '
d„o gevolgt door eenen anderen sendeling ge„
„naamt
soort,
v„o"
NL-HaNA_1.04.02_8834_0443.xml,"935
Cormandel den 6.:' Septb„r A„o 1721,
Van
er een andren gen. t
bilien doechan, —
om die Eliphanten
tot jaffapatn: te gaan
uijtsoeken,
van sijn mede gebragte
nider
naamt Biliendoechan van den tanscoursen, dog na dato quam
vorst expres benoemt, om die Eliphant en
tot Jaffanapatnam te gaan uijt zoeken,
den
corten inhoud van gem: briev behelsde, dat
de Eliphanten tot dus Lange aen den vorst en corter inhout
toegesonden, aliassen, sieke, en slegte beesten
waren geweest, derhalven de nog ontbre„
„kende alle getande, moesten sijn, en daarom
versogt wiert dat de soodanige uijt die
tot Jaffenapatnam op de stallen staen,
door gem: beliendoeckan mogten uijtgekipt
werden, ten genoegen van den vorst, dat sijn
hoogheijt, denselven ook had g'ordonneert in't
Candische rijk goude Eliphanten, paarden,
en eenige Curieuse goedren te negotiëren,
en uijt dien hoovde, aan hem ook goede paar„
„den soo er op 'scomp. s plaatsen te crijgen
waren, vercogt, voorts ijemant hem toegevoegd, 't vervolg
door wien hij in't rijk van Candia, aen Eliphan„
„ten met tanden, arabise paarden, en andere —
goederen tegens Civile prijsen mogt geholpen—
werden, dewijl hem tot den incoop van d' een
en andre gelt mede gegeven, en boven dien
nog een persoon aangewesen was, die 't manque„
„rende"
NL-HaNA_1.04.02_8834_0444.xml,"Van Cormandel den 6' Septb„r 1721.
dat schrijvens, hier
is bewesen,
mitsgs den selven
met ons voor schrij„
die van jaffanapt=n.
sonder prejuditie
can geschieden,
„rende soude verschieten, dat den voest
om lood, en swavel verlegen, versogt daar
mede gerieft te werden, mits betaling; dat
meerm: Beliendoechan, als een man van
aan sien, hier met fatsoen ingehaalt, minne„
„lijk ontvangen, en een beleevt afscheijd mogt
watter ingevolge gegeven werden; ingevolge van dat schrijvens,
aen dien gesant, is dien Expressen gesant met sijn komst hier,
soo veel Eere, en vruntschap bewesen, als na-
dese landwijse eenigsints konde geschieden,
en hem ook verleent Letteren van voorschrij„
„vens, aan den heer Commandeur en raad tot
Jaffanapatnam ten eijnde voorsz:, waar
„vens voorsien, aen gesloten was, een copie van den voorn: ma„
voor soo verre rattische briev, met versoek dat haar E.:s—
hem sodanigen persoon gelievden toetevoegen,
en voorts inde uijtvoering van sijn Commissie,
soo veel de behulpsame hand te bieden, als
sonder merkelijke praejuditie van d' Ecomp=e
geschieden kon, terwijl ons aen de gunst
of ongunst van den vorst veel gelegen
rog, ook hem met sijn verschijning, daar
wat meer als een ordinaire sendeling te
considereren, &. a, te gelijk gaven wij aen den
Ed: heer Cheijlons gouverneur, en raad tot Co„
„lombo"
NL-HaNA_1.04.02_8834_0445.xml,"437.
Van Cormandel den 6 ' Septb:r
A„o 1721,
„dige kennis ook
„bo is gegeven,
't vertrek van den
„patnam, en
sijn comst aldaar,
daer die vrunden
wegens de slegte
gestelt heijt der
Eliphanten,
niet jegenstaande
sijnder egter 15 stux
door voorm: gesant
lombo daer van de nodige kennis, bij een brievj/ waarom de na„
ged.:t 25 april, benevens een avschrivt van meerm: aen die van Colom„
marattise briev, en vriendelijk versoek dat de
Onse
vereijste ordres aende Jaffanap=n minister —
daer toe gelievden te verleenen; desen belien
doeckan is daer op met sijn gevolg den 2 selve naer jaffana„
meij van hier te Lande na Toptorre vertrocken,
en van daer met Chialengen naar jaffanapatn:
overgevaren, ook den 16. ' _„o binnen dat Cas „ met communicatie
„teel ontfangen, item den ordinairen gesant Naro„
„sincha weder na 't hof te rug gekeert, —
den 6. van deselve maand de Jaffanapatnamse
vrienden Communiceerden ons vervolgens dat se
den tansjoursen afgesaat soude behulpig wesen,
in 't uijtsoeken der recognitie Eliphanten, —
dog datter niet meer dan 5 getande beesten
daar op de stallen stonden, en daar onder maer
een hoog 5½ Cobidos, en die nog met een stan„
„pe staart, en de siekte van Manoigam gequelt,
dewelke ongeneesselijk wert geoordeelt, sijnde
de andre vier stux hoog 3½. 3 /3. en 4 5/5. item
2 aliassen van 5. 3/8. en 5½. Cobidos, sonder gebre„
„ken, dat egter voorn: gesant uijt ongevaar — uijtgesogt
200. , had uijtgesogt 15 stux Eliphanten van
dese
60"
NL-HaNA_1.04.02_8834_0446.xml,"Cormandel den 6'. Septb: 1721,
Van
„terstal in hunne
aente houden,
dese hoedanigheijd, als. /
1. alia hoog 7. cob„s met een stompe soort en 't—
1. „ „ 4. ¾ d:os Linker oog blind,
„ 5. –. _. os
1. „
„ 5. 5/3. _. os
1. „
„
1. „ „ 5. ½. d„os met 16 nagels
1. „ „ 5. ¼. d=os „ 16 _=os
„ 4. ½. _. os
1. „
„ 5. —. _. os
1. „
1. „ „ 5. 3/3. _ os
1. gestande „ 4. ¾. _„os
1. wijfje „ 5 3/3. d. os met een vistel aen de
voorste Linkar poot,
1. _„o „ 5. 1/3. _. os
1. _. o „ 5¾. _. os
1. _. o „ 5 1/8. _. os
1. aliatje „ 2 1/3. d. os sijnde een jong van't even
voorwaarts gem: beest,
dog alsoo die 'tag„) maar alzoo dese geen sints beantwoorden
aen de Qualiteijt vande gerequireerde, is hier
qualiteijt, niet be„
„antwoorden, is aan
volgens raads besluijt van den 11 junij best
die vrinden versogt
deselve daarr wt gedagt, de Iaffanapatnamse ministers
nog dien selven dag bij een brievj te ver„
„soeken, dat se die Eliphanten gelievden daar
soo lange aan te houden tot dat we de goedkeu„
„re"
NL-HaNA_1.04.02_8834_0447.xml,"439
van
Cormandel den 6:' Septb„r A„o 1721,
reden waarom
item van dien
„pisse te vorderen,
selve heeft uijtge„
manaar Goilsen
gedaen, en
daer op den 14 julij
't welk na jaffanap=m
„senden,
'twelk ook gevolg
op den 3. aug:, en
re van den vorst daar op souden erlangt,
en haer Ed. s doen weten hebben, om niet weder
gelijk in den jare 17 13/15, genootzaakt te worden,
met soo een groot getal beesten, ten coste
van d' Ecomp=, te moeten blijven sitten, soo
mede van dien afgesant voor sijn vertrek
af te vorderen een recipiese, tot bewijs dat afgesant een reci„
hij al die beesten selvs, en vrijwillig had dat hij die beesten
uijtgesogt, om daer door te proevenieren de „ sogt
Cretiques, die door hem na dato zouden —
connen Gemaakt worden, hier van is ook waarom aen dan
ten eersten verslag gedaen aen den Ma„ saubedaar is verclag„
„naarcoilsen soubedaar Prago-Appasie,
en 's vorstens approbatie daer op versogt,
dewelke den 19 julij eerst gevolgt is, en door antw:t becomen
ons nog dien eijgen dag naar jaffanapatnam- is bedeelt, en versogt
gecommuniceert, met versoek dat se die beesten die beesten overte„
maar ten spoedigste gelievde dit over te stuu„
„ren, benevens de paarden, en andre Goederen,
door meerm: gesant voor zijn meester daar in
gecogt, den welken den 22 d. o, hier geretour„
„neert is, en 3. ' augustij met twee inlantse-heevt genomen, —
vaartuijgen herw„ts overgebragt, de voorwaarts 18:en daer aan„
gespecificeerde 15 Eliphanten, item den 18. ' daer
aen"
NL-HaNA_1.04.02_8834_0448.xml,"Van
Cormandel den 6:' Septb„r A:o 1721
sulx 't wagten nu
na 't passerens der
gem: biliendoechan
„ceert vont,
den selven heert
voorn: recepissen
gert t' ondertekenen
vrij groot is gevallen
materien nog ijets
ten ontlasting
werden,
aen 8 stux jonge hengst paarden, die meerm:
beliendoechan tot Iaffanapatnam gekogt,
en in 's comp. s Cas betaalt had, met 650„
rijxd. s, nu is alleen het wagten maar na ordre
maar alleen is, van 't hof, om te weten wie aen d' Ecomp=e de
quitantie, waer toe gewone quitantie sal passeren, voor den ontfang
sig niet gequalifi„ van die 15 Amimalen, wijl meerm: belien doechan
sig daer toe niet heeft gequalificeert bevon„
„den, en den ordinaren gesant, mits sijn siek„
„te, niet is cunnen afcomen, sulx den eerstgem:
aen sijn meester heeft gesz: om derwegens be„
„vel te Erlangen, 't geen nu alle dagen wert
te gemoet gesien, des in hope leven nog in staat
te zullen sijn, uE hoog Ed:s voor 't sluijten
deses te bedeelen, dat hij met die Eliphanten
naar 't hof is opgereijst, terwijl hier nog bij
te
voegen, den selven op Iaffanapatn: geweij„
op jaffanap:t geweijgert heeft, soodanig een quitantie te pas„
als buijten gewooneren, onder voorwendsel sulx noijt van
de Cornax gepretendeert, en hij ook versekert
was, dat die beeften sijn m„r wel behogen
schoon dese post souden, schoon dese post tegens onse intentie
sal er egter te dier al vrij wat wijtlopig is gevallen, om dat we
niet geerne uE hoog Ed=ns wigtige besigheden
moeten bijgevoegt ophouden met een bloot verhaal van saken
te doen, die anders met weinige woorden, voor
„te"
NL-HaNA_1.04.02_8834_0449.xml,"941
Van Cormandel den 6.:' Septb: A„o 1721
wegens de getrocke
conclusie door den
gouverneur en raad
tot Colombo uijt 't
gedaan versoek voor
vorst,
ddog voor onderstellen
dat den gouverneur
en raad wegens dat
poinct niet wel
te sullen onderrigt
nu volgens de
hier nevens gem:
Theltsame conclusien
soo verre 't wesentlijke aengaat, kunnen gesegt
werden, vinden wij ons egter genoodsaakt, uE
hoog Ed„ns nog een corten tijd met dese materie
te moeten ophouden, om dat den Edelen heer
cheijlons gouverneur en Raad tot Colombo,
ons bij Letteren van 12. ' meij, wegens 't voorsz:
gedaen versoek vanden tansjoursen vorst, niet
weijnig hebben gelieven door te strijken,
en daer en boven, soo als uijt de copia brie „ den Tansjoursen
„ven hier gebleken is, aen uE hoog Ed=ns over
dat subject sodanig een wijdlustig relaas te
doen, waar in gevonden werden, sulke heltsame
onderstellingen, en daar uijt getrocken Conclu„
„sien, die ons gering verstand te boven gaan,
en doen geloven, dat gem: Ed: heer gouverneur
en raad ten dien belangen niet wel onderrigt
zijn, want wij sien daer spreken, van dien gesaat zijn,
sijn gevaarlijke Commissie, item dien zoo sen
vost bedektelijk had te Cennen gegeven, dat tot
Nagapatnam geen de minste resistentie gevon„
„den had, wegens zijn heijmelijke vues voor't in„
„treft der oostendenaars, het voeren van een
gants andre, dog suspectie taal, dat Cornax
voortijts met meer assiduijteijt gedaen hebben,
't gunt hij in zijne secrete verwagtinge bedro„
„gen zijnde, om welstaan 5 halven op Jaffanapatsz:
heevt
han"
NL-HaNA_1.04.02_8834_0450.xml,"Van Cormandel den 6. ' Septb„r A„o 1721,
't vervolg
ad jdem
dog 't contrarie,
schap van meerm:
aftemeten,
heevt moeten uijtvoeren, dat den tansjoursen
vorst volgens gerugten, en dadelijke douceurs,
bij sonder veel voor de oostendenaars in zijn ge„
„bied overheevt, en dat geduerende dit voorsz:
ambassaadschap van jaffanapatnam andere sijn
opgemaakt, om heijmelijk de ontrent hun bij
geval geimpedimenteerde route na 't Candise
rijk te nemen, 't uijtsoeken van 15 vrij slegte
Eliphanten, een reecq: ten laste van d' Ecomp=e
groot 504 rijxd=s, van een Oostbaar gesantschap
g'apuieert met ons voorschrijvens sonder reserve;
de furtive aancomst van twee pattarijs, en
drie braminees met een gevolg tot Putelang„
die bij haar souden hebben een met goudzak
versegelden briev, nevens eenige geschenken,
wegens eenen Oesenchan met zijn gevolg„
voorgevende te wesen, een gemagtigde van den
nabob Sadroulachan, en sijn versoek om
Colombo te gaen ten
van Jaffanapatnam na
eijnde daar Eliphanten
of arreecq van d' E comp=en
te negotieeren, sijn verdwijning tussen modregam
en Coedremale, en dan voorts nog al sulke daar
gevoegde raisonnementen die ons t' eenemaal
bij
is wegens de gesanthebben doen verbaast staan, want om kort te
biliendoechan wesen, voorsz: belien doechan is hier geco„
„men te Lande, sonder eenig vaartuijg en
geen de minste geschenken, die hij voor al nodig
soude"
NL-HaNA_1.04.02_8834_0451.xml,"443
Van Cormandel den 6:' Septb„r 1721,
noijt Gunst be„
„tendenaars„ als blijkt.
't jaar 1719. en. —
sadert sijn er in
meer vernomen,
maar wel eenig
bedenken heeft
gegeven, 't geen
egter geensints
met dese besending
hebben,
dog sonder succes
„dagter sijn geformeert
souden gehad hebben, ingevalle sijn de sheijn
of Commissie na 't Candise Hof had gelegen,
volgens de gewoontens deser lande, bijgevolge- reden waarom
konde hij ook geen voet buijten 's Comp„s gebied
setten, sonder speciaal Concent, der bediendens,
't geen hij anders met vaartuijgen had kunnen
doen, den vorst van tansjour heeft nog noijd. ook heert den verst
aen eenig oostendenaar, de minste gunst be„wesen aen de oos„
„wesen, maar de La marville in maij van en La marille in
't jaar 1719. voor Nauoer ten anker gecomen,
door toedaen van den gewesen Commandeur-
de vissen, ten eersten zijn lant ontsegt, t sedert
aldien tijd zijn er ontrent, of in sijn gebied geen sin gebied geen
andre meer geweest, of vernomen, eenelijk heeft
hij 't geen van eenig bedenken is geweest, al
hoewel geen de minste gemeensz: hebbende
met dese besending, ruijm een mijl suijdwaarts
dese plaats, ontrent sinhora De Saudi in 't
laast van de jongst gepasseerde maant april
een rivier doen Graven, haar uijtcomst sullende gemeenschap kan
nemen in zee, dog die is van selvs weder opge„
„droogt, wijlse geen af, of doortogt van boven
konde crijgen, om dat 't Lant aende zeekant
hooger is, dan agter, Egter sijn de gedagten, waarover wel ge„
en gerugten hier over seer verschillig geweest, dog met geen seker„
den eenen seijde dat die rivier soude gedient
„heijt,
hebben"
NL-HaNA_1.04.02_8834_0452.xml,"Van Cormandel den 6:' Septb: A„o 1731
„lachan is eijgentlij:
aen de oostenden=r
hebben, om al de nelij, die onder topture,
wedarnium, en ondre plaatsen om de zuijd
valt, gemackelijk na Nauoer te cunnen doen
overvaren, diese nu met draagbeesten een
grooten weg om moeten na derwaarts, laten bren„
„gen, andre datse gegraven was, om aen die kant
ook soo een Coopstad op te rigten, als Nauoer„
vermits de vorst sijn broeder, die over al
de Landen om de Zuijd gelegen 't gesag voerd,
al langen tijd veel vlijd heevt aengewent, —
tot verbetering van deselve en waar door
Nauoer in een korten tijd ook soo groot
is geworden, als men 't nu siet, andere we„
„derom anders, dog dit Laaste is wel het
waarschijnelijk ste; egter is dat dessein ook
tot niet geloopen, uijt voorsz: oorsaken, -
den nabab sasou„ den nabab Sadoulachan die eijgentlijk de
de geen die gunstnan is, welke aen de oostendenaars soo veel
heert bewesen gunst heept bewesen, als wij successive aen
uE hoog Ed. s hebben gecommuniceert, maar
geensints den tansjour rakende, alzoo zijn
gebied een geheel ander is, en van wegen den
mogol sig uijtstrekt over de Carkaticase
benedelanden, is als voor segt in maart bij
den groot souba op ontboden, en tot in 't
Laast"
NL-HaNA_1.04.02_8834_0453.xml,"995
Van Cormandel 6. Septemb: A„o 1721.
bij den grooten souba,
deselve hebben Hoen
ook sijn er geen
de jaar op de Cust
geweest,
't versoek is nog
geschiet, en niet
sonder reserve,
sulx al 't geschrivt
„nomen, met eens
„man uijt den weg
ruijmen,
Laast van junij daar moeten verblijven, heb„ maar sijn op ontbod
„bende intussen werks genoeg gehad om sig selvs al hem weining en
58
staande te houden, en sijn agterstallige redenken et. a,
„kening van de incomsten der onder hem sorte„
„rende plaatsen, te verevenen, zulx hij weijnig
lust, en alsoo min gelegentheijt sal gehad
hebben, om eenige oostendenaars te denken,
veel min een besending voor die soo genaemde
duijtsche swarten aen 't Candise hof, te laten
„
doen, behalven datter dit geheele jaar geen oostendenaars dit
oostendenaars op de gantse Cust zijn geweest,
of vernomen, voor dewelke die soude hebben
kunnen geschieden, terwijl 't weijnige volk
van haar op Covolang verbleven, soo verarmt,
is, als hier voorwaarts omstandig hebben be„
schreven, in allen gevallen lag ons versoek maar conditioneel
d
niet verder als buijten merkelijke prajuditie
van de Comp=e geschieden kon, gelijk de Copie
briev den 25. ' April diendwegen na Jaffanapatn:
gesz:, onder de bijlagen te vinden, dat ook
duijdelijk sal aanthoonen, en bij gevolge niet op zijn slimst ge„
sonder reserve, oversulx niet wel te begrijpen t hadden cun„
waar toe sijn Edele en raad soo veel geschrijv
en beweging hebben gelieven te maken, over
een"
NL-HaNA_1.04.02_8834_0454.xml,"Van Cormandel den 6:' Septb=r A„o 1721,
ook sal uijt den
marratisen briev
geen sints opgemaakt.
werden, een voor¬
na 't Candiache
reden waarom,
heevt niet verder
en comp„s plaatsen
gelegen,
een, verschil poinct, 't geen met een woort
hadden cunnen uijt den weg ruijmen, en alleen
te seggen dat 't tegen de ordre van d' Ecomp=en
strijdig was, indien men 't versoek op sijn alder„
„slincste al wilde uijtleggen, maar der teneur
van de marrattise briev wel ingesien sijnde, zal
niemant daer uijt kunnen opmaken, veel min
„genomen gesantscher bewijsen, een voorgenomen gesantschap na 't Can„
„dische hoe, want den vorst versoekt daar
bij wel uijtdruckelijk om een persoon van onse
bediendens, te erlangen, die zijn gesant behul„
„pig mogte wesen, tot 't incopen van de daar
in benoemde goederen, 't welk immers niet ge„
„schiet soude sijn, indien hij soo een secreet
voornemen had gehad, als nu onderstelt wert,
't geen soodanig een oog getuijge geensints
gedult soude hebben, buijten dien wert 't rijk
van Candia, en 's Comp. s plaatsen bij verwisse„
„ling daer in genoemt, volgens de gewoonte—
van desen inzander, die gants Cheijlon sonder
onderscheijd, het Candische rijk noemt; wij —
sijn voornemen sullen ook tot bevestiging, van dat zijn voor„
als jaffenapatn: „ nemen niet verder als tot Jaffanapatnam
en 's comp. s plaatsen heeft gelegen, behalven
nog dat d' uijtkomst 't ook heevt doen sien,
alleen
hoe,"
NL-HaNA_1.04.02_8834_0455.xml,"447
Cormandel den 6' Septem A„o 1722,
Van
ronborstig bescheijt;
„dre denkbeelden
marattijssen biidr
den vorst over de
en daarom,
met dien afgesant
een nadre prouve
reert willen nemen,
't welke nu slegts
is dit nu 't Costbaar
soo breet is uijt
„geneten,
alleen siteren, de twee resolutien op jaffanap:te,
genomen den 16. ' en 26. ' meij Laastleden, dewel als blijkt uijt sijn
„ko sijn rontborstig bescheijd sonder de minste
agterhouding, soo eenvoudig te kennen geven,
datter geen andere bewijs vereijst, want dat
men nu gelievd te onderstellen, den moor schoon daar nu an„
toen een geheel andre, dog suspecte taal heeft en werden geform„t
gevoert, is dien Land aart gantsel: niet eijgen,
dewelke door hare ondraagelijke hoog hettigheijt
't minst van veijnsen weten, Ia dat voor nie„
„mant willen doen, maar over al 't hoogste
woort voeren, uijt den marrattijssen briev is ook blijkt uijt den
mede genoegsaam af te meten, hoe den vorsit ongenoegen van
niet wel voldaen over de voorige Eliphanten„ rige elixphanten,
nu met desen eens heeft willen beproeven,
of hij van hem met beter soude gedient werden,
als van de ordinaire Cornax, sijnde door hem
uijtgesogte nu sulke slegte beesten, hij heert
met zijn terug Comst van Iaffanapatnam
hier betuijgt, 't de beste uijt den hoop te coort uitte verleen„
wesen, soo dat geen betere heevt kunnen
uijt kiesen: Gelievt men dit nu soo een
plegtig kostelijk, en Costbaar gesantschap te gesantschap dat
noemen, gelijk dat inde Laaste briev van daar
aen"
NL-HaNA_1.04.02_8834_0456.xml,"van
Cormandel den 6. ' Septemb:r A„o 1721,
't cleijn verschil
dit en den jaare
1716.
raisonnement
dierwegens
aen uE hoog Ed„ns op verscheijde plaatsen
vinden uijtgedrukt, om de saak tog soo
breet uijttemeten als immers doenlijk
was, soo kunnen wij uE hoog Ed„ns uijt
de jaffanapatnamse factuure zelvs eer
„biedig vertoonen, ter overtuijging van gem:
Ed: heer gouverneur en raad, dat de 16. '
aant honing van Eliphanten in 't jaar 1716. voor recognitie—
wegens de gedanean daer hier overgebragt, d'Ecomp„e bij na
ongelden tussen soo veel aen ongelden hebben komen te staan„
als nu dese 15 stux, dewijl d' eerste —
hebben bedragen een h„a van rxd. s 563. 7.
of ƒ1689. 7. en de Laaste Red. s 516. 19. 8. of
ƒ1548. 19. 8. dog waar bij nog moeten getelt
worden rijxd s 210. –. of ƒ630. –. voor de halve
vragt, over sulx nu te samen rijxd 726. 19. 8.
of ƒ2218. 19. 8. vermits wegens de eerste —
de gantse vragt op Jaffanapatsz: was be„
„taalt, en dit gouvernement aengerekent,
en nu maar de halve, die men bij gevolge
hier nog sal moeten betalen, maar als
man daar tegens weder stelt de rijxd. s 252.
of ƒ 756. — die meerm: gesant en zijn gevolg
in 't Evengem: commandement nu Extra in
Contant"
NL-HaNA_1.04.02_8834_0457.xml,"449
Van Cormandel den 6. ' Septb:r A„o 1721
dog buijten verwagting
„gave door die van
dan avgesant als
welke laaste haar
fanum daags heb„
„ben moeten be„
sijn gevolg, heevt
„ken, dan alleen
na jaffanap„t een
volgens gewoonte,
Contant hebben genoten tegen onse verwag„
„ting, soo sal d' eerste reecq: al immers gesien d' Extra uijt
soo groot vallen, als de laaste, terwijl joffanap=s soo aen
men sig hier weijnig heevt cunnen ver„mindre bediendens
„beelden den commandeur en raad tot Jaf„
„fanapatn:, een deurwagter, een Cornac,
Een lascorijn, en een dienaar, die haar
bevorens met een fanum 's daags hebben moe„
„ten belijen, nu souden Egaal stellen met een evorens met een
gehant, en voor een ijder van deselve soo „ helpen,
wel 6 rixd. s 'sdaags tot onderhouwt verstrecken,
als aen hem, gelijk de nevens gaende Extracten
uijt de factuuren van daar, 't een en ander
duijdelijk sullen aanthoonen, vermits dien ap„
„gesondene nog geen van zijn gevolg van den selven nevens
wegen d' Ecomp=e hier ijets hebben getrockier iets getroc„
„ken, alleen is aan hem voor sijn vertreck voor sijn vertrek
van dese plaats na Jaffanapatsz:, conformt heijn geschenkje
ons raads besluijt van 28. april na 'slands
wijse vereerd, —
4. Ellen rood Laken
2. flessen roose water
6. ld. sandelhout
—. ½ „. foelij
1. –. „ noten
1. –. „ Canneel en
1 lb"
NL-HaNA_1.04.02_8834_0458.xml,"Cormandel den 6 Septemb„r 1721,
van
part na 't hoe
weder staat te
geschieden,
der gesante hier
aan groot verschil
maakt,
aen 't wijser oordeel
commissie van dien
„weest,
1 lb nagulen,
gelijk op sijn de, soo als wij voornemens sijn hem op sijn depart
met de Eliphanten na 't hov weder te be„
„schenken volgens resolutie van 30. ' augustij,
met een gout Cettingtie of ijets anders ter
waardije van 25. a 30. p=/so. 't geen alles sal—
wesen, wat hij van ons hier te verwagten
heert, sulx nu bij de uijtcomst hebben gesien,
soo dat 't onthaal de inlandse gesanten op Iaffanapn: en Cheij„
of op cheijlon„lons, anders onthaalt werden, dan hier, 't welk
soo wij bevorens. geweten hadden, zoo souden
we ook ons schrijvens daer na hebben gerigt,
dewijl hem hier geen eerbewijsing meer
aengedaan is„ als de voorm:, en dat op sijn
intrede, door den Adigaar deser buijten
stad t'elkens is opgehaalt, en weder
uijt geleijt, gelijk hier de gewoonte is,
uijt welk wederleggent eenvoudig vertoog
gefundeert op clare, en onwraakbare waar
heden, en bewijsen, wij uE hoog Ed=ns op 't
overgelaten, of die sodmoedigst geven te oordeelen, of er wel eenig
gesant wel sos de minste apparentien zijn; om uijt de meer„
gevaarlijk is ge„maals genoemde besending gedagten te formeren,
dat de Commissie van desen gesant soo gevaar„
„lijk"
NL-HaNA_1.04.02_8834_0459.xml,"451
B van
Cormandel den 6. ' Septb„r A„o 1721,
vervolg
„lijk, en vol nadenken is geweest, en vervol„
„gens daer uijt te besluijten een binnen
't Tansjourse fort geconcipieerde en met
duijdelijke woorden versogte Candise reijse
Etc. a, waarom ook teenemaal onnoodig hebben
g'oordeelt om met alle mogelijke applicatie,
gelijk haar Ed: dat meerder te vereijllen,
na te vorssen, wat dog de tansjourse—
met de oostendenaars alleen, dan wel met
de Candianen Conjunctum, in dese tijds
gestalte mogte uijt staende hebben, om dat
we met den eersten opslag ons versekeren
't met die saak geheel anders gelegen was,
en onmogelijk soo conde wesen, dewijl er-
geen andre glinis, op heldering, of ontkonninge
in desen vereijst, dan alleen na waarheijt
te zeggen, soo als hier vooren ook ten over„
overvloede is bewesen, 't een volslage onmo„
„gelijkheijt is geweest, datt'er sodanigen voor
nemen of concept kan gelegen hebben, ver„
„mits 'er als voor segt geen oostendenaars te
deser Custe sijn, en voor al niet in 't Tansjour„
„se gebied, waar voor dat soude hebben kunnen
geschieden, daarom moeten wij voor uE hoog
Ed=ns in alle nedrigheijt betuijgen, hoe bij Con„
„der
g"
NL-HaNA_1.04.02_8834_0460.xml,"Van
Cormandel den 6e. Septb„r A„o 1721
waar uijt dan im„
seltsame applica„
een Eveligheijt is
geschiet, als uijt
voor den dienst
dog waar van niet
meer sullen mel¬
en ander aen 't be„
van haar hoog Ed. s
overtelaten,
„der semertelijk 't ons gevallen is; te zien,
dat meerm: Ed: Heer Cheijlons gouverneur
en raad tot Colombo, van die saak soo groot
een op het, en wonderlijke beschrijving hebben
gelieven te maken, en alles soo seltsaam
te appliceren, met soo veel drivt, dat daar
„mers blijkt, dat dier uij't gemackelijk is aftemeten 't selve ge„
„tien E:, meer uijtschiet te zijn, meer uijt een rust om onse
gedoentens te hekelen, en bij uE hoog Ed=ns op
een regten ijver het swartste actemalen, als uijt een regten
van d' Ecomp=e, ijver voor den waren dienst van d' Ecomp=en
soo als wij met leedwesen in meer andere
brieven bespeurt hebben, dat wij 't haar Ed. s
seer selden van passe cunnen maaken, dog
waar van nu niets meer sullen melden, en
een en ander alleen overlaten aen 't veel
„den, maar 't een wijser oordeel van uE hoog Ed=ns, van welkers
„scheijdene oordeel regtmatig, en gewoone sogtmoedigheijt ons ook
versekeren, dat dese zaak met een gentsch
andre ooge sullen gelieven in te zien, want
indien meerm: zijn Ed: en raad ons in gewone
termen hadden gelieven te verthoonen, de schade„
„lijke gevolge van dat versoek, na hare gedag„
„ten, soo souden wij geen sins versuijmig sijn
geweest, haar Ed: voor die waarschouwing vrien
delijk"
NL-HaNA_1.04.02_8834_0461.xml,"453
Van
Cormandel den 6. ' Septb„r 1721
vervolg van dese
om excuijs wegens
„heijt,
blijven nu op dien
den Essaijeur voorts
versoeken geäs„
„delijk te bedanken, en met eenen te versekeren,
dat d' jntentie zodanig niet had gelegen, -perrode iet versoek
maar soo als de hier voor is verclaart, en daar dies uijtgestrek„
mede zoude alle misverstant ten eersten
uijt den weg geruijmt zijn geweest, 't welk
nu, wij belijden 't Geerne, soo moderaat niet
wel heeft kunnen geschieden; voornament„
„lijk toen wij sagen hoedanig die gantsche—
zaak aen uE hoog Ed=ns was besz:, wij sullen
dese onaangename periode hier mede besluijten„
onder betuijging 't ons bijsonder Leet is, dat
wij uE hoog Ed=ns, daar mede soo lange heb„
„ben moeten ophouden, de munt saken blij„ de munt saken
„ven nu op dien voet gereguleert, navolgens oet gereguleert,
uE: hoog Ed„ns geëert bevel, en sal ook sorg
gedragen werden, d' EComp„e daer ontrent geen
nadeel toegebragt, maar in dat principaal
werk, en ook allenthalven trouwelijk wer„
„de gedient, op datse kome te genieten de
ware voordeelen, die haar Ed: Grood agtb:
alleen, en niemand anders toekomen, ook den in sijn billika
Essaijeur in sijn billike voorstellen, soo veel sisteert,
de behulpsame hand geboden, als vereijschen
sal, gelijk de door hem voorgedrage repa„
„ratien aen de ovens Ettc a, reeds g'absolveert
zijn
Ech"
NL-HaNA_1.04.02_8834_0462.xml,"Van
Cormandel den 6:' Septb„r 1721,
munts bevindinge
desen versellen
met aantoning
van 't daar op
ijvalle verlies
van 2/3 pC to C. ruijm
de vercogte coopman
en tegen aen
ƒ198910. — 19. en
sijn, terwijl desen laten versellen, drie—
latende drie stx stux munts bevindingen, van soo veel parthije
goude ducaten, en slegte japanse Coubangs,
die tot pagoden en fanums verarbeijt, soo
danig een nadeel toegebragt hebben, als
hier onder distinct wert aengewesen, te
weten
mark ons Eng:
116. 5. 14. in 1600 stx japance slegte Coubangs tot
fomums verarbeijd daar op —
verlooren. . . . ƒ 5773. 13. 7.
geert 15 3/4 p„r Cento.
115. 5. 17.½ „ 1600 „ japance ad jdems. . ƒ5698. 15. 1.
comt 14 23/12 pr C=to
ƒ 11472. 8. 8.
708. 4. 13. ¾ „ 60000 „ Europese ducaten
tot pagoden verarbeijt,
daar op gewonnen. . . . . . . . . . . . „ 8212. 2. 9.
maakt 2½ per C=to
de laaste vande eerste getrocken
resteert 'er nog voor verlies. . . . . . . . . ƒ 3260. 5. 16. —
zulx al die partijen door een
geslagen nog aen verlies re„
kenen 2/5 p: Cento ruijm,
shap hebben daer daer en tegen hebben de verkogte Coopman
winst op geworpen schappen aen winst op geworpen, namentlijk
tot"
NL-HaNA_1.04.02_8834_0463.xml,"455
Cormandel den 6'.
van
Septb„r 1721,
bevorderen, is de
staat Copeh ver„
tot Nagapatnam van primo april tot ult„o julij. ƒ 12028: 4: 12.
„ masulipatnam van den 1. ' maart tot ult:o mieij 348302: 12:12.
Palliacatta van p„mo maart tot den
laasten julij. . . . . . . . . . . . . . . . . . . . . . . . . 2298: 6: 12.
sadraspatnam van den eersten april tot
ult=mo julij:. . . . . . . . . . . . . „. . . . . . . . . 145970: —:—.
„ Portonovo in Evengem: tijd. . . . . . . . . . . . . ƒ4310: 16: 10
Somma . ƒ 198910:—:14.
En om den sleet, daer in nog des te beteren
te bevorderen, is op uE hoog Ed=ns Erlange—
qualificatie, 't japans staat coper bij resolu„
„tie van 23. ' julij in prijs vermindert, tot op om den sleet te
p a/o 64. —. de bhaar van 480 lb. ten eijnde prijs van 't japans
daar voor op al de Comptoiren hier om de „mindert,
Zuijd afte staan, en om de noort tegens
5a. 66. p=a de gelijke bhaar, wijl de masu„
„lip=t opperhoovden bij haren briev van 2.'
junij geclaagt hadden, datter geen navra„
„gen bij d' Ecomp=e was geweest, na dat
mineraal, t' sedert 't siams schip de hier
voorwaarts gespecificeerde quantiteijt
daar had aangebragt, met recommandatie
nogtans
„
8.
2
15. —
a"
NL-HaNA_1.04.02_8834_0464.xml,"Cormandel den 6. ' Septemb„r A„o 1721,
Van
„harmoniak,
tot sadras om sijn.
gretigen aftrek
„hoogt,
welke verhoginge
veroorsaakt heeft
Eijsch van 700 l is
nogtans dat se 'sComp„s voordel weder moesten
behertigen, soo ras die Siamse partij sal
gesleten wesen, in soo verre zulx dan
sonder nadeel in den vertier te te brengen,
geschieden kan, sijnde ten selven dage
de salarmoniak hier bij de pakhuijsen be„
„rustende, moeten verlaagt werden, van p=ao
soo mede de sa„ 130 tot op pa/o 125 debhaar, wijl den E: secur„
„de dirk van Cloon toen in rade te ken„
„nen gae, dat se voor d' Eerst gem: prijs —
niet van de hant wilde, daar en tegen,
dog de peper is is de peper tot Sadraspatn: 2 p a/ao p. r bhaar
in prijs verhoogt, nadien den vertier daar so
2 pa/o p. r bhaar ver„e xtraordinair is geweest, datse den 4. ' unij
adviseerden haren gantsen voorraad, Eerst
in maart bevorens uijt d' Magdalena,
daer aen Lant geligt, ter quantiteijt van
343419. ½. lb, op een weijnig na uijtvercogt
was, en daarom sodanigen ruijmer Eijsch
van dien Corl deeden, als onder ult„o —
septemb:r A„o passado hadden gedaen, dewelke
bestont in een menigte van 6 â 700000 ld,
dat haren gedanen ^ egter hebben zij na dato, en soo ras haar
vermindert op die verhooging was aangesz:, de evengem=te
150 Ør lb:— petie weder in gecrompen tot op 150000 lb,
om"
NL-HaNA_1.04.02_8834_0465.xml,"457
Van Cormandel den 6.:' Septb„r 1721
gelast, om de prijs
„quins staav Coper
vernemen, —
item na al de
te dragen, 's comp. s
onder havig werden
&:a,
gesz: d'ontstigtig
wegens de minder
bij na op een bepaalden
„leert te werden. &,
om dat de Coopl: verclaart hadden, soo een
grote parthij als de Eerst gem: tegens de
vermeerderde prijs niet te Cunnen aennemen,
terwijl aen de bediendens van dat Comptoir soo mede aen haar
ook gelast is bij letteren van 25 julij, te moe„an 't japans, en ton„
„ten inquireren na de prijs, waer voor 't japanso madrats te
en toncquins staapooper Effective op Ma„
„draspatn: wert vercogt, 't sij bij vendutie
of uijt de hant, en insgelijx wat quan„
„titeijten jaarlijx daer werden aangebragt,
dog hier op is tot nog toe geen regt be„
„scheijt Erlangd, voorts na al de Comptoire,
dat se voor al dienen te verhoeden de
Coopmansz: of andre goedren van d'Ecomp=e
geen verders, of andre ongeval, comen Compt=re, om sorge
onderhavig te werden, maar bij de minste goedren geen schade
verergering daar van de nodige kennis
gegeven, op dat dan met deselve nog bij tijts
ten meesten voordeelen vand' Ecomp=e cunnen
handelen, of dat anders den genen die daar
ontrent versuijmig is geweest, deselve slmitsg. s haar aan
moeten verhantwoorden, En vergoeden,
daer ook aen gesz:, hoe door uE hoog Ed=ns, wigter, die door haar
niet sonder ontstigting is ontmoet, dat de voet schijnen geregu„
onder"
NL-HaNA_1.04.02_8834_0466.xml,"Van Cormandel den 6'
Septb: 1721
de handel waren
van uE: hoog Ed=s —
eijssen.
Coopmansz: na be„
ingeheurde vaartuij„
g'Excuseert werden,
onderwigten, en minderheden, soo hier als op
de verdere Comptoiren gevallen, den meesten
tijd schijnen gereguleert of geschikt te werden,
bij na op een bepaalden voet, op datse voor
't toecomende daer in Cunnen voorsien,
soo als den gouverneur, de administrateurs
op dit hoovt Comptoir 't selve ook heevt —
verwittigt en gelast, sullende voortaan
ons gebrek aen handelwaren direct van uE:
sullen we direst hoog Ed=ns Eijschen, na mate vanden vertier;
in deselve, gelijk thans geschied bij een
provisioneele potitie, hier na in't bij son„
„der te melden, dog cunnen niet wel Excuseren
dog 't senden van 't senden van Coopmansz: met ingehuurde
„milipatn: met vaartuijgen naar bimilipatnam, om dat onse
„gen kan niet welweijnige Chialoupen en pharen noodsakelijk
vereijsschen tot 't ophaalen der kleede packen,
op de Zuijder Comptoiren, in't vervoeren
der benodigde Coopmansz: en behoevten,
reden waarom na derwaarts, derhalven niet wel soo verre
vande hand gestuurt, en soo lange gemist
cunnen werden, nog de drie thonijs om de
noort in wesen, meer dan een reijse in 't bes„
„te van 't mousson na 't eerstgem: Comptoir
doen, waarom dan volgens al oud gebruijk,"
NL-HaNA_1.04.02_8834_0467.xml,"459
Van Cormandel den 6:' Septb„r A„o 1721
de nat geworden,
„ten in 1719 met de
Sloepmaria op't
generaal vereeent,
q nat geworde par„
„dalena, en haring
de verdre handel waren &. a, met ingehuurde
vaartuijgen na derwaarts, moeten versonden
werden, op vragt, die d' Ecomp=e vrij minder
komt te staan dan de zoonen der inlantse
mattroosen, die men op onse thonijs anders ge„
„noodsaakt souden wesen te huuren, ondertussen
sal de schaden die d' Ecomp=e heeft geladen, bij de schade wegens
de nat geworde en bedorve Linwaten den 29. ' en bedowe limar„
meij 1719, met de Chialoup Maria van
masulipatnam hier overgebragt, ter som„
„ma van ƒ 1682. 2. op 't Generaal ver event,
en voor't toecomende sorg dragen, dat sulke
en diergelijke gevallen, niet meerder ver„
„suijmt werden, uE hoog Ed=s bij tijts bekent
te maken, soo als wij met de Magdalena de bevinding der
en haringtuijn reets tot uE hoog Ed. s hebbenen, met de mag
overgeschikt een bevinding van 4 packen- thuijn, overgeschikt,
Cleeden, die den 29. ' en 30. ' maart inde Chialoup
de Lier, toen g'ankert Leggende voor Palli„
„acatta door de ontstaene storm sijn nat
geworden, daer aen Lant geligt, g'opent, weder
uijtgewassen, herbleekt, en na dato dit heer
gesonden, in gedagten, datter volgens het schrij„
„vens van daar in die tijd, geen meer nadeel
soude gecauseert wesen, maar voorn: Chialoup
even
-"
NL-HaNA_1.04.02_8834_0468.xml,"Van Cormandel den 6:' Septb:r 1721,
de Chialoup de zier
en nog 9 packen.
bevogtigt waren,
van 't her bleken
met de conste vamgven op dien selven mergen stont te deser
alhier bevonden rheede gecomen sijnde, als onse scheepen hier
door 't zee wateruijt 't gesigt geraakten, is bij ontlossing—
van de gantsche Lading ontwaart, datter
buijten dien nog 9 packen door 't zeewa„
„ter waren bevogtigt; en daer in na gedane
opening bevonden,
524. stux goede
62. „ gevlekte, en
34. „ gescheurde
Egter de twee laastgem: parthijen te samen
uijtmakende 96 - stucken volgens 't getuijgenis
der pakhuijs m=rs nog goed om drongrijs van te
scheuren, zulx d' Ecomp=e daer bij anders niet
welkers omgelden veel schade heeft getleden, dan wegens 't uijt„
&.a, bedragen ƒ106.13. 4. wasschen, herbleeken, opmaken & 't welk —
1
hier gekost heeft. . . . . . . . . . . . . . . ƒ 29. 7. 8.
en tot Palliacatta met de ongelden
van weder afpacken en 't geen daar
verder toe behoorde. . . . . . . . . . . . . . . „ 77. 5. 12.
zulx te samen. . . ƒ106. 13. 4.
gelijk uijt de nevensgaende notitie om standig
sal consteeren, en bij een daar annexe gere„
„colleerde verclaring van den bootsman, en
quartier meester, op gem: bodemptje bescheijden
geweest"
NL-HaNA_1.04.02_8834_0469.xml,"461
Cormandel den 6:' Septb„r 1721,
Van
versoek om dat bedra„
gelevert is tegens
bevonde bij de fac„
gebragt, waar voor
sullen ontheffen,
geweest, bij wat toevallen al die packen, sijn
nadt geworden, sulx hier op eerbiedig uE hoog „gen op de beste wijde
Ed„s goedvinden versoeken, om die weijnige en „ te mogen verevenen,
„gelden op de beste wijse te mogen verevenen,
dewijl klaar blijkt gem: cleeden buijten ijemants
versuijm, en alleen door dat swaar ontstuij„
„mig weer, zoodanig zijn bedorven, intusschen
nog vele reden hebben om god te danken, voor
dat deselve chialoup met al watter in was,
toen niet te gronde is gereden, gelijk verscheij„
„de scheepen en vaartuijgen voor Madras,
Sadras, en Tegenepatnam, op die tijd dat
ongeluk hebben aangetroffen, wegens 't een d pakr N:o 2 te kort
pak guinees N.: o 2 't voorleden jaar tot en opneem ter pakk:
batavia te kort uijtgelevert uijt 't schiptuur te veel op
3
meijnden, is door de pakhuijsm=r bij naar sie „ t generaal dan
„ning van de factuur van 't geladene in dien
bodem, tegens den opneem der packen in de
pakhuijsen hier ontwaart, datt'er een pak guinees
bij gem: factuur te veel, en oversulx meer is op„
„gebragt, dat in dat schip effective is afgeladen ge„
„weest, gelijk uijt het berigt der pakhuijsm„rs
duijdelijk sal blijken, waarom 't generaal —
daar voor bij onse handel boeken weder sullen
ontheffen, wanneer 't schip blijenburg na—
nis
5. 12.
dig"
NL-HaNA_1.04.02_8834_0470.xml,"Cormandel den 6 '. Septb A„o 171.
Van
„nen ligten.
„vonden
toen 't schip blijde zuijder comptoire vertrok, is aan de opper„
„enburg na portono„
hoofden tot Portonovo gelast, met dien bo„
„vo vertrok, is geor„
„donneert te moeten domn te moeten beproeven ofse 't bekende an„
beproeven of 't anker
ker van de Magdalena, of haring thuijn daer
daer mede niet uijt
de gront soude kan in de gront gebleven, zoude kunnen thuijs krijgen,
mits dat daar mede geen de minste tijd
verzuijmt, nog dat schip daarom eenigsints—
mogte opgehouden werden, en sij haat ten dien
eijnde daarom bedienen van het advijs der
scheeps overheden; maar sij berigten ons den
dog vrugteloo s b„a 6. augustus, hoe alle aangewende moeten en
arbeijt t' eenemaal te vergeefs was geweest, ver„
„mits dat anker niet beijde handen soo diep
in't sant zegt geweld, dat het onwrigtbaar
is, schoon daer op soo veel force was gebruijkt
datter 2 gijen blocken, 1 Looper, 1 paardelijn,
en 1 boeij reep van 9 duijm door gebroken —
waren, sulx den schipper, en de stuurlieder
hadden geoordeelt, alle verdre onderneminge
tot het ophalen van dat ijser, maer gantsch
vrugteloos soude wesen, en 't daarom als ge„
„noegsaam verlooren moet geagt werden, —
bij occasie van dat onheijl, onse schepen toen
overgekomen, seer Largo beschreven in onsen
jngsten van 3. ' meij is uE hoog Ed. s met eenen
gecom"
NL-HaNA_1.04.02_8834_0471.xml,"463
Cormandel den 6en. Septbr 1721
Van
den trancquebaar sen
gouverneur heeft sijn
bereijd willigheijd —
in onse verlegent
selven om met 4
„rieft te werden
„pens hem zijn g'accor„
gemelde incoops prijs
Cepteert, en doar
voor pa/o 101. 4. in cassa
gecommuniceert, hoe bereijdwillig sig den heer deens
gouverneur tot Trancquebare
getoont heevd,
om d' Ecomp„en in die verlegentheijt uijt de nood te hoijt gehoort,
helpen, met ankers en touwerk, alhoewel nog soo
geluckig zijn geweest, door 't thuijs crijgen
van soo veel der verloorene dat wij deselve niet
hebben benodigt; nu is na dato gebeurt dat dien
selven heer gouverneur, door gebrek aen Cabel tou„
„wen, van ons heeft versogt, om met 4. d„os Eijge„ na dato versogt den
sprongen te mogen werden, en naardien onsen squn ^ abeltouwen ge„
„pagie op sigter verclaarde datter dier gelijke tou„
„werk hier bij de pakhuijsen buijten gebruijk
lag en bij gevolge maar verstikte, soo zijn
conform raads besluijt van 27. ' meij aen dien dewelke in recom
deensen gebieden, om te recompenseren zijn voort„ d„t woorde nevens
„ge beleevtheijt, de volgende touw werken tegens
de incoops prijsen afgestaen, als,
1 p. s holl. s touw van 9 d=m kost onde. . . . . ƒ 306. –.
1 „ _o. . . . . „. . . . . „. . . 7. . . „. . . . . . „. . . . . . . . . . . „ 250. —.
1 „ _„o. . . . „. . . . „. . 6. . „. . . . . „. . . . . . . . . . „ 204. –.
1„ _„o. . . . . „. . . . . . „. . 5. . . . „. . . . . „. . . . . . . . „ 153. –.
gelijk die bij hem ook zoodanig ten dank geac„die bij hem geac„
„cepteert, en hier in 'scomp. s Cassa zijn doen be„ betaalt is,
„tolen, met p/a 101. 9. in hoope dit van uE hoog Ed=ns
approbatie sal wesen, dewelke daer op bij desen
eerbiedig versoeken, den 3 julij is van gale hier
geretourn„t
gen,
ts
dien
ge
e
„
toen"
NL-HaNA_1.04.02_8834_0472.xml,"Van Cormandel den 6. ' Sepb„r 1721
ontheft is,
voorts ons door die
&a, en 't nevens gem:
toegecomen,
waar van een Carba
verongedukt zijn,
't scheepje van wel geretourneert 't scheepje van den inlander Weelappa
„lapa en moddelij van
gale met peper ger: moddelij met een quantiteijt van 295760. lb
„tourneert, heeft op
zijn mede gebragte ronde peper op onsen Eijsch, waer op te kort heeft
lading ¾ pC=to te cort
gelevert waar van uijt geleveert, 4391. ld berekenende 1¾. ruijm pC=to,
dewelke als niet Excederende volgens resolutie
van 18 d„o op winst en verlies sijn afgesz:, onder„
„tusschen ons door de goede voorsorge en ordre van.
den Edele heer raad ordinares en Cheijlons gou„
verneur Isaac Augustin Rrumpf en raad tot
Colombo, successive van daer, Jaffanapatnam,
van Colombo, affanapil:, toegecomen, en bestelt zijn, de hier voorwaarts
gemelte,
22650. lb. ruinas wortel
7000. parnas metselcalk
360. d„os taggresaad
30000. enk: kranssen basthout
100000. p. s jagerbollen
265. „ palmeeren van 3.
uijt een boom
1000. „ d. os. . „ 4.
1336. „ palmeer Latten
3. kassen perciaanse kraak amandelen
3. _.„os _=o pistasjes
35. d. os _=o Claret wijn,
Claret, en 8 Cassen waer van 1. Carba tot Jaffanapatn is gebroken
E„n wijn met een bevonden volgens nevens gaende Copie verclaring
inlants vaartuijg -en na luijd van twee andre d=os zijn er 8 lasten
diergelijke wijn voor dit gouvernement afgestoken,
met een inhants vaartuijg boven Callickelauw,
benesin
."
NL-HaNA_1.04.02_8834_0473.xml,"465
Van Cormandel den 6. ' Septb„r 1721
item voor batavia
die alle in brenger
deses zijn afgescheept
wijders van hier de
volgende lijwaat—
packen na jaffanap:m
monsson ook na Colom
al de gestampte rijs,
en haar voorts soo
ras mogelijk versien
hier comen te eijsschen,
benevens de gantse inlading verongelukt, soo
dat het daer op varend volk ter nauwernood
haar leven hebben kunnen salveren, wijders
voor Batavia
1. pak roggevellen
81
4. d. os roode parcallen
0
1. _. o _. o chiavonijs
4. d. os _. o gingams
1. _. o _. o tutucorijn se moeris
die alle in brenger deses zijn overgescheept, exepto
de roggevellen, daar en tegen van hier na Jaffa„
„napatnam gesonden,
39. packen diverse Limwaten voor de roodverwerij gesonden,
aldaar
3. _. os doepetijs leij de Caljeniere, en
1. _. o hooftdoeken voor Trincquenemale
soo als in't aanstaande mousson ook na Colombo gelijk in't aanstaan
sullen stieren, al darijs die wij gestampt kunnen bo sullen stuuren
crijgen, terwijl tegenwoordig 262' Lasten hier
gereed leggen, en voorts al de nelij die wij be„
„nodigen tot 't Compleet voldoen van den Eijsch van
daar, inmiddens 't altijt van onse uijtterste betrag„
„ting sal wesen om dat eijlant na volgens uE
hoog g'eerde recommandatie, soo ras mogelijk te met dat gene sij van
versorgen, van 't gene uijt dit gouvernement
telkens komen te eijsschen, om alsoo haar Edele
buijten
pa
heeft
i
tie
„
tot
,
m
waarts
ken
rclaring
lasten
ken,
w,
nk"
NL-HaNA_1.04.02_8834_0474.xml,"Cormandel den 6e. Septb„r 1721.
Van
„sane wert tegens
verkogt,
die granen voor d'
regent van 't dorp
schoon de geregtigh.:t
„taald,
was, deselve van daar
doenelijk met goed„
„heijt, soo niet dan
door gewelt;
de minste tegenstand
„men
niet gemelt werden,
tot october aanstaan
buijten verlegentheijt te houden, de witte nelij
de witte nelij pespessane wert tegenwoordig hier op de basaar vercogt,
8½ maat p„r fanumtegens 8. 1/8. item de rijs a 3. 5/8. maten p„r fanum,
en 't is inde maand junij jongstl: gebeurt, dat
een van deland regenten in seker dorp genaamt
Coertje, onder 't gebied van den Tansjour gelegen,
210 osse dragten van digt bij 's Comp. s dorp Nertemangelam, heeft
Eoomp=n ingekogt doen aanhouden, 210. ofse dragten van die granen,
wierden door den dewelke voor de Ecomp=e waren ingecogt, sonder daar
koertje aengehouden van eenige reden te willen geven, schoon de
daar voor was begewoone geregtigheijt daar voor was betaalt,
waarom bij resolutie van 13. ' d„o goet gesonden,
om sulke onredelijkheden telkens niet onder„
't besluijt daar op havig te zijn, ten eersten 20 pions onder een
e
te doen halen is ^ hooft derwaarts te stuuren, met ordre. —
gem: partij nelij eerst door sagte middelen,
en soo dat niet Lucken wilde, dan met
gewelt herwaarts te brengen, 't welk ook
van dat succes is geweest, dat de aanhouders
't geen ook sonder haar voor de Comst van ons volk hebbende
heeft gevolgt geno„t soek gemaakt, sij deselve seer gemackelijk,
en sonder de minste moeijte hebben kunnen
vande schenckas afvoeren, en hier binnen brengen; van de
reparatien &=a, sal timmeragien, en reparatien, item schenckagie, en
maar uijtgestelt onderwigten &:a, sal in desen niets gemelt werden,
ten eijnde d' een en andre te samen aen uE hoog
Ed=ns
„de"
NL-HaNA_1.04.02_8834_0475.xml,"467
Van Cormandel den 6. ' Septb„r 1721
eenelijk wert hier
bekostigde aen 't
fortje geldria op
„event, en
menigvuldige defecten
als in evengem: tijt
te werden, dog on„
„deelt, de tegene p=r Co„
te laten verblijven,
Ed„ns beknoptelijk te verschoonen bij ons volgende
schrijvens in d' aanstaende maand october, over Cheijlon,
op dien voet als den voorleden jaare begonnen is,
maar alleen in antwoort op uE hoog Ed. s g'eerde
missive aengetrocken, dat 't becostigde aen 't
fortij Geldria ter somma van ƒ9739. 2. 12. reets aan gehaalt, dat 't
op 't generale is verevent, en door de bedienden generaal is ver„
van daer bij een omstandig raport weder sulke
meenigvuldige defecten en gebreeken, die op nieuw
aen 'scomp. s gebouwen en 't Casteeltje daar ont„
„waart zijn, opgegeven, als wij uE hoog Ed=ns dan
ook eerbiedig sullen voordragen; zijnde bij raads na dato weder, zoo
besluijt van 23. ' julij onder derselver goedkeure van daar opgegeven,
voor 's Comp. s belangen 't best g'oordeelt de-staan voorgedragen
Logie tot Tegenepatnam nog in sijn omtrek der goedkeure g'oor„
laten verblijven, en voorts 't gene tot nodige huijsi gie in sijn omtrek
vesting vanden resident vereijst, maar de verdre &a,
gebouwen binnen deselve te doen afbreken,
om ten voordeele vand' Ecomp=en te vercoopen,
dewijl van gedagten zijn het verblijv van een
resident aldaar noodsakelijk is, om voor 'scomp. s reden waarom
brieven, dewelke dien weg moeten goen, en —
keeren, een onbelemmerde passagie te behouden,
en ook principaal in tijden van oorlog 't sij—
met de Engelse, of francen, van na bij een
oog te cunnen in 't zeijl houden, en op der
selver
5"
NL-HaNA_1.04.02_8834_0476.xml,"Van Cormandel den 6. ' Septb„r A„o 1721.
dank betuijging
approbatie op vdele
„vens gem: voor de
„ging en gagie en
qualiteijt
mitsg. s dese, voor„
g'admitteert zijn
met nader ver„
te Costgelt,
selver gedoentens naauwkeurig agt te geven;
voor de gunstige wij bedanken uE hoog Ed=ns op het oodtmoedigste
onse gedoentens voor de bij sondre Gunstige approbatie op veele
onser gedoentens en verrigtingen ten diensten
van d' Ecomp=n, soo als ons ook versogt hebben.
haar nedrige dankbetuijginge aen uE hoog Ed=ns
item vande nete doen den Eerw: predicant Iacobus de
erlangde verlopJong, den fiscaal Adriaan Pla, den
adigaar Balthasar van duijn 't portonoves
opperhoovt Willem van Tijll, en den fac„
„tuur houder Cristiaan Poleman voor de
erlangde favorable verhooging in Gagie en —
Qualiteijten, onder betuijging haar die bijsondre
weldaden, en die nog verder van uE hoog Ed=ns
goedheijt verwagten, door goede en getrouwe
diensten te sullen waardig maken, zoo ook
den eersten Eerk Willem Crielaart voor 't
become onder Coopmans tractament, item Gose
Willem van Lawik, Boetius Cagias, Isaac de
Graaf, Hendric Olijvboom, abraham van
de Casteele, en wouter de Iong voor 't
assistente Costgelt, mitsgaders Gerrit wes„
mit ea desoeen trene Gerrit Zoon, Tomas van Outvelt,
Jan Croes, Pieter de Clercq, en Hendrik
„soek om 't assisternilhelm voor dat uE hoog Ed. s haar soo gun„
„stig aende pen hebben gelieven te admitteren,"
NL-HaNA_1.04.02_8834_0477.xml,"469
Van Cormandel den 6. ' Septemb„r A„o 1721,
van uE hoog Ed=ns
„ten aansien vanden
t Capitain Luitenant
en onder Coopman
de sterre, haar be„
„kent gemaakt
dank betuijging voor
krankbesoeker, en't
„derhoud van ses gega„
palliacatta, mits't
bootsman, om een
de drie eerste op dit hooft Comptoir, den vier„
de tot Masulipatnam, en den Laasten tot
sadraspatnam bescheijden welke vijf laastgem:
haar onderdanige versoeken, om insgelijx met 't
assestente Costgelt te mogen begiftigt werden,
wij uE hoog Ed„ns nu op 't eerbiedigst voordragen
ten welken Eijnde de drie hier presente hunne
requesten nu ook mede overgaen, zijnde voorts- voorts is 't besluijt
uE: hoog Ed=ns besluijt, ten aensien vanden Cap
„tain Luitenant Hans Iacobz: Castra, en
onder Coopman Cornelis Boudewijns de
Sterre, haar becent gemaakt, nog betuijgen wij
onse dankbaarheijd voor 't toesenden vanden
Crankbesoeker Adriaan verweij, die den 10. ' aug: den overgesonden—
na zijn bescheijden plaats is voortgeschikt, continuerent on„
ook voor 't Continueerent onderhout aen ses„geerdens & a,
gegagierde persoonen, tot welkers vervolg nu we„
„derom versoek doen bij een naam rolletje, van
seven gelijke persoonen, terwijl op uE hoog Ed„s
requesit rakende den Constabel Jan Pel„
in antwoort dienen, dat de Palliacatse opper„ feb:r a. o 1716. is van
„hoofden den 17. ' februarij 1716. versogt hebben overlijden, van den
om een ander bequaam persoon in plaats van ander versogt,
den overleden Bootsman Jan gerrits: maar den
gouverneur De visser den 14. ' april daar op heeft
doen"
NL-HaNA_1.04.02_8834_0478.xml,"Van Cormandel den 6. ' Septb: A„o 1724,
sedert welken tijd
als constapel, en
heeft waargenomen
reden waarom
waar op haar hoogh
p„r naasten sullen
onder Goed Ceure
politique op dit
„danig te laten
doen antwoorden, hij sulx onnodig oordeelde, tse„
Jan Tol den dien„ dert welke tijd gem: Jan Pel die beijde be„
bootsman daar „ dieningen heeft waargenomen, om dat volgens
't getuijgenis van deselve opperhoofden, daar
soodanig een persoon noodsakelijk vereijscht,
die bij de aancomst van 's Comp. s schepen en
vaartuijgen, de uijt en in scheping kan bevor„
„deren, en ook voorkomen, de diserijen der in
lantse koelijs, die daar toe gebruijkt moeten
werden, welkent halve dan p„r naasten uE hoog
Ed=ns goedvinden sullen afwagten, of voorsz:
Ed„ns goedvinden Jan Pel dusdanig zal continueren, en wat
afwagten, en meer als zijn nu winnende zoldij mogen toege„
„legt, dan of tot de bootsmans tunctie een
ander persoon sal moeten gebruijkt werden,
sijnde bij raadsbesluijt van 23. ' julij onder uE
geresolveert, de hoog Ed=ns goed keure geresolveert de politique
hooft Comp=te nog soo vergadering op dit hooft Comptoir nog soodanig
te laten alsse nu is, tot dat bij verschansing,
vertrek, of versterf van eenige der Leeden
uijt deselve, tot op 't getal van gkan gekragt
werden, dog indien dit van uE hoog Ed=ns appro„
„batie niet mogte wesen, wert aan der zelver
goedvinden overgelaten, wie daer uijt gelieven
te dimoveren, volgens resolutie van 28. ' april
is"
NL-HaNA_1.04.02_8834_0479.xml,"471
Van Cormandel den 6. 'n Septemb. 1721. —
g tot geswoere clercq
aengestelt den assis
„stent merkman,
en mits tijds expira„
„tie tot boekhouder
Pall=a den boekh„r
vos van daar herw„ts
te ontbieden, en in
te senden den p=l
g'accordeert een
„ser aen te stellen
om den gegageerden
te laten herw=ts
is tot geswore clercq deser secretarije aenge„
„stelt, den assistent Iasper Merkman, en
mits tijds expiratie met eenen verbetert tatt
ƒ24. tot boekhouder met ƒ 30. —. ter maant, onder
een nieuw verband van 3 jaaren, en bij die van
20. ' meij in steede van den overleden scriba tot scriba van
tot Palliacatta Ian Pieter Riekeliet ver„ gast,
„kooren den boekhouder jan de Gast, ook best
gedagt den assistent Jacob de Vos, die t sedert.
het overlijden van voorn: Riecketiet, dessels — den assistent de
plaats provisioneel had waargenomen, herwaarthies plaatse weder
te ontbieden, om sijn dienst te laten doen, d„o van Coeverden
en daer weder heen te senden, als pennist
den provisioneel assistent Gerrit van Coe„
„verden; en conform die van 23. ' junij aan de
bediendens tot Masulipatnam g'accordeert,
den inlander Paulus Paulusz: tot portu„ ook tot mast:
„gees voorleeser daar te mogen aenstellen, met portugees voorle„
een belooning van 2 pag: 'smaands, mits dat en
uijt de Gecollecteerde penn:, en met 'scomp. s
wegen sal mogen betaalt werden, en aen die—
van Palliacatta om den Gegagieerden Crank aen die van Pallicat:
besoeker Martinus van Houssen, bij naaste krank besoeker—
occasie te mogen laten heerwaarts komen, om komen
dat met sijn tractement van 6. rijxd. s daar onmo„
„gelijk bestaan kan; wijders volgens besluijt
van
en,"
NL-HaNA_1.04.02_8834_0480.xml,"Van Cormandel den 6. ' Septb„r A:o 1721,
jacob jacobs: zijn
presteren, en
voort dat Compt:
aengestelt den
sold„t hendrik
pietersz:,
„nare verbeteringe
wijders jacobus
„patn: jan Cracouw
palliacatta en
palicol in dienst.
van 23. ' julij goed gevonden, den krankbesoe„
en den krankbe
her dirk abrahams van Masulipatnam
hier te ontbieden te ontbieden, ten eijnde sijn dienst voortoen
om in plaats van
den overleden d:o op dese hooftplaats te presteren, in stede
dienst op dese van Iacobus Iacobsz:, die den 2. ' bevorens
hoovt plaatsthier overleden is, en wederom tot krankbe„
„soeker voor dat Comptoir aengestelt op 't voor„
„dragen van den predicant Iacobus de Iong,
tot krankbesoekerden Coster Pieter Soets, en hem te gelijk —
koster Pieter Cots verbetert van ƒ 20. tot ƒ 28. ter maand, om daar
voor zijn Loopent verbant, uijttedienen, ook
en tot coster den tot Coster in sijn plaats laten optreeden, den
soldaat Hendrik Pieterse, en den selven
verhoogt in gagie van ƒ9. tot ƒ16. en twee
realen Costgelt ter maand, wijl sijn verbonden
tijd uijt was, onder een nieuw verbant van
voorts eenige ordie. 3. jaaren, voorts alsulke ordinaire verbeteringe
aen de sommige toegestaen, als daar bij uijt
gedrukt werden, en insgelijx inde Copie Ac„
„tens daar van overgaande; ook in 's comp. s
prins van naga„ dienst aengenomen voor soldaten, Iacobus —
van tegene patn: d=o Prins van nagapatnam van Competenten ou„
Hackaart van „derdom met ƒ9. Ian Cracouw van tegenepatn:
jacob jans: van met ƒ 10. Dirk Hackaart van palliacatta
aengenomen, insgelijx met ƒ 10. en voor hooploper Jacob
„soeker van masz:t
Jans"
NL-HaNA_1.04.02_8834_0481.xml,"473
Van Cormandel den 6. ' Septb„r 1721
en verselt desen
Evert Wigtman
te gaan,
„andering ind' colle„
Comptoir, en
is aan den directeur
transport na ba„
raadh. s T: middelburg
aen zijn E: verstreckt
jans.n wittebrood van Palicol met ƒ7: ter maant
alle onder een verbant van 5. jaaren, terwijl„
se en ook de voorig aengenomene, volgens
uE: hoog Ed„s gueert bevel tot die diensten
sullen gehouden en niet aen de penne
getrocken werden, nog ook geen andre —
persoonen, dan bij de alderuijtterste nood„
„saackelijkheijt, alleen laten wij desen ver„
„sellen 't request van Evert Cornelisz: een request van
wigtman van Nagapatnam, ten eijnde om tot de pmover„
uE hoog Ed„s gunste te verwerven, om mede
aen de pen te mogen g'emploijeert werden,
volgens resolutien van 23. ' en 29. ' julij zijn soo„
„danige veranderinge inde collegien op dit hoort wegens de ver
Comptoir gemaakt, als bij deselve besz: staange op dit hoort
en bij die van 8. ' en 23. ' augustij g'arresteert
den heer directeur ingenieur Pieter Gijsbert
Noodt, van Cheijlon hier overgecomen, ten ingemeur Noot, tot
eijnde na Batavia voor't te vaaren, Traadtavie verleert, 't
huijs van middelburg tot zijn E:s transport &:a,
te verleenen, en geduerende de reijse 't voeren
van de wimpel te defereren, ook tot comhunph tot consumptie
comsumptie aen denselven verstrekt, 't nevens grende, en
60. rijxdaalders in Contant.
2. kassen perciaanse wijn.
1 vat"
NL-HaNA_1.04.02_8834_0482.xml,"Van Cormandel den 6.:' Septb„r A„o 1721,
mits 't overlijden
op gem: bodem p„l
aengestelt den ou„
ladingen van de
schepen, sijn sooda„
1. vat hollants bier
200. lb inlantse boter
8. cannen olijven olij
16. _„os hollandse azijn
24. lb wax Caarsen
6. _„os specerijen in soort, en
2. stx: gem: geb=lt guinees, —
en op 't versoek van den schipper op evengem: bo„
van den opperm:t „ den Iacobus Delicourt bij provisie tot op„
perchirurgijn aengestelt, den onder d„o Gidius —
„der _„o Lenars Lenars van mechelen, bereijds winnende ƒ24.
ter maant, in stede van Cristoffel Ruijse„
„naar van Goor, die onderwege op dat schijs
gestorven is, mits dat de daer toe staende
absolute qualiteijt en gagie aen uE hoog Ed=ns
sal moeten versogt, en vercregen werden,
de overheden der voorwaarts Genoemde drie, nu
d'uijtgeleverde hier aengeweest zijnde scheepen, hebben hare
drie van Eeengem: ladingen op dit hoovt Comptoir op die wijse ver„
„nig verantwoort antwoort„ als de daar van overcomende be„
als de hier nevens.
vindinge specifice zullen uijtwijsen, en onse
gem: bevindingen
en nadere gedane besluijten van 6. en 23. ' augustij, dat dewijl —
informatien dat
duijdelijk comen aen Blijenburg te cort had uijtgelevert;—
te toonen,
5766. op 115575. le swarte peper, berekenende 5 ten
hondert"
NL-HaNA_1.04.02_8834_0483.xml,"475
Van
Cormandel den 6. ' Septb„r 1721,
vervolg van de Lading
3
op hondert verzies,
2. . „ 30. stux molen plancken
2. „ 100. d=os jattij duijgen, en
50. „ stx tinkanse planke.
wij d' overheden 3. pC=to vande peper hebben
goed gedaen, om dattse vrij stoffig is bevonden,
maar voor de rest op haar reecq: belast,
soo ook vande evengem: hout werken, sijnde
al 't overige als redelijk wel bij ons wel ge„
passeert, — dat voorburg
3693 op 90450. lb swarte peper tegen 4 1/16 prC=to
ruijm verlies uijtgemaakt, te cort gecomen,
die overheden ook 3 pC=to is goed gedaen, om
redenen voorsz:, en sij voor rest in sgelijx
op reecq: belast, maar uijt 68 kisten nooten
muschaten, 57 d=os bevonden zijnde aengestoken,
nat, of vogtigh, sommige daer van bedurven,
en van binnen vermolsemt, dog van buijten
droog, gelijk ook de kisten, en in eenige —
de nagulen klam en vogtig, zoo ook die bij
de nooten gestort waren, goed gevonden is, voorm:
kisten met nooten en nagulen door twee
gecommitteerde heeden uijt den raad, ten over„
„staen van den fiscaal, nog eens nader en Exact
te doen besigtigen, en visiteeren, om na geda„
ne verrigting daar van een net raport te
over"
NL-HaNA_1.04.02_8834_0484.xml,"Van Cormandel den 6'
Septb„r A„o 1721
over te leveren, ten eijnde derwegens te
kunnen disponeren, na behooren, behalven
dien ook in vergadering geroepen den schipper
en boekhouder van dat schip, en haar af„
„gevraagt, hoe 't bij gecomen is, dat de na„
„gulen en nooten zoo vogtig, en g'invecteert
geraakt, en op wat plaats en wijse deselve
in 't ruijm geborgen sijn geweest, en zij
daar op een parig verklaart hebben, dat die
Cisten met specerijen haar op Batavia
soo gesloten, sonder te openen, bruto toege„
„wogen, vervolgens na boort gebragt, en ag
„ter in't schip op de peper geset zijn, waar bij
geen de minste vogt of nattigheijt komen kan,
en dat den opperstuurman, en andre mindre
officieren op dien bodem bescheijden, wanneer
onderwegen in't ruijm zijn geweest, telkens
hadden berigt dat zij voorm: specerij cisten
uijtterlijk wel, en na behooren hebben bevinden,
waarom sij ook sustineerden dat meermelte
specerijen soodanig al op Batavia moeten
zijn, gestelt geweest, 't geen door een gerecob„
„leerde verclaring van die onder officieren,
desen bijgevoegt ook wert bevestigt, door gecoman:"
NL-HaNA_1.04.02_8834_0485.xml,"477
Van Cormandel den 6:' Septemb:r 1721,
't raadh. s v: middel„
lading redelijk
en fiscaal ons voorsz: besluijt volbragt we„
„sende, hebben zij daer van soodanigen raport
overgelevert als ter resolutie van den 8. '
dito is geinsereert, en alsoo daer uijt
consteerde, dat de nagulen soo afsonderlijk,
als bij de nooten gestort, wel wat klam„
egter nu passabel en vendubel, maar van
de nooten volgens de bevinding der ordinaire
gecommitteerdens, eenige bedurven, aangestoken,
nat of vogtig, en sommige van binnen-
vermolhemt, dog van buijten droog bevonden,
waren, en soo ook de Cisten, en nu nog dro„
„ger als bij den aanbreng, is ten selven
dage geresolveert de nagulen, als lever en
vercoopbaar aen te neemen, maar de nooten
te doen garbeleren, en de quade van de goede
afsonderen, om de cooplieden geen reden van
klagen te geven, ook geen installigheijd —
in die handel waaren te veroorsaken, en
dan d'ondeugende weder na Batavia te
senden, zijnde de rest van die Carga gepasseert,
en die van 't raadhuijs van middelburg in „ berg heeft zijn
't geheel redelijk wel uijtgelevert, en daar verantwoort,
in t' overbevonden de 50 stx: tinkanse plan„
„ken
n:s"
NL-HaNA_1.04.02_8834_0486.xml,"Van Cormandel den 6. ' Septb„r 1721,
planken t' over waar
blijenburg zijn be„
't huuren sullen
vercogt werden,
tegens de zee
roovers
raadh. s aan de wal
getrocken,
en daar en tegen 1. Zergeant
wal weder op geplaasz.
en de 50 tinkanoeken, waer voor d' overheden van blijenburg
L
voor d'overheden van op reecq: sijn belast, zoo datse daar voor
nu weder zijn onthoft geworden, Eenlijk sijn
de Bieren, soo ook die van de twee andere
de bieren al aenscheepen, doorgaans vrij slegt, huur, en be„
bij vendutie moete„ dorven bevonden, soo datwe genoodsaakt sul„
„len wesen de meeste bij vendutte te vercoo„
„pen, voor 't gene gelden mogen, de waaksaam„
recommandatierheijt tegens de swervende zeerovers, waar
van hier Egter nog geene vernomen, of ijets
verder gehoort hebben, is de scheeps overleden
met veel ernst aanbevolen, en op die bo„
„dems ook gelaten de manschap die door uE-
hoog Ed=ns tot versterking van deselve, om des to—
beter in staat van tegenweer te wesen, doar
op zijn doen stellen, eenlijk sijn er eenige ge„
„ruijlt tegen andren, die haar verbonden tijd uijt
waaren, en geerne van hier verlost wilden wesen,
als,
Delf man saat van't raadhuijs van Middelburg.
6. soldaten, en
5. mattroosen,
daar en tegen van de wal weder op dien bodem
geplaast,
soldaten. item
4. mattroosen
thien man van de 1. Corporaal, en
van
8
„last,"
NL-HaNA_1.04.02_8834_0487.xml,"479
Van Cormandel den 6. ' Septb„r A„o 1721,
van blijenberg thien
man, en
daar weder op geset
thien man,
van voorburg agt
man, en.
vijf in diesplaats,
van de Lorrendraijers
bedeelen,
vijf stux reeqn: van
versoek dien op de roe van
Van Blijenburg
1. sergeant, en
8. soldaten,
1. Quartier meester, en
3. mattroosen, daar onder een siek in't hospit. e,
van Lant daar weder op geset,
1. sergeant.
8. soldaten, en
1. bosschieter
Voorburg
van
5. saldaten. En
3. mattroosen daar onder een Coksmaat
van de wal weder daar op
9. soldaten. en
1. jong mattroos uijtwijsens de bij gevoegde van de wal weder
naam Rolle,
ten aansien van de Lorrendraijsters, hebben
wij uE hoog Ed=ns 't voorleden jaar niets anders is niets nader te
kunnen berigten, als toen Gedaan is, om dat
ons de advisen van buijten ontsraken, en nu
daar van geen meerdere specialiteijten bedeelen,
als reets hier voor, en in onsen briev van 3. '
meij omstandig zijn besz:
voorts Leggen hier nevens
5 stux origeneele rekeningen van den overleeden„ de Hend:k anszoon met
constabel tot Palliacatta, Hendrik Janszoon
waar
en,"
NL-HaNA_1.04.02_8834_0488.xml,"Van Cormandel den 6. ' Septb„r 1721
gestelt werden,
sijn over begane
gebrantmerkt, en
inde ketenen ge¬
„chonken,
negotie papieren
in een apart kas
van contanten &a
waar meden ter
gerieft werden.
eijndelijk volgt dede
authorisatie mogen, waar op te goet staat ƒ 352. 13. 5, volgens regis„
„ter, en daar annex testament, die weesmeesteren
deser steede Eerbiedig versoeken dat gestelt
mogen werden op de rolle van authorisatie, tot
erlanging van Qualificatie, om dat bedragen
aen de Erfgenamen vanden overledenen hier
te mogen uijtkeeren, een Crimineele senten„
drie slaven „tie van drie stux Lijf eijgenen van den
diefstal, gegeeftelhe stor van Abram davitsz, en zijn weduwe—
&„a, over begane diefstal aen de goedren van
haar Lijff vrouw, door den raad van justitie
alhier den 20. ' meij gecondemneert, om gegeel„
„selt, gebrandmerk, en voorts inde ketenen
geklonken, voor altoos slaven van d' Ecomp=e
diverse soldije, en te blijven; Een apart Casje, met zoldij boe„
ken en andre papieren volgens een bijsonder
register;
een d„o noorder Chormandelse negotie boeken
en
item een Eijsch Een provisioneelen eijsch van Contanten coopmansz:
en andre behoeften die eerbiedig van uE hoog Ed=ns
spoedigsten mogen versogt, dat hoe eer hoe Liever mag voldaen werden,
en eijndelijk een factuur, Cognoigsement, en
onkost rekening van 't geladene in, en verstrek„
„te aen desen bodem,
lading van 't schip de Carga bestaat in
2 pakk"
NL-HaNA_1.04.02_8834_0489.xml,"481
Cormandel den 6. ' Septb: A„o 1721.
Van
30.
En
2. packen guinees fijn gebleekt
71. „ guinees gem: ruw
„ gebleekt
„
„
446.
„ bruijn blauw
„
„ bleek blauw
6. „
13. „ salempoeris fijne gebleeckte
„. . . . . gemene ruwe
„. . . . . gem: gebl:
„. . . . . . br: blauw
45. „ parcallen gemeen gebleekt
ruwe
br: blauwe
„:
1. „ moeris fijne smalle gebleekte
grove gebleekte
„ fijne witte van 2½ Cob=s
„ 3 Cob. s
„
18. „ baftas witte
„ bruijn blauw
31. „ bethilles oti saals
„ fijne breede gebleekte
„ fijne smnalle gebl„te
„ grove breede _„o
„ smalle _„o
ijle gebleekte indijse soort van
digter en fijnder geweeff,
„ ternatanes
994. packen die transporteren
„
„
6. „
32. „
28.
994 pack: p„r transp„t
12.
163.
„
„
1. „
18. „
3.
2. „
2.
„
„
15.
12. „
11. „
7.
19.
„
„
rek„
„
„
„
„
„"
NL-HaNA_1.04.02_8834_0490.xml,"Van Cormandel den 6:' Septb„r A„o 1712
994. packen P„r transport
5. „ bethilles gem: gebleekte
„ madrepakse bethilles daar onder
4.
3 packen van 3. , en 1 d. o van 2¼ Cob=s
bruijn blauw bethilles
3.
„ bethillese dacken gebleekte
4.
gingam taffachelas met fijne gamene
1.
en witte streepen,
2. „ gingam taffachelas
„ onderbroeks gingam na thien der Ge„
2.
„ventien derhande staalen,
„ Cambaijen fijne met groote hoofden
3.
en cleijne boorden
„ Cambaijen ruwe
3.
bramdams
2.
1. „ chiavonijs gebleekte
16. „ drongam gingam
3. „ dongrijsen van 18 Cob. s
2. „ ruw kleijn zeijldoek
2. „ gebleekt Cleijn _„o
13. „ taxes sabagij Leijleij
10. „ taxes java Leij de maleija
4. „ tapes kirepattij
2. „ tapes tamerekaij
„ taxes tajatoe banda
1.
-
1077. packen die transporteren,
1077 pack
„
„
„
„"
NL-HaNA_1.04.02_8834_0491.xml,"483
Van Cormandel den 6. ' Septb„r 1721,
welke met zijn onderlaag
bedraagt ƒ466491: 5: 8:
't slot
met welk Cargasoen
't schip sijn volle
1077 packen p„r Transport
7. „ negros Cleeden
6. „ pattemarapoe
4. „ fijne geschilderde chitsen
4. „ roode parcallen
1. „ roode chiavonijs
1. „ roode moerissen
4. „ roode gingams
2
1104. packen diverse Cleeden bedragen te
samen. . . . . . . . . . . . . . . . . . . . . . . . . . . ƒ435799. —. -
1. _„o of 6 corg. s Cattoene mans en vrouwe coussen „ 265. — 10. 8
1584. - 18. –
62768. lb kleen calliatourhout aen 2600 stucken. „
—. —.
. -
253. „ stoff gruijs &=a, van specerijen ongeschat„
5. p. s onbruijkbare Evenaars - - - - - - - - - - - - - „ —. —. —.
4. „ dommekragten. . . . . . . . . . . . . . . . . . . „ —. —. —.
De onder zaag tot batavia desen bodem
voor't vaderlant ingegeven beloopt. . . . . „ ƒ28891. 17. —.
ƒ 466491. 5. 8.
Waar mede dit schip zijn volle Lading heeft,
na luijt van 't rapport der Expresse gecommit„
„teerdens, die ten overstaen van den fiscaal lading heeft, —
binnen 't ruijm van dien bodem geweest,
afs mogelijk was,
en 't zelve soo naukeurig
besigtigt hebben, Eijndigende wenschen wij uE:
hoog Ed„s, benevens den staat der generale Comp=e,
uijt gront onses herten, den zegen des heeren
toe
1077 pack"
NL-HaNA_1.04.02_8834_0492.xml,"Cormandel den 6:' Septb„r A„o 1721
van
toe, en bevelen derselver dierbare persoonen
inde bescherminge des alderhoogsten, terwijl in
alle nedrigheijt verblijven, /onderstond/ Hoog
Edele Agtbare gebiedende Heer en Edele Hee„
„ren /Lager/ uw hoog Ed:s onderdanige en gehoor„
„same dienaaren /was getekent/ G„t westrenen,
Dirk van Cloon, G: Maire, A: Pla, H„r Jacobs:
Alb„t v: weede, I„s Immens, Corn: v: Outvelt,
Hend:k Haak, Fred„k Elliot, B: v: duijn, Crist=n
Poloman d: I„o , /in margine/ Nagapatnam den
6'. September A„o 1721.
Nagapatnam
Aan den wel Edelen
Agtbaren Heere Gerrit
westrenen Gouverneur
en Directeur wegens de
g'octroijeerde nederlantsche
Compe. Ter Custe Cormandel
Wel Edele agtbare Heer
De veele besigheeden met 't Expedieeren van
uEd. s"
NL-HaNA_1.04.02_8834_0493.xml,"985
Van Cormandel onder dato 6:' Septem:r A„o 1721,
uEd„s Comp=e scheepen weet ik wel, de oorsake
is geweest dat mijnen van te vooren geschreven
uijt de gedagten is geraakt, daarom ik tot
na 't vertreck van gedagte scheepen gewagt
heb, eer dat ik na deselve hebbe willen laten
vragen, uijt uEd„s honorable van den 21. deser
vernemende uEd:s affectie met presentatie van 't
genomineerde touw werk 't welk mijn verpligt
tot weerdienste altijd gereed te wesen, zoo uEd:
kan Largeren dese zoorten, als,
¼. p„s holl:s kabel-touw van 9 duijm dik
_o _. o „ 6. _„o _„o
„ „ 5. „
„
1. ½.
1. –. „
gelieft mijn de prijs hier van te laten weten,
sal ik als dat bekent is, een Chialeng senden,
om 't aftehalen na uEd: behagen, waer mede
ik uEd: genereus persoon inde bescherminge godes
beveele, terwijl na Cordiale groete en dienst
presentatie verblijve (onderstond) wel Ed: Agtb: Heer
uE: Dienstparaten vriend, en Dienaar (was
getekent) C: u: van Nissen, /in margine / Cas„
„teel dansborg den . Maij A„o 1721. / Zager/
P: S: mijn is berigt door een vaartuijg van de
Cust van mallebaar gecomen, dat de engelse
plaats Ansjenga sal van dese Landitatie over„
„loopen wesen, ende Engelsen dood gemaakt,
2. –. „ _. o _. o
zoo
„
„
„
„ 7. „
-
„
.
„
„"
NL-HaNA_1.04.02_8834_0494.xml,"Van Cormandel onder dato 6. ' Septb„r 1721
't waaragtig is, sullen sij hier bij groote schade
hebben, mijn geschiet een groote dienst soo
uEd: een dat of een halv vat theer kan over„
„laten
Nagapatnam
Aan als vooren,
Ter dat uEd. s honorasle van gisteren dateret,
ingelopen is, heb ik al een chialeng voor uijtge„
„sonden, om 't touwerk of tehalen, maar wegens
den prijs soo heb ik geene onderregtinge konnen
crijgen, wat munt dat uEd: gelieve te ver„
„staen, met 't genomineerde getal, daarom soo 't
sal guldens gemeijnd wesen, versoeke ik dat uEd:
gelievt met den chialeng te laten volgen, dese
drie, als,
1. p. s holl. s kabel-touw van 6. duijm
maar soo 't een andre verstandenisse heeft, wil
ik om des kostbaarheijds willen, niet meer be„
„geeren, als den eenen van 5 duijm dik, uEd. e ge„
„lieft mijn te Excuseeren, dat ik uEd=ns wegens
1. „ _. o _. o _. o „ 5. _„o
1. „ _. o _. o _. o „ 7. _„o
dese
2"
NL-HaNA_1.04.02_8834_0495.xml,"487
Van Cormandel onder dato 6. ' Septb„r 1721
m
dese benodigthedens soo vele molest maakt,
ik ben altijd verpligt gereet te zijn tot al„
„len weerdiensten, en met Cordiale groete verblij„
„ven &:a /was getekent/ C: U: V: Nisse /in mar„
„gine / 't Casteel dansborg den 28 eij
Ao. 1721,
Nagapatnam
Vooren
Aen als
mijn is seer wel ter handen gecomen uEd:
veel gerespective van den 29 deser, als ook
hier wel ter plaatsen aangecomen, 't gesondene
touwerk, na den jnhoud des zetters, waer
mede ik seer vergenoegt ben, uEd: hartelijk
bedankende voor de bewijsde faveur, hier
in, versekerende dat ik geobligeert is tot allen
weerdiensten gereet te zijn, den brenger
deses heert 101. p a. 4. f=s uE: over te leveren,
voor 't gemelte touwerk, waar mede &. a,
/was getekent/ C: U: van Nissen /in mar„
„gine/ In't Casteel dantsburg, den 31. '
Maij A„o 1721, / Lager/ accordeert/ WE=m
Crielaart eerste Clercq, —
Francquebaren
ver„
-
G"
NL-HaNA_1.04.02_8834_0496.xml,"Cormandel onder dato 6. ' Septemb„r 1721,
Van
Francquebaren
Aen den wel Ed„len gestrenge
heer Cristiaan ulrig van
Nissen gouverneur van zijn
Koninglijke majesteijt van
Denemarken &a , mitsgaders
opperhooft over den staat van
de roijale deense Compen. in
India nevens den Raad re„
„siderende binnen 't Casteel
Dans Burg
Edele erntfeste, manhafte,
wijse, voorsz:, seer discrete=
Heere, en Vrunden,
mits eenige occupatien, en onpasselijkheijt,
hebbe ik uEd schrijvens niet eerder kunnen be„
„antwoorden, dan dato deses, waer bij nu in
gevolge 't gedaen versoek uE ter kennisse
wert gebragt de prijsen der touwen, als,
1 p. s holl. s Cabel-touw van 9 duijm cost ƒ 306. —.
1 p. s"
NL-HaNA_1.04.02_8834_0497.xml,"489
Van Cormandel onder dato 6. ' Septb„r 1721.
1. p„s hollans Cabel-touw van 6. duijm kiost ƒ 204.
_„o _„o _„o „ 5: _„o „. . 153.
1. „
1. „. _„o _„o _„o „ 7. _. o „. . 250.
soo uEd van alle, dan wel eenige daar van
gelieve versien te wesen, sal ik sulx —
verwagten, te verstaen, en tot den afhaal
van deselve uEd: bediendens, te gemoet zien,
dog met theer kan ik uEd: niet gerieven,
alsoo d' Ecomp=n daarom selvs hier seer ver„
legen is, waer mede dese nu kottelijk besluij„
te en na Corediale Groete, onder dienst pre„
sentatie verblijven /was Getekent/ Gerrit
Westrenen, /in margine/ Nagapatn: den
26en. Meij Ao„ 1721.
Trancquebare
Aen als vooren,
Gistren avont is mij wel, toegebragt
F
uEd:s gevenereerde missive van 28. ' Courant,
p„r zijne Expresse afgesondene Chialoup waar
bij van ons requireerde de volgende touw werken
te weten, —
1. p. s Cabel touw van 6 duijmen
1. „
dog
21
„ „ „ 5: „ en
„
1. „
„
„ 7 „ _„o"
NL-HaNA_1.04.02_8834_0498.xml,"Van Cormandel onder dato 6. ' Septb„r 1721,
dog kon niet wel begrijpen of de gestelde
prijs in florijnen of pagoden moeste betaalt
werden, waar op diene dat gem: touwen
met voorsz: Chialeng tot uE overgaan, —
't eerste ons Comp=en in 't vaderlant kost pagoden
34. . . . . . . . . . . . . . . . . . . . . . of ƒ 204. —. —
't tweede p a/o 25. 12. –. . . . . . . . . . . . . . . . „ 153. —. –.
't derde of laaske 91. 16. . . . . . . . . . . . . . . . . . . . „ 1250. —. —.
te samen p a/o 101. 4. . . ƒ 607: -:—
.
voor welkers costende wij uEd: die comen over
te laten, met versoek ons gedagte pagoden
gelievt te laten gewerden, onder versekering
dat wij met veel genegentheijd blijven, &:a
(was getekent/ G: westrenen, Dirk van Cloon,
9: maire, h: jacobs, A Pla, A: v: weede, I„s
Immens, H„k Haak, f: Elliot, B:V:
Duijn, en C: Poleman D: I„ (in margine/ —
Nagapatnam den 29. ' Meij A„o 1721,
Francquebare
Aen als vooren
ter behoorlijker tijd wiert ons wel overhandigt
uEd. s seer veel g'Extimeerde Letteren, van den
31. ' meij jongst Leden gerigt, ten Geleijde van
p=a"
NL-HaNA_1.04.02_8834_0499.xml,"491
Van Cormandel onder dato 6. ' Septb„r 1721,
pa 101. 4. involdoeninge der toegesondene tou„
„werken, welke penn: hier door den brengen
tot genoegen wel sijn overhandigt, en dewijl
uEd missive ten eijnde voorsz: eenlijk-
was dienende, soo sullen dus kortelijk besluij„
„
„ten, en na offerte van dienst met veel —
respect verblijven Etc:a, /was getekent/
G„t westrenen, D: v: Cloon, G: Maire,
H: jacobs, A: Pla, A: v: Weede, I:s Immens,
H: Haak, F: Elliot, B: V: Duijn, en
C: Boleman d' I„o (in margine/ Nagapatn:
den 9.:' Iunij A„o 1721 /onderstond/
m
Crielaart, eerste Clercq
Accordeert W=
Translaat mishire—
in Copia, en de portugese
tale toegecomen, door den
masulipatnamsen moors
gouverneur Codjadje Jbrahim,
aen den Hoog Edelen gestr:
en wijd gebiedende Heer
Henrik ZwaardeCroon,
gouverneur generaal van
neder Lants jndia / in de jongst
verlede
den
van"
NL-HaNA_1.04.02_8834_0500.xml,"Van Cormandel onder dato 6. ' Sept„r 1721,
Na Complimenten &„a,
Ik heb de vrijmoedigheijt genomen desen
letteren aen uE Excellentie aftevaardigen,
om veele welke ik van uE: Excell: dienaren
heb genoten, doende uE Excellentie althans
versoek, om belangende mijne saak, regt
en Iustitie, te oeffenen;
een mijner scheepen met name Fate mo„
„rat, vertreckende soude haven van souratta
herwaarts, na Masz:, en genadert zijnde
het Eijland Cheijlon, is tussen Colombo,
en Gale, door onagtsaamheijd van den stuur„
„man (of voerder) gestrant, en verongelukt, —
en mits digt aen de wal strande, zijn al
de goedren, en gelden gesalpeert; dan dewijle
te dier plaatse, de Logie van uE: Excellentie
is, quamen er strap de bediendens, en namen
in dier voegen het gelt, en de goederen, die
te samen 24000. silvre ropias komen
verleden maand februarij —
geschreven, Luijdende als—
volgt,
te"
NL-HaNA_1.04.02_8834_0501.xml,"993
Van Cormandel onder dato 6. ' Septb„r 1721,
te emporteren, na haar, en hebben voorts de
heeren van de Logie, door dwang, den Capitain,
boekhouder, en andre officieren van 't schip een
verclaring afgeperst, als offer niets in 't schip
gevonden waar, daar waren 200. personen op,
en 't meestendeel van dien, sijn 'er te deser
steede Masulipatsz: aengecomen, en Iwoeren
in het aanhoren van de Cagie, (een geestelijke)
en andre gequalificeerde van de justitie, dat die
vande Logie alle de goedren, en het gelt, —
het geen in het schip gevonden wier, na sig-
hadden genomen, ik heb veelmalen mijne klagten
gedaan, aen 't gewese opperhooft van Masz:, den
tegenwoordigen (Ed: agtb: heer) Nagapatnamsen
gouverneur, wien mijne instantie nooijt heeft
aangehoort, jk ben regeerder van dit maez:, en
doe alle diensten van de schepen, en de comp=es,
sonder manquement voortgaen, doen de soo—
veel goet aen de Ecomp=n, zoo verwagte ook van
uE: Excellentie. dat mijn Egelijkx regt zult doen,
door 't senden van ijmant, en een brief met
Expresse ordre, om mij alle de ontnomene gelden,
en goedren, te restitueren, sullende ik daar
voor gants verpligt blijven, en uE: excellentie,
hoogh:t rugtbaar maken, in genen tijden is dese
zaak"
NL-HaNA_1.04.02_8834_0502.xml,"Van Cormandel onder dato 6. ' Septem„r 1721.
zaak geschiet, verhope dat in die van uw Excell„e
gouverno, ook niet sal gebeuren, om geen quade
naam te erlangen, /onderstont/ accordeert /gete„
„kent / Hermanus Taarling zid en eerste
gesz: clercq, (Loger) voor de translatie masz:
den 23. ' maart A„o 1721. (getekent) h„s D=k,
D: Vos (Lager) accordeert (getekent) hermanus
Taarling eerste Clercq,
Translaat uijt 't persiaens
van een opgivt, door den fausdaar
alhier genaamt Codjadje Ibrahim,
aen den Ed: Heer Gerrit westrenen,
oppercoopman en opperhooft van —
noorder Cormandel, overgegeven, sande
ondervolgende goederen, welke in't
schip genaamt fatte moerat, hem
No.
toebehorende sijn afgescheept geweest,
namentlijk,
1. kist daar inne in 10 bondels gesloten. ro/as 10000.
42000. lb cattoen in 60 balen costende. . . . . . . . „ 3010. 3/22.
17020. „ droge daadels in 70. balen. . . . . . . . . „ 1242. ¾.
700. bondeltjes met diverse glase kralenin
7 balen. . . . . . . . . . . . . . . . . . . . . - „ 1901. —.
„
400. p. s moorse sjalen. . . . . . . . . . . . . . „ 799. —.
14000. - lb tarruw. . . . . . . . . . . . . . . . . . . . . . . „ 313. ¾.
280. . „ inlandse toebacq. . . . . . . . . . . . . . . . „ 81. ¾.
transporteren. . „ 16847¾.
p„r"
NL-HaNA_1.04.02_8834_0503.xml,"495
Van Cormandel onder dato 6. ' Septb„r A„o 1721,
50. —.
271. p. s diverse souratse sijde stoffen met goude —
bloemen in 3 balen. . . . . . . . . . . . - „ 3718. 3/3.
268. p. s _„o gem: sijde stoffen in 2 balen. . . . . . „ 1491. 23/64.
79. „ bogen, en 50 Cokers met pijlen in een Eas. . . . „ 890. 3/6.
13. „ kanon stucken. . . . . . . . . . . . . . . . . . . . . . „ 1500. —.
200. —.
50. „ houwers. . . . . . . . . . . . . . . . . . . . . . . . . . „ 200. —.
50. „ schilden. . . . . . . . . . . . . . . . . . . . . . . . . „ 50. —.
..
50. „ snaphanen. . . . . . . . . . . . . . . . . . . . . . . „ 200. –.
50. „ pieken. . . . . . . . - - - - - - - - - . - - - „
20. „ basjes - - - - - - - - - - - - - - - - - - - - - - - - - - - - - - „
gemelte schip is gestrant op een plaats digte
bij Colombo gelegen, genaamt bintota, naar
ged. e stranding is aldaar aengecomen, een vaan„
„drager, die sig als resident tot Caltota onthoud,
en vervolgens ook van Colombo een de sauwe,
een opperhooft en opsiende der Canneel per„
„ken, en een fiscaal, en hebben alle voorsz:
goedren bij den andren vergadert, mitsg=s de
selve tot ged. t bintota in drie pakhuijsen opge„
„legt, en bewaart, tot getuijgen van alle 't voren„
„staande zijn te dier tijd op gem: gebleve schip
in persoon present geweest, de coopluijden met
namen mier hoeseen, mier mahomet housseen,
agasale, ajie Mahomet, alie ajie sattoes,
te samen. ro/as 25098. 2564.
P„r Transport. . . . . . . . . . . . . . . . . . . . ro/a„ 16847. ¾.
volmagt
weest,
0000.
3010. 3/2.
1242. ¾."
NL-HaNA_1.04.02_8834_0504.xml,"Cormandel onder dato 6. ' Septemb: 1721.
van
volmagt, aga rasa, Molla Silleman, —
aga Jaffer, 5 persoonen zijnde alle volmagte
van de armeenders, en een dienaar van aga -
Moesan, (onderstont) voor de translatie Masu„
„lipatnam den 28. ' Januarij 1718, (was getekent)
R=r de Vos, (Lager) accordeert (getekent) hermn. s
Taarling eerste klercq
Extract missive door den
E: heer Gerrit westrenen, —.
oppercoopman en opperhoovt over
noorder Cormandel benevens der
raad tot Masulipt=n in dato —
16. ' maart 1719. aen den Ed„len H„r
Adriaan de Visser gouverneur,
en directeur deser Custe Cor„
„mandel, benevens den raad
tot Nagap=n gesz:
Den groot gouverneur alhier Codjadje Ibrahim,
al over eenige maanden herw„t, ons te kennen
hebben laten geven, 'er een schip genaamt
fatti moerat hem toebehorende, en uijt sou„
„ratta met zijn in Ladinge dit heen comende,
door haet of onstuijmig weer op de Cheijlonce
Cust"
NL-HaNA_1.04.02_8834_0505.xml,"497
Van Cormandel onder dato 6. ' Septb„r 1721
Cust tussen Colombo, en Punte Galo, voor
een plaats genaamt bentato was gestrant,
en door 's Comp. s bediendens aldaer, de ladinge
daer uijt soude geligt, mitsg. s in drie pakh=se
geborgen wesen, met begeerte men dies restitutie
soude hebben te bewerken, dog eenigen tijt
of tot 26. ' januarij derwegen stil geweest sijnde,
heeft den selven niet jegenstaende wij hem
hebben laten weten, ons die saak in't geheel
niet aenging, en een gemagtigde naar Cheijlon
konden senden, ged. t sijne pretentie onder di„
„verse drijgementen vernieuwt, en ons een op„
„gave van 't geladene geweest sijnde in gem:
sijne verongelukte schip, met dies costende sijnde
ro/as 25098 3/24. in 't persiaans toegesonden, waar
van 't Copia translaat deser is versellende, —
en gemerkt wij niet buijten bedugtigen zijn,
of hij gouverneurs zal ons dese saak al verder
lastig vallen, en bij non voldoeningen obstaculen,
ontrent 's comp. s belangens toebrengen, soo ver„
„soeken wij gants eerbiedig, uE: agtbare derwe„
„gens 't nodige den Ed: agtb: heer cheijlons=
gouverneur, en raad tot Colombo, gelieven
aen te schrijven, op dat wij alsoo in staat mo„
„gen gestelt werden, bij nader aenthooninge van
hem gouverneur ons tegens den selven met
fondament"
NL-HaNA_1.04.02_8834_0506.xml,"Van Cormandel onder dato 6. ' Septb„r A„o 1722.
aen uEd: agtb: we„
Cleeden, en,
gevoelen over de
daar bij gestelde
pane,
fondament te cunnen verweeren, (onderstont)
accordeert (was getekent) hermanus taarling
eerste Clercq /Lager / accordeert W=m Crielaart.
eerste Clercq,
Extract uijt den briev
van Sadraspatnam naar
herwaarts geschreven in dato
8 augustij A„o 1721.—
dank betuijginge Wij bedanken uEd: agtb: en den E: raad seer
„gens de verhoging ootmoedig voor de verhoginge van de prijs, der
vande prijs der Linwaten, welke op ons voorgedragen versoek der
coopl: aen deselve heeft gelieven toetestaen,
onder beding dat se den Eijsch der Cleeden,
Compleet volgens de monsters en contracten,
moeten voldoen ter behoorlijker tijd, of dat an„
„ders 't meerder toegelegde, op de dan nog ontbre„
ons smertelijk„ kende, haar sal afgekort werden, maar dat uEd:
agtb: ons ontrent de uijtvoeringe van gem:
haar Ed=ls heer wijse, en g'eerde ordres, in
zoo verre schijnt te verdenken, dat nodig
heeft gelieven te agten, om daer toe een
peene tegens ons daar bij bij te stellen, —
als of sonder die, aen ons de uijtvoering van
uEd: agtb: steeds seer gevenereerde bevele, en
wel"
NL-HaNA_1.04.02_8834_0507.xml,"499
Van Cormandel onder dato 6. ' Septb„r 1721,
submissie reden van
beschrijvinge vande
der Clede procura
wel voor al ontrent een zaak van sulk
een wesentlijk belang, voor't intrest van
onse hooge agtb: heeren principalen, niet
te vertrouwen ware, betuijgen wij met veel
submissie, dat ons seer gevoelig smertelijk is,
en des te meer ( niet alleen (om dat wij altijt
het Contrarie betragt hebben, maar ook om dat dien
hoog gedagte uEd: agtb: order, behalven desselfs spre„
kende redelijkheijt, mede tot bijsondere gerustheijt
van ons moet strecken, want vermits uEd: agtb:
door een rijpe ervaringe bekent sijnde, wat
den winsugtigen inlander, niet al soude in't werk
stellen, om sulk een schade te ontgaen, als
dese cooplieden zouden lijden, wegens de linwaten,
welke minder, als die aen haar toegedeelt sijn,
volgens de billijke bepalinge van uEd: agtb:—
komen te leveren, zoo sal uEd agtb: daar in
op nieuws een preuve hebben vande mogelijk
of onmogelijkheijt, om hier in dees tijd zulke
Linwaten, en soo veel als vereijst worden,
te kunnen bemagtigen, welke Laaste, nament, vergang tot de
„lijk de onmogelijkheijt van dien, soo veelvoudig presente toestant
en Cragtis is gedemonstreert, en in soo veel
uijtcomsten gebleeken, dat wij hadden verhoopt
nooijt meer genoodtsaakt te sullen zijn, om
uEd: agtb: met een vertoog dien aangaande
te moeten vermoeijelijken,
maar"
NL-HaNA_1.04.02_8834_0508.xml,"Van Cormandel onder dato 6.:' Septb„r 1721,
tot zulx
de redenen waar
om hier cleeden van
te konnen magtig
werden, reets is ge¬
ften te alligeren,
die welke d' E. E. h„r
dirk van Cloon, daar
gegeven,
de noodsakelijkh„t maar nadien uwd: agtb: bij haar Ed. vorens gemel„
„te missive op nieuws soo stricktelijk gelieft
te ordonneren, dat wij in het aennemen der
Linwaten ons stiptelijk moeten rigten na—
de monsters, mitsgaders dat uEd: agtb: ons
bij haar veel gerespecteert jongste schrijvens
dato 25. ' passado, ingevolge 't hoog geëert aan„
„schrijvens van haar hoog Edelhedens van
welke ons, onder andre, ook ten dien opsigte
extract heeft gelieven te laten toekomen,
nog nader gelieft te ordonneren, dat wij voor
al geen doeken souden aennemen, die beneden
de monsters zijn, soo vinden wij ons daar door
met diep leetwesen alweder genecessiteert,
om uEd: agtb: met het behandelen van die
uijt de defilielteijde dieuse stof te onderhouden, dog om uEd agtb:
de vereijste deugattentie daer ontrent soo min mogelijk te ver„
„velen, met een breede herlalinge van alle de
„bleeken, ten kotte heden gevallen en uijtkomsten, waer uijt in
de jongst verwekene 5 jaaren de gedagten on„
„mogelijkheijt, op 't onrikbaarste is gebleken,
en bij onse brieven &.a betoogt, zoo sullen,
onder uwd: Agtb: welduijdinge, /ons aende breeder
beschrijvinge desselvs refererende / maar eenelijk
chormandels secund tot dat selve eijnde, de bijsonderste van dien,
van bevorens heeft ten korsten doenelijk citeren, en daar toe
ons
als,"
NL-HaNA_1.04.02_8834_0509.xml,"501
Van Cormandel onder dato 6. ' Septb„r A„o 1721,
de betragting ontrent
„gewendt,
uijtcomste van dien
haar betuijginge
deswegen,
ons voor eerst met eerbied gedragen, aen de —
redenen met welke het jongst voorige opper„
„hoovd deses Comptoirs den E. E. h„r m„r D„k
van Cloon, present secunde van Chormandel, tot
zijn E: E: declargie heeft getoond, waarom ten
tijde van sijn E: E: bestuur alhier, sulke kle„
„den niet heeft cunnen magtig werden, welke
tot de druk en verwerij in't vaderlant dien„
„stig sijn g'oordeelt, waar bij, in selver voegen,
versoeke, dat uEd: agtb: verder in consideratie de oude Coopl: aan„
geliefde te nemen, hoe dat de Coopl: deser
plaats ult. o, A:o 1716. na Nagapatnam ontboden
sijnde, om haar tot het leveren van sulke klee„
„den, was 't mogelijk:/ overte halen, zij steeds d'
onmogelijkheijd, om zulx hier te kunnen doen,
hebben aangetoont, en nooijt te bewegen zijn
geweest, om 't selve aentenemen, en dat zij,
als den tijd van 't kleede- Contract voor A„o de vrugteloose —
1717. g'expireert was, sonder eenige Leverantie, — en. —
ons versogten, om tot verschoninge van sulx —
aen d' Agtb: heer Gouverneur, en raad harent we„
„gen te vertoonen, dat de non Leverantie, enkel
resulteerde uijt een volslagen onvermogen, om
sulke Linwaten, die egaal met de monsters
soude wesen, aen dese oort te connen magtig
werden, en dat schoon sij wegens 't verlies dat se
souden"
NL-HaNA_1.04.02_8834_0510.xml,"Van Cormandel onder dato 6. ' Septb 1721.
linge met de mau„
wE Coopl: en.
soude komen te zijden, aan de schulden, —
diese wegens 't behandelen van 's Comp. s nego„
„tie, soo onder de wevers &:a, als marchandeurs,
op Cangewarom, uijtstaende hadde, meest
souden geruijneert wesen, indiense uijt den
dienst der Ecomp=e verstoten wierden,
hij sulx egter souden moeten ondergaan, uijt een
onovercomelijke onmogelijkheijt, om sulks klee„
„den als vereijst wierden te connen leveren,
gelijk bij onse beantwoordinge vanden
eijs der cleeden A. o 1717. met alle verdre reden
jtem de hande ter sake dienende, Largo is ter neder gestelt,
sijnde ter dier materije niet min aenmerkelijk,
dat als in gemelte jaaren, bij aenwesen, van
d' agtb: heer gouverneur de visser alhier
gem: oude Coopluijden verstooten, en nieuwe
in haar plaats aangestelt waren, die laaste
ook sijn nooijt te bewegen geweest, om
'scomp. s handel te aanvaarden, voor dat men
haar ontrent 2 maanden na hare gem:t aan„
„stellinge hadde doen geloven, dat schoon de
monsters niet verandert wierden, sij egter met
minder soort van Cleeden als desulke zouden
konnen volstaan, soo als sulx ook met re„
„verentie bij onse brieven van 27. ' xber 1717. en"
NL-HaNA_1.04.02_8834_0511.xml,"503
Cormandel onder dato 6. n Septemb 1721
Van
't Gevolg van dien
nieuwe onderhan„
coopl: door ons
gehouden
14.' xber 1719. hebben geadviseert, gelijk sij 't
tegendeel ondervindende, in twee jaren geen
naamwaardig kleeden hebben aengebragt, on„
„der menigvuldige betuijginge van dat 't haar
onmogelijk was, om sulke doeken al de meer„
„gemelde monsters, te connen becomen, soo dat
inde gantse 3 jaaren, welke daer mede verlie„
„pen, maar weijnig boven d' 100 packen limwaat
hier sijn opgedaen, en hoewel onder die al eeni„
„ge stucken soo swaar, ja swaarder of liever
grover als de monsters sijn geweest, soo moe„
„ten wij verclaren, dat egter onder de gehele
quantiteijt geen 6 packen souden hebben
konnen vinden, die soo Egaal en digt ge„
„weven waren, als doe vereijst wiert, en
uEd: Agtb: thans nog gelieft te eijssen, —
maar 't gene ten dien eijnde niet minder, delinge met de oude
als al 't vorige klemt is, dat als de laast
gedagte koopl: ook verstoten wierden, en ons
g'ordonneert, om na andre uijt te sien, wij
in concientie connen verclaren, dat geen
menschen, daar toe soude gevonden hebben,
ten ware dat de oude Cooplieden, uijt in
sigte, dat daar door gelegentheijt tot 't in„
„nen van haar uijtstaande schulden, zoude
crijgen, haar weder hadde laten bewegen
om"
NL-HaNA_1.04.02_8834_0512.xml,"Van Cormandel onder dato 6:' Septb: 1721
uEd agtb:
om 's comp. s negotie bij de hant te nemen, —
en dat nog niet anders als op Conditie, dat
haar eerst sulke monsters souden toegestaen
werden, waar na datse de eijsschen soude —
konnen voldoen, gelijk zulx in 't breede,
met alle beweegreden daar toe specterende,
hebben voorgedragen bij schrijvens van 14. ' de„
„cemb: A:o 1719. waar op d' Agtb: heer gouvern:
en raad, bij haar Ed. s geagte Letteren, van 18.
januarij 1720. ons geliefde te ordonneren, om
eenige stucken Linwaat te versorgen, op
welke de cleede procura alhier weder voort„
„gang souden konnen nemen &. a, nu sullen wij
niet melden hoe verre ons devoir hebbe gedaan,
om de Coopl: te bewegen vande beste uijt de„
„selve tot stalen aen te nemen, maar wijl 't
bij sonder ook door geluk hadden, dat uEd Agtb: ons doenmaals
met haar E=s besoek geliefde te vereeren, zoo
verbidde onderdaniglijk verloff, om hier te mogen
8
alligeren, hoe uEd Agtbare bij haar Ed. s aanwesen
alhier „ de stucken Linwaat besiende, welke —
gedagte oude Coopl: tot monsters aanboden,
om daar op weder van nieuws 's Comp. s Leeden
handel te aanvaarden, aen gem: handelaars
geliefde voortestellen, of sij niet souden connen
aennemen cleeden te leveren, die digter, en
degaalder als voormelte waren, wanneer daar voor
eenige"
NL-HaNA_1.04.02_8834_0513.xml,"505
Van Cormandel onder dato 16. ' Septb.r 1721,
eenige meerder prijs, aen haar wiert toegelegt,
die menschen daer op antwoorden, dat 't haar
somtijts eerder mogelijk soude zijn, om voor een
pag: op 't pak minder als de oude prijs, de eijsschen
te voldoen, in sulken soort van cleeden, gelijk
sij bevorens gelevert hadden, en volgens de staalen
die zij uEd: agtb: verthoonden als voor 2 a 3 paq:
p. r pak meerder met egale digte cleeden, want
dat het haar ondoenlijk was, om aan dese oort
ten eeniger tijd, een quantiteijt van sulke
linwaten bij den andren te connen brengen, —
en mede dat als onder die redenvoeringe een
stuk guinees en een _„o salempoeris voor uEd:
agtb. gebragt wierde, welke geconfronteert sijnde
bij de moster stucken die van A„o 1679, en 1680.
hier op 't Comptoir waren geweest, uEd agtb:
betuijgden deselve beter te vinden als die —
oude staalen, dog dat op de Ernstige poginge
die uEd agtb: gelievde te doen, om de coopl:
die bij de gedagte stucken tot monsters te
doen aennemen; deselve met soo veel reden:—
thoonden, dat 't haar onmogelijk was, om sulx
te connen inwilligen, en 's Comp„s negotie daar
op te aanvaarde, dat uEd: agtb: haar daer toe,
niet konden overhalen, maar beliefde egter
dat wij nevens die stucken, volgens welke de
Coopl: hadden bewilligt, op nieuws te contrac„
teren"
NL-HaNA_1.04.02_8834_0514.xml,"Van Cormandel onder dato 6. ' Septb: 1721.
zij 't aangaan van
bewilligt hebben,
teren, ook beijde voormelte, met de boven
gerepte omstandig heden beschreven, soude oversen„
„den, na Nagapatnam, alwaer niet tegenstaan
„de 't gemelte, en dat selvs onder de besoignes
over gedagte stucken in rade van Chormandel
gehouden, in consideratie komt, dat de Coopluij=t
niet te bewegen waren geweest, om die beschreve
stucken aentenemen, ten eijnde de Leveran„
„tie daer op te doen ons egter bij 't veel ge„
„respecteert schrijvens van uEd: agtb: en welm:
raad, dato 24. ' febr: wiert geordonneert op deselve
een contract te sluijten, met d' Coopl: 't gene
deselve met bevreemdinge van ons vernemende,
soo verre bleven protesteren, wegens de onnoge„
„lijkheijt van aen die monsters te connen voldoen,
op wat apparentie dat een geheele maand verliep, eer wij haar daar
een nieuw contrataar toe hebben connen persuaderen, en dat nog
niet anders, als met haar apparentie te geven,
dat soo sij maar 't uijtterste devoir deden, om de
beste Linwaten aen te brengen, die te bemagti„
„gen zijn, uEd: agtb:, en den Ed. raad ook na tijd
en gelegentheijt, wanneer 't onmogelijk was, om
sulke goede kleeden te connen becomen, wel
eenige moderatie of toegeventheijd souden gebruij„
„ken, en wij connen uEd: agtb: versekeren, dat
sonder dien de contracten doen niet souden geslo„
„ten"
NL-HaNA_1.04.02_8834_0515.xml,"507
Van Cormandel onder dato 6. ' Septb„r A o 1721, —
de hindering der
slegte gevolgen
„ten geworden zijn, gelijk uEd Agtb:, wel sult
kunnen vermoeden, vermits de coopl: door de
onsaggelijke presentie, en reden van uE: agtb:—
selvs, en dat nog onder voordraginge van een verhoo„
„ginge der prijsen daar toe niet waren over„
„tehalen geweest, waar en boven, intusgen 't competiteuren
ongeluk gewilt heeft, dat den grooten opcoop=
der Cleeden die voor de nieuwe france Comp=e
sedert ontrent een jaar hier om her is aangevan„
„gen, en sonder intermissie voortgezet, en het be„
„ginnen van deselve negotie der rostendenaars
tot Couwelang, mitsgaders den insaam der
engelde Comp=e, van seven duijsent packen, —
meerder troverses en nadeel aen 'scomp. s Lin„
waat procura heevt toegebragt, als oijt te
voren, door de Competiteuren der selver is geschied,
in soo verre, dat selfs de slegte cleeden, die van deen
jongst van hier na Costij hebben gesonden, de
Coopl: soo duur comen te staan, dat de Le„
„veringe van dien souden gestuijt hebben, soo
wij 't jngst gedane versoek der Coopl: om ver„
„hoginge van prijs voor deselve, aen uEd.: agtb:
niet hadden voorgedragen, en geoptineert, invoegen
als wij in nedrigheijt aen uEd: agtb: hebben te
vooren gebragt, bij onse briev van 23. ' junij—
laastleden, en die handelaars ook bevoorens —
mondelinge aen reets welged=te E E. heer secunde
bij sijn E: E: aanwesen alhier hebben voorgedragen,"
NL-HaNA_1.04.02_8834_0516.xml,"Van Cormandel onder dato 6 Septb„r 1721
tot 't vercrijgen
de oorsaak, vande
desselfs,
ons nader overlegen betuijgt, dog nadien wij wel begrepen, —
van beter cleeden, dat in sonderheijt 't aenbrengen, van sulke
slegte cleeden, seer veel quam aftewijken; —
van 't seer geëert begeeren, en oogmerk, der
Ed„le gr: agtb: heeren, majores, hebben wij al„
„weder met in spanninge van alle attentie —
ommegesien, of daer tegens ijets uijt te vinden
mogte wesen, ten welken opsegte bijsons
het naaste in overweging quam, of die
kleeden waer van de france, voor haar
beste soorten, doorgaans eenige opdoen, —
„vrij
schoon sekerlijk van een „ hoger prijs, hier
niet wel 't dienstigste souden wesen, maar
vrugteloosheijt met de coopl: daer over sprekende, verviel
aenstons alle reden tot verder overleg,—
en informatie welke wij dien aangaende na„
„der souden genomen hebben, vermits de gem:
handelaars verclaarden, al schoon haar soo —
veel prijs voor deselve toegelegt wiert, dat
sij er meer bij conden profiteren als op de klee„
„den diese present aenbrengen, sij egter niet
in staat souden wesen, soo veel Linwaten,
van die soort te konnen verzorgen, als
jaarlijx voor d' Ecomp=e hier j eijscht werden,
nadien de weerplaatsen over dese kant, daar
die"
NL-HaNA_1.04.02_8834_0517.xml,"509
Van Cormandel onder dato 6. ' Septemb: 1721,
„kinge, en gevolgen
opgemaakt, en
alle 't selve met
't wijs oordeel van
fereert,
die beter soort /van doeken gemaakt vorden,
soo een groote quantiteijt van deselve niet
connen uijt leveren, uwd' Agtb: nu eens gelieven generale aenmer„
aen te merken, hoe dat alle de vorensgemel„ uijt alle 't voorsz
„de menigvuldige en dikwils hervatte aen„
„houdende pogingen, en onder die voornament„
„lijk selfs 't aenbieden van meerder prijs,
om eens goede Linwaten te mogen becomen,
nog niet magtig zijn geweest, om dat soo
seer gewenste oogmerk te connen bereijken,
maar dat als 'er opgestaen is, om geen andre
Linwaten aen te nemen, als die de vereijste
qualiteijt hadden de kleeden procura daar
door over de 63 jaaren totaas heeft stil ge„
„staen, met sulke ruineuse gevolgen, —
voor dese plaats en de dependenten der Ecomp=n
in deselve als bij diverse occagie is gemelt,
mitsgaders sulken schadelijken, en beklage¬
„lijke vermindering inden vertier van 's comp. s
soo dierbare overvloedige specerijen, en 't ver„
lies van desselfs thollen, en dat alles son„
„der datter in tijd van 5 jaaren, 25 packen
linwaat sijn te bemagtigen geweest, welke
de gerequireerde hoedanigheijt gehad hebben gepast respectaen
soo defereren wij 't met diep submissie aen uEd agtbare gedif„
uEd: agtb:, wel wijs, en seer ervaren oordeel
of
dat
klee„
niet"
NL-HaNA_1.04.02_8834_0518.xml,"Van Cormandel onder dato 6 Septem: A„o 172
een geschrivt door
of sulx alles, met soodanige klare en
kragtige bewijsen uijtlevert, dat 't niet mo„
„gelijk is, nog ook bij continuatie van sulken
gesteltheijt als present ooijt sal wesen,
di hier sulke kleeden te konnen in same„
„len, die anders 't dienstigste voor d' Ecomp=en
souden zijn, dat tot de volste bevestinge
van een zaak, van die natuur, niets meer
souden connen bijgebragt of vereijst worden,
als mede of daar uijt niet seker volgt, dat
soo geen andre Cleeden g'accepteert worden,
dan die egaal van draat en digt gewesen
zijn, als dan in't Geheel geen linwaten
sullen aentenemen wesen, vermits sulke —
door de Coopl: niet connen werden aangebragt,
en of ook daar door den staat van 's comp. s
saken ten desen comptoire niet weder tot de„
„selve, ja grooter desolatie sal vervallen, —
als voor weijnig tijd geweest is, en eijnde„
„linge laten wij respectieuselijk bij desen tot
slot en nader bevestinge van 't gene voorsz:
translaat van aen uEd: agtb: overgaen, een g'authoriseert
'scomp:s coopb: aach opia translaat van een declaratoir 't gene
ons overgegeven door 's comp„s handelaars alhier aen ons is over„
„gelevert, waar bij se op nieuws opentlijk—
confesseren en betuijgen, dat om reden daer
bij gemelt, niet in staat zijn, om zulke zin„
„ watea"
NL-HaNA_1.04.02_8834_0519.xml,"Cormandel onder dato 6. ' Septb„r A„o 1721
Van
„dagten, den Eijsch
worden,
wat soort wij ver„
„nemen dat princi„
komen,
„waten, als wij na uwd: agtb: g'eerde ordre van
haar vorderen te connen leveren, maar of dat na onse ge„
schoon de coopl: daer bij nog schijnen hope te niet kan boldaen
geven, om den Eijsch der Linwaten te voldoen, indien
deselve g'accepteert wierden, als zij daar bij
versoeken, zoo connen wij uwd agtb: op goede gronden
versekeren, dat niet tegenstaende sij sedert de
jongste verhooginge welke door uEd agtb: gunst
hebben verkregen, ook aen de wevers tot twee pag:
op ijder pak salempoeris, en voor 't andere ge„
„weef na proportie, meerder, als voor 9 a 10 maan„
„den hebben toegelegt, en dat alsulke kleeden van
haar wierden ontvangen als tot nog toe gedaen
is, sij als dan nog soo veel Linwaten niet
sullen leveren, als haar toegedeelde quota be„
„draagt, en wel in't bijsonder dat vande ruwe,
en gebleekte salempoeris, seer weijnig sal connenpaal sal te kot
voldaen werden, maer op de eerste wel 30. en
de andre 125. a 130. packen, soo niet meer sullen
te kort komen, vermits van geen soorten, minder
en slegter linwaten (niet tegenstaende de me„
„nigvuldige aenhoudinge die wij ter contrarie, doen,)
worden aangebragt, 't gene wij in schuldige op„
„volginge van uEd: agtb: venerable ordres, bij de
kleeden petitien steeds vervat, (hoe wel met
uijttersten leetwesen, egter /nodig, en van onspligt
g'agt,
1721
511
tot
z:"
NL-HaNA_1.04.02_8834_0520.xml,"Cormandel onder dato 6. ' Septemb„r 1724
van
g'agt hebben uwd: Agtb: nedrig te moeten be„
„deelen, ons verlatende en verhopende, dat uEd
agtb:, in alle 't bovengemelte ook sulke door„
„staande blijken sal vinden, dat 't voor ons,
of eenig dienaar van d' Ecomp=e /wie 't ook mogte
zijn/, onmogelijk is, om uEd agtb: veel gerespecteer„
„de ordres tot het vercrijgen van beter Zimerteh,
onder sulken onverwinnelijken tegenstant, mitsg:s
protestatien der Coopl: als boven besz: ver„
„der te konnen Executeren, als wij tot nog, toe
gedaen hebben, dat het onnodig en overtollig-
souden wesen, om ons bij uEd agtb: dien aangaan„
„de met eenige andere bewijsen, te willen de
Chargeren, /onderstond/ accordeert Willem —
Crielaart eerste Clercq,
Translaat mallebaar se
ole, door 's Ecomp. s Coop:l aen
't opperhoovt den E: Andries
Boel, en den raat deses Comp„
„toirs heden overgelevert, sijnde
van inhoude, als volgt,
Uw Ed. s hebben ons laten roepen, en op nieuws
al weder aengesegt, dat voortaen geen linwaten
met grove en fijne draaden, door den andren,
mitsgaders ijs geweven, en met schiften behebt,"
NL-HaNA_1.04.02_8834_0521.xml,"Van Cormandel onder dato 6. ' Septemb A o 1721,
513.
moeten aerbrengen, alsoo de sulke of die
minder als de monsters sijn, niet sullen aan
genomen werden, maar zinwaten egaal van draat
en behoorlijk digt aengeslagen moeten 'er wesen,
dus hebben uEd ons met drang van redenen, gemengt
met scherpe bedreijginge, aengesproken, daer op
hebben wij geresepondeert, dat weijnig tijd gele„
„den een geschrivt hebben overgelevert, en bij
't selve vertoont, hoe we uijt diverse handen
op de weer plaatsen genootsaakt zijn Limwaten
in te coopen, die d' Eijsch van 't monster niet
hebben, en derhalven deemoedig versogten, dat
na de jegenwoordige tijds gestelheijt het
wilden in sien, ende hant in't sorteren, wat
Ligten, maar sonder sulx aentemerken, wort ons
weder op 't cragtigste aengesegt, ons inde leve„
„rantie der Cleeden, als boven gesegt te moeten
gedragen, om de Eijsch als boven uijtgedrukt
staat te voldoen, is ons inpossibel, konden
wij 't van hier om her doen, we souden het
niet weijgeren, om welke onmogelijkheijt, —
wij A:o 1717 ook verstoten sijn geworden, en
hebben daar door op de weerplaatsen grote
schaden geleden, d' Coopl: naar ons gesuccedeert,
hebben geen agste van haar contract voldoen,
en de door haar aengebragte Cleeden bennen
al mede de hier voren aangeroerde fouten on„
„der
en"
NL-HaNA_1.04.02_8834_0522.xml,"Van Cormandel onder dato 6. ' Septemb A„o 1721,
„derworpen geweest, ten tijden wij weder coopl:
stonden te werden, heeft ons d'Ed„le heer gou„
„verneur bij sijn aenwesen, alhier gevraagt,
of wij verhoginge van prijs crijgende, geen
deugtsame kleeden soude connen procureren,
wij hebben daer op geantwoort, dat egter geen
Eguale doeken souden magtig worden, also
se niet door een, maar diverse handen ge„
„weven worden, bij aldien de geene, die nevens
ons op de weefplaatsen negotieren, haar
incoop wat staaken, dan souden wij eenigsints
beter lijwaten magtig werden, maar soo
lange als 'er soo veel kopers sijn zullen—
er ook geen betere doeken te bemagtigen
wesen, derhalven versoeken wij uE: ons naar
tijds gelegentheijd gunstig gelieven te wesen,
in het aannemen van Linwaten, dan sal
de Eijsch voldaan werden, anders sal daar op
te kort schieten, bij aldien wij nu ons woort
gaven, van sulke doeken als er Gerequireert
worden, te leveren, en bleven daar op in geke„
„ken, dan souden wij bij de heeren, voor geene
goede luijden worden aengesien, en daer en bo„
„ven nog schade en schande moeten ondergaan,
om sulx voor te comen, hebben wij directelijk
geuijt hoe het hier om her gelegen is, het is
nooijt gebeurt dat d' engelse, france, en particu„
„liere"
NL-HaNA_1.04.02_8834_0523.xml,"515
Van Cormandel onder dato 6:' Septb„r A„o 1721
liere hun hier omtrent soo vast inde negotie
geset hebben, als thans, ook is haar onverschillig
wat lijwaten sij aennemen, deselve maar —
connende magtig werden, gevende selfs hoghprij„
„sen als bevorens, bij sodanigen gelegentheijt
nogtans worden ons deugtsame Limwaten af„
„gevraagt, maer hoe konnen wij dus d' Eijsvol„
„doen, de prijsen die de heeren ons nu hebben
gelieven in tewilligen, hebben wij de wevers toe„
„gelegt, nogtans crijgen wij geen beter Linwaten,
wes ons versoek is, dat uE daer over gelieven te
schrijven aen den Ed=len Heer gouverneur, en —
raad, in dier voegen als zulx vereijst, om ons
na tijds gelegentheijt, dit jaar te helpen,
uE:s sijn alle manieren van den Coophandel
genoeij bekent, derhalven is 't onnodig dat wij bre„
„der schrijven, hoedanig ons versoek is, sodanig —
bidden wij dat uE.:s, een gunstige voor schrijving
willen doen, op dat ons deselve geconcedeert
wort. /was getekent/ in stede van soenkamoe doe„
„rama Chittij, Jampal wenkedeesje, Chitti
wegens Ananda - Aijen, Gowindoe, Chitti, jampal
Cannappa anti Chitti, Egambara Chitti, en
Cannaka sabie chitti, /onderstont / voor de trans„
„latie volgens vertalinge van den tolk Ragoe
Pattij, Sadraspatnam den 7 aug:s A:o 1721., /was getek:t/
Gustaf gouds, /Lager, / accord:t /getekent/ W„m wilant,
accordeert WE=m Crielaart eerste Clercq,
na gapatn:
„
ts"
NL-HaNA_1.04.02_8834_0524.xml,"Van Cormandel onder dato 6. ' Septb„r A„o 1721.
Wel Ed: agtb: gebiedende Heer
Nagapatnam,
Aan den wel Edele agtb:
Heer Gerrit Westrenen
gouverneur en directeur
dezer Custe Chormandel,
met den resorte van dien
Benevens den E: Raad,
Gistren hadden wij d' eer uw Ed: agtb:—
seer venerable Letteren van 14. ' courant te
ontvangen, waar bij ons gelieft te beveelen
om met eerste zees occagie uijt onsen
voorraad van contanten 20 a 25000 pagoder
aende Portonovose opperhoofden toe te
schicken, en na dien de Chialoup Eddemonij
die al dan 16 deser na Costi was afgevaar„
„digt, wegens de sterke zuijde winden doen
nog geen halv mijl van hier g'advanceerd
was, hebben wij in schuldige nacominge van
uEd agtb: welmelte ordre nog met dat kiel„
„tje, na gedagte Comptoir versonden
15000"
NL-HaNA_1.04.02_8834_0525.xml,"517
Van Cormandel onder dato 6. ' Septb: 1721,
15000. Zegge vijftien duijsent pagoden, vermits
bij nader over slag bedugt waaren, in dien 20a
25000: paq: hadden afgesteken, of wij niet
wel selfs voor't uijtgaan van aanstaande
onvaarbare mousson gebrek van contanten
souden mogen hebben, zedert 't Laaste verslog„
dat 't ondergesz: opperhooft alhier, dato 27. '
maart j.:o Leden, bij desselfs respectieus—
singulier schrijvens aen uEd agtb: heeft ge„
„doen vanden handel der oostendenaars tot
Covolang, en den toestant dier plaats, —
sijn die menschen door 't vertreck van
den heer nabab Tadoulachan, na de noord,
sonder eenig genoegen over desselfs clagt in
erlangt te hebben„ weder op haar E: gem:
residentie plaats te rug gecomen, maar
haar E: inlandsen protector Marechittij, —
sig met den moorsen regent aldaar miab
zeeb niet connende verdragen, heeft de
wijk genomen na een plaadsje gen:t Carrenj
't gene half weg Couwelang en mauli„
„waron legt, gehorende onder eenen gula„
„melichan, swager vanden heer na sab, van
wie hem protextie was beloovt, latende
daar een huijsje opmaken, en beweegde den
oostendese"
NL-HaNA_1.04.02_8834_0526.xml,"Cormandel onder dato 6:' Septb„r 1721,
van
oosten desen resident sig ook na derwaarts
te retireren, die daar ook ten eersten sijn
vlag boven uijt een Clapperboom liet waijck,
en 3 a 4 van sijn ijsere stukjes. kanon, na
toebrengen, maer eenige dagen daar na, op
aensetten van ged=te in lander, de rest van
sijn agter gelaten goederen, van Couwelang
willende weghalen, wiert hem zulx door
ged: miab Zeel belet, waar door sullien
questie rees, dat sij van beijde zijde, het
kanon Laden, en met de brandende zout
gereed stonden om vuur op elkanderen
te geven, maar den tolk van de oostende„
„naars stutte dat, niet alleen doot 't om
en weer tussen te spreeken, maar trof
ook een accoord, waer op den oostendenaar
bewilligde daer te blijven, dog vermits
zulx voorn:t marchittij seer mishaagden,
soo heeft hij dien tholk tot revenge over
dat afmaken door gerepte Gulamelichan
weten te doen vervoeren, en gevangen het„
„ten, in het onder hem gehorende Casteel
Carengoelipalium, over, welken handel-
miab Zeeb aen den heer na bab bij desselfs
te rug komst op arcadoe klagende soo —
veel"
NL-HaNA_1.04.02_8834_0527.xml,"519
Van Cormandel onder dato 6. ' Septemb„r A o 1721,
veel te wege bragt, dat den nabab ruijters
sond, om marechittij gevangen bij hem te
brengen, 't geen dien in lander door de vlugt
ontquam, en sig in gerepte Casteel reti„
„reerde, en soo lange ophielt dat ged=te
gulamelichan, naar 't gemeen gerugt vrij
geleijde voor hem bij den nabab souden
vercregen hebben, om sig te comen verant„
„woorden, terwijle daar door op Couwelang
alle handel stil staat, en buijten 't oprig„
„ten van eenige ingevallen huijsen, niet
notabels zedert gem: jongste schrijvens,
anders als 't Gerepte, is voorgevallen,
verblijvende de oostondenaars daer in
een armelijken staat nog al de wedercomst
van hare commandeur Marvellie afwagten,
alle welke wij al voor eenige dagen aen
uEd: agtb: souden bedeelt hebben, maar
nadien wij doen berigt wierden, dat de
oostendenaars voorgaven brieven vande
mallabaar te hebben ontvangen, dat
aldaar vijf van hare schepen, door een
nieuw opgerigte oostendische Comp=e uijt
geschikt waren aengecomen, en daar over
dikwils"
NL-HaNA_1.04.02_8834_0528.xml,"Van Cormandel onder dato 6. ' Septb: A„o 1721,
dijkwils geschoten, en vreugde bedreven
hadde, soo heeft 't opperhoovt alhier in't
begin van voorleden week daar over geschreven,
aen een man tot pondicherij, die hij vermoe„
„de dat wel 't naaste zoude weten, wat
daar van is, en ernstiglijk versogt hem
sulx te bedeelen, maar tot hier toe—
te vergeefs na de te rug komst van de
daar toe uijtgeschickte pion gewagt,
om was 't mogelijk uEd: agtb: op 't sekerste
de swegen met eerbied te connen infor„
„meren, dog sulx te lange tarderende, —
hebbij wij desen niet Langer durven op„
„houden, — het schip blijenburg den 17. '
deser op de middag van portonovo hier ter
rheede comende zijn wij besig met uijtter„
„ste verhaastinge 't selve de geprojecteerde
steenwerken, tot nodig ballast in te geven,
gelijk vervolgens de hier aenhanden sijnde 380.
diverse Cheeden packen, ook sullen doen, —
en als dan de notitie van dien ten eersten
met eerbied aen uEd: agtb bedeelen, terwijle
thans nevens desen aen uEd agtb: laten over„
„gaan de navolgende negotie papieren,
als,
vier"
NL-HaNA_1.04.02_8834_0529.xml,"521.
Van Cormandel onder dato 6. ' Septb„r A„o 1721,
Copia cognossementen der Ladingen, steenwerken,
vier
van hier na 't hooft Comptoir met de chialoep
de Susanna, de phaar Coijlang, de Chialoupen
de lier, en Eddemonij, vervoert, mitsg:s nog
een Copia cognoiscement factuura, van d' Con„
„tanten met laast ged.:t chialoup den 18.:' deser
na Portonovo versonden, monteren„
„de ƒ 90000. –. –.
een Copia translaat van een portugees briev„
je 't gene 't opperhooft op't subject van
't Coper, dat tot Madras desen jaaren,
en A„o passato is aangebragt, heeft ontvan„
„gen waar bij uEd: agtb: sal te voren
komen hoe devicil het is, om de —
sekere quantiteijt van dien te weten,
dog het opperhoovd sal niet man
queren van nog nader te tenderen,
of ijets verder dien aangaende kan mag„
„tig worder,
Waar mede etca. , /was getekent/ A
Boel (in margine) Sadraspatnam
den 18: ' Augustus Anno 1721 / Zager/
accordeert W=m Criclaart eerste Clercq
Rendement
-"
NL-HaNA_1.04.02_8834_0530.xml,"Van
Cormandel onder dato 6. ' Septb: A„o 1721
Uijt 't Negotie Pakhuijs
301. -. lb
japans staav Coper. . . . . . . . . . . . . . . . . . . . . . . . . . - . . . . . . . —.
21. —.
peper - - - - . - . . - - - - - - - . - - - - - - - - - - - - . . . . . . . . . . . . . „ —.
„
403. —. „ thin. . . . . . . . . . . . . . . . . . . . . . . . . . . . . . . . . . . . . . . . „ —.
7. —.
„ 1piauther - - - - - - - - - - - - - - - - - - - - - - - - - - - - - - - - - - - - - - - „ —.
720. —.
„ Zeuglood - - - - - - - - - - - - - - - - - - - - - - - - - - - - - - - - - - - - - - - - -„—
96. —.
salarmoniak - - - - - - - - - - - - - - - - - - - - - - - - - - - - - - - - - - „ 1
„
6. ½.
„ foelij. . . . . . . . . . . . . . . . . . . . . . . . . . . . . . . . . . . . . . . . . . . . . . . . . „ —.
40. —.
„ nagelen. . . . . . . . . - - . . . - - - . . . . . . . . . . . . . . . . . . . - - . . . . . „ —
58. ½.
„ noten. . . . . . . . . . . . . . . . . . . . . . . . . . . . . . . . . . . . . . . . . . . „ —
—½. „ Caneel. . . . . . . . . . . . . . . . . . . . . . . . . . . . . . . . . . . . . . . . . . . . . . „ —
1. —.
1p. „ dubbelde armosijn. . . . . . . . . . . . . . . . . . . . . . . . . . . . . . . - . „ 11
16. —
„ Enkelde —
_„os, als,
11. –. stux aen 's Comp. s dienaeren. . . . . . . . . . . . . . . . . . . . . . . „ 6.
5. —. „ „ inlanders. . . . . . . . . . . . . . . . . . . . . . . . . . . . . . . „ 6.
p. s Tjoenerij - - - - - - - - - - - - - - - - - - - - - - - - - - - - - - - - - - - - - - - - - - - - „ 5
1. —
ƒ
3. ½. Ell swart Laken. . . . . . . . . . . . . . . . . . . . . . . . . . . . . . . . . . . . . . . . . . . „ 6
uijt 't Provisie Maguazijn,
6. —. kann: Aracq - Apij - - - - - - - - - - - - - - - - - - - - - - - - - - - - - - - - --
Mo
Inde Stad Nagapatnam ult=to
't Co
Rendement van de onderte
110
die staende dese maed
40
„tant sijn vercogt, waar aen
in en uijtcoops comt to mont
zoo perC=to, als in't gemaal
El"
NL-HaNA_1.04.02_8834_0531.xml,"523
Van Cormandel onder dato 6. ' Septb„r A„o 1721
onder te noemene
Coopmanschappen en andre goedren
mand te deser hooftplaatse Nagapatnam, voor con„
vaar aengewesen wort, hoe veel ijder pont, stuk, el &:a, —
te monteren, en wat daer op, en op de geheele parthije,
gemaal is gewonnen, te weten,
't Costende van voor hoe advance 't costende voor hoe winst diverse advance
p. s lb— veel 1 lb op t rep: l der vercogte veel ten
op al
win„
hael & a.—
El en &:, vercogt is, Eenz: Quantiteit omgeset hondert „sten 't vercogte
. . . . . . ƒ —. 10. —. ƒ —. 16. 8. ƒ —. 6. 8. ƒ 150. 10. —. ƒ 248. 6. 8. ƒ 65 —. –. . . . . . . . . . . ƒ 87. 16. 8.
. . . . . . . „ —. 2. 12. —. 5. —. —. 2. 4. 2. 17. 12. 5. 5. 2. 8. 4/16. 2. . . . . . . . . . . . . „ 2. 7. 4.
. . . . . . . „ —. 5. 10. —. 10. 5. —. 4. 11. 28. 19. 6. 53. 2. —. 83. /3. —. . . . . . . . . . . . „ 24. 2. 10.
. . . . . . . „ —. 6. 14. —. 11. 8. —. 4. 10. 2. 8. 2. 4. —. 8. 66. ¾. „. . . . . . . . . . . „. 1. 12. 6.
. . . . . . . . „ —. 2. 8. — 3. —. —. —. 8. 90. —. —. 108. —. —. 20. —. —. . . . . . . . . . . . . „ 18. —. —.
. . . . . . . . . „ 1. 4. 2. 1. 12. 8. —. 10. 4. 106. 16. —. 156. —. —. 46. -. —. . . . . . . . . . . . „. 49. 4. —.
. . . . . . . „ —. 11. 4. 8. —. —. 7. 8. 12. 3. 13. 8. 52. —. —. 1322. /¾. —. . . . . . . . „ 48. 6. 14.
. . . . . . . „ —. 6. 12. 5. —. —. 4. 13. 4. 13. 10. —. 200. —. —. 1381. ½. -. -. . . . . . . . . „ 186. 10. —.
. .
. . . . . . . „ —. 1. 9. 3. 8. —. 3„ 6. 7. 4. 11. 6. 198. 18. —. 4252. 2/9. —. . . . . . . . . . „ 199. 6. 10.
. . . . . . „ —. 6. 2. 2. 16. 14. 2. 10. 12. —. 3. —. 1. 8. 8. 825. ¼. —. . . . . . . . . . . „ 1. 5. 8.
. . . . . . . . „ 11. 5. —. 15. —. —. 3. 15. —. 11. 5. —. 15. —. —. 33. ¼. —. . . . . . . . . . . „ 3. 15. —.
. . . . . . . . „ 6. —. —. 7. 10. —. 1. 10. —. 66. —. —. 82 10. —. 25. —. —. ƒ 16. 10. —.
. . . . . . . . . . „ 6. —. —. 9. —. —. 3. —. —. 30. —. —. 45. —. —. 50. —. —. 15. —. —„ 31. 10. —.
. . . . . . . . „ 5. —. 14. 7. 4. —. 2. 3. 2. 5. —. 14. 7. 4. —. 42 1/16. 2:. . . . . . . . . . . „ 2. 3. 2.
. . . . . . . „ 6. —. —. 10. 5. —. 4. 5. —. 21. —. —. 35. 17. 8. 70. 2/8. –. . . . . . . . . . „ 14. 17. 8.
. . . . . „ —„ 6. —. —. 12. 8. —. 6. 8. 1. 16. —. 3. 15. —. 108. /3. –. . . . . . . . . „ ƒ 1. 19. —.
de winst sommeert in dese maant. - ƒ 667. 16. 6.
April Ao„ 1721 /getekent/ dirk van Loon, —
rendement
t
1
1"
NL-HaNA_1.04.02_8834_0532.xml,"Cormandel onder dato 6. ' Septb: A„o 1721
Van
Rendement als
44. –.
Uijt 't Negotie Pakhuijs
lb japans staav Coper. . . . . . . . . . . . . . . . . . . . . . . . . . . . . . . . . /
„ peper, daar van
-
13. -. lb. . . . . . - - - - - - - - - - - - - - - - - - - - - - - - - - - - - - - - - - - - - - - - - - „
72000. —. „. . . . . . . . . . . . . . . . . . . . . . . . . . . . . . . . . . . . . . . . . . . . . . . . . . . „
.
lb salarmoniak. . . . . - . . . . . . . . . . . . . . . . . - . . . . . - - - - - - - - - - - - - - „ 1.
24. –.
56. —. „ thin. . . . . . . . . . . . . . . . . . . . . . . . . . . . . . . . . . . . . . . . . . . „ —.
848. —. „ Zeuglood. . . . . . . . . . . . . . . . . . . . . . . . . . . . . . . . . . . . . . . . . . . . . „ —.
111. —. „ ijser hollands - - - - - - - - - - - - - - - - - - - - - - - - - - - - - - - - - - - - - - - - - - - - - „ —.
1440. –.
„ sandelhout. . . . . . . . . . . . . . . . . . . . . . . . . . . . . . . . . . . . . . - - - . - „ —.
„ foelij. . . . . . . . . . . . . . . . . . . . . . . . . . . . . . . . . . . . . . . . . . . . - - - - . - „ —.
2.¾.
„ nagelen. . . . . . . . . . . . . . . . . . . . . . . . . . . . . . . . . . . . . . . . . . . . . . . . . „ —.
10. ¾.
12. ¾. „ nooten. . . . . . . . . . . . . . . . . . . . . . . . . . . . . . . . . . . . . . . . . . . . . . . . . „ —.
2. —. „ Caneel. . . . . . . . . . . . . . . . . . . . . . . . . . . . . . . . . . . . . . . . . . „ —.
16. —. „ spijkers hollantse. . . . . . . . . . . . . . . . . . . . . . . . . . . . . . . . . . . . . „ —.
15. —. p. s sjoenerijs - - - - - - - - - - - - - - - - - - - - - - - - - - - - - - - - - - - - - - - - - - - - - - - „ 5.
9. —. „ mombanijs dubbelde. . . . . . . . . . . . . . . . . . . . . . . . . . . . - . . - - - „ 4.
16. —. „ taftas dubbelde. . . . . . . . . . . . . . . . . . . . . . . . . . . . . . . . . . . . . . . . . „
3.
1. —. „ sjanderwanij. . . . . . . - - - . . . . . . . . . . - - . . . - - - - - - - . . . . - - . . . . . . . „
21. –. „ armosijnen Enk: als
. . . 11. p. s aen de dienaren. . . . . . . . . . . . . . . . - - - - - - - - - - - - - - - - - - - - - - - - . . . „
10. „ „ „ in lander. . . . . . . . . . . . . . . . . . . . . . . . . . . . . . . . . . . . „
6.
2. ½. „ armosijnen dubbelde. - - - - - - - - - - - - - - - - - - - - - - . - - - - - - - - - - - - - - - - . - „ 11.
1. —. El persiaans phelp - - - - - - - - - - - - - - - - - - - - - - - - - - - - - - - - - - - - . - „
uijt d' dispens
1. —. grote fles rosewater. . . . . . . . . . . . - . . . . . . . . . . . . . . . . . . . . . . . . . . . . „
van d' Houtwerf,
2. —. p. s ribben. . . . . . . . . . - - - - - - . . . . . . . . . . . . . - - - - - - - - - - - -. - „ —
3. —. „ huijs balken. . . . . . . . . . . . . . . . . . . . . . . . . . . . . . . . . . . . . . . „ —
van de Materialen
25„ —. „ palmeren van 4. uijt een boom. . . . - - - - - - - - - - - - - - - - - - - - - - „
. . . . . . . . . . . . . . . . . . . . . . . .. „
50. —. „ palmeer Latten. . . . . . . . .
L
Inde Stad Nagapatnam Den
72013. -
-
6
4.
a"
NL-HaNA_1.04.02_8834_0533.xml,"525
Cormandel onder dato 6. ' Septb„r A„o 1721,
Van
vooren
vercogt is,
Ea
46. 10. —.
3. 5. —
't oostende van voor hoe veel winst op 't oostende voor hov veel advance winken op advance
edel &. a 1p. s lb el &:a 1p. s ld el van al 't
ten
omgeset is, hondert diverse — op al 't
vercogte
vercogte.
p
. . . . . ƒ —. 10. —. ƒ —. 16. 8. ƒ —. 6. 8. ƒ 22. —. —. ƒ 36. 6. 4. ƒ 65. —. —. . . . . . . . . . . . . ƒ 14. —6. 4.
. . . . . . „ —. 2. 12. —. 5. —. —. 2. 4. 1. 15. 12. 3. 5. —. 81. 1/16. —. ƒ 1. 9. 4.
. . . . . . . . „
—. 2. 12. —. 5. 4. —. 2. 8. 9900. —. —. 18900. —. —. 90. 3/2. r. 9000. —. —. „ 9001. 9. 4.
12. 6. —.
. . . . . . . . „ 1. 2. 4. 1. 12. 8. —. 10. 4. 26. 14. —. 39. —. —. 46. —. —. . . . . . . . . . . . . . .„
13. 2. 8.
. . . . . . . „ —. 5. 10. —. 10. 5. —. 4. 11. 15. 15. —. 28. 17. 8. 83. 1/3. —. . . . . . . . . . . . . .
. . . . . . . . „ —. 2. 8. —. 3. —. —. —. 8. 106. —. —. 127. 3. 12. 20. —. —. . . . . . . . . . . „ 21. 3. 12.
. . . . . . . . . „ —. 2. 4. —. 3. 14. —. 1. 10. 12. 9. 12. 21. 10. —. 72. ¼. „s. . . . . . . . . . . . . . „ 9. —. 4.
. . . - - - . „ —. 8. 5. —. 16. —. —. 7. 11. 598. 10. —. 1152. —. —. 92. ½. —. . . . . . . . . . „ 553. 10. —.
. . . . . - . . „ —. 11. 14. 8. —. —. 7. 8. 12. 1. 11. —. 22: —. —. 1322. 2/9. —. . . . . . . . . . . . . . . „ 20. 9. —.
. . . . . . . . „ —. 6. 12. 5. —. —. 4. 13. 4. 3. 12. 8  53. 15. —. 1381. ½. —. . . . . . . . . . . . . „ 50. 2. 8.
. . . . . . . „ —. 1. 9. 3. 8. —. 3. 6. 7. —. 19. 19. . 43. 6. 14. 4252. /9. —. . . . . . . . . . . „ 42. 7. —.
5. 1. 8.
. . . . . . . . „ —. 6. 2. 2. 16. 14. 2. 10. 12. —. 12: 4: 5. 13. 12. 825. ¼. —. . . . . . . . . . . . „
3„ 6. —.
. . . . . . . . . „ —. 3. 6. —. 7. 8. —. 4. 2. 2. 14. —. 6. —. —. 122. 29. —. . . . . . . . . . „
32. 6. 14.
. . . . . . . . . „ 5. —. 14. 7. 4. —. 2. 3. 2. 75. 13. 2. 108. —. —. 42 1/16. —. . . . . . . . . . . . . „
17. 14. 2.
58. 18. 12. 43. —. —. . . . . . . . . . . . „
. . . . . . „ 4. 11. 10. 6. 11. —. 1. 19. 6. 41. 4. 10.
91. 3. 12. 47. ½. –. . . . . . . . . . . . „ 29. 9. 12.
. . . . . . . . „ 3. 17. 2. 5. 14. —. 1. 16. 14. 61. 14. -.
5. 13. 12. 29. ½. =. . . . . . . . . . . . . „ 1. 5. 12.
. . . . . . . . „ 4. 8. —. 5. 13. 12. 1. 5. 12. 4. 8. —.
25. —. —. ƒ 16. 10. —.
66. —. —. 82. 10. -.
- - - - - - - - „ 6. —. —. 7. 10. —. 1. 10. —.
30. –. —„
60. —. —. 90. —. —. 50. –. -.
- - - - - - - - „ 6. —. —. 9. —. —. 3. —. —.
9. 7. 8.
3. 15. —. 28. 2. 8. 37. 10. —. 33. 1/3. —. . . . . . . . . . . . . „
- - - - - „ 11. 5. —. 15. —. —.
..
. . . . . . . . „ 3. 14. —. 6. —. —. 2. 6. —. 3. 14. —. 6. —. —. 62. ½„. —. . . . . . . . . . . „ 2. 6. —.
. . . . . . „ 1. 5. —. 3. —. —. 1. 15. —. 1. 5. —.  3. —. —. 140. —. —. . . . . . . . . . . . . . „ 1. 15. —.
. . . . . . . . „ —. 18. —. 3. —. —. 2. 2. —. 1. 16. —. 6. —. —. 233. 1/3. —. . . . . . . . . . . „ 4. 4. —.
. . . . . . . „ —. 18. 6. 3. 15. —. 2. 16. 10. 2. 15. 2. 11 5. —. 308. —. —. . . . . . . . . . . . „ 8. 9. 14.
. . . . . . . . „ —. 2. 9. —. 4. 12. —. 2. 3. 3. 4. —. 6. —. —. 87. —. —. . . . . . . . . . . . „ 2. 14. —.
. . . . . -. „ —. —. 8. —. 1. 12. —. 1. 4 r 1. 5. —. 4. 10. —. 258. 1/3. —. . . . . . . C„„
de winsten sommeert in dese maand. . ƒ. 9905. 11. 14.
Laasten meij A„o 1721 (getekent) d: V: Cloon, —
en
rendement
O
.."
NL-HaNA_1.04.02_8834_0534.xml,"Cormandel onder dato 6. ' Septb:r A„o 1721.
van
Rendement als vooren
uijt 't Negotie Pakhuijs
150. -. ld: japans staav koper. . . . . . . . . . . . . . . . . . . . . . . . . . . . . . . . . . . . .
65. —. „ peper ronde. . . . . . . . . . . . . . . . . . . . . . . . . . . . . . . . . . . . . . . . . ..
thin. . . . . . . . . . . . . . . . . . . . . . . . . . . . . . . . . . . . . . . . . . . . . . . . ..
66. –.
504. —. „ Zeuglood. . . . . . . . . . . . . . . . . . . . - - - - - - - - - - - - - - - - - - - . -.
spiauter. . . . . . . . . . . . . . . . . . . . . . . . . . . . . . . . . . . . . . . . . . . . . . . . . . . . . .
35. —. „ spijkers hollands - - - - - - - - - - - - - - - - - - - - - - - - - - - - - - - - - - - - - - - - - - - - -
2. 3/8. „ foelij. . . . . . . . . . . . . . . . . . . . . . . . . . . . . . . . . . . . . . . . . . . . . . . . . . . . . .
9. /8. „ nagelen. . . . . . . . . . . . . . . . . . . . . . . . . . . . . . . . . . . . . . . . . . . . . . . . . . .
9. ½. „ nooten. . . . . . . . . . . . . . . . . . . . . . . . . . . . . . . . . . . . . . . . . . . . . . „. —
3. ¾. „ Canneel. . . . . . . . . . . . . . . . . . . . . . . . . . . . . . . . . . . . . . . . . . . . . . . . . . .
16. –. p. s armosijnen Enkelde, als.
8 p. s aen 's comp. s dienaaren. . . . . . . . . . . . . . . . . . . . . . . . . . . . . . . . . . .
8. „ „ d' in landers. . . . . . . . . . . . . . . . . . . . . . . . . . . . . . . . . . . . . . .
—. ½. „ Armosijn dubbelde. . . . . . . . . . . . . . . . . . . . . . . . . . . . . . . . . . . . . . . . . . . ..
7. —. „ mombhanijs dubbelde. . . . . . . . . . . . . . . . . . . . . . . . . . . . . . . . . . . . . . . . . . .
1. —. „ tafta dubbelde. . . . . . . . . . . . . . . . . . . . . . . . . . . . . . . . . . . . . . . . . . . . . . .
1. —. „ _„o en kelde - - - - - - - - - - - - - - - - - - - - - - - - - - - - - - - - - - - - - - - - - - - -a
—. . lb naij en stik zijde. . . . . . . . . . . . . . . . . . . . . . . . . . . . . . . . . . . . . . .
2. —. p. s persiaans overheer. . . . . . . . . . . . . . . . . . . . . . . . . . . . . . . . . . . . . . . . .
9. —. „ Cormandels d„o - - - - - - - - - - - - - - - - - - - - - - - - - - - - - - - - - - - - -
Schrijf Tuijg
9. —. bladen bord papier - - - - - - - - - - - - - - - - - - - - - - - - - - - - - - - - - - - - - - .
uijt de Dispens
bos javase rottings. . . . . . . . . . . . . . . . . . . . . . . . . . . . . . . . . . . . . .
vande houtwerf
-
huijs balken. . . . . . . . . . . . . . . . . . . . . . . . . . . . . . . . . . . . . . . .
vande Materialen
palmeren van 9. uijt een boom - - - - - - - - - - - - - - - - - - - - - - - - -.
„
palmeer Latten. . . . . . . . . . . . . . . . . . . . . . . . . . . . . . . . . . . . . . . . . . . .
„
uijt 't Equipagie Pakhuijs
„ want van 7 duijm dik. . . . . . . . . . . . . . . . . . . . . . . . . . . . . ..
1. —. „ Cabel touw van 6 duijm dik. . . . . . . . . . . . . . . . . . . . . . . . . . . . .
209
_„o _. o „ 5 _. os - - - - - - - - - - - - - - - - - - - - - - - - - -
Inde stad Nagapatnam den Zaas ten
3. –. „
2. —. p s
60. –.
130. –.
1. —.
1. —.
1. —.
.
van
1
—.6
6.
6.
11.
4.
3
2.
6
21
153
„"
NL-HaNA_1.04.02_8834_0535.xml,"527
Cormandel onder dato 6. ' Septb: A„o 1721,
van
is,
't costende voor hoe winst op 't costende voor hoe
advance winst op advance
van 17:e lb veel psle 1 p. ld el van al 't veel omge„
ten
op al het
diverse
el d. , elde, vercogt &:a,
vercogte „ het is,
hondert prijsen
vercogte
. . ƒ —. 10. —. ƒ —. 16. 8. ƒ —. 6. 8. ƒ 75. —. —. ƒ 123. 15. —. ƒ 65. —. —. . . . . . . . . . . . . . ƒ 98. 15. —.
—. 2. 12. —. 5. —. —. 2. 4. 8. 18. 12. 16. 5. —.
81. 1/16. z. . . . . . . . . . . . . . . „ 7. 6. 4.
. . . . —. 5. 10. —. 10. 5. —. 4. 11. 18. 11. 4. 34. —. 10.
83. 1/3. —. . . . . . . . . . . . . . . . . „ 15. 9. 6.
. . . . . . . —. 2. 8. —. 3. —. —. —. 8. 63. —. —. 75. 11. 14.
20. —. —. . . . . . . . . . . . . . „ 12. 11. 14.
. . . . . . . - . —. 6. 14. — 11. 8. —. 4. 10. 1. —. 10. 1. 14. 6. 66. ¾. —. . . . . . . . . . . . . . „ —. 13. 12.
- - - . . . -. —. 3. 6. —. 7. 8. —. 4. 2. 5. 18. 2. 13. 2. 8. 122. 3/9. —. . . . . . . . . . . . . . . „ 7. 4. 6.
. . . . . . . —. 11. 4. 8. —. —. 7. 8. 12. 1. 12. 6. 23. —. —. 1322. 2/¾. —. . . . . . . . . . . . . . „ 21. 7. 10.
. . . . . —. 6. 12. 5. —. —. 4. 13. 4. 3. 6. 10. 49. 7. 8. 1382. ½. —. . . . . . . . . . . „ 46. —. 14.
. . .  —. 1. 9. 3. 8. —. 3. 6. 7. —. 14. 19. 32. 6. 4. 4252. 2/9. —. . . . . . . . . . . . . „ 31. 11. 6.
. . . . . . . . —. 6. 2. 2. 16. 14. 2. 10. 12. 1. 3. —. 10. 13. 2. 825. ¼. —. . . . . . . . . . . . „ 9. 10. 2.
6. —. —. 7. 10. —. 1. 10. —. 48. —. —. 60. —. —. 25. —. —. ƒ 12. —. —.
6. —. —. 9. —. —. 3. —. —. 48. —. —. 72. —. —. 50. —. —. 24. —. -.„
36. –. —.
1. 17. 8.
3. 15. —. 5. 12. 8. 7. 10. —. 33. ¼. —. . . . . . . . . . . . „
11. 5. —. 15. —. —.
1. 19. 6. 32. 1. 6. 45. 16. 14. 43. –. –. . -. . . . . . . . „ 13. 15. 8.
6. 11. —.
4. 11. 10.
1. 16. 10.
3. 17. 2. 5. 13. 12. 47. ½. —. . . . . . . . . . . . . .
1. 16. 10.
5. 13. 12.
3. 17. 2.
3. 13. 12. 1. 2. 12. 2. 11. —. 3. 13. 12. 44. —. =. . . . . . . . . . . . . „ 1. 2. 12.
2. 11. –.
9. —. —. 2. 12. —. 2. 8. —. 3. 7. 8. 40. 5/1. —. . . . . . . . . . . . „ —. 19: 8.
6. 8. —.
—. 16. 6. 2. 5. —. 1. 8. 10. 1. 12. 12. 4. 10. —. 174. 2/5. —„. . . . . . . . . . . . „ 2. 17. 4.
—. 9. —. —. 11. 6. —. 2. 6. 4. 1. —. 5. 2. 8. 26. ½. —. . . . . . . . . . . „ 1. 1. 8.
. . . . . . . . . —. 4. 8. —. 5. 10. —. 1. 2. —2. —. 8. 2. 10. 10. 25. —. —. . . . . . . . . . . . „ —. 10. 2.
. . . . . . . . —. 9. —. —. 15. —. —. 6. —. —. 9. —. —. 15. —. 62. 2/3. -. . . . . . . . . . . . . „ —. 6. —.
. . . —. 18. 6. 3. 15. —. 2. 16. 10. 1. 16. 12. 7. 10. —. 308. —. —. . . . . . . . . . . 5. 13. 4.
. . . . . . —. 2. 9. —. 4. 12. —. 2. 3. 7. 13. 12. 14. 8. 2. 87. —. —. . . . . . . . . . . . „ 6. 14. 6.
—. —. 8. —. 1. 12. —. 1. 4. 3. 5. —. 11. 13. 12. 258. 1/3. —. . . . . . . . . . . . . „ 8. 8. 12.
. . . . . .
214. 4. —. 250. —. —. 35. 16. —. 214. 4. —. 250. —. —. 16. ¾. -. . . . . . . . . . . . „ 35. 16. –.
. .„
204. —. —. 204. —. —. —. —. —. 204. —. —. 204. —. —. —. — —. . . . . . . . . . . . „ —. —. —.
:
153. —. —. 153. —. —. —. —. —. 153. —. —. 153. —. —. —. —. —. . . . . . . . . . . . . . „ —. —. —.
somma de winst in dese maant. . . . . . . 317. 9. 12.
sten Iunij A„o 1721. (getekent) d: v: Cloon
.
rendemt„
. . . .
. . .
. . . . .
. . . .
. . . . .
. ƒ
„
.
. . .
A
ƒ"
NL-HaNA_1.04.02_8834_0536.xml,"van
Cormandel onder dato 6: ' Septb„r A„o 1721
uijt d' Negotie Pakhuijsen
84„ –. lb japans staav koper. . . . . . . . . . . . . . . . . . . . . . . . . . . . . . . . . .
20„ —. „ peper. . . . . . . . . . . . . . . . . . . . . . . . . . . . . . . . . . . . . . . . . . . . . . . . . . —
65. —. „ thin. . . . . . . . . . . . . . . . . . . . . . . . . . . . . . . . . . . . . . . . . . . . „
932. —. „ Zeuglood - - - - . - - - - - - - - - - - - - - - - - - - - - - - - - - - - - - - . . . —
12. –. „ spiauter. . . . . . . . . . . . . . . . . . . . . . . . . . . . . . . . . . . . . . . . . —
1. –. „ staal hollands - - - - - - - - - - - - - - - - - - - - - - - - - - - - - - - - - - - - - - - - „. —.
4. 3/8. „ foelij. . . . . . . . . . . . . . . . . . . . . . . . . . . . . . . . . . . . . . . . . . . . . . . . . . . . —.1
75. —. „ nagelen. . . . . . . . . . . . . . . . . . . . . . . . . . . . . . . . . . . . . . . . . . . . . . . . . . „. —.
130. –. „ nooten. . . . . . . . . . . . . . . . . . . . . . . . . . . . . . . . . . . . . . . . . . . . . . . . . . . —
1. ¼. „ Caneel. . . . . . . . . . . . . . . . . . . . . . . . . . . . . . . . . . . . . . . . . . . . . . . . . . . . . —
2. —. „ spijkers hollandse. . . . . . . . . . . . . . . . . . . . . . . . . . . . . . . . . . . . . . . . . . . . . —
2. —. p. s sjanderwanijs. . . . . . . . - - - - - - - - - - - - - - - - - - - - - - - - - - - - - - - - - - . - . -. .
1. –. „ tafta dubbelde. . . - - - - - - - - - . . . . . - - . . . . . . . . . . . . . . . . . . . . . . . . . .
3. —. „ salempoeris bruijn blauw. . . . . . . . . . . . . . . . . . . . . . . . . . . . . . . . . . .
7. –. „ Armosijnen enkelde, als,
-
3 stux aen 's Comp. s dienaren. . . . . . . . . . . . . . . . . . . . . . . . . . . . . . . . . . . ..
4 „ „ de inlanders. . . . . . . . . . . . . . . . . . . . . . . . . . . . . . . . . . . -.
1. –. „ persiaans overleer. . . . . . . . . . . . . . . . . . . . . . . . . . . . . . . . . . . . . .
230. —. parr: taggre Zaad. . . . . . . . . . . . . . . . . . . . . . . . . . . . . . . . . . . . . . . . . . . . .
uijt de dispens
2. –. kassen persiaanse Claret wijn. . . . . . . . . . . . . . . . . . . . . . . . . . . . . . . . .
10. –. kann: arak apij. . . . . . . . . . . . . . . . . . . . . . . . . . . . . . . . . . . . . . . . . . . .
2. –. p. s grote flessen rosewater. . . . . . . . . . . . . . . . . . . . . . . . . . . . . . . . . . . . . . . . .
vande Houtwerf
2. —. balken kiate van 27 a 30 voeten lang. . . . . . . . . . . . . . . . . . . . . . . . . . . . . .
1. –. huijs balk - - - - - - - - - - - - - - - - - - - - - - - - - - - - - - - - - - - - - - - - - - - -
3. —. planken kiate van 1½ duijm. . . . . . . . . . . . . . . . . . . . . . . . . . . . . . . . . . . .
_„o _„o „ 1 duijm. . . . . . . . . . . . . . . . . . . . . . . . . . . . . . . . .
3. –.
vande Materialen
30. —. palmeren van 4 uijt een boom. - - - - - - - - - - - - - - - - - - - - - - . . .
50. —. palmeer Latten. . . . . . . . . . . . . . . . . . . . . . . . . . . . . . . . . . . . . . . . . . . . . .
Inde stad Nagapatnam Den
R
rendement als vooren
el
—.
-.
4.
3.
5.
6.
6.
23.
1.
6.
aa
1"
NL-HaNA_1.04.02_8834_0537.xml,"529
Cormandel onder dato 6: ' Septb„r A„o 1721,
Van
# costende voor hoe winst op 't costende voor hoe
advance winst op advance op
van 1 p. l lb veel 1p. s ld 1 p:s lo el van al 't seelomg„ ten diverse
al het
el &. a, de vercogt is, &a vercogte „ het is, hondert prijsen
vercogte
. ƒ —. 10. — ƒ —. 16. 8. ƒ —. 6. 8. ƒ 42. —. —. ƒ 69. 6. 4. ƒ 65. —. -. . . . . . . . . . . . ƒ 27. 6. 4.
—. 2. 12. —. 5. —. —. 2. 4. 2. 15. —. 5. —. —. 81. 1/16. —. . . . . . . . . . . . „ 2. 5. —.
. „ —. 5„ 10. —. 10. 5. —. 4. 11. 18. 5. 10. 33. 10. —. 83. 1/3. —. . . . . . . . . . . . . „
15. 4. 6.
—. 2. 8. —. 3. —. —. —. 8. 54. —. —. 64. 16. 4. 20. —. —. . . . . . . . . . . . „ 10. 16. 4.
. . —. 6. 14. —. 11. 8. —. 4. 10. 4. 2. 8. 6. 18. 2. 66. ¾. —. . . . . . . . . . . „ 2. 15. 10.
. . . . „ —. 4. 8. —. 8. 2. —. 3. 10. —. 4. 8. —. 8. 2. 80. ½. „. . . . . . . . . . . „ —. 3. 10.
. . .. —. 11. 4. 8. —. —. 7. 8. 12. 2. 12. —. 37. —. —. 1322. 3/9. —. . . . . . . . . . . „ 34. 8. —.
- . . . . . . .. —. 6. 12. 5. —. —. 4. 13. 4. 25. 6. 4. 375. —. —. 1381. ½. —. . . . . . . . . . . . . . „ 349. 13. 12.
. . . . . .. —. 1. 9. 3. 8. —. 3. 6. 7: 10. 3. 2. 442. —. —. 4252. /¾. —. . . . . . . . . . . „ 431. 16. 14.
. . . . . . —. 6. 2. 2. 16. 14. 2. 10. 12. —. 7. 10. 3. 11. 4. 825. ¼. —. . . . . . . . . . . . „ 3. 3. 10.
.  —. 3. 6. —. 7. 8. —. 4. 2. —. 6. 12. —. 15. —. 122. 2/9. —. . . . . . . . . . . . „ —. 8. 4.
2. 12. 2.
8. 16. —. 11. 8. 2. 29. ½. —. . . . . . . . . . . . . „
4. 8. —. 5. 14. —. 1. 6. -.
1. 16. 10.
3. 17. 2. 5. 13. 12. 1. 16. 10: 3. 17. 2. 5. 13. 12. 47. ½. —. . . . . . . . . . . . „
5. 7. 6. 6. 15. —. 1. 7. 10. 16. 2. 2. 20. 5. —. 25. ¾. –. . . . . . . . . „ 4. 2. 14.
4. 10. —.
6. —. —. 7. 10. —. 1. 10. —. 18. —. —. 22. 10. —. 25. —. —. ƒ
12. –. –. „
16. 10. —.
6. —. — 9. —. —. 3. —. —. 24. —. —. 36. —. —. 50. —. —.
1. 8. 10.
. . . . . . —. 16. 6. 2. 5. —. 1. 8. 10. —. 16. 6. 2. 5. —. 174. 2/5. —. . . . . . . . . . . . . . . „
. . . . . . . . . —. 11. 12. 1. 5. —. —. 13. 4. 135. 2. 8. 287. 10. —. 112. ¾. „. . . . . . . . . . . . „ 152. 7. 8.
23. —. —. 42. —. —. 19. —. —. 46. —. —. 84. —. —. 82. 3/1. –. . . . . . . . . . „ 38. —. —.
3. 5. —.
—. 6. —. —. 12. 8. —. 6. 8. 3. —. —. 6. 5. —. 108. 1/3. —. . . . . . . . . . . . . „
3. 10. —.
1. 5. —. 3. —. —. 1. 15. —. 2. 10. —. 6. —. —. 140. —. —. . . . . . . . . . . . . „
6. 2. 6. 18. —. —. 11. 17. 10. 12. 4. 12. 36. —. —. 194. 1/1. —. . . . . . . . . . . . . „ 23. 15. 4.
2. 16. 10.
—. 18. 6. 3. 15. —. 2. 16. 10. —. 18. 6. 3. 15. —. 308. —. —. . . . . . . . . . . . „
. . . . . . . . . . —. 9. —. 1. —. —. —. 11. —. 1. 7. —. 3. —. —. 122. ¼. —. . . . . . . . . . . „ 1. 13. —.
. . . . . . . . . —. 8. 2. —. 13. 5. —. 5. 3. 1. 4. 6. 2. —. —. 64. —. —. . . . . . . . . . . „ —. 15. 10.
3. 6. 14.
. . . . . .. —. 2. 9. —. 4. 12. —. 2. 3. 3. 16. 14. 7. 3. 12. 87. —. —. . . . . . . . . . . „
. —. —. 8. —. 1. 12. —. 1. 4: 1. 5. —. 4. 10. —. 258. 1/3. —. . . . . . . . . . . . . „ 3. 5. —.
de wicht indese maant sommeert. . . . . . f. 1137. 6. 12.
laasten Iulij A„o 1721, /getek.:t / d: v: cloon
rendement
6
. . . . .
. . . .
..
.-
. . . . . .
. . . . .
. . . . . .
. . —. .
.
. . . . . . . . .
. . . .. . .
. . . . „"
NL-HaNA_1.04.02_8834_0538.xml,"Van Cormandel onder dato 6. ' Septb 1721.
Pendement der volgensde
Loop deser maand vanr C
waar bij wart aangenesen,
en geadvanceert, namenlijk
264. -. lb garioffel nagulen. - - - - - - - - - - - - - - - - - - - . . . . . . . . . . . . . . ..
10. ¾. „ foelij of macis - - - - - - - - - - - - - - - - - - - - - - - - - - - - - - - - - - - - - - -
61. ¼. „ noten muscaten. . . . . . . . . . . . . . . . . . . . . . . . . . . . . . . . . . . . . . . . . .
3. ¼. „ Canneel. . . . . . . . . . . . . . . . . . . . . . . . . . . . . . . . . . . . . . . . . . . . .
10. –. „ ronde peper. . . . . . . . . . . . . . . . . . . . . . . . . . . . . . . .
. . . .
7200. –. „ japans staav koper. . . . . . . . . . . . . . . . . . . . . . . . .
—½. el hollants fluweel. . . . . . . . . . . . . . . . . . . . . . . . .
— 1/18 rol perciaans pheljs. . . . . . . . . . . . . . . . . . . . . . . .
Pmo
/onderstoat/ In't N=ts Comptoir Masulipatn: ult=o
„
. ."
NL-HaNA_1.04.02_8834_0539.xml,"531
Cormandel onder dato 6:' Septb„r 1721
van
rendement
Coopmanschappen, &. a, als geduurende den
van Contant sijn, uijt 'scomp. s pakhuijsen verkogt,
ngewesen, hoe veel deselve hebben gecost, gerendeert,
namenlijk,
volgen de
't costende waar
advance winsten
bij de
voor
in't
pC=to
boeken, omgeset
geheel
. . . . . . . . . . . . . . . . . . . . . . . . . . . . . . . 88. 19. —. ƒ 1323. 15. —. ƒ 1388. /4. — ƒ 1234. 16. —.
. . . .
. . . . . .
. . . . . . . . . . . . . . . . . . . . . . . . . . . . . . . . . . . . . . . . . „ 6. 1. 8. 86. —. —. 1317. 3/16. —. 79. 18. 8.
. . . . . . . . . . . . . . . . . . . . . . . . . . . . . . . . . . . . . . . . . . „ 5 „ 2. 8. 208. 5. —. 3852. ¼. ss. 203. 2. 8.
. . . . . . . . . . . . . . . . . . . . . . . . . . . . . . . . . . . . . . . . . . . . —. 19. 8. 9. 3. 2. 843. ¼. —. 8. 4. -.
. . . . . . . . . . . . . . . . . . . . . . . . . . . . . . . . . . . . . . . . . 1. 8. —. 2. 17. 8. 103. 1/16. —. 1. 9. 8.
. . . . . . . . . . . . . . . . . . . . . . . . . . . . . . . . . . . . . . . . . „ 3341. 5. —. 5722. 10. —. 71. ¼. —. 2381. 5. —.
. . . . . . . . . . . . . . . . . . . . . . . . . . . . . . . . . . . . . . . . „ 5. 1. 8. 9. —: —. 75. —. —. 3. 18. 8.
. . . . . . . . . . . . . . . . . . . . . . . . . . . . . . . . . . . . . . . . . „ 1. 16. 8. 3. —. —. 64. —. —. ƒ 1. 3. 8.
de behaalde winsten bedragen in dese maant. . . . . ƒ: 3913. 17. 8.
. .
: ults=mo Maart A:o 1721. /was getek:t/ A: v: noort"
NL-HaNA_1.04.02_8834_0540.xml,"Van Cormandel onder dato 6. ' Septemb 1721
Rendement als vooren
66. ½. lb garioffel nagelen. . . . . . . . . . . . . . . . . . . . . . . . . . . . . . .
165. —. „ foelij of macis. . . . . . . . . . . . . . . . . . . . . . . . . . . . . . . . . . . . . . .
. . .
66. ½. „ noten muscaten. . . . . . . . . . . . . . . . . . . . . . . . . . . . . . . . . . . . . . . . . .
6. ½. „ Canneel - - - - - - - - - - - - - - - - - - - - - - - - - - - - - - - - - - - - - - . . . . . . . .
2400. –. „ ronde peper - . . . . . . . . . . . . . . . . . . . . . . . . - . . . . . . . . . . . . .
7200. –. „ japans-staap Coper - - - - - - - - - - - - - - - - - - - - - - - - - - - - - - - -
—. ½. el hollants fluweel. . . . . . . . . . . . . . . . . . . . . . . . . . . . . . . . . .
3. –. fless: rosewater. . . . . . . . . . . . . . . . . . . . . . . . . . . . . . . . . . . . . .
52. –. Ell: schairlaken waar van
30 @ aan den E: Verrijn. . . . . . . . . . . . . . . . . . . . . . . . . . . . . . . . . .
22 „ „ de particuliere. . . . . . . . . . . . . . . . . . . . . . . . . . . . . . . . .
/onderstoat/ Masulipatnam ult„o April A„o 1721. / wa 3
Rendement als Boven
2952. ¾. lb nagulen - - - - - - - - - - - - - - - - - - - - - - - - - - - - - - - - - - - - - - . . . . .
5. ½. „ foelij of macis - - - - - - - - - - - - - - - - - - - - - - - - - - - - - - - - . . .
1878. ¾. „ noten muscaten. . . . . . . . . . . . . . . . . . . . . . . . . . . . . . . . . . . . . .
1. –. „ fermelioen. . . . . . . . . . . . . . . . . . . . . . . . . . . . . . . . . . . .
15360. —. „ japans staap koper. . . . . . . . . . . . . . . . . . . . . . . . . . . . .
4320. –. „ thin. . . . . . . . . . . . . . . . . . . . . . . . . . . . . . . . ..
342. –. „ Chinesen aluijn. . . . . . . . . . . . . . . . . . . . . . . . . . . . . . . . .
2. –. p. s swalpen. . . . . . . . . . . . . . . . . . . . . . . . . . . . . . . . . . . . . .
/onderstont/ Masulipatnam den Laasten Meij A=o 1721
met der selver principalen g'colfatisneert"
NL-HaNA_1.04.02_8834_0541.xml,"533
Van Cormandel onder dato 6. ' Septb: A:o 1721.
't costende waar voor
advance winsten
bij de boeken omgeset
p.r C=to
in't geheel
. . . . . . . . . . . . . . . . . . . . . ƒ. 22. 7. —. ƒ 332. 10. —. ƒ 1388. ¾. —. ƒ 310. 3. —.
. . . . . . . . . . . . . . . . . . . . . . . . . . . . . . . . . . . . . . . . . . . . „ 93. 1. 8. 1320. —. —. 1317. 3/16. —. 1226. 18. -8.
. . . . . . . . . . . . . . . . . . . . . . . . . . . . . . . . . . . . . . . . . . . „ 5. 10. 8. 226. 2. —. 3852. ¾. P:s 220. 11. 12.
. . . . . . . . . . . . . . . . . . . . . . . . . . . . . . . . . . . . . . . „ 1. 19. —. 18. 7. —. 843. ¼. —. 16. 8. —.
. . . . . . . . . . . . . . . . . . . . . . . . . . . . . . . . . . . „ 339. 7. 8. 690. —. —. 103. 3/16. —. 350. 12. 8.
. . . . . . . . . . . . . . . . . . . . . . . . . . . . . . . . . . . . . . . . . „ 3341. 5. —. 5722. 10. —. 71. ¼. —. 2381. 5. —.
. . . . . . . . . . . . . . . . . . . . . . . . . . . . . . . . . . . . . . . „ 5. 1. 8. 9. —. —. 75. —. —. 3. 18. 8.
. . . . . . . . . . . . . . . . . . . . . . . . . . . . . . . . . . . . . „ 3. 14. 12. 9. —. —. 145. 4. —. 5. 5. 4.
. . . . . . . . . . . . . . . . . . . . . . . . . . . . . . . . . . . . . . . . . . „ 181. 14. 8. 272. 11. 12. 50. —. —. 90. 17. 4.
. . . . . . . . . . . . . . . . . . . . . . . . . . . . . . . . . . . . . . . . . . . . . . . . . . . 33. 5. 4. 264. —. —. 98. 1/. —. ƒ130. 14. 12.
de behaalde advancen in dese maant belopen. . . . . . . . . ƒ4736. 14. 8.
1721 /was getekent/ H: V: Noort
. . . . . . . . . . . . . . . . . . . . . . . . . . . . ƒ 991. 18. 12. ƒ 14763. 15. —. ƒ 138. 2/ m ƒ 3771. 16. 4.
40. 18. —.
. . . . . . . . . . . . . . . . . . . . . . . . . . . . . . . . . . . . „ 3. 2. —. 44. —. —. 1317. 3/16. -.
. . . . .
. . . . . . . . . . . . . . . . . . . . . . . . . . . . . . . . . . . . . . . . . . 118. 11. 8. 6387. 15. —. 3852. ¾4. 2/. 6229. 3. 8.
. . . . . . . . . . . . . . . . . . . . . . . . . . . . . . . . . . . . . . . . . . . . . . . . 2. 19. 8. 5. 2. —„ 71. 1/1. —. 2. 2. 8.
. . . . . . . . . . . . . . . . . . . . . . . . . . . . . . . . . . . . . . „ 7128. —. —. 12237. —. —. 71. ¼. —. 5109. —. —.
. . . . . . . . . . . . . . . . . . . . . . . . . . . . . . . . . . . . . . . . „ 1478. 5. —. 1943. —. —. 31. 2/15. —. 464. 15. —.
. . . . . . . . . . . . . . . . . . . . . . . . . . . . . . . . . . . . „ 25. 4. —. 53. 9. —. 111. ¼. r: 28: 5. —.
. . . . . . . . . . . . . . . . . . . . . . . . . . . . . . . . . . . . . . . . . „ 9. 1. 8. 15. 2. —. 66. 3/1. —. ƒ 6. —. 8.
de advancen in dese maant bedragen. . . ƒ . 25652. —. 12.
meij A:o 1721 /was getek:t A V: Noort /onderstont / voorsz drip rendementen met
d: v: Cloon
lationeert, accorderende bevonden, /getek. t /
..
.
rendement"
NL-HaNA_1.04.02_8834_0542.xml,"Van Cormandel onder dato 6:' Septemb„r A„o 1721.
2. —. lb foelij of macis - - - - - - - - - - - - - - - - - - - - - - - - - - - - - - -.
6. ½. „ garioffel nagelen. . . . . . . . . . . . . . . . . . . . . . . . . . . . . . .
6. „. „ noten of rompen. . . . . . - - - - - - - - - - - - - - - - - - . .
1. ½. „ Caneel. . . . . . . . . . . . . . . . . . . . . . . . . . . . . . . . . . . .
1974. –. „ peper ronde. . . . . . . . . . . . . . . . . . . . . . . . ..
72. –. „ Aluijn Chinese. . . . . . . . . . . . . . . . . . . . . . . . . . . . . .
1. –. @ Laken schair. . . . . . . . . . . . . . . . . . . . . . . . . . . . . - . . . . . . . . . . . .
20. –. stx planken kiate d' 1 a 1½ duijm. . . . . . . . . . . . . . . . . . . . . . . . „
/onder stont / In't Casteel geldria tot Palliacatta ult=o
Rendement als Boven
1. –. lb foelij of macis - - - - - - - - - - - - - - - - - - - - -
5. —. „ garioffel nagelen. . . . . . . . . . . . . . . . . . .
noten of rompen. - - - - - - - - - - - - - - - - - - - - - -
3. –. „
peper ronde. . . . . . . . . . . . . . . . . . . . . . . . .
1560. –. „
aluijn chinese. . . . . . . . . . . . . . . . . . . . . . .
72. –. „
—. ¼. p. s armosijn dubb: beng:=se. . . . . . . . . . . . . . . . . . . . . . .
960. –. lb buscruijt. . . . . . . . . . . . . . . . . . . . . . . . . . . . . . . . . . . . .
/onderstont / In't Casteel Geldria tot Palliacatta ultij
Rendement der Coopmanschper
19
hier ten Comptoire uijt
kostende, vergoops prij"
NL-HaNA_1.04.02_8834_0543.xml,"535
Van Cormandel onder dato 6. ' Septb A„o 1721,
anschpen, geduurende dese maant Maart
Comptoire uijtgevent, met aenwijsinge van derselver
vergoopsprijsen, en behaalde advancen, namentlijk,
advance
't costende d'uijtcoops winst p. r 't costende 't rendement
p„r lb &a, prije mede soo, pont Ea der vercogte pat: van dien,
pC=to
op 't geheel
GG
. . . . ƒ —. 11. 4. ƒ 8. —. —. ƒ 7. 8. 12. ƒ 1. 2. 8. ƒ 16. —. —. ƒ 1322. —. —. ƒ 14. 17. 8.
. . . . . . . . . . . . „ —. 6. 13. 5. —. —. 9. 13. 3. 2. 4. 4. 32. 10. —. 1368. —. —. 30. 5. 12.
. . . . . . . „ — „ 1. 9. 3. 8. 2. 3. 6. 9. —. 9. 6. 20. 8. 12. 4260. —. —. 19. 19. 6.
. . .
. . . . . . . . . . „ —. 6. 2. 2. 16. 14. 2. 10. 12. —. 9. 4. 4. 5. 6. 828. —. —. 3. 16. 2.
. .
. . .
. . . . . . . . . . . „ —. 2. 13. —. 5. 6. —. 2. 9. 277. 11. 14. 530. 10. 4. 91. —. —. 252. 18. 6.
. . . . . . . . . . . „ —. 1. 2. —. 3. 12. —. 2. 10. 4. 1. —. 13. 10. —. 233—. —. 9. 9. —.
ren
. . . . . . . . . . . . . . . . „ 7. 5. 15. 12. —. —. 4. 14. 1. 7. 5. 15. 12. —. —. 64. —. —. 4. 14. —.
. . . . . . . . . . . . . „ —. 8. 12. 1. 2. 8. —. 13. 12. 1 8. 15. —. —. 22. 10. —. 157. —. —. ƒ 13. 18. —.
de behaalde advancen. . . . . . . . . . . . . . . . ƒ. . 349. 15. 2.
ult=m
Maart A„o 1721 /was getekent/ Joan=s Spits —
't costende uijtcoops winst 't costende 't rendem. t Advance
p. r lb &:a prijs mede p. r eb &a, van 't vercogte van dien
pCto op 't geheel
7
soo.
. . . ƒ —. 11. 4. ƒ 8. —. —. ƒ 7. 8. 12. ƒ —. 11. 4. ƒ 8. —. —. ƒ 1322. —. —. ƒ 7. 8. 12.
. . . . . . . „ —. 6. 13. 5. —. —. 4. 13. 3. 1. 14. —. 25. —. —. 1368. —. —. 23. 6. —.
.. . .
. . . . . . . . . „ —. 1. 9. 3. 8. 2. 3. 6. 9. —. 4. 12. 10. 4. 6. 4260. —. —. 9. 19. 10.
. . . . . . . „ —. 2. 13. —. 5. 6. —. 2. 9. 219. 7. 8. 419. 5. —. 91. —. —. 199. 17. 8.
. . . .
.
. . . . . . . . . . . . „ —. 1. 2. —. 3. 12. —. 2. 10. 4. 1. —. 13. 10. —. 233. —. —. 9. 9. —.
. . . . . . . . . „ 11. 7. 19. 15. —. —. 3. 12. 2. 2. 17. —. 3. 15. —. 31. —. —. —. 18. —.
. . . . . . . . . . „ —. 3. 4. —. 4. 8. —. 1. 4. 156. —. —. 216. —. —. 38. —. —. ƒ 60. —. —.
de behaalde advancen. . . . . . . . . . . . . . . 310. 18. 14.
April A„o 1721 /getekent / als boven
ult„o
catta
„
rendement
21
-
-"
NL-HaNA_1.04.02_8834_0544.xml,"Van Cormandel onder dato 6:' Septb: A:o 172
Rendement als voren
4. ½. lb foelij of macis. . . . . . . . . - . - - - - - - - - . . . . . . . . . . . . . . . .
10.½. „ garioffel nagulen - - - - - - - - - - - - - - - - - - - - - - - - - - - - - „
4. ¼. „ noten of rompen. . . . . . . . . . . . . . . . . - . . . . . . . . . . . . . . . „
15. ¼. „ Canneel. . . . . . . . . . . . . . . . . . . . . . . . . . . . . . . . . .
.
1506. –. „ peper ronde. . . . . . . . . . . . . . . . . . . . . . . . . . . . . .
48. –. „ aluijn Chinese. . . . . . . . . . . . . . . . . . . . . . . . . . . . . . . . . ..
11. –. stx: planken kiate d' 1 â 1½ duijm. . . . . . . . . . . . . . . . . . . . .
/onderstont/ In 't Casteel Geldria tot Pallicatta
Rendement als boven
1. ¾. lb foelij of macis. . . . . . . . . . - . - - - - - - - - - - - - - . . . . . . . .
4. ¼. „ garioffel nagulen. - - - - - - - - - - - - - - - - - - - - - - - - - - - - - -„
1. ½. „ noten of rompen. . . . . . . . . . . . . . . - . . . . . . . . . . . . . . . .
„-
1. ¼. „ Canneel. . . . . . . . . . . . . . . . . . . . . . . . . . . . . . . . . . . . .
. . . . . . . .
. . . „
peper ronden - - - - - - - - - - - - - - - - - - - - - - - - - - - - - - --
1259. –. „
. . . . . . „
Zeug Lood - - - - - - - - - - - - - - - - - - - - - - - - - - - - - - - -
960. –. „
. . . . . . „
240. –. „ staav Cooper. javans. . . . . . . . . . . . . . . . . . . . . . . . . . .
24. –. „ Aluijn chinese. . . . . . . . . . . . . . . . . . . . . . . . . . . . . . . . . .
2. –. gr: flessen rosenwater. . . . . . . . . . . . . . . . . . . . . . . . . . . . . . .
/onder stoat / In't Casteel Geldria tot Pallicatte
4
1"
NL-HaNA_1.04.02_8834_0545.xml,"537
van
Cormandel onder dato 6. ' Septb„r A:o 1721,
1721
't costende uijt Coopprijs winst 't costende rendement advanco
p. r ld &a mede soo p. r ld &, van 't vercogte, dien,
op het geheel
. . . . . . . . ƒ —. 11. 4. ƒ 8. —. —. ƒ 7. 8. 12 ƒ 2. 10. 10. ƒ 36. —. —. ƒ 1322. —. —. ƒ 33. 9. 6.
. . . . . . . . . „ —. 6. 13. 5. —. —. 4. 13. 3. 3. 11. 8. 52. 10. —. 1368. —. —. 48. 18. 8.
. . . . . . . . . . „ —. 1. 9. 3. 8. 2. 3. 6. 9. —. 6. 10. 14. 9. 8. 4260 —. —. 14. 2. 14.
. . . . . . . . . . . „ —. 6. 2. 2. 16. 14. 2. 10. 12. 4. 13. 6. 43. 7. 6. 828. —. —. 38. 14. —.
. . . . . . . . . . „ —. 2. 13. —. 5. 6. —. 2. 9. 211. 15. 10. 404. 14. 12. 91. —. —. 192. 19. 2.
. . . . . . . . . . . . „ —. 1. 2. —. 3. 12. —. 2. 10. 2. 14. —. 9. —. —. 233. —. —. 6. 6. —.
. . . . . . . . . . . . „ —. 8. 12. 1. 2. 8. —. 13. 12. 4. 16. 4. 12. 7. 8. 157. —. —. ƒ 7. 11. 4.
de behaalde advance. . . . . . . . . . 342. 1. 2.
licatta ult:m Meij A„o 1721, /was getekent / Als voren,
Advance
't costende vercoop prijs winstp. r 't costende rendement
p. r Cto op 't geheel
p. r lb &:a, mede zoo pont &:a, van 't vercogte van dien
. . . . . . . . . ƒ —. 11. 4 ƒ 8. —. —. ƒ 7. 8. 12. ƒ —. 18. 4. ƒ 13. —. —. ƒ 1322. —. —. ƒ 12. 1. 12.
. . . . . . . . . . . „ —. 6. 13. 5. —. —. 4. 13. 3. 1. 9. —. 21. 5. —. 1368. —. —. 19. 16. —.
. . . . . . . . . . „ —. 1. 9. 3. 8. 2. 3. 6. 9. —. 2. 6. 5. 2. 4. 4260. —. —. 4. 19. 14.
. . . . . . . . . . . „ —. 6. 2. 2. 16. 14. 2. 10. 12. —. 7. 10. 3. 11. 2. 828. —. —. 3. 3. 8.
. . . . . . . . . . —. 2. 13. —. 5. 6. —. 2. 9. 177. 1. —. 338. 7. 2. 91. —. —. 161. 6. 2.
. . . . . . . . . . . . . „ —. 2. 8. —. 3. —. —. —. 8. 120. —. —. 149. —. —. 20. —. —. 24. —. —.
. . . . . . . . . . . . „ —. 9. 9. —. 16. 8. —. 7. 4. 111. —. —. 198. —. —. 78. —. —. 87. —. —.
. . . . . . . . . . . . . „ —. 1. 2. —. 3. 12. —. 2. 10. 1. 7. —. 9. 10. —. 233. —. —. 3. 3. —.
. . . . . . . . . . „ 1. 5. 2. 3. —. —. 1. 14. 14. 2. 10. 4. 6. —. —. 138. —. —. ƒ 3. 9. 12.
de behaalde advance. . . . . . . . . . . . . . 319. —. —.
mo
Iunij A„o 1721. /getekent / als vooren,
icatte
ult=mo
rendement
. .
6
2"
NL-HaNA_1.04.02_8834_0546.xml,"Van Cormandel onder dato 6:'
Rendement als voren,
8. ¼. lb foelij of macis. - - - - - - - - - - - - - - - - - - - - - - - - - - - - - - . . -
14.½. „ Garioffel nagulen. - - - - - - - - - - - - - - - - - - - - - - - - - -
152. —. „ noten of rompen - - - - - - - - - - - - - - - - - - - - - - - - - . . . - .
„ Canneel. . . . . . . . . . . . . . . . . . . . . . - - - - - - - - - - . . . .
—. ¼.
„ peper ronde. . . . . . . . . . . . . . . . . . . . . . . . . . . . . . . . .
2496. –
72. –. „ aluijn Chinese. . . . . . . . . . . . . . . . . . . . . . . . . . . . .
„ staat Coper japans. . . . . . . . . . . . . . . . . . . . . . . . . . . . . .
26. –.
6. —. „ Zenglood - - - - - - - - - - - - - - - - - - - - - - - - - - - - - - - - . . .
1. –. gr: fles rosen water. . . . . . . . . . . . . . . . . . . . . . . . . . . . . . .
2. –. bosse javase rottings. . . . . . . . . . . . . . . . . . . . . .
/onderstont/ In't Casteel Geldria tot Polacat
voorsz vijv rendementen accorderen met der
Septir
O"
NL-HaNA_1.04.02_8834_0547.xml,"539.
Van Cormandel onder dato 6:' Septb„r 1721,
't Costende d'uijtcoops winst p. r 't cos=t ende rendem. t
advance
p. r lb &.a prijs mede pond &. a, van 't vercogte van dien
p:r C=to op 't geheel
soo,
. . . . . . . . . ƒ —. 11. 4. ƒ 8. —. —. ƒ 7. 8. 12. ƒ 4. 12. 14. ƒ 66. —. —. ƒ 1322. —. —. ƒ 61. 7. 2.
. . . . . . . . . „ —. 6. 13. 5. —. —. 4. 13. 3. 4. 18. 12. 72. 10. —. 1368. —. —. 67. 11. 4.
. . . . . . . . . „ —. 1. 9. 3. 8. 2. 3. 6. 9. 11. 17. 8. 517. 15. —. 4260. —. —. 505. 17. 8.
. . . . . . . . . . . . „ —. 6. 2. 2. 16. 14. 2. 10. 12. —. 1. 8. —. 14. 6. 828. —. —. —. 12. 14.
. . . . . . . . . . . —. 2. 13. —. 5. 6. —. 2. 9. 351. —. —. 670. 16. —. 91. —. —. 319. 16. —.
. . . . . . . . . . . . . . 2. —. 3. 12. —. 2. 10. 4. 1. —. 13. 10. —. 233. —. —. 9. 9. —.
. . . . . . . . . „ —. 9. 4. —. 16. 8. —. 7. 4. 12. —. 8. 21. 9. —. 78. ——. 9. 8. 8.
. . . . . . . . . . . „ —. 2. 8. —. 3. —. —. —. 8. —. 15. —. —. 18. —. 20. —. —. —. 3. —.
. . . . . . . . . . . . . 4: 5. 2: 3: —. — 1. 14. 14. 1. 5. 2. 3. —. —. 138. —. —. 1. 14. 14.
. . . . . . . . . . „ —. 94. —. 15. —. —. 5. 12. —. 18. 8. 1. 10. —. 62. —. —. —. 11. 8.
de behaalde advancen. . . . . . . . . . . ƒ . 976. 11. 10. —
Palacatta ult=m Iulij A„o 1721 /getekent/ als voren,
eren me der selver principalen, /was getekent / d: v: Cloon,
rendement
„
."
NL-HaNA_1.04.02_8834_0548.xml,"Van Cormandel onder dato 6. ' Septb„r A„o 172
. . . . . . . . . . . . . . . . . . . .
72. ¾ lb foelij of macis. . . . ..
2565. ¼. „ Garioffel nagelen. . . . . . . . . . . . . . . . . . . . . . . . . . . ..
.
2244. –. „ nooten of rompen - - - - - - - - - - - - - - - - - - - - - - - - - . . . . ..
10474. –. „ ronde peper - - - - - - - - - - - - - - - - - - - - - - - - - - - - - - - . . . - - - - . . . .
348. ½. „ japans staap Coper. . . . . . . . . . . . . . . . . . . . . . . . . . . . . .
2. –. „ palmeeren. . . . . . . . . . . . . . . . . . . . . . . . . . . . . . . . . . . . . . ..
/onderstoat) Sadraspatnam In't N=ds Compt„r adij ullo
Rendement als boven
292. -. lb Zeuglood - - - - - - - - - - - - - - - - - - - - - - - - - - - - -
394. ½. „ foelij of masis - - - - - - - - - - - - - - - - - - - - - - - - -
2544. ¼. „ garioffel nagelen. . . . . . . . . . . . . . . . . . . . .
1862. ¾. „ noten of rompen - - - - - - - - - - - - - - - - - - - - - - - - .
3. –. „ kanneel - - - - - - - - - - - - - - - - - - - - - - - - - - - - --
44011. ½. „ ronde peper - - . . . . . . . . . . . . . . . . . . . . . . . . .
654. —. „ japans staav koper. . . . . . . . . . . . . . . . . . . . . .
2. –. p. s Grote flesse rose water. . . . . . . . . . . . . . . . . . -.
/onderstoat / In't N=ts Comptoir Sadraspatnam ad
Rendement vande ondervolgende E
Comptoire voor Contant verkogt
van ijder pont, en p„l, mitsgaders
p:r C=to , als op het generaal gewone
. .
. . ."
NL-HaNA_1.04.02_8834_0549.xml,"591
Cormandel onder dato 6. ' Septb:r A„o 1721,
van
manschappen geduurende dese maand, alhier ter
aenwijsinge van 't in en uijt loope, Costende
geheele Quantiteijt, item hoe veel op deselve soo-
is, namentlijk,
't costende vercoops advancen winsten op
¼ lb en p:l . van ldemp. op 1 Eden p„rs heelde onder peieearde  ten 't vercogte in 't
generaal,
„titeijt quantiteijt
. . . . . ƒ —. 11. 4. ƒ 8. —. —. ƒ 7. 8. 12. ƒ 40. 17. —. ƒ 581. —. —. ƒ 132. 1/13. —. ƒ 540. 3. —.
. . . . . . . „ —. 6. 13. 5. —. —. 4. 13. 3. 873. 16. —. 12826. 5. —. 1367. 5/3. .s 1952. 9. —.
. . . . . . „ —. 1. 9. 3. 8. 2. 3. 6. 9. 175. 6. 8. 7643. 12. 8. 4259. ¾. r=m. 7468. 6. -.
. . . . . . . . . . . . . . . „ —. 2. 13. —. 5. 4. —. 2. 7. 1472. 18. —. 2749. 8. 8. 86. 2/3. —. 1276. 10. 8.
. . . . . . . . . . . . . . . „ —. 9. 5. —. 16. 8. —. 7. 3. 162. 5. 8. 287. 10. —. 78. —. s s. 125. 4. 8.
. . . . . . . . . . . . . . . . . „ —. 2. 9„ —. 5. —. —. 2. 7. —. 5. —. —. 10. —. 100. —. —.  —. 5. —.
de winsten behaalt in dese maant belopen een h. a van ƒ 21362. 18. -.
April 1721 /was getekent/ A: Boel, W=m wijland, —
't costende van vercoops prijs advance winste op't
't costende van vercoop van advance de gehele— van de gehele ten
vercogte in
1 ld en 1 s. o 1 Eedjs, op 1 Ed onp=s, quantiteijt mantiteijt hondert 't generaal
. . . . ƒ —. 2. 8 ƒ —. 3. 12. ƒ —. 1. 4. ƒ 36. 10. —. ƒ 54. 15. —. ƒ 50. —. —. ƒ 18. 5. —.
. - - - - - „ —. 11. 4. 8. —. —. 7. 8. 12. 221. 18. —. 3156. —. —. 1322. 1/13. rm. 2934. 2. -.
. . . - - „ —. 6. 13. 5. —. —. 4. 13. 3. 866. 12. 8. 12721. 5. —. 1367. 6/3. f. s. 11854. 12. 8.
. . . . . „ —. 1. 9. 3. 8. 2. 3. 6. 9. 145. 10. 8. 6345. —. —. 4259. ¼. r=m. 6199. 9. 8.
. . . . . - „ —. 6. 4. 2. 16. 14. 2. 10. 10. —. 19. —. 8. 10. 8. 807. /. h. s. 7. 11. 8.
. . . . . . . „ —. 2. 13. —. 5. 4. —. 2. 7. 6189. 2. 8. 11553. —. 8. 86. 2/3. —. 5363. 18. -.
. . . . . . . . „ —. 9. 5. —. 16. 8. —. 7. 3. 304. 10. 8. 539. 11. —. 78. —. hs. 235. —. 8.
. . . . . . . . . . . . . „ 1. 5. 8. 6. —. —. 4. 14. 8. 2. 11. —. 12. —. —. 370. 2/15. —. ƒ 9. 9. -.
de winsten in dese maant behaalt inporteren te gader. . . . . . ƒ . 26622. 8. —.
ult=mo Meij 1721. /was getekent/ als boven,
rendement
.
. . . . . ..
ulto
-
. . . . .
2
.
adi"
NL-HaNA_1.04.02_8834_0550.xml,"Van Cormandel onder dato 6. ' Septemb„r 1722
Rendement als vooren
223. —. lb foelij of macis - - - - - - - - - - - - - - - - - - - - - - - - - - - - - - - - - - - --
ƒ
8646. —. „ garioffel nagulen - - - - - - - - - - - - - - - - - - - - - - - - - - - - - - - - - - - - „
2766. –. „ noten of rompen - - - - - - - - - - - - - - - - - - - - - - - - - - - - - - - - - - - - - „ —
2. –. „ Canneel - - - - - - - - - - - . . . . . . - . - . . - - . . . - . . . - . . . . . . . . . „ —
276903. —. „ ronde peper. . . . . . . . . . . . . . . . . . . . . . . . . . . . . . . . . . . . . . . -. „ —.
5033. ½. „ japans staavkoper. . . . . . . . . . . . . . . . . . . . . . . . . . . . . . . . . . . . . —
1. –. p. s grote fles rosenwaters - - - - - - - - - - - - - - - - - - - - - - - - - - - - - - - - - - „
(onder stont) Sadraspatnam In't N:s Comptoir Adij ulto
Rendement als Boven
1. –. lb foelij of macis. - - - - - - - - - - - - - - - - - - - - - - - - - - - - - - - - - - -
ƒ
1349. ¾. „ garioffel nagulen - - - - - - - - - - - - - - - - - - - - - - - - - - - - - - - -
1009. ¾. „ noten of rompen - - - - - - - - - - - - - - - - - - - - - - - - - - - - - - - - „
. .
2. –. „ kanneel. . . . . . . . . . . . . . . . . . . . . . . . . . . . . . . . . . . . . . . - „ „
6. —. „ ronde: peper. . . . . . . . . . . . . . . . . . . . . . . . . . . . . . . . . . . . . . . . .
. „
4473. ½. „ japans. staaf Coper. . . . . . . . . . . . . . . . . . . . . . . . . . . . . . . . . . . „—
3. –. p. s grote flessen rosenwater. . . . . . . . . . . . . . . . . . . . . . . . . . . . . . . „ 1.
/onder staat/ Sadraspatnam In't N„ts Comptoir adij
voorsz vier rendementen accorderen, met der Hel„
ver
en
„ieten
t cost
vant
. „
de
—.
-.
't oos
-.
:
de"
NL-HaNA_1.04.02_8834_0551.xml,"543
Van Cormandel onder dato 6. ' Septb„r A:o 1721.—
E
vercogte in't
't costende 5. vercoops prijs advanceten winst op 't
't costende vercoop van advance op de geheele vande gehele
hondert hoode in't ge„
van 1 le en p. s 1 lb en p.: s 1 ld en p. s - quantiteijt quantiteijt
. . ƒ —. 11. 4. ƒ 8. —. —. ƒ 7. 8. 12. ƒ 125. 9. —. ƒ 1784. —. —. ƒ 1322. 1/13. 2. — ƒ 1658. 11. -. .
. . „ —. 6. 13. 5. —. —. 4. 13. 3. 2945. 1. 8. 43230. 12. 8. 1367. 5/3. ls. 40285. 11. -.
. . . . . . „ —. 1. 9. 3. 8. 2. 3. 6. 9. 216. 2. —. 9421. 14. —. 4259. ¾. r=m. 9205. 12. -.
. . . . . . „ —. 6. 4. 2. 16. 14. 2. 10. 10. —. 12. 8. 5. 14. —. 807. 2/5. C=s. 5. 1. 8.
. . . . . . „ —. 2. 13. —. 5. 4. —. 2. 7. 38939. 9. 8. 72687. —. 8. 86. 2/3. —. 33747. 11. —.
. . . . . . . „ —. 9. 5. —. 16. 8. —. 7. 3. 2343. 14. 8. 4152. 13. —. 78. —. s s —. 1808. 18. 8.
. . - -. . . „ 1. 5. 8. 3. —. —. 1. 14. 8. 1. 5. 8. 3. —. —. 135. 3/17. —.1. 19. 8.
de behaalde winsten in dese maant belopen een s. a van. . . . . . . . . . 86712. 19. 8.
„o Iunij A. o 1721 /was getekent/ als voren,
't costende r: vercoops prijs advance ten winst op 't
't costende van vercoop van advance op de gehele vane geheele
hondert generaal,
„et en p. s tre en p. s -. lb: en p.:s quantiteit quantiteijt
. ƒ —. 11. 4 ƒ 8. —. —. ƒ 7. 8. 12. ƒ —. 11. 8 ƒ 8. —. — ƒ 1322. 1/3 —. r ƒ 7. 8. 8.
. . . . .
. „ —. 6. 13. 5. —. —. 4. 13. 3. 459. 15. —. 6748. 15. —. 1367. 63. s s. –. 6289. –. —.
. . . .
„ „ —. 1. 9. 3. 8. 2. 3. 6. 9. 78. 17. 8. 3439. 9. —. 4259. ¾. -r. 3360. 11. 8.
„ „ —. 6. 4. 2. 16. 14. 2. 10. 10. —. 12. 8. 5. 14. —. 887. 2/5. h . . 5. 1. 8.
. . . . . „ —. 2. 13. —. 5. 4. —. 2. 7. —. 17. —. 1. 11. 8. 86. 2/3. —. —. 14. 8.
. „ —. 9. 5. —. 16. 7. —. 7. 2. 2082. 19. 8. 3677. 14. 8. 76. ½. C=s. 1594. 15. —.
.. . . . .
. „ 1. 5. 8. 6. —. —. 4. 14. 8. 3. 16. 8. 18. —. —. 370. 14/7. —. ƒ 14. 3. 8.
. . . .
de winsten in dese maand behaalt bedragen. . . . . . . . ƒ. -11271. 19. 8.
ult=mo Julij 1721 (was getek.:t / als vooren,
per principalen /getekent/ dirk van Cloon, —
. . . . .
. . . .
rendement
. . . .
. . . .
„"
NL-HaNA_1.04.02_8834_0552.xml,"Van Cormandel onder dato 6. ' Septemb A„o 1721,
Rendement vande ondergespecificeerd
„tjes hier ten Comptoire
v
pont comt te gelden,
als
„raal is gewonnen, namentlijk
. . . ..  ƒ
1. ¼. - lb foelij of macis - - - - - - - - - - - - - - - - - - - - --
9. ½. - „ garioffel nagelen. . . . . . . . . . . . . . . . . . . . . . . . . . . . . . .
9. ½. - „ rompen of noten. . . . . . . . . . . . . . . . . . . . . . . . . . . . . .
1. ¾. – „ Canneel. . . . . . . . . . . . . . . . . . . . . . . . . . . . . . . . . . . . .
766. ½. -„ japans staafkoper. . . . . . . . . . . . . . . . . . . . . . . . . . . . . . . . . . .
/onderstont/ In't N=ts Comptoir Portonovo —
rendement als boven
6. –. lb foelij of macis. . . . . . . . . . . . . . . . . . . . . . . . . . . . . . . . . . . . . . ƒ
39. ¾–. „ garioffel nagulen - - - - - - - - - - - - - - - - - - - - - - - - - - - - - -
11. –. –. „ rompen of noten. . . . . . . . . . . . . . . . . . . . . . . . . . . . . . . .
4. –. „ Canneel - - - - - - - - - - - - - - - - - - - - - - - - - - - - - - - - - - - - - . .
5587. –. „ japans staafcoper. . . . . . . . . . . . . . . . . . . . . . . . . . . . . . . .
/onderstot / Int N=ts Comptoir Portonovo ult=mo M
de
de"
NL-HaNA_1.04.02_8834_0553.xml,"595
Cormandel onder dato 6. ' Septemb: A„o 1721
Van
eerde Coopmansz: die in dese maand bij klene parthij„
voor Contant vercogt sijn, met aenwijsinge hoe veel jder
e
als ook wat daar op, en op 't geheel in pC=to en in 't gene„
mentlijk
't costende hoe veel tle advance 't costendev: tot hoe advance winsten op 't
van een pont vercogt is op een ld de gehele veel omge„ten vercogte in't
Quantiteijt „ set is. —' hondert generaal
. . . . . . . ƒ —. 11. 8. ƒ 8. —. —. ƒ 7. 8. 8. ƒ 1. —. 2. ƒ 14. —. —. ƒ 1291. 3/16. =ro ƒ 12. 19. 14. —
. . . . . . . . —. 6. 12. 5. —. —. 4. 13. 4. 3. 4. 2. 47. 10. —. 1381. ½. -. 44. 5. 14. -.
. . . . . . —. 1. 10. 3. 8. 2. 3. 6. 8. —. 15. 7. 32. 7. 3. 4092. 1/16. —. 31. 11. 12. -.
. . . . . —. 6. 2. 2. 16. 14. 2. 10. 12. —. 10. 11. 4. 19. 8. 828. 2/18. r. 4. 8. 13. –.
. . . . „ —. 9. 1. —. 16. 8. —. 7. 7. 347. 6. 6. 632. 7. 4. 82. 1/16. — ƒ285. —. 14. -.
de winsten indese maant gevallen bedragen een s=a van. . . . . „ 378. 7. 3 —
ulti„o April A„o 1721, —
't kostende hoe veel tle advance teterele tot gesael advance winsten op 't
vercogte in't
van een ld vercogt is op 1 ld. quantiteijt is,
generaal
. . . . . . ƒ —. 11. 8. ƒ 8. —: —: ƒ —7. 8. 8. ƒ 3. 9. —. ƒ 48. —. —. ƒ 129.1/5. 5 ƒ 92. 11. —.
. . . . —. 6. 12. 5. —. —. 4. 13. 4. 13. 8. 5. 198. 15. —. 1381. ½. —. 185. 6. 11 –
. . . . .. —. 1. 10. 3. 8. 2. 3. 6. 8. —. 18. 11. 39. 3. 7. 4092. 1/16. —. 38. 4. 12. —
. - - -. —. 6. 2. 2. 16. 14. 2. 10. 12. 1. 4. 8. 11. 7. 8. 828. 3/16. r. 10. 3. —. —
. . . . .. —. 9. 1. —. 16. 8. —. 7. 7. 2531. 16. 12. 4609. 13. 12. 82. 1/16. —. 2077. 17. —
de winsten in dese maand gevallen bedragen een s. r van. . . ƒ 2356. 2. 7. —
eij A. o 1721 /was getekent / W: V: Sijl, en Arn:s oosterharen,
rendement
M"
NL-HaNA_1.04.02_8834_0554.xml,"Van Cormandel onder dato 6:' Septb„r A„o 1721,
Rendement als vooren —
0¼. lb foelij of macis - - - - - - - - - - - - - - - - - - - - - - - - - - - - -.
17. –. „ Garioffel nagelen. . . . . . . . . . . . . . . . . . . . . . . . . . . .
. . . . . „
17. –. „ rompen of noten. . . . . . . . . . . . . . . . . . . . . . . ..
. . . . . .
1. –. „ Canneel. . . . . . . . . . - - - - - . - - . . -. . . . . . . . . . . . . . . . . . . . ...
840. –. „ japan 3 staapkoper - - - - - - - - - - - - - - - - - - - - . . . . .
/onderstont / In't Nes Comptoir Portonovo den Laasten
Rendement als boven
16.½. lb foelij of macis- - - . ..
. . . . . . . . . . . . . . . . ƒ
67. —. „ garioffel nagulen - - - - - - - - - - - - - - - - - - - - - - - - - - - „
57¼. „ rompen of noten. . . . . . . . . . . . . . . . . . . . . . . . . . . . . . . „
3. ½. „ Caneel. . . . . . . . . . . . . . . . . . . . . . . . . . . . . . . . . . „
1258. —. „ japans staav koper. - - - - - - - - - - - . . . . . . . . . . . - . . . . „
/onderstont/ In't N=ts Comptoir Portonovo ult=mo
voorsz: vier rendementen accorderen met der
. . „
. . „
de"
NL-HaNA_1.04.02_8834_0555.xml,"597.
Van Cormandel onder dato 6:' Septb: A„o 1721, —
't costende tot hoe ssel advancen winsten op't
't costende hoe vesebeld advance van gehele omgeset
ten
vercogte in 't
van een pont verkogt is, op een ed mantiteijt
on 9:s
hondert
generaal
ƒ —„ 11„ 8„ ƒ 8. —. — ƒ 7. 8. 8. ƒ 2. 8. 14. ƒ 34. —. —. ƒ 1291 1/16. s ƒ 31. 11. 2:
. . . . . . „ —. 6. 12. 5. —. —. 4. 13. 4. 5. 14. 12. 85. —. —. 1381. ½. -. 79. 5. 4.
. . . . . . „ —. 1. 10. 3. 8. 2. 3. 6. 8. 1. 7. 10. 57. 18. 2. 4092. 7/16. —. 56. 10. 8.
. . . . . „ —. 6. 2. 2. 16. 14. 2. 10. 12. —. 6. 2. 2. 16. 14. 828. 2/16. r=m 2. 10. 12.
. . . . . . . „ —. 9. 1. —. 16. 8. —. 7. 7. 380. 12. 8. 693—. —. 82. 1/16. —. ƒ 312. 7. 8.
de winsten in dese maant gevallen bedragen een s=a ƒ. - 482. 5. 2.
Iunij A„o 1721, /:was getekent / W: v: Sijl,
't costende hoe veel advance op 't oostende tot hoeveel advance winst op 't
een pont een lb vand gehele omgeset, ten vercogte in
van een ld
quatttiteijt is, hondert 't generaal
veroogt is
. . . . . ƒ —. 11. 8. ƒ 8. —. —. ƒ 7. 8. 8. ƒ 9. 9. 12 ƒ 132. —. —. ƒ 1291. 1/16. h. ƒ 122. 10. 4.
. . . - . . . „ —. 6. 12. 5. —. —. 4. 13. 4. 22. 12. 4. 335. —. —. 1381. ½. —. 312. 7. 12.
. . . . . . . . „ —. 1. 10. 3. 8. 2. 3. 6. 8. 4. 13. —. 195. —. 2. 409. 3/16. —. 190. 7. 2.
. . . . . . . . . „ —. 6. 2. 2. 16. 14 2. 10. 12. 1. 1. 7. 9. 19. 1. 828. 29/15. r 8. 17. 10.
. . . . . . . „ —. 9. 1. —. 16. 6. —. 7. 5. 570. —. 10. 1029. 19. 12. 80. 3/16. —. 459. 19. 2.
de winsten in dese maant gevallen bedragen een 3. van 1094. 1. 14.
Iulij A„o 1721, /was getek.:t/ W„m van Zijl en Aarn:s oosterharen, —
selver principalen, /was getekent/ Dirk van Cloon
Rendement
. ..
ten
.."
NL-HaNA_1.04.02_8834_0556.xml,"115. 5. 14. 8302 5/8. 8302. 3/8.
Rendement van sesthien hondert P:s blicke ja
panse
bestelt, en van daar den 24. ' januarij deses jaars, per de
H
westrenen, gouverneur en directeur deser Custe
verstrekt, door den Essaijeur Fredrik Elliot be
adriaan Michielsz: Goudriaan, en Ioan nos
gesmolten, en bevonden, als volgt,
Mken m E=n P=a Sw=te P=a Sw=te 1600 Stux Iapanse blicke Coepangs
becomen na 't afhouden van 2½ eng: ter versegeling voor
d' Ecomp=e, houd in alloij- - - - - - - - - - - - - - - -.
966. 3/2 p=/o sW=te geraffineert koper f 3¼ lbd voor 325 9/6 p s t: s e
van Eart: 9. 4¾. gr. dat onder dese koep. s schuijlt
om'tte doen hebben de voet van ord„e mattam„
_„o _„o mattam nog tot gem: specie nodig om die te
5505 1/32
brengen tot fan„s alloij sijnde Cart: 10. en gr: — 29/9.
5972. 1/16. p=s sw=te geraffineert Coper, en mattam te samen
14274. 1/16 d:o d:o mengsel van gout, koper, en mattam,
1. ½ ds „ of 2½. eng: ter versegeling en overgave aen d' E: hooft admini„
strateur afgehouden, die aftrecke,
14273. 3/16. d. o d. o gemengelde stoffe, van als boven,
18. 5/6¼. „ „ bij 't smelten en hersmelten ter gieting van gruijs, ver„
„loren, die afgetrocken komt,
1925. 13/614. p=r st=te welke leveren a 988. ¾. fan. s d' 100. –. pag: sw=te. . . . . . . . . ..
gaat af voor 's heeren geregtigheijt, en munter sloon. a 25. -. p r. mille.
rest voor't goud, koper, en zilver - - - - - - - - - - -.. . ...
voege bij de waarde van 1 1/¼. p=r sn=te of 2½. eng: mengsel boven genotec
komt. . . . . . . . . . . . . . . . . . . . . . . . . . . . . . . . . . . . . . ...
. . . . .
466 3/32. p=r sm„te geraffineert koper, of 3¼ ld, komt a 2 fan. s perpont
p a/a
6
5505 1/32. „ „ mattam boven gem: a 16–. p=a sw=te perpag: . . . . . . . . . „
394. 2
rest voor't Goud alleen
Cost volgens factuur gedetraheert ƒ 5. 2. 14. voor 2½. eng: vande
Coep
Comt a 15 1/64. p„r C=to verlies - - - . . . . . . . . . . . . . . . . . . . . .
m=kn 115. 5. 14. „ 8302 3/3. p a/o sw=te of 1600. p„s blicke japanse Coepans renderen. . . . . . . . . ..
trecke af de waarde van 1. 1/1. p=r sw=te of 2½ eng: mengsel hier boven
gevoegt, om 't suijver rendement van gem: Coepans volcomen aen
rest. . . . . . . . . . . . . . . . . . . . . . . . . . . . . . . ...
voege weder bij 't bedragen van d'mattam en koper onder dese
Coepans verbruijkt en hier boven afgetrocken, om de valuatie
van deselve of sonder aente wijsen, bedragende als boven
vertoont is. . . . . . . . . . . . . . . . . . . . . . . . . . . ..
. . . . . ...
Des dese Coepans gerendeert hebben
Nagapatnam den
19
. .."
NL-HaNA_1.04.02_8834_0557.xml,"549
ja panse Coebongs onder meerder van Colombo over manaar na Jaffanapatnam
per de sloep Susanna alhier ontfangen, ter ordre van d' Ed„le Heer Gerrit
Custe Chormandel, &:a, den 4. ' april daer aan tot het slaan van fanums
Illiot beproeft, en ten overstaen der ordinarij g'Committeerdens de h=rs
nes dormieux met de gerequireerde mattams daer toeredoen, —
bevonden
de waarde 't goud sonder„
in ligt gelt a 120 stver de pag: gerekent
alloij
van't goud
part: fal:s p=a fan. s
gr:
pard. fan. s
Cart:
guldens st. pn: gl: st. pr. gl. st. pr. verlies.
8
. . . . . . . . . . . . . . . . . . . „ „ 4094. 8. 1/16.
. . . . . . . . . . . . . . . . . . . . . . . . „ 352. 3. ¾.
. . . . . . . . . . . . . . . . . . . . . . . . . „ 3742. 5. 7/16. . . . . . . . . . . . . . . . . . . . . ƒ 34356. 5. 15.
genoteert. . . . . . . . „
1. 1. 1/1. . . . . . . . . . . . . . . . . . . . „ 2. 15. 10.
. . . . . . . . . . . . . . . . . . . . . . . . . . „ 3743. 6. 1/16. . . . . . . . . . . . . . . . . . . . . . . . 359. 1. 9.
p0/a
— 6½.
„
24. 2 2/6. p/s 394. 8 1/16„ „ 826. 4. 1/16. . . . . . . . . . . . . . . . . . . . . „ 2066. 3. 7.
. . . . . . . . . . . . . . . . . . . . . . . . . . „ 12917. 14. 5382. 3. 1/3. . . . . . . . . . . . . . . . . 32292. 18. 2. ƒ 32292. 18. 2.
. . . . .
Coepans - - - - - - - - - - - - - - - - - - - - - - - - - - - - - - - - - - - - - - - - . . . . . . . - - - - - - - 38066. 11. 9.
de
. . . . . . . . . . . . . . . . . . . . . . . . . . . . . . . . . . . . . . . . . . . . . . . . . . . . . . . . . . . . ƒ 5773. 13. 7.
. . . . . . . . . . . . . . . . . . . . . . . . . . . . . . . 9 17. . /. 5382. 3. 1/3. . . . . . . . . . . „ 3 2292. 18. 2.
aen te thoonen. . . . . . . . . „. 1. 1. 1/. —. 11. ¼. . . . . . . . . . . . . . „
1
. . . . . . . . . . . . . . . . . . . . . . . . „ 129.16. — ½ „ 5381. 17. ½. . . . . . . . . . . . . „ 3290. 2. 8.
. . . . . . . . . . . . . - - - - . . . . „ 826. 4. 1/16 „ 344. 8. 1/16. . . . . . . . . . . . . „ 2066. 3. 7.
. . . . . . . . . . . . . . . . . . . . . . ard. „ 374. /6. 7276. 1. 7/6. . . . . . . . 3 56. 5. 15.
19. ' April A„o 1721. /was getek.t/ A: V: Weede,
2. 15. 10.
rendement
. . . 13. 7. ¼
sill voer
lt
boven /.
dese.
atie
n
en
„
-
1
1
1"
NL-HaNA_1.04.02_8834_0558.xml,"mark: O: E: p„r sw=te 50000. –. stuks Europische ducaten.
708. 4. 13. ¾.„ 50841 1/28 becomen bij accurate naweging der gem: ducaten
na 't afhouden van 2½. Eng: ter versegeling door den
EBsaijeur fredrik Elliot, die dese specie in —
deugt stoffe bij Issaij bevonden heevt. - - . . . . - . .. .
98. 5. 12. „ 708. 1/10. mattam hier toe nodig om het te brengen tot pagod=r
alloij of Cart: 28. 8. 2/5. —
807. 2. 5. ¾. „ 5792 3/¾.
gout, en mattam te samen,
bij de eerste en tweede smelting verhoren,
3. 12. -. „
32 3/32.
netto behouden
806. 6. 13 ¾. „ 57890 3/64.
2. ½. „
1. ¼. ter versegeling bij gem: Essaijeur afgehouden,
—. —.
-
komst 806. 6. 11. ¼. „ 57889. 28:
64. welkers valeur is - - - - - - - - - - - - - - - - - - - - - - - - - - - - - - - - -
gaat af voor 's heeren geregtigheijt en nunter sloon a 19½. pagod (vand
zoo mede de waarde van 708. 29/30. pag: sw=te mattam voorm: Comt a 19. —. pag:
voege nu bij de waarde van 2½. eng: van dese pag: specie —
ter versegeling afgehouden, om de valuatie van Gem: ducaten
volkomen aen te thoonen - - - - - - . . - - - - - - - - . . - - - - - - - - - - - - - - - - - - - --
komt. . . . . . . . . . . . . . . . . . . . . . . . . . . . . . . . . . . . . . ..
kost volgens. factuur gedetraheert ƒ 7. 6. —. voor de waarde—
van 2½ eng: der meerm:s ducaten. . . . . . . . . . . . . . . . . . . . . . .
des bedraagt d'advance op dese 50000. –. ducaten a 2½. s=ts p„r Conpt- - - - - --
nu wert hier weder bij gevoegt de waarde van voorsz: mattam
mits die boven alleen afgetrocken is, om de gelding van
d=o gout separaat aentethoonen - - - - - - - - - - - - - - - - - - - - - - - - - - -
Somma te samen. . . . . . . . . . . . . . . . . . . . . . . . . ..
waar tegen weder moet afgaan 't bedragen van 2½. eng: van
dese gesmolte specie hier voren bij 't geproflueerde deser
ducaten simpel gevoegt; om diens volle valeur volkomen
aen te thoonen . - - - - - - - - - - - - - - - - - - - - - - - - - - - - - - - - - --
des Comt voor 't rendement van dese 50000 ducaten en de verbruijk
Nagapatnam den
Rendement van Vijftig duijsent stuks
en Haringthuijn, aangebragt ter ordre van den Ed=len
I
Chormandel, &a, tot 't slaen van pagoden verstrekt
mattam, ten overstaen der ordinairij g'Committeer
de
Joannes dormieux doen smelten, mitsg.:s bevonden
als"
NL-HaNA_1.04.02_8834_0559.xml,"551.
Europeche ducaten
Heer Gerrit Westrenen, gouverneur en directeur deser Custe
door den Essaijeur fred„k Elliot beproeft, met de nodige
dens de boekhouders adriaan Michielsz: Goudriaan, en
als hier onder duijdelijk wert aengewesen, ten vertoont, namentlijk,
P„r d' schepen de Magdalena
bevonden
alloij
Car: gr: pag: fan.:s pag: fan. s pag: fan. gl. s4. pr. gl. Ht. prn: Winst
. . . . . . . . . . - „ 23. 7. —.
. . . . . . . . . . . . . . . . . . . . . . . . . . . . . . . . . . „ „ 789. 8. 9/16.
van de 1014 ½. . . . . . . . . . . „ 827. 9. 23/16.
agd
a 14. . . pag: Iw=te per pag:. . . . . . . „ 505. 20. 1/16„ 1333. 5. 3/1.
-
1 5635. 1/6 3 . . 1. 5. . 1
6. 13. 2.
6. 13. 2.
. . . . . . . . . . . . - - - - - - - - - - - - - - - - - . . . . . . . . . . . . „ 1. 2. 3/8.
. . . . . . . . . . . . . . . . . . . . . . . . . . . . . . . . . . . . . 657. 5. 3/6. 39398. 7. 13: 339346. 7. 13.
. . . . . . . . . . . . . . . . . . . . . . . . . . . . . . . . . . . . . . . . . . . . . . . . . . . . . . 3 131. 5. 4.
.
. . . . . . . . . . . . . . . . . . . . . . . . . . . . . . . . . . . . . . . . . . . . . . . . . . . . . . . . . . . . . . . . . . . . . . . ƒ 8212. 2. 9. —
. . . . . . . . . . . . . . . . . . . . . . . . . . . . . . . . . . . . . . . . „ . 505. 20. 1/16. 3035. —. 5. .
. . . . . . . . . . . . . . . . . . . . . . . . . . . . . . . . . . . . . . . . . . . . 706. — 1/4 „ 92378. 8. 2.
. . . . . . . . . . . . . . . . . . . . . . . . . . . . . . . . . . 1. 2. /8. 6. 13. 2.
bruijk te mattam daar onder. . . . . . . . . . . . . . . „ 57061. 23. —. 342371. 15. -.
19e: Maij A„o„ 1721 /was getekt / A: V: Weede,
. .
rendement
t
„„
.
-
deser
n
van
attaen
.
ducaten"
NL-HaNA_1.04.02_8834_0560.xml,"ken
M=r. O. E. p=r w=te p/o Sw„t 1600. stx: Iapanse blicke Coepans
115. ½ 5. 17½. 8303 1/15. 8303. 1/16.
becomen na 't afhouden van 2½ Eug: tot een proev, om
bij de Ecomp=e bewaart te werden hout in alloij......
890. 9/28. geraffin:t koper of 6 3/16. ld voor 3618 3/16. p=r Ew=te silver dat
op gem: Cep. l steekt, om 't te brengen tot de g'halte van
ordin=s mattam,
4973 5/16. mattam nog tot gem: gent nodig om 't te brengen tot Cart: p 2/0
5863. 1/20. p=r sw: gerafineert Coper, en Mattam,
14167. 1/21. „
„ Gout, koper, en mattam te samen,
1. /8. „
„ f 2½ eng: ter verzegeling en overgave aen d'E hooft administe / tge
14166. 29/28. „
„ mengeling.
„ mattam nog hier toegedaan mits dese mengeling 5/0 q:r
81. 3/64. „
hoger is bevonden als 't alloij der famuus
14248. 29/23. d.o. d.o. mengsel te samen,
29. 23/32. „ „ bij 't smelten, en hersm=tse ter vermenging, der spetien
en gidting van gruijs verloren, die afgetrocken, comt.
19219. 7/28. p=r sn:te welke leveren a 988¾. fan. s d' 100. p=/ Sw.:te - - - - - - - - -- -
gaat af voor 'sheeren geregtigh:t en munters zoon a 25. — p:r mil le.-
rest voor't goud; koper enMattam
voege bij de waarde van 2½. eng: of 1 3/1. pag: sw=te mengsel hier
boven genoteert - - - - - - - - - - - - - - - - - - - - - - - - - - - - -
Comt. . . . . . . . . . . . . . . . . . . . . . . . . . . . . . . . . . . . . . . . . . . . . . . . .
890. 9/280. p=/ sw=te geraffin:t koper of 6 1/16. lb kost a 2 fan„t 18
of d' 144 –. – pag: sw=te. . . . . . . . . . . . . . . . . . - - - -. . . . -.
505 3/¾.
„mattam onder dit gout verbruijkt, soo als bo„
„
„pen is vertoont, cost a 16. –. pag: se=t p„r pagood.-
rest voor 't gout alleen. - . . . . - . . . . . . . - - - ----. -.
Cost volgens factuur gedetraheert ƒ 5. 2. 13. voor de waarde van —
2½ eng: ter bewaring gehouden. . . . . . . . . . . . . . . . . . ..
komt a 19 3/32 pC=to per ries - - - - - - - - - - - - - - - - - - - - - - - - - --
m=ken 115. 5. 17. —. „ 8303 14/15 off 1600 p. s Iapanse blicke Coepans hebben gerendeert. ..
hier van moet weder afgaen d' waarde van 2½. eng: of 1/½ p=r
die hier boven is gevoegt, om de valuatie van gem: koep - velcom
die gedetraheert rest. . . . . . . . . . . . . . . . . . . . . . .
voege weder bij de waarde van 5945 3/64. pag: sw=t mattam, en koper, sonder
verbesigt, mede hier boven afgetrocken, om de suijpre waarde van dit
aen te wijsen, bedragen a 16:—. pag: 3W=te p. r pagood - - - - - - - - - --
Comt voor 't suijvre rendement van dese Coepans - - - - - - - - - . -
Nagapatnam den laasten Iunij A„o 1721
rendement van sesthien hondert stuks Japhanse
tot Jaffanapatnam, en van daer p. r de sloep Susanna alhier
Cas ter ordre van den Ed=len H„r Gerrit Westrenen, gouverneur, en
welke voorts door den EBsaijeur Fred:k Elliot g' Eshaij t, en ten
en Joann„s dormieux, met de nodige mattam gesmolten, en tot
.. ."
NL-HaNA_1.04.02_8834_0561.xml,"553
1. 1. 1/½. .
Japanse blicke Coepans ondermeerder van Colombo over Manaar
alhier den 24 Januarij 1721. ontfangen mitsg:s den 24 meij daar aan uijt de grote
neur, en directeur deser Custe Chormandel &:a, tot 't slaan van fanums verstreckt,
,en ten overstaen der ord„n gecomm: s van de munt de h=rs Adr: Michielsz: Goudriaan,
en tot voorsz: specie verwerkt sijn, als volgt,
bevonden
allooij
Cart: gr:
5.
. . . .. „13„ 6.
d'waarde 't gout sonder
in ligt gelt a 120 stver de pag: gerekent.
van 't goude matt: en Coper
pard. - fan=s pard. s fan.:s pag: tan. guld st pr guld. st pn gul. st pr Verlies
. . . . . . . . . . . . . . . . . . . . . „ 14059. —. 16.
mil le. . . . . . . . . . . . . . . . . . . . - „ 351. 4. 1/15.
. . . . . . . . . . . . . . . . . . . . . . „ 3707. 6. /8. . . . . . . . . . . . . . . . . . . .
. . . . . . . - - – - - – – – - . – :–„
. —. 12 2/8.
. . . . . . . . . . . . . . . . . . . . . . 0. 7. . . . . . . . . . . . . . . . . . .
. . . . . . . . . . . . . . „ 2. 15. 10.
. . 315. —. 23. ½„. 316.12. „. 759. 6. -. . . . . . . . . . . . . . . . . . . . . . 9. -. –.
. . . . . . . . . . . . . . . . . . . . . . . . . . . . -„ 12949. 1. ¼ „15395. 1. ¼. . . . . . . . . . ƒ 32372. 16. 4. ƒ32372. 16. 4.
„
– – - - - - - - - - - - - - - - - - - - - - - - - - - - - - - - - - - . . . . . . . . . . . . . „ 38071. 11. 5.
. . . . . . . . . . . . . . . . . . . . . . . . . . . . . . . . . . . . . . . - - - ƒ 5698. 15. 1.
r. . . . . . . . . . . . . . . . . . . . . . . . . . . . . . .9.9. 1. „ 5395. 11. ¼. . . . . „ 32372. 16. 9.
p=r In=te mengel;
of 1 1/8
1. 1. ½. —. 11. ¼„. . . . . . . . . . . . „ 2. 15. 10.
koep. s - volcome aante toonen. . . . . . . . . . .„
. . . . . . . . . . . . . . . . . - „ 12998. —. ½„ 5395. —. ¼. . . . . . . . . . . „ 32370. —. 10.
. . . . . . .
koper, onder voorsz. gout
- - - - - - - - - - - „ 759. 6. —. 316. 12. -. . . . . . . . . . . „ 1899. —. —.
van dit gout bijsonder
.. . .
3
- . . - . . . do.
.
. . . . . . . . . . - -„13707. 6. ½. 5711. 12. ½„. . . . . . . . . . . „ 34269. —. 10.
. . . . . . . . . . . . . . . . . . . ..
1721 /was getek.:t A: V: Weede, voorsz: drie munts bevindinge accorderen, —
met der selver principalen, /getekk:t/ d: v: cloon,
en
.
5t: 10 2/5
'tgehouden
. . .
hier
t lb
. . . . . p/o
bo„
—
„"
NL-HaNA_1.04.02_8834_0562.xml,"Van Cormandel onder dato 6. ' Septb„r A„o 1721, —
In den Naame des heijligen Gods,
Verhevene Heere Gouvernur
Aan den hoog
generaal vande Comp=e, die den behoeftigen
te hulpe komt, en bij haar wettig regt beschermt,
en wies voeten wij nedrig Cussen, als hebbende
het vermogen, om desselvs onderzorigen in zijn
regering door billikheijt te gebieden, en regt
te doen den genen, wien, saken sijn Ed„ts uijt
sprake in regtmatigheijt vereijsschen, versoeken
wij een toegenogene en vrindelijke Gedertieren„
„heijt te erlangen, ten eijnde dat onse gemoede„
„ren tot een Goede gerustheijt mogen gebragt
werden, ter sake van seker vaartuijg, 't
welk de naam van fatek Morad voert, —
en van souratta na masulipatnam vertrocken
sijnde, onderwegen gestrant is, volgens de—
tijding, die wij daar van daan zedert kregen;.
sijnde tusschen Colombo en natoubah=
en Gale, alle onderhoorige plaatsen, van 't
Eijlant Cheijlon comen te vervallen, en aldaar
door verduijm der stierlieden op de klippen
geraakt, en aen stucken gestoten, sodanig
egter
.. ."
NL-HaNA_1.04.02_8834_0563.xml,"555
Van Cormandel onder dato 6:' Septb„r 1721
egter dat door Gode goetheijt de goedren
gebergt, en behouden aen Lant gebragt sijn,
terwijlen niet te min de Capitain van bald-
tjiri, en die van Gale, met den fiscaal-
sig niet ontsien hebben, haar daer bij te voegen,
en alle de goedren daar van aen te slaan,
en weg te laten brengen, hebbende wij daer
op wel een smeek schrift, tot weder bekoming,
dier goedren aen deselve ingegeven, maar zij
nogtans niet kunnen besluijten, om deselve
aen ons weder te laten herstellen; sijnde on„
„der haar magt verbleven, t' getal van 200.
Moslemans en 100 heijdenen, mitsgaders in
hare Logie opgelegt de inlading van dat schip
soo wel als de I=ar van vier en twintig duij„
„sent silvere ropijen, aen Contanten, met
nog eenige andre noodsakelijkheden van
waardijen, hoewel wij niet nagelaten hebben
sedert nog verscheijde malen, met een versoek
schrift, tot ontslag daar van aen te houden,
sijnde eijndelijk eenige dier schepelingen met
seker vaartuijg na Masuli-Bendar, over„
„gestoken, alwaer aangelant zijnde de tadij
(gentelijke regter) met d'overige regenten ver„
„scheijden
8"
NL-HaNA_1.04.02_8834_0564.xml,"Van Cormandel onder dato 6.:' Septb„r 1722,
scheijdene reijsen na den Capitain van de Logie
tot masulibendar sig begeven, en aan hem
vertoont hebbende de gelegentheijt van 't
voorval, als mede een Lijst van 't agter ge„
„blevene, gelijk zijn E: ook alles heeft laten
aentekenen, dog op ons versoek niet kunnen
eenige schicking maken, terwijl 't in sijn
E„s magt niet en stont, maar wel in die
van den heere Gouverneur generaal, met
desselfs bij hebbende raden, om de voorsz:
dingen te doen vereffenen, 't welk dan de
„reden is, dat wij de vrijheijt nemen van
dese brief te schrijven en zijn Edelheijt
toe te senden, met vrindelijk versoek, om ons
genoegen te geven, en met blijdschap te
vervullen, welke soo seer verkropte goede tij„
„ding ter ooren der volken, deser gemeene —
Landen comende, ook niet nalaten zal, die
van 't hof geheel behooglijk voor te comen,
in welke verwagting wij de bestierders—
van de Compagnie, alle welstant van goe„
„der herten toewenschen,
('t segel op 't zak, en op de kant van't omslag —
met inct uijtgedrukt behelst het volgende,/
„naast God is mahomet d' overwinnende Coning—"
NL-HaNA_1.04.02_8834_0565.xml,"557
Cormandel onder dato 6. Septb„r A„o 1721,
Van
en keijser ferochsijer de vorst der Mahollesen
(boven 't segel in't zak uijtgedrukt, staat op
een rond briefje in't persiaans geschreven,)
wij willen hopen, dat dese brief, als een
teeken van ware vrindschap voor't oog van
zijn Edelheijt den Heere Gouverneur gene„
„raal zal gebragt werden tot Batavia,
Register van alle hoo„
danige brieven en papie„
„ren alsser op heden door den
oppercoopman en opperhooft
van noorder Chormandel —
Paulus Verrijn, benevens
den raad tot Masulipatnam
p„r 't schip voorburg van hier
na Batavia werden verson„
„den, geconsigneert aen den hoog
Ed:le Heere Henric Zwaar¬
„deCroon gouverneur generaal
mitsgaders d' Ed=le Heeren
raden van nederlants India,
namentlijk,
N 1. Origineele missive van dato deses, —
No. 2.
E
-
:"
NL-HaNA_1.04.02_8834_0566.xml,"Cormandel onder dato 6. ' Septb„r A„o 1721,
N„o 2. een Copia resolutie, 5. Courant alhier in ra-
„de genomen,
3 vijf Copia afgegane brieven van hier na 't hooft
Comptoir Nagapatnam, zedert
den 8. ' meij tot den 12 augustij —
vergange,
Van
9. seven _„o becomene missive van even gemelde
hooft plaatse, van den 21. maij, tot
den 15 aug:s pass=o,
5. vier Copia sirculaire brieven van hier na de
noorder binnen Comptoiren Palicol
daatcherom, en bimilipatnam
gesz:, in dato 5: ' 9. ' en 11. ' en 16.'
der evengem: maand augustij,
6. twee _„o translaat brieven aen den opsiender
tot Golconda, gen„t Ammarasingoe
den 28 julij, en 11 aug: versonden,
7. twee d„o d„o van daar ontfangen de datis
18. ' julij, en 12 augustij,
8. een _„o _„o door op gemelte opperhoovt
aen den masulipatnam Een fausdaar
Codjadje Geschreven
9. drie afgegane brieven van den 25. ' Julij tot 8.
Courant, van hier na 't Comptoir
Palicol
10. thien Copien ontfangene brieven van evenge„
„dagte"
NL-HaNA_1.04.02_8834_0567.xml,"559
Van Cormandel onder dato 6. ' Septb„r A„o 1710. —
dagte Comptoir van den 2.
julij tot den 4. deser
so11. twee Copia versondene brieven na 't Compt=r
daatcherom, de datis 25 Julij
en 2. ' Courant,
12. vijf _„o ingecregene d=os van Laast genoemde
Comptoir, sedert den 3 augustij
verweken, tot primo deser,
13. twee _„o Gerigte d=os na 't Comptoir bimili„
„patnam, van den 25. ' julij, en
huijdigen datum
14. Zeven Copia gerecipieerde brieven, van strap
genoemde residentie, van 4e. Julij
tot 4.' september,
15, een Extraxt, memorie uijt 't masulipatnamse
negotie journaal, wegens de van
tijd tot tijd gedane ongelden
tot Golconda, aen de woninge
van Chirum chodenda,
16. vier Copia bevindinge vande hier aengebragte
Lijwaten en Chitsen, met eenige
ballagate van de Comptoiren, —
Palicol, en daatcherom
17. een _„o _„o van de aengebragte goedren ensz:
p. r 't schip voorburg annex een
rapportje van 't peijlen, en proeven.
der dranken
No. 18
.
.
.. .  ..
.
.
„"
NL-HaNA_1.04.02_8834_0568.xml,"Cormandel onder dato 6.:' Septb„r 1721
van
N. 18. ses stux rendementen der verhandelde wharen
uijt 's comp. s pakhuijsen in de vergange
laaste drie maanden, junij, julij,
en augustij, soo hier als ten comp„
„toire bimilipatnam.
19. een Copia memorie der particuliere aengekomene
scheepjes, en vaartuijgen te deser
rheede en plaatse sedert ult„o aug=o
anno vergange, tot primo 7ber j.:o leden
met aanthoninge, wat coopmansz:
deselven hier aangebragt, en weder
vervoert hebben,
20. drie Copia bevinding der defecten aen de
Logie &a, alhier, die noodsakelijk
reparatie vereijschen,
21. 't Cognoissement, en
22. de factura van 't geladene in voorsz: bodem,
23. twee onkost reecq: vande verstreckte pro¬
„visie en andre benodigtheeden
aen 't schip voorburg, annex twee
reekeninge der uijtgegevene soldijen
aen de zeevarende daar op be„
„scheijden, zoo hier als tot Naga„
„patnam,
Masulipatnam den 15: Septemb A„o
1721 /was getekent/ Herm„s Taarling eerste Clercq,"
NL-HaNA_1.04.02_8834_0569.xml,"561.
Van Cormandel
Batavia
wanneer wij onsen
en raads schrijvens,
wat sijn Ed: en ha„
AAan den Hoog Edelen
Gestrengen Heer Henric Zwaar¬
„decroon, gouverneur Generaal, benevens
d' Ed„le Heeren Raden van Nederlants
India,
P„r 't schip
Voorburg,
nademaal den heere, onsen Gouverneur, en chor„
„mandelse raad, bij brieven van den 19. ' en 28. '
66
julij jongst leden, mitsg. s 15. Contant, verselt d: h. r gouverneur
van d' Extracten uijt uw hoog Edelhedens vrevens eenige Ex„
„trocten uijt uw
„toos g'estimeerde de datis 31. ' meij met de hoog Edelh„ts gesti
„meerde missive, —
schepen blijenburg, 't raadhuijs van middel, ontfangen hebben,
„burg, en voorburg, na herwaarts geschreven,
betreckelijk tot dit noorder deel, en daar
omme t' onser narigt gesonden, onder meer
bevelen ook gelieven te gelasten, dat wij w E: daar bij heb„
uw hoog Ed=ns met de verschuldigde eerbiet, lasten,
verslag hadden te doen, van al het voorgevalle„
„ben gelieven te ge„
Hoog Edele wijdgebie¬
dende Heere en Edele
Heeren,
„ ne
„
„
.
-."
NL-HaNA_1.04.02_8834_0570.xml,"Van Cormandel den 16:' Septemb„r A„o 1721
voorburg hier is.
aan gecomen,
ammarauw kielie„
aurangabat
„sen souba, ontrent
„nen vanden Car
naticase na bab,
„ne, ontrent d' Ecomp=e, en hare dierbare belan„
„gens, aen dit ooirt, sedert den onsen van den
8. ' meij vergange, om dus te vervolgen, 't gene
zijn edele en haar E: van daer staen tedoen, —
zoo ist dat wij alvorens spreken van 't schij
wanneer 't schip voorburg, den 23. ' verweken aengelant, omme
sijne ladinge hier, en tot Bimilipatnam. te vin„
„den, met behoorlijke submissie als gewoon,
een aanvang maken, met de moor en Heij„
„den se regering, welker op sigte men navolgens
de brieven, aen 't opperhooft Verrijn van den
op sigter uijt Golconda, sedert opgemelden tijd,
den 10. ' moij geschreven, eenelijk maar seker
't ontsaggelijk om heeft, het ontsaggelijk om swerven, van den
„swerven, van den berugten Ammarauw, Kilietjechan; omtrent
„tjechan, ontrent en bij Ourangabaad, en 't briefje primo junij
gedateert, vervolgt, dat hij van Gaddoewool, we„
„der bij sig hebbende ontboden den Golcondase
sijne brigting n zouba Moebarischan, met hem, en sijn onder„
„vens dan golconda„ hebbende magt, gecombineert suijdewaarts
drie onwillige soo, aen waren getrocken, om d' onwillige soonen
vanden Carnatikase nabab, daleelchan,
met name Ibrahim chan, sadoelachan, en
abdulla Nabichan, daar regerende, tot
'st opbrengen van 's keijsers trijbuijt, bij den
over
en,"
NL-HaNA_1.04.02_8834_0571.xml,"563
Van Cormandel den 15. ' Septemb:r 1721
Idem
verders in't lant
dewelken hij consi„
gelts afgeperst, mitsg.s
voor eenigen tijd
verleent hadt,
wat ongeval sijne —
soo nen gelaten, is—
overleden vader, en haar g'int, te Constringe„
„ren, soo als sij dan ook, naar eenig tegenstrib„
„ben, door tussen comste van voor gedagte souba,
en om van dit stropent gespuijs maar ontsla„
„gen te wesen, hadden verstaen, tot d' uijtkeering
van 13500000 ropias, ook hadden sij van dese
considerable som volgens een nadere van 18.
julij twee derde voldaen, terwijle Kilietje,
chan een deel ruijters, en voetvolk, om het
nog resterende daer latende, voor af met meer
gedagte heere Coeba, weder was verrijst; en in
't Lant van den rasiewaar Kanckoertj malla„
„riddi gecomen, en had hij, na dien regent= van sekre rasjuwaar
ook 900000 ropias had geschoten, den souba„drasle sommen
tot het trouwen van twee sijner kinderen toes„
„gestaen, met sijn onderhebbende magt de reijse en ged:te souba
na Golconda door te setten, dog dese waarom na Golconda
nauwelijx daar, of de tijding was, dat boven ge„te keeren, verloff
x
„dagte land regenten, 't dagelijx gequel van het
op haar hals geblevene volk moede geworden,
die kans schoon, en hun magtiger siende, hun
waren op 't Lijv gevallen, en niet alleen bij de
duijsent gedood, maar dat de nog overige vlug:ts kerijgerds, bij voorm:
„tende, in 't doorwaade van de riviere Cristira, overgedomen, en
mits 't schielijk afcomende op peerwater, weg
gespoelt, en verdronken zijn, Kielietjechan
met 't gros der sijne bij jtegier, een kleene-
sterkte
T"
NL-HaNA_1.04.02_8834_0572.xml,"Van Cormandel den 15
Septemb A„o 1721
daar over wil wreeken
gerugte mistrou¬
hof, over de belangens
van al hoort mon
verterkte, twaalf jentievse mijlen besuijden
Golconda gelagert, dit, uijt de weijnige ont„
hoe kielietje chan, napte vernomen hebbende, waer wel voE spijts,
maar moest sijn wraake uijtstellen, tot het
regen saijsoen, g' eijndigt houw wesen,
onderwijl liepen de gerugten daer in Golconda„
en de mompeling was ook hier, dat boven ge„
„noemde zantvoogden, van den mogglsen keijser,
dan wel van sijn grooten, tot dit haar be„
„doen aan 't mogol„ staan onder 's hands waaren gehart, gelijk
van desen regent, ok de andre Regenten, daar om her gelast,
en wat men daar aen dese kilitjechan, niet alleen geen uijt„
pelen, ook -keeringe te doen, maar hem self te over„
„meesteren, ook dat geene pagters of land be„
„stierders, aan dit ooirt, dat hadden te doen,
aen den soeba, maar conde, al uijtstellende—
blijven, aengesien den groten duan alina
kieb-chan, wegens den keijser ter zeet tot
Ourangabaad gecomen, daer toe alleen be„
„voegt waar geworden, ook had men nog een
sluijjs berigt dat hoog gedagte Ammarauw, —
als weder spaning, en den souba als sijn for„
„tuijn loper, aangemerkt, in verdenkinge waren,
of sij niet wel de belaginge hadden, om hun
dit rijk van Golconda, als souvereijne toe
te eijgenen, altoos 't is. blijkelijk dat kilitje„
chan
.. .."
NL-HaNA_1.04.02_8834_0573.xml,"565
Van Cormandel den 15. ' Septem„r 1721
het hofs gestrook
hout,
sijn assurante en
finale gedoente
ontrent een afge„
keijser bij hem
wat verders van
wert,
chan, 't gestrook van den Ceijser, en 't hoff hoe den selven
om hem daer te hebben, mistrouwt, aengesien al mede verdagt
dat soo al verschuijvende gaende houd, behalven
dat sijn weijnige obedientie in 't geval van zijn
laaste beschenking (ons in 't even geciteerde —
brievje beschreven) al vrij wat doorsteekt, —
namentlijk, dat hem ter selver plaatsen tot
Hegier gecampeert, door voorgenoemde nieuwe
duan Alina kiebchan (als daer toe van den
keijser gesonden, wesende toegebragt, een kos„sondene vanden
„telijk hooft juweel (anders toeraaij) beneffens &a, en
een Eliphant, een paart, en zierlijke eerkleden
ten blijkt van sijn majesteijt gunste, sig—
wel had gelaten, bij sonder verheugt te wesen,
maar d' Acte zijner verheffing siende, weder
g'expieert, dat dese wel door den opperste
duan Hijdracolj-chan, maar niet van den
keijser selve waar getekent, heeft hij niet
geschroomt, dien gequalificeerde brenger bij
sig vast te doen setten, doende egterschijnen,
dat doen voornemens waar geworden, de reij„
„se na 't hof te ondernemen, dog wij verre hem alhier gerugt
„men van dit almede geen gevolg, maar horen
nu weder wel mompelen, dat hij Golconda, stont
te naderen, en den heere soeba daar, hadde aan
geschreven, 't Casteel voor de sijne te doen huij„
„men, en dat den desen sijn daer in gestelde
volk"
NL-HaNA_1.04.02_8834_0574.xml,"Van Cormandel den 15:' Septemb„r A„o 1711,
mindre regenten
hun toelen om d'
Ecomp=e haar regt
„da te betwisten,
verrijn, soo ten desen
aen den opsiender
van 11 aug: heeft
volk hebbende doen uijttrecken, dat weder in
bewaring vanden keijserlijken slotvoogt, had—
overgegeven, om 't soo op sijn onvermogen te
schuijpen, dierhalven zeven wij in dit ongezegelde
rijk, nog in deselve onsekerheijt, wat eijnde„
„lijk van dit bedervelijk gewoel der grooten,
nog werden zal, d' mindere regenten, en offi„
„cianten, siende, dat hare hoofden, met hun
selve te doen hebben, speelen in tussen hare
gelksugtige proper Ionagie, soo als wij dat ten onsen belangen
„tensie van eenige uijt gemelde Golconda, omtrent het bekende
tot golconda, en huijs van Chirum Chodenda, ondervinde, want
eenen duan Iuveneraam, en sijn macker, onder
over de woninge de benaming van weesbesorgers, (bevorens onbekent)
van chirum choden, soo als aen meer gedaen, ook d' Ecomp=e nu
sedert eenige tijd, haar regt op voorm=te huijs
heeft soeken te betwisten, sonder dat Copia
bevel schriften, van den Golcondase Coning,
nog de getuijgenisse der buuren, ook de
aanmaning van mierjalaludien mogte vali„
„deren, want dit scheen sijn Camp, en daer
moest gelt wesen, dog tot nog bij 't opperhooft
verrijn (als ongerijmt) gerekt, en afgeslagen,
hoedanig 't opperhooften ware om een beuseling te doen, maar
e
als ten opsigte vant hans van uw hoog Edelh„ts bevel gedient, om
gem: woonhuijs d' Ecomp=e van dat Lastig onderwerp te
aldaar, bij brieven ontslaan, soo is hij geraden geworden, bij brie„
aangeschreven, „ve van 11. ' Aug:s, al mede in Copie hier ne„
vens"
NL-HaNA_1.04.02_8834_0575.xml,"567
Van Cormandel den 15 Septemb„r A„o 1721
memorie der suc
huijs van tijt tot
ongelden, —
in welker Landen
sig in dese beneden
Landen, ontrent sijne
onderdanen, en ons
aenstelt, mitsgaders
vens gevoegt te gelasten, niet meer soo seer
te verstaen, op een paripanna van eijgendom al„
„leen, als wel, om dat huijs ten faveuren van
d'EComp=e op een daer gebruijkelijke wijse, —
publicq te vercopen, voor wat gelden mag, en
om dit te gelijk te verwerven, en van zijn aan
houdent gequel een sklops ontslagen te wesen,
mogt hij die onbeschaamde wel wat beloven,
dog op het menagieuste, geregelt, na dat dit
lastige onderpant stond te renderen, soo dat
wij dies apparentie of uijtcomste zijn wagter„
„de, terwijle uw hoog Edelh. s middelerwijle des serselling van een
gelievende, bij extractje uijt ons negotie journael cessive aan dat
kunnen zien, dat aen die woning eenelijk tijd becostigde
is becostigt ƒ 35. 11. — den fausdaar Codjadje,
met sijn bij hebbende broeder, genoegsaam voogt
over 't meerder deel der Landen, waer in wij
hier in dese beneden Contreijen, onse beweging den fauddaer Codjadje
hebben, heeft sig nu al eenige tijd, na
gesaaij, of Liever sijn quota, op genomen
te hebben, binnen desselfs aarde fortres,
tot Innegadoer opgehouden, besig-soo men
hoort, met 't gedrag sijner bediendens, na te
speuren, en op 't minste foutje het, het hare
aftepersen, sonder selvs de Mossedie sof
sijn bijgevoegde Raden te verschroomen, dogh —
laat ons, en d' onse niet alleen in rust, maar
doet dagelijx betuijginge van welmenentheijt;
en
ƒ"
NL-HaNA_1.04.02_8834_0576.xml,"Cormandel den 15 Septemb„r A„o 1721,
van
hoe veel een persi„
voorm: opperhooft
„sz:, al heeft te
weeg gebragt, en
wat versekering hij
„gende ramara sod,
&a, mitsgaders
„wisselde discoursen
hooft bij hem afgelegt
en mist niet daar dat slegts gevordert wort,
„aans brievje door om 's Ecomp. s handel te favoriseren, ook heeft
aen den selven ghij, nu onlangs tot aller verwondering, op vermaninge,
van 't opperhooft verrijn, bij een persiaans brievje
hier besijde in Copia gevoegt, en dat nog met
overreijkinge van betel en areecq aen een onser
Coopl: Bala Groea genaamt, door den darroga
doen restitueren ses hondert ropias, welke —
hem op een gesogt protext, had afgeknevelt,
^ zijde
hier door dan aan onse verpligt, en ook om
die goede zuijm nog al aen te Cesteren, is het
opperhooft, zijn E: ook in persoon gaan bedan„
„ken, maar te dier Occagie gevraagt, of hij ons
soo geluckig wilde maken, om thans uE hoog
Edelh. s het presteren sijner beloften voor den
dessaij Ramara soe te mogen bedeelen, over„
weerdede, belan„ mits den heere Zoeba tot Golconda waer
en 't geroofde door gekeert! soo was 't antwoort dat hij steets
hem tot Palicol, gedagt, om ons vergoeding te doen hebben, maar
dat den souba, eerst in dese zoude moest wesen,
ook had hij immers antwoort te wagten, op het
eenige andere gegeschrevene aen zijn Hoog Edelh. t, Etc. a, en
ter occasie, 't opperong agt hij verrijn hier op al repliceerde, dat
sulke saken, als bij dese zijn briev quam voor
te dragen, onder de onse noijt publicq gedoogt,
en dierhalven tijt, tot ondersoek sou vereijssen
C:a, zoo verwurv hij egter niet meer, dan dat
wij ons vande voldoening konde versekeren,
en keerde dus, na weder sijdse complimenten,
en"
NL-HaNA_1.04.02_8834_0577.xml,"569
Van Cormandel den 15:' Septemb„r 1721
onse sentiment,
en.
verdere toesegging
de non voldoening
jaaren Eijsch
hoe veel packen
daar op bevinden
te ontbreken
en betuijginge van vruntschap, even getroost,
als wij laast p. r d' Haringtuijn d' eere had„
„den uw hoog Edelh. s te bedeelen, en ons geringe
bedunkens, van zijn kant ook, niet veel anders
te hoopen, dan dat ten minsten dit bedragen,
tegens sijn geformeerde pretentie, van 't veronge„
„lukte schip tot, of omtrent Colombo moet ver„
„geleken zijn, de song'agt sullen wij geen occasie
versuijmen, om al het mogelijke te doen, dientwegen W
wat uw hoog Edelhedens ten desen op sigter
nog nader gelieve te requireren; Conserne„
„rende den Lijwaat handel, of eijgentlijk dies
procura, kunnen wij tot smettelijk leetwesen
uw hoog Edelh. s bij desen 't beste genoegen
soo niet geven, als wel den voorleden jare hebben
mogen doen, want den insaam door velerhan„
„de voorwendselen (niet jegenstaende den gerus„
„ten stand, die wij als gesegt in desen beneden van den desen
streek, ja sonder de alderminste molestie
van Land regenten beleven) onvoldoen, en niet
van dat effect geweest, als bij ons in't voorjaar
ondersteld en verhoopt was, soo bevinden, dat
tot suppliment van 't aangenomene getal, —
zijnde een bedragen van packen 1882. –.
op dees noorder binnen Comptoiren Palicol,
daatcherom, en Bimilipatnz:, nog sullen
komen te mancqueren een nomber van. .. -.
packen 698. –. —
waar
3"
NL-HaNA_1.04.02_8834_0578.xml,"Van Cormandel den 15.
Septembr 1721
wat redenen Pa„
„licol daer toe
comen bij te bren„
„gen, en tot haar
onderstellen,
„ke daatcherom
ten selven eijnde
moveren,
waar toe de bediendens van Palicol (na dat haar,
en d' andre Comptoiren verscheijdemalen aangespoort
en ten laasten een ronde verclaring afgeeijst had„
„den, wat staad ontrent de voldoening harer
Eijsschen te maken) tot ontschuldiging van 't
ontbrekende op haar quota, 't welk een getal
is van packen 257. komen bij te brengen, —
dat derselver cooplieden onderveler hande —
verschoninge eijndelijk betuijgt hadden, door
ontschuldiging de duurte der Cattoene en garens onvermogens
zijn, ele van de twaalf gerequireerde pac„
te
„ken gemeene Gebleekte parcallen te cun„
„nen voldoen, en gevolgelijk dat op haar kontin„
„gent souden te cort comen een getal van
packen 23. —. —
dog daatcherom in een vrij aenmerkelijker ge„
de motiven wel„ tal manquerende, moeten wij betuijgen 't al„
„derminste b'antwoort heeft, de verwagtinge
welke men in den beginne van dat comptoir
hebben gehad, want daar die opperhoofden van
daar op 't aanbesteden der eijsschen, alvorens
een goede opgave hebben gedaan, en een aan
„neem van een ruijmen quantiteijt doeken,
met een tamelijken vermindering in de prij„
„sen op de fijne lijwaten voorgestelt, soo
comen die nogtans kort daar op wederom
te aarselen, en vorderen verhoging inde
grove Leeden, ook beschuldigen hare cooplie„
„den van wandevoir, en nalatigheijt in't voort„
„setten"
NL-HaNA_1.04.02_8834_0579.xml,"571,
Van Cormandel den 15. ' Septemb„r A„o 1721
wij door onse con„
„ningen, en toegeseg„
prijsen geprofiteert
redenen, en ont„
belange voorsz:
setten van den handel, 't welk, als of nog niet ge„
„noeg, sij ook vermeeren, met nog andre swarig„
„heden, als daar waren der francen en Engelsen
woelingen, en deser natien mededing inde—
negotien, de duurte der Cattoene en Garens,
't onderhands kuijpen der Palicolse handelaars,
die in hare Limiten quamen infaam doen, en
wat meer tot harer verschoning dagten nodig en hoe weijnig
7
te wesen, En alhoewel wij niet nalatig zijn„ tinueele vorma„
gebleven, haar met ernst, en door gedeerige de verloginge in
vermaninge, ook telkens en op nieuw aen te hebben,
sporen, haar uijtterste best te willen aenwen„
„den, d'Eijsschen dog Compleet mogten voldaan,
en de verwagting van haren goeden ijver
daar door beantwoort werden, soo hebben wij
des niet jegenstaende (ook na dat haar belooft
hadden de versogte verhooging in de prijsen,
waarom soo veel waters vuijl maakte, na
Nagapatnam voor te dragen, omtrent dit
wigtige belang, niets of seer weijnig cunnen
profiteren, maar tot Leedwesen bevonden,
sij nog sullen comen te Cort schieten een ge„
„tal van. . . . . . . packen 489. —. —
gelijk bimilipatnam (hoewel dit Comptoir - Cimilipatnamse
nog wel 't beste schijnt gevigeleert te hebben, schuldiginge ten
haar op de duurte der Cattoene, en garens, —
en 't inconvenient in demunt der palliacatse
pagoden, die de hooftwevers, niet hogeh dan
tot
E"
NL-HaNA_1.04.02_8834_0580.xml,"Van Cormandel den 15. ' Septemb„r 1721
ontrent sommige
der selven, maar
voldoende, en
oorsaak in Son„
„willigheijt vande„
handelaars te be„
staen, die
tot ro/as 2. ¾. wilden aennemen, beroepende, —
ook onderstellen, ter versendinge niet meer
te sullen in gereetheijt hebben, dan een getal
van packen 532. —. – soo dat navolgens
dit g'opereerde, en de voorgestelde verschoninge
van opgemelte Compt=ren, nog al een goede quan
„titeijt sullen manqueren, om te voldoen op de
onse confirmatie respective eijssen dit noorder deel desen jaren
aenbevolen en toegedeelt, wel is waer, dat het
d'andre geensints Cattoen, en Garen, navolgens de berigten desen jare
min opulent veel duurder dan 't voorleden is ge„
„weest, en alomme eenigermaten oorsaak van —
klagens heeft gegeven, ook dat de france, en en„
„gelse woelinge eenigsints gecontribueert hebben,
om de wevers van onse zijde, door hare ruijm
schotigheijt) aftetrecken, en tot haren dienst
overtehalen, maar gene deser redenen (wij seggen
dit principaal ten belange van Daatcherom:)
ons selft volkomen genoegdoening gevende, alsoo
den fransman Courton, zoo vernemen, niet dan,
of meest fijne lijwaten heeft geprocureert, —
en d' Engelsen met haren in saam al vroeg gedaen
werk hebben gecregen, soo mogen wij dan billick
meenen de regte dese oorzaak elders anders na soeken, en onderstel„
len die voor't naast te sullen vinden, inde
onwillig en baad soekentheijt van die coopluijden
selve, welke ontwaart, de toegestane verhoging,
oen die van Bimilipatnam, en berouw gecre„
„gen"
NL-HaNA_1.04.02_8834_0581.xml,"573.
Van Cormandel den 15.:' Septb„r A„o 1721.
door vermindering der
in vermeerdering we„
flinwaten vermeijn
„wenen,
dog dat niet gelukt
breng verslauwt heb„
neming van den daat„
wat vrugten d' Ecomp=e
loosheijt in d' hande„
vreedsaam staat als
gen van hare te harsstige vermindering in't fijne,
6
door desen weg, en onophoudelijke Creticques gepoogtprijsen op de sijne,
81
hebben, door inpalming tot deselve gelijk standig in der op de grove
„heijt in de prijsen der grove Cleeden te geraken, den sulx te ver„
8
't geen haar /nogtans/ niet na den sin gelukt,
voorts onwillig, en nog ligent heeft doen werden,
den insaam dus traaglijk, en sonder vigeur voort sijnde, sij den aan
te setten, waer toe ons dan ook niet weijnig — „ben,
sterkt, het gedoente van haren Coopman Zetsjima
nareijna; welke buijten weten sijner opperhoofden, assurante onder„
en onder pretext dat op d' uijtterste Limiten„cheromse coopman
in saam van cleeden houw gaen doen, geheel tot fet sjima nareijna
bovan Bimilipatnam is heen gerijst, sonder
egter in een geruijmen tussen tijd, dat sijn devo„
„tie ging plegen, ijets naamwaardigst ter dienste
van d' Ecomp=e tot voordeele vanden in saam heeft
uijtgeregt, waarlijk te beclagen, d' Ecomp=e door
alsulke mu sleijdingen, en onwillige handelaars
selve, gestadig in dit wigtige aanbelang, als —
daer is de procura der doeken moet beledigt
werden, en versteken blijven van die vrugten,
welke billijk in zoo een gerusten stant,
als tegenwoordig besitten, te verwagten had, ten ware dese ijver
want ook (het sij onder welnemen van uw hoog „haars selve) hadde
d
Edelhedens, en met nedrigheijt gesegt,) ten wa„te hopen, in sto een
„re dese vertraging, gesogte uijtvlugten, en wij thans beleven,
hare ijverloosheijt, soo ware na alle apparentie
de respective Eijsschen, dit noorder chormandel
ter besorging aenbevolen, wel ruijm voldaan
geweest"
NL-HaNA_1.04.02_8834_0582.xml,"Van Cormandel den 15. ' Septb„r A„o 1721
waar ontrent eg„
„ge uw hoog Edelens te
in dit jongst verweken
bestaen,
onse verdre hope
en wensche ten
baar belang
te sien sij, d'ordres
wegens voorm: Coop„
van prijsen afgege„
geweest, hoewel desong' Agt nog het genoegen
„ter ons vergenoe hebben, uw hoog Edelhedens te mogen bedeelen,
bedeelen, en dat bij samentrecking bevinde, dat in dit verwe„
„kene boekjaar, van dit Oirt, met de overgeble„
„vene van anno pashado 10 a 1100 packen meer,
waar inde packendan in voorgaende twintig versonden sijn; —
890. —. den 10. ' Septemb„r P„r bellevliet
822. —. „ 23. ' februarij „ d' harengtuijn
501. —. „ in seven Chialoups togten
naa nagapatnam; over sulx
2213 packen te samen,
en wij dispereren nog niet geheel, of daar sal
voor 't eijnde van dese maant van 't manqueren„
de op dese Lopende petitie nog wel wat inge„
op sigte van dit die„ regen werden, altoos wij wensen niet meerder
dan, dat dit ons soo hoog aanbevolene belang,
hoe langs hoe beter gelucke, en daaromme
gelieve uw hoog Edelhedens haar te gerusten,
dat ook niet versuijmigh blijven, om alles te
amplecteren, wat ons ten selven eijnde uijt te
uijt welken brievdonken zij, zullende uw hoog Edelhedens inmid„
door onsen heere goudens des gelustende, uijt de nevens leggende —
„verneur, en raad, missive van 28. julij vergange ontwaren, inwelker
smans gedoente, en voegen onsen Edelen Heer gouverneur, en raad„
versogte verhoging op dit laastgenoemde subject, of wegens die assu„
„rante onderneming van opgemelte Coopman,
hebben gelieven te disponeren, soo mede wat on„
„trent de versogte verhoging van prijsen toegestaen
boekjaar versonden namentlijk,
aen
ven,"
NL-HaNA_1.04.02_8834_0583.xml,"575
Van Cormandel den 15. ' Septb„r 1721,
d'admissie van de twee
tot doodcherom,
der limiten hebben
hoedanig wij met
meeste dienste van
hebben,
p. r voor burg na bimi„
„lijppatnam toesenden,
en
aen onse Concideratie hebben overgelaten, en dan
ook nog, wat wijders tot voorkoming, van meerder
verval inden Lijwaat handel) door de admissie item wat ook mits
der twee verstotene Coopl: tot daatcherom verstotene coopl:
ster
secka Enkoe, en Condoer appaij, mitsg. s het
vast stellen der Limiten, tusschen de twee eerst en het vast stellen
gem: Compt=ren hebben gelusten te bevelen; aen welke gelieven te bevelen
om desen met geen dubbel verhaal te verlengen, ons
onderdaniglijk gedragende, soo sullen nog maats al„
„leen hier bij doen invloeijen, dat om 't verre —
verloop des tijds, als om bij naaste aanbesteding
geen nieuwe inpalmingen, die dog anders door d' een en ander ten
meenigerleij Exceptien sonder eijnden zijn, on „ d Ecomp=e gehandelt
„derhavig te wesen, te rade zijn geworden, dees
toegestane verhoging in te houden, en ook best
gedagt hebben, om d' nieuw te herstellene Coopl: geen
aenleijding van gelijke pretentie te geven, deselve
voor als nog te schorten, mitsg.:s des noods ons in 't
vervolg eerst daar van te bedienen, dit nu —
alsoo van den Liwaat handel gesegt soo gaan wij—
over tot de contanten, welker op sigte niet an„
„ders te seggen vinden, dan dat p. r desen bodem hoe veel contanten
op der bediendens van bimilipatnam gedanen
Eijsch, tot voortsetting van den Zimwaat handel
haar toesenden, een somma van
6000. pagoden, waar van in contant. . p=a 5000. en
aan geslegen paijsas. - - - - - - . . . - - - - - - - . . . . . „ 1000. –. –
haar inde maand meij voorgestelt in plaatse van
silvere ropias, welke z: gevordert hadden, te
willen axcepteeren, insgelijx dat op de gedane peti„
„tie
en"
NL-HaNA_1.04.02_8834_0584.xml,"Van
Cormandel den 15.:' Septb„r A„o 1721
met wat quantiteijt
bereijts palicob en
daatcherom hebben
voor sien, mitsg.:s
waar inde berusten„
„de alhier bij de grote
en cleene Cassa be„
„staen
hoe veel advancen
noorder Chormandel
opgeworpen, en meer„
„der dan A. o passado
behaalt heeft,
dient wegen
wat de redenen zijn
dat de handelaars geen
golcondawaarts heb„
„ben willen ha larde„
„ren„ &:a
tie, bij, die van Palicol in dato 12. ' aug: haar toe„
„gesonden hebben,
4000. pagoden, en
aen die van daatcherom op haren Eijsch van 24.:' parss:o,
3000. pagoden, mitsgaders in onse grote en kleene
Cassa na aftrek van 't bovengen: onder dato —
ultimo augustij vinden te berusten
30406. –. pagoden, met welke, als met de gene
die uijt den vertier der handel wharen, daer bij
staan te komen, vertrouwen den Lywaat in saam,
tot in 't aanstaende voorjaar op geheel noorder
Chormandel te sullen kunnen doen houtstaen,
en nopende den sleet of eijgentlijk den vertier
van coopmanschappen, mogen wij betuijgen, deselve
desen jaare alweder een seer goeden schot en af„
„trek heeft gehad, monteerende de ruwe winsten,
staande dit boekjaar op Noorder Cormandel —
in't boekjaar 17 2/4 behaalt een somma van. . . . . . . . . ƒ176311 —8—.
waar van Masulijpatnam heeft gegaudeert ƒ138729. 148.
sijnde ƒ 36837. 6. 7. meerder dan anno verleden, —
item bimilip:r ƒ37581. 16. 8. of ƒ 9043. 4. —. dat Anno —
vergangen,, wenschende van herten deselve tot
onsen herten wene hupport van 's EComps swaarwigtige Lasten, —
allerwegen meer en meer mogen accroisseren,
zoo als daar toe dan ook meer als genoeg same
hoope is aen handen Geweest, indien niet door
een schielijken verthier t eenemaal destituijt
meerder coopmansz geraakt, van nagapatnam andre hadden moeten
requireren, mitsg. s dat door voorverhaalde on„
„rusten boven en ontrent Golconda, de coopluijden
g'in"
NL-HaNA_1.04.02_8834_0585.xml,"77
577
Van Cormandel den 15. ' Septb„r 1721
in hoedanigen quanti,
„sette, alhier inde —
en 't daar op gead„
g'intimeert, eenige meerder coopmanschapjen
derwaarts te hasarderen, tijd en stont hadden
willen in sien, van wat gevolg en uijtwerkinge
deselve soude werden, nogtans gelieven uw hoog
Edelhedens versekert te wesen, door ons al mede
geen devoiren gespaart, en onaangewent gelaten
werden, dit belang hoe langs hoe meer van
goed succes te doen zijn, bestaende middeler„
„wijle de handel waaren, welke geduerende de —
maanden junij, julij, en Augustij alhier, en tot en qualiteijt 't omge„
bimilipatnam uijt 's Ecomp. s pakhuijsen aer s: drie maanden
diverse voor Contant zijn omgeset, en dat Con„vanceerde bestart,
„form neven sleggende rendementen in devolgende,
te weten,
Tot Masulipatnam
inde maant junij
3154. ½. lb garioffel nagulen
75. ½. „ foelij of macis
1491. ½. „ noten muscaten
—. ½. „ Canneel
2880. —. „ ronde peper
7200. –. „ japans staavkoper
54. —. —„ fermelioen
1560. —. „ thin
12. —. „ Zeng Loot
4. —. el goud geel Laken en
20. —. flessen rooswater. . . . 7 p„s vendutie
20. —. p. s jatij planken van 1 a1½ duijm
advanceerende. . . . . . . . . f 23651. 11. 12.
inde"
NL-HaNA_1.04.02_8834_0586.xml,"Cormandel den 15 Septb: 1721
Van
item tot bimilip=
in opgem: tijdt
Inde maand Julij
2. –. lb garioffel nagulen
24. —. „ ronde peper
23. —. Cann: aracq apij
1. –. fles rosenwater
14400. –. lb japan s staav koper en
12. —. „ Zeug Lood.
Inde maand Augustij
906. ¼. lb garioffel nagulen
510. ¼. „ noten muscaten
—. ¼. „ foelij of macis
14. ¼. „ Canneel
9. „. „ fermelioen
14400. –. „ japans staaf Coper
4. —. „ thin, en
1. p. s gem: ruw Guinees
advancerende. . . . . . . . . . . . . ƒ 11207. 13. —
Tot Bimilepatnam
inde maant junij
348. –. lb garioffel nagulen
204. —. „ noten muscaten
13584. —. „ japans staaf koper, en
12000. —. „ ronde peper —
advancerende. . . . . . . . . . . . . ƒ 6882. 13 -.
Inde maand Julij
33. –. lb garioffel nagulen
12. —. „ noten muscaten
2. –. „ Canneel
12570. —. „ japans staap Coper, en
10560. —. „ ronde peper.
andvancerende. . . . . . . . . . . . ƒ 4734. 16. -.
advancerende. . . . . . . . . . . ƒ 5182. 5. 4"
NL-HaNA_1.04.02_8834_0587.xml,"579
Van Cormandel den 15. ' Septb„r 1721
handelwharen &=a
toeschicken, en om wat
eenige copergelt
Inde maand Augustij
diverse Coopmanschappen &:a, die volgens parti„
„culieren berigten, aen't opperhooft verrijn gesom„
„meert zijn ter advance van - - - - - - ƒ 5074. 5. —.
dog welkers specificatie, mits 't rendement selve,
nog niet ontfangen hebben, en desen daar na,
niet langer cunnen ophouden, de bediendens van
daer aan recommanderen in haar schrijvens aen
uw hoog Ed=le hedens te moeten bedeelen,
werdende thans uijtwijsens onse letteren van
hedigen datum in copia hier besijden, de bimili„
„patnamse opperhoofden„ op hun gedaen versoek hoedanige goedren
p. r desen bodem d' ondervolgende Contanten, p.:r voorburg na bimilijc=r
schenkagie goederen, en andre benodigtheden toe„ reden onder andren
„gesonden, namentlijk,
69055 5/8. lb japans staaf koper
12. —. kisten garioffel nagulen
3. —. d. os noten muscaten
30. Dll: schair Laken
6. p. s gem: pennemessen
1. „ japans schilt
1. Celder gedisteleerde wateren
1. _„o france brandewijn
1. riem groot en
1. d=o kleijn. - - formaat holl=ts papier
—½ boek blau klad—
—. ½ _„o Cardoes
2. –. bossen schagten
12. –. lb Galnoten
12. —. „ koperoot
12. —. „ Gom
1. —. bosdjavaan se rottings
item
2 putse
-
_„o
_o„"
NL-HaNA_1.04.02_8834_0588.xml,"Septb„r 1724
Van Cormandel den 15.
voortaan voor 65 pa/a
d' baar van 480. lb. —
versellinge van een
„comene en van hier
vaartuijgen, in een
2. –. putse theer
le buscruijt en
50. —.
Pagoden hier voren genoemt, op haren Eijsch
6000. –.
van 10000. mits reets 3200. p. r wissel hebben
genoten, namentlijk,
5000. stx in specien, besloten in een kisje met
goenij onnaaijt en gemerkt EE:, en
1000. „ aen dabboes of paij sas in 64 sacken
a 229. ½ p. r pag:s
welk koper gelt, op der bediendens requisit, en
verkregen Concent, van Nagapatnam, derwaarts
komen te senden, mits d'opperhoofden, en Coop„
„lieden &. a, dat tot dagelijk se betalinge der
werklieden als anders benodigde, ook heeft—
den Ed=len heer Gouverneur, en raad ons gelieven
waarom 't kooper te accorderen, zoo om de siammers haren toeleg-
om hun coper te vermunten, tegen te gaan, —
omgeset sal worden, als tot Ammering van den Coopman, de bhaar
van 480. lb. 3: voortaen tot 65 pagoden te mogen
afstaen, en dat ter tijd toe, wij ten dienste der
Ecomp=en anders sullen bevinden te behooren,
even als uw hoog edelhedens, dat gelustende, om„
standig beschreven sullen vinden, bij meer geci„
„teerde van 28. julij, aen de welke ons eerbiedig
gedragen, gaende middelerwijle tot speculatie
van uw hoog Edelhedens, en navolgens jaarlijxe
gebruijk, besijde desen, een Copia memorie
memorie der aangevande hier aangebragte, en vervoerde Goederen,
vertrockene particuliere et alsulke particuliere schepen, en ander
heeljaar &:a, —. kleen vaartuijg, als sedert p=mo Septemb. r vergan„
„ge
dito"
NL-HaNA_1.04.02_8834_0589.xml,"581
Van Cormandel den 15'
Septemb„r A„o 1721.
na nagapatnam, van
de noodsakelijke
alhier vereijste ver¬
wat antwoort van
en
altans uw hoog Ed=s
onderdanig lijk versoeken,
„ge tot ult„o Augustij stanti te deser rheede, —
en plaatsen sijn aangecomen, en vertrocken,
de timmeragien belangende, vinden wij te noteren,
dat hier ten Comptoiren, sedert den voorleden jare,
een begin makende met de reparatie der nodig„
„ste defecten, van dees Logie, (welke door te langen
uijtstel op 't geheel maar al te noodsakelijk om ons gedane voordrag
te verhelpen, en dangoreus voor groters schaade
en ongemacken sijn geworden, bij ontdoeninge der timmering
„selie, veele andre swaarder gebreken meer heb„
„ben ontwaart, die ons te hoog op stok voorkomen„
„de, en om geen misnoegen te geven, hebben
doen resolveren, door een omstandige, en speci„
„fique bevinding (immers soo na ons doerlijk was)
na nagapatnam voor te dragen, ten eijnde
daar op al vorens verder voortgank met dat
werk te maken, de dispositie van onser heere
gouverneur, en raad aftewagten, maar alsoo —
zijn Ed:en raad wel melt bij letteren van 15. passad=s jaar becomen hebben,
(in Copia hier besijden) ons hebben gelieven 't ordon„
„neren, dewijle sodanige extraordinaire vertimme„
„ring, ook niet wel haar selfs konden aenmatigen
ons toetestaen, de weergade van die bevinding,
met bijvoeginge van een Calculatie dies kos„
„tende, op 't menagieuste, en best mogelijk, —
uw hoog Edelhedens, p. r desen bodem toete senden,
soo neemt het selve bij desen schultpligtig waaromme daar toe
gevolg, met onderdanig versoek, uE hoog Edelh=s g'eerde toestemming
g'eerde toestemming hier op alsoo vande hoogste
nood„"
NL-HaNA_1.04.02_8834_0590.xml,"Van Cormandel den 15
Septemb„r A„o 1721,
desen versellen,
te zien sij we„
„gens d'onderwigvolge,
„ding, eenige vaten
bier, die aen 't suu„
te sullen vercopen,
nood sakelijkheijd is, en bij langer uijtstel tot
meerder onkosten staat aen te groeijen, te mogen
erlangen, terwijle aen die memorie selve ons
gants nedrig gedragende, verder sullen overgaan
tot d'over en onderwigten op Coopmanschappen,
wat papieren en goedren p„r 't schip voorburg hier aan
en wat daar uijtgebragt, en ten dien belange hier nevens
1. bevinding door g'Committeerdens opgestelt,
waar bij consteert, alles conform 't Cognos„
„sement behoorlijk is overhandigt, uijtgeson„
„dert ½ stuk Cabel touw tot nagacatnam
uijt voormelten bodem geligt, en aldaar
aangehouden, Jtem nog, bij
1. Annexe rapport, door deselve, wegens het
peijlen en proeven der dranken overgegeven,
dat de twee vaten Leeuwen bier, genombert
5 en 12. 't eerste wat hart, en 't Laaste
aende zuure kant, mit 3g. s het vat N„o 6.
seven duijmen, en dat van N: 9. ses duijmen
wan sijn bevonden, in sgelijx de legger zek
wijn, gemeeckt 5:, 7½, dog welke minder maat,
door wurmgaatjes ontstaen, en als niet Ex„
eerbiedige aankun„ cederende, om dies geringheijts wille, bij ons raats
besluijt, van 5: deser is gepasseert, zullende
„ren zijn p„r vendutipia 't afgaen deses, onder uE hoog Edelhedens
goet ceuringe, de laten welke hart en aan 't
zuuren
ten
en,"
NL-HaNA_1.04.02_8834_0591.xml,"583
Van Cormandel den 15 ' Septemb„r 1721
x. ook van de Ligting
uijt voorburg tot
als mede.
dat op uw hoog Ed=lns
g'eerde abbrobatie
goede maanden aen
de Zeevarende op den
„scheijden, hebben vor„
huuren sijn, tot voorcominge van meerder
bederf, aen de meest biedende, voor 't geen
gelde mogen, bij vendutie vercopen, en alsoo—
door opgave vanden pakhuijs meester Witmont
verstaen hebben, dat niet meer dan 100 a
150 lb buscruijt bij dit Comptoir berusten
„de was, ook dat de vaart om die poeder van
nagapatnam te requireren gesloten sijnde,
wij des noods, dat God verthoede, ons met soo
kleijne quantiteijt niet wel souden cunnen
redden, soo is op uw hoog Edelhedens g'eerde
approbatie, en die van onsen heere gouverneur,
en nagapatnam Een raad, ook principaal om
reden den schipper Hendrik cloek betuijgt
hadde, ruijm genoeg van die poeder voorsien /amn 400 lb betuijlen
te zijn, bij onse resolutien van opgem: da„rs nodig behoep,—
„tum Goed gevonden en besloten, 400 lb
p. r ordonnantie uijt voorn: bodem te Ligten,
gelijk gevolg genomen heeft, in vertrouwen
uw hoog Edelhedens 't selve sullen gelie„
„ve te aggreëren, in selver voegen ook, op
de instantien van voorn: schipper Henrik
Clock, en boekhouder Willem Nuijts
welke verclaarde de manschap op haren bodem
bescheijden, sedert de maant meij j:o leden bodem voorburg be„
geen de minste verstrecking hadden genoten, terekt, en voorts.
en"
NL-HaNA_1.04.02_8834_0592.xml,"Cormandel den 15.:' Septemb„r A„o 1721
Van
op derselver be„
desen jare, in huur
moor Melkeije
en nogtans kleederen benodigt waren, toege„
„staen, deselve, welke te goet hebben, twee
maanden, en die te quaad staen, een maand
gagie te laten verstrecken, gelijk dat dan
ook indierwegen Effect gesorteert heeft; —
zullende uw hoog Edelhedens, des gelustende
bij meermelte raadsslot nog wijders connen
„comene Consentont waren, dat op het verleende Concent, —
genomen, twee soo van uw hoog Edelh. s selve, als die van
Erfjes van den onsen heere Gouverneur en meermelten raad,
't opperhoovt verrijn met de wed.e van
den moor mamut Rasjabeek, of melkelje
genaamt Chia Zainnab, onder conditie haar
twee jaaren huur voor uijt te sullen ver„
„strecken, versproken, en over een gecomen
is, de twee Ervjes van haar, aen de Z: O.
kant deser Logie, Lang sijnde 47 Cobidos, en
breet 42. ditos, in huur te nemen, voor pago„
„den thien, beijde sjaars, waar van de behoor„
„lijke Zedulle na costume vervaardigt, en
becragtigt, den opstal ook bereijts gesloopt
is, mitsg. s dat erf tot het voorgestelde —
project bequaam gemaakt wert,
hier mede nu al 't nodige concernerende
den stant, en hoedanigheijt van 's Ecomp. s be„
„langen aan dit voirt, uw hoog Edelhedens
aendagt waardig dus Cortelijk voorgestelt,
en"
NL-HaNA_1.04.02_8834_0593.xml,"585
Van Cormandel den 15:' Septbr A„o 1721
den fransman Cour„
tot sinserom, soo
voren komen, en
en afgehandelt hebbende, soo sullen al eer
tot 't besluijt van desen treden, nog met weij„
„nige woorden aenhalen, en verslag doen, van
den fransman Courton, hier voren genoemt de bedrijven van
welken inde gepretendeerde qualiteijt van „ton, zoo hier als
directeur neffens een ander jongeling tot zijn danig die ons te
adjunct, in't Laast van 't gepasseerde jaar, met
een Capitaal Coninks schip alhier aangeco„
„men, sig tot Vinscrom (een plaats Z. O.
en ontrent 4:½. mijlen van daatcherom,
dog seer bequaam, en aan een diepe revier
gelegen) heeft ter nedergeslagen, aldaer een
Lootse tot verblijff gemaakt, en een aarde
muur van tamelijke dikte, rontom deselve
heeft willen ophalen, dog welk laaste hem
belet, en door ordre van den prince Timme„
„rasoe, onder wiens gebied, die plaatse sotteert,
voorm„e muurragie om verre gehaalt, en ter
neder geworpen sijnde, soo solliciteert hij
egter, die vrijheijt te mogen verwerven, ook
heeft den selven, het hier nog staende huijs
van den vrij Coopman Thomas Keerdekoe,
't gene seer g'devaliseert, t eenemaal gere„
„pareert dient te werden, om tot een Logie
t' appropriëëren, in huur genomen, en met het
ophalen van een aarde ringmuur werk be„
„gonnen"
NL-HaNA_1.04.02_8834_0594.xml,"Van Cormandel den 15.' Septemb=r A„o 1715—
wat wij daar
uijt besluijten
„ammers, met hare
„phante. &a
hoedanig sij daar
nog staan
versellinge van 4
oncost reecq: der
heden & aan 't
schip voorburg
gonnen, maar of dit sijn voornemen nu regten
ernst sij, of niet, moet den tijd ons Leeren,
ten minsten comt ons deselve al te be„
„denkelijk te vooren, en doet ons besluij„
„ten, in dien haar pover beslag, van geen meer„
„der uijtbreijdinge wert, het een en ander
ook wel haast, weder verijdelt sal wesen;
Nog slimmer staat het met de siammers,
item eande s„ die met een Cloeke bodem inde maant
aangebragte Eliapril j„o Leden alhier zijn aangecomen,
welke vande getande Eliphanten bestaende
in 24 stux diverse soorte, waar van voor
sommige, 1500 ropias geboden is, nog geene
vercogt hebben, dog van haar koper en thin
bij na ontlast, soo sullen eerlang ook moe„
„ten ervaren, hoedanig voorts met die Eli„
en
mede althans „ phanten te handelen, en wat wijders te doen,
voornemens sullen zijn,
wijders versellen dese twee onkost en twee
andre zoldij rekeningen van het verstrekte
aen meergen: bodem, en de manschap daar
verstrekte benodig op bescheijden; Namentlijk,
1oncost reecq: van nagapatnam bedra„
gende. . . . . . . ƒ1169. 2. 8.
1 reecq: van verstrekte
scheeps soldije &. a - - - - ƒ268. 12. 8.
transporteren ƒ1937. 15. „
p„r transporte"
NL-HaNA_1.04.02_8834_0595.xml,"587.
Cormandel den 15. ' Septemb„r A„o 1721,
Van
hewaar inde Lading
van dien bodem
bestaat,
idem
P„r transport. . . . . . . . . . ƒ18„37. 15. —
1. oncost reecq: van masulipatn: ƒ575. 8.
1. reecq: van verstrekte zoldijen
aen de zee varende op dees
bodem bescheijden ter
somma van. . . . . . . ƒ 1280. —.
1855. 9.
-
bedragende te gader. - - - - - - ƒ 3293. 4. —.
bestaende voorts 't geladene, soo ter genoemde
hooftplaatsen, als alhier, meermelten bodem
ingegeven, volgens nevens gaende Cognoisse
„ment in 't volgende, als,
Tot Nagapatnam
12831. lb Groot Calliatourhout
_„o en
37903. „ kleen
1030. p. s ruwe arduijne vloersteenen, als,
50. van 2. en
980. „ 1. — }voet Quadraat
Tot Mazulipatnam
350. – Packen diverse Lijwaten, te weten,
16. packen fijn gebl: Guinees
134. „ gem: _„o _„o
_„o ruw _„o
95. „
4. „ fijn gebl: salempoeris
_„o
gem: _„o
20. „
_„o ruwe _„o
12. „
geb„te dongris d' 18 Cob:s.
7. „
1. „ Extraordinaire fijne gebl„te parcallan,
4 packen
E
8
nsporta"
NL-HaNA_1.04.02_8834_0596.xml,"Cormandel den 15 Septemb„r A„o 1724
Van
om wat reden geen
meerder packen
ingegeven, en
9. packen fijne geschilderde Chitsen
20. „ allegia bethilles
19. „ Callewaxhoo _=o
20. „ sesterganti _„o
6. „ groote Zongijs
6. „ kleene d=os
7. „ roemaals d' Esta
7. „ _„o sestergantij
4. „ geschilderde spreijen
8. „ Chitsen Ambersia
8. „ _„o boutidaar
2. „ _„o moramath; met
7: packen roggevellen,
zijnde soo veel als wij, navolgens de be„
„rigten der bimilipatnamse bediendens
en de getuijgenisse van den schipper
Hendrik Kloek (die bij monde verclaart
heeft, weijnig meer of min dan 800 packen
te sullen cunnen innemen) met 't getal
van packen 532. die zij ons versekeren, met
de comst van 't schip aldaar te sullen
aen handen hebben, staat maken, tot de
volle Lading van dees bodem te vereijschen,
66. /¾. lb witte foelij
130. ¼. „ stoff en gruijs van _„o
594. ¾. „ _„o d„o van nagulen, en
594. 7/8. „ Gruijs en brocken van nooten
monteerende het een en ander met de daar"
NL-HaNA_1.04.02_8834_0597.xml,"589.
Van Cormandel den 15. ' Septb„r A„o 1721,
hoe veel voorsz:
mitsgs
hoedanig wij al
„namse bediendens
xx. en depecheren van
„men aen te bevelen
't slot
opgevallene ongelden, Conform, ingesloten radinge bedraagt,
factuur te gader een somma van ƒ245799. 13. 4.
Onmiddens dat wij de bediendens van dat
compt„r ook op 't cragtigste aen bevolen,
hebbende met het volladen van desen bo„
„dem, soo veel haast en spoed, te maken,
als mogelijk zij, ten minsten den selven thans de bimilipat„
niet langer op te houden, dan tot den s:' ontrent 't volladen
octob„r aenstaende, zoo sullen wij dit schij meerm: schip, ko„
een voorspoedige en behouden reijse batavia
waarts toewenschen,
mitsgaders uw hoog Edelhedens benovens—
's EComp. s swaarwigtigen ommeslag, ter divine
protextie des Alderhoogsten bevelen,
en naar onse eerbiedige groeten, met diep
respect verblijven, Hoog Edele wijd gebie„
„dende Heere, en Ed„le Heeren, Lager /uw
Hoog Edelhedens geheel trouw schuldige,
gehoorsame, en onderdanige Dienaren, /was getek:t/
P: Verrijn, Moort, P„r Hollenbeek, U: Wit¬
„mont, Herm„s Taarling, P:d en eerste Clercq,
/in margine/ P: S: onder Sluijten deses, 't vorengen:
nog ontbrekende rendementje van 't Comptoir bimi„
„lipatnam, ingecregen hebbende, soo verselt het selve
in copia desen, zommerende dies advance als voren
gesegt ƒ 5079. 5. —
Masulipatnam den 15. ' Septemb„r A„o 1724
E
e"
NL-HaNA_1.04.02_8834_0598.xml,"Van Cormandeel onder dato 15.:' Septb„r A„o 1721
Translaat tellinga se brieff
door den opsiender over 'scomp. s
Logie tot Golconda gen„t Am„
„mara singoe aen den E: Heer
ƒ
Paulus verrijn oppercoopm:
en opperhooft, van noorder Cor„
„mandel gecarteert subdato
18:— Courant; en op 23. ' daer
aen alhier bestelt, zijnde—
van volgende Jnhout
Na Complimenten &„a
den 22 der jongst verwekene maart Iunij, pont
ik mij aengenamentlijk vereert, met uEd veel
t' eerne schrijvens van 5„' bevorens, gevoegt bij
een boek schoon papier en drie gesloten brieven
aen de Land regenten hier gesz: voor, d' eerste
mijne hartgrondige dankbaarheijt, betuijgende,
hebbe ik de bestellinge vande andre behoor„
„lijk bezorgt, intussen den heer mierjalaludien
ten eersten op 't Lesen vande sijne, desselfs
duan latende roepen, heeft hem cragtig belast,
d' saak van chodendas woningen sonder talmen
na behoren af te maken, passerende dierwegens
een
.
."
NL-HaNA_1.04.02_8834_0599.xml,"591
Van Cormandel onder dato 15.:' Septb„r 1721
een takiet parwanna op gem=te duan, ende be„
wuste weesvader of darroga, en dienvolgende
ordonneerde hij duan den Laast gemelde ook
ingelijker voegen, tot afdoeninge van dese
zaake spoet te maken, wien uw Ed missive
gelesen hebbende, en sig twijffelende aen uEd:
beloften, daar inne vermelt, namentlijk, —
hem, bij aldien hier ontrent redelijk handelt,
met ijetwes te sullen bedenken, mit zg„s wan„
„trouwende aen dies effecte, mij versogte; een
borg of borge te stellen, voor 't geen uEd hem
namaals staat te senden, dog ik verwondert
over dese begeerte, heb hem te gemoet gevoert,
dat Geensints sulx in Gewoonte, nog ik magtig
was, borge aen te stellen, veel min eenige
versekering bij geschriften aen ijemant 't zij
wie, ofte over wat zake 't ook mogte wesen te
verleenen, sonder daer toe alvorens van uwd:
gequalificeert te zijn, hier op van daar mij na
Juveneraam begevende, en met mij tot een
hulp den armeender Iacob Jan mede nemende,
gaven wij den selven het voorsz:, met het gene
verders nodig dagten te kennen, wien hier
door En wel principalijk door sincere betuij„
„ging van gesegde armeenders, van uEd: goedheijt
overtuijgt, voor de tweede Male den voorm=te
darraga Liet roepen, en ordonneerde, dese zake
niet"
NL-HaNA_1.04.02_8834_0600.xml,"Cormandel onder dato 15. ' Septb„r A„o 1721
van
niet meer dralende te houden, onder versekering
hij wilde instaen, dat uwd onderstelling bij
geciteerde brief Effect sal sorteren, en dat
hij hoopte, uwd daer ontrent niet talen souden;
waer op den desen naar het schijnt vergenoegt,
mij versekerde binnen eenige dagen, of soo
draa hun vastenfeest voors bij sal zijn, ons
genoegen te sullen geven,
ook zal ik als dan, door den molla Ackoor
inde hier berustende papieren na de waar„
„heijt laten sien, van 't gene den bramine
Poeloekoematti Nareijna en pion Rasja„
„chan, in hare overgesondene verklaringe, —
wegens de bouticque, en thuijn Cannemanna
gattoe comen te melden, en uEd daer van
p„r naasten kuntschap geven; ondertussen
loopen hier de Gerugten, dat de drie soonen
van den zuijdsen nabab Daleelchan, (gelijk
in mijne onderdanige is aangehaalt) aengenomen
hebbende, de tribuijt penn: van hun vader ter
somma van 13500000 ropias aen kielietjechan
op te brengen, zulx in drie gelijke deelen
hadden verdeelt, waer van twee voldaen sijnde,
sij 't andre schuldig waren gebleven, tot inning
van 't welke, kilietjechan een goet deel van
sijn Crijgers daer latende, van daer vertrocken,
en met den zouba Moebarichan geconjungeert,
inde landsstreek van den rasjuwaar Canhoertij
mal:"
NL-HaNA_1.04.02_8834_0601.xml,"593.
Van Cormandel onder dato 15. ' Septb 1721,
mallariddi, aengecomen wesende, deed hij dese
rasjuwaar in hegtenis nemen, en heeft den
selven 900000 ropias afgeperst; jtem den
souba evengenoemt van kilietjechan verloff
versogt, en vercregen hebbende voor twee
maan den tijt na Golconda te mogen keeren,
om sijn oudste soon Codja Mahomud chan,
en een sijner dogters uijt te huijwelijken,
is Eergistren alhier aengecomen, staende
nu volgens segge eer 't uijt eijnde van
dees maant, het bruijloffsfeest gecelebereert
te werden, intussen de drie gementioneerde
soonen van voorsz: nabab, hartneckig en onwil„
„lig geworden zijnde, het laaste of mankerin„
„de deel ropias aen hun contract, de krijgers
van kilietjechan toe te tellen, tragten sij
die menschen, om van haar gewelt ontslagen
te wesen, te superdomineren, en uijt dien
hoofden met hun magt tegen haar szag, gele„
„vert, en bij de duijsent van hunne partijders
geslagen hebbende; segt men dat d' overige —
genootsaak waren te wijcken, en de vlugt te
nemen, ook dat sulx geschiet, en zij onder„
weeg toen de riviere Cristna wouden pas„
„seren, door 't opperwater heel subijt weg
gespoelt, en daar door kilitjechan ongelegen
geworden soude zijn, tot als nu ijets, tot wraak
van"
NL-HaNA_1.04.02_8834_0602.xml,"Van Cormandel onder dato. 15. Septb: 1722
van dese smaat, bij der hand te nemen, dog
dat 'er nu groote vijantschap, tussen hem en
gedagte nababssoonen resideert,
ƒ
2.
1
nog wert hier Gedipulgeert dat den heer duan„
Alinakiebchan (vermelt bij de mijne van 24.
April j„o Leden, als door den keijser uijtgesonden
om alle trijbuijt penn: te ontfangen, en innen,
bij kilietjechan, uijt ordre van sijn majesteijt
tot Hegier (12 mijlen van hier) verschenen, en hem
de mede gebragte eerkleeden, een paart, een
Eliphant, en een toeraij t' een Costelijk hooft
juweel) onder 's keijsers Groete, overgegeven
hebbende, hij kilietjechan, daer over bij sonder
verheugt, en in blijdschap opgetogen, gewerden
zoude sijn, dog dat naderhant aen Alma„
„kiebchan versoekende, sijn vercragene acte
van den keijser te mogen sien, en den desen
sulx ten eersten hem in handen overgevende,
hij na lesing der zelven, onder voorgeving, het
selve niet door sijn majesteijt, maar alleen
door den oppersto duan hijdracolichan, onder„
„tekent was, ingevankenis had laten setten,
schijnende nu dat na ondersoeking hier van,
hij kilietjechan na 't hoff sal reijsen, —
d'onkost reecq: vande twee verledene maanden
meij, en junij, en die van de reparatie aen 't bad
-
stoof alhier, p„r naasten om desen niet op te hou
„den"
NL-HaNA_1.04.02_8834_0603.xml,"595
Van Cormandel onder dato 15.:' Septb: 1721
den, te volgen staende, verwagte ik onderwij„
„le (tot voorkoming van verder verval,) met
verlangen, uwd ordre ontrent het repareren
vande verdere defecte in dese Logie, uw Ed:
reets in mijne Geringe van 10.e. meij bedeelt,
en versoeke ootmoedig aen brenger deses,
sijnde een pion, vanden houkaar, tot erken„
„tenis van sijn moeijte, een silvere ropia
ginder gelieven te laten verstrecken, —
/onderstont / voor de translatie, volgens ver„
„taling vanden bramine Telgappa, Masuli„
„patn: den Laasten Iulij A„o 1721, /was ge„
„tekent/ r„r d=k de vos —
Translaat jentierse
brief, door en aan als bo„
„ven, den 12. ' Courant gesz:
en gistren alhier toegebragt
d„luijdende
zijnde „ aldus
Na gewone Certitulen
uEd„les veel gerespecteerde brief van 28. ' julij
j„o heden, is mijn agt dagen daer aan, door
den psion van Wannemaldaas, toegebragt, en
staen volgens uwd:s begeerte, de daar inne gemel„
„de thuijn haden, p„r naasten te volgen, intussen
x
dat dese althans versellen de oncost reecq: van
de vergange maanden, meij, junij, julij, en dese
hopende
1"
NL-HaNA_1.04.02_8834_0604.xml,"Van Cormandel onder dato 15. ' Septb„r 1721,
Loopende Augustij, verhope dat die niet Exede„
„kende sullen bevonden werden, en dewijl ik
van contanten tot het doen der nodige Gus„
„toe t eenemaal destituijt ben, soo versoeke
ik uEd. le eerbiedig mij daar mede, 't sij p„r een
wissel, dan andersints gelieve te gerieven,
bij mijne Laaste onderdanige, uwd verwittigt
hebbende, 't antwoord van den darroga, ontrent
't afmaken van de saak over 't woonhuijs
van chodenda, en 't uijtstel, tot dat den ramehaan
of hun vasten feest sal voor bij sijn, soo iser
die dagen verstreken waren, hier aangecomen,
den heer souba Moebarichan, om (zoo als beso„
„rens gesegt) de bruijloft van sijn soon, en een
sijner dogters te vieren, gelijk ook reeds ten
dien eijnde veele preparatien werden gemaakt,
waar door 't dan ook ontstaen is; dat geciteer„
„de zaak nog niet voleijndigt is, alsoo de regen„
„ten &. a, thans daar mee besig, geen veel tijt,
nog lust schijnen over te hebben tot andere
affaires, derhalven sal ik na 't voltoijen
van Ged„te trouwfeest, den uijtkomst van
dese saak verwagten, en uE als dan deselve,
met dies omstandigheden bedeelen, ondertussen
dat hier inne voegen, een reecq: der gedane
reparatie aen't vervallene badstoof alhier,
ten bedragen van ro/as 75. –. en alzoo 3 d=os min„
„der"
NL-HaNA_1.04.02_8834_0605.xml,"597
E
G
Van Cormandel onder dato 15. ' Septb„r 1721.
„der dan de overgeschikte calculatie, verhoope
dat sulx van uwd: goedkeure sal zijn; jk
heb onderdaags, in alle 's comp.:s papieren hier
berustende, den molla Ackoon, laten door
bladen, of de Coopbrieven van de bewuste —
bouticquen, en thuijn, daer onder niet te vin„
„den waren, en hebbe bevonden ontrent 't Laas„
„te van neen, derhalve sende ik volgens
uEd ordre nevens desen een Copia firman door
den geweze koning Habul Assan aen ons
verleent, sijnde 't gene poeloekoematti nareijna
segt 't eenigste te wesen, waer mede wij aan„
„toonen kunnen dat desen thuijn onder ons sor„
„teert; — de zoon van den heer souba, genaamt
Codja abdulla maboedchan ter bruijloft
genodigt, en van Coijiroe (sijn bestier plaats)
hier aangecomen is, (om dat hem geen behoorlij„
„ke woning gegeven is, te huijs vesten, ) weder ver„
„stoot vertrocken, na sekere thuijn gen. t sultan
chai, en heeft aldaer zijn tent doen neerslaan,
waar van den heer regent mierjalaludien ver„
„wittigt sijnde begaf zijn E: hem na derwaarts,
en brogt den eerst genoemde alweder inde stad,
om met den vader te versoenen, dit geschiet
zijnde, soo is weder een ander broeder vanden
desen met name Codjo mahamut chan, binnen
onse logie gecomen, en deselve bekeken heb„
„bende, dies toestant sijn broeder gaan bekent
maken"
NL-HaNA_1.04.02_8834_0606.xml,"Cormandel onder dato 15. ' Septb„r 1721,
Bvan
maken, wien daar op beijde met malcander we„
„der inde Logio vervoegde, en na vier uuren tijd
inde sjanderij geseten, mitsg. s over al besien te
hebben, met den andre zeijde, dat het een wel
geschikte plaats voor hun om te wonen wats,
en zijn alsoo henen gegaan, ik dese woorden
hoorende, en vreesende dat sij, zonder na reden
te luijsteren, zomwijllen met gewelt hier
souden willen huijsvesten, ben spoedig bij den
gem„te heer regent deser stede geweest, en
heb sijn E: sulx bekent gemaakt, die daar
op hun beijde bij sig latende roepen, afra„
„dende soodanig te beginnen, met bijvoeging,
dat sulx van geen goed gevolg sal sijn, en sijn
zij als doen in voorgeciteerde thuijn verge¬
g
„noegt gaan Logieren; den op siender van 't water
Cannaal, bevorens g'contracteert hebbende
om 't gras en andre wilde gewaessen, die inde —
Logie aengroeijen, maandelijx aftesnijden, en
„de gront te suijveren, is nu t' eenemaal on„
„willig sulx te doen, onder voorgeven, daar toe
niet bevoegt te wesen, ook wil den selven
volgens gewoonte alle dagen bij mij, en den
bapie moesara sjachan geens drinkwater van't
Canneal aanbrengen, maar zulx bij wijlen doen„
„den, laat hij op eijgen goedvinding vier andre —
huijsgesinnen sonder oijt in gebruijk, dit voor¬
„regt genieten, doende alzoo zijn believen,
niet"
NL-HaNA_1.04.02_8834_0607.xml,"599
Van Cormandel onder dato 15. ' Septem 1721
niet jegenstaende ik dagelijx en wel veel ma„
„len hem sulx verboden heb, ook willen de thans
overgaande pions Aboe- en Ala chan mijn ordres
nu en dan in geenen deelen gehoorsamen, der„
„halven ik uE: gedienstig versoeken, haar gin„
„der ernstig gelieve te bestraffen, met daer
en tegen soodanige bevelen te geven, als uwd
sult gelieve goed te vinden; — uijt 't hof heeft
men hier geen ander nieuws deser dagen verno„
„men, dan alleen dat kilietje chan sig tot nog
binnen Hegier bevint, ondertussen dat den
sauwkaar governadas van zijne reijse, weder
thuijs gecomen is, /onderstont / voor d' oversetting
volgens vertaaling van den bramine Telgappa
Masulipatnam den 28. ' aug:s 1721 /was ge„
„teekent/ h„r d„k devos, /Lager / accordeert Her„
mann„s Taarling eerste Clercq —.
Driein't Ientieps
door den EE Heer Paulus
Kerrijn, oppercoopman en
opperhooft over dit noorder
district, in dato 28.: ' julij A. o
1721, aen voorsz: op siender tot
Golconda gesz: Luijdende
aldus
uwe brieven van Pr=mo junij, en 18. ' Courant,
heb"
NL-HaNA_1.04.02_8834_0608.xml,"Cormandel onder dato 15:' Septb:r 1721
Van
heb ik na den anderen wel ontfangen, en met
genoegen uijt den inhoude vande Laaste onder
meer verstaen, hoedanig het aldaer met de saak
van chodendas huijs gestelt was, aen welkers
goeden uijtcomst niet twijffelende, soo sal ik
ten spoedigste van uL verwagten te verstaan,
in welker voegen verders daar mede gegaan en
gelegen is, ook kunt uE conform jaarlijksz
usantie aldaer inkopen, en herwaarts overschic„
„ken, na alvorens de preuve van dies deugt, met
het zaaijen genomen te hebben, de ondervol„
„gende thuijn Raden, namentlijk,
ten behoeve van Nagapatnam
8. - lb geele wortelen
8. – „ Aguijn
3. – „ Warmoes, mitsg:s
Voor dit Comptoir
2. –. „ ajuijn
1. –. „ radijs
1. –. „ knolcool
1. –. „ selderij
1. –. „ andivij
1. –. „ warmoes
1. –. „ rammenasse
1 –. „ pietercelij, en daer bij nog
eenige Curieuse en aangename bloem zaden, soo
die te becomen mogten zijn, houdende voorts
den verderen inhout uwer voorsz: brieven voor
gecommuniceert, soo cunt uL: ingevalle ginder
eenige"
NL-HaNA_1.04.02_8834_0609.xml,"601
Van Cormandel onder dato 15. ' Septb„r A„o 1721
eenige aanmerkelijke nouvelles uijt 't mogols
hoff, als andersints mogte aengecomen wesen,
deselve ten alderspoedigste mij bekent maken,
moetende ook niet nalatig wesen of versuijmen,
de oncost reecq: vande 3j„e verwekene, en dese
lopende maand, tijdig, en wel principaal de-
Laasten, ten alder uijtterste tegens den 10. '
„septemb„r aenstaende, hier te laten toecomen„
omme alsoo met 't sluijten der negotie boe„
„ken van dit Comptoir daar naar niet te moe„
„ten wagten, /was getekent/ P:s Overrijsz
Vrief in't tellingaas door
en aan als vooren, gerigt,
in dato den 11. ' augustij
A:o 1721, geschreven,
Laastmaal heb ik den 28 Passado, aen uw d: J=r
den pion van den sauwkaar Wannemaldaas,
mijne schrijvens toegesonden, aen welkers goeden
ontfang geen sints willende twijffelen, soo is on„
„derdaags alhier van on sen Ed=le agtb: heer gou„
„verneurs en Nagapatnam sen raad, ordre geco„
„men om de woninge van Chircum Codendo
ginder te vercopen, waar toe dan voor al
nodig is, dat uE de behoorlijke ordonnantie
en licent brieven, vaude Land regenten moeten
tragten te verwerven, om sulx sonder hetsel
of tegen spraak van ijemant te kunnen doen,
en"
NL-HaNA_1.04.02_8834_0610.xml,"Cormandel onder dato 15. ' Septemb 1721
Van
en uijtvoeren, om dat andersints alweder hier
ontrent in geen brouillerien met den darragoe
of weesvader (die gants onredelijk alleen, om
een geschenk tot voeding van sijn gelt Iugt
te hebben, ongehoorde pretensien op voorsz:—
wooninge doet) komen te geraken, mits die
weder d' Ecomp=e wat costen souw, om sulx uijt
den weg te ruijmen, maer doende alles gelijk
gesegt met de vereijste voorsigtigheijt; soo
kunt uE nabecoming van diergelijke parwannas,
als aldaar bij sulke occagien in gebruijk —
mogte wesen, de koop van voorsz: huijs over
al vercondigen, en de voornaamsten in habitan„
„ten en sauwkaars vergadert zijnde, als dan
deselve aen de meest biedende in't openbaar
opveijlen, en alsoo voldoen de begeerte van
zijn Ed: en raad hier voren gemelt; — ook moet
uE aldaar door de arbeijts lieden doen calou„
„teren en mij bekent maken hoe veel 'er sal
moeten becostigt werden, tot het repareren,
van de defecte Camer in des tweeden huijs —
eer ik daar toe de nodige ordre van nagapatn:
sal mogen requireren, cunnende ondertussen, buij¬
„ten en behalven de jongst versogte thuijn
zaden voor dit Comptoir nog toeschicken, tEd
gele wortelen, 1 lb Caroten, ½ lb kool, en
des te bemagtigen zijnde, die van eenige an„
„dere smakelijke eetsare gewassen, terwijl
ik de onkost reecq: gevordert bij meerm=tes
mijne Laasten ook spoedig en tijdig sonder man„
„kement"
NL-HaNA_1.04.02_8834_0611.xml,"603
Van Cormandel onder dato 15:' Septb„r A„o 1721
„kement sal te gemoet sien, met de aenmerke„
„lijkste nouvelles uijt 't hof en elders die
ginder mogten vernomen werden, /was getekent/
als vooren, /onderstont / Accordeert /was, getekent:/
&
Herm„s Taarling eerste Clercq,..
Rtc in't persiaans door
't noorder chormandels opper„
„hoeft den E. Heer oppercoopm:
Paulus verrijn, den 15. ' aug:
A„o 1721, geschreven, aen den
ma sulipatnam Een fausdaar
Codjadje raam tulla chan,
in volgender inhouden,
Na Eertitulen en Complimenten
Op 't in hegtenis nemen van onsen coopman
weem Balagroea, door den Darraga alhier. —
heb ik onsen mahaldaar Mahomet Cassiem,
eergisteren bij uEd„le gesonden, om van uEd=le te
vernemen, of gem: Barroga, sulx met uEd
voor kennisse, dan uijt eijgen authoriteijt dede,
maar dese was soo dra niet daar Gecomen,
of uEd=le kon ten eersten d' waarom wel denken,
gelijk denselven mij met sijn wedercomste
rapporteerde, dat uEdle selve het gedadntie van
den darroga mishaagde; alsoo dat sonder uE
Last had aangevange, en daaromme had Laten
beloven, onder sijn Ed. s groete, dat meer gen: Coopman
houw
ƒ
t"
NL-HaNA_1.04.02_8834_0612.xml,"Van Cormandel onder dato 15.:' Septb„r 1721
touw doen roepen, en kort daer op Laten volgen;
jk op dit aengenaam berigt, bij sonder vergenoegt,
en dies goeden uijtcomst verwagtende, zag
ondertussen, dat de geboodschapte uur, van
sijn verschijning sonder succes voor bij was,
en derhalve twijffelende, of uEd=le antwoort,
door den mahaldaar apparent niet regt ver„
„staen, en daeromme mij somwijle niet wel
overgebragt zouw wesen, soo neme ik de
vrijheijt (om sprekende nogmaal niet te missen)
van uEd=le bij desen t' inquireren, of gedagte—
Coopman schuldig mag zijn bevonden, om dat
soo ja, den selven onwaardig zoude sijn, ons
te dienen, dewijle d' Ecomp=e geen ruste ver„
„stoorders Lijdende, altoos 't aanbelang heeft,
de onderlinge vruntschap met d' heeren mooren
te onderhouden; dog soo daer en tegen on„
„schuldig, versoeke ik uEd=le, als dan, om een
teeken, namentlijk, dat hij vrijgestelt, en d' hem
afgenomene pande, weder gegeven mag werden,
terwijle ik uEd=le een Langduerende gesontheijt,
en alle desiderable genoegen in zijn prijsselijk
bestier toewensche, & a , /was getekent/ P=s
verrijn, /onderstont / accordeert /was getekent/
Hermanus Taarling Eerste Clercq, —
Rendement"
NL-HaNA_1.04.02_8834_0613.xml,"605
Van Cormandel onder dato 15.:' Septb„r A„o 1721
rendement
Rendement der ondervolgende Coopmanschappen
san als geduerende den hoop deser maant voor contant
uijt 's Comp. s pachuijsen zijn vercogt, waer bij wert
aangewesen hoe veel deselve hebben gecost, gerendeert,
en g'advanceert, namenlijk,
't costende waar voor advancen winsten in
bij d' boeken omgeset. prC=to, 't geheel
3154.½. lb garioffel nagulen. . . . . . . ƒ 1059. 14. 8. ƒ 15772. 10. — ƒ138. 7/. r ƒ 1472. 15. 8.
75.½. „ foelij of macis. . . . . . . . . . . . „ 43. —. 4. 604. —. —. 1317. 7/16. —. 560. 19. 12.
1491. ½. „ noten muscaten. . . . . . . . . „ 124. 14. —. 5071. 2. —. 3852. ¾. r.s 4946: 8. —.
-
—: ½. „ Canneel. . . . . . . . . . . . . . . . . „ —: 3. —. 1. 8. —. 843. ¼. —. 1. 5. —.
2880. –. „ ronde peper. . . . . . . . . . . . . . „ 407. 5. —. 756. —. —. 103. 3/16. —. 348. 15. —.
7200. –. „ japans staav koper. . . . . . . . „ 3341: 5. —. 6120. —. —. 83. 3/16. — 2778. 15. —.
54. —. „ fermelioen. . . . . . . . . . . . . . . . . „ 160. 19. —. 274. 19. —. 71. /½. —. 114. –. —.
1560. –. „ thin. . . . . . . . . . . . . . . . . . . . „ 533. 16. 4. 702. —. —. 31. 76. —. 168. 3. 12.
12. –. „ Zeug Loot. . . . . . . . . . . . . . . . . . . „ 1. 13. —. 3. —. —. 81. „. —. 1. 7. —.
4. El goud geel zaken p„r vendutie
met cleene lapjes omgezet. . . . „ 18. 17. 8. 19. —. —. —. 1/16. —. —. 2. 8.
20. —: flesse roo swater als boven vercogt „ 24. 18. 8: 34. —. —. . 36. 3/1. -. „ 9. 1. 8.
20. –. p. s jatij planken van 1 a 1½ d=m. . . . . . . „ 10. 1. 4. 20. —. —. 96. 7/ r:m„ 9. 18. 12.
de winsten in dese maant behaalt sommeren. . . . ƒ23651. 11. 12.
In't N„ts Comptoir Masulip„t ult=mo Iunij A„o 1721 /:was getek:/
Noort."
NL-HaNA_1.04.02_8834_0614.xml,"Van Cormandel onder dato 15. ' Septemb„r A„o 1721
Rendement der ondervolgende Coopmansz
&:a, als geduurende den Loop deser maant—
voor Contant uijt 's Comp:s pakhuijsen
sijn vercogt, waar bij wert aangewesen;
hoe veel deselve hebben gecost, gerendeert,
en g'advanceert, namentlijk,
't costende waar voor advanten winsten
bij d' boeken ongeset ten hondert in't geheel
2. –. lb garioffel nagulen. ƒ —„ 13„ 8„ ƒ 10. —. —. ƒ 138. 3/„. 2. ƒ 9. 6. 8.
24. –. „ ronde peper. . . . . „ 3„ 8„ —. 6. 6. —. 103. 1/16. 8. 2. 18. —.
23. –. kann arack apij. . . . . . . . „ 6„ 17„ 4. 13„ 16„ —. 101. 3/1. —„ 6. 18. 12. .
1. –. fles rosewater. . . . . . . „ 1„ 5„ —. 3. —. —. 81. 7/8. —. 1. 7. —.
14400. –. ed japans staav Coper „ 6682. 10. —. 11842. 10. -. 83 3/5. s: 5160. —. —:
12. –. „ Zeug Loot. . . . . . . . . „ 1. 13„ —. 3. —. —. 81. /1. —. 1. 7. —.
de winsten inde maand belopen. . . . ƒ5182. 5. 4.
In't N=ts Comp=te Masulip„m ult„o Iulij A„o 1721 /:was
getekent Woort
rendement
ƒ
„
2"
NL-HaNA_1.04.02_8834_0615.xml,"607
Van Cormandel onder dato: 15. ' Septb„r A„o 1721
Rendement der onder volgende Coopmanschappe
&:a als geduurende den Loop deser maant voor Contant
uijt 's comp. s packhuijsen zijn vercogt, waar bij welt aange„
„wesen hoe veel deselve hebben gecost, gerendeert, en g'ad„
vanceert namentlijk,
't costende bij waar voor advance
winsten
in't geheel,
de boeken, omgeset pr Cento,
pr. C
. . . ..
906. ½. lb garioffel nagulen. . . ƒ 304. 9. —. ƒ4531. 5. —. ƒ 1388. 3/8. r. ƒ 426. 16. —.
.
..
1..
2:—: —. 1317 7/16. —. 1. 17. 4.
— ¼. „ foelij of macis - - - - „ - : 2: 12:
-.
510. ¼. „ noten muscaten. . „ 42: 10: 4. 1734. 17. —. 3852. ¾. 3. 1692. 3. 12.
14. ¼. „ Canneel. . . . . . . . . . . . „ 4. 5. —. 40. 9. — 843. ¼. —. 36. 4. —.
. . . . . ..
:
9. —. „ fermelioen. . . . . . . . . „ 26„16. 8. 117. —. —. 71. ½. —. 90. 3. 8.
14400. –. „ Japans „ Isaav Coper. . „ 6682. 10. —— „ 11842. 10. -. 83. 3/16. -. 5160. -. -. .
4. —. „ 'thin. . . . . . . . . . . . . . . „ 1. 7: 8. 1. 16. —. 31. 2/16. —. ƒ —. 8. 8.
de behaalde winsten sommeren in dees maand. . . ƒ. 11207. 13. -.
In't N„ts Compt„r Masulip=t ult„o Aug: A„o 1721—
(was getekent) Woort,
rendement
a"
NL-HaNA_1.04.02_8834_0616.xml,"Van Cormandel onder dato 15:' Septb„r 1721
Rendementje van alle soo danige
Coopmanschappe als geduurende dese
maant junij A„o 1721, ten desen Comptoire
bimilipatnam voor Contant zijn —
omgeset, namentlijk,
't costende bij vercogt behhaalde winst in't
d' boeken, voor.
geheel.
1rCento
garioffel na gulen lb 348. –. ƒ —. —. – ƒ 1740. –. –. . . . . . . . . . „ —
noten muscaten „ 204. . „ —. —. —. 693. 12. —. . . . . . . . . . . . „ —. —. —.
japans staafkaper. . . . . „ 13584. . . ƒ6435. —. 8. 11546. 8. —. 78. 10. —„ 5111. 7. 8.
ronde peper. . . . . . . . . „ 12000. . . „ 1828. 14. 8. 3600. —. —„ 97. 5. —. 1771. 5. 8.
Somma . . . ƒ8263.15. — ƒ17580. -. - . . . . . . . ƒ 8. 13. —.
/was getekent / A=m v: Berlekom /onderstont / accordeert
/en /was getekent/ Herm„s Taarling eerste Clercq; —
rendementje
—. —. —."
NL-HaNA_1.04.02_8834_0617.xml,"609
Van Cormandel onder dato 15:' Septemb„r 1721
Rendementje van alle soodanige Coopmanschap:
als geduurende dese maand julij A„o 1721.
ten desen Compt=re bimilipt=d voor Contant zijn
omgeset, namentlijk,
behaalde winst in't
bij de oelen vercogt
prto- —
voort
geheel.
gartoffel nagulen. . ld 33. . . . . ƒ —. —. —. ƒ 160. —. —. —
—. —. —
—. —. —
noten muscaten. . „ 12. . . . . ƒ —. —. —. 40. 16. —. —. —. —. —. —. —.
Canneel. . . . . . . . . . . „ 2. . . ƒ —. 14. . 5. 13. —. ƒ 707. 3. —. ƒ 4. 19. —.
japans staav Coper. . . . „12570. . . . ƒ 5954. 13. —. 10684. 10. —. 78. 10. -. 4729. 17. -.
ronde peper. . . . . . . . . „10560. . . . . ƒ —. —. —. 3168. —. —. —
—. —. —. —
Somma - - - - - ƒ595. 7. — ƒ19058. 19. - - - - - - - 4. 1. . .
/was geteekent/ A=m van Berlekom /onderstond/
accordeert /was getekent / Herm„s Taarling der ste Clercq. —
rendementje"
NL-HaNA_1.04.02_8834_0618.xml,"Van Cormandel onder dato 15.:' Septb„r 1721
't costende vercogt behaalde winst in't
bij d' boeken voor
geheel,
prC=to
Garioffel nagulen. . . lb 58. /½. ƒ 102. 15. —. ƒ 72. 10. —. ƒ2595. 10. —. ƒ2619. 16. 8.
noten muscaten. . . . „ 191. ½. „ 16. 5. 8. 651. 2. -. 3888. 10. -. 634. 15. -.
foelij of Macis. . . . . . . „ 1. ¾. „ 1. 10. —. 14. —. —. 935. 11. 8. 12. 10. —.
Canneel. . . . . . . . . . . . . „ 1. ½. „ —. 10. 8. 4. 4. 8. 693. 15. —. 3. 14. —.
ronde peper. . . . . . . . . „ 11520. —„ 1654. 16. 8. 3456. —. —. 108. 16. —. 1801. 3. 8.
japans staav Coper. . . . „ 6. –. „ 2. 16. —. 5. 2. —. 79. 8. —. 2. 6. —.
Somma. . . . . ƒ178. 3. . ƒ65.18. 8 . . . . . . . ƒ 74. 5. —.
/was getekent/ A=m v: Berlecom, /onderstont / was getekent/
accordeert Herm„s Taarling eerste Clercq,
Rendementje van alle sodanige Coopman
schappe, als geduurende dese maant Aug:
A„o 1721, ten desen Compt„r bimilip=n voor Contant
zijn omgeset, namentlijk,
Memorie
1"
NL-HaNA_1.04.02_8834_0619.xml,"611.
Van Cormandel onder dato 15. ' Septb 1721
Memorie van alle sodanige particuliere
scheepjes, en andre vaartuijgen, als alhier
sedert P=mo Septemb: A„o pas s=o, tot dato —
deses, zijn aangecomen, en weder vertroc„
„ken, met aanwijsinge wat Coopmansz:, &. a,
deselve mede gebragt, gelost, en weder
van hier vervoert hebben, namentlijk,
van Bengaalen,
12. scheepjes
3. sloepen, en met d'ondergesz: waaren te weten,
1. thonij
1332. ¾ Candijls rijst
290. . . d„o diverse soorten van boontjes
32. ½. „ tarw
Sjensjelij-Zaat
„
121. ¼.
„ nelij:
3. ¼.
12830. —. lb harpuijs
„ witte en swarte Comijn
5300. –.
„ venkel zaat
3700. –.
kerwe _„o
3430. –.
„
„ kookboter
1845. –.
borre borrio
22700. –.
„
„ jager suijker
3888. –.
„ oelwa, of een soort van inlantse specerijen
2295. –.
salpeter
11112 –.
„
poeijer Suijker
39600. -. „
Quenter Zaat,
7500. –. „
34093 llb"
NL-HaNA_1.04.02_8834_0620.xml,"Van Cormandel onder dato 15. ' Septb„r 1721
34093. -. lb mostert zaad
144–. „ amandelen
101700. —. „ ruwe sijde garen
57816. –. „ Lange peper
90. –. „ ruw Lak.
2390. —. „ knop zook
1985. —. „ verw bloemen
120. —. „ boskruijt
40. –. „ affioen
„ droge gember
7988. –.
„ een zoort van vrugten die de schilders gebruijken
4032. -.
6480. –.
„ honing
borax
720. –.
„
6870. –.
„ lamp olij
„ peper wortel
12960. –.
53635. —. —„ boeken moors papier
221 —. packen diverse zijde en Linwaten
20. –. flessen rose water
395. –. p. s schilden
25. —. „ in lantse pieken
61. –. „ houwer klingen
2. –. packen rood schair Laken
10. —. houte koijen
5. —. pallenquins met hare bamboesen
4680. –. lb gatte gamber
3493—. „ affioen haad
288. —. „ diverse inlantse medicinen
voorsz vaartuijgen hebben weder met haar
te rug vertrek, van hier, mede vervoert,
de"
NL-HaNA_1.04.02_8834_0621.xml,"613.
Chormandel onder dato 15 Septb„r 1721
Van
11232.
de natenoemene, als,
2140. –. lb garioffel nagulen van d' Ecomp„e genegotieert
„ 935. –. „ noten muscaten „. . _„o
staal
10710. –. „
2114. –. „ spiauter
2170. –. „ rondepeper
32. –. packen geschilderde kleeden
46. –. p. s alkatijven, en
8. —. „ 2uispidoors,
Van Gensjam en verdre Noorder Plaatsen,
13. scheepjes, en
24. thonijs beladen met de ondervolgende goederen, te weten,
1295. Cand . Melij
450. _„o rijst
950. „ diverse zoorten van boontjes
260. „ sijensielij zaad
„ jager suijker
86778.
13198. „ inlands saffraan
5670. „ diverse verwstoffen
Lamp olij
honingh
212. „
wax
70. „
peper wortel
338. „
wit en swarte Comijn
435„ „
2988. „ Gatta gamber
234. „ verw basten
446. lb zeex bollen
paktouw
657. „ d„o garen
868„ „ kook boter
„ amenecaan olij
5000. „ tammerij
359. „ Elijphants thanden
171. „
12159. „
4910 lb"
NL-HaNA_1.04.02_8834_0622.xml,"Van Cormandel onder dato 15. ' Septb„r 172
39093. –. lb mostert zaad
144–. „ amandelen
101700. —. „ ruwe sijde garen
57816. –. „ Lange peper
90. –. „ ruw Lak.
2390. —. „ knop zook
1985. —. „ verw bloemen
120. –. „ boskruijt
40. –. „ affioen
„ droge gember
7988. –.
een zoort van vrugten die de schilders gebru
4032. -.
„
6480. –.
honing
„
borax
720. –. „
6870. –.
„ lamp olij
12960. –. „ peper wortel
53635. —. —„ boeken moors papier
221. —. packen diverse zijde en Linwaten
20. –. flessen rose water
395. –. p. s schilden
25. —. „ in lantse pieken
61. –. „ houwer klingen
2. –. packen rood schair Laken
10. —. houte koijen
5. —. pallenquins met hare bamboesen
4680. –. lb gatte gamber
3493—. „ affioen haad
288. —. „ diverse inlantse medicinen
voorsz vaartuijgen hebben weder met haar
te rug vertrek, van hier, mede vervoert,"
NL-HaNA_1.04.02_8834_0623.xml,"613.
Chormandel onder dato 15 Septb„r 1721
Van
868„
11232.
de natenoemene, als,
2140. –. lb garioffel nagulen van d' Ecomp„n genegotieert
„ 935. –. „ noten muscaten „. _„o
10710. –. „ staal
2114. –. „ spiauter
2170. –. „ rondepeper
32. –. packen geschilderde kleeden
46. –. p. s alkatijven, en
8. —. „ 2uispidoors,
Van Gensjam en verdre Noorder Plaatsen,
13. scheepjes, en
24. thonijs beladen met de ondervolgende goederen, te weten,
1295. Cand. . Melij
450. _„o rijst
950. „ diverse zoorten van boontjes
„ sijen sielij zaad
260.
„ jager suijker
86778.
13198. „ inlands saffraan
5670. „ diverse verwstoffen
Lamp olij
12159. „
honingh
212. „
wax
70. „
peper wortel
338. „
wit en swarte Comijn
935„ „
2988. „ Gatta gamber
„ verw basten
234.
446. lb zeex bollen
171. „ paktouw
„ _„o garen
657.
„ kook boter
„ amenecaan olij
1000. „ tammerij
359. „ Elijphants thanden
4910 lb
E"
NL-HaNA_1.04.02_8834_0624.xml,"Van Cormandel onder dato 15. ' Septb„r 1721
4910 -. lb ijser
2820. –. „ spijkers
88. –. „ jndigo
280000. –. p:s Clappers
34. –. pack: Canrijs de maldiwes, en
522. -. lb karweij zaat,
gemelte vaartuijgen hebben weder met haar te
rug vertrek van hier mede genomen, de naar ge„
„specificeerde, namentlijk,
3360. –. lb ronde peper vand' Ecomp=e genegotieert
495. –. „ divers ruw zijde gaaren
180. –. „ bensoin
7488. –. „ Lange peper
36. —. „ Garioffel nagulen van d'Ecomp=en genegotieert
144. –. „ swarte Comijn
288. –. „ quenter zaat of Coriander
8208. —. „ thin
10080. —. „ siams koper
200. –. „ arreexs noten
144. —. „ Cristalijne Craaltjes
194. —. „ mostert haad olij
1230. –. „ staal
6. –. pack: geschilderde kleeden
1490. —. boeken moors papier, en
244. —. lb diverse inlandse medicinen
Van Madraspatnam
2 sloepen, en
5 thonijs. beladen met
19226. –. lb harpuijs
6899. —. „ roode verw houten
20236 ld"
NL-HaNA_1.04.02_8834_0625.xml,"615
Van Cormandel onder dato 15. ' Septb„r 1721,
20236. –. lb a luijn
2732. —. „ Arum pigmentuur
borax
2336. –. „
1025. —. „ Zuik silver
dadels
1335. –. „
kookboter
1080. –. „
kismis
108. –. „
poeijer zuijker
540. –. „
2393. –. „ Lood
323. —. „ rosijnen
722. –. „ amandelen
170. —. „ ruw zijde garen
19. —. „ thee boe
135. —. „ salarmoniak
810. —. „ mostert zaad olij
118. –. „ aphioen raad
100. –. „ geschilderde Cappers
176: —. „ fermelioen
.
1990. –. „ een soort van medicinale wortelen
4739. –. „ Candij zuijker
1361. –. „ sandelhout
18083. –. „ Spiauter
20. –. flessen ro sewater
108. —: Corg. s thee copjes en pierings
58. —. p. s kiate planken
25. –. „ spiegels
6. —. boeken moors papier
300. –. p. s dunne bamboesen
7. –. „ schilden
130. –. Ell roode charge
22. —. Ell schairlaken
20. –. p. s jugt zeer
4. —. „ moorse Godie
1330. —. bosjes Cristalina kraaltjes
50. —. p. s schiltpads hoorne kammen
6 kassen"
NL-HaNA_1.04.02_8834_0626.xml,"Van Cormandel onder dato 15. ' Septb„r 1721
6. –. Cassen wijnen
5. —. potjes ingeleijde Confituuren
2. –. Etens Cassen
14. –. sacken ronde peper
47. –. pak diverse Lijwaten
.
17. –. d„os Cattoen
18. —. Candijls diverse soorten van boortjes
3. –. d. os sjen sielij zaat
3. —. d„os nelij
. 56.
voorn: vaartuijgen hebben weder met haar te rug
vertreck van hier tot den handel vervoert, d'on
dervolgende Coopmansz, te weeten,
8. –. packen in land se toebacq
63885. -. lb saij wortelen
7200. —. „ zeex bollen
864. —. „ verw bloemen
„ in lantse saffraen
6480. –.
720. –.
„ gatte Gamber
22300. —. „ Swavel
720. —. „ swarte Comijn
„ wax
400. –.
2160. -.
„ peper wortel
1. ¼.
Cand: Galnoten
22. –.
pack: geschilderde en
_=os gesaijde. . . . kleeden
5—.
3. kisten d„o
. .
6. —. sacken fijne witte rijs
1. —. blaas Lamp olij, en
4. —. honne schermen,
van Pondecherij
een Capitaal frans schip, beladen met
31. –. sacken rijst,
.
93 ps
. .
:"
NL-HaNA_1.04.02_8834_0627.xml,"617.
50 p s
Van Cormandel onder dato 15. Septb„r A„o 1721
93. –. p. s planken
6. –. vaatjes france silvere kroonen
4. –. p„s snaphanen
1000. –. „ dammers
3. –. bossen rottings
2. –. leggers wijnen
4. –. p. s stoelen
3. —. sacke kerwe zaad
3. —. _=os Comijn
voorn: bodem heeft met dies vertrek van hier—
mede genomen en vervoert d'ondergespecificeer„
„de, namentlijk
20. –. pack: geschilderde en gesaijde Cleeden
2. —. kisten diverse Lijwaten, en
1. —. bondel rondellen of sonne scherme
Van Siam
een Capitaal Conings schip, welke hier aange„
„bragt heeft,
24. –. Eliphanten
37440. –. lb Siams Coper
66100. —. „ thin
1233. —. „ Gansja bladeren
422. —. „ ronde peper
230. —. „ ruijkende bladeren
schilt padshoorn
10. –. „
274. —. „ honing.
2235. —. „. Eliphantstanden
16475. —. p. s dunne bamboesen
3200. –. „ areegs noten
1056. –. „ Clappers
370: —. bossen rottings
1291. –. ps. dammers"
NL-HaNA_1.04.02_8834_0628.xml,"Van Cormandel onder dato 15. ' Septb„r 1721
50. –. p. s siamse matten
30. –. „ witte Linwaten
121. ½. „ Candijls rijs, en
2. —. d. os nelij
20. —. mediten boontjes
voorsz schip is nog van dese rheede niet
vertrocken,
Over den Land Weg
500. –. Candijls nelij
104. —. d. os spaanse tarwe
100. —. p. s golcondase chialen of dek kleeden
4. —. boeken vergult moors papier
50. —. strengen gouddraat, en
50. —. d=os silverdraat
Aldus door mij, volgens voor segginge
van 's Comp. s bramine Telgappa, over„
„geset, uijt de sjentieffse, tale, —
Masulipatnam den Laasten
augustus A„o 1721, /was getekent/ r„s
d„k de Vos, /onderstont / Accordeert / was
geteekent/ Hermanus Taarling
eerste Clercq,
batavia"
NL-HaNA_1.04.02_8834_0629.xml,"619
Van Cormandel den 6. ' October A„o 1721,
Batavia
Aen den hoog Edelen Heer
Henric Zwaardecroon
gouverneur Generaal en de Ed=le
Heeren Raden van Nederlands jndia
Hoog Edele agtbare ge„
„biedende Heere, en Ed=le
Heeren
den 24 september jongst leden komt hier
namiddag ten half vijve ter rheede, het
schip voorburg, en nog dien selven avont
den boekhouder aen Land, ons overleverende
het g'eerde schrijvens, van onse respective
heeren ma sulipatnamse gebieders, waar uijt
ons bleek, haar E=s na dit Comptoirtje tot
den handel &:a, hadden gesonden,
6000 p. s Contante pagoden, als,
5000 p. s, in Goude, en
1000 „ in Copere munt, sijn de paijPas,
69055¼ lb japan 5 staavkoper, in 550 kisjes
12 kisten
L"
NL-HaNA_1.04.02_8834_0630.xml,"Van Cormandel den 6. ' October A„o 1721,
12. kisten Gartoffel nagulen
3. d. os noten muscaten
30. Ellen schairlaken
6. p. s gemeene pennemessen
1. „ japans schilt
1. kelder gedisteleerde wateren
1. _„o france brandewijn
1. riem groot, en
formaat hollants papier
1. _. o kleen. .
—.½. boek blauw klad
papier
—. ½. _„o Cardoen. }
2. bossen schagten
12. lb galnoten
12. „ Coperoot
12. „ Gom
1. bos javase rottings
50. lb buscruijt
2. putson theer, alle welke door de scheeps
overheeden wel, en na behooren zijn over„
„gelevert, waar na wij in dien bodem
hebben afgescheept,
350. pakken diverse Cleeden, te weten,
92. pack: gemeen guinees, als,
61. d. os _. o gebl=te d=os voor 't patria
31. „. . . . „. . . ruwe. . „. . „ jdem
112 packken gem: geb=te Salempoeris, als,
-
63 pack: - - - „ - - - - - „ - - - - - - - - . „. - voor 't patria
49 d. os. . . „ . - - - „ - - - - - - - - . „. . „ india
110. packen gem: Geb„te parcallen, als,
8 _. os _. o _. o - _. o voor 't patria
102 d:os. . „. . . . „. . . - . . „. . . . „ india
319 packen die transporteren,
314. pr t ran Sp t."
NL-HaNA_1.04.02_8834_0631.xml,"621
Van Cormandel den 6. ' October A„o 1721
Spt.
314. packen p„r transport
33. d. os geb=te dongris d' 18 Cob. s. voot 't patria
3. _. os „ - - - - - „ met roode hoofden voor Jndia
x
En
350. packen Lijwaten te samen, en,
7. packen roggevellen voor japan
waar mede den schipper zeijde 't schip vol„
„laden te hebben, zonder een eenig pak meer
te Cunnen bergen, bedragende de factuura
van Gesegde inlading een somma ƒ115686. 9. 8.
en de onkost reecq: van't verstrekte water,
branthout &:a, aen dien bodem, ƒ157. 10. gaende 't
Cognoissement mede hier nevens,
nu houden wij nog in den bant, en tot versen„
„dinge klaar leggen
291. packen Lijwaten, als,
75. d:os gem: geb:te salempoeris voor 't patria„
_.os - - „ -
61. „ „ ruwe
-
„ ruw guinees - . . „ _„o
33. „
geb„te parcallen. . . . „ d„o
„
15. „
„ _. o _. os. . „ india, en
57. „
thans is 's Comp. s bleekerij voorsien met
342. ps. Guinees
1724. —. Salempoeris
5336. —. parcallen
721. —. dongris de 18. Cob=ts
aen ruwe kleeder, en geb„te restanten berusten
binnen de Logie
251 p. s Guinees. als
234 p. s ruwe, en
17—. geb=te restanten, in soorten,
En
1124 p. s"
NL-HaNA_1.04.02_8834_0632.xml,"Van Cormandel den 6. ' Octob„r A. o 1721,
1129. p. s parcallen, als,
1031 p. s Nuwen, en
geb=te restanten
93„
8
Cm
1502. p. s salempoeris daer van
1445 p. s ruwe, en
57 „ geb„te restanten
4
8
552. p. s dongris de 18. cob. s te weten
457. ruwe, en
95. geb=te restanten
En
en sijn desen jare op ult. o aug:, dit Comptoirs handel
boekjes gesloten met een winste van. ƒ37581. 16. 8.
daer en tegen bedragen de gevallene
ongelden, spelatie &:a, en sommetij van ƒ179.19. 8.
de generale ongelden - - - - - - - - - - . 5994. 13. -.
te samen. ƒ 6174. 12. 8.
die vande bovenstaande winsten ge„
„trocken sijnde resteerter aan
suijver advance. . . . . . . . . . . . . . . . ƒ31407. 4. —.
sijnde ƒ 1773. 13. meerder dan anno verweken door
dien sedert onsen Laasten berigten na ma„
sulipatnam dat geweest is den 4. 7ber
jongst verweken, hier niets naamwaardigs
is voorgevallen, sullen wij dese nedrige —
in hope van welduijdinge eijndigen, naar
dat alvorens uEd:le hoog agtb: hedens nevens
's Comp. s swaarwigtigen belangen, inde Te„
„kere hoede van den alregeerder bevolen hebben
„de naar gans onderdanige eerbiedenisse
steede"
NL-HaNA_1.04.02_8834_0633.xml,"623
Van Cormandel den 6. ' Octob„r A„o 1721
bethoonen te zijn, wel Ed=le gestren„
steeds
„ge heere en heeren, uw Ed=le hoog agtbaarhedens
alle eertrouw, dienst schuldige en gehoorsa„
„me dienaaren /was getekent/ R„s van Door„
„nik, A:m v: Berlekom, G„t westrenen
g„t Zoon, /in margine/ Bimilipatnam
den 6'. October A„o 1721
G
-
De bovenstaande brieven en verde papieren zijn door
ons ondergesz: gecommitteerdens behoorlijk tegens
der selver Principalen inhoude gecollationeerden
daermede bevonden te accordeeren
Batavia in't Casteel den 30:e 9ber:
Ao 1722: —
W: Vn: Donk
Gallart
eede"
NL-HaNA_1.04.02_8834_0634.xml,
NL-HaNA_1.04.02_8834_0635.xml,
NL-HaNA_1.04.02_8834_0636.xml,
NL-HaNA_1.04.02_8834_0637.xml,
NL-HaNA_1.04.02_8834_0638.xml,
NL-HaNA_1.04.02_8834_0639.xml,
NL-HaNA_1.04.02_8834_0640.xml,
NL-HaNA_1.04.02_8834_0641.xml,
NL-HaNA_1.04.02_8834_0642.xml,
